Mode_0,Mode_1,Mode_2,Mode_3,Mode_4,Mode_5,Mode_6,Mode_7,Mode_8,Mode_9,Mode_10
1.0,1.0,1.0,1.0,1.0,1.0,1.0,1.0,1.0,1.0,1.0
0.5070787857377126,0.8852551542036081,0.7523771266523361,0.7327342877054527,0.8096291042396209,0.8239545574610474,0.7722441827989334,0.8060262428050199,0.7843490348868497,0.7393395768130976,0.7130535893901818
0.4641283075893621,0.8203233953673407,0.7992060004766697,0.7628949191176962,0.7881631922547576,0.6925938687937082,0.7274286929477293,0.7618493489385793,0.8077891356631768,0.7024949927675815,0.7760084414143956
0.4615498255189738,0.6437440977928529,0.7800882171092559,0.6497352225608588,0.7887849817977879,0.7496978123849105,0.7079093756718579,0.7500897724604496,0.7542121014233757,0.7653856395133279,0.8166650957970006
0.4630933910879361,0.6733108917762067,0.8237596838587489,0.7135730839136595,0.7326994928019289,0.7615993458181164,0.8418072667690902,0.8459528734953039,0.791898280186616,0.817949255113563,0.7987505277107101
0.451422133107327,0.642254666951744,0.7993056550362276,0.7147727756281969,0.7989564368973426,0.8280442515627918,0.7344168632027341,0.7519378523070644,0.7165106245129724,0.816932942966088,0.7254883852813687
0.4154174363016399,0.5984825986178302,0.7950101691805305,0.7080715341412259,0.7196159390476797,0.7470899335710414,0.7440928368750734,0.7964843138905826,0.7756138994251044,0.7932447487300471,0.7850826127530142
0.4528968705496359,0.6045634114670615,0.82761192483813,0.7116306143531027,0.8295296205962366,0.7553256834888774,0.7622521457725016,0.7830871618162938,0.7434838311543561,0.7725804122143944,0.7252938204417175
0.5053110400607971,0.7002042911645938,0.8258217041636398,0.7438050795866126,0.8102556398128514,0.7521231890932119,0.7848059911538342,0.8254225876996,0.7110295120635912,0.7867365097480197,0.7326064680606006
0.4292696327020971,0.6093352761475817,0.8012451462692497,0.7001326180219444,0.765084862154339,0.770095838734654,0.8013433840644265,0.8218619653009724,0.7353262527724269,0.8110955445678267,0.7800034699021154
0.4536995842977007,0.7424054965133775,0.7635551969404104,0.699956197744663,0.7960980948756471,0.6959208959714033,0.7224581204032103,0.7813310455914727,0.8296252536669059,0.8036653269705236,0.7602580982430398
0.4649126178981152,0.6547993664994703,0.7038606114804156,0.6689376112213357,0.7173195902352842,0.7102350337165169,0.7534785124606548,0.7964208532226615,0.7194948319115378,0.7605662882243612,0.7189646276226581
0.484036235594086,0.6766349937713041,0.7230043365146902,0.7071890964519949,0.7641030722841758,0.746071597045177,0.7780599196720059,0.7478328034090976,0.7246668492158237,0.7725172700415986,0.7342072695061734
0.4372655273215465,0.7183167623880704,0.7682083235800112,0.6473224929086028,0.6985837549715491,0.6997709395552972,0.7361680617126309,0.7771876491151064,0.7511805522027692,0.7171270798800655,0.760165024582181
0.4604507137966366,0.7430005296497348,0.7964884146779548,0.6708323552258355,0.7381560407740024,0.7081734751106237,0.7559757296989529,0.7830176681117915,0.7186790961258395,0.7466680275486925,0.7847956850965423
0.394408469821717,0.7286965330892596,0.7454688367337117,0.6963082367274497,0.7481697168344099,0.7296045393055364,0.7751055266588911,0.7660315634625701,0.743587264239727,0.7659293011644639,0.7656392907211965
0.4306647279324684,0.7471776494952953,0.771486536484927,0.7169498231344058,0.7571891418457378,0.6467910914996793,0.7338813410365165,0.7627245918559908,0.7787156280310801,0.7694621011112117,0.7693035876367252
0.410224977906942,0.6817698553690665,0.7912072550518583,0.6667287338590916,0.7424103061254702,0.722063726754079,0.7459151118813485,0.7581764299608518,0.7642660862531875,0.7708788672147786,0.7582131222541587
0.4152482103163546,0.6936194385021069,0.7989088861124347,0.6964293620878277,0.7309447111951709,0.6956175983101046,0.706725451452163,0.7748612698214058,0.7686891586405706,0.7763909961594836,0.7608996702672177
0.4457957728487981,0.7015882159565742,0.8003577629337082,0.7269795362244738,0.7614430442105602,0.7060501516531038,0.7615836358364011,0.7480652409733196,0.7351674745176403,0.7687651528636601,0.7856181015151902
0.4557500942004054,0.6671721988321198,0.7863054788554558,0.6369584561968376,0.761783259924772,0.7422887715095854,0.6674381332346437,0.7679033139639465,0.767593232462392,0.7702995274913311,0.7679570472477868
0.4731424868081686,0.6893940477516355,0.8042374438372095,0.6628232049145906,0.7250677090184452,0.7438776296700745,0.6855754651735505,0.774258650877966,0.737905196963435,0.7549654399373549,0.7446959350718855
0.4692932385519792,0.736910916478387,0.7961002574526431,0.6684094139467256,0.7797518144693014,0.7262142261496941,0.6609458149562322,0.7379387386098414,0.7385561421295841,0.6592164505617992,0.7620797676545175
0.4506711407588703,0.7700759396664871,0.6964039147180294,0.6915323823852803,0.7317244600801984,0.7324933091375394,0.6917326171508673,0.7512085793985516,0.7634546273331372,0.7007325938973041,0.6699705845818363
0.4318263673934883,0.6706001347518479,0.769843816601383,0.7096738214263063,0.7645462384324814,0.7337468767783815,0.7139448860624673,0.7647749746375792,0.7765828403288685,0.7297040566733414,0.7199520733408269
0.4650944723618793,0.7200906987808241,0.7276637656124831,0.7215152567373415,0.7612347788575292,0.7361752389098614,0.744709725938888,0.7769216674930872,0.7643304454580908,0.7365667731635542,0.7284908726611726
0.4684218245397994,0.6180194775701559,0.7550618157491273,0.7013190976980379,0.7902836111800813,0.7402691254978375,0.7176237118344184,0.8046982076978634,0.7415522306037565,0.764762995106889,0.7344738245646344
0.4777912598079151,0.7073057279074548,0.7851783283447047,0.7334527160334444,0.8120554494718427,0.6798472648408532,0.7546282418023982,0.7690920476647936,0.7589658285551759,0.7825069238964077,0.7772053667367392
0.4144323236264265,0.7114088278791466,0.7421220857086073,0.7184403226136008,0.7508513740012623,0.7196514887774013,0.7830290826218191,0.7663988659702364,0.7713872951206402,0.7468452626129058,0.7553053275351145
0.4377522796354708,0.6932589108784036,0.7895185988418194,0.6966331658777504,0.7623068843681754,0.6909192898602052,0.7066293446622985,0.7725090796458358,0.6906134031459167,0.76272287665114,0.7590824713393571
0.4551390061538641,0.6638363208509048,0.7795007045846541,0.7145958267204959,0.7903035558261364,0.7229037068007274,0.7259950409154117,0.7918688997942037,0.7616933396748928,0.6848042060832726,0.7766404695040301
0.4870746235558701,0.7181492934815825,0.7739178230427467,0.7099215305822341,0.7924413512610172,0.7361630649515972,0.673806749758782,0.805719289688988,0.7726581760934834,0.725630131850804,0.778616673146256
0.4585760480761642,0.6323845460466772,0.7525418785995965,0.7147826534511212,0.6725126350758376,0.7234420617388229,0.6867642148462842,0.7762158162954819,0.7877008074209091,0.7598065136792644,0.7526863156965015
0.4192432832524534,0.6492282399637119,0.7751639582071757,0.7250208622660443,0.7044382394060679,0.6986611092774276,0.7099817462299844,0.8000074379209301,0.6934876655303821,0.7713226643215665,0.7501280337574713
0.4693723530564762,0.6548862329685414,0.766256237534191,0.6927401549678421,0.7495786780337144,0.6699253991142696,0.7476991643730565,0.7698074990065702,0.7506697814951455,0.7701303509710461,0.6977637064878861
0.451482313635806,0.6961868060577379,0.7367454633809926,0.6439493877356522,0.77108225584233,0.7088510208692946,0.7407631817973929,0.7849924451667927,0.7553797025522535,0.7102947366878943,0.7303721838430192
0.428426903804225,0.7199933694470442,0.7401202415830239,0.66977117444426,0.7762094624084339,0.7259038190883447,0.7548454226151748,0.7865258441086725,0.7675083130529756,0.7284077803173492,0.7564208677807343
0.4372853104058991,0.7255526500922763,0.7637104257029629,0.6887692339800211,0.7443188232815179,0.6940414337991504,0.733626592753724,0.7782859950403167,0.7478891504947717,0.7367921176426198,0.7734746449588084
0.450443271987743,0.7463299926175757,0.6902365428301109,0.6459933293920712,0.7124559562323423,0.7139998469152518,0.74677544681418,0.7330559379202312,0.7463692334778067,0.7669749868452371,0.7901146610490613
0.4429366442175275,0.5716144900138254,0.7235356218926187,0.6858384141458669,0.7069727132403918,0.7165192905027247,0.7403055015665047,0.749387339993657,0.7560949539286665,0.7624702893167783,0.736734472294355
0.4257788582682364,0.6502910937807987,0.7583154010682626,0.690670108390705,0.7259346516836508,0.7586252673356437,0.7586230529675695,0.7738440246038409,0.7447163202256993,0.7360218121453378,0.7892523450428957
0.4610370244600491,0.6857619435523985,0.7638769788037565,0.6933269484478505,0.7111287110119092,0.7377953141555276,0.7808037263793441,0.7543674290645379,0.7536845733713291,0.7393351115432728,0.7108067428606599
0.462895346716894,0.6469821680565419,0.7794101051627712,0.6847299088296354,0.7497374942715054,0.7497397152256691,0.7661221985132488,0.7813155827909881,0.7802674769109356,0.7499781422788653,0.7433588244543091
0.4426848092133176,0.7134419153159801,0.785042847786585,0.7207797642610835,0.74193047329416,0.7610517098233398,0.7834981862053052,0.7854959816166157,0.7133878441430245,0.7447188381354657,0.7704844255789443
0.4447679802873355,0.7309263333062392,0.7210993854431675,0.6185487731558734,0.7520005799839256,0.7594828509975057,0.7554969241178373,0.8065613629540372,0.7407988101399453,0.7717781508825041,0.7774870741381571
0.4466050283603267,0.7404567775333251,0.7542961673254601,0.6863411982044811,0.7740686056804369,0.777366932598432,0.6643426541407498,0.7801304602800122,0.7533842149816217,0.7788964722277014,0.7485239728366565
0.4824023325493538,0.716277582922738,0.7609001030322091,0.6236680004409467,0.7602891645254336,0.6409717735845635,0.6966569331932235,0.74738646193221,0.7744133281364385,0.7840223372864509,0.7799889284432557
0.4651837372663773,0.6136114761858146,0.7748491724731688,0.67605682205225,0.76895370723658,0.7238769394676556,0.6914983221040967,0.7748809733835142,0.7802822127870239,0.7839907411181388,0.756210503854369
0.4748368746241962,0.6547947552020832,0.7756153300379722,0.6923779302038935,0.7235430177987872,0.7439779282371293,0.7170595293090168,0.7959770386017349,0.7508410070826866,0.7781551037772174,0.7903181020539388
0.4820888344725372,0.738138926197927,0.7913593802698597,0.6483340081093613,0.7458919154600214,0.744941372992101,0.7261927130074308,0.7370587988685121,0.7581206506490848,0.7025801621739048,0.7613964090446806
0.4806947056343552,0.6900007737319942,0.7834997359942847,0.6872364467181423,0.768684245040888,0.7292314110364099,0.7309598452735613,0.7838232243106065,0.7513060257727282,0.7269093011687584,0.7117273517703453
0.462125715673544,0.7096014699263564,0.7066401372080091,0.6947431030149808,0.7767549102973758,0.7373477905825401,0.7802489152667327,0.775540324338883,0.7356545405879558,0.7473694103154509,0.7599037849387752
0.4833632949345773,0.6984243356719896,0.741201446566581,0.658841145038476,0.7817483400411069,0.7439799730063374,0.6916493155172526,0.7737966381894092,0.7509194134386372,0.7358547450779832,0.7604709464521908
0.4549130127053046,0.6937803311990416,0.7699498916715452,0.6679122594724451,0.8043716109157446,0.713679120362331,0.7357835061154412,0.7629803622171508,0.7661041446931808,0.7673571955235882,0.7671166984513598
0.4730763300704729,0.7401547082321847,0.7827125440875295,0.6908186731691178,0.7052544013610696,0.7262146898712656,0.721028529472199,0.7651144777405774,0.779018285552594,0.731750733376582,0.726572206622158
0.4646145386857513,0.7747848520333532,0.7665220885651394,0.7245060395583165,0.7747421434071475,0.7576596848958328,0.7433235572419774,0.7641775474326844,0.7823601034838241,0.7535061052073837,0.7336479979307099
0.4819398133692203,0.7178750332984959,0.7705054325353362,0.6541355496767177,0.7264058337842882,0.7284105033927095,0.6674387277602002,0.749481230889274,0.7647524138736046,0.765328170255605,0.6724835937417003
0.4827565735451385,0.7036384141567468,0.8008567095754802,0.6876414002207722,0.7622676705044019,0.7450125834555154,0.692676476536728,0.7709527630559272,0.7797685619937724,0.7900592827921327,0.7123560250301206
0.4952310539090493,0.69015274657331,0.7257510689958173,0.6946435960528609,0.7684417364616054,0.6336035484936442,0.6772439622450085,0.7823097042830014,0.7657209050276964,0.7717511076538376,0.7410878253615152
0.4923408226435193,0.7373659979727679,0.7882710711411678,0.6430792674817649,0.778465586547065,0.7218270580824134,0.7059315959840334,0.7501081713007826,0.7577545480148126,0.7642959891577933,0.7427584479682434
0.4151374436388683,0.6999424834614532,0.7984618938775061,0.6833934308157246,0.7791321199403449,0.7371440176568305,0.7382045916350772,0.7452444753878436,0.731270049167689,0.7564716862353134,0.762138878431291
0.4312925664877994,0.7520246974915271,0.8022175338502993,0.715222363813039,0.6839005466480077,0.7405590594460825,0.7358071463623105,0.760000232777505,0.7634008457382372,0.7156191864748154,0.7695612188761312
0.4407986334861071,0.6756277255026194,0.7391884097035935,0.7185881980900439,0.7636766345312507,0.7344200796957271,0.7073081562027181,0.7367619853979007,0.7756431683833426,0.7235974707517049,0.739778705291976
0.4497303800742336,0.7014264090996374,0.7593911145973575,0.6673323154583893,0.7256267728031585,0.7357138996653606,0.7123446040275121,0.7568114610133567,0.7592635989825882,0.7603083055790156,0.7328091284019783
0.4620101705938153,0.6357037577189988,0.7366896352235142,0.6558044747156561,0.7656028131704851,0.736897656195364,0.7267327537074957,0.7342008219005466,0.7751367497707504,0.7393920764013281,0.7418595361167891
0.4431982072066015,0.6015962678523502,0.7534137071914503,0.6892151982461672,0.7718968172933279,0.7723064199742077,0.6757835731043453,0.7503784533123162,0.7363987999389314,0.7280365761253491,0.7834702885842144
0.4346079210479303,0.6539575945824917,0.7156660660066521,0.7178599533526847,0.7821387238499841,0.6114049158378283,0.7009788816865817,0.7672771852778272,0.7685833555752957,0.7618779276281273,0.6963902243543068
0.4506050180958548,0.7010183645442329,0.764600240213023,0.6888011579012943,0.7144228849222903,0.6861975485445547,0.721189610597234,0.7636175817114854,0.7862920683661365,0.7599067398863742,0.7175258786488524
0.454031361701429,0.7119118774505632,0.7702543585320275,0.6711880039974631,0.7485271784312226,0.6826354428914909,0.6765242483373389,0.7876653230370135,0.7857696839882368,0.7753857885062481,0.7295386034287135
0.4339609359791838,0.6182444201729009,0.7806713403355512,0.6866385105543414,0.7683181945607387,0.6841206436345703,0.7227202197945553,0.7354631458458106,0.7840591039430695,0.7561713744000855,0.7469867640717587
0.4393309589888881,0.6641044248642483,0.7491223856098032,0.6663698369785229,0.7923641496427676,0.7165673740947949,0.7686694003029995,0.7682748886557849,0.8060749005412873,0.7660990078973118,0.7590689972512235
0.4431668158417212,0.5869560499093452,0.7716169015841996,0.6753746486780884,0.7521492602608487,0.7139604677988834,0.6898345859423684,0.7985835622871571,0.7462572633294291,0.7690542159690328,0.7724969569125059
0.4616364575782728,0.6465024259699002,0.7734566404597811,0.677288111752556,0.7502073215919103,0.679550519297112,0.7192789655038193,0.770789926150343,0.7140341062507407,0.7523782116926439,0.743588248327213
0.4620855259231436,0.6066897409761034,0.7518896439429025,0.6945479525810575,0.783744560425541,0.6801301717384822,0.7198103501767323,0.7864288925457057,0.7227409723970022,0.7620747870327252,0.6867424028950498
0.4225516547780402,0.6515215618997069,0.7743421988935079,0.6830601976150172,0.7977840787096535,0.6897737238849624,0.7013242946958395,0.8136326344241387,0.7546864318235649,0.7833200638820489,0.7183702090368462
0.4637640212986895,0.7102800252707178,0.8050013716983171,0.6938962297582971,0.7586420685705769,0.6948673986692133,0.7405272005384476,0.7767111719786536,0.7588331322346409,0.7683476370752351,0.7407789142236489
0.4338925554866709,0.6804540185281107,0.7344090994714252,0.7028566839657433,0.7373341242010799,0.6994665682532621,0.7676447775001631,0.7890904822782325,0.7881142110130778,0.7666486858793988,0.7719618281288729
0.4754084215852407,0.7166864970222095,0.7740838798816211,0.6946363805797304,0.7553020888440463,0.7271848273164185,0.7803172293628026,0.7743506607650273,0.7883220357412624,0.7816074416916157,0.7159693045472493
0.4577118615802847,0.6578065616922522,0.7605881861223723,0.7028199728741096,0.7667262263642389,0.7311334815677628,0.6794648402629467,0.7733065512166736,0.7077149771446205,0.7437446901947619,0.7405485818130041
0.432976189293372,0.6593219878455878,0.7372257293770172,0.7040856557908504,0.7695416358119296,0.6696409875682383,0.7083402637652308,0.7647653477030791,0.7351894327097366,0.7385305250056842,0.7572378358470886
0.4260536816029447,0.6710052024113167,0.7800769920846824,0.6650206384512184,0.7736509248684551,0.6847187198226765,0.720713108931504,0.8121594375184265,0.7559311342307286,0.7288983757203197,0.7406697756682992
0.4586736826794727,0.6360516420322546,0.7480672657701612,0.6649621538365094,0.7932003910116912,0.6974798278124442,0.7514108869228142,0.7919454465747827,0.7588100432588207,0.7564566519388245,0.7515398472144993
0.4711393788597655,0.6912752330403774,0.7694867680601171,0.6581647217038077,0.719385351864121,0.7576033679947586,0.6976714631036933,0.7960156534188273,0.7545882627878974,0.6912733321262989,0.7426956596854097
0.4745657464654234,0.6160906753771862,0.7805273546918299,0.6817146581268887,0.719679225058969,0.748448079547273,0.6692793569728734,0.7784419383880014,0.7520536040826228,0.7143199788398104,0.7147432234317792
0.477052338532652,0.657813620532889,0.7906958443161587,0.6886759119500363,0.7042664626642751,0.7663718278074103,0.7143597052226062,0.7635064019235546,0.7720980918255347,0.7486718643294248,0.7163146525222939
0.4408935802770671,0.6388801421948499,0.7925675113579922,0.6845921491196837,0.7310319181466471,0.7262023786742473,0.7405882835060319,0.7684745289912742,0.7527663534290643,0.754512600189194,0.772611368973406
0.4562758024176231,0.6274463886651377,0.7974865072110032,0.7019490116835472,0.7745587558096108,0.7454104665370607,0.7493604310031168,0.7431815601449986,0.7349451916773349,0.7817894919895475,0.7310624055764644
0.425221644130701,0.6764484607575929,0.7916193916633003,0.6569606144528162,0.7472599024001338,0.743828685615669,0.6965879742691583,0.7685218630074478,0.7404706154736194,0.7883647880759576,0.7701197812552627
0.4429507913561317,0.6617536147455728,0.8062857692099807,0.6854497753274967,0.7776536293899101,0.6703348394986846,0.6905098300401192,0.7791557257746156,0.7233383936922683,0.737912354471102,0.6940394079138109
0.4415200417375186,0.6903066513201517,0.7284552521953735,0.6775393354293963,0.7231084776895853,0.7237467199048355,0.7068316963113299,0.7616278543040809,0.7572657119186109,0.7396387789193957,0.7236265121700084
0.4680270247700524,0.6878331982295668,0.7309816511903215,0.7254486276410463,0.7422391606070843,0.7487247756658313,0.725980062460498,0.7648986966500335,0.7593274823446287,0.758086268328748,0.6882222110187453
0.4387327949696517,0.6297585304269594,0.7390815545938869,0.7018646802723232,0.693132013624263,0.7525215426607139,0.7641177255192659,0.7499699056612641,0.7421079372855636,0.759030738558897,0.7249073086018174
0.4011922820789373,0.6335308520423335,0.7452854439801937,0.7048116874121821,0.7202169076457281,0.6642071987541006,0.701403965307387,0.7637608110313626,0.7646871417347332,0.7694958299794783,0.7370503953829199
0.4390297561882568,0.7079581843013261,0.7502441421839647,0.7060485037696231,0.7376493014710481,0.6716780871178245,0.7157205789712668,0.7866064198017138,0.7347424881760359,0.7747589450936317,0.7666591604132161
0.440838782844803,0.6518226939537475,0.7661296568841829,0.7156789577499051,0.7832565387525452,0.6711069926559484,0.6491105714484732,0.7922014149959014,0.7454168583479085,0.7680490551633591,0.7933426484643834
0.4401502866391983,0.6773290138337923,0.7920263021127911,0.6997765330955615,0.7974000688867731,0.7188151500013333,0.7000605702054152,0.7650235846260053,0.752136058541081,0.7824693309950325,0.7203195780612144
0.4562786273365839,0.7051335857020481,0.8074932159230841,0.7128325332823668,0.7044027871049625,0.7738681551603734,0.7267213299180438,0.7763873439717772,0.7018531698665784,0.7858177810763131,0.7608254902003323
0.4668784570965081,0.6843151052289815,0.7533387245606943,0.6700543318711867,0.730138993528906,0.7819776159238263,0.7266911593645059,0.7315523379612555,0.7218306551643259,0.7752827443717903,0.788796627232717
0.4412158091365148,0.6618948128817642,0.7820816892081626,0.6941497635549094,0.7588472856311677,0.6825084202003344,0.7571814219830943,0.775670120723029,0.7778215097117301,0.7496899568053077,0.7245419034781702
0.4507673090031745,0.6269016667691871,0.7705814141851176,0.6959507341351425,0.7778478356862586,0.679006531721445,0.7584274113602963,0.7410992693257707,0.7132624237936189,0.767824951484193,0.7260175606362376
0.4651402388106241,0.6165620881271503,0.7912388569306563,0.6667097724570366,0.7200677506583568,0.6988753493681097,0.7281336092349088,0.7516347338451157,0.7577114515373604,0.7587753956247473,0.7865572844015759
0.4539764200754244,0.6006976019508318,0.7996595939385973,0.6630552316222448,0.728167804174954,0.7198905623986526,0.6512315839302897,0.744283424607354,0.7382528017205616,0.7739765534620808,0.7683936106961106
0.4414090662303933,0.6412557846372391,0.7894552171090289,0.6923697807073775,0.7313090407535927,0.7245522422259294,0.6958128567310727,0.7792413552747242,0.7496657916938992,0.7866944563143485,0.7817575555727738
0.4635948075817904,0.6718871625115157,0.7773271901708549,0.6624659001728712,0.7455857536517566,0.6869304752648129,0.7617801174728986,0.7860555240226896,0.77697100112581,0.7849332469525273,0.711878119043015
0.46678755631785,0.6062204519167246,0.8079009115349176,0.6616313564803528,0.7606405414852284,0.709883555315673,0.7464471149721301,0.7755003604584687,0.7838805626947278,0.7130015223226069,0.7599435720253898
0.4778230733013761,0.6306591238955965,0.8380345860592644,0.6801175480539243,0.769644037969599,0.6755645302253487,0.7882747166978175,0.7820200434441344,0.769410106454967,0.7256244195573457,0.7031970539253442
0.4457494238342889,0.6955878943865409,0.8101344440020909,0.6832110984388826,0.7471151284808815,0.7225354100135476,0.7300463338675394,0.7856863970412129,0.7740092819426185,0.7316591276330566,0.7295402613943989
0.410169465398329,0.6953106097626829,0.767123399420099,0.6923754245565596,0.7557382098516416,0.7268331625228504,0.7396620416603734,0.8013911534542838,0.7866909941773,0.7575241684495895,0.7555082198222538
0.4506951134624307,0.6418862824199276,0.7748880486326846,0.6935024128004028,0.6968217238180932,0.7408907807186936,0.6652492681469665,0.8140317506889314,0.7458751228820858,0.7350778038887121,0.7392617494750957
0.4326489734980179,0.70914813213161,0.7851209001216217,0.6700441908681538,0.7325639823226218,0.7342166854836669,0.7094667276941331,0.748021543333518,0.750008449244725,0.7708746829785471,0.7103495571100373
0.4488698200016724,0.6874827071912522,0.7448213442503067,0.6863229224847112,0.7654718098701392,0.748369470986501,0.7425963148917099,0.7526321476409228,0.7679563047198867,0.775250439095024,0.7303539081196931
0.4332623711823443,0.6740668131569992,0.7649258529975299,0.629142992587113,0.7780771861397218,0.7657388649563126,0.6624349153405776,0.7908287835822791,0.7691282640242102,0.7684080678235634,0.7205941143737596
0.4448064816231374,0.6688319625218028,0.8009144245470604,0.708369083004309,0.7771821116811773,0.7739502499616613,0.6928969156517355,0.7763909777374272,0.7588560866819023,0.7672557696175654,0.7424047260253424
0.4495773764880646,0.6977826274393175,0.7799360414524432,0.722373574883779,0.6952766184147328,0.7258804406878435,0.7230882307240961,0.7496276528870564,0.7381545628274808,0.7729311880858887,0.7555824973018561
0.4469953236733432,0.6366377698106829,0.7662401569652787,0.7030069046652,0.7255213080530446,0.7719967593142528,0.7389028170765095,0.7566367464009397,0.7250409678471947,0.7610329012390881,0.6915924082878345
0.4440374816348976,0.6350362336110328,0.7663108562436074,0.7159385219128969,0.73572732145585,0.7464365922059353,0.7058845248680028,0.7686126440209746,0.7293235729426009,0.7109356518239577,0.7116091989410203
0.406438810193372,0.6597798341762875,0.7060607369757019,0.6769700569168572,0.761675154211692,0.7417301032969029,0.737657243554282,0.7799506205629831,0.7447795648824863,0.7578656202804849,0.7312516688129922
0.4210763574459333,0.6819785164392085,0.7466593156690756,0.642330036846478,0.7963331164783625,0.7607001774282585,0.704048740798133,0.7902719878396868,0.7638333721196457,0.7476753258448747,0.7456048116905135
0.4434134976579865,0.6055639942732289,0.7615004609021541,0.6318986642398411,0.7326160690028284,0.7535221151957349,0.7712292370639555,0.7620689857835683,0.7482795849888318,0.7600165247426455,0.761232464030663
0.4416786412933666,0.6260177009781389,0.7827637656047339,0.6432207032132348,0.7557438344840256,0.7757243299720273,0.6738973550945158,0.7819979200306775,0.755978074042023,0.7329978476388088,0.7825825122231886
0.4677236957743425,0.6808465134269628,0.7665885548634092,0.6182827969491547,0.7131392627775972,0.7579913149176866,0.709705580205582,0.7473275219835642,0.748525599423292,0.7559323815477861,0.7325585044991824
0.4128682274857584,0.6580938264132449,0.7817701466284757,0.6486685281264855,0.7445561405485966,0.6985379190435238,0.7432544567900481,0.7732061994702895,0.7496733033536058,0.7493578251285911,0.7502998678692454
0.4300296655981611,0.6714574871892965,0.7319261476844329,0.6911010767997187,0.7708518381843088,0.6157768998924975,0.7450122523805625,0.7783302020712042,0.7588984344764591,0.7494730325027358,0.7120901503693956
0.4147556305302813,0.6286658780564065,0.7629706664774099,0.7041145005910252,0.793720668661554,0.674497920031109,0.7844832963352972,0.8013014557096783,0.7727649483069173,0.752119369289814,0.7324036022177046
0.4573416227958518,0.6649301128657271,0.8125437833241085,0.6390009252441903,0.7542048523284167,0.6213393314388923,0.7485076140306376,0.7738676149436616,0.7729311256444943,0.7569022833493494,0.7588681952653875
0.4612813682296504,0.665793000022346,0.8208823569480801,0.6594646073049184,0.7923007759288734,0.6957793668324077,0.7240996182968361,0.7423592321326226,0.7780449498182026,0.7745710061931959,0.6795715037264574
0.4100088364589498,0.6797073521765085,0.788718591131667,0.6730717841053303,0.7619559433216934,0.7538918176702883,0.7481039151273896,0.7619193982276937,0.737809627797039,0.7418774069435877,0.727266764137976
0.3970935387882056,0.7011274666442401,0.7690437585376864,0.6712473452676272,0.7685803547912036,0.7270696950246962,0.7522477548616331,0.7861788644102703,0.7538224579204266,0.7407314533747571,0.7511181404436519
0.4221451622668335,0.6636246355075597,0.8226231173237863,0.7017653815892425,0.7411623757036759,0.7170477114230882,0.7558969003792594,0.7646357325406594,0.7780272371800763,0.7163180126471844,0.6999188162084314
0.4462471970566193,0.6764676332922825,0.7199034653437331,0.6375146057840554,0.7336292393486521,0.7158047721436294,0.7504172196900147,0.7921601114933172,0.7525278038149126,0.7558432859763271,0.7025833593387728
0.4352690068305608,0.7134232043294266,0.7621680832394025,0.6693435625440396,0.7545047107978645,0.7235473778682993,0.7690005959798025,0.8013687352473381,0.7608270140812436,0.7438211721624747,0.7621636341983246
0.4319809979839342,0.6248456876414474,0.7875802256852751,0.6700012464086156,0.7051826887369249,0.7413039655483284,0.7764946799814727,0.8097936059470683,0.7676817480775728,0.7687654163197071,0.7208631018834925
0.4476848342720059,0.6302173455697617,0.7177711404833709,0.6697493294860956,0.7443311189072267,0.7767815222048909,0.7633032622357072,0.7984243503968792,0.7866699128319679,0.7254459861251866,0.754519135306452
0.4505288081958415,0.6648020782475909,0.7596368749585658,0.6871780268565439,0.6612840666686894,0.7851882000672592,0.6956201282589797,0.7943509971149734,0.7898043169192069,0.7478555654668895,0.7536902105609229
0.3959175345055591,0.6954448778755193,0.7666685145733068,0.6650205653871578,0.7141690375941984,0.7058488109289168,0.7063171495721322,0.7553491685610709,0.8079684305851316,0.778475121396498,0.7461321973821531
0.4258054069421021,0.7047249433837264,0.7749332733058225,0.675584606857782,0.7406007755984619,0.7224727911740846,0.7225428752866954,0.7780516364405289,0.8005802878041341,0.7283670793061829,0.7236881663213626
0.4625886150499462,0.6646206647705301,0.781012433076488,0.6982523893723535,0.7540944427835174,0.7427677026291246,0.7720117218529085,0.7736363396479614,0.8013278633956157,0.7285799310845061,0.735330927422589
0.4628134301704356,0.6822686202352651,0.7753321437263294,0.7071609008423623,0.7845600794515231,0.6963384747878355,0.6821353809842083,0.7774406783903272,0.7721806876132207,0.7103586561504137,0.7663040814369539
0.4483781764241882,0.5667978963588771,0.7492621401799108,0.6765855915802244,0.7788297579817259,0.7206550987331248,0.6922381844794716,0.7824868071439954,0.6865555845684206,0.7374031864409633,0.7361394493663986
0.4341992883861791,0.6056106001488731,0.7505942184535264,0.6259319285897696,0.789548132728424,0.6842001033382128,0.7112493207020983,0.7125152015096302,0.7423634508274783,0.7415205536894918,0.7447888121697787
0.4060709276648703,0.6454819112813562,0.7834912738823065,0.6539824347444863,0.7925117151236343,0.717578930415349,0.7277028907853684,0.7338466321624342,0.7660453944589394,0.7543238437666637,0.7733593061731114
0.4313446041843483,0.6612026698595161,0.796071687016356,0.7134731410571156,0.7931654839251375,0.7563203573365265,0.7431009771034676,0.7663493332734387,0.7818437266934973,0.7684750942631875,0.7619570390231671
0.4654601608008628,0.6687541794018843,0.7444634897895521,0.735720812909761,0.7544099885059453,0.7434776462685901,0.7602365170785486,0.7725365468034173,0.769283553526629,0.7773360588371983,0.7934368275494602
0.4535885813511629,0.692692132807089,0.8001013493468192,0.7013410214022651,0.7367179108111772,0.7715646229266655,0.6936515693249894,0.7774412424098835,0.7676620717445416,0.7929023818394499,0.7835013403448665
0.4579338355714819,0.6892999370697028,0.801075497170515,0.6726552097024452,0.7918047975200946,0.7717381455452248,0.6977505034964402,0.7785883424232478,0.7766337414299485,0.7666825089683615,0.699437817436111
0.4184192905416027,0.6911834336180569,0.7615007584450584,0.6757941295299357,0.7089865215853821,0.7921485493550313,0.7478576850356985,0.7880087296744154,0.7014959228699691,0.7566119791351713,0.7257520910895772
0.4211279397351437,0.7032059937135746,0.7808238388434344,0.7050066326536315,0.7384992042830557,0.7512762194303246,0.7495310186235025,0.8002445866801562,0.7085137674412809,0.7590944400036683,0.7444832760045945
0.4234509858625801,0.6515195411651541,0.8007132222945852,0.5967327309866275,0.7417172685326643,0.7676563338037496,0.7418462340510192,0.7403967260900017,0.737225392625448,0.7437282054934081,0.7469441217098922
0.4387567936948481,0.6990976329707176,0.755671836335911,0.6391368151679986,0.785555249367748,0.6644891165483023,0.6803301449979079,0.7748420551221653,0.7485524421939898,0.7496983691699773,0.7657419850079457
0.4271664794763517,0.6028067300960599,0.7795965833170568,0.6535201982281738,0.8163936229229167,0.7099708829238909,0.7112328458861232,0.8026664916355328,0.751537369182334,0.754753483937324,0.7650098730088737
0.4495270021297012,0.6182569353761355,0.8063430066591448,0.6682867541832664,0.692894398807046,0.7506572325809738,0.7391708305518856,0.799073898850649,0.789636961333771,0.7580978722693328,0.6580787130916539
0.4030032501683973,0.6830301993903516,0.7250929037333392,0.6908628127372394,0.7226559361411568,0.7243654921730726,0.6832072170734178,0.787123725484946,0.7916474537171568,0.7622378148948848,0.6973991405964484
0.4551363915922917,0.6920606354221184,0.7702991489309429,0.662114035054997,0.7008835774024205,0.7403608322011029,0.7211151978041674,0.7828062177275734,0.7522927610608717,0.7653774159876268,0.7372132930697922
0.4518299723894338,0.6758150491004443,0.7873940823531345,0.6783393847374748,0.7076261225332261,0.7018233694374687,0.7383527638498102,0.801308631721581,0.701621976353314,0.7662801837547665,0.7017604767754259
0.4518187173740267,0.6920169553309099,0.720971700606611,0.6519000396278517,0.7407748067509664,0.7397821084856561,0.7429506633233414,0.7363819692769463,0.7385550899836542,0.7776808381194045,0.7187377665482858
0.4582269755852261,0.6970139265783677,0.7252736711938645,0.6545883499890865,0.7698638470065393,0.679935358076148,0.7540507228523908,0.7670008150874839,0.7499473132631371,0.7671830337253054,0.7269604474742605
0.4341811974986362,0.6556056731853573,0.7630859893169333,0.6845000560067105,0.7431123836995474,0.7258404106096086,0.7604018333574936,0.7771834877594059,0.7676313523093153,0.7556759373487079,0.6780911270893687
0.4457830904384237,0.6300519374255362,0.790894412750869,0.6731559059827174,0.7396589713990767,0.7475475308924939,0.7605316886079913,0.7643794545602511,0.7688170484083697,0.664535434966838,0.75459937501482
0.4668745448307955,0.6490835614054375,0.7441672360205384,0.6718835375530106,0.7461645911768621,0.7884349795243258,0.719628835051521,0.7904799408708287,0.7768650165612676,0.742124861088455,0.7614905381042767
0.4688847837060838,0.7008005632679916,0.7603086120848722,0.6338395887959645,0.7672431450163295,0.7362615541425225,0.7673698145488941,0.771900690728568,0.7612549442222302,0.7070323052942793,0.7570383901956094
0.4165945238515838,0.5511598151301561,0.7224191769090622,0.6791487196474723,0.7872601788206357,0.7684559704007965,0.7194673837557126,0.8006940248589494,0.7480143287087735,0.7237975269623971,0.7827923546259152
0.4383174864104703,0.6085248804875343,0.7543660300905579,0.6234045072036579,0.7943065806324537,0.7716182788422039,0.7507275466290452,0.7686388454294572,0.7557760173763679,0.7584689372947131,0.7384618111635642
0.4528508604794993,0.6747308630574846,0.7659885035782157,0.6344132883201223,0.735019890227309,0.8086786552327123,0.7560423735479412,0.7593575497058899,0.7142115858519876,0.7765431300204793,0.7434044914098358
0.4696462666058075,0.6271895527221273,0.7793860157716812,0.6794969611405766,0.7611089690118487,0.7231247519844919,0.7691704617149759,0.7637212477716506,0.7199568049722517,0.6899594869380017,0.7089137096853699
0.4364151166227785,0.6554102188270443,0.7779756180753109,0.6842957583929996,0.789400869273116,0.7097365706046252,0.6858749922205827,0.7700282493405148,0.7429265054788967,0.7510545426984685,0.7043240862610575
0.4079302519797235,0.625014047058983,0.7714904160411541,0.6679892609690217,0.7554227788791005,0.7389512959751607,0.7175717843580509,0.7464429053862119,0.7737859439091312,0.7606059481878744,0.7256534310904245
0.4245601376991148,0.6692456143956615,0.766437336697654,0.6710116460234259,0.7705928408035752,0.7480673943823998,0.7255109423914265,0.7737726093324249,0.7724188292154863,0.7732514571896343,0.6943090084781153
0.4377098637806539,0.681948668816329,0.7618142063737308,0.7030277515373404,0.7374813535672784,0.6330722991442729,0.708199920671052,0.7762467416600137,0.7750583880734454,0.7655622349094731,0.7275809516692218
0.454701028228495,0.6630986054355777,0.7905176191614816,0.7126187168757541,0.751585993794961,0.6915434927494377,0.7423523476409528,0.7210449364567785,0.7510340264327043,0.7228090729232683,0.7460540672585498
0.4752909300353635,0.6482568905668225,0.807130331061525,0.6678751295901446,0.7191990532617246,0.7222814967057386,0.717913203999008,0.7613631022389813,0.736458351565858,0.7578056361766496,0.7502934853302345
0.4762305896852641,0.6160128869304111,0.760862946018952,0.6786816336619834,0.752218541972046,0.7471190635122359,0.7450979821746053,0.7699034403628621,0.7368260841519652,0.7536443485520118,0.7736133398143341
0.4719744296934399,0.6628640845800058,0.7919677549047202,0.7009628838670257,0.7701631868227343,0.7509373449053346,0.7378748620938858,0.7803094087684679,0.7615506658409403,0.7245352202818771,0.793053383423548
0.4464451515673989,0.6963393659067081,0.7406306326101246,0.7068146582309636,0.7476597819492803,0.719328890907464,0.7735212889804971,0.7949576848509492,0.7705388718719636,0.7288919129963799,0.6613572582171947
0.4477467607411345,0.6637371045785445,0.7096138796604201,0.6756066930279468,0.7842249341223358,0.7156724208580516,0.7589251901049624,0.786807216078793,0.7933288631042363,0.7431056558526927,0.7074261269134619
0.416726188692233,0.6706830525729737,0.7293750262620684,0.6733630355504396,0.7091764751841199,0.7311223812603267,0.7497632748693894,0.7995639314903524,0.7679426588626285,0.770083578437043,0.7505476930430625
0.4274186934380695,0.6967985329286049,0.781566527978875,0.706888483240804,0.7247705890477748,0.7333973102042655,0.7567674103206845,0.8004905765756438,0.8083471785815393,0.7823392401423209,0.6198822427341504
0.4495812289538427,0.6917958076177069,0.7962944105670415,0.7219845861976034,0.7320296405738591,0.7875976357193489,0.6703084474506241,0.8011207102937088,0.7883453626859432,0.7629036823139124,0.6755183735303374
0.4387488272207012,0.6256355741772887,0.7354677759383451,0.6593055566011488,0.7589826691034693,0.7015023533533032,0.6849712942863622,0.8063413004405918,0.704609672128607,0.7804749937045069,0.7388102168149535
0.4387834999311584,0.6267349936807991,0.7614226868290906,0.6701805774605394,0.7168295784604991,0.7396173397985489,0.7482355257820348,0.7581296728496932,0.7376938968065252,0.7787569878463245,0.7450711725463108
0.4603254859734801,0.5899863996890428,0.7808625177611941,0.687576618941413,0.7593977547430539,0.7730908817904019,0.6783096573071511,0.7487311373845962,0.7491392764438174,0.7684978343187455,0.7323430338614845
0.446027830664198,0.6122654424336145,0.7500538288240552,0.6219099887328599,0.768618713529402,0.7537006589900141,0.7062358456965507,0.7876582733376135,0.7405423707125222,0.7833323155298043,0.7321031271807228
0.4008539352094127,0.637314658321982,0.772456947394873,0.6412945430156562,0.7394893552538094,0.7451301708309671,0.7172825236272388,0.7970153841374398,0.7738449395152656,0.7847608834119475,0.7569199247203087
0.4292912397410856,0.5918361332630244,0.7807345197081778,0.6708285433813193,0.7501791341639708,0.7363880218302487,0.7240843650838612,0.8039307216190535,0.8020843443268564,0.7852454266866311,0.7650150491441339
0.4596521039862219,0.6133511107137646,0.7372093537673935,0.711730769401222,0.774488774152273,0.7576637482272394,0.7426014283068013,0.8068650186367383,0.7687308497514908,0.7106312536769263,0.7886105707262514
0.4440807078684289,0.5750157601927297,0.7599957529246552,0.7194657207876608,0.7452775187227386,0.742586743508332,0.7006817741701443,0.7971488609713191,0.6997777527683878,0.7396983398929113,0.7399746569387937
0.4463139219376681,0.6300950287044198,0.7684616311765002,0.6961316251258638,0.7404546963241257,0.6528666460157908,0.7392701221319236,0.7537978465480605,0.7189096762504609,0.7724494959398405,0.7757881797589987
0.4637979857467726,0.6439705646130315,0.7572896877699627,0.6025992817702984,0.7579748119535985,0.7144772154740723,0.7619469229997304,0.7742340258090332,0.7628949761752238,0.7745940807370124,0.7699188787038806
0.4784367364686133,0.6416960018024076,0.7719223383785672,0.6536908969460395,0.7872108377997911,0.7260779426153127,0.7672581517861305,0.7779693155793888,0.7896457432405565,0.7847143098105465,0.690058358557425
0.4359860562895752,0.6531930942965725,0.7865041520347946,0.6841285470329351,0.7501021026557652,0.7463847354312609,0.7071946015961842,0.7837092087579511,0.7391955788520367,0.7045190969853151,0.7173360426518955
0.440461183792018,0.7172369872782954,0.7773721721060916,0.6932892287147898,0.7838043083617721,0.7687146956511643,0.7463418036067276,0.7867923061249544,0.7549682529398226,0.7537965138498358,0.7341242863535242
0.4478906486407498,0.7246606191459946,0.7767059229774492,0.635155896437152,0.6897129704131426,0.709743281622533,0.7689239589864536,0.781406189856532,0.7757123049336124,0.7367637765920744,0.7463214016220155
0.4739167121480512,0.7127877803242985,0.7859766295892152,0.6487008149101756,0.7241058825413036,0.7240394264843067,0.7743715263627023,0.7973988660820177,0.7657732642155967,0.7536506086839172,0.7651152052088019
0.4811132847573915,0.7342087252754832,0.7702000781082807,0.6227629365882876,0.7266866156121179,0.7647039228007413,0.7462076967111776,0.799520374668756,0.6894941558999773,0.7360564798316107,0.7697344440747649
0.4709293555266346,0.7152847203885777,0.7204083995626503,0.594276122161255,0.7376536180773814,0.7668966797688602,0.7563717421751097,0.7618265087108256,0.7237870861237412,0.764877242878518,0.7586130739042052
0.4850671764038776,0.6693952483029931,0.7835537757117341,0.5782154836604076,0.7208785396584717,0.760327908978026,0.7047034765884305,0.7658768159484046,0.7547333693028668,0.7359681912300482,0.7623119149492091
0.478575557815488,0.6430201783798495,0.7901848777885354,0.6468502744905018,0.7399636142096528,0.7725765098445764,0.7163188516390302,0.7833282978441628,0.7582419255577235,0.7425350366168324,0.6959797536056777
0.447593339141499,0.6494192729628874,0.7922305494868127,0.6262204865472824,0.7494421709929795,0.6842773386132226,0.7278436381705733,0.7615291905373011,0.7705176993508418,0.7594046930382838,0.726266931807558
0.4485984916551796,0.570421379598158,0.7138852658229791,0.6835509090053304,0.7422755256025432,0.735776686131812,0.7317368372573025,0.7666209875465048,0.7513362579855646,0.7671816038230292,0.7811642107841292
0.4747318330417125,0.6185896750588862,0.7617008200773591,0.6151483796895375,0.7675032732372014,0.7652990214423157,0.715816915564359,0.7321704863154747,0.7641324693492777,0.7701226481332285,0.7960112863864107
0.4776669312752952,0.6821262730323487,0.8040751788067916,0.6698837696814093,0.7485839629634496,0.7590860814054186,0.7409998392734429,0.7577039438893096,0.7584176657949854,0.7447398942919393,0.8033138750627471
0.3981044808328571,0.701415431630015,0.7883374773411589,0.6918410785813144,0.755229833851903,0.7244828577468422,0.7406126761259451,0.7793233327261261,0.7861382683526499,0.7522660091926444,0.7232005173596584
0.4156596809621548,0.6476479010885927,0.8061259748011964,0.6461404448847268,0.760495291957549,0.7646630723453745,0.764873646172785,0.788180151439604,0.7870440857820976,0.6885373001889928,0.6635884104417343
0.4566431278553148,0.6567690531578612,0.7497298299013608,0.6800996700212857,0.7700703757097611,0.7683659570341496,0.7901585642967004,0.7950740095064794,0.7342510945413863,0.749120701114576,0.7085510454206002
0.4615205325637179,0.6635904052673216,0.7533282722592765,0.7232385324876054,0.7044977502614078,0.7834070033676128,0.8089107668213102,0.7533054754212124,0.7386505717196814,0.7654325313201423,0.7359280272786828
0.4282931690679869,0.5978330457078952,0.7791844624724111,0.6703573855424726,0.6819741873982841,0.7684978066218824,0.7777101846787599,0.7830905461145787,0.7509215019495884,0.7797588441149594,0.7787163165734031
0.4256430648258286,0.612828103040684,0.7931516953959298,0.649408825740824,0.7364727569114216,0.6511904671958298,0.796013237420234,0.7464356048820857,0.7157656943413144,0.7737568667019419,0.77655493384483
0.4401791650622653,0.620783431728094,0.6833467612475085,0.6849656540255917,0.7435430770131672,0.6700023841013361,0.7465052649045543,0.7696133940383789,0.7706521991610491,0.7542580693785699,0.793427614469477
0.453758798461382,0.5874872885921976,0.7345866342990992,0.6248674403475142,0.7460419429954441,0.6775784645633658,0.748287324587962,0.7808624073861792,0.6990406346643511,0.7571211679840724,0.798063708990705
0.4658978871385834,0.6100533407032865,0.7528412232717467,0.6392475178219221,0.792761792783776,0.6977859660232555,0.7501098500029284,0.7856646016239126,0.7415107367095501,0.7402505841269458,0.7209334813536311
0.4493404064495048,0.6361508433370606,0.7870308089000175,0.6619069085883874,0.783532028835962,0.7313081389701804,0.7661961053222293,0.7957439804438253,0.7518905030506229,0.7811568330771355,0.7490478216412824
0.3743980057952837,0.6240519700243261,0.6651844555410196,0.659310650258321,0.712253123097383,0.7127160841170874,0.7115725520602753,0.6909644222427099,0.7923719346525706,0.7351073627638224,0.7553032987111159
0.4258251220266598,0.6430345674764326,0.6894417495599361,0.6729759626702891,0.7332411084460622,0.7169703068762148,0.7450830904793315,0.7454996988382502,0.7844013396402361,0.769667328228343,0.7457601496481253
0.4418107796812935,0.6460785645470839,0.7275727630213482,0.6780033682569261,0.7553363923676482,0.7414759931127978,0.7557460061884893,0.7605925449726119,0.7350530597739913,0.762153806737471,0.7582985897858971
0.4634461328834321,0.631930582850284,0.7667323466974705,0.685255213484977,0.7192501256768407,0.765567126225503,0.73095175922813,0.7908917062061298,0.7496062341058092,0.8044455244249911,0.7733179428906581
0.4545352348138325,0.6453328208070657,0.7838750754725838,0.6790572592719739,0.7590919259784334,0.6810387501581241,0.7627643086477494,0.8045189342790355,0.724011882096378,0.7848641521389671,0.7242339725737568
0.4579532231529278,0.6028043996162191,0.7863790624008911,0.6873565946004433,0.7819473549890572,0.6821663023708515,0.79898345023358,0.8124040788037434,0.7377027535762577,0.754539642980999,0.7388089824465878
0.4439816081688182,0.6266588540918634,0.797194211763454,0.6781296432162449,0.77150873888867,0.7090837827944003,0.7571356400699607,0.7748057681140369,0.7864173440980003,0.7600471701460376,0.7636684575105985
0.4572750287434378,0.6534540121764475,0.801700983017501,0.6928781600342555,0.7811740088100032,0.7149430121998164,0.7652212495842915,0.8058547595382277,0.7782391384813606,0.7340107412397565,0.7638677336397712
0.4784771724962634,0.6538607510421477,0.7662639002082468,0.6514763583716844,0.7552801727994088,0.7013167181808205,0.7675179061889199,0.8069830325047433,0.7818707094515549,0.7600066727107533,0.780478970123898
0.4490484749083594,0.6796066922628228,0.7164980873867657,0.661542416387045,0.7641725695900494,0.6384436626307953,0.7757295304569096,0.7531593474002154,0.792398350179206,0.7487919657450519,0.7326600424906985
0.4738576245957598,0.6157735229959476,0.7327886545683095,0.641145054061229,0.7752881251149608,0.6455969401058168,0.7549077405548016,0.7636910491171478,0.7823811567911936,0.7425516398262546,0.7541706211678965
0.4093213503850447,0.6031815602502244,0.7598273042830161,0.6502616380805715,0.7789184779434314,0.6857837676269383,0.7764414543484599,0.776095446460275,0.7233448743843816,0.7661287584697545,0.743067896558767
0.4443554497587725,0.612194835425917,0.7866752705539508,0.5677115853449799,0.7713908162200077,0.7247187203040263,0.742978044905693,0.7875337462901093,0.7484159034336445,0.7737059512362137,0.7181334119499725
0.465208449550945,0.6111791007094117,0.8157779494180906,0.6286503339146738,0.6938716655297319,0.70745771491293,0.753569964916003,0.758416768953878,0.7762191478827913,0.735976301264431,0.7224550944726487
0.4117340141943489,0.6139249773305093,0.8052174005247462,0.5813702264082378,0.7286276952322875,0.7584565278473219,0.7537724716698186,0.7936985361589097,0.7889489231507822,0.7319262745062743,0.7395502108446887
0.4310259995234211,0.6427675339648421,0.8019374032598164,0.6513970203578409,0.6941082550260644,0.7969599529663294,0.7536966219748342,0.7595982840909447,0.7584019490578984,0.737190306090634,0.7714860933788535
0.4475589394340341,0.6426954938522766,0.8101649676705398,0.67144189196746,0.7792855874709491,0.6552440318091387,0.774333054326403,0.7811984377264067,0.7917046699795971,0.7373716556508787,0.7538304987952907
0.4661732814575738,0.5905848391464157,0.8208107725555209,0.6377440817042788,0.7640388952666622,0.7170236163222287,0.7633679322087442,0.7582739943664619,0.7021200516355579,0.7437411133660257,0.7019087358492204
0.4825497600496983,0.63395936628123,0.7867683189674415,0.6497430685128299,0.777842271713955,0.7399677656049317,0.7193446693282423,0.7589104550663979,0.721626676613907,0.7695639205660508,0.751811859323297
0.4757750318791043,0.6436033458428119,0.8003289764749755,0.6665397764963626,0.7530249867364845,0.7218716685976524,0.7107163484880882,0.7676002720331623,0.742965655523729,0.7902943973156211,0.6954244193957927
0.4968051081911185,0.6160755286381528,0.7084403393697922,0.7050613091716522,0.7492767663306922,0.7039701329237882,0.7603544496037735,0.782694420165609,0.7325950497611844,0.7918099068070131,0.7076628503086839
0.4589229960624863,0.5893396158722962,0.7556087988472997,0.6448073246020614,0.7530608517683157,0.7264401700026878,0.7660378683414293,0.7583517680957922,0.7261285292646822,0.77803828246775,0.6776243247061758
0.4763654093297041,0.6142388719586518,0.8107075348991627,0.5604211768777309,0.6817873177918935,0.6450934299239618,0.7666940981540151,0.7660586072160392,0.7300045794337913,0.7789144991644602,0.7468560475972961
0.4719226834175315,0.5911387234728555,0.8074859843825926,0.5946055606466512,0.7101080753852953,0.6595334753964528,0.7414456446840907,0.7758145849424549,0.7553567979240321,0.7234335615786666,0.7338961692082302
0.4577293838019718,0.5804080091035392,0.8146268951624298,0.6357063164761774,0.742600485703238,0.6747093099197539,0.7731027041073167,0.7784636677370911,0.7834963785513925,0.7079350344071228,0.7294428738291101
0.4688155727202572,0.6115062115574244,0.7450312248312343,0.6317317629406176,0.7553443618393824,0.7049685436531608,0.8084025397912018,0.7955835682612907,0.7571688774017749,0.7302043373925293,0.6967152299434232
0.4739146406510618,0.6625231576526323,0.777439542488563,0.642390185995633,0.7834558892831169,0.7249782578751451,0.7325701977724528,0.8083093395952181,0.7116745588997441,0.7450632084534401,0.7122344904069317
0.4673106919967202,0.6732409415578885,0.7853492369294426,0.6438913382456024,0.7246839510450527,0.7355090887631619,0.7731706163180763,0.7544541491985465,0.7457348978198866,0.7414033368154962,0.7331534261716338
0.436784166580812,0.6368570779519933,0.8226635813635905,0.5707660234223085,0.7656855615610418,0.7247805154675984,0.7579098962621745,0.7447559464583758,0.7599586784714938,0.7720033771084462,0.7212539463227514
0.4665200871634091,0.6476208787312238,0.7585096796744851,0.5815423422497321,0.7944843371939898,0.704799118260444,0.7837141721476264,0.745627946671631,0.7271491722713816,0.7891174330726216,0.746615524300765
0.4545957159896275,0.6330639770026568,0.7760085824243321,0.6330740414050244,0.8086510452652156,0.7269817282867761,0.7417637234164326,0.7638470927373742,0.7647129167059531,0.7509340850491438,0.7588104138305946
0.4608716823030421,0.6021144947363194,0.7873779212793662,0.6520698911194949,0.7610176044776644,0.7429351055203195,0.7815320307613725,0.784485110233391,0.7554213253690527,0.7784056372482385,0.740403080007977
0.4644434639662453,0.619823555302896,0.8053412983058292,0.6689342113066481,0.7548177594457709,0.7735082182886595,0.7984116169859825,0.7813753194260292,0.7885059425495391,0.7431206723002416,0.7422778000120241
0.3925213208009684,0.5928165840276383,0.7566148391164855,0.6731781993192918,0.7698754363731418,0.6998453061699392,0.7430198386268495,0.7587794633454576,0.7678595101558179,0.7221104248489122,0.6881427527776801
0.4100180553317205,0.6281345320790346,0.711674758993638,0.6672557190628181,0.7724118828029081,0.7333538458157225,0.7522656033965336,0.7778059172892746,0.7608006329140476,0.7449608839853956,0.7412241255869603
0.4687714581835719,0.6471743035478705,0.7468552926077909,0.6643787777134064,0.7456143537280684,0.7729315679825992,0.7643926907525218,0.8004475624664461,0.7159045470611044,0.7730850609660138,0.6503280200182912
0.4505330582260972,0.6227887627709074,0.7630864813486766,0.6888275941354923,0.7503548498627408,0.7559455897214864,0.7353967304351556,0.785544927808366,0.7453437599424088,0.7563587730096343,0.7087051267225977
0.4602339865983709,0.6208972447393416,0.7740928622009606,0.6867661716175801,0.7931653628913172,0.7161694041735461,0.7846597347593771,0.7899436390703737,0.7488681656319089,0.7685634515121809,0.6513895251456766
0.4768085263751765,0.6522316518510609,0.7864706007891474,0.6490342258208539,0.7683779299054073,0.7077163062018615,0.752780830632848,0.77395317842372,0.738091773440869,0.7488260826140792,0.6955764266408553
0.4550240690647762,0.6765160826456325,0.7768399853328056,0.6514108518212611,0.8025702390131573,0.6667699404211292,0.7944993965252611,0.7819750865761813,0.7522393754659006,0.7003508439570659,0.7172138322823534
0.4659877707215061,0.6317084798519321,0.7360359298077745,0.6413982882291938,0.7828598716402869,0.6667203348022129,0.7014593327895725,0.7882738006591765,0.755055833119249,0.7248950374425559,0.7430360791313565
0.4457771800974016,0.6613909485229328,0.785841871515808,0.6667004183588879,0.7841270938363336,0.7140490343860962,0.700769155878766,0.794860935145702,0.7659777531000673,0.7498557448726035,0.769524174076534
0.4482447136854917,0.6635326383102486,0.808408039425236,0.6025369672230299,0.7688152885915055,0.7144554794047514,0.772633904578901,0.7555144854966184,0.7526826012473778,0.7609603842631094,0.7532659874419471
0.4486023447273496,0.5988511280464884,0.810300877259257,0.658335975282226,0.705313066600858,0.7240868125112276,0.7305648978694657,0.7784967559232221,0.7647041766300928,0.7637968365372031,0.7890879320361966
0.4645333466289181,0.6361510962769888,0.7808678416780412,0.6714312453923177,0.732681300884352,0.7333238505479667,0.6917117629797255,0.8009532620777259,0.7345679381966748,0.7617471431726063,0.7750022698623443
0.4666598524791662,0.6659531218257659,0.7928800514035164,0.6716990521050552,0.6744824862812749,0.7409727808052005,0.7129318616082323,0.8135532542800928,0.7421885259066461,0.7656462796072725,0.7424293327682434
0.469253354144565,0.6649527605441133,0.8093114230043004,0.6701732206869695,0.7394696014613413,0.7545937643939389,0.7461827214432941,0.8004886156958249,0.695714897900575,0.8012817433247201,0.7477290944372854
0.4769100740064405,0.6648403634395202,0.7897024093984151,0.6915456270459905,0.775237740558419,0.7344098873387916,0.7199073817318142,0.7650056739928106,0.7440481536254975,0.7167069639593082,0.791029170208601
0.4676563490240094,0.6230620498723368,0.8008258239427626,0.6583783009930164,0.765250351191226,0.7443986701592081,0.7369224744914188,0.74533869627214,0.7240173200419074,0.7234659040649999,0.8040768092639481
0.4535451817091778,0.6279003266164688,0.8038844759377664,0.6698091046167916,0.7630648597180292,0.70173726273015,0.753390526947866,0.7737310129807913,0.7727135819653828,0.7575140720414102,0.7749924194870648
0.4157197673644117,0.5947672293214293,0.8007405439996789,0.5940810717713408,0.7852299522752524,0.7212078051577608,0.7395008056811022,0.7691010722493271,0.7603665874067826,0.7558445960026792,0.8014610242770652
0.4276227759285487,0.6136563887077825,0.6241581300248518,0.6241704258387876,0.7413906422281155,0.6943444882479674,0.7490260788323488,0.7542908335111275,0.7494664220949386,0.7590341118422554,0.7483624959490252
0.4354781761803708,0.6651968119351553,0.7255856128022855,0.6295828832329411,0.7577272325719202,0.7303342292804618,0.7162835783343074,0.763364370050829,0.7548692795493962,0.7893087124885424,0.7510416683991123
0.4663155934672573,0.7031626058056122,0.760314709416849,0.6593941872406737,0.7099351973276201,0.7545685480869251,0.7456848091255599,0.7335340855091621,0.7452833861517218,0.7371125649937383,0.7656135802756597
0.4738131334769678,0.6752287894380737,0.8081843844778627,0.6479898873588728,0.7524260487814163,0.6617921283167235,0.7716656101047821,0.780362087527233,0.7476382527264362,0.7586099463476101,0.7314130922922008
0.4498095983763086,0.7122955502237044,0.8269124978879417,0.6598799852400723,0.7812355433069622,0.6738551561079873,0.7846751925675265,0.7767949603216071,0.7431511558641228,0.7604257968393824,0.7490592922343131
0.4660074580773933,0.6956340465567304,0.8088235555588464,0.6908402943701216,0.7397967949666807,0.7204454432761596,0.7598825936122536,0.7827979874050128,0.7533691159224516,0.7444571709752601,0.7493166619110561
0.4254294346005112,0.6078580844232394,0.8025711193752532,0.6706075096306493,0.7248757400358874,0.692229531690689,0.772029550425514,0.771249380271725,0.7565777367215918,0.7407631184315692,0.697832135978454
0.4354007197899218,0.6382031275033786,0.7808590002171609,0.6912052557035019,0.7626181010590087,0.6572391925503307,0.7294208768413403,0.7908982191657015,0.780659802842598,0.6856063657553014,0.7446152552348742
0.4414423636767559,0.6998271482775806,0.7804854263304547,0.639862275669346,0.7743233313820717,0.6870079589159688,0.7492818986594962,0.8065129122363158,0.790545961699217,0.7296155724315232,0.6595068088843269
0.4128792008657592,0.7031785963033084,0.7816385703345428,0.6642009519574097,0.7835231033030882,0.7290340076160338,0.74762072148947,0.803960127252896,0.7407688329940274,0.7346358081200068,0.7266465523131509
0.455547189753395,0.7027068289398614,0.7893425327832637,0.6917706666396803,0.7376853023665292,0.713506730176915,0.7578558630386206,0.8010902775137995,0.7436531058077667,0.7394017938544334,0.6640256508468567
0.4675780758223268,0.740121373719697,0.7579666016423228,0.6931647430154515,0.7649155799474494,0.7186290964874077,0.7547360308979455,0.7843704374830597,0.7511207508269329,0.7626840703104948,0.7187100681181205
0.4673472757232098,0.6898043938842625,0.7652193586088112,0.5929160509312338,0.7475724590578512,0.7355180742486078,0.7295072116878907,0.7871246541765282,0.7359433007212868,0.7754931436381285,0.7472152741756932
0.473613873579032,0.6749906631622621,0.7825141917635208,0.6598999319887218,0.7734619326671818,0.762929012158704,0.7459870699077553,0.7851152757331264,0.7600323728030356,0.7516181864052657,0.7626905271097857
0.4495577696672876,0.6843988445787121,0.7890559907574012,0.6609699888804113,0.7475862431832427,0.7674418544425071,0.7126250559793099,0.7356934449260912,0.7866460761303686,0.7565294458681207,0.7828638880139311
0.4689088947378926,0.714058154943561,0.7634506978691694,0.6703326037057014,0.739879828136572,0.7482519901537747,0.7318347534922699,0.7151942048372952,0.789854994380248,0.7857553194227836,0.7869563548897053
0.4783114094315521,0.6719570412485891,0.8038479376439951,0.6313114574702147,0.7416618845776117,0.7676681927734046,0.7762108191208118,0.7409266045254019,0.7752510651591681,0.8061235689191812,0.7270647502119479
0.4567205775366154,0.7281851696326445,0.8132861457074354,0.6613345473493351,0.7700507093411106,0.7909974936032211,0.7672746514271032,0.7493718324436565,0.7614801783691615,0.7427073049768451,0.737126099401798
0.3821574848111085,0.6703416944940267,0.7718252044477494,0.6292464925079853,0.7659930526110047,0.7727246230829915,0.7625405248974363,0.7748603602629913,0.7409376921910861,0.7583625379809485,0.7230777733508283
0.4181153748234981,0.5574253778179308,0.7980884141601425,0.6401136091800779,0.7756437049842442,0.7556912716872406,0.7698056260274493,0.7679184317297285,0.7027088926924965,0.7663353764637353,0.7427018859625385
0.4356191163956965,0.6259475594545345,0.7997763429257915,0.6540141900658232,0.7544972169358294,0.7146926233331242,0.7704344789913325,0.7972856374962586,0.7521837886337073,0.7084799558699333,0.7017617774443545
0.4466800336216271,0.6830680316339495,0.7850150325521665,0.6334301677052094,0.7517480428182854,0.7243874291524108,0.7577665265967496,0.7387381009167533,0.7455878868485415,0.7480151252401354,0.7410172591761153
0.4363957070095925,0.6283441535134873,0.7710520850119416,0.6422539406248877,0.7848058207725499,0.690235960038517,0.7720505609438706,0.7575136788054966,0.7776887198978245,0.703701340513579,0.6611157660813682
0.438212735230598,0.5814508128559916,0.8036692479495061,0.6496913629264619,0.6731108855721057,0.7014374545955835,0.7764631644672002,0.7295256348086498,0.7514958010688502,0.7378563243110574,0.6945066352233573
0.4533535974685419,0.608489777978377,0.7891606610240337,0.6651008089619419,0.7122650171936212,0.6955656149651432,0.7786096771654296,0.7692243275667858,0.7236454584657578,0.7529694175804975,0.7177790307132024
0.4270682831876016,0.5656304451066327,0.7754873724011235,0.6798341285201877,0.7460091258313768,0.7189714017941682,0.7572409398185076,0.7586077628992518,0.7875724148460601,0.7443931797287122,0.7033117651898715
0.4483187652898698,0.6413212165333331,0.7593021970726044,0.6946941277759957,0.7489068613554756,0.7287951620128499,0.7081103920636322,0.7642128758157727,0.6844728500039124,0.7320895236599954,0.715616029975567
0.4640113550612433,0.6636448472507269,0.7881949680984339,0.6648703502390222,0.7781680480714521,0.7449829888844226,0.7524470329951458,0.8023945617407582,0.7153741551137718,0.6926784980004776,0.7636409660600791
0.4179391749185289,0.6689919658313228,0.7693069255249956,0.6339830449658621,0.7893155857687233,0.6894953658676781,0.7040717561193268,0.7683881164139227,0.7233647607643856,0.7070704934655343,0.7651965846072557
0.4264887572415535,0.623651528900018,0.7276728699068215,0.6754592250664905,0.7507097241087275,0.7200704440632868,0.7367869318237628,0.7890273105438972,0.7608985763724464,0.73796566979829,0.7381527088491471
0.4653707574443127,0.6402306367523343,0.6984248594431358,0.6811004838842586,0.7868062611843686,0.7080273572251065,0.7551272711293826,0.7857073777445697,0.7184236355334697,0.760614091345756,0.7654739783304713
0.4637350565479641,0.6916305169079173,0.7055809033074691,0.6764103911538767,0.7860661049784116,0.7157884016868044,0.700403871973218,0.7905527711664864,0.7278242625513948,0.7668283225511956,0.7548152195523766
0.4815325451704755,0.6705749912971231,0.7573737816794415,0.6302722446107949,0.7918247113261996,0.7206429359903014,0.721727643555071,0.7651279756327507,0.7462621524353769,0.7818439791724672,0.7204398009655244
0.4729353686955986,0.60633595315022,0.7610117492601911,0.6235245078514501,0.7823695473667436,0.7450599056436972,0.7685960302269081,0.7696803141875135,0.7498502085915166,0.7942005369412829,0.7016099559363437
0.4513022152123668,0.6459308080358483,0.7634595875245689,0.6456473689775245,0.7599961344057092,0.6439577806294264,0.7419593489852128,0.7715768875603664,0.7720758875082379,0.7771098962180473,0.7072676206557327
0.4562083666214993,0.6612087590639926,0.7748362779703747,0.6405702737047986,0.7697990395265955,0.6903524389594715,0.7567781907102158,0.7730176344133725,0.7846649992701547,0.7056177680419418,0.7447173569553226
0.4631230046220983,0.6294148093177026,0.7446258929008303,0.6543497447673217,0.7861901559060336,0.6689987391218614,0.7477025964994227,0.8088124683157992,0.7473619948505528,0.7134289076300216,0.760801231476486
0.4495291099783637,0.5927370201574685,0.7897511676929596,0.6648768213056406,0.7767290384070081,0.6974701996124532,0.7852104207290602,0.7847708373603991,0.7727518145590151,0.7430862777742727,0.7868428983393096
0.4395582629908413,0.5400787571538817,0.8178567384635744,0.6483439426681992,0.6977857076612544,0.6749837385781501,0.774556000719312,0.808212258272401,0.7935666382795121,0.7565569082472977,0.7624054962747941
0.445239028244956,0.5548870353205022,0.7027024278590859,0.6634725214454562,0.7240969521101852,0.6687134570481824,0.7400958437734483,0.8132210387950276,0.785072258168118,0.7753971586710304,0.7190594368502496
0.4051669377730004,0.6509209437712713,0.7442889820651579,0.6169434645336277,0.7499387630895257,0.7105223735006908,0.7530301277077163,0.8223801827625492,0.772528665465183,0.7484339279700039,0.7389088236662084
0.3777989172067765,0.6424815525148474,0.7774580350715902,0.6550100843097382,0.767307590681086,0.7200500543674071,0.7404200976689775,0.768789136522803,0.7162759548918826,0.7622999296795465,0.7463276668413873
0.4318804031972618,0.6157819317940498,0.7183537729835355,0.6337978158842048,0.7492736835205308,0.7419990385109777,0.7577383238880852,0.7818914851895848,0.7286497806408596,0.7714931130581439,0.7758897969976006
0.4706463027713347,0.6257677062390454,0.7479627286243856,0.6744221402493853,0.778518192152096,0.7301622090424148,0.7318103776796738,0.756820320567036,0.7375655686015914,0.7417354485644226,0.7568008663141164
0.4716446576370288,0.6361565450127371,0.7790603460362187,0.6331628191303456,0.7903930292114036,0.7463458391376487,0.7548564324566233,0.7841780410469521,0.7167152565077757,0.7506198388852435,0.7427139159935902
0.4672090789144744,0.5791130391675561,0.7855371623049245,0.6583550506021756,0.6767216342822806,0.6976829568418135,0.7566637439980853,0.7933776941412292,0.7354148768061548,0.7186077560502301,0.7451083077471397
0.4887208674031152,0.5735930622154352,0.7712947331157636,0.6607348972065727,0.7146900615776555,0.7136454301262226,0.7401527268850091,0.7925422276398969,0.7809664041018225,0.737725832493775,0.7846343017801979
0.4782316399789773,0.6140251109914345,0.7977259554316296,0.639205428997983,0.7331173615704922,0.7389270356608801,0.7461615590425562,0.7442506401532236,0.7554918159341178,0.7733151686142512,0.7197793081454411
0.4812241871890789,0.6319881706620553,0.7681800471690228,0.6526252472595369,0.7461790045266443,0.7604325454368787,0.7381453914314917,0.7787787457074419,0.7647661804119807,0.7285571400741058,0.740847027987633
0.4211103298552224,0.635838096281603,0.7460768954622851,0.6683159402903383,0.7772740139994015,0.7615065115011358,0.7197731568266439,0.8073237216050397,0.7771144968703444,0.7646868149223474,0.7141018256733694
0.433500237595466,0.6075478874437527,0.7496240162835168,0.6818469104527115,0.7666949892989662,0.746938795865274,0.7125066259076728,0.771869964363792,0.7221317378534309,0.7414997811331379,0.7752404117388605
0.4466138282372667,0.6362882769119598,0.7978570579093307,0.6872674309898172,0.6699800720981578,0.719339732609614,0.7313354108254173,0.7653519781225986,0.7390137341015526,0.7463648649213009,0.7758791932002264
0.4231450933836027,0.5427174071235975,0.8218528271088233,0.6876782753554339,0.7192523860884998,0.7223237001001286,0.7478462593464488,0.7326009466467153,0.7814237641965961,0.671050825515504,0.6723323888569694
0.435485142321556,0.5740609112328655,0.8062933452685183,0.683772369940148,0.7440915299725621,0.7517945960233768,0.7448187626690479,0.7472052968127422,0.7285566075408263,0.716071330490521,0.6852778237420185
0.4401433984212167,0.591540687693848,0.8072912522437569,0.6890971837597637,0.743819194855941,0.756551166916017,0.7754386497056307,0.7386385029475574,0.7311869617502307,0.7174639653208821,0.7149320176715961
0.4656587408139703,0.6371394963511806,0.7642714521150578,0.6965514255841547,0.7512549877212964,0.7477495041464055,0.7280527992351429,0.7389205684914806,0.7305408012933535,0.7439603270996016,0.7672121763576532
0.4430714275177458,0.6262034609390719,0.8004304713979995,0.7060510760380379,0.7353716392861468,0.6770649839888814,0.7768700863451434,0.7844575866767278,0.7470703139957127,0.7502301598911609,0.7893828663592962
0.4527400527853289,0.6526929342033068,0.8287865346642633,0.6885197188267119,0.7679721223109396,0.6903748311825746,0.7980860013135647,0.7732496601976098,0.7262150833456807,0.7328953913630026,0.8087402783703238
0.4756032564291906,0.6548527280486125,0.8000690507056307,0.6764798393724114,0.798093361591443,0.7370489611567214,0.747406010409508,0.79621128225165,0.717568600767173,0.7314824835686168,0.7554152405162545
0.4772521726082546,0.6634629473140392,0.7667824341657324,0.6327255176210981,0.8208506049528269,0.7318970442923762,0.7481923744652054,0.8016978283145623,0.7625799297963716,0.7095955805942606,0.7621822809605157
0.4459540841006639,0.7152438912043967,0.752941405481368,0.6497748594944951,0.7296824264127089,0.7489928717041818,0.7636911366493151,0.8045410392847185,0.7764541089164647,0.7285661003218332,0.7018415509949881
0.4829219693131894,0.6669459801624479,0.7823989068422865,0.6560864160164923,0.7654009643918611,0.7174345851223216,0.8022923201708482,0.8036271146448895,0.7838921877765112,0.7489984968426677,0.7438126293391931
0.4490297951490727,0.6527285653021779,0.7406225722409717,0.6779625630757946,0.7890528080622938,0.7452021611750532,0.7513149863470536,0.7723520163424188,0.762886098367877,0.7532442263986685,0.7642063792458145
0.3978066938242011,0.623623602029019,0.766326603853062,0.6764542104598541,0.7840948565914827,0.7267628838737419,0.7023614338632551,0.7865016375694551,0.7765087690226483,0.7398394069710703,0.7478538381479136
0.4329898560217825,0.562460400608568,0.6598399861515322,0.6896223114526114,0.7468028160507192,0.7138262379527059,0.7455155538667333,0.7873506715123164,0.7947615462960521,0.760561276219786,0.7670228943502573
0.4189080498419313,0.5658616380204347,0.7160724798791328,0.6217247117701231,0.7553378542992997,0.7409367480055657,0.7721672540661383,0.7850329204089181,0.798616610476165,0.7463667706194246,0.740700461795059
0.4399121633132339,0.6372157083687081,0.7678595583246364,0.644348531109632,0.7556854383701244,0.6840461359944408,0.7216140727902671,0.8098764461476894,0.7581977782103383,0.76864243230723,0.7686513186843418
0.4490939001142269,0.5975519122178667,0.776628979421349,0.6667031991995254,0.7723828423462585,0.7020310825644347,0.7589261286627595,0.7770911422291177,0.7922813504716129,0.7623405151593213,0.7304302669792423
0.403719479501108,0.6294789495244948,0.7420194405463246,0.6695937195491325,0.7858391170264698,0.7333552678938651,0.7146592773050505,0.788659341600712,0.7387391228118441,0.7580396201875489,0.7390195966593889
0.4350078382695361,0.6553604907014439,0.7988541442036228,0.6734177313331655,0.7464222701814485,0.7688767977298752,0.7549813870385585,0.7751163783161157,0.7169670500628406,0.7612371758968963,0.7653053228011584
0.4496487037064391,0.6559509177159956,0.7910008140038024,0.6809996151127218,0.758485563141579,0.6715194750317185,0.7861368937967389,0.7146009873864311,0.743838275828555,0.7368009019230541,0.7622899678289279
0.4104200696837818,0.6836951736653434,0.7616627559711736,0.7217201128426591,0.7702488466207421,0.666591737858717,0.7913346148513268,0.7564665339406664,0.7586859849227525,0.7440452788860742,0.7857875907185161
0.4134619286875746,0.7159084453251092,0.8046520879507199,0.7321184870895663,0.7080672542284875,0.7222053340058481,0.6559020094053754,0.7843363075936416,0.7652758850248038,0.7821095389050678,0.7740180467882745
0.4453151525586366,0.5991122332993318,0.7870817306999837,0.7131688672051788,0.7180196670933143,0.7424097609274902,0.7102792441714714,0.7782850671122827,0.7791903439973107,0.7981243922693422,0.7597771084890107
0.4456360813301058,0.6499185473888862,0.8164028234783228,0.6313472993221839,0.7462133807993787,0.718078630671741,0.7215394236577746,0.7986609936097127,0.7208138988975181,0.7466478851079529,0.6962103447566175
0.4764043123714387,0.6655206535142142,0.8227495940958147,0.6456118499440915,0.7665976153092202,0.741358138918699,0.7287776578819307,0.7711571427766908,0.7491136003958108,0.751876279795749,0.7510156033993496
0.5006820341311496,0.6045334773090383,0.763953835523899,0.6393633433993381,0.7848268981678092,0.6952417335064757,0.7364638632943894,0.7446033897561495,0.7443939695486324,0.7342599105681902,0.7596888015212926
0.4972010749954978,0.6233052591445678,0.7779763636002041,0.6393646539625814,0.7951052307689349,0.6984330825020664,0.7093097898728341,0.7665765591683995,0.7418092081555173,0.7345432287348577,0.766629726944053
0.4423932978810338,0.6054844204523702,0.7815828950404029,0.6633074647024695,0.7653134812888589,0.693489946156891,0.7593517447659239,0.7689011199241682,0.7581896534663518,0.7436734851591873,0.7211828128425385
0.4294714834757571,0.5473485749199671,0.7289470933030193,0.6814112499277629,0.7568806355922443,0.7131408675630658,0.7798933723994601,0.7319904812419474,0.778719594574171,0.7668131186095171,0.7431093313584386
0.4437348501959887,0.6072517863397509,0.7313702526000418,0.6471986046804233,0.7403145061130484,0.7327377048928563,0.8018745450712643,0.7760824945444312,0.7802532858582997,0.7423097091196782,0.761483832603326
0.4739865868273364,0.629304883263162,0.7819830801815775,0.6159433442224688,0.7403266999127885,0.718891439676193,0.7857918882332723,0.7530059611765707,0.7822617783450475,0.6674008199739296,0.6947060112287706
0.4799383694210024,0.6410099192117216,0.8209824701712238,0.6691200610093264,0.7391294715556297,0.7130915091765535,0.75086515651858,0.7555447319954319,0.7882673107732974,0.7240743851817221,0.7414073964401926
0.4763872064469053,0.6588457091844879,0.7680936863529253,0.6057575852550344,0.7475666009256083,0.7231947283507983,0.7585857882368485,0.7744659261359425,0.725707247410197,0.7542093841549788,0.7545095399449449
0.4459262696675491,0.6694290742171095,0.7936063392430118,0.6377267476109405,0.7874179069340265,0.7204317783121841,0.7600427602712316,0.7843392733114904,0.7303378574936659,0.7542509067295294,0.7570482112379974
0.4627021821374544,0.6080283748856546,0.8049544560027269,0.6912043618173958,0.7546529411836572,0.7144196921575575,0.7745879310780892,0.7956669829162863,0.7459077364466729,0.7422206695013311,0.7485032252539455
0.479156505339621,0.6295884958197835,0.80859716859167,0.6949629609184086,0.7084887436213512,0.6632722394706506,0.7287912987363694,0.8131795703155736,0.7840060237769194,0.76363453604122,0.7194216484406897
0.4999239437628345,0.6268964482609576,0.8179605618773337,0.669395450291242,0.7254942944784659,0.6748663124006096,0.7135579660795145,0.757210909333116,0.7214998811846625,0.7177706582659621,0.7354716973318078
0.4273677250126456,0.6326412143306187,0.8260404712511384,0.6819692259889827,0.7332034312187352,0.6908879584971802,0.7188105079987703,0.7611493518820738,0.7392491698859163,0.7363516105225123,0.7567029422679121
0.4441624830843375,0.6704616685069488,0.8184163630052281,0.6031036668090978,0.7194586919327346,0.7373978827238292,0.7683271126550226,0.7718928222409633,0.74407383357093,0.7527620177169299,0.7788965658141
0.4677185503008996,0.6784977790336691,0.8299533652604816,0.6633833297732352,0.7356430041147106,0.775925554493573,0.7454867685028136,0.7997423317111554,0.7595247898443735,0.7302099188138638,0.755240953174434
0.4354852179396344,0.6122540786074029,0.7954219787207032,0.644771498668191,0.7044594714107604,0.7290015546735532,0.7871484110838964,0.7851199606756234,0.7577051246608512,0.7482797641988073,0.7563201051390712
0.4275114738734201,0.6366818295650892,0.7970130016475928,0.6573606090029327,0.7274999083773086,0.7806685675705917,0.7891612556965003,0.7325019084156084,0.7381920701671874,0.7177138887220212,0.7621334409425691
0.4429130214574233,0.6451478056958164,0.8049753519822007,0.6744727989697268,0.7587002274331753,0.7720140775742791,0.7220829161104053,0.7825400391098829,0.776976409730159,0.7504525866762541,0.7867761559550548
0.4297127076141314,0.5668439863873038,0.755006236342717,0.6868740010613812,0.7885820983794373,0.7191056766866037,0.7013631167301398,0.7838532977381398,0.7583247056798896,0.7802332036290951,0.7883142042094877
0.4468444456444629,0.5331551716916615,0.7817110541924328,0.6727001059154891,0.7574826772687374,0.6941824436538834,0.7385116699740698,0.7868583981965434,0.7673663353139679,0.7062427371131492,0.7837428720785621
0.4149833155747501,0.5617675880125991,0.7606209340328546,0.6579962981275882,0.7694076714502389,0.700635697339991,0.6732792482188186,0.7894961640478637,0.7770332387432324,0.7464403402895042,0.7926794496054977
0.4525061478108315,0.643127918496181,0.7711560515874931,0.6790379776857132,0.7628096038847011,0.7057848215349364,0.7349526704679454,0.7762564003090433,0.788499744317122,0.7696197511177147,0.712053049765338
0.4475523599579233,0.6804223546503751,0.7806895581151766,0.7077931836272833,0.7004654245262477,0.7068396566594365,0.7485386852001432,0.7872557777897427,0.7624930504816329,0.7358700257412286,0.6908733273894028
0.4668539669049427,0.6407139112207341,0.7184862227016698,0.726456686483555,0.714914923611562,0.728501086840807,0.7656184688514767,0.7943439135548265,0.7997538793638108,0.7496248088094355,0.7165691312988931
0.4705375401648992,0.6375537771507043,0.7466223093577607,0.6498304255754298,0.7465635712710537,0.7487859315137362,0.7758221022957336,0.7762513561533437,0.7334323904190314,0.7400855894934408,0.7352748687368433
0.4461045859183138,0.6479154876988824,0.7645081260550232,0.6484047046209247,0.7492733939346965,0.7730519599684837,0.7930674210953916,0.7035377042257195,0.7609096169021348,0.7718575322080773,0.7503040989979057
0.4768421390307961,0.6583815324395584,0.7885122530004597,0.6349197506858257,0.7547542619493565,0.7240184648799932,0.7118042501446432,0.731671322352965,0.7377712941648196,0.7820618573411133,0.6385896883335508
0.4487725128480244,0.6649917286931336,0.7232039225728409,0.6153516249933599,0.6794030318845883,0.6605533313298732,0.7266247929562208,0.7704348604027087,0.6972439259246016,0.7581912359100522,0.7032694020460777
0.4577620118673443,0.6894983424245547,0.7691016848659071,0.6379806744429386,0.7161722978172131,0.684236527888261,0.7453331628794999,0.7948629033244669,0.7216123808982927,0.7685674474813298,0.7335763003068037
0.4612914965078667,0.6859092147120824,0.7877206329154995,0.656477898277954,0.6962652840244618,0.6967473609783768,0.7670648563739434,0.7948181033769461,0.7474078234533625,0.7483131185026183,0.7647687184866256
0.400295291922851,0.6610217243403633,0.7699289726500063,0.662453152150342,0.7422519265658825,0.7358259035363706,0.7238725531844727,0.7331807145334462,0.7542093606052249,0.7509488407172238,0.7054946824081657
0.4348291646586295,0.6293694776123641,0.7838659132261127,0.6651966526203609,0.7462797062282169,0.740602379538256,0.7497849605219875,0.7608858801075156,0.7660292773035372,0.7602812244311687,0.747160711923621
0.47051291948866,0.5990943423946873,0.789809878815743,0.6706614489675703,0.7468636907613527,0.6686154572487777,0.7580050492522781,0.7876678320646817,0.7658391240287808,0.7483919772017337,0.738272015978544
0.4821433818545544,0.6241147504762947,0.8109202078463686,0.6717514807311138,0.7883975828619059,0.7101027853456919,0.7715232968404993,0.7938536084961287,0.7780983717228389,0.72508078404611,0.7828302539852336
0.4870783024168493,0.6517849909120825,0.8039195960244585,0.6622945569259311,0.7654897876358382,0.7488991392022579,0.7618158772340334,0.7564518506449436,0.7457002103779169,0.7505460099135017,0.7946323484228587
0.4468273258707101,0.6355422439675327,0.8155061670009456,0.6293908874883966,0.7302349608812392,0.7345419737963446,0.793426830266399,0.7439524660161261,0.7912360864676822,0.7373387845101338,0.6783539868851056
0.4382654738749855,0.6681412843043498,0.7468070206282668,0.6214416364843572,0.7397960715134322,0.6952846345797223,0.6840574003883235,0.7881127063985467,0.7671399010190914,0.740015160948558,0.7292115640181911
0.4523372523672082,0.6429597350758646,0.7445389169081627,0.6316422592587179,0.774000006583881,0.7261516020221834,0.7194263774963934,0.7398913851617666,0.7571026581475507,0.7680613656737012,0.6880697216795343
0.4568448429266165,0.6869920932439576,0.7742727099811475,0.6260432431058846,0.7987536730704237,0.7233913161584151,0.7503530095105297,0.7723165895670818,0.7670372115930473,0.7281151831918204,0.7506666092780284
0.4392615939721016,0.6364664519933674,0.800365134087219,0.6338260439418151,0.7696776836188208,0.7012551055970259,0.7335667015242088,0.7793715481360002,0.753798853188466,0.7513374423624559,0.7834599319737063
0.4371738851292135,0.6411831612397358,0.7554179765383017,0.6711671385111333,0.7013216184866023,0.6969030026703326,0.6858522476191182,0.7908856815730965,0.7218716870378501,0.7227854430084316,0.7625172638975858
0.440463229838687,0.650480777516964,0.8124960214411823,0.6573400468205275,0.7433586162636228,0.7194198858941578,0.7044675020935149,0.7478845526814786,0.7110629358852659,0.7268968347259352,0.7706212742628327
0.4527028503157636,0.5833773600805844,0.8012138186936902,0.6973722091353546,0.7569227611908825,0.6938633306000431,0.7264299096042401,0.7526253162451222,0.7329590657639904,0.7557553618636085,0.7294756873408126
0.4166124434160067,0.5987806102514046,0.8224481656953873,0.7109459901362145,0.7618955134650788,0.7055111330600012,0.7130221832150218,0.7499069830841968,0.7839042713991088,0.7317779361800699,0.7377246255396803
0.480185271056822,0.6321924753523442,0.8329020815152832,0.7143427540037046,0.7765960362567064,0.711034708530179,0.7201878304127036,0.7560714804248111,0.7521281556509924,0.7707886211089467,0.7372835389246726
0.4719518503575988,0.6375471781045436,0.7678489054181482,0.6459257444515248,0.7325097047253161,0.7157265953135517,0.7276738546304239,0.7468186668631511,0.7612176784403961,0.7469671528410038,0.7571883623480031
0.4488342883263339,0.5929878604022644,0.7926517827801554,0.66060008948659,0.7615083937026553,0.7509978935181587,0.7498600855242123,0.7398526732651028,0.7669388361699006,0.7382631637780787,0.7765683940343603
0.4525179695972187,0.6259875393237109,0.7881608446522883,0.6560505878496825,0.7645508770839224,0.7285260065862034,0.6804796260450381,0.7641480743541813,0.790098571264888,0.7604479716993544,0.7854104777217603
0.4198041989184425,0.6288120669867923,0.8202639116968979,0.6369860047856436,0.7377045927817475,0.704240675757661,0.7226631142674105,0.7759685207068169,0.7423135135352997,0.6891474824137008,0.6363098606846742
0.436373514791227,0.6554079111219355,0.7601225639833287,0.651903894186816,0.7572986358819864,0.6804793394571753,0.7607169315474634,0.7964131591912761,0.7560268838327607,0.7212900240094979,0.7126187937786828
0.3762423298558953,0.6311643870761438,0.7584770342114149,0.6605982596009012,0.789428568915669,0.7424996453243171,0.7632956993182469,0.7448599015071237,0.7572170832475025,0.7613155251700312,0.7688820313087052
0.4308003346139586,0.5816175305617128,0.7872958800181942,0.6806263031806838,0.7904117429844818,0.72759969915632,0.7701735242035042,0.7613171919824826,0.7924727411881034,0.7580569481607222,0.7440765075353478
0.4580740295780426,0.6405204990862532,0.7310152668746505,0.5827798971357603,0.8084365228143329,0.760124486764845,0.7748643290745325,0.7703440555184449,0.7656745280368825,0.758547275968054,0.7542310294496822
0.4492981329087111,0.6782247914407211,0.7560043760384841,0.6284432427150444,0.7929597821569749,0.6740293951005173,0.743556521884808,0.7892675581929905,0.7415056779422697,0.7714272901945346,0.7204453424612133
0.4597720867986874,0.6417030073217904,0.7815312737481727,0.6018223896787612,0.8076412788514719,0.7131414441711998,0.7504180628674124,0.806992836220684,0.7350989814019028,0.7756497099259393,0.7226930772635975
0.4362003746374795,0.646793668054243,0.7916000460366941,0.6609975459958386,0.7490084076296273,0.7366862722921601,0.7430675389206272,0.7186227238855628,0.7006819099392816,0.7875009323189764,0.6959522500301109
0.4638016037190055,0.6127005730548557,0.8140439814024307,0.6338797423710931,0.7580297986949567,0.7111382734527324,0.7641182237032301,0.7611605963177368,0.7533946853121918,0.7130746831658109,0.736841169648448
0.456239582919498,0.6175454962019,0.7607549242338139,0.6439299199700262,0.7553355746592448,0.6871845455060795,0.7842429854289279,0.790214646558113,0.7376567809586165,0.7210788304500311,0.7662643492796383
0.4771370940036257,0.617577002665502,0.7939340950067817,0.646835057035902,0.7418212002295652,0.7196529409911487,0.7265841740699779,0.7322810515811318,0.7120064294713861,0.742926618230451,0.7525262626781021
0.4483555744933853,0.6079018971507338,0.789348627066176,0.6107556622976361,0.7469530846101781,0.6831723990932876,0.7416083728656035,0.7799595057577424,0.7399716627986419,0.7213622745124861,0.7629033553871485
0.4881327997364595,0.6259599231823088,0.7657343996161015,0.6264435439106257,0.7514120500040542,0.6933284336303618,0.7479428394788679,0.7926858728618847,0.7303800604270213,0.7420710404468489,0.6866210750765788
0.4386767278585127,0.6489514663417888,0.7716068020545312,0.6222672057551603,0.7142522432592738,0.6810442746608695,0.7629991981487936,0.790389692650017,0.7186371268310501,0.7311067320202139,0.7213831994322903
0.4490222265373612,0.6401181389383762,0.7780131099108731,0.6318187456103983,0.6836027066592459,0.6858040130464227,0.7873731842141899,0.8069188010604277,0.7397609808588244,0.7584282053404292,0.7699903404958397
0.4220772054947251,0.6267388458399761,0.7598330924766413,0.7114820163781227,0.7317466511060629,0.7232583340805625,0.8092477798562547,0.7600312897872805,0.7808695932190075,0.7809332951589318,0.7389403607530078
0.4383377146318451,0.6525372916884686,0.7657762358144022,0.6649670959672043,0.6875380751310107,0.7436969951867741,0.7915943548384069,0.785104402882032,0.6897510120462608,0.7818561859997262,0.7519834692239934
0.3997392589345664,0.6270488492221131,0.7562652305538168,0.6710796054275583,0.7358723726784816,0.7485461694475176,0.795876254950443,0.7521124995352136,0.700167008276302,0.7353068419147234,0.7549069887402725
0.4251799507354227,0.6302442545451518,0.7775911952492653,0.6886077271909437,0.7532463735900586,0.7314243249022252,0.8006623722821316,0.7371362573746938,0.7284590543312823,0.749131930242413,0.7904906318128215
0.4604041827588728,0.640298633372077,0.7255033764102498,0.6872653129387886,0.7667433451045824,0.7381940192061831,0.7378686539640569,0.7534614590476597,0.7611828531718546,0.7136110264529969,0.7439794065313136
0.4524478018624016,0.6369854508493404,0.7616308646930923,0.6540661524482532,0.7420668909815026,0.722471544761493,0.7457054797056156,0.7480621722614709,0.7493723891334085,0.7291271445853449,0.7487844731792346
0.4449747482959934,0.563260456234961,0.7909848339528421,0.6445404762191153,0.7154157176014313,0.6615434508089512,0.7804363741371687,0.7677513771749979,0.7259690120494762,0.7599316887063152,0.7643931087061859
0.4466831879574975,0.5870744441306794,0.8013544342618664,0.6679170859121064,0.7238894742309719,0.7049705585961645,0.745246022770023,0.7902012480032498,0.7497602264834224,0.7592004238067501,0.7555492856818424
0.4283996213674338,0.6067877666505758,0.7460223759737388,0.6857429921336364,0.7484443630815678,0.7409409158906153,0.6943494161946846,0.7963648921699614,0.7509440311851631,0.7677149096873488,0.75002735832834
0.4423929694046543,0.5798669406808178,0.7593874374122991,0.6576786995893631,0.7231385980262546,0.6863684908268826,0.722860396583443,0.7845564786869476,0.753632106353566,0.7139798275851649,0.7544528872652279
0.4516323016887737,0.6417983682950302,0.7965239234989838,0.6618280031476481,0.7295118377778806,0.7197379044460588,0.7545879616705311,0.7835517533185469,0.755971503435316,0.7344009048865943,0.7708068181536398
0.4504843497544462,0.647928648983179,0.7594604818307353,0.6805361623098916,0.7397896899555524,0.7432744136652824,0.7769886753773689,0.802792353684344,0.7535864482296294,0.7621651782074198,0.6866765356624976
0.4487033285539176,0.6213203903128116,0.7747933635028357,0.688621341197635,0.6966054149642401,0.6958151883936216,0.781397321015805,0.7993910678471733,0.6953131974521275,0.7137255828185292,0.7075467048996193
0.4581413034543766,0.6249583491521968,0.7529282080354065,0.7044481038928858,0.7628373524639591,0.6462619874457253,0.7718076077824984,0.8133484127985824,0.708155751425056,0.6846213863589492,0.7108110447563731
0.4495963578324778,0.6381989368280718,0.7534029426623841,0.7146420263562077,0.6920339130135522,0.6738537313847925,0.7804817413275895,0.8177619566387927,0.745629007569862,0.6986544267765895,0.7535014872895707
0.46592306633305,0.6850816940710163,0.7804756761470839,0.6938333977367105,0.7235055877065,0.7078963617207658,0.7811589387450275,0.7258283096202558,0.772501003320371,0.7113061381372563,0.7509710070944179
0.448532236885627,0.6454803687161125,0.7571612100291113,0.6974534109726809,0.7690721873382454,0.7349904135712602,0.7432435664592971,0.7443300890838513,0.7885620225067054,0.7157171843790514,0.7256816713018895
0.4412518067526568,0.6662778922659562,0.783219262873622,0.7071225385464177,0.7003732385107718,0.6232760967230623,0.7579178848955295,0.7522687749952515,0.7517424032479134,0.7532971664876983,0.7346713597064582
0.4558224909972135,0.6365748531235108,0.7848056197039605,0.6365189866402977,0.7416174026785689,0.6941630191956307,0.7622114992207476,0.7663893199813195,0.7570719826093297,0.7354106511364931,0.756694591788148
0.4229542103557148,0.6377176710629006,0.7570435294067297,0.6648545734298223,0.6681980750400607,0.7117790482992101,0.7385688860276138,0.697597067958671,0.7541840240758939,0.7746348877187064,0.7767515928577232
0.4444859861261742,0.6133663903788813,0.7719940772374696,0.6590792452809418,0.7125129735972757,0.6858222639842376,0.7613613047129133,0.7403174976717876,0.7356152445135811,0.7838277136949701,0.7297290396543415
0.4286645457205653,0.5721664640382014,0.7852410692590155,0.6918961513141713,0.7343173876833007,0.7032756724483417,0.7518899605171798,0.7308367065818049,0.7595312405500395,0.7468575732106909,0.7437799017113143
0.4701891839626261,0.6015246892721927,0.7960424875424714,0.7131537729601818,0.7339081587032668,0.6834452199771978,0.755139111452825,0.751362924931443,0.7253909386079584,0.7235739617536529,0.7555207387966782
0.4724276571203044,0.643259319975249,0.8195264691543797,0.712604618511901,0.7418473007242244,0.7272875054579444,0.7645048540822303,0.7673487985087595,0.7538605674200008,0.7538956321059785,0.7522532847890037
0.4287633147275417,0.6523804845636383,0.8091121031818878,0.6558925370813473,0.7533738638688233,0.734659579496322,0.7478201579292879,0.780037264469033,0.766977059453311,0.7800631378489309,0.7490414998059368
0.4574443094398701,0.662330886978591,0.8304957031660887,0.6450924340418599,0.7324587767936291,0.7209894450306615,0.7297260622292048,0.7532864413906317,0.7382267532459721,0.7119080657606319,0.7098512291906683
0.4745368057655299,0.6034747838047609,0.7789187420020262,0.6502872289954408,0.717225445554705,0.7230037288439857,0.6735047700058833,0.7746244197897333,0.777214554368846,0.7238247288505737,0.7417302941188562
0.4692010571432123,0.6402635506782499,0.7494785506138658,0.6316864414610683,0.7271226019246972,0.7691271593882276,0.7428333957349995,0.7807395760173312,0.7849997614457541,0.7570727525008476,0.7696826108804895
0.4412687991343288,0.6428885765053237,0.7907493049355305,0.6701866244896311,0.7559374327128501,0.7027244092574895,0.7688325650848775,0.7813257849624257,0.7746717122619264,0.7637850395115766,0.7673861108457412
0.4467250298496683,0.6186836378235018,0.7475624352197616,0.6771274175981126,0.7762680062661766,0.7091568663306629,0.7705330316567861,0.7775297282240291,0.7442200981639443,0.7644070181153757,0.7307992455028576
0.4385639323482478,0.6410665447413254,0.7699679788192437,0.6843448098698421,0.7676385346317793,0.6394208582132406,0.7456314941132806,0.7827445076598272,0.7603184128131524,0.7581155361821941,0.7018618867903403
0.4654245761188658,0.6052286177824422,0.7409891609948239,0.5960002543226636,0.7958873298379331,0.6871414143594252,0.7649711764584339,0.7370060454878614,0.7709309945898641,0.751048026624502,0.754412516317744
0.440094318376964,0.6147012617116983,0.7713567188553395,0.6498971483480298,0.6954218387936997,0.6844514831725046,0.8087637007969198,0.7684093901352544,0.7565757798077507,0.7481651401517381,0.779590551336002
0.4585675284127464,0.6177050855177126,0.7193379777540745,0.6362475991098513,0.7169915586328881,0.7033002117420835,0.7920566596056463,0.7485265332772015,0.6607417047211209,0.6556459005422681,0.7719262768393997
0.4607193031637577,0.6279643813652125,0.7664642143730991,0.6115938296803929,0.7353775901880075,0.7110247583564961,0.7960377657301514,0.7636007669914042,0.6961955812411732,0.7043283005129699,0.7780339961743834
0.4629705663906969,0.6536327864295612,0.7570077176891225,0.6274414232492795,0.7045174942012935,0.7041723911389005,0.7392218531544362,0.7556297847799259,0.7254680192524947,0.7099473165519703,0.7261814848600563
0.4456820791454404,0.6044911609455822,0.790600761839612,0.637527098866387,0.7513881794178419,0.7305015775470405,0.7397800117815617,0.7566861627636392,0.7065862479520874,0.732674059710746,0.7635041763709638
0.4217434228199149,0.6388559836736494,0.7565295083728003,0.6094991032114857,0.7536222019448477,0.679279525487551,0.732552353638044,0.7690375409867223,0.707220373480401,0.7492048646248441,0.7715653656675383
0.4390851731936421,0.5917836847627033,0.7497952346491258,0.5848334428276144,0.7395363606557152,0.7010102192874234,0.7490961803145618,0.7569955737524559,0.7066561850593226,0.751902109210618,0.7924888397167202
0.4707242091030073,0.6674416864874122,0.7522083080986016,0.6396349335843481,0.7114798140157534,0.7010931540619966,0.764465708947806,0.7542258637837533,0.7387690641722887,0.7611001328531892,0.685073919107576
0.4407670713213312,0.5925648825828191,0.7862442795496631,0.6670040787313087,0.7305638072576643,0.7305140822187002,0.7203097174811177,0.7557087564329439,0.7388260850502002,0.7577980272305475,0.7453448211134044
0.4516494548102216,0.6151879618373424,0.7937382775710228,0.6960743795964504,0.7432988387076361,0.6660979416558404,0.7381188881910794,0.7740888088231485,0.7547468595940903,0.7597084589626668,0.7529727370264507
0.4740025207853247,0.6332515085678652,0.7487362519353948,0.6614333336587551,0.7766331714001746,0.6921739032879077,0.6803883958912622,0.795980550757178,0.7247936820595411,0.7600378763921232,0.754807104583897
0.4706578329121138,0.671676847912668,0.7735917480195655,0.6729356828086839,0.6901527841558311,0.6971843052061304,0.7161505894481095,0.7383351271787818,0.7574615743351263,0.7487504640279854,0.7340895978814379
0.4584845239708732,0.6041676255162933,0.7991881370218668,0.675774419893765,0.722364192695474,0.7078492520245933,0.7241143261185341,0.7648060515949436,0.778350558438905,0.7612407904718846,0.7365551069481031
0.426365092580768,0.5952829719976815,0.7941839641841711,0.6835897542899747,0.7343775820322491,0.7067503267606168,0.756250950735336,0.7923646084465192,0.7810413660853248,0.7362035202788316,0.7573109269316864
0.4534074484009371,0.6046834058241299,0.7917591967475843,0.6669184007566216,0.7712390208846083,0.7284363768131035,0.7673086628601766,0.7725660206881231,0.7942005197576706,0.7184321703039356,0.7920094988103832
0.459592160563169,0.6387242671123191,0.8116989218811779,0.6808441459308124,0.7476791211127071,0.6798022529364749,0.764542760790006,0.7465022038208339,0.7773871855541763,0.7261646104023353,0.6859875127127358
0.4576951894841243,0.6487518582058447,0.81434788463779,0.6821597330992261,0.6996745850364957,0.7115643100937641,0.7422803640469077,0.7665202105719868,0.7822274153448365,0.7447377327746776,0.7255324702884631
0.4235864613285209,0.5326687882161177,0.7531815794944224,0.6412517670097369,0.7448592244580969,0.7160338029430318,0.719877512689108,0.7682775260252174,0.8060393696600021,0.7430030521114965,0.6964006103181323
0.4510876126661239,0.6177770378059323,0.7466664265025992,0.6599012410534197,0.7594296662487552,0.6472962227569546,0.7571468000822037,0.8003860917706268,0.7776441488177891,0.7656456300133551,0.74264695752235
0.4588479980119359,0.6289083821739758,0.7759853450138052,0.6446257876796596,0.7719097137961859,0.6888332241217112,0.7962125239160354,0.7438953457581505,0.7514839989140202,0.7515111949839967,0.6480952572871851
0.4582970925895382,0.6271802639989259,0.8001513692632076,0.5728491301078797,0.71008164885715,0.6962968508420724,0.7207819542189495,0.7520363932884241,0.7815666072364948,0.7854057138981536,0.6763029519522393
0.3751114088039848,0.6629266919473575,0.796099297125978,0.5803149046530622,0.7055237912159039,0.7293939461290726,0.7300769577954654,0.7629552681333576,0.7596377180712125,0.7559426831399961,0.7008919946155001
0.3191645625565171,0.587562915829835,0.5193951177362448,0.5225568949122693,0.5233365449828039,0.7394877214384119,0.7180355635498267,0.7558643619387142,0.7356256047372574,0.7417859899848588,0.7055044108567381
0.3177595690278676,0.5471368605537978,0.5307610237833413,0.5151690091908407,0.4740512695788351,0.7443639626620424,0.7337571047254668,0.7753887366858768,0.7481649773639102,0.7376274339327915,0.6929769879064986
0.3179300057523787,0.5425588758881402,0.5452795164500814,0.5174581417603039,0.4644781692266324,0.7549438861090063,0.6918956760156748,0.7828923099389904,0.7737501240488238,0.7733366086417304,0.7155350328201282
0.3228890282445039,0.5575838510130929,0.5471724301040248,0.5455413791421998,0.4811439192988938,0.771837923587835,0.754068990037329,0.8032232864467432,0.7800182366652602,0.7278598837665139,0.6656105709502711
0.3262608090212311,0.5636197460984593,0.5468675406079628,0.564099134504001,0.4942288550728148,0.7391990657989074,0.6861566627824329,0.7511239571409547,0.7102551515597465,0.7213370979267807,0.6879261110039441
0.337594538296372,0.575241881573467,0.560215881304245,0.5505628609498696,0.5423280849655112,0.7171150377988031,0.72632613760014,0.7833894180102404,0.7417039754480863,0.7282972841781582,0.6485184720972215
0.3214366684556378,0.5802034396297207,0.5715301278792077,0.5054781169273258,0.5731942924339255,0.7228102347533916,0.7372193303304109,0.795375245335562,0.7481042303497231,0.7516860409941291,0.6458953303622368
0.3354764608532328,0.5758958356158128,0.6019093803496666,0.4984798240532158,0.5409008189670018,0.7258877829248269,0.7175395151395368,0.731121310907029,0.7812309101166339,0.725225557290345,0.6885085636120821
0.3345117935559069,0.587523500233559,0.5719181663351804,0.4924897165575524,0.6014223315760909,0.6677044922775233,0.7484916333571525,0.7357734611450284,0.7267839286039383,0.7361898312776322,0.6838016224271439
0.3364159319100896,0.6179715782826847,0.5319925551741321,0.5073868893146205,0.6528413721268056,0.7129470798764966,0.7669487436097544,0.7021006321514939,0.7574440937563461,0.7739469617809419,0.7264712088075398
0.339215058598132,0.5733399274604143,0.5373405897344435,0.5124636249049725,0.6500042402023903,0.7116825165211305,0.705707603084301,0.740398067241032,0.7562705820938949,0.7815235278903725,0.7540259914102903
0.3332109079887852,0.5797790071287097,0.5352683998898665,0.5283292967371873,0.6757481547987477,0.7296852127678242,0.7411423003543369,0.746053735591872,0.7515798183204487,0.7681769588357921,0.6942537412463629
0.3118478615330562,0.532099515659482,0.5245863244287247,0.5578582837634644,0.6954636313903066,0.7388094035844489,0.6285052006580388,0.7500052817559559,0.7679226107574135,0.7442949195973863,0.7101955401509915
0.3150310058094481,0.5625995353674182,0.5211847363739383,0.6020865267637292,0.6532016405805425,0.673632435469148,0.6768423881884422,0.7604020356590213,0.8006731213700394,0.7715072127204907,0.6898844589620586
0.3237459523592095,0.5937131572195085,0.5228544277137255,0.5383263655367632,0.611950790214095,0.6770263943205097,0.7021199212973697,0.7950111855186386,0.7752523742874375,0.7322409314987622,0.6646647036693915
0.3338437460038476,0.6077850338030361,0.5440194063815453,0.5689699665169823,0.6661481759504547,0.7387181360344679,0.7273431685166313,0.7224278899107465,0.7552015383464656,0.6824875331519416,0.6558460069023965
0.3331069295334293,0.5061567713302783,0.6503765805813171,0.5390890893867595,0.6925282063398694,0.6793413227865214,0.7242133313378252,0.777373302123014,0.7295762038742903,0.7259403818947652,0.6805938471330786
0.3477472752265944,0.5078006484147541,0.6968336257018635,0.5965200082838704,0.7154553505253911,0.7081006718627301,0.7495616425078029,0.782144888981299,0.7311386362418477,0.7580461892460897,0.6718521679453683
0.3186416573914518,0.5111648703235716,0.6496185351228501,0.518780073121299,0.6044961002881803,0.7125596099712386,0.7168561754070176,0.7337120352969932,0.7212359440613924,0.7656565898674108,0.6860717025928827
0.313430519945275,0.4698762807242751,0.6254745641668705,0.5622493613918282,0.6524377848637006,0.7260044602512804,0.7120196847945774,0.7489726252727216,0.7413439380341947,0.6865999552398169,0.7090952674447331
0.2736622853439077,0.4420196461846146,0.5539512304332453,0.5651416826997937,0.6798702074871593,0.7400558492953857,0.7258692509602456,0.7317698617097812,0.7127304040869346,0.66791294415995,0.6739817583624916
0.2811560126977357,0.4309824602104494,0.6085518560669314,0.6067171850604677,0.680416540887472,0.7882556555712079,0.7386400809588506,0.7348071302036926,0.7380978398018517,0.667202644085714,0.7166459616566125
0.2917920182211322,0.4700352882414061,0.6087216395778356,0.654884987986349,0.6020002343561232,0.7694348105771329,0.7369388635895732,0.7190854152546238,0.7713380145366038,0.7006620527669547,0.7195531006920263
0.2798894282054798,0.5256634462031122,0.6240328667851051,0.6417748353130579,0.6584828268187277,0.728444651482412,0.7328919825186112,0.78020309571031,0.7646242585052639,0.7288752957254349,0.6791149418844575
0.3167486882775721,0.5323133566289218,0.5084049656404365,0.6738998317834557,0.6945131971953715,0.6985472057861138,0.7293328067481804,0.7771102198093008,0.780331584960386,0.6912844962347159,0.7020780689358019
0.3213252833596819,0.539823742655876,0.5120173692017708,0.6072887184029085,0.7339355839435353,0.7342419380424585,0.6887695885063173,0.7426111379685187,0.7839477015049872,0.7204655772147892,0.6725355826828104
0.2814495455785785,0.5782082368400128,0.4930911730843717,0.6601114411854113,0.7314620204289838,0.7591806929760843,0.6913844852871469,0.7071446704395926,0.6987414103468144,0.7339848606894114,0.6977899320350913
0.2865917557730123,0.5984928786698034,0.5032165513643025,0.6870995872757353,0.7738889199136678,0.7623272157363715,0.7219994261889839,0.75665613884494,0.7299206164337886,0.744586888215528,0.6968207586643155
0.3021537930821998,0.6143649373617448,0.4309367896718478,0.6971306377008619,0.7200806576709012,0.7687175296153848,0.6448589519569486,0.7193494757066887,0.7285722894546225,0.7333766048990515,0.6984907185760761
0.2903186862821606,0.5836267527318361,0.5346855253720993,0.6906649421635314,0.6990563295749163,0.7365503974242154,0.6589648052208167,0.717999136744525,0.74058642118961,0.6888260065131524,0.6830634593019435
0.2415343156971492,0.5719939394512495,0.57485922026025,0.7216431467618343,0.7096372897457384,0.7030267842713201,0.7030228843403541,0.7519093670112549,0.7413871710206421,0.7134888808544471,0.6776712851677932
0.2644328560882237,0.6125390376808385,0.5820905983102049,0.6935214280951189,0.7160434925982504,0.7199293757107563,0.7043418391988487,0.7538203051461303,0.7685427385865771,0.7245276370375884,0.6558327068095603
0.2025354214756481,0.5746607563945701,0.5024052820409738,0.6506077275591271,0.6566855040974926,0.7334128571919846,0.660580401411061,0.7965972152176899,0.7790455654464832,0.6419211504144159,0.6674220422154531
0.2475445262704868,0.4369002087961763,0.5830390418066449,0.6741132627421245,0.6574378147011599,0.7293551690222767,0.6485898748457355,0.6928217048238302,0.7709786993161029,0.7208261283713338,0.6796885264417362
0.2603863747628147,0.3425281285473699,0.619976849738745,0.6732315562818123,0.7168925190846243,0.7449204011447497,0.6528832144957356,0.717627482277311,0.7443561615466898,0.6690661945400022,0.6675874948227861
0.1965468715675359,0.2297596412568396,0.5518051390801739,0.6303764077190047,0.6218016562822402,0.7564676035934721,0.6627026126586322,0.6804567740251833,0.6794508878687853,0.593440334982692,0.6227739336284346
0.2400506586386496,0.3142282139194881,0.5620152306331093,0.6716530699467047,0.6461612125898547,0.73779735454536,0.7003538710298152,0.7138466054279371,0.7283207453037581,0.6351446360509507,0.6327911806661997
