Mode_0,Mode_1,Mode_2,Mode_3,Mode_4,Mode_5,Mode_6,Mode_7,Mode_8,Mode_9,Mode_10
1.0,1.0,1.0,1.0,1.0,1.0,1.0,1.0,1.0,1.0,1.0
0.5131698719737006,0.8361463416418422,0.7686711379257563,0.749678276748981,0.7467055160707513,0.8238080765112795,0.7826269791884024,0.8068237191762905,0.7233964090587893,0.7222761123230622,0.708443003517492
0.563710372315851,0.8058791533508597,0.8836461185852311,0.7891698417785263,0.803310531806535,0.7563869769913139,0.729815487898439,0.7627798845244256,0.7552752807989461,0.7879139602354398,0.7575042127979472
0.4519834221021378,0.7683420099696013,0.8660147212407787,0.7712529453529242,0.6966195678085992,0.7948721054295971,0.7496536561983529,0.7885924651482819,0.7299881885823137,0.7521392171967602,0.8135511762276899
0.4213421926822576,0.6820650989094686,0.7626908498793269,0.6971747215504924,0.7788823838917285,0.7918608514446008,0.7444190164447396,0.7268826918269647,0.7407516873411588,0.6949280110079289,0.7364730685330794
0.4903722543533729,0.7509511845380288,0.7888622837725949,0.8396585775944647,0.7523722989599613,0.7663812385673882,0.76733378171382,0.7329262158581473,0.7765262203582206,0.7270909227598007,0.8090623564078354
0.5324286554458113,0.6963741855603786,0.7764351915349725,0.7063678104432055,0.7809985536363574,0.7396961367847482,0.7470427302371402,0.7640491205447619,0.7984339063135516,0.7084388083868006,0.6740418527573933
0.4594785845794265,0.8111285344511916,0.8209756769518864,0.7482590921396165,0.7876833853696178,0.7013159544631956,0.7451479153984525,0.7616544149693825,0.7749153004668479,0.7372433156566613,0.7482504833218855
0.494738397441645,0.842843935223809,0.8478150477887224,0.7836225194840026,0.8344967426196365,0.7385613666984773,0.7441024388363333,0.7323592919766456,0.7063347330984924,0.7586537923529789,0.7654120434118404
0.5308903259245841,0.7348768113957775,0.7524449903933106,0.8054385782281387,0.7954046825105953,0.7102911540100866,0.6711119551761372,0.78619054192566,0.7699558174936317,0.7509458127492717,0.761271197978196
0.4937654308874593,0.7240104245243514,0.8171335851118804,0.8245479271290842,0.7701337375140425,0.7660322146381979,0.6703513217317819,0.7922881464047817,0.6998589518411527,0.7135263791957758,0.7693121069711851
0.4816206847866291,0.7824761377349527,0.7404591261458388,0.733968349134825,0.7632357742130531,0.7859192887059361,0.7608194321050002,0.7335200089844192,0.6899969808458392,0.7162966594413461,0.675085405797347
0.4127288391370963,0.7773762463159333,0.743756413849987,0.7457540392970703,0.7686685301130494,0.7906806676077951,0.7589088532934133,0.7281404353336738,0.72292487029188,0.7193714688156168,0.7230440096037262
0.4378826024498767,0.7036258080533528,0.7482615487230801,0.7708619936481593,0.7667908076681924,0.7819088206778718,0.7374335161935699,0.7088011426323757,0.7438465315339331,0.7151623768088123,0.7640583170050085
0.4453653114022489,0.7208034836569828,0.7359608124487681,0.7415923533932309,0.7351497685208886,0.7390965478909873,0.7458374536958119,0.714179485382028,0.6829713020220151,0.7592146697781501,0.762644507017725
0.4802693262940607,0.7705059832483883,0.775859413037748,0.7691425178115416,0.7354933730736118,0.74469727136634,0.6738902611589052,0.7382226775273795,0.707485648132252,0.7587198447038909,0.7887613285724926
0.4681792913886674,0.6615396883911447,0.7787537791342682,0.7910599699401537,0.7381508993895769,0.7696484133045516,0.7036480087834449,0.7607137375770439,0.7077654163561584,0.7483890948701617,0.7703270217006367
0.4684937245016748,0.7022123463673907,0.8026371938610766,0.8055573162265673,0.7348671712751927,0.7712826126080334,0.6680117476495929,0.7577197929842,0.7456212714703673,0.7408771143053147,0.7773496782052185
0.5048042953237029,0.6913954695118305,0.7719333594026659,0.7989402324963506,0.7541949221371926,0.7624327631000051,0.7263305730705394,0.7585813281683397,0.7535404416887757,0.7650830087576728,0.7612237352426816
0.5057929065551735,0.7460014664398175,0.7818484580224002,0.7852314100343819,0.7734142149231036,0.7168884891948117,0.752617968504923,0.737834772252855,0.7702833526574365,0.728313928938186,0.7279486814703755
0.4581396391016943,0.7336553647198457,0.7373180506655544,0.7945556433218526,0.7252282246104441,0.7344448366506271,0.7706102880996966,0.7544167007271327,0.7801809081841491,0.7495963403143333,0.7610310214891602
0.4929095358898056,0.7703839168886402,0.7109234507730958,0.8027863840948088,0.732870224481074,0.7927628698321982,0.7833923158353449,0.7272189696632834,0.7302957199654313,0.7723759281707515,0.7480062329216991
0.505728949630754,0.7148338658150099,0.7335529085990654,0.8071683158776393,0.7189182931084978,0.7719444708600193,0.8293501663403808,0.7531877097425861,0.7403380207480218,0.7601500712472291,0.7606089706450416
0.5213759048470659,0.7578819292697809,0.7032437565089203,0.7118587858776309,0.7463846760847332,0.7748642505797665,0.7607345678136047,0.7668257315822149,0.74407674559958,0.7788636979347472,0.7699072184942246
0.4888791173880463,0.7772892657955925,0.7046071815276699,0.7325063817537656,0.7706780623353139,0.8051160948066749,0.7319787446487678,0.7767137748148389,0.7476441629130868,0.6723240399945853,0.7327218023689177
0.5276049948605549,0.7838823378949057,0.7464278278185192,0.7632179608245871,0.7651777082785788,0.7925831418043244,0.7682000917695095,0.6792889529960443,0.7539576574335357,0.7130778427558393,0.7465790811711781
0.5240328975877685,0.7675455583725105,0.7462964630498298,0.7842578751288464,0.7838434246565853,0.796660977493292,0.7711479318887637,0.7319820096140075,0.752624703169536,0.761650163172446,0.7384888776434902
0.4910109678304797,0.7468127979462085,0.8002763322223896,0.7049374271093708,0.7328723022771322,0.720865487663512,0.7234670440670512,0.7336241147631909,0.7345145198221219,0.7203863205521212,0.7572613877527203
0.4978145074755952,0.7891713404042433,0.7517305640750265,0.7301195681463231,0.7561606274402284,0.760517019501308,0.7450350823981144,0.7622300923590085,0.763713540956269,0.7118163910437761,0.7293089462713023
0.4960120315813252,0.792931161854841,0.7122823543523107,0.7000773136186831,0.7520151093628974,0.7713273484634361,0.7408908079954661,0.7694693902191059,0.7450373184800526,0.7421192064509105,0.7397645341010461
0.4469527273857718,0.7782533293977142,0.7514381851573415,0.7202037646868216,0.7546144630738356,0.7528981948030284,0.7577249571484135,0.6953330576293894,0.7658103005962764,0.7782106728327953,0.7564977340258048
0.4524885641514728,0.8026313168128573,0.7253772596299355,0.7233247779648054,0.7200347092722413,0.7097367948576401,0.7653784957407552,0.7323379643178765,0.7708027556447792,0.744079625933133,0.7743163499349661
0.488869607053371,0.7578160995828466,0.7632289012207483,0.7574014377479925,0.7388882214713289,0.669326358822988,0.7376751631613729,0.7279855875485578,0.7881409475412584,0.7343458224419441,0.7471808619808974
0.4824653127147219,0.7634056746463298,0.7657716364843545,0.7184106113010255,0.7272484995474522,0.6996666334404923,0.7442544518181966,0.7627553274148472,0.7959064446797334,0.695455004498398,0.7474727548840645
0.4282605526074763,0.774633586286585,0.7691680831286922,0.7402516012303029,0.7314170680975927,0.7293843419154841,0.7598215927669694,0.7619145526164315,0.7212942536450948,0.6672154243493121,0.6945928229050181
0.4582794924856547,0.7972813042543911,0.7764659338894427,0.7043743366098617,0.7189478274158634,0.74791568475129,0.789348832341978,0.7771616037825249,0.7430778559431368,0.7386752613742646,0.7434643824621892
0.4612425652980265,0.7991299358298285,0.6915580831568148,0.732098872579303,0.70816372973768,0.7575520127841306,0.7287371131451358,0.7139796143034721,0.7579479702974441,0.7256819015045843,0.7502602113969805
0.4654034867276819,0.7231903322120178,0.7251314607660396,0.7122372153742346,0.7350758945846112,0.734037935078641,0.7587924496417953,0.7203926192429297,0.7571233709926523,0.7233121128191784,0.7234417072272347
0.4311012675328214,0.7356376318139236,0.7550168340431398,0.736693540404476,0.7462470826229277,0.7463944717384339,0.7707636652791925,0.7355746416196643,0.7680645066886215,0.7305301371473872,0.7126881412952233
0.4458896775894672,0.7426862451764934,0.7777388852613017,0.7739343571212804,0.7367220532615255,0.7738680409307563,0.7143235981942736,0.7406302466804242,0.7800763573291414,0.7185864965658589,0.6811520039588878
0.4568716897117592,0.7658357069596669,0.800234862299571,0.7961827747293864,0.755276232573421,0.7877956068768913,0.7229124245367986,0.7481800397698748,0.7479861977028506,0.730168397988406,0.7161448020082213
0.4346607815710028,0.7066944658876062,0.7958165092343222,0.6946564214768561,0.7629957611784226,0.7641321715186205,0.7332024255382508,0.7494262597679425,0.7741140570282341,0.6873563357285561,0.721862634188109
0.4623355266979039,0.7562824052885992,0.8108986162315717,0.7322789704424608,0.7077692749139195,0.7630350953451778,0.708464244142784,0.7587914709743053,0.7713842262970905,0.7231486823814538,0.7578849166802916
0.4537470883488242,0.7748827206101407,0.789106427155682,0.7417299864575713,0.7315994589170587,0.66356495692381,0.7259947318179663,0.7694793999410068,0.7634697903829873,0.7633130775787245,0.7810387752186744
0.4590230886761582,0.7725821550349399,0.7308845650106965,0.7262555375197555,0.7127311564053426,0.7080366477682081,0.7092052808496687,0.7772783460773736,0.73368083401399,0.6887183366909225,0.7200459434229163
0.4330376086156738,0.7721233855529023,0.7366828165096619,0.6857160487831596,0.712821860143868,0.7451113266691168,0.7277464150668225,0.7340828662528992,0.7619937514702535,0.7050592139630867,0.7215898676004189
0.4558810129102847,0.8127653060419944,0.7395561507947017,0.7287151076578924,0.7209063060527214,0.7263511085126872,0.746141998250305,0.7517691095480632,0.7647741375402688,0.7074846998049746,0.7217278996619816
0.4094386130348671,0.7641130797470281,0.7647247833304516,0.6829663860215873,0.7280589440460221,0.7489172961921764,0.783350473732705,0.7671274084247663,0.7748789109428993,0.7272865098626272,0.7195893913814573
0.4350958175417639,0.8018910117755413,0.7964247923558496,0.7238231617924198,0.7377579267590606,0.7758712977876197,0.7406114447566043,0.7715801044728283,0.7112647046401624,0.7582353978331747,0.7011853535777998
0.4438941696934799,0.7675271255088861,0.7952104007878307,0.7149193871157885,0.7189106704485763,0.7443943306310373,0.7805107954142247,0.773462882179631,0.7346554023072219,0.6793092997164698,0.699145506930937
0.4714270215698704,0.7778486264968687,0.7283377873733244,0.7268875966511299,0.747040946460378,0.7765318430995998,0.7974912690920917,0.7285370640443671,0.7807454098426412,0.6730731374299155,0.7102488728537144
0.4713653288775914,0.6776708289822708,0.7926080210137706,0.733045130774478,0.7605171605581197,0.7514353284095809,0.7437096793063972,0.7499074714386121,0.7705118690220083,0.7340983054051853,0.6585747496427075
0.4906746504027391,0.7063472861449747,0.7650964739063029,0.7274783771330169,0.7667903439728345,0.7679283551286628,0.7526112168134299,0.7291200853017678,0.7720505366808506,0.7057646940042572,0.708877158687371
0.4586134591816067,0.7117506563270078,0.6929536656112729,0.7810183311824981,0.7494320014232961,0.7523531394741841,0.7456642379427075,0.7559032427104344,0.7600313058728615,0.7303729256888278,0.7243746973820964
0.4559384764755298,0.7418791367860111,0.7149978403391053,0.6547562479189124,0.7597012274959365,0.7253550750055227,0.7223177365387403,0.759339017546774,0.7773922267430253,0.7359542199543234,0.7432140961584366
0.4692288755577281,0.7376740250363641,0.7014299167813036,0.690013304598875,0.7286829309586085,0.7054884727562175,0.7342467695301608,0.7423604496318109,0.7527903697933958,0.696087755945949,0.7469051530735896
0.5068809405037045,0.7302019593292887,0.7750825646183361,0.7283325379828474,0.7228025070991714,0.7232966090922042,0.711970395287676,0.7475643283632378,0.7841562911527833,0.7097816209363214,0.7213774353324844
0.4954529590896986,0.7530232094768039,0.7394786943008559,0.7321062320859951,0.7542332206333664,0.7082366264699859,0.7407650105807939,0.7132276492815997,0.7342017666933605,0.7310162513235925,0.7076052760295349
0.4304794719997044,0.7510307449893964,0.7779843910364033,0.7311018593647826,0.7335031163895124,0.7364394910824156,0.7662554154486096,0.7216714610998938,0.7599801365431302,0.748224448482296,0.7241118211060491
0.4597156492551697,0.7872589206638467,0.7932783205699391,0.741847198493574,0.7613853067839784,0.7545664667139842,0.687368321034701,0.7502067149494375,0.7649411070648072,0.7641190102552996,0.7190338819567219
0.4463927812040262,0.7899144416856356,0.7354318673542272,0.7639984355943976,0.7518630636386893,0.7510220436595865,0.7270544497415387,0.7793613732205324,0.7474110777018761,0.7301804378251566,0.722816707685352
0.4741470728623066,0.6908641804738918,0.7486021692464571,0.7761657859826802,0.766687163327237,0.7763948298063998,0.7335556743875847,0.7434615401195318,0.7521508704000139,0.7372530029253055,0.6940598224133078
0.4872990660265766,0.7168007265709172,0.7509198033560003,0.6983573415039928,0.777989502691989,0.7472148883616223,0.7553942383560428,0.7457730928912544,0.7626402627423958,0.7394157825488327,0.722119739273896
0.4796583069511047,0.7451375699481418,0.7451682582996901,0.7242030713452973,0.660442501599825,0.741554121269043,0.7555388416697989,0.751819610770545,0.7623456785965962,0.7102797529285232,0.728949478399934
0.487486341339257,0.6692634422289649,0.7511546803365852,0.7284976651739988,0.6897086787440727,0.7361643516534637,0.76154238316387,0.7587107333217449,0.730044168959208,0.755627411779978,0.7246141798141095
0.482484945226956,0.7022564736588264,0.750216544062488,0.7561408197100759,0.7048543390360928,0.7420039158725138,0.7105293018233637,0.7635316683490478,0.7254860260559054,0.760849433531261,0.7233525064362244
0.5236858475732686,0.7263838080108342,0.7458777689468578,0.7615071045469421,0.731100986723938,0.7664461987215485,0.7116277071390771,0.7422556842431871,0.7260346595006552,0.7284148189869516,0.748714090820062
0.4987163280822301,0.7718984332388239,0.6938265333486863,0.6803027632672045,0.7405117792142721,0.7531122619652895,0.7129010321688605,0.7691798300922568,0.7507721354078626,0.7418156449221958,0.7533463731051486
0.4990269707906852,0.7705724353414778,0.701634273016714,0.7381481612130516,0.7854326497966045,0.7907385001305021,0.7206877583677483,0.7768845675455145,0.7216991242235283,0.7074235532976981,0.7704033595764559
0.4492505426338898,0.7554501254664849,0.6875358732757917,0.7344630288455196,0.7449699930405621,0.7533381231681314,0.6697680176935303,0.7583999351908607,0.7547956197445438,0.742162553698289,0.7528764962044603
0.4716671777883287,0.6432146813379169,0.6984398223314126,0.7111979508372344,0.766396174961132,0.7605303913475643,0.727512536000038,0.7762875074435343,0.7448702072391903,0.7626319270459412,0.7660034089754865
0.4298096847666732,0.6818932425091773,0.7274166986132429,0.754115656331396,0.7222090414507986,0.7758319572497608,0.7689191725072673,0.7662622468440358,0.7699081331529256,0.7645425210723298,0.7524652533259255
0.4627024777636674,0.7125672020677567,0.7431902924079773,0.7738403887823601,0.7504731698364075,0.7109006500971262,0.7038454201191111,0.763821377411927,0.7854459445602127,0.7684423238633348,0.6585306700909948
0.4699724730250222,0.7660785300790192,0.7082674149485049,0.7770576492452058,0.7608816728364935,0.7366840895722069,0.7438624928988601,0.7766378569996697,0.7316386467103454,0.782973935974353,0.7041478681996236
0.4893412184421539,0.7581888015524366,0.7447951104537919,0.7233369027518235,0.7461199492213799,0.7446175945111422,0.73310941691276,0.7768724025220508,0.7034633519203161,0.6908432059140326,0.7129723544575444
0.4664449861185889,0.7321590914486508,0.7592045702022114,0.7335273217850476,0.7612399993673378,0.7650514476711856,0.752486830559119,0.754479116303948,0.7420939466011003,0.7172032186914861,0.7570139215788556
0.4923699196201174,0.7564390879542411,0.7717129676312025,0.7515075139455687,0.7818097822867087,0.7742556362235095,0.7646313332918255,0.7659470571929581,0.7134087095644492,0.7295037175868635,0.7546589706366671
0.5003312977265892,0.620636854542517,0.7443892198240099,0.7579888510575894,0.7228420935754061,0.7808638295365495,0.7317338049869327,0.7471042634175132,0.7194343457933987,0.7549080686481977,0.6833843903446402
0.5029495101204953,0.6230407813826465,0.763888737775483,0.7846526786487436,0.7617824683887071,0.7462451343994304,0.7095855773670051,0.7520823824690156,0.7378689357639225,0.7705723597176501,0.7399741947498225
0.5156812215180149,0.690412631235997,0.7050298207319221,0.7196933843772971,0.7838884403742344,0.7591411956626953,0.7396089234704324,0.7674311679813346,0.7609442202957748,0.7746640933520033,0.7564013749265981
0.5060688585338526,0.7047151202260301,0.7491211118134201,0.743172069054278,0.7814391930077533,0.7224937929307417,0.7765473231648528,0.7292078281276658,0.7568874360857533,0.7844605464459247,0.7646353963012892
0.4958869057616288,0.7174605636436775,0.7573388699598562,0.7337414902791389,0.7657172342324641,0.7216376295517898,0.7461897265657169,0.7406540060867747,0.7601785177881379,0.7493682338750699,0.7642705803799816
0.496170294567889,0.7299300972156386,0.7100610070558827,0.712841012963057,0.7433288738414553,0.7551403616436818,0.7135411001063195,0.7452403031758774,0.7694739289109366,0.7683280209372367,0.7730780588639663
0.4484942580408181,0.7230209391509008,0.7497714373573517,0.7139675357808639,0.7848639664830408,0.7606224769462091,0.7199645509005701,0.7104924954592705,0.8059263572893116,0.7878313722833072,0.7267146826923094
0.440779872581761,0.7255395203342254,0.7055119621448981,0.7524379956554992,0.6779317573887996,0.7612546323993835,0.7362815121013497,0.7409949857866399,0.7928219635433452,0.6976731940203577,0.7828367334250663
0.4450605737984328,0.7228129106779585,0.7081316969720822,0.7638825510339662,0.7085638561503966,0.7351071315278349,0.750147634965149,0.7540015441602461,0.7740961838017886,0.7258389841640124,0.7402311456787597
0.445731486181225,0.6636598295877228,0.7457501591529617,0.7542233210641228,0.7618201161911992,0.7584201670874501,0.7546674905340455,0.7569801739893052,0.7711441789364548,0.7540991740856775,0.765793304412459
0.4806105016468232,0.6932296874879549,0.7651655291455759,0.7656655543938203,0.7265983938423379,0.7436509167086198,0.765933405525463,0.7635259358423729,0.7674869876844129,0.7457795956494236,0.7503684345799764
0.3503314001845472,0.6960989213194109,0.7898808830224942,0.7677993647656958,0.7270567281435989,0.7512149377116446,0.7747842523445405,0.7724504306086263,0.719612925392997,0.7237995468740785,0.7623307093505258
0.4067360485908267,0.6789954065224565,0.7443109832498346,0.7711398655992054,0.7082222569796567,0.7054563452408513,0.7942330124992458,0.7488709785891742,0.7048498756690526,0.7341756568752368,0.774044231697906
0.4057442242556086,0.6681664709656562,0.7139196643715188,0.728884788813233,0.7563686698817762,0.7509867697737351,0.6973173533321191,0.7642784052224917,0.7166892593672518,0.7659405811901111,0.6996816762916235
0.4196088154224285,0.7175091811713532,0.7245452207660134,0.7837967460894082,0.7601881771066582,0.782816506852483,0.735617636466503,0.7772656019586344,0.7424060780382882,0.7011926290813627,0.7510056400784939
0.4436132358375991,0.7211817311524719,0.7283853193914418,0.8000992569882659,0.742591386541355,0.8090490003542107,0.749720996151959,0.7517846254999154,0.74993775073223,0.7735539505934403,0.7190970370218085
0.4622947723070403,0.7026190206124064,0.7399903757432014,0.794064725704791,0.7400779860197004,0.8162390576844734,0.7191557937423985,0.7789424118781809,0.7223044516787525,0.7952522024693056,0.7424461043295978
0.439756514675565,0.7082212158142993,0.7372613507110066,0.7802240764797496,0.7496719581191531,0.8131393277310444,0.7611404817789075,0.7862530376789848,0.7236835527150474,0.7463725467647011,0.7649966555787935
0.4496493965100721,0.7144545094196809,0.7369420994310528,0.7620517776623216,0.733743655866917,0.7951597270415269,0.684422906662316,0.7145429138371556,0.7328466583300406,0.7650394199787978,0.7721110720389897
0.4627071003251881,0.7346589390185072,0.6972348810952302,0.7381387276274113,0.7609230561587473,0.7847770473970569,0.7276918554499325,0.7404007420342553,0.7590238218400461,0.72015369420715,0.7684486884857487
0.4839080517159864,0.7524217162805888,0.729471839937557,0.7441795416345607,0.7478178438258972,0.7701644854924034,0.7358823379481911,0.7661848947918165,0.7712057045312022,0.747569136736234,0.7307442667701392
0.488553364602292,0.7124035372605656,0.7190426046705104,0.7081342751781858,0.7244587546730942,0.7703567114799339,0.7763456004231035,0.7765124808225453,0.7765630698932409,0.7924049183866853,0.73505988178943
0.4475066106211581,0.7000055703386587,0.6973955116207351,0.7283904963857589,0.6991702086134107,0.7335087914031848,0.7700402967119782,0.7861500313086223,0.7978283238226382,0.7650616077960949,0.6677889210434803
0.4775060050447918,0.6577463255803788,0.7345358331742042,0.7267345028960989,0.7287375908908735,0.743700308290586,0.7654335984327757,0.7420662337762366,0.7470572996864367,0.6894706239547342,0.7186557529765593
0.475736307544463,0.6970569396601751,0.7017120476969826,0.7060372954879268,0.7370870879560125,0.7453340705702961,0.7049096596098531,0.7315092459896463,0.726219973855742,0.7365486458418096,0.75705612705396
0.4820543314631657,0.7133352959272113,0.7395517554620619,0.7009281452584041,0.750547140583811,0.7674475960599819,0.7250417166469112,0.7472601723108844,0.7303583302953132,0.7684086350998176,0.7798073962079053
0.4915536758084582,0.7293443059865578,0.7572734403922723,0.755216949774746,0.7666650399259141,0.7246100771459959,0.7293388535475265,0.7631314569280172,0.7070767378139899,0.7750080994041433,0.7263496031879585
0.4972942540617493,0.6900346663289124,0.7119235653303816,0.72097160775369,0.6697199269509351,0.732390448106214,0.7234280619899857,0.7753926969919505,0.7239912819467079,0.7795501881104525,0.7701758162940253
0.5162906460784078,0.6552185675026867,0.7382489142244726,0.7696574011555797,0.6927351330140596,0.7458785000784403,0.7453401277293967,0.7594523511427702,0.7289792394642807,0.7853633387848477,0.7672076195033851
0.438471410982622,0.7027721027309226,0.6876916356836379,0.7491451454093917,0.7405891708043437,0.7580141088191293,0.7606377307924259,0.74311102822215,0.6958881083873231,0.773922533126167,0.7435519542759016
0.4795828954498424,0.7193597724668742,0.7169208337715209,0.6893203834051628,0.7212825400631734,0.7615517009431709,0.7171425553894557,0.7107294279265799,0.6883567111356593,0.7436863291323244,0.74409231222275
0.4987581394218452,0.7044897951572642,0.746017357853741,0.7097608236294466,0.7374127477617075,0.7075332929329872,0.7280536755089839,0.7362165759531591,0.735899732886822,0.7668578253228532,0.7420232359154979
0.4408594222117695,0.7266494700446539,0.7710908656414794,0.7348716389010277,0.7350872178502059,0.730640300154378,0.748737095366985,0.7456325128827703,0.7564600181078703,0.7755996427441534,0.7425888509261157
0.4409478132841877,0.6601531086447147,0.7933944982471237,0.7436756359987565,0.7677009179553462,0.7436208848356888,0.7746482511843407,0.7460690620206544,0.7623850668698016,0.7860132870209042,0.7155828537781492
0.4542090340341617,0.6206060782241751,0.7793471544820095,0.7709288497276126,0.7367858321005413,0.7086613694646486,0.7034398631199278,0.7758508183153441,0.733738388476205,0.7546912460274804,0.7410565456266718
0.4670066026267897,0.679880497398409,0.7293783989253791,0.7711872428216597,0.7490968762545307,0.697740506610314,0.7055165577280891,0.7770351383727989,0.755794086189105,0.723160374161546,0.6918522737503229
0.4679830794233645,0.6308048532699181,0.7424863918479694,0.7496933428050301,0.7543268481937475,0.7293214738905978,0.7174081187463842,0.7290894873701349,0.7592759540194414,0.7580985096128396,0.7080681449341024
0.505980904735829,0.6515401292050848,0.7913935234141498,0.7736588441924119,0.7086165939112586,0.7431732050700423,0.7279107141338491,0.737769165795656,0.7520835180142215,0.7430758623947099,0.7146269138972565
0.4810008162840605,0.6979782391511555,0.720436249415133,0.6839698616074267,0.7381557445121197,0.7362655143812576,0.7378658357355931,0.7635295577249546,0.7539965179634718,0.7283686677814241,0.7244972418862399
0.4402418332191423,0.6598831631900532,0.7329888065893316,0.7320928921606455,0.7484307319577242,0.7143941124262159,0.7661461553767087,0.7600550573694196,0.7684882697850783,0.7285473668597258,0.7297304090124062
0.4282751727840261,0.6634999239146544,0.6744987526955492,0.6997668793910362,0.7649605607622125,0.72508851718756,0.7199607320671261,0.7641724112900437,0.7337921514726229,0.7445773188292607,0.7556282738716391
0.4678604964239593,0.6961804977966197,0.7318529330210938,0.738912332253153,0.7482944072745117,0.6946684268568136,0.7236919706112106,0.7688168650018025,0.762983813322603,0.7691383108960759,0.7592460879879175
0.4871224668870244,0.7002361633590104,0.7890862779751722,0.7497473761190321,0.7476186902142454,0.7181186329746294,0.7447713411530068,0.7377814133444704,0.7508236519638877,0.743284160371223,0.7623283176402623
0.4741348387975042,0.7227281647119027,0.7389862248911226,0.7523880225095354,0.7634202519524922,0.7158115829058131,0.7665330608282035,0.688535051082815,0.7688668098699902,0.748137551202826,0.7686705786411683
0.4830515253208485,0.7388653689592793,0.7535568706588284,0.758892575554277,0.7784824467779051,0.737844422861119,0.7812516590932395,0.7050542142994094,0.7996096706974046,0.7773847797332547,0.7698819785779502
0.4943400350395052,0.7192664902319552,0.7933011684350185,0.7023247106103047,0.7372399416254871,0.7464987428686307,0.7320372639065151,0.7216357339010199,0.7669403678889459,0.7299423461679743,0.7650398070543076
0.4919609964393713,0.7153120711080924,0.7068656638911364,0.7074111454145766,0.745614781646103,0.6867783169727013,0.7465300026016704,0.705084958692131,0.6783936671460059,0.7012618086510661,0.7483483373180629
0.4529919612355909,0.6728481633678297,0.7197286441554187,0.6771570233156403,0.7604196503463678,0.7584448295854238,0.76111300481756,0.7331362963128011,0.7362651701501769,0.734722189733547,0.760949562157742
0.4549815895618568,0.66652149914415,0.7470750562486208,0.7225103763539059,0.6958397980074894,0.7503036762147595,0.7239834227544081,0.7384854255379737,0.7333257755947278,0.7223879319723047,0.7695568984660695
0.4540716768917495,0.6765080464916735,0.7530344536224356,0.6647079451684521,0.7263605747140196,0.7139065683968303,0.7616703763970352,0.7569868421744893,0.7537688728590739,0.7443269375090324,0.7647542352103021
0.4530961692210014,0.6022374335641765,0.7841551358426351,0.7023912085380891,0.754883103110151,0.7130614694805716,0.6958364464384791,0.7197735453286098,0.7542157936925271,0.7010501858231969,0.6162997205439048
0.4656116546146617,0.6419853067363861,0.7404770637202314,0.6867778180929835,0.735622683633883,0.7239638577147436,0.7069800010351486,0.7272821028931205,0.6935487409343267,0.6936934686900845,0.620791442861896
0.4135844029427774,0.6657756964625239,0.7458560834615805,0.7159785918723783,0.7455279684987274,0.7087135634026118,0.7216828812389091,0.7219374389046465,0.7123777199248027,0.7058353959194821,0.6611096636904952
0.424131781021286,0.6709777124008804,0.7728443286250777,0.7233154456144844,0.7319291047207992,0.7162861371574645,0.7230484449326915,0.7182402458842384,0.7371534757098149,0.7102341033557061,0.6900089311899613
0.3985102124032685,0.7091059600373106,0.7629521631406829,0.7407647766071401,0.7301506614530824,0.7444577109350571,0.7076959355284728,0.6690274669711704,0.7212016539888512,0.675588409294291,0.7235416156764176
0.424977066474166,0.614854066067932,0.7451710665729638,0.758165448182125,0.7440502286323163,0.7387028237720149,0.7201959563948221,0.6877337666652542,0.6860943327526513,0.69517851518235,0.7277748326362119
0.431584793988999,0.5896738173326638,0.7783185394741464,0.7746552256764702,0.7674724760182126,0.748399973201075,0.6100495722580289,0.7149077237538333,0.7331235923855608,0.6513301107778927,0.73787024242707
0.3947011178160831,0.617590596011175,0.7890122594986648,0.7702460283837089,0.7723380545980721,0.7605854140473847,0.684278340547256,0.6511224772665156,0.7448983067179665,0.6581962918220363,0.6834055328829336
0.4175416609821373,0.6159409800579312,0.7460075036726487,0.7813480896970553,0.7139527125061719,0.7413475449334411,0.7044833909404593,0.6866022213154244,0.6993163255073193,0.7011844742883759,0.7085258509982335
0.4181962337692536,0.6396085539897642,0.7632250774642663,0.7190833332959621,0.7177566498819292,0.7441583319026287,0.7117115484125419,0.7219592911167625,0.7013658639506959,0.718412632652998,0.7265554219660085
0.4381191458624619,0.6454696557637378,0.77795253980773,0.7486065982217374,0.7181778124760303,0.7367892300439435,0.6761329528721085,0.7312924951232441,0.7250852410569743,0.72014563147351,0.7368023746432727
0.4590093242697698,0.6967182806878228,0.7807479258223322,0.7494428206325978,0.6779144855921602,0.74252674125399,0.7204826671089217,0.7373838766568892,0.7134675606915003,0.7455635890128933,0.7453712572632645
0.3891942218304652,0.7050183985522983,0.7457199373967891,0.6770418068283898,0.7219930208429951,0.7824569843644957,0.7523563931651317,0.7358631811581127,0.7648310488147817,0.7335262383245789,0.7135585531193286
0.3814548560346653,0.6474695016761038,0.7341441287188687,0.7271501011935249,0.7168403285763362,0.7837432452157147,0.7742677754161726,0.7645681867058514,0.7594645545796185,0.7247484717646501,0.7346656210506138
0.40219099062069,0.7062413173543147,0.677173689243511,0.7274423977829041,0.6762380540475769,0.6644933448648932,0.7188257922951352,0.7536394941227103,0.7663421498597899,0.6531247448719802,0.7108875633980918
0.4250467582951939,0.709862060381846,0.7195361112357463,0.7293322788839331,0.6996477776360942,0.7158323149138,0.7388041573195369,0.7123479118249146,0.7537253551181969,0.7161615442185214,0.7016497587604316
0.4252695859187161,0.6241055691283591,0.68233812484852,0.7530815481045501,0.6681073844441014,0.7273981136726577,0.7312912562146076,0.7491702784575884,0.7651408305700864,0.7283203925117646,0.7177748329307779
0.4174883552027467,0.6671062480507567,0.7318857620235109,0.7126968641828616,0.7094963247156278,0.7472541907505845,0.6975831723261873,0.75059328035242,0.7601835633500337,0.696391149256356,0.7267751560707079
0.4375673710993292,0.6856948880420968,0.7535285656192504,0.7330485399043117,0.7427904942385609,0.688775133140656,0.6628832907934361,0.7598833564691196,0.769769567523763,0.7291683249377421,0.7315907065756586
0.3662010445316147,0.6272409894051452,0.6442655805967104,0.7424335730780234,0.764483415977341,0.7154687617233837,0.672689749079139,0.71824285046495,0.7410331621955422,0.7372923425337081,0.7113308857287605
0.4151978634520143,0.650673243285391,0.6806797230948505,0.6884844143490308,0.7198348487043783,0.743544058362585,0.7373893596401219,0.7213204466925229,0.7682808275312042,0.7123070615593533,0.6824270189831552
0.4164532536435912,0.6872246428338435,0.7156990255988038,0.7120948630620318,0.7288960080277795,0.7055204842501639,0.7474063509395935,0.7262579644084446,0.7851269045319673,0.661238726430291,0.7142693211863226
0.4188972930991077,0.6818942849234769,0.7553623523845969,0.7469946430277794,0.7548749311201406,0.7409191662173886,0.7271736930771896,0.7473185407776326,0.7549838740609537,0.6870872702997244,0.7357968818915541
0.3976671853855499,0.5781179907180793,0.7929270325922271,0.7149975536586611,0.7434853601419044,0.7707988964035374,0.7404310862895249,0.7059307655469412,0.7772873761185674,0.695750225314584,0.7442383630083522
0.4107912104989428,0.6384358902861929,0.7025642390416503,0.7239981482667093,0.7135884845005723,0.7689765394039423,0.6863379885887678,0.7040932140428545,0.7641291675478734,0.7290695336735158,0.6674712341488227
0.417332098440312,0.6499779613961305,0.7279315544410017,0.7453823668057691,0.7408462553320045,0.6904871944892079,0.7004059926450645,0.7343770916350303,0.7773531763886146,0.7015539998140066,0.6858272529449513
0.376092957426025,0.6332706773718024,0.7464697998162442,0.6933333958332866,0.7335855781517244,0.7197792177931484,0.7101542836197168,0.7452556363230952,0.7642980506613197,0.6531166145102447,0.7160252454746557
0.4118442086139001,0.6057449630575537,0.7699741315066004,0.6941850957661864,0.727630221974356,0.7389301275812911,0.6659668738136142,0.7231779329316147,0.7435725156066032,0.6724788291254169,0.6377884555132552
0.430803154661543,0.5994238996238769,0.7380320979515068,0.7373411293012877,0.7671137568647164,0.7711043869351908,0.6881489905842739,0.7078910963468188,0.7804159884619563,0.6998186689275443,0.6757984955482014
0.3876735511683143,0.6618400527551984,0.7251888192914542,0.7438075614864439,0.7603476841654077,0.7419212027752318,0.6998984399770973,0.7207041033778094,0.7535520840605161,0.6965973795515361,0.6914412924481522
0.3994343866169512,0.672711641261048,0.7570345349315655,0.694986896482494,0.7675060198105652,0.7155282890206112,0.7479732574759795,0.7275529092274358,0.776896753778747,0.7093477344047185,0.6814873195435623
0.4253217295040579,0.6035854034852282,0.8235398071463914,0.7065212767649609,0.7682428757165717,0.6810376195655846,0.7230404759559825,0.7080168956111392,0.796662904424464,0.7315527038693921,0.6408757913943999
0.4565780976414189,0.6225636030462548,0.789480030189634,0.7135163789704654,0.7690951308063275,0.7296529551873638,0.715733863769297,0.7322658110289417,0.770049259453238,0.7384047561169536,0.664816651755785
0.4092477742276083,0.6665884230256691,0.7466893084837699,0.7405566413928344,0.7883652038765754,0.7360232179061139,0.6665139451523654,0.7361330062514918,0.7776572947395708,0.6519713838121939,0.7001784712275749
0.4100720968669933,0.5847454101279748,0.7636749323996315,0.7650729227757048,0.7301814030818811,0.7066011796303932,0.6813501473504121,0.6994051802085496,0.7814302550158831,0.7118811773170366,0.720001078146701
0.3550199864746809,0.5923733048776059,0.7828919750452268,0.7498188945983687,0.7668015461135262,0.7068588910554159,0.7079759221578423,0.7418462367881757,0.7871449047815113,0.7295661728385532,0.728173422262932
0.3930646477841161,0.5085088665638131,0.7352015287008311,0.6169387039455845,0.7600890613994622,0.6662434389643973,0.7455726369204995,0.7516002375039672,0.773380547036743,0.7376151803140943,0.7443365704951403
0.3743610837433275,0.5948127379350799,0.6870432580530769,0.6934958937175091,0.7314318357052673,0.7225032262608091,0.753776872518378,0.7533999742997852,0.7944211263469408,0.7323978442377136,0.7381868641605907
0.3486247023944125,0.6299424151846418,0.7417471516860827,0.733211023212772,0.7368814503314518,0.6877836501483687,0.7252049722544012,0.7657218324764958,0.7848126552545784,0.7530741472606155,0.7199218588213352
0.3637185990047791,0.6476653911017234,0.7501146196452884,0.7374588767959422,0.7527119343103599,0.7247689226346243,0.7423961610555587,0.7607884281374031,0.7632239896932491,0.7154576757556713,0.716237460120213
0.363868324901304,0.6718395228884801,0.7393604361663966,0.7170812747419243,0.7420639615306162,0.74267900352556,0.7431503522186073,0.7268876599597184,0.7793767440172139,0.7229908808084877,0.7274722922135175
0.3960231808433934,0.6840758617411553,0.7383500620170432,0.7465490671434413,0.7124382321346421,0.7468392999086816,0.6881206841560729,0.7379256883862075,0.7088232466939143,0.6823570276602293,0.7343449927384629
0.4236208325271399,0.690678421125781,0.7429048962912346,0.753881755367497,0.7486453430393443,0.7342801674800692,0.7152275654880234,0.7086803157883745,0.7495007853246656,0.6979098618591397,0.717587914208225
0.3785332141763262,0.615801969911503,0.7484946175075908,0.7353577734423563,0.7605114776842963,0.7482661365137948,0.6856110259182915,0.7066731227328137,0.7720017096740973,0.747334698829323,0.704163988128802
0.355368530140707,0.6680474285844036,0.7246405218833537,0.7283685793711204,0.705403901882234,0.6463795944632017,0.7627713468153968,0.7462942909530855,0.7562457587600805,0.7776290527785432,0.7097609102841458
0.3913476259003137,0.5979890963338714,0.7414035117154321,0.7346746447168594,0.7032078645022812,0.7167179415463718,0.6869895229419491,0.7676881037408722,0.7258355402485497,0.7792730330482976,0.7197989861859342
0.3853847790534687,0.5398689539186514,0.7528630892992221,0.7328329782954832,0.7305510407346065,0.7171064724535385,0.7306440809577305,0.7388232291150977,0.7525551990226484,0.7555990083173708,0.7390411961377097
0.3593426035959689,0.5675675034017021,0.7575894245218391,0.725720117687013,0.7441366234171816,0.7657669757251373,0.7344104902925429,0.7542534624201043,0.7391069392472448,0.7446277929552867,0.7030957466560799
0.3209228204501592,0.6450946318241921,0.7469348139649434,0.7361657527994439,0.7332072033125632,0.7134032531335448,0.746863764395165,0.765476945845331,0.7660460393882265,0.7228135289664285,0.7350496252887284
0.3555700171745134,0.5138785862497978,0.7447061778113168,0.7503692177378134,0.6836659381765314,0.7286908168415214,0.7470133420601169,0.7374485496701416,0.7890412633566829,0.7577199056110522,0.7688528170729183
0.3686855496872959,0.5653626549571968,0.7426150035716864,0.7352364061605231,0.7273084754592483,0.7507851218417292,0.7659205272717118,0.7534912964175962,0.795378676906737,0.7217940861572013,0.7627079679453644
0.3861254156948802,0.6578805134124903,0.7712785002898026,0.763884938090502,0.75621417568092,0.7567537992857767,0.7022514710182637,0.737184129329984,0.7868229752335549,0.7240365730773399,0.717972876724816
0.4022853803056833,0.6718757464303564,0.6786314247618661,0.738286087616816,0.7627231916308885,0.7044205687954679,0.7132777711160299,0.7552231709670953,0.7673995790485253,0.7318373688266993,0.7095265270908114
0.3930233159686379,0.6238493007815428,0.6886675529639572,0.7506750318702413,0.7922881466671244,0.6964656677927363,0.7008795855380283,0.7795859242410862,0.7397549635180954,0.7124071560803467,0.7401204481126111
0.4123907163071135,0.6133323415412262,0.7521245999955497,0.7454795581681177,0.7248312084069263,0.7470110176419513,0.7250302632055614,0.6951803043075743,0.734915270037247,0.7215337005563847,0.730053501956237
0.3624513805847341,0.5809636941493453,0.7598437333645871,0.6967767192161921,0.7332008036286611,0.7682090819372808,0.6942486431411218,0.762886753016101,0.7489599932543793,0.7410140030911435,0.7067895727082788
0.406008194041238,0.6047441426957395,0.7595847689321851,0.7179064957402319,0.7445882693022505,0.7714141510893993,0.7440030253255916,0.7534387747636957,0.756394824711733,0.6948591892522418,0.7325424561799512
0.4146010690949846,0.6264312936423313,0.7502922415924667,0.7562811470989805,0.744167287372541,0.774012505155881,0.7649601309963869,0.7695458970044449,0.7024084295941384,0.6672519644845134,0.6995267166200121
0.4012807547626761,0.6058007285984983,0.7740260224799485,0.7678831752196618,0.7623173453684963,0.7949773495341468,0.742791533145863,0.7526403794121382,0.7362198060273848,0.7015010013314883,0.7502501774130215
0.4221412308607418,0.6385860779736646,0.7649815060500595,0.7489053340289414,0.7047002015379366,0.7302686823742232,0.7432349402755534,0.7568172925487795,0.739228533299434,0.7190196664343296,0.75321117967279
0.4256752009378557,0.6125189238516241,0.7656235113469838,0.755095875670247,0.7582346586534767,0.7116389530532977,0.7303345132587437,0.759123802719023,0.7644521781060385,0.7230858196648866,0.7074164204585991
0.3570829844516602,0.6170261805269402,0.7988819360585482,0.7349833018096418,0.7644565954628577,0.748824120300347,0.7004469844266952,0.7640172691550329,0.78166072511241,0.6300756498843274,0.7162890967170428
0.3954575321727039,0.6197811131981592,0.7994051617161195,0.7607833224626995,0.7779828350487898,0.7442416474866956,0.7198900353505662,0.7768888083391478,0.7871377769983829,0.666191423028867,0.7396097671837878
0.4048373857852442,0.5717869773997392,0.7395833761573527,0.7430264355221465,0.7326481548419265,0.7310203751506926,0.7283870844347587,0.7761828779414024,0.7481018620160028,0.7092574321838246,0.7236221878193472
0.4095394953200284,0.6235522791998427,0.753433048449427,0.7352061674659082,0.7682607454901781,0.7651576176564379,0.7466631982426032,0.7728620898713049,0.7392823281712674,0.7008538340697532,0.6870643376471932
0.3615171903363244,0.6005151476642121,0.6710023555717834,0.738088759253762,0.7966100282031453,0.7800513973560274,0.7690097723126923,0.7640803399537185,0.7253144173046948,0.7398922833121272,0.6938477426572836
0.3860780435678898,0.6148419076883829,0.7212269299381678,0.7298762347957823,0.7267514570353888,0.7070605920118029,0.7294281742918782,0.7587971331991475,0.7445408306703625,0.7075321068366168,0.7212347864305759
0.39355895617631,0.6848526974595557,0.7329422699748994,0.6868388038864548,0.745231949274221,0.7220095819536906,0.7660727280701385,0.779131915961488,0.7526812940361941,0.7247094063762725,0.6807048541455912
0.3950831068830432,0.6861277909882397,0.7128927198697848,0.7361975703761938,0.7092933030515133,0.7442971418674365,0.7731047360822572,0.7434571376898107,0.7295239999717341,0.6778593916173397,0.7076749226573473
0.4009309098637013,0.6404273603209578,0.7154536605014239,0.7437166620831219,0.7132169143716758,0.74226342731073,0.7461833236764316,0.7517716765780365,0.7483880240435705,0.6826094433067804,0.7373272285465797
0.402486321217443,0.6809554625048855,0.7269182952146216,0.764195212304785,0.7450949281101378,0.7576817226666743,0.754846243981758,0.7240888761746986,0.7778412699717767,0.7007960590707834,0.7511100792691521
0.3907241609801347,0.6164033383996651,0.7568421061957213,0.7153512792620003,0.7704708224543922,0.6654272162884474,0.7098785437831697,0.748772162435114,0.7455330266146463,0.7133432246233598,0.7265715216233937
0.3974279894579857,0.6622359485292892,0.7155677765495909,0.7509001244652351,0.7272740820947108,0.739241687385028,0.7413999450254196,0.7525898658329389,0.7565564309618751,0.710977217085008,0.7330326718059472
0.3822947445495818,0.6429165336233755,0.754578029686205,0.7331554999388379,0.7489499380996176,0.768436007557873,0.7757160126416524,0.7220782794594913,0.748980948602274,0.7131265497037677,0.7004048434576475
0.4030839785567629,0.6531441662475527,0.7548159091394899,0.7333100681623937,0.73025780555653,0.7498066907829942,0.7696208584480073,0.7372647154149277,0.7702397882951354,0.6919225823986996,0.7015505736310428
0.4114268476446849,0.6223301066321631,0.7635067651607614,0.7543056816033051,0.7501944506020453,0.7354705773876872,0.7754283212174226,0.7341117782764615,0.7797804541305973,0.6948428639225508,0.7154564502170647
0.4181805891627176,0.6445718553657322,0.7838935850596784,0.752416666794434,0.7562676982416192,0.7476601985360358,0.7668561582615676,0.7487281928497476,0.7552172245004928,0.7109554909007925,0.70891782149447
0.4393175260123227,0.6477711416509233,0.7818502182020718,0.7659229210531682,0.7817353856084952,0.7776705828579045,0.7519115572186647,0.7520426880574764,0.7251845386134199,0.712641621477214,0.7023774642619186
0.4173031628398694,0.6642851839713566,0.7381181085835012,0.781269430092971,0.7631504195552228,0.7610498635717071,0.7692648293472766,0.782156714777668,0.7486123901833757,0.678936126808679,0.7219973325028952
0.4325851035599098,0.5331586849278542,0.739019771225952,0.7740891896652067,0.7637370229825471,0.7643493340338978,0.755334996645141,0.6741394343792461,0.7484859139192122,0.6982031528333921,0.719499572293049
0.3736253181871696,0.590528848110804,0.7448468296357857,0.7321776891315411,0.7543379728642515,0.7676066300466461,0.7538885833790901,0.7248519507190387,0.7507807177818032,0.6838862562137612,0.7392907783704378
0.3493564785229013,0.640553856797871,0.7740191073420963,0.7403970021983292,0.7543312319100656,0.7777583344812153,0.7856413670841527,0.7366146770187685,0.7540268743800771,0.6931257025388053,0.6470006425865956
0.3616024870458631,0.6608856236645153,0.7582924111721473,0.705969632964837,0.7881306740486278,0.6861959139516359,0.7714680021909122,0.7429202117737086,0.7443860061432852,0.6861413075030475,0.6828187996348947
0.3843437441764976,0.5194527943508754,0.763285535102671,0.7461557497187392,0.7070733179660063,0.7333174533056499,0.7816971893465812,0.7577439187308435,0.7525513197580413,0.6769458942053037,0.6768051261598202
0.3831024644107932,0.6132272972109835,0.6696294921064556,0.7434743737715336,0.7162968912730246,0.7337339640351509,0.6835440785004393,0.7242743567375197,0.7760986030869117,0.681239089337871,0.6562507697110916
0.3979880235835838,0.6592104372628675,0.7272987900973216,0.7509844655594802,0.7139599253831656,0.722261207253825,0.7025238516198417,0.7391111291801551,0.7044913561982762,0.7045502605857188,0.6827999685553809
0.3693880235219594,0.668190754137102,0.721745540697396,0.7077827973966845,0.7432301019672004,0.7282629035089239,0.7508489013664971,0.7391424666123331,0.7296564151559711,0.7052547640356299,0.6826180546179917
0.3923028647473986,0.552937435878011,0.7694619060647043,0.7260193016062209,0.738343925179382,0.7432057384600482,0.6554494703205715,0.7503193560186884,0.747797194653219,0.6477511266841917,0.6843895622640517
0.4477811822111349,0.637169684130811,0.7886722344205417,0.7131101291986025,0.744925112971812,0.7362086020256917,0.7311720960155752,0.770480422827547,0.774649129647567,0.6854346516122117,0.6955067065465977
0.4330569435932238,0.6454798379023348,0.7970736262070683,0.7297616414667216,0.7588241631945758,0.7278367301931911,0.6996650434479618,0.7599221164782886,0.7380467085561245,0.7307045119235996,0.707486030886213
0.4582492792890205,0.6823054430609178,0.7381011372802997,0.7485633178944692,0.7600866701599083,0.7488761868210267,0.7039041353121911,0.7707629874225277,0.7613490374797898,0.6632346966771214,0.6953481164976079
0.4583801992766586,0.680290621531196,0.7537944060543237,0.7717406166955283,0.7413378397623626,0.7518442730098974,0.7343740424926257,0.7104574049715151,0.697725656751944,0.6715390116064734,0.6971068960478608
0.4320251395485542,0.6639531521858626,0.7405575493810755,0.7169346083406746,0.7327482039386016,0.7750660150685584,0.6766215612657039,0.7399184471535648,0.7470079620144955,0.7110162293491902,0.7367146053375981
0.3939088635073242,0.684171789993261,0.6910034576291745,0.732789242970106,0.7351971707625813,0.7577605002243879,0.7224272612360564,0.7480353535896729,0.7384385527592126,0.7152371637911056,0.7264171713092387
0.3931489506873697,0.6542138427826799,0.7107935965390968,0.7382935715711911,0.7374376746397655,0.6951406703020961,0.7441321570620474,0.7663071687246896,0.7420572196381477,0.7322085825483513,0.7296321347517791
0.4019486322171238,0.5594909088402644,0.743916708131059,0.7398713672638644,0.7348360059115132,0.7585992580015328,0.757636953124776,0.7674187199639201,0.7023352131230958,0.7164268764356037,0.7119827346477201
0.4131390177742945,0.6084973210290628,0.7542231082636824,0.7249831102788262,0.7539831391069592,0.6993313036012431,0.7194558595120206,0.7842285896215799,0.7279128869281657,0.7148918812814808,0.7134476809186023
0.382219676932666,0.6195805703313597,0.7491527490021356,0.7262447480107747,0.718112291655101,0.7073986234519704,0.723684511294143,0.7783305035643967,0.7347702639060105,0.728069098350193,0.6423154077866032
0.4232547452038186,0.5807760395252878,0.7556592985822925,0.7269758106081422,0.7244679297619185,0.7262237327896589,0.7390544168185165,0.7719952397877398,0.737417424541366,0.7256777270307151,0.6871380668142578
0.4145803497357034,0.5582985975862365,0.6805426877293297,0.7568801984870622,0.7574181463935556,0.7048524998645811,0.7331494831200466,0.7635212881494107,0.7407185836074097,0.7244509066120245,0.7004461460177154
0.4225338863303622,0.5655545796631958,0.7036819775741026,0.7618911714144911,0.74095645147823,0.7207363498478982,0.7687788263358897,0.7574309051786724,0.7660637033024285,0.7197386649456453,0.7245815737163986
0.4118531560352705,0.6277231542000661,0.7398504259928415,0.7983276045263719,0.7096390526774349,0.7730098255186894,0.7506709054387478,0.7635909421216283,0.7411354525573459,0.7197857266545116,0.7412779316151767
0.4416372039565249,0.5875149066561586,0.7481923342046806,0.732161144479077,0.6946064611404854,0.7378078355840497,0.7355216227542218,0.7578803434950748,0.7644974088219407,0.6649382952651379,0.6737593385063172
0.3601960852982194,0.6389966443550236,0.7783351022834556,0.7573361456947483,0.7238927698008617,0.7301646887991174,0.7439489843725937,0.7590936635984351,0.7394741748847279,0.6704407625535639,0.6948754602275904
0.3753616295162619,0.6356457172251433,0.7515358042084412,0.7343313797473336,0.7275353261748765,0.7450549359257692,0.6684365824105778,0.7798408727544719,0.7329777623424518,0.6856296174800396,0.6958381635814188
0.3873015104016697,0.6035646897338458,0.7644310036156179,0.762362575545585,0.7612229468091127,0.6910750583179838,0.6779767011954676,0.7223707413984715,0.7495041392536441,0.6733850362944883,0.7179952428524095
0.4143651285234536,0.6099581752290963,0.7467105396833845,0.6842831083453895,0.7120223496712463,0.6905069021418804,0.6960924012353144,0.7160492797756158,0.7687828260537612,0.6781889358315125,0.7096892422772608
0.4274392864788643,0.6546803858620671,0.7475996940882053,0.6714175312329236,0.7341322932411435,0.6625420654829766,0.6837979926215458,0.7440444930329748,0.7774999905544834,0.6887448062890773,0.6936249292628743
0.3439543835561503,0.6654340422469431,0.7750256664736814,0.7151199518924225,0.7094105843443744,0.7139826393892585,0.6533747796926521,0.7508725827197595,0.7399717434410581,0.6941160651367487,0.6771134197620675
0.3491434173030064,0.6946062558507071,0.6883433120319007,0.652570900418649,0.7305075161362082,0.7330001296609372,0.6795598663000252,0.7102333275154084,0.7532375281048607,0.7014503692328937,0.6654246297441523
0.3729525631703834,0.578973486896291,0.7513427957039049,0.7010431428478725,0.7243077206103565,0.7561868236210765,0.694097200313157,0.7465061502963553,0.7601385340808947,0.683546343432594,0.6966403865686799
0.3932321482503429,0.6116218738257861,0.7936163112714851,0.7250778905425216,0.7250965389632003,0.6866418577562657,0.6319438471514741,0.7581788678757938,0.7692659189054447,0.6705330706170091,0.7048240663478247
0.3627101597994022,0.6118483769750287,0.7514765744239463,0.6965575850353598,0.7637263453346671,0.7194953219453295,0.6689739445281795,0.7351167242025005,0.7561217627030259,0.6482439039841843,0.7190007523847821
0.3520451763921739,0.6471759645898961,0.7511097551430657,0.7469856943038808,0.7576685772008588,0.7373642383816823,0.7023267704830585,0.7311648852000223,0.7592514194918241,0.6264390120740622,0.7303371587251088
0.3827318367219626,0.6273983673255772,0.7512857358730423,0.7750238319037488,0.7380198007159946,0.7449819414839245,0.7115861592604087,0.6821133295123183,0.7727241714629546,0.667774930228239,0.7446836499997493
0.4163411721557434,0.6840629906585233,0.772404458072061,0.725180165257097,0.7688462254656879,0.756466415184152,0.6605466776780009,0.7205651001097264,0.7261258291517598,0.6753678587153094,0.7505856799233497
0.4338892885603159,0.6592818894279483,0.7893679693798983,0.7005389566480034,0.6888746657306373,0.6949919704237086,0.697362536733435,0.7526425285431961,0.7732572730385429,0.7190291839359602,0.7200656266403619
0.4395396822360667,0.6476373188067774,0.7829425354282972,0.7351128667475025,0.7142706098836131,0.7101875014162584,0.7100544429277245,0.7732873326276637,0.7639480731704087,0.733598199965823,0.7472493470008897
0.3607486062856292,0.6500054631519298,0.7898792190189116,0.7529581079474157,0.7479649363962988,0.7394713760947315,0.7039890192071856,0.7791387702044608,0.7421355073523033,0.761927372490458,0.7508522748391736
0.3943480672754379,0.6758580934596016,0.7756118410287519,0.7536933221203136,0.7713755230929653,0.7484242159895769,0.7063241291082487,0.7576787995017971,0.7536222600763742,0.6720434609548422,0.7314751858869345
0.4012482768689072,0.714400545457851,0.6738898517977904,0.7460230776229643,0.7325641695238743,0.7545137399849897,0.689513754143698,0.7612155300926614,0.7738849184118168,0.7221632862881373,0.6779858282726251
0.3630562141621566,0.6295269819306267,0.7152340505199547,0.7051081484326082,0.7447176901572646,0.7168443129967862,0.6981775591028919,0.7644947666885116,0.7752617140852505,0.7206341880465205,0.6939012877774806
0.3780575079332026,0.6896877745806276,0.7436597670451123,0.7294702712819935,0.7297992038695826,0.7483081211294198,0.6968645421606312,0.7233450235777757,0.7249583543416767,0.7402718758548943,0.7388037581001083
0.3810421044334326,0.6731866203491621,0.7366382038872479,0.7533693574439682,0.7275679960452255,0.7410515856046643,0.7149590157142682,0.7660960362070872,0.7411605702406248,0.7495893159691709,0.7394667522962644
0.3877647919811847,0.7066331551673868,0.6835635996013458,0.7800243505775942,0.7533949297288013,0.6770848961286046,0.727111503942889,0.7699006060974158,0.6919169526041806,0.7117982707136411,0.7104838007369997
0.3335046424883779,0.7071344184056476,0.7300692900281209,0.7695689254074338,0.7293351489823892,0.7346902416581237,0.7028424705818223,0.7572281488331962,0.736754467058396,0.735430259533234,0.721688349059866
0.345660100570314,0.6558672146355607,0.7705235334012974,0.7004489851456618,0.7295639616059924,0.7302853632587558,0.648158932376812,0.7616696121239772,0.7488914528212496,0.7052195239512793,0.70145830621971
0.3544196884714876,0.6816974630043268,0.7660638221075202,0.7235348307419127,0.7503288611031347,0.7369114494298453,0.6528342052951226,0.7549148127827064,0.7600874280143743,0.7369724092817904,0.7121604287390016
0.3198420013999428,0.6429590909655536,0.7009241108742624,0.7389983588611864,0.7645454264467215,0.7655125529731739,0.6670050239739425,0.7339588308549034,0.7691303803100594,0.7793325749179562,0.7139794748321917
0.3492331481268723,0.6600760978003549,0.7411588048110801,0.7362648080699982,0.7536313573989443,0.7784685826402091,0.684949207688891,0.7563077321643974,0.7262135470142885,0.7644436532474012,0.7325738512709075
0.3483339951387043,0.6965497194055899,0.7026421402993074,0.7370370618262255,0.7564090995806314,0.7064516806218546,0.6811907692389324,0.7252613322530966,0.7344838106722545,0.7871177964240039,0.7368943791935871
0.3668229910285804,0.6805786200848607,0.7057046957182067,0.7415300652633956,0.7382233341109168,0.7447053848050582,0.6852155272086755,0.7259072531706167,0.7450342645858039,0.7457824327699555,0.7441503527336943
0.3351996879785526,0.6394619524161591,0.6703422678658388,0.7575136718484815,0.7262579345074648,0.7681999300645058,0.6758412732548876,0.7394847443443862,0.7554983443493326,0.770924574587287,0.7101408209176386
0.387137453868542,0.5918582604766114,0.7050762822647839,0.7559838125948029,0.7115114340903751,0.7968007384712854,0.7025430372757571,0.7499139301369078,0.7276053355338833,0.7502661558575111,0.7055265613638748
0.3975762825270054,0.6314208326796212,0.7278701405472462,0.7614164629695406,0.6828495743203572,0.7116137570501495,0.7034873059368452,0.7608882414611928,0.7457767749090539,0.7206992282770551,0.7100707143861409
0.4379566361336823,0.6882408493646339,0.7010367289419629,0.7740146593620076,0.7169629340661696,0.7218435624911839,0.70947119458897,0.7540598593348465,0.7464644812141745,0.6604155813311574,0.7392166019972204
0.4111914987099804,0.7019408790232449,0.7248358649399655,0.7870856212847126,0.7497719805758207,0.715739110444516,0.7483588302392999,0.7044845275111076,0.7531081733145126,0.6892238896287406,0.7080401376234025
0.4165498268947283,0.6073454797041752,0.6659965254353445,0.7562718116235235,0.7568944202122807,0.7458955336274692,0.6922334188036345,0.7125090898443893,0.735734256686469,0.7165845377402263,0.7182609333438772
0.3591349360816691,0.5762507002023053,0.7263946626196516,0.740178973855705,0.7741988332936967,0.7095733716690095,0.6954253479860477,0.7421796294518785,0.7164227167999144,0.733927527487471,0.6934025573967055
0.387192253729519,0.647283546168347,0.7387775706820177,0.7107866328189084,0.7809101131453213,0.6828284225281297,0.6801442616498983,0.7563173313515202,0.7445295779655912,0.7411818976320063,0.7154173095931615
0.3697831086257359,0.6526333954134698,0.7462859690759225,0.7502508579548968,0.7690899161420871,0.7500630479436137,0.647241136186195,0.7257112524758785,0.7371774532676926,0.7352560975566084,0.6895786139785248
0.3550053393939384,0.6901924657818207,0.7154433310704537,0.7591510161165536,0.7556064106018768,0.756273431103621,0.7008740069257922,0.6706985999135942,0.7348140273156093,0.7518866308872205,0.6923978329434263
0.359305299820723,0.6329267754423007,0.73627659192077,0.7497936614266151,0.7734499973243634,0.7720998192568265,0.6953258325274032,0.6998030725287863,0.7425293601696829,0.6907373934486905,0.7237960841747377
0.3612947275426391,0.590542500233099,0.7361279119043421,0.7399231299777986,0.7440109707910951,0.781698134123891,0.6825598482396451,0.7207622738987918,0.7368972752510163,0.6922626989114392,0.7343500652691164
0.3685853762000067,0.6125343137384506,0.7419841982549548,0.7138992408783937,0.756002219845127,0.7413241229009402,0.7202540914564608,0.7574924397240224,0.7589666181152028,0.7137768528875486,0.7150793401357607
0.3971896042549209,0.6331230422713379,0.6679908095757795,0.7334325480186565,0.7599256363763255,0.7323852774874787,0.7229855391652531,0.7471246641070718,0.7572328322841047,0.735405332961806,0.7520749058723346
0.3924798914929879,0.6176826953928175,0.717903620911263,0.7656941065797894,0.7448653995539505,0.765654128260973,0.6568017579892539,0.7508967023558832,0.7597919520231808,0.7122742912280369,0.7520932074809477
0.3887254845341445,0.5878975795974647,0.7009589045280984,0.7666109326034319,0.7107261755560459,0.6999699997526841,0.6870872276590665,0.738013328065984,0.7320804752175945,0.7461804600723942,0.7288155086299791
0.3902776890892734,0.5649692205637282,0.7228080430348937,0.7153309835000744,0.7436108767192062,0.6841452780697174,0.6420923715502941,0.752157779499426,0.7538502003693262,0.7292750017160395,0.7497077630131519
0.4018463503174231,0.6081864742587513,0.7288519767463857,0.669164005297638,0.7305906457523477,0.7089316080215824,0.6686274316571861,0.7645212273175568,0.7651123893607155,0.7666302548538754,0.7250825291843115
0.4024021079046357,0.6387225890602931,0.7627467843902609,0.7306847934027461,0.746647745847832,0.7312730158272416,0.6862899759536076,0.773435270162595,0.7761804006683957,0.7275637231996472,0.7051461529182974
0.3752186780409201,0.6618080804139677,0.7693262616649061,0.7806860530786075,0.7476300288809313,0.7410698441864358,0.6881590828041092,0.7012580843946942,0.7864054147834159,0.664305184479656,0.7110567256208565
0.3761065706900349,0.6689037280799496,0.7318792775052473,0.7085770179870994,0.7762031693771025,0.7655452041022193,0.6857778969075968,0.6810354489471474,0.7868879007672356,0.6341158715422648,0.7604314819925075
0.4038895563819248,0.6814790609802475,0.7043261936197168,0.7516141509295682,0.7129202082770455,0.7724042133936095,0.7172692114501702,0.7227362743209682,0.7779173823682898,0.6752264153043066,0.7300952092878271
0.3904619970585006,0.663546590696767,0.7362906252512972,0.7537445018778663,0.7330450760380463,0.6897019229463718,0.7412231952355209,0.7270342645364753,0.7684609835551454,0.6661796453933726,0.7300768185638518
0.3747482990363808,0.6213897656223808,0.7167603603814244,0.7739181815695775,0.7606166296961907,0.7438484167915327,0.7399447447816118,0.7425958761806312,0.7229131072577876,0.6669703138910112,0.7179520624081558
0.4204114130283426,0.668176579744312,0.7314328108181831,0.7416050037076242,0.7450682448930026,0.6572974023420606,0.7477233814591329,0.7464626249106354,0.742878363937445,0.6769000943364352,0.6943041502228928
0.3309595709202886,0.6409734222587641,0.7340253366225985,0.7128018267542673,0.7562966874947825,0.6735396377276636,0.7023284467892447,0.7551532621488932,0.7458423235193481,0.7003333329741313,0.6677683306631521
0.3550873660089778,0.6818719255151995,0.7385480558336923,0.7627127267837106,0.7109353677480814,0.720215979394483,0.7010884626215016,0.7317036695658155,0.745902472022534,0.7450898594567557,0.6834928726630705
0.3882326686413518,0.6867988685290966,0.6924306561576759,0.7892943120193405,0.7528803264662769,0.731674866986332,0.7154802183376161,0.7445092885803314,0.7625305865555477,0.662571984326267,0.7172215433906234
0.3708352290934272,0.7171015821522166,0.7213415108280857,0.6763408087829367,0.7434560102882264,0.7572694983880816,0.6779452601032178,0.676608683532043,0.7554702904931768,0.691789816483603,0.7378575260067441
0.3996561029537521,0.6371152995635877,0.7411190629029605,0.7106782725108616,0.7357418777219062,0.7573842786301537,0.7052357735197609,0.7182807244372502,0.7640263274194479,0.7076811714726049,0.6871469568107539
0.4162677586822773,0.6455028679873331,0.7476153140971616,0.7172770790514444,0.766563677084201,0.7374888158236967,0.7136559527420294,0.7332934217668223,0.752679702329816,0.6586667767834481,0.7048108729351289
0.3724593524922517,0.6664410599466185,0.6971835215995688,0.727891811892974,0.7257859800334826,0.7361275969560287,0.7304403131159151,0.73641455879776,0.7365619068067341,0.7045153839823195,0.670406692173213
0.3922724553588768,0.6350493790038748,0.7374939260233694,0.739126964819096,0.7559448461153879,0.7265873282752614,0.6418412270639879,0.752025743999136,0.7612405249509211,0.7132430150544429,0.6796785518097108
0.3784333364919846,0.6566107979646558,0.736982215868612,0.7659570466514958,0.7609546656450275,0.7578133228909155,0.6951051855905229,0.7577981179622746,0.7441381650907481,0.6948610196566876,0.6048509879263336
0.322688673683016,0.6064741777412618,0.6536903503842546,0.7231959332793954,0.759477299306017,0.7343132435455542,0.7367746836988216,0.7042827691760774,0.7418873009900817,0.7146027877233576,0.6542457816689622
0.3645975271765986,0.5668449465899809,0.6759189663020284,0.7338703622329004,0.7741092236286786,0.7488337150910507,0.6919228702729021,0.7131922797407748,0.743724921388965,0.730400369085584,0.6706339185368753
0.4077996801239572,0.6221265603578505,0.7247613621627051,0.7329121775673423,0.758869374757773,0.7053536514837818,0.717928712652388,0.7500138632151676,0.7608706472876572,0.7446270205641374,0.7064440527292986
0.3901342491798401,0.5677626547072597,0.7317772632142049,0.7668845182956867,0.7524558479930173,0.7556678136616621,0.7455775837440785,0.7568286662386714,0.7631457400680524,0.710748267404198,0.7314754093088602
0.3718753505905604,0.590135341790379,0.678154896219533,0.6917254049943866,0.7491750709315594,0.7241612588108708,0.6637599491109116,0.737325601385202,0.7533567659754358,0.7012421456616642,0.6434504159891893
0.3629892440698209,0.630972513799577,0.7324976189237776,0.724337018710091,0.7776418316194202,0.7362124863510385,0.6661852452004102,0.7520457938307986,0.7447252906995203,0.6807561861584599,0.6966568200508694
0.3318217807900566,0.6353693109483987,0.6711737607303695,0.7481923323833984,0.7798762930346609,0.7126736503902323,0.6929491311481044,0.7568378182316681,0.7118615522566585,0.6929840432232751,0.6781779250608393
0.3639018616922045,0.606526772130651,0.671062203202254,0.7328121360726657,0.7581678019078911,0.7468097282452552,0.6936681957240826,0.6971115746324458,0.7452922847741279,0.6577087501212546,0.6632008103798954
0.3824475111688888,0.6940174343418624,0.7058362134126703,0.7692571415440841,0.7744025941589354,0.7580933364207617,0.714186220609034,0.7232102386638934,0.7503189649553303,0.6813349640481173,0.6334632674179623
0.3875704000580474,0.7120952900381995,0.7250268250559976,0.7067714352844503,0.7915023119038496,0.689966701745383,0.7169049779317469,0.742853193381916,0.7298076346102357,0.7028049757085044,0.6869024502866589
0.4100033801579132,0.6586664874123788,0.7201861162003688,0.7377042294645164,0.766528546817,0.6995530757303321,0.7319271077635212,0.7479980900920051,0.7487062902203693,0.6762379107178813,0.7115873908623538
0.419823026406477,0.6626659078367623,0.7307106390524465,0.7602900883001618,0.7201630951478505,0.7198795401798735,0.6554250523488669,0.7281887669592493,0.7360898762570396,0.6724797061861927,0.72531471651532
0.4426865999364789,0.6876220586373907,0.7081207702401617,0.7660848291444693,0.722646607271777,0.7771112553933559,0.6590998960455908,0.7456948128435563,0.7517577914063398,0.6907749142998902,0.7367372278983513
0.4348742126009925,0.6344007406999849,0.7113621324842231,0.7755373557895078,0.7437748608065329,0.7497221907658763,0.7129693609429624,0.7274003377819231,0.7572108620612492,0.697644583533843,0.730938683596737
0.397334180292817,0.5889147435803941,0.7104830523302337,0.7828219950886292,0.7475332794448317,0.7198201971214035,0.7132658231889744,0.7620503763330762,0.7086409663683888,0.6474566573682292,0.6541545314911
0.4052163364100371,0.6595400340575328,0.6271778600427851,0.734794383288694,0.729155160925189,0.6971812310651749,0.6986691859990954,0.7772413640344151,0.7306060635539591,0.6580505199979299,0.7050403264232872
0.4041659632407102,0.7071105557484563,0.6906478153098734,0.7193001706260239,0.7264311422196865,0.7411068838155193,0.7279785563101964,0.7827877776174943,0.7466926798455069,0.6772876740884715,0.7206014320116082
0.4009019448108118,0.6888296083213769,0.6714965642392171,0.7178605176833041,0.7401395626082801,0.7688753100425717,0.751629855200278,0.7368125721112073,0.7410810433226834,0.6786198671854844,0.7482820934499909
0.3751312277905167,0.6264528527638297,0.6679454729905073,0.6913137416658056,0.7103714641991629,0.7276428134418452,0.6648315289412495,0.7524168909956066,0.7693646225630715,0.6661830754008906,0.7095520745022872
0.3478975568371213,0.6385947457403001,0.7217161125580236,0.7151663754634483,0.7245377429242661,0.7459560641835581,0.6814254821580251,0.7167270287739105,0.7447340573301017,0.6843474805720582,0.6889280044773722
0.3739797130567271,0.5765865251591914,0.7360976649956937,0.7455869859492532,0.6762782517520393,0.6917139464906882,0.7211401460051603,0.7403329828300081,0.7513378478939914,0.6860199905980258,0.7169891922704432
0.377316149486765,0.6117536272155855,0.7582254883986963,0.7503816504399667,0.700671759391718,0.7324592007484944,0.7231016523191903,0.7581620885613141,0.7516936159269448,0.6859664130847953,0.6668810433226464
0.4053689853434795,0.617514623715884,0.7661518953354174,0.7574532076010415,0.7068204595494234,0.7421663880413085,0.6608937929411948,0.7718400308767702,0.753787889983242,0.701317465361858,0.6798210988145483
0.4498628875437611,0.6273314800991927,0.7659252076658382,0.6847571746305837,0.7376372050703581,0.7414872245532874,0.6587133043401819,0.7430179863273821,0.7605844056214677,0.7101102224684901,0.7395782421509112
0.4564513181567277,0.5454847781293062,0.7129035044012773,0.7461086909209701,0.7433587021287877,0.6906230818364967,0.6385846187462696,0.7138978209677496,0.7902723979432973,0.7009003364377436,0.6851689713951663
0.3831842792430612,0.5810470104873452,0.7234190805306072,0.7521647408137194,0.7581012747454017,0.7274637680224629,0.6574826835193133,0.7258335315235522,0.7288117426058273,0.7032403816692667,0.7097055099358492
0.3965764919802942,0.5991111624523882,0.6492117436513959,0.7196533509601701,0.7677108480196173,0.7404786990068992,0.6871432724596084,0.7482305253123087,0.7666947854333526,0.6988252902392382,0.7220372555009181
0.4220630726422513,0.6231308562326625,0.6870793163815254,0.6586104349451322,0.7892453318053001,0.7784528108029571,0.6976605906378547,0.7043276828971577,0.775076535155371,0.600496666083008,0.6607323151945794
0.4151257106334094,0.6277983175463748,0.6430897546694616,0.6705284319774525,0.7654378547517747,0.7679889220014045,0.6692772702634585,0.7313027774252551,0.7441794308839612,0.6283099966849433,0.6887491633542294
0.4243710959022991,0.6595283938492184,0.632503509731539,0.7021772498326697,0.7109627316257948,0.749057992085468,0.6721519454985633,0.7339113049889756,0.7645915999090014,0.684632977819507,0.7000669911577734
0.4373358319836163,0.6177740221782765,0.6501381840901446,0.6713262490415066,0.7324698096270192,0.7320822473898176,0.648171166361985,0.7149228755272622,0.7667872454241342,0.7252483409124599,0.7099002955509579
0.4001662662684307,0.5993666197627354,0.6544554114036261,0.6896443219202805,0.7240742176237202,0.7399883582440303,0.6709775947096179,0.7315054049039285,0.7772204541210683,0.711237241023082,0.6854966460663503
0.3335682407920619,0.6101635563516852,0.6794611474510304,0.7055700402202573,0.7126418807775124,0.7481361903219238,0.7008244682839784,0.7185618533758641,0.7610583001744625,0.7374637661479215,0.6883062061030942
0.3519651401013124,0.5540893167354514,0.7074969359351837,0.7033294903596485,0.6754020213801575,0.7493624680835862,0.6766316818773506,0.7465036183066083,0.7557510067602174,0.7014359415496559,0.6875846171432752
0.3349849415508766,0.5971850203077502,0.6263485199460551,0.7224614224843732,0.7044452367346281,0.6684711205827044,0.6409110372871193,0.7649047050375473,0.7655628607334315,0.7018278703314811,0.6913685098968594
0.3745740073312433,0.5646006992461275,0.6459744112285344,0.6778420417432135,0.7458168768901103,0.6824073435215597,0.6673048016852678,0.725526743907097,0.7363730362520569,0.7209776692119975,0.6999437024831638
0.3670370890241005,0.5651168952978352,0.5871741744707915,0.6196848637018574,0.6947612116093593,0.7310363631205143,0.7055837202558999,0.7321699480306465,0.7515711953327446,0.658072717947376,0.6999391239175848
0.356292573026817,0.4728216304589294,0.5934845869239216,0.6491528943899261,0.7012341902559984,0.7649751046716337,0.7218906069293749,0.7436066294220017,0.7664048568684438,0.67425510213513,0.7177504389593079
0.3450721316323943,0.5209048348641298,0.5659220589523485,0.64245209670578,0.7108865397156656,0.77332304934085,0.7100563536889873,0.7620186076404512,0.7443668785949954,0.6788185849237482,0.6360630535454188
0.358305076108437,0.537927768464578,0.5954220013161661,0.6497199112199794,0.7223248939460691,0.7845253366843814,0.6748121645310454,0.7708324730685057,0.7382577578554725,0.6861442992874847,0.6552755064225935
0.36638376822118,0.5174151501337132,0.6343657734688843,0.6724503170508126,0.7136434313848012,0.767174773985397,0.648540450717562,0.7624597825714288,0.7467988736981206,0.6709993460567366,0.6890064430086957
0.3848862336763928,0.5462678488621864,0.6171933719391274,0.6745201201456505,0.6543895224568624,0.6908279460694354,0.6748160089440856,0.7742709148175613,0.7343819992099837,0.6750100586814268,0.7042007452361749
0.3928431504912355,0.5335417323207251,0.6410690375459893,0.6440497902664887,0.6899393500107224,0.7111852903613087,0.6935585202945647,0.7759787958221834,0.7363748376594657,0.5959445743670546,0.7137468323863556
0.3765161719726416,0.5808671562569269,0.6140813466693901,0.6017986331518974,0.7338423587105406,0.7134413252971972,0.696851679906183,0.77660741982275,0.742458703022002,0.6654719252827125,0.7197871898510744
0.3665352383879198,0.5817470766656841,0.6318146077941549,0.6141551793648437,0.7110737431156081,0.7467849232036097,0.7107694547791783,0.7570064251723004,0.7194859408569448,0.699288051504151,0.6692513505727196
0.3706043322329531,0.5369691542353628,0.657390365609284,0.5647461432710437,0.6835956697269563,0.7218863597667272,0.710805988723975,0.7448059179922017,0.6842203964958496,0.7216331668231186,0.6841595830970069
0.3709414623396079,0.5505305501676563,0.6703957336666633,0.5944085778001544,0.7033406539280131,0.7216865717233844,0.6831144147608841,0.7447808728819183,0.7204460702467615,0.7044927162444538,0.7125746033428344
0.3866721853825819,0.5340159267183764,0.5827873237721071,0.6151299259342755,0.7249133546866152,0.7131091734254369,0.6890972811031868,0.7575604676907242,0.6946254491160408,0.6927130458249738,0.5991461978605271
0.3912576723982252,0.5195991685618621,0.6173273848527615,0.6437608610734074,0.6847463442837739,0.7143430205691483,0.6933956372495249,0.7682035280324649,0.7089342492139368,0.7233096169591837,0.6255428142706829
0.3623815081591229,0.5563199001149879,0.6470884053153101,0.6429841884583253,0.7121383978538884,0.6828581550947028,0.7126495349235353,0.7413950111293889,0.7389577197402009,0.6431921310168316,0.6296508854843192
0.3225477663541243,0.5744656196616107,0.627117278612659,0.6448196518031233,0.7221438563605738,0.7071382752323094,0.719974555986077,0.7463356267928618,0.7341277510601153,0.654794941736401,0.6377250426347714
0.3571994003406031,0.5575638566267019,0.655007535397979,0.6598796951675232,0.6961395625449002,0.7274727160150003,0.7191311517967222,0.7450935172435983,0.7473541126363663,0.6714392186732737,0.6759288249757829
0.3528283721535359,0.5645407286331589,0.624807546817773,0.6713546959799107,0.7200843099388297,0.7574309140819873,0.7239012052706307,0.7521784024573854,0.6902445814238568,0.7017427039458249,0.6956067034067758
0.3403729266586643,0.5771250346355781,0.6176943506159163,0.6901867476286281,0.6869387103104885,0.7159381996328867,0.7590832719568747,0.7038168094921242,0.7266696279740418,0.6898766962312401,0.6966893251365103
0.3568058259006145,0.5708253989710482,0.6399750625364278,0.6187357861949464,0.7252266931670479,0.7514180477175109,0.7680004018002148,0.7457006086832195,0.7632846391511701,0.6693040590880783,0.6309546288073111
0.3581549131597517,0.5668452653754432,0.6532268102934149,0.6457390734420981,0.7107328653219217,0.7449615851137182,0.6385386833648468,0.7593146419809851,0.7251288131196072,0.7004985555526175,0.6771224051460241
0.3194210481315113,0.5666405918482622,0.6980068633700348,0.6700989212193478,0.7158156587264213,0.7617064707072558,0.6523211359873917,0.7612209053289993,0.7430970686782785,0.6627420011971532,0.6596272407103564
0.3127444620360767,0.578442354660555,0.7244102739611458,0.726338104489914,0.7217979164616484,0.7638031144856847,0.6541559972961577,0.7765587553745592,0.6914625033998294,0.6742888707410435,0.697492286569546
0.3053746032284,0.4958593160135612,0.7527088733474041,0.7133553538067493,0.7050085338481933,0.7110765744424583,0.7037167371147715,0.7551000577602907,0.6919160568824634,0.6593703015294685,0.6153423885549967
0.3481064958586199,0.5273757116551621,0.7273000369226694,0.7154790977437513,0.7156350145445494,0.7168359739009733,0.7293103538383443,0.7374106807458689,0.7360323189820126,0.6763791393012846,0.666173716331041
0.3609046480608594,0.5889548699584541,0.7263262190336337,0.7213323785776122,0.7501107001374216,0.7478346044210056,0.6874901175015252,0.7450353084014834,0.7511649343398882,0.6863996300647079,0.6740249161046705
0.387982387127751,0.5311767174180209,0.6920435286778196,0.7350791622255202,0.7628918224940737,0.754829712251679,0.6651885890386059,0.7453641899586878,0.7555645108925073,0.6894133705163653,0.6826938297144075
0.4158708028826191,0.5716976293168833,0.7256786226228926,0.7393129797885641,0.7233742849557899,0.7489626992779045,0.6469322147162382,0.7523899032311008,0.7499220662672302,0.7026798513032837,0.6937404249753102
0.3572895322852951,0.5900218906169686,0.6676997857594605,0.7540019926437473,0.6952001398219527,0.7281632284601874,0.6570174181610695,0.724438301098973,0.751942788906011,0.7251115622923237,0.6773778375758874
0.3623766583990214,0.6499103479341028,0.6724154600445356,0.7825204464914335,0.7221204120500282,0.7339418967038502,0.6875331605895316,0.7612577149985823,0.7644526318793992,0.7292097496801396,0.7091124613142596
0.3889408036037147,0.6599051591765215,0.6632706857241826,0.8078196388595191,0.7464397429290364,0.7511920742291063,0.7275557377708,0.7912594996497486,0.7860524432573301,0.7324344947631156,0.7286978706351064
0.4151038889193431,0.6392130955897392,0.6420112641819294,0.797406345110236,0.7341691178654159,0.6947734381483891,0.6486736505018112,0.7615291154853848,0.7820300761206512,0.7574855271219827,0.7531317944621035
0.3783096472729425,0.6175243282126166,0.6577966561678028,0.7440109062563676,0.7381300589760397,0.7267639080041339,0.67426571632623,0.7670024706396924,0.7675451043822383,0.7421629504151362,0.7104483491410267
0.3611199314238919,0.6732376762992551,0.6931823183698858,0.6883623988570107,0.7513141955807163,0.7316013087273777,0.7039444489960607,0.7520150727655303,0.7478835032966903,0.7263562741374185,0.7428470566391593
0.3830149673386289,0.7064502397663743,0.6300778990142671,0.7157925010832038,0.7783641305079723,0.7512835158807032,0.714524981909247,0.7677110335788326,0.768436527805924,0.7279147567250858,0.7331868173082544
0.4191615386748089,0.6610761722792483,0.6633147762554665,0.7514972178041082,0.738290716510184,0.7612537521407071,0.7463234193874921,0.768431500755172,0.7064106615805035,0.7317270411285033,0.7634886620329118
0.3977737928384064,0.7039013706569957,0.6245494552934548,0.7518729975228697,0.7383799653641547,0.7700309983334266,0.7493366224811844,0.7739318865115827,0.7388679838202079,0.6781161269867677,0.7332639234267924
0.3943454563930468,0.6757470920704612,0.6139529909645839,0.7605124357696763,0.724380884433104,0.7641438779126536,0.7499779754318829,0.7494929496828018,0.7435216273174416,0.718266640390328,0.7445521591995743
0.3466467992324111,0.698130715533791,0.6372866158957111,0.7743176994196523,0.7484921855838067,0.7332930876749634,0.7201819155532873,0.7481983747923119,0.7556842286932608,0.6805636193743966,0.6517650556681104
0.3670259818186631,0.6637475998325298,0.6490074152364971,0.7228007629221735,0.7728655913054724,0.7791680488505068,0.6935267144935118,0.764296729345195,0.7587455219067654,0.7244697448324127,0.7108850967286806
0.3947498103751109,0.6697854710448262,0.6693647670665257,0.7558798401032134,0.761601047595296,0.7500357037246768,0.7291083013867818,0.7695359980114802,0.7645832589979132,0.7364945665245988,0.7352794032988943
0.4048168963511714,0.627912388078459,0.7226012342729724,0.7543520217393861,0.7630000302809946,0.7117554718877442,0.7392782677098364,0.7831379005618699,0.7166747378879231,0.7127089904354441,0.7365734784813823
0.3865571578451743,0.6373019684196952,0.6300787849294032,0.7366991382340166,0.7764298587611643,0.7531382671558025,0.7516614824011447,0.7899419866075192,0.7091770296846241,0.7187519708927413,0.7369147425524099
0.3972520094662934,0.6418926859716678,0.6592331923197388,0.7601142660237041,0.7082161282787057,0.7656614237075766,0.689988839775494,0.778640813251722,0.7491699318390297,0.6921586667251735,0.7281185275188129
0.4172253681697062,0.6751802971187105,0.646482291049463,0.7519069701453108,0.7367319945887825,0.7279926535546692,0.688957697499494,0.7587683058247362,0.756560604558008,0.6766799083912605,0.7305552132635162
0.3790994627432102,0.6874607471679143,0.6541019365884677,0.7242707585544115,0.7544993190166909,0.7454580509226704,0.6905582206531403,0.7595127126825613,0.720620238557032,0.7105438731874806,0.7419289961273008
0.3936063570453215,0.6877470461069437,0.5999443955835135,0.7374817356277503,0.7667145697926513,0.7508394288061582,0.7008092358706931,0.7684152465837657,0.7324665201062387,0.721762977494244,0.7370173069927317
0.3815330840001727,0.6393742648527486,0.6488393537069344,0.7244650127606959,0.781873156495825,0.7641234801572137,0.6534075102274687,0.6850359734011925,0.7340983711102962,0.7050298263044663,0.7636109587146696
0.3736596771671147,0.6437462545502806,0.6518041130633594,0.7535287989570141,0.7629129048502861,0.7078158932488283,0.6824839130670665,0.6965032240090898,0.7510400765558258,0.7246691245582155,0.7134637569671082
0.3800269863323813,0.5661865021016652,0.6047658951149533,0.7574433611366987,0.7114997444473019,0.7224188057204637,0.6910490485175055,0.7214893157216723,0.7272044863774412,0.743179753764699,0.7360161899870801
0.3905948659445143,0.571858898176081,0.6154873226274141,0.7590000260444516,0.7198596577433978,0.7585014288799327,0.698970420436581,0.7053060164253349,0.7526498740484349,0.6869021091304031,0.7469692010049356
0.3908117561164271,0.5790117283635636,0.6401589282079181,0.7333969608818394,0.7357169405770478,0.8038807911370722,0.699556643083216,0.7171328464732452,0.7579509916880656,0.7081119312996718,0.7729714179961295
0.3689243396178986,0.5804229203796807,0.6648743208210881,0.6792360518216365,0.7544153683402073,0.7408000237703974,0.7266726993093586,0.7419092866522475,0.7630479625583455,0.7496652972341815,0.7788938919807066
0.4118365580044998,0.6039210550910649,0.6125445948426541,0.7102008860156449,0.7424733372471947,0.6981909797204359,0.7221774194294549,0.7434773896222335,0.7350301847417765,0.6879873015989696,0.7454492714026594
0.3492045454237189,0.3514738353832393,0.6263365060289916,0.722113454538391,0.7069210319336642,0.6856567561607878,0.7055348533063428,0.7406780049951399,0.7510029745352231,0.7280643661199147,0.7436226789165775
0.3223436570628666,0.3282817588316649,0.5868159529271565,0.7148996789807154,0.7032574571077895,0.6668714553565623,0.6702572002918084,0.7518126750472034,0.7624400385552983,0.771076462909702,0.7636195866830683
0.3327041874085943,0.3351327844043072,0.626805289028851,0.7303064036284797,0.7088701210108364,0.6924977047865396,0.6985753804633379,0.7507823384358991,0.7491839861544737,0.7312662976769788,0.7620552656318847
0.3449684606630558,0.2965940810136365,0.5457765740695115,0.7424563771523179,0.7118087894945577,0.7492937863422031,0.7192345565739262,0.7730042133729852,0.7214296071970621,0.7229629700073146,0.729880731550083
0.3499519277560514,0.3022583099194562,0.5521251084796395,0.7737455704758195,0.7386932048327186,0.7138226423992378,0.7388999824300215,0.7662838383897689,0.7240867434052991,0.7493201683681902,0.7502836286438199
0.356495656146169,0.3098546102807169,0.611938510060656,0.7850104222424077,0.7275160998542235,0.7517057779165834,0.6693759685109808,0.7454023825951056,0.7394849945614567,0.746539962510323,0.7606056051651671
0.3405731024420114,0.3122935445623018,0.5859103813271591,0.7891993233298935,0.7433201657129234,0.7298747147103625,0.7052122647975176,0.7651648338039967,0.7496186707900145,0.718398894443977,0.7040210254562783
0.3479002642507167,0.3412659150313761,0.6253493210759032,0.7410054380670167,0.7503421490956593,0.727019005810866,0.7165747074993161,0.7500317869366689,0.7591721685830124,0.7207079091846034,0.7305194232313215
0.3733478449567732,0.349489267847113,0.665828401627378,0.7497545571050306,0.6743287107097081,0.7506123670510525,0.6932780054745751,0.7520122269544243,0.7432143507855843,0.7368369886733281,0.7547574003400551
0.3222519650780136,0.3394435914070307,0.6905354408954812,0.7852735155746341,0.714785346736158,0.7420219601615626,0.7015138573184043,0.7676712442586131,0.7590009510739644,0.748413123786249,0.7670282803237387
0.3337330049874077,0.351522943860596,0.6515292937548264,0.7950893015194993,0.7163655573188188,0.6903316543776978,0.637701910845816,0.7821467395154078,0.7681322996578015,0.7388801771366296,0.7920028490315387
0.3513557134358819,0.3174371259653261,0.6567803619512682,0.7495622920204407,0.7177092083052174,0.7412217453098277,0.6738759642403556,0.7356293337898683,0.7360890603233241,0.7243413055702609,0.7159634483995091
0.3309004417407213,0.3202519188545429,0.5935082313440906,0.7293247665403962,0.7177914125212004,0.7377485894143271,0.7083730620068962,0.7527476897314171,0.7122841816832413,0.739571975249607,0.7386219819612863
0.3524102494962293,0.334224243576146,0.5386771735137902,0.7332080981616886,0.746747290393649,0.7266988563618084,0.6348504904230654,0.7533008250823381,0.7493927273091956,0.7612077855594386,0.7559070065610001
0.3708042066054285,0.3387538797237318,0.5760707460822339,0.7565501863191586,0.7152575456191134,0.743668469318638,0.6755744676952652,0.7527890417787442,0.7645261890029957,0.7743295261174847,0.777616107508769
0.3699598735529408,0.3422164518183276,0.6094726120684895,0.7399665426501534,0.7508148165944506,0.7846252694111009,0.6818423024696008,0.7644590648897727,0.7620496135696966,0.7526938107679918,0.7326665346924423
0.3685205152273355,0.3181818205203267,0.6258208310632332,0.766732159818964,0.7640657280882042,0.7958393275444644,0.7110043674120589,0.7587574940309758,0.7714663813034466,0.76957735096205,0.7639458371120595
0.3582141095520346,0.3363302350887658,0.6681954751481449,0.736484555513577,0.7581268372905522,0.6842959898862421,0.7031920019090199,0.7668217079225988,0.7854692944936537,0.765899584039672,0.7751922945719429
0.3225150178554443,0.3089407830432031,0.64158041503321,0.7730167083137965,0.7437658290991666,0.712553520180018,0.7271008838082077,0.7199768442090014,0.7625640107037381,0.726326801838707,0.7445254791630243
0.3155993949891974,0.2971580395544674,0.6447422244993726,0.6945168898555617,0.7263410479400249,0.7398213886102614,0.7442838730778653,0.7549759524694781,0.7153401546975707,0.7499364093866174,0.7623193827971634
0.3385676872780551,0.3137915640876216,0.6579752116261034,0.7140168256099537,0.74339984685974,0.6903722990982876,0.7336266848672144,0.7502373658460447,0.7393634111538798,0.7622031223993055,0.7620480532244877
0.2848365341540121,0.2843414536362305,0.6003687224922778,0.7485906850779827,0.7309931772033006,0.7317116851411063,0.7062671272312567,0.7584499233126474,0.7616187597108551,0.7158518900277653,0.7411595667306904
0.2869958709998434,0.2877652797192233,0.6436331859525175,0.6883799146868128,0.6697672149058005,0.7355710537382829,0.7192789741285315,0.7519348443777323,0.6759559120550256,0.7581861914098684,0.746186844613197
0.2922456594674637,0.298836325781625,0.6464956239564349,0.727951664065458,0.7165818319652801,0.7516301041895165,0.7256993781705399,0.742054793186439,0.7031551951577029,0.774666053056943,0.7544888643026024
0.2698076820974475,0.2865506444018402,0.6394283414727586,0.7665778798924675,0.7475857142560567,0.7425711078883513,0.7238487625745799,0.7443458801339836,0.6866757222227851,0.7270364183899976,0.7615742344595595
0.2800594188085118,0.2864963375432642,0.6487829378098005,0.7861848728630219,0.7201610045567278,0.7047160815392409,0.7378801676572653,0.7099782131097072,0.7281849897269622,0.7355494800950636,0.7732792589775763
0.2521030059905694,0.2703727529331526,0.6832861252980087,0.7555344736631753,0.6727858003658639,0.7016253001277811,0.7409715118209215,0.7433294979193785,0.7711340307836605,0.7300836748868427,0.7300829199784904
0.2681498322000717,0.2720000796233283,0.6394958708051923,0.7805553354743493,0.6798446056703146,0.7321426592100202,0.7598487850388596,0.736139510152149,0.7832286353932407,0.7222156452541781,0.7115632179758364
0.2495809586957338,0.2861269342504647,0.6045754493091315,0.7584588152992117,0.713222745434049,0.7168000159132488,0.7678851657020451,0.7295087228250713,0.7495900716465947,0.675707632346753,0.706020557622347
0.2558037504160811,0.2931658842128485,0.6460106074083305,0.7492821441893792,0.7318885369338485,0.7465619386762428,0.7243107443983318,0.710815804967098,0.7718127522256177,0.7341520080257611,0.7119530724930538
0.2333948044869975,0.2941145679563468,0.6743548192387494,0.7671459360899047,0.7292460239037049,0.7715317384324116,0.7311592522420152,0.7250845847024383,0.7317311616441905,0.7252116193702485,0.7442104311240438
0.2341005797724003,0.2568660401219517,0.6376183710143869,0.7870035286120136,0.7734675554481303,0.7852045482668888,0.7513715250336682,0.7145533967089188,0.7577904516987005,0.7382646792057417,0.76355019419931
0.2500676279865988,0.2542266583045556,0.6271051255249538,0.7153666380164408,0.7648879408446191,0.7518742475043002,0.6942663228858574,0.7469075471047908,0.7648281701926593,0.7361714840497563,0.7562683982824538
0.2608402545893881,0.2716224328886351,0.6228653859096722,0.7378757520312279,0.7453033304652552,0.7531896531460309,0.6971695559590918,0.7520178920227618,0.7654193839345135,0.7619990344730727,0.7396088328102899
0.2623447331874383,0.2628946667774111,0.638613522276441,0.7482398838618283,0.705698439504328,0.7360222250619475,0.6788011946965382,0.7742736589406021,0.7445576093778541,0.738386726407621,0.753212507696202
0.2506089440364955,0.2577050441393936,0.5859937032301618,0.6923678515662026,0.7122843931928202,0.7497495237374454,0.6932021822167471,0.7428895230252842,0.752758833240136,0.7533826132499695,0.7659725535204462
0.3026969692485401,0.2809703707102259,0.6145521851060973,0.7241883271199967,0.7238216912409032,0.7595479313315279,0.7208700489915663,0.7050796476333554,0.7608728420692072,0.7159140012513914,0.7797146154303467
0.3360624146728378,0.3117876479537094,0.6109261577874092,0.7507245046926151,0.7251146494310903,0.7555113128659013,0.7281054403919494,0.7186367232982226,0.7640744853599419,0.7295581362034265,0.7886351581631489
0.312776851315371,0.3192154852735596,0.5809826332048981,0.7665044243220376,0.7205921297801979,0.7558638115940691,0.6988737327563723,0.7406866373086414,0.7753066422010002,0.7609855736119358,0.7547811697528953
0.2981488071106447,0.3021864535549298,0.6058863624573501,0.7458772210519614,0.7388744902866136,0.726316423374367,0.7031122889244179,0.7440009735339594,0.7762120116724753,0.756656927580772,0.7403680686292953
0.3045882019771917,0.3183815587426248,0.6132793517835795,0.7382784215942803,0.772649620553342,0.7003569488474027,0.7155316804367601,0.7219454085428434,0.7819985721247027,0.7205323187170718,0.7397191560097955
0.3013797026769968,0.2948240086644751,0.608174590952751,0.723591213975986,0.7078126354001537,0.7195868440779667,0.7071502604612966,0.7351139465490939,0.7936823262900473,0.720354003849538,0.7581163271770524
0.3136497107461163,0.3224129176064593,0.6275209726964222,0.697670333947306,0.7485231521798873,0.7409301092088262,0.7301736866000894,0.7381350074446573,0.7896974692353267,0.7454288607713516,0.7512608491123776
0.3437468128561948,0.3560251032990504,0.6354816544908013,0.7167103851718427,0.6959575396844564,0.7489115450846204,0.7391186657013539,0.7476067489780034,0.7916314097908566,0.7191238603073625,0.7553051436531878
0.2823921539250646,0.326815857559759,0.639877368451033,0.7383365952995122,0.7365156538791404,0.7377414274445778,0.6687932171900358,0.7588961604734951,0.7481195137479845,0.734692763749063,0.7633118864027314
0.310099119345556,0.3512826394980236,0.6183119067628898,0.7105492477186306,0.7178450620838631,0.7260649728109866,0.6851804764900724,0.7610892051341513,0.7318589887452835,0.7489981593398145,0.7631773251490968
0.3548926869738882,0.3145001300071851,0.6192408675533104,0.7157627046169123,0.7642701315131533,0.7495040974290401,0.6185818309540925,0.7410152105322995,0.7146371905200908,0.6949267120230188,0.7679176880537693
0.3198927160729711,0.3253744045005462,0.5699782686688946,0.757265503273421,0.7563349121719698,0.7427039835443592,0.6771836463567047,0.7156726848312535,0.7577962392508093,0.7287408042076811,0.7793732380971938
0.3272009398577048,0.3340435730552699,0.5987701165930228,0.7705133745385981,0.706741088279652,0.7588538479433147,0.7011780467875184,0.7284080816681112,0.7311862995083951,0.7184266852130456,0.7849172284826755
0.3296055354334619,0.3531335575116016,0.6093460879091467,0.7650270832303339,0.7290060382304187,0.74813246232988,0.7361125245878571,0.7693691783856192,0.747203466091622,0.7188515215515054,0.7311837324538478
0.3550100067999679,0.3554700864129402,0.594732406530885,0.7554530281120136,0.7264261355948405,0.8006801036597437,0.7600567155320676,0.7822242507769936,0.7553562814915132,0.7431217258502913,0.7514281295845364
0.2985207195572739,0.3457055177551649,0.6084776347160011,0.7624001816162265,0.721886563565164,0.7733128334193162,0.7726022151519284,0.7442777415903274,0.7618517770698416,0.7476242045208574,0.7677663898075839
0.3305783272717694,0.3478059835779047,0.5585336519722551,0.7196680822455808,0.7589578703730242,0.7934873102219111,0.7485737849110876,0.7507819389931476,0.7175953957325101,0.7424589712962283,0.7749927519144213
0.3613534523260915,0.3681684847472208,0.5892139200010111,0.739681520076138,0.7685063171848021,0.8012680163641982,0.6848720089988884,0.7757371646058766,0.7086614093015848,0.7764857049018832,0.7606352365730539
0.3774423504257544,0.3906822028166643,0.5800916065355508,0.7642901443342102,0.7666782301629566,0.7514466231912715,0.6941727022717454,0.7394783178857799,0.7529392390869769,0.786912292404919,0.7643474357196481
0.3526111517465751,0.3679752818691169,0.6107701220771038,0.7077323612666525,0.7052283520998429,0.7596540651086461,0.7140489509885355,0.7374197267454905,0.7274896837013326,0.7869976772780822,0.7106047512859008
0.3798386930793124,0.4175091790174201,0.6272968235015275,0.7511393484699835,0.711052550685383,0.6751797185331523,0.7226501606627189,0.7214106826386127,0.7564414930846675,0.7389883968807437,0.7430005787007736
0.3610780707659333,0.4446711257018544,0.6309369213221461,0.7650628957319996,0.7337340120190821,0.7280696888983843,0.7291067333378045,0.7618788859239373,0.7590650930563039,0.7393594524041773,0.7596171275050029
0.3924599517295366,0.5107494722570552,0.5983929046210685,0.6977123388779556,0.7573681227917473,0.7239831245448412,0.6764745905398248,0.7536942413030236,0.7096125631884745,0.7657595522204135,0.7535175156551969
0.3689145033492156,0.5533587109541565,0.64895586545563,0.7011320254562337,0.7591574292410699,0.757399569349618,0.6912402336899275,0.7264192823811222,0.7372878674020937,0.7118191520910155,0.7708602130026927
0.3842097133444772,0.539322692583053,0.66643466715992,0.7554802235358439,0.7777567728138839,0.7844874942191653,0.6524632178105516,0.74225989870618,0.7455650865395382,0.7393052688049766,0.7585441755430088
0.3097502976321179,0.5408961450762609,0.6577968055233708,0.7762130639955249,0.6808786425674234,0.7510390832347065,0.7030223729067803,0.7616926843732901,0.7733862014908719,0.7484566926651253,0.779777883341829
0.3218038798371111,0.5403577983840243,0.6088421284039668,0.7791873838608503,0.6955300117480536,0.7242325308523282,0.7228816498781565,0.7051474125741175,0.7574029820797933,0.7220327446985592,0.7439987785125763
0.3263365286178546,0.5017872697671418,0.5734546745558056,0.7424665478140624,0.6758091027097163,0.7455106764990453,0.7104367689125541,0.7669134922179953,0.7523215806200503,0.7683261821151571,0.7277696650218756
0.2857729943038479,0.4502068352485302,0.5076643223126696,0.7228966708508795,0.7030911115357816,0.7496350256366487,0.6934928706700073,0.7380994540659926,0.7186110081006278,0.7899915688091916,0.7662330981060517
0.3158094572870347,0.4807342293213487,0.5342622327994503,0.7481649625262445,0.6956317878370266,0.7423776999265885,0.6591128120300173,0.7532910778596569,0.724180110810138,0.7167939419347714,0.7598685603531432
0.3209433094299726,0.4512761978644853,0.5107029314722501,0.6980543860652231,0.7032589628104797,0.7778855566654317,0.6997009776112433,0.7047151032103056,0.7405067825877206,0.7063519628694379,0.7381974339448386
0.3348501633063895,0.4740795265809668,0.5202424499098772,0.7193372951920678,0.7491970735323938,0.7796270222350263,0.6983593845512861,0.7351091544338955,0.7628590074553427,0.7277773547656647,0.7738495316626721
0.3393507910842019,0.490378585396839,0.527336673380816,0.7563023621039795,0.7764033484548607,0.7694029401801065,0.7325785686551829,0.7429744611954472,0.754129531865162,0.6293023014799733,0.7728884094197059
0.3441565554825955,0.493975181547062,0.4974175375573463,0.7271469399287014,0.6535670049786932,0.716895920964569,0.6821651909888975,0.7733212077386008,0.7657465052727107,0.6592851500962905,0.7526436445139648
0.3720050110028471,0.5405135212094648,0.5700071073856434,0.7074334476650436,0.7042401889195573,0.7364065728738516,0.7117818232130071,0.7789113250910105,0.7183438589753053,0.7211771913318796,0.7547038847661791
0.3408903243505132,0.5495560011521674,0.5573184750917557,0.7357117054461803,0.7437348258880428,0.6860739041121601,0.7233683620625906,0.7671546580069443,0.7569881030881626,0.7303669693869397,0.7644998047558671
0.3537775812465819,0.5484019737419271,0.5692319783949452,0.7263148542330355,0.7646562966588305,0.7146177968079221,0.7000490154846845,0.7556739762763575,0.7287917623815932,0.7597152184036708,0.6795148040768154
0.3610200874257887,0.6027107162083738,0.6561979206952108,0.7406531028257417,0.7143882494706797,0.7362319247574043,0.7274545658337626,0.6713119228502379,0.7266657862247853,0.7772528783661896,0.7369265680767608
0.3614052768134227,0.4952901393132454,0.5486924790135463,0.7497387794531047,0.7527829723530237,0.7413122663818117,0.6446434030031248,0.7233990331558584,0.7656436474909198,0.7104909401676397,0.759320937501534
0.3639699366245509,0.4607814724083448,0.5407917816695428,0.746008434317239,0.771064251761895,0.7558606115976847,0.646522499769121,0.7551667549120333,0.799328289737218,0.7494973502126026,0.7506656395739508
0.3793850790545189,0.5439604792155863,0.625582767461218,0.750594023334866,0.7780306328341102,0.7783155537275713,0.6779943586816842,0.7748653662893727,0.7340500619402989,0.7661996909832188,0.7184445035167573
0.3820104039851483,0.5609856607383611,0.677088165259308,0.7434436945831127,0.7738492828155374,0.7794964120237766,0.6958986724938574,0.777031551780522,0.7492002575398697,0.7444447771900787,0.7378367387325744
0.3860303954485069,0.550861020370572,0.7015596808204806,0.747746592885409,0.7837547262574684,0.7752433700044071,0.7506130474832307,0.7949052924642144,0.7667535553328367,0.7291572843802682,0.7577711765264361
0.3984507418109798,0.5427344774840751,0.6592043893845005,0.7373620383578342,0.7908643091297912,0.7811390459400909,0.6561664348762197,0.7275571027848873,0.7577229345828851,0.7375501063735572,0.7647067000282647
0.4016053727564244,0.6038739256755816,0.7142177896709154,0.7445367738641844,0.7316871434139476,0.761734438644246,0.6783787165303777,0.7474955242822444,0.7739150184356092,0.7374430480842146,0.7108593285931717
0.4058287318247759,0.5998234125076417,0.7374591207728987,0.735567020781081,0.7473496549368663,0.6936402401966199,0.7251151873785961,0.7099483167265357,0.7356926312479628,0.7559385018609539,0.7363959853611453
0.4263308212561227,0.611978041871868,0.7523071312546721,0.7382896440283648,0.7646392248875047,0.7452654176463176,0.7038679964497797,0.7502105321196062,0.7737663296436664,0.7873590295521493,0.7437065658564854
0.4010635006723174,0.6194172895527851,0.7050152329452888,0.7018559713279757,0.7599272250007258,0.7434191688885925,0.7179836882001351,0.7637240818819662,0.790104897716125,0.7685345528582801,0.7492784921296913
0.3859950188350916,0.5569496926349862,0.720502819231847,0.7070678554391157,0.7155847037433917,0.7194168206472045,0.6833547368252251,0.7666660183167866,0.8171494733745268,0.7830643798639514,0.7602687023792999
0.4037428860471015,0.5838880861347042,0.7694149173192675,0.7162373994156562,0.7144777708970361,0.6844542804071749,0.7475754145032684,0.7084490209809531,0.7965926807513388,0.7491514937000356,0.7185944224321097
0.3760462413712044,0.6082607137962143,0.6953133820769154,0.7536474416101467,0.7330362837506286,0.7464447823641934,0.7356696931024719,0.7180695096491353,0.797865898218433,0.7891603483711596,0.7439306036771941
0.3749161444497095,0.6273772406280634,0.7410077685765093,0.7885842087845838,0.7385549567831741,0.7564621643588283,0.7212758487240986,0.7079986926308187,0.7536505060576916,0.7676810175638356,0.7555375814899229
0.3567841892508097,0.6299787563714856,0.7124810294342426,0.6970268971108913,0.7233588612980673,0.7730989353365674,0.7161893986670065,0.7403775783214627,0.7352047187991522,0.7258606972958745,0.7718154503231274
0.3802767667899858,0.6304006845266321,0.643427761379487,0.7455885811121064,0.7374788874630025,0.7152140690296669,0.7371056673447507,0.7667223107673027,0.779714534816921,0.719598565622248,0.7778662868304111
0.3854444266055954,0.6385509024732204,0.6422554436577326,0.7654313145211109,0.7687247049072226,0.7357790284913301,0.751763435781655,0.7357815333392209,0.768622825427273,0.756729943564812,0.7411456713909363
0.3703802189434053,0.6194722534307185,0.6569391393316388,0.7680143010549856,0.7341669053905906,0.7417662633500381,0.7530087629649644,0.7210710058979874,0.7762002196757887,0.7681016554442164,0.7550970868454101
0.3217324905211504,0.6415661076087529,0.6163818673436796,0.753292113247991,0.6991330763865705,0.7143403539992527,0.7005974821576004,0.7378445460868859,0.7155892834166241,0.7293317725854069,0.6962507449653063
0.3424679066660758,0.5936524117044136,0.6030509085711885,0.7825763457191066,0.7408648919431531,0.7061998593109498,0.7087441307039715,0.7472755803548051,0.7208958177852605,0.6939845139694526,0.6988555397340845
0.3599836523275215,0.5989927787179248,0.6087564148504865,0.7467763162137266,0.7780288742235775,0.7584603246531965,0.7124670655585648,0.7561036706049091,0.7126427292971248,0.747337719356366,0.7120462583687606
0.3709244189361063,0.6087257997610805,0.6346450766696627,0.7251349740580216,0.7188581850620335,0.7085945409773955,0.7263927084242212,0.7635936022847762,0.6990939187192338,0.7462093836890353,0.7422623908683901
0.3898966153985413,0.6177951479196829,0.6769155671000111,0.7508513139092312,0.7587372010179164,0.6914067424784319,0.7194167248235912,0.7670586580047833,0.7121343206103037,0.755149557971948,0.7275784387119352
0.3704564532501589,0.6245151790965144,0.6816024883926792,0.7416573807613517,0.6705505942191686,0.7090173369695082,0.7121273479061456,0.7545198024451188,0.7540773149170225,0.7753060963511427,0.7428010099609721
0.400768239322736,0.6069509593681436,0.6561367314360567,0.7166819174378504,0.6827302059436107,0.7330611272937477,0.7040474657034628,0.7551856200385458,0.7176795277335218,0.7831606144673493,0.7629314236336437
0.386789986771939,0.5619138113290638,0.6315784309635704,0.7338424342927439,0.7318303573109196,0.7429209819844601,0.7087523925017865,0.7683430830332,0.7362122716624403,0.7831975337508772,0.7033485489142487
0.3928620639028417,0.5445066352966936,0.6664089145518453,0.7406782346932324,0.751686104306336,0.7528337296468042,0.7148298174836938,0.7747158190216891,0.7430541360230034,0.7057952124207533,0.7380627683266667
0.3516774233531488,0.535167864682936,0.6713349032036355,0.7488150354810468,0.7730841134761541,0.7611729082371348,0.7200956349818664,0.7796580024080827,0.7432948439583713,0.722317248259795,0.7224889085523354
0.3646888459571037,0.5850619402918316,0.6496888567160335,0.762910174059068,0.7552403259908097,0.7542969771646364,0.7054585126555428,0.7219011799560514,0.736868060673109,0.677401401947555,0.750953328595962
0.35333608148654,0.5491090894137425,0.6942232970528925,0.7346858565181166,0.7704035782092704,0.7883829308463628,0.705629439464326,0.7573626518814791,0.7405089891754899,0.7306508370536384,0.6942260860953539
0.3541591540251817,0.5773904800942157,0.6984428606797406,0.6750532948329906,0.6899620295512546,0.7403836155311488,0.749383435391608,0.7553634782526516,0.7060740589155692,0.7512199304711946,0.7274513423959661
0.3617622574093164,0.5244930250052358,0.7029032371545697,0.7119151127075429,0.6916514316869883,0.7821415907486404,0.6876227984041637,0.7538999009251983,0.7238540133823249,0.7056768746813303,0.7255601645984183
0.38173412389162,0.5363228982105881,0.712472470866355,0.7370715021340477,0.7006160992460917,0.7375288614446686,0.6897386415022713,0.7572761313409067,0.7447247715718983,0.7521365447562943,0.7410790744743934
0.3787792784642748,0.6010419348837717,0.716077287155489,0.7013044979337522,0.6607389921046932,0.7494208481251778,0.666631679736336,0.7508012917755117,0.7508484473984539,0.7606030465457926,0.7426440855765988
0.3355908006927293,0.6278039214966487,0.7162548915132186,0.6871400509248893,0.633044527105206,0.7279353771346231,0.7134746564388252,0.757568783457367,0.7552899417212187,0.7542681012339858,0.7305064270429215
0.3609805050421183,0.6171577996946037,0.7444174738993197,0.6995027508209755,0.6928142610711603,0.7287874313874203,0.7302810054553495,0.6949302781782557,0.7594734801511409,0.7286226296135917,0.7288931210029513
0.4079686429514773,0.5530727027094409,0.5636499407341381,0.7251254051513619,0.7272372172644519,0.734066711928628,0.737078694237747,0.7137756191284061,0.7544727547648513,0.7082637044100052,0.7437408496189237
0.3814212942681963,0.5733622653851901,0.6840215279871273,0.6632575565405276,0.7347672415563871,0.7467973367888661,0.7047814633341755,0.7441577473857975,0.7571618237162598,0.7379470544335934,0.7660583787332031
0.410822024702978,0.5810403470956815,0.5775597256689241,0.6961840073134735,0.735276517877951,0.7660006668991304,0.7065745751620385,0.7397801599585867,0.7574326088347122,0.7395859999147797,0.7761145027419736
0.3767607472347707,0.589243803832662,0.7004881237522592,0.6638009150130018,0.7414273082087515,0.7307030350338832,0.6884809399514787,0.7425279092107168,0.7519089384977256,0.747721505934097,0.7261238367733825
0.3593574197792623,0.5168742389641685,0.665621948353348,0.7281142844165985,0.7417037126189061,0.7185655984427293,0.6693588466108092,0.7604834551835489,0.7448986556397255,0.751703359917981,0.7363635621519147
0.3811684983070984,0.5833924824660237,0.6765067047497586,0.738002189416104,0.7554713809548143,0.7365157446101511,0.7101454429146474,0.7890577625369024,0.7462648019083347,0.7243363054429162,0.7576782441484324
0.4060409385743273,0.6231753848114174,0.7580140582532494,0.6610936201170368,0.7365348793229521,0.7648457188702935,0.7235166774664984,0.7028293763353656,0.7490825026035455,0.7431407489797675,0.6973262191009661
0.4235447433472866,0.6336222100221977,0.8077779727816228,0.6777579785494523,0.7449375892275689,0.7348850753304131,0.7217610400659665,0.7494066359105714,0.7593337345869393,0.7555048097857551,0.7217229030058305
0.4557898105215105,0.634962450877253,0.7950516697733337,0.645657247261694,0.7588754621452615,0.7361708380425105,0.7318869788249838,0.7046408806868654,0.7248186706793894,0.7430606772866869,0.7345650774761072
0.4280476399980099,0.6501311084147959,0.6834230835753317,0.7002607763358186,0.7650094377203418,0.7443261865513208,0.7418891615141985,0.7273482372580287,0.7375730660619411,0.7073195206899052,0.7253916150010541
0.4091094629489251,0.6297373497792187,0.7264131246551816,0.7271129009626334,0.6383054161527648,0.73384464957371,0.6726535737101149,0.7369432247193082,0.7385645957205005,0.7032319976169273,0.736532559226896
0.3476426146606561,0.5126515529669035,0.725725454001952,0.7093724622801786,0.6703539126629141,0.7437833079398118,0.7312070053033992,0.7491240127755825,0.7340005627493773,0.6757758589583526,0.7414292596261942
0.3751211973658461,0.5422980380650606,0.7641375991482705,0.6535474317233918,0.6975817859889388,0.7198767833650637,0.6819800681722591,0.6827932625942595,0.7656119122175504,0.7375475515347776,0.7108210231860003
0.379389956603977,0.5557495209671884,0.6847650915417703,0.6835043828228373,0.7203266194696727,0.728479925923031,0.660891359608025,0.7093026811824708,0.7739270557126334,0.7408719910814644,0.7643139071146705
0.4247838083765448,0.5696809696199193,0.6620455643084256,0.7222884373865168,0.731061254229555,0.7632038808060572,0.6769073794144431,0.73347181133178,0.7540917054913167,0.7482581241126265,0.7605769034325411
0.4249891026662942,0.6109068954672441,0.7137057144737575,0.7359783054458126,0.7241436221149987,0.7808153385465234,0.6792472452763942,0.7451358873582803,0.7561226579695864,0.7410942996336047,0.7675495613213259
0.3442642082748142,0.457969265661693,0.6771306691842857,0.7462510336490105,0.7325444910849215,0.7638782912912977,0.7361869830744641,0.7496138410249147,0.757115496818614,0.7300456599350023,0.7844759379171304
0.3733521693318323,0.5797335790523961,0.7458222889462871,0.6855685265716467,0.734845152291246,0.7253977939640421,0.7945867389365726,0.7050256432580144,0.7778052884779489,0.7200680909121004,0.7759282188325001
0.3887725074825487,0.6324028802603052,0.6942547138481187,0.7279585476830708,0.6849643595981566,0.7364320572700094,0.7464802586198578,0.7713334039756318,0.7871580187334561,0.7490327520396829,0.7181703133496683
0.3603663588106326,0.635359784581538,0.6960001024997342,0.6817542203596304,0.6578006846053034,0.7393853004259904,0.7347407165077912,0.7148779424324109,0.7206957051853284,0.7743252729936434,0.7265478111510766
0.3689151008239493,0.6675946788091401,0.7496024611482545,0.7216954648813038,0.6914520080906176,0.7379786139754847,0.735223564521619,0.7139026171810782,0.7515067521487118,0.7325688719730831,0.747487680756159
0.3922565040340489,0.6579371336203867,0.6629575170163523,0.7100017076234498,0.7136172719732703,0.7597819596463331,0.6089897093189653,0.7687921667308389,0.7567198734471206,0.7722980977469048,0.7769717258591966
0.3823785603108221,0.6690660448696563,0.6966659517983982,0.6517312134666413,0.7363870400470205,0.7230628430892269,0.671748653151755,0.770005443867761,0.7720080060279504,0.7494297886251512,0.7211198403727332
0.4474543765369977,0.6179280201724626,0.6850463880440358,0.7172762683653338,0.7278666574648643,0.7308601783966262,0.7311605921923854,0.7446827488215232,0.7179152139501618,0.7516623483852255,0.7404009014708506
0.3727536198547175,0.5621049579554617,0.6587573028906333,0.710342949777932,0.7073174057082019,0.6985661186985832,0.6374342412930992,0.7164422030545816,0.696793071651584,0.7533212670079932,0.7730834227981023
0.3974477769054981,0.6109869611860562,0.7356326708284425,0.7105447634665871,0.7291491342514016,0.7193521517533886,0.7039392863802361,0.7500386986452638,0.7068555898449009,0.7183107472716869,0.7845296262427772
0.4156628691026929,0.5807080625041697,0.7601752199560348,0.7240833243837117,0.735579202880612,0.750009221741831,0.7089643408073298,0.6889137333996248,0.7103241130610736,0.7396146190740589,0.7375323676663953
0.4332110003908128,0.6258177394434501,0.6862141806558121,0.7567859224141595,0.7420618446268614,0.7874938146286892,0.7196680883582275,0.7377225999371108,0.7345602542781937,0.7519397268943033,0.7526544381105267
0.4502462541782452,0.6141175505419357,0.7297689963659137,0.7741820947715117,0.7483386532587097,0.7169092706172958,0.6989372313246243,0.7696700006288943,0.738472903233535,0.7554840011335533,0.7356230011920216
0.4030253796566188,0.6212506345864844,0.7710030311754772,0.7214922238968609,0.7648126985978333,0.7451639796284386,0.6994058042968945,0.755025700855636,0.7498896063510144,0.7511952996228383,0.7487603312051074
0.4246180489228561,0.6158989493206852,0.7217152765265336,0.7440284173913363,0.7725044815989418,0.7794724370020973,0.6102665087207381,0.7550111519178477,0.7068383291404737,0.697306168363589,0.7259835862163292
0.4461048010883173,0.6321764228429281,0.630834392887114,0.7456967967662582,0.7387802305846608,0.7578815464543966,0.635143403214887,0.7760716480785805,0.7231826696278494,0.7221423572024226,0.7484961973073645
0.4971594582133047,0.6703369612984837,0.6883405375516842,0.7078992487054668,0.7662929510730634,0.7881852816643289,0.6881096444270721,0.7128674861302606,0.7654030846680597,0.7323810785484566,0.7437225803341679
0.4202325346527511,0.6926227065299211,0.7111666545349127,0.7095689641199456,0.6845007511778025,0.7450184003536005,0.7144394630546368,0.7316389697692993,0.761029195594317,0.7540612985578465,0.7593641747551114
0.3808221266179222,0.6787219111835563,0.6828731346424052,0.7143078458517073,0.7318552818213759,0.7506312301817306,0.6814430380736994,0.7411770398223265,0.6941628532400634,0.7388767813980469,0.7831204563076237
0.3541420286610159,0.6472591463461451,0.6674560733277891,0.7369610553705638,0.676395288656355,0.7665177836435908,0.7122365851657186,0.7457211542581592,0.741831690074414,0.7416961418661185,0.7537988498383168
0.3843781668909426,0.612989319669914,0.677298091287156,0.7194620832001781,0.7217177096445874,0.7718555856773682,0.7273152157244134,0.7204311683895182,0.7453612626992394,0.7427744828836864,0.748528539041208
0.4001427128425144,0.5811439377140061,0.7360354322720413,0.7316512454072166,0.7026590755710126,0.7565794660588026,0.7142468640462638,0.73487081954791,0.7493481778440313,0.7756769235848131,0.7783887572230042
0.4086667127218978,0.5581161201983724,0.6710986548094686,0.7533025942296604,0.7445073388363599,0.7883922712834754,0.7618680479630673,0.7390492698661463,0.7350807409381065,0.7636864379731705,0.7577949710722994
0.3163476445318426,0.5106046771486142,0.6037628163827843,0.7524007900628201,0.7737725588457868,0.7257916873320213,0.7594994913904274,0.7473774554722846,0.7367499170049348,0.7401949292027216,0.7516840710833571
0.4065829567341434,0.6080280932254796,0.6959147616260886,0.7074515378981093,0.6818698306882787,0.719420025993276,0.7274574999396198,0.74933315181025,0.7269744324056785,0.6562289015999208,0.7522995588229224
