Mode_0,Mode_1,Mode_2,Mode_3,Mode_4,Mode_5,Mode_6,Mode_7,Mode_8,Mode_9,Mode_10
1.0,1.0,1.0,1.0,1.0,1.0,1.0,1.0,1.0,1.0,1.0
0.3235144662467323,0.7651645218461411,0.8825094524358459,0.8183521822452464,0.7891267688005488,0.7623923972548439,0.7725381653629055,0.7605944801075909,0.770862763624425,0.8125891676301755,0.809687487657628
0.2694563692543709,0.7700542776054102,0.9076456433316736,0.8285859791456041,0.791926819790489,0.7403240586794458,0.740236720514673,0.7780687711129192,0.8352444171230363,0.7807307911693172,0.8146541167241285
0.3038185231781893,0.8109999872261172,0.8958953913528819,0.8036374071382459,0.7713983479861065,0.7805522229160818,0.7805689135033357,0.749537631821671,0.8275811794833005,0.780634857670302,0.7670116534389575
0.2906399760462759,0.7801650959474108,0.902115226893041,0.8314187209035278,0.776229973099787,0.7324486347600927,0.7740843999829831,0.7396200399880986,0.784841598886271,0.7653237208754042,0.8410650721046425
0.3014474531457127,0.7833928152513876,0.8614924666250672,0.7177957946235889,0.7893420335338003,0.7871362630898918,0.7515246820896729,0.8063848110917646,0.800468951966276,0.7834821888095904,0.77381973489222
0.3140894370291204,0.7111581703673565,0.936947010799649,0.8285601139887603,0.8031434762384283,0.8163768843096582,0.74049222535888,0.7399311964663879,0.7556889169494677,0.7607630257171845,0.7030310587552768
0.2671075347726023,0.783716821345803,0.8795964104375711,0.7931756369412605,0.7748298751297795,0.8141792985590711,0.7225363505367862,0.7757485516574202,0.7620880362563166,0.7340857404846355,0.789684551308699
0.2485573338143536,0.7730716724358393,0.8680208986276932,0.7543489832830977,0.7473953261994433,0.7689665841751211,0.8131561851360138,0.7840445549840696,0.7919004984881973,0.7305898664923067,0.7654878710447462
0.2867786054292815,0.8014463852922035,0.8916200559764943,0.82206496046308,0.77302688462674,0.8022031171458942,0.7379900077070591,0.743954609258404,0.7583785286831976,0.7265751706984168,0.7684134439830733
0.2689664800959232,0.797993254766141,0.8615509921156135,0.8349560404752446,0.7791945131525294,0.7704355513447675,0.7742257259987627,0.782761750470085,0.7579279662672391,0.7617050446106847,0.8148976579024688
0.3074470143353762,0.7700438347827213,0.8620859767154645,0.7784620447639373,0.7818408647120936,0.7706780458273073,0.7703495672846606,0.7797361778716291,0.7647265497968367,0.7665568171446044,0.7942119406018104
0.2661767377227096,0.7709079265743337,0.8481117986494118,0.787530913904612,0.7184440576810529,0.7530468137427864,0.7856434846138333,0.7715148866273805,0.7683512526589211,0.6976884522205251,0.7536758113793828
0.3053507831043722,0.7756913631734261,0.8599026359934526,0.7741845040651587,0.7243526243317733,0.7586913276101306,0.773563004373052,0.7747126079103519,0.7856910865006255,0.7350506527763618,0.763326326675233
0.2497506770191699,0.7251988642715174,0.8304133821552516,0.7980607950618086,0.7482010458236144,0.7864892327427513,0.7744143481525079,0.6858324768659614,0.7892784420220174,0.7593729346774014,0.7716189574908625
0.2603646727633942,0.7024298897972815,0.6993369873106401,0.8008697213470234,0.746456813380875,0.7453887978722958,0.7770026765548834,0.7193494257189854,0.7835870270244327,0.7631437295765405,0.7797529675360249
0.225050849088399,0.7182722942937123,0.7827973062970288,0.8134764345678113,0.7515560914066907,0.7444837771988189,0.7742233596514106,0.7330884355584535,0.7573783038472298,0.7271185620193515,0.756526583869635
0.2189223374305297,0.6968316934233508,0.8303343898037525,0.7452663195148153,0.7511224733545231,0.740232746453098,0.718669347295235,0.7747243571528061,0.7741527718277439,0.7366131367252704,0.7841481288386959
0.2387076935110849,0.7267042181689337,0.6524767748293501,0.7850479946130571,0.7427621261571228,0.7680145094745472,0.7364505490444981,0.7816008562726111,0.7709633804479978,0.7419872581770828,0.7726951788986969
0.2522033587821372,0.719864781043645,0.6460463879065436,0.8165995523810371,0.7136156040649952,0.7663089558928707,0.7276580759660912,0.7854228445819217,0.7197779902181274,0.7528333172915697,0.7793735847288692
0.2643030452366756,0.6831091513915264,0.631370804048231,0.803363218059688,0.7564929970518521,0.7469985037104625,0.7010181545451385,0.7899035198529163,0.7741276687480045,0.7540057902909443,0.7871568516089916
0.2703042666936514,0.674041168436172,0.6831561273672367,0.8066100257008396,0.7657849993383357,0.7598810866007892,0.7342722165818378,0.7914791706347312,0.7923720814943557,0.7588356750655316,0.7724103231370273
0.2732967876122061,0.7209898242271384,0.7072275810597844,0.8036543667611072,0.7670528778210333,0.7845584797893849,0.6826778473064393,0.7709367325215073,0.7691320505272876,0.7704749676112569,0.778533777637221
0.2739272411262967,0.6733785709207823,0.7139583367023956,0.7648335261177311,0.7937807187996545,0.7638710964465087,0.7315599543733038,0.6983729450931262,0.7588616689722252,0.7785038092851135,0.7805678921406314
0.2644958947686328,0.680749055339169,0.7164000856769739,0.7831011550927236,0.7926561701881787,0.7434004015321063,0.7718124560237156,0.735359817512737,0.7668341233729135,0.7703537079303244,0.7819510262569747
0.2179166176047365,0.6929180119176076,0.6531888758252773,0.8043213156217155,0.7762395054394424,0.7706774079279568,0.7641735117902984,0.748431747094704,0.7994205754972564,0.7554998929116569,0.7875504793550017
0.2257030332932543,0.720418170162684,0.6446146577043633,0.8074529883706338,0.7309188482381102,0.7630075917097998,0.7704427065639443,0.7277120694326635,0.7975629919681376,0.7767433420701223,0.7854273503652419
0.2326760393718195,0.7231829578308892,0.6589249064858217,0.760709515775537,0.7533072997192245,0.7832011488778893,0.7999282223694435,0.7550548039375267,0.7677108810697418,0.796517975108769,0.7477829558473018
0.2360723772014867,0.7137742639100945,0.678779409823729,0.790507820762028,0.6795740826129834,0.7704406809366563,0.7438066050019299,0.7133754390144545,0.7381177372556111,0.7203997961138883,0.76896993618412
0.2396221993634588,0.7249069716749976,0.6294461641909522,0.7786469285733368,0.7122172998253467,0.7901626035891576,0.7650049408392364,0.7401111779401905,0.7520425728089764,0.742843443665993,0.798553590916794
0.1742922802996084,0.6670075317648364,0.6083853802528983,0.8054076279953941,0.7648706857649867,0.7763689000346816,0.7726919895672768,0.7526347336112135,0.7293938384247323,0.7537794171247493,0.7772887278337896
0.1979355485263407,0.6753970001585375,0.6894821925780747,0.8183654399379966,0.7498455395720642,0.7623183307375152,0.7240391323477247,0.7653063730164253,0.7660783210735613,0.757547921385878,0.7417514515325646
0.208965560216173,0.7091262363387252,0.6023460599031613,0.7804422908732382,0.7691106847965516,0.7347843180397681,0.785710776931069,0.7585910033253562,0.7952978939029152,0.7466432916122185,0.7569938987402729
0.2575150901520712,0.7261102341449817,0.6339419338890604,0.7960274758478791,0.7665537365132781,0.7812153701035112,0.7578296893070325,0.7318611329932625,0.8106276070308626,0.7606253225506918,0.7755682222042914
0.1912941691088695,0.6339593976002855,0.6658237875501403,0.7749293939174445,0.7191409330670624,0.7848544927928762,0.7811692132847378,0.7533445568664079,0.7568748248912454,0.7843044872186777,0.7709667703506882
0.2348836546167143,0.6570677419060804,0.6458958290825692,0.7877172157082089,0.7304077481088034,0.7800425846636576,0.7979684912722895,0.771908901402214,0.7732841212421582,0.7241997921183404,0.7771618517796393
0.2590190096409016,0.6573301838151839,0.6775645213214097,0.8109175267442147,0.7583197507959533,0.7299290020500462,0.8144111155861951,0.7676541135808495,0.7801610676328121,0.7428545643560656,0.7942948791768938
0.2442939761299187,0.7173200764934997,0.6026267726004465,0.8223602654549635,0.7893472054595245,0.7373846725128892,0.7510705069522426,0.7401917333819978,0.7257955889585307,0.7593420615624312,0.7771248610693979
0.240797259297752,0.6182496648394878,0.6680183177203223,0.7423905906371503,0.7988848624802474,0.7370103332536488,0.7804397668040564,0.7510698719636542,0.7482416204332818,0.7672522211299071,0.7700213770618305
0.2441796204659121,0.6346199043268421,0.7041894948850544,0.7753405233914429,0.8008112079530435,0.7816848677894787,0.8004825208013857,0.7335215864772522,0.76677219504351,0.7553844593341748,0.8012873026768415
0.2496613975466215,0.6596618185591645,0.6601078060083504,0.7538008722933642,0.8081009174598466,0.7252842774205999,0.7276464088058734,0.7373739415789018,0.7482133198545257,0.7689762890768093,0.7716576120789456
0.2195537065373131,0.6594765261631444,0.6879080532016342,0.7511053845768405,0.7511629774950498,0.7282961518161051,0.7528926589320939,0.7870027169510175,0.7357670231949425,0.7559378969399694,0.7650089405301275
0.2320360000423573,0.6815174717059681,0.587320642245303,0.7845639305432506,0.757367228777938,0.720825120807689,0.741101960649699,0.7469156315053829,0.7638577344668989,0.7380766179862255,0.7379481536051306
0.2648040702276508,0.6803162410239807,0.6353505463764004,0.7276760760404438,0.7819847866335297,0.74713084433898,0.702975519158998,0.7239672013839338,0.7664555585457229,0.7000458797840201,0.756142660107644
0.2402896441742458,0.6814377995601819,0.6719000852060242,0.7659849075107652,0.7410975459229548,0.7191236343341333,0.7222976969934986,0.7414371561518929,0.7702788863681611,0.7555710936597413,0.7575562959474537
0.2292618715266249,0.6571268980995265,0.6802235646154682,0.770435229346436,0.7267576586279644,0.7453415446016172,0.7281822240137745,0.7245600422161759,0.759101527604718,0.7752913433830023,0.7626826189834736
0.2406808042519292,0.6771267945668695,0.5770232191038832,0.7753296082034735,0.7199367998475014,0.7161722897150201,0.7400399269442854,0.7445771641595136,0.7675599908103119,0.7642461605166745,0.759738202184806
0.2509015659466365,0.637110120682861,0.6150911883361989,0.7832617587708857,0.7486895102036661,0.7463197962988634,0.7308635666558122,0.7292060975576922,0.7617011690448938,0.7945542478286081,0.7689458899550159
0.218799737498664,0.6712126903005957,0.5639845060279245,0.7872006969298646,0.7399692998211312,0.7039338418428093,0.7572821835139174,0.7153873715710913,0.7605453941176393,0.7900785953433995,0.7702674596692326
0.2296431795778503,0.7133848383717747,0.577174103791829,0.8003290922341739,0.7428676045800906,0.7326119869349115,0.7651126512463144,0.7512457923903,0.7922030746808594,0.773114002738247,0.7773234483490563
0.244994749223241,0.7383886525158568,0.6105422213720277,0.7626638948925948,0.7492294051460098,0.7337488793692728,0.7415754334411959,0.7579897107891624,0.8089424374706702,0.7530997455008369,0.7824071403252908
0.2488332841484847,0.679097206915575,0.6139990592651454,0.7895250167478729,0.7864491868634542,0.732367286235687,0.7488573809722694,0.7505565815871997,0.7694926560632914,0.7275919317344993,0.7965451040430875
0.2629151020466418,0.6264102752908643,0.6400861336331061,0.7683685714510906,0.7410260646319045,0.7504047827504081,0.70910694720639,0.7242929604997415,0.7195394370843471,0.7540408193663398,0.7564492925141938
0.2735799309209157,0.6532237780318412,0.651054260239139,0.78999616842345,0.7618297392742014,0.7056409488990232,0.7274741925550563,0.7423842914392379,0.7324461578761432,0.773099118458304,0.7713590142498157
0.2209637422999363,0.7021864491641042,0.5946502720632998,0.7731993464841385,0.7586998850668812,0.7198989551603476,0.7312189278644624,0.7692915485792324,0.7649880518090904,0.7603676489345071,0.7132488075950019
0.2500227975216098,0.6944230198063204,0.5954165956462443,0.7716969737993877,0.7539714852910987,0.7187389950063935,0.6981094378506991,0.7711609434312621,0.7256629993028192,0.774226079536712,0.746597415300944
0.248637773286247,0.6324607391705612,0.5906633890829147,0.7878034780047799,0.7640797694966222,0.718494124062295,0.6719509414007319,0.7588137634889883,0.7670162657783268,0.7385963397702096,0.770102198603691
0.1836194958894426,0.6365337552151256,0.6083136092302841,0.8029327445471877,0.7764786382588087,0.7475682269701167,0.7380021420165547,0.7744185991867448,0.7277095870937275,0.7789024482219751,0.7558504255096452
0.2113832677719126,0.6199516094150239,0.6613057553229185,0.8133285811065964,0.7591486676849409,0.7484433508928073,0.7052163190847226,0.8151469646187536,0.7681945662899442,0.7332542513053808,0.7570182178608555
0.230879762093093,0.6431276482884191,0.674328449584054,0.7790942592123862,0.7711578422846634,0.7669942934980192,0.6830554522638251,0.7611872394880769,0.7879219478889891,0.7719419341440552,0.7581147770348687
0.1974737303977272,0.6683003965415247,0.7030225560981533,0.7477655510248067,0.7467233099128754,0.7783809190680051,0.7381009123695709,0.7675064209763529,0.789207029142212,0.7188973813852364,0.775922221194383
0.1859900838584431,0.6077339842680619,0.6103428833707816,0.7648297906004702,0.7053220554433465,0.7481310519077348,0.762355269633018,0.7380821072549136,0.7569676246151722,0.7536504655872167,0.7759778364841861
0.2124100570553609,0.6587651439898021,0.6468814186763809,0.6960230372952763,0.7103154414530493,0.7726593317604523,0.7292933738062204,0.7486263856903572,0.7386795048191873,0.7632410334258688,0.7389956416396114
0.1894847035263861,0.5559960202441433,0.6854495101364173,0.7592645438053232,0.7331635900982876,0.7731144878976881,0.7291460844453121,0.7071676062363896,0.7750526071198114,0.7856193310092201,0.7651967208463528
0.212046699145152,0.5367998394075418,0.6477297407121566,0.7643214306983767,0.7431994203540735,0.7782873229110977,0.7380311052708589,0.7365615092175983,0.7799242064584287,0.7911401348372072,0.7649713880650688
0.2324545538080287,0.592122155977301,0.6029582670351951,0.7679372510886673,0.7562229648693262,0.7729964207978774,0.745232425106731,0.7615662223961555,0.8162011242362286,0.7960029142691316,0.7551100354960114
0.2526549111771425,0.6433478213430563,0.6630298737052365,0.7173910770161294,0.7417130005400403,0.7743579089444416,0.752421157733034,0.7657635286393117,0.803433351088772,0.8016163877786407,0.7683382173791943
0.2103989342669124,0.602456759315137,0.6768388548907883,0.7613529016920899,0.7510392673671842,0.7921581395045869,0.7983347913168819,0.7765176253196489,0.7728279627512545,0.7597003850435238,0.7658710593555217
0.2509912502325728,0.63116712002846,0.6491282593938654,0.7526148013618257,0.752911208528089,0.7462303478164094,0.7382136806147949,0.6940332601112994,0.7939241993420996,0.740035666074115,0.7313920700045666
0.2070357506347847,0.6589710924959401,0.6609545483643746,0.7944914631740234,0.7565783794454675,0.7594686512374569,0.7590736820751239,0.7241279866241321,0.7783086593944081,0.7654199910216868,0.7505387577395246
0.2294687558327369,0.6885005831711204,0.6701604235505305,0.7818454997820445,0.7372137663406502,0.7721451965374386,0.7194986717395807,0.7486744844675528,0.8125150630624263,0.75615062750433,0.7591790708008712
0.2372202103927518,0.6429439319312444,0.6599645438586578,0.7784856490119192,0.7652807161442774,0.7797104717434258,0.7664446304911259,0.7869745575541814,0.7500437287147977,0.7834603461764416,0.7537052548767296
0.2417289626857673,0.6537852898780059,0.6725502894380772,0.8021269945805367,0.7773360059223834,0.7368658832942879,0.7749516559871088,0.7567006990177442,0.7726255296209461,0.7735859311338766,0.7663467094214577
0.2631600027306549,0.7008827969759932,0.676041716810623,0.7557867661141308,0.7786673964353926,0.7461235159109401,0.7409023488606237,0.7655171169295383,0.7787495466939711,0.7040983201602493,0.7540429583193115
0.2688626467339107,0.6597681455496639,0.7016946426914312,0.7130206577722664,0.7865286985294583,0.7429800828254822,0.7713147896558459,0.7542524477226412,0.7617628237605897,0.7083805266370184,0.7709414445329339
0.2114391996171379,0.7002576685320393,0.7167358805439674,0.730405063937535,0.7881084749687244,0.7620313889419235,0.7149228438923612,0.7272222221199388,0.7067396793975721,0.7583641095020146,0.7853682314213235
0.2293729915659205,0.7073057752227536,0.7027679666804804,0.7570432059520497,0.759667440596004,0.7648751146527214,0.7580858436521075,0.7080793674616738,0.7249910897639087,0.764082183957626,0.7412357280479689
0.2326002578981474,0.5780905428703725,0.6247126325055369,0.7440622100630592,0.7407726736746747,0.7633436606244417,0.776115674470513,0.7352113554661863,0.7080341586083361,0.7714947441187519,0.7427554950805193
0.2191853817658532,0.6506756440635507,0.6832761335592946,0.744339691569426,0.7473788180264557,0.7631217230927125,0.7383879130244871,0.7376751891033994,0.7077890367486397,0.7822243193727774,0.7488046196454807
0.197407999002013,0.5564049084738983,0.5853141330804383,0.7152201748595158,0.7331243610894067,0.7392480853683975,0.7017715495163415,0.7626040811474109,0.7066814483640337,0.792636340441623,0.7157688917833294
0.1834505301819287,0.6302859156881022,0.6295967032812301,0.729933374896645,0.737492671795987,0.7519439084740112,0.6655578726212599,0.780526046579312,0.7098568765383724,0.7669303373556006,0.7381598854654048
0.1939911644140619,0.5852163280165605,0.6397934567170642,0.7304984883906868,0.7509009959498152,0.7712757978589346,0.705198211284074,0.7791863951595537,0.7383703774325459,0.7492321378272168,0.7382243855099132
0.18771357641116,0.6430034544001875,0.6470672551938828,0.7482532812170959,0.7567625355475031,0.7426079591668597,0.7057246226918361,0.7424365252313604,0.7589570795226872,0.759606686297866,0.7281692970444533
0.2235391222178519,0.6046279018164384,0.6671023818434489,0.7721983343039556,0.7396042727300631,0.7627549356557789,0.7237528297722559,0.7572736508451363,0.7957000862460053,0.7702273140289645,0.7773265525129782
0.2323683287816252,0.6297146099212242,0.6965589987300931,0.7737358688885205,0.7680655296720946,0.7499490808162449,0.7404515025095344,0.7458812131001689,0.8090405018152709,0.768454757578748,0.7500306499790038
0.2194844955073133,0.680949140859152,0.7214913347349465,0.7895124565779029,0.7718346877359411,0.7690232713452719,0.7235525830646532,0.7470314493398932,0.7522300062027267,0.7941885895967258,0.7553032212056863
0.2101640713136833,0.7108377068808158,0.7504020210212392,0.7719610689081073,0.777928040564067,0.7959090261491051,0.7661033776173349,0.7406964730865467,0.7844197733945393,0.7619405877913943,0.7747003983363717
0.1852951918361989,0.6215652205869542,0.6664371652457542,0.738724991867071,0.7612887163847413,0.7465023885901566,0.7788649268589813,0.7461465205443932,0.7226192808351548,0.7679797198416342,0.8034929450685091
0.1955251953494882,0.6292462748710562,0.676455575111395,0.7190325532993774,0.7342364333627868,0.6840781492167144,0.7041359945108814,0.7694930759874987,0.7536305397579932,0.6889387174232324,0.8087605830052014
0.2021397252771353,0.6364004466156703,0.7054448148808058,0.745049117581869,0.737349051454974,0.7313982256995346,0.7389296101008194,0.7844396824795739,0.759691303232836,0.7204503871093788,0.7205509086286511
0.2170829851218045,0.6756629436093705,0.6795602150671844,0.7157863201957848,0.753837213055429,0.7511844985553112,0.7520532279527106,0.7507616854939753,0.7832949042667542,0.7399574573305472,0.7832753572107978
0.205122896682418,0.6822928005639992,0.6690202278568392,0.7641091705823573,0.7320275186126332,0.7706066830196054,0.7178235506305207,0.7473589443663076,0.7767058371598041,0.7431945503114386,0.7400520121000591
0.2141300962861816,0.6551938774731537,0.6625722242737406,0.7605268833865365,0.7608915702037384,0.76177769535345,0.7408465998710296,0.6995759976123904,0.8014010636384006,0.742234446263994,0.7452977736698561
0.2338898548149168,0.6659259142694379,0.6330512412399694,0.728495607107798,0.772706346814157,0.7433920793166773,0.6958464132993336,0.7250380438846217,0.7732290298495983,0.7600401331869107,0.7814967254562337
0.201127938401278,0.6743311910398825,0.6456940435709171,0.7285647423938093,0.7848628600252225,0.7494266438321646,0.7169490093339737,0.7354784562546715,0.7527187161994356,0.7733050283413274,0.7241217174155676
0.2371534889544267,0.6950635386091248,0.6940597582059658,0.7123209100522567,0.7405810497482601,0.7630447203958507,0.7407692564576425,0.7433642652638484,0.7652292369529365,0.7512718856529743,0.7630937258468977
0.1459430700344408,0.6542209482157113,0.6478007133757475,0.7156327907384223,0.752869590417764,0.7836384426295472,0.7861267263321587,0.7792797323538763,0.7722461279840422,0.7645599851649365,0.7676626733193976
0.1947118337608751,0.6255516904131151,0.7249228893228534,0.7493372519353964,0.7542744467147828,0.70429568155838,0.7849377912722523,0.7796586731293774,0.7532136526402261,0.7467157496840751,0.7778113705363017
0.2022038077314455,0.6078346041227141,0.6897379367922917,0.7717889789961168,0.7544208185558453,0.7215443173256921,0.7537525184487374,0.7749654971100385,0.7579966069854583,0.756501349229298,0.7899868997317758
0.1806701286990814,0.6319797176428843,0.7227894408926638,0.7717899620019728,0.7521939181665728,0.7339289236516451,0.7656924779071388,0.7135652260983307,0.7639594160215322,0.7485829453453559,0.7438444991613535
0.1948498579436375,0.5581021229027062,0.7183168208087132,0.7519179764407544,0.698733085565314,0.7191536719585157,0.7153775196208342,0.7245923107313068,0.7767549701386255,0.7650524773673593,0.756074801303376
0.2252864263701355,0.6061786399113673,0.6758572838534318,0.714281781997923,0.7226297778439831,0.7224065624790352,0.7347853082403553,0.7637164218814487,0.7612779702242564,0.7259667065025516,0.7672360600183636
0.2354309853607058,0.6887625882281462,0.6872337920478486,0.7681215659632361,0.7520147328774891,0.7475221300317649,0.7297749197892318,0.7112673696736179,0.7939320819421075,0.7459426307410452,0.7741750880878877
0.2197005221019302,0.700280317559917,0.7153255297684766,0.7706800827437628,0.7719539802137348,0.7135641925003294,0.7454662637003177,0.7258931009747325,0.7950884564720142,0.7494068119249643,0.7779804565573618
0.2306325556117892,0.5902636126622806,0.6818766684630504,0.7904469127698593,0.7451495861309426,0.7256198789054219,0.665093189921509,0.7579030598352499,0.7652992200276766,0.7609382247474394,0.7500195859489739
0.2398387468605791,0.6303747368868449,0.6370880057253755,0.7620833299944201,0.7570411210203316,0.7454096207825807,0.7140167481151627,0.7269474407080766,0.7299514251074378,0.8008317795168108,0.7611489070022432
0.2538614601647617,0.6263061065361151,0.6680233769474953,0.754225527826011,0.7650371837144503,0.7013424392621135,0.7272038702329746,0.7657794865328309,0.7285706758803616,0.7950434086577315,0.7669083360398068
0.2046186033671044,0.6954664478137256,0.7012590791186193,0.7621891976260244,0.7519936299621378,0.7246645755583323,0.7555254440974422,0.7581948170750143,0.7690893403369643,0.7176221060403882,0.7464500595108191
0.2136485632348067,0.6139194435431256,0.6513994267742086,0.704285693816994,0.7721477957308264,0.7587606534968112,0.7279111054143476,0.7704145020784116,0.7687524521164117,0.7333035346755936,0.7660132258927088
0.2199602329001329,0.6319479400918426,0.70011370223904,0.7272113933344962,0.7245459861147014,0.7591261850281097,0.749680784849742,0.7148368959470397,0.7690881523065037,0.7488957584205962,0.7836619840324177
0.2208391094729913,0.6360156004370008,0.6921689425945501,0.7370095288248468,0.7478553773152711,0.7736734424408351,0.7608187341447199,0.735795527155438,0.7552742791211566,0.7476756619830931,0.6957675356642581
0.2400535243131776,0.6596284894848361,0.6254683413113711,0.7066463843601776,0.7712409946066512,0.7283679237516163,0.751484713083422,0.7178892687288734,0.7704292214220914,0.7549488515467087,0.7534109854061177
0.2036256062113877,0.6760285363806717,0.5793052234855642,0.7390676776652186,0.7718080887546492,0.7356484213973038,0.7844281685297635,0.7565585874016691,0.7325427436206627,0.7328510187498426,0.6991710044321088
0.2257605746835066,0.5731949739850227,0.6075747565921629,0.7451556627448896,0.7784725661854683,0.7141520422296228,0.787356832692505,0.7452518244291294,0.7326107836092906,0.7843489181533139,0.7203836069439581
0.2346977051819733,0.5884595310010861,0.6274563648022955,0.7549487530299404,0.8000993497980268,0.7243176234320423,0.7816901185809458,0.7520803107131857,0.7688532804466521,0.7987015089138503,0.7853592473237396
0.2347611605555574,0.615296199851511,0.6615690184647398,0.7497957969170387,0.8065969886961302,0.6241733785076616,0.7836654270944019,0.7601354557602599,0.735490007830155,0.784081866211308,0.801786550223594
0.2395174001148319,0.6504265296575967,0.6750400500542212,0.7393222314860237,0.795666645717335,0.6255143517634383,0.7495906987930668,0.7757935243094445,0.742498732479103,0.7566984952017224,0.7385795306368232
0.2153154978424789,0.6399674867545505,0.7420106767933434,0.7485664677130581,0.792895703646975,0.6501651339307745,0.6719723102050715,0.7162877341897239,0.7708893352592231,0.7798933244962558,0.7794407546578263
0.2423467478197665,0.6545371752625773,0.712950697430975,0.761484190322278,0.6999435651999572,0.6989335078525076,0.6778440413944089,0.747344080455475,0.7269840500856919,0.785841227436251,0.7733298613122666
0.2349388664044767,0.6436544096704028,0.6889239055708449,0.7085553790965908,0.7232546853571153,0.7167363069804383,0.6992338669972284,0.7605542586794791,0.7536510901076228,0.7333415893566091,0.7896371876739305
0.1731967751463017,0.6468182616396561,0.6252430348522487,0.7208708669583708,0.7663059970389358,0.7578918359963558,0.7281499105608927,0.7553855781193856,0.7901314125452092,0.7518593829758424,0.7579030544027389
0.1861554001016583,0.6482585836258061,0.6631850080348596,0.7292193883391429,0.770519894627588,0.778035006058418,0.7512964175646146,0.7876547486802307,0.7231757860010489,0.7615030078894477,0.7971215229707735
0.1651761821232292,0.6605713526803245,0.6984110738226925,0.7451676851978948,0.7424540091460834,0.729529889350796,0.7523720788983064,0.7871531418820172,0.7369961925256094,0.7802383048922777,0.7932909616835665
0.1834249481553154,0.5901483450847218,0.6911017146820426,0.7517318649401845,0.783417106217062,0.739371370665532,0.7536979681290635,0.7835742860935732,0.7573775815951589,0.7950985289020793,0.7641513036955869
0.1680791915768894,0.5967234295993802,0.6320628528818798,0.6967006725770515,0.8104600371024611,0.7418395103923429,0.7459848386183532,0.7860190306186795,0.7625755182499826,0.7592512185599347,0.7811799086480848
0.2049512879764482,0.6058375467612275,0.650601345724918,0.710082772084425,0.777151430006822,0.7546554908683467,0.7128732154208003,0.7876089152674064,0.7349920987052595,0.7567345755029148,0.759757727018567
0.2182491915060035,0.6315605556472236,0.6921617227134234,0.6901563585001962,0.7435804549292053,0.7509574780160008,0.7483576813996076,0.7847960377589498,0.7639044361871843,0.7742046386920787,0.7666976719395775
0.1877400037413629,0.6021375473775993,0.7153710984482035,0.7172348620136395,0.7500585589741584,0.7291077066716805,0.7275399290746876,0.7551139373190001,0.6969264213951785,0.7660776279241273,0.7442192163160718
0.1597071148800714,0.5468524586263602,0.6086557878844259,0.6976245738889579,0.7663689218130391,0.7637124869028789,0.7466545869245497,0.7675036245640967,0.7095447342053846,0.71542640566442,0.7194436653088908
0.1671654576602223,0.5626552042949367,0.6312530530596351,0.7026142089949243,0.778467915277973,0.7731064080477064,0.768607165773955,0.7770199749312172,0.7249199125822892,0.7158921166624066,0.7433444088410146
0.1654232965118381,0.5614336204087316,0.6482867741009293,0.7077882972155825,0.7518718609067857,0.7770224232105551,0.7801592033736287,0.7413552116394746,0.7279264048565321,0.7378745306516368,0.7490685488010689
0.1900299718052885,0.5811542605198021,0.6572570935779884,0.7217103155529315,0.7243066728566077,0.7376596812781149,0.7250780937147145,0.7608220306328494,0.7540166470954556,0.7230007833341016,0.7704054434034471
0.178994737055187,0.6077150849786548,0.6872314961629782,0.7281518121220119,0.7622393372755755,0.7452706866557691,0.7250832692785761,0.7550814571418569,0.7563605466530813,0.7299273198694083,0.7690404332424899
0.1465411336202277,0.5485715039045235,0.6864740916045958,0.7452095924174307,0.7826599612796676,0.7526674283657045,0.7417084225763952,0.7378681199291071,0.7790103146395473,0.6876055199054762,0.76132934364944
0.1829739594249113,0.5665241862069217,0.6650144212620638,0.6723114593859674,0.7833927026653245,0.7637088632418974,0.7591848058878566,0.7528709708985646,0.7916010784064818,0.7159667253238213,0.7845136935740661
0.1812911020489634,0.555670511140297,0.6976635876427488,0.6762930564682315,0.7967162493700635,0.775651363207054,0.7127157060668292,0.6919047571170226,0.7923260511948788,0.7371183403362171,0.7791369655977646
0.1542131892994647,0.5590213696560667,0.6907133601498179,0.7072010949106349,0.7453767816154994,0.7791675316828808,0.7426898293887072,0.7276445641695295,0.7583096384757162,0.7000352035287016,0.7693940698260766
0.1851959757008658,0.6209376458767797,0.6762808288448887,0.6790303537341578,0.7624234870864487,0.7650208999877355,0.7363549773803539,0.7462238969252281,0.792522906768081,0.7057803213696454,0.787880482016961
0.2079202919218128,0.6315396256498986,0.6394046865627866,0.6947244270753422,0.7484395153302338,0.7248610714141972,0.7489947885776981,0.7850329342824285,0.7466425787790939,0.680089048010847,0.7725581701559742
0.209940876075634,0.6477024932505304,0.6600102643802812,0.701539540339496,0.7753656430731857,0.7527204624281287,0.7509302773703785,0.7405712211281247,0.7578582833111202,0.7462370182308548,0.7429135647516871
0.1836870545724988,0.6741760284037968,0.6994454494487692,0.6822905241302585,0.7609060161399179,0.6984604568148641,0.758014678619485,0.7896088474726484,0.774666221699275,0.7592140487685406,0.7484743417217172
0.1361858779135601,0.6323543581693263,0.6898870934783962,0.6975483556848838,0.7575930527006823,0.7273065373894834,0.7685260981387274,0.7738519389681794,0.7419541322025087,0.7277679850270995,0.7599315793647812
0.1642429694353137,0.6540986240210781,0.7092894013410934,0.6939230946801487,0.7669157547957366,0.7410555652968789,0.6909520430945145,0.7571490936005401,0.6860689994678116,0.7341556095547346,0.7978008802497651
0.1214382382997518,0.6322601938952118,0.669065050206878,0.7013386682047728,0.7789216322716737,0.7474922568351549,0.7193588420945486,0.7571866981858596,0.7312140609987283,0.7259342415179144,0.742546119300976
0.1407034833204916,0.6411551233212425,0.7006413042235872,0.6245183005568286,0.7247732477538613,0.7498333452603677,0.7526428791463772,0.7745743925936738,0.7377548397555933,0.7524194065020375,0.7726697924348769
0.1731353772062104,0.5353301847831536,0.7224294074736407,0.6702188543836163,0.7495582757710211,0.7701441961535667,0.7253277337416327,0.7607496242335752,0.7429766683394138,0.7556025571562561,0.7805361779461049
0.1682824614144785,0.5639527299071632,0.7090451864901628,0.7183622872324849,0.7572750556103871,0.7687455291859635,0.756575068078843,0.7283242791704984,0.7504440336301939,0.7493045353067455,0.7115500470963252
0.1682998956056423,0.5594462504751394,0.6719047619656798,0.6967075644904563,0.7747553212659732,0.7768210244897213,0.7679595600218856,0.7211878435357384,0.7617453767322027,0.6871677061615052,0.7366742439938296
0.1309680152985462,0.5579657285224878,0.6184797352923009,0.705647590274435,0.7524656425350443,0.7571942698506744,0.7253499218804577,0.7357443536539316,0.7898870352673968,0.7226013729661049,0.744939775422531
0.1565442104296048,0.5973437922205099,0.6310651006925971,0.736977255365731,0.7608854405358447,0.7670977637094604,0.721438046557213,0.745678755881547,0.7451310552756677,0.7526877942251979,0.7522181632045203
0.1686214380002306,0.6050162459482007,0.6465206089131565,0.6260561859028183,0.778805834601049,0.7365974110479884,0.7474952286363952,0.7740843941823392,0.7691371401174174,0.755937803187319,0.7633037782585156
0.1925889563826377,0.6029348587598519,0.6732704339844315,0.6742913009274897,0.7537800631638013,0.7448921409002187,0.6959246650029633,0.7805378154488969,0.7632454755384682,0.7296753391819315,0.7414641495661265
0.1965220496270574,0.6048784259225002,0.7275390599295356,0.6967110993533128,0.7258149073412844,0.7531215635468003,0.7400080345697816,0.7623016344623181,0.7829764459612802,0.750531252886911,0.7273604979735974
0.1974670354777606,0.6087976742819886,0.7190866376396963,0.670172524621567,0.7538613710531745,0.762254338093173,0.7503657034647988,0.7558223292253997,0.7361451816503984,0.7944800140582882,0.7510863396336446
0.2039655784713621,0.6141556422787737,0.640607280961261,0.7145862342800744,0.7776529615064102,0.7474201631461588,0.7424640487880138,0.7553185685182247,0.762032018872516,0.7498695864552853,0.7391085981878968
0.1762714215295601,0.5445357680628415,0.6805037219031876,0.7287140378855583,0.7769167982810348,0.7551260750530011,0.7477926562919917,0.7681016975769088,0.7651801440522935,0.7648452861335332,0.7162470036814013
0.2063325039990252,0.569992862199776,0.6878471831354185,0.6354096294197368,0.748616632686445,0.7421246357592731,0.7719570411229321,0.7728868186926521,0.6644063907965052,0.7079053882001308,0.7216954009933787
0.2168925183228735,0.6100560270166115,0.6784661160153288,0.656309469051006,0.7319495029359833,0.7286551805446235,0.7716558627450252,0.7192843437325825,0.713467761353058,0.7477175160267058,0.739909116812895
0.1827786848412556,0.5823131803410855,0.7302747573572076,0.6882966006279494,0.776907271006849,0.739991084364027,0.77822127336148,0.7436263487230514,0.7417821947309877,0.6995677921721764,0.6897687833834393
0.1916937060555884,0.6060860455085437,0.5677307338592993,0.6319906133083737,0.779731055335198,0.749912549983784,0.735763973097831,0.7518122907727662,0.74706315084571,0.7210547002784611,0.7009347463671807
0.1935636003781054,0.6197325506760119,0.6054783115946183,0.65465181621549,0.7763681897783711,0.732065158774103,0.7674790085764818,0.762671995717104,0.773609973642373,0.7388437298825568,0.7072839072542463
0.1482053045561238,0.5153862648910286,0.6268821515743276,0.7141187294112576,0.7125476548066423,0.7708576040843955,0.7959644884233291,0.7911616322837566,0.7772131754717828,0.7432597658208842,0.7330219917817747
0.1793191056240799,0.5596958901759945,0.64535882931653,0.6635274023964357,0.7353338968715554,0.7637656883639581,0.7791524458609844,0.7379191165012882,0.7837301718391247,0.7477130580589043,0.7166601733857861
0.1385941699798022,0.5731331300860854,0.6686602894559088,0.6731675023187159,0.7425411584985329,0.7707806326633109,0.7704139075629408,0.7516193473625283,0.7926539841947475,0.7227333698898573,0.7567599116133028
0.1720639919795654,0.5712687034871606,0.6821861796230291,0.6850609067424667,0.7698505792877208,0.7901103109378145,0.7632398725083278,0.7784441546134013,0.8015995818125476,0.7126830422983201,0.745884652974475
0.1288713382994082,0.5605783623721634,0.6938784463145256,0.6629512577602195,0.7751899578329344,0.777964090818416,0.7489008712212281,0.7920336380061364,0.7785317428037628,0.7351514645208836,0.7149004885050917
0.1517884777809882,0.6023061424326106,0.6721972483234816,0.697715394121698,0.7510592680661246,0.7723250086011135,0.7529782607261057,0.7351930494232031,0.7384307888264546,0.7409505136387009,0.6748533127499564
0.181412109359662,0.6203155130824989,0.6875784494476445,0.6981579366251316,0.7806045688588386,0.7598470964222409,0.7389505520656617,0.7585446240493718,0.7634291293256449,0.7288352991309069,0.7176106240705871
0.153356464320427,0.5996806221078714,0.647160830405652,0.7015792906106104,0.7749653504188689,0.7725853876930826,0.7168157434798876,0.7687180879842672,0.7883035143685202,0.7657562038759335,0.7206113842985782
0.1928605273345924,0.5833291728601692,0.6771645384405386,0.7211083569501358,0.7640242896605808,0.7305365235087494,0.7209631309033979,0.6947723924344592,0.7890629310169883,0.7897451211311757,0.73742636294806
0.1591079044571936,0.5898267816883209,0.6913051150134377,0.7201332191056387,0.7687741240101881,0.7445532380194375,0.7493104934892632,0.7227564946293858,0.7437533139218779,0.7434487480718175,0.6963314685495183
0.1651089502072666,0.5769663728584696,0.6534997470975644,0.721271896104207,0.7589336177375668,0.751646278812865,0.7272763802896198,0.7593583027817189,0.747793606526187,0.7533171352691503,0.6903177671362625
0.1971822459512872,0.5748004717604075,0.5905435508761696,0.6710862596905505,0.7609020596419976,0.7522608298201849,0.7667220781412156,0.7633233433974111,0.7647103120291351,0.7486314413220466,0.7019713232845022
0.2036239651118514,0.4930460234459823,0.6021882008909897,0.7056160171732495,0.7632752173091157,0.7634612410442927,0.7800768938258366,0.7170441415276193,0.7765116536426755,0.7431718931509365,0.7563765988269474
0.1747492902665393,0.5465917035151978,0.6658869841871748,0.7131284711556833,0.7541120618231016,0.733085769970339,0.7531424644573711,0.7354214892608577,0.8010762084465529,0.7574799071191101,0.7395272007448581
0.1672225422354677,0.4704983301966839,0.6092181452190817,0.6514957871312496,0.7259987948852579,0.7633140347699602,0.721307427092761,0.7305161455789269,0.6935718929629744,0.7627629575137688,0.7359667280421359
0.1843219128936924,0.5130441260344927,0.6920321602448049,0.6380596802976293,0.7215680666270997,0.7665567190959828,0.7454450445465455,0.759955573521752,0.7375776863720565,0.7725963721193168,0.7298281497016209
0.1616773656923738,0.5508053583322683,0.7137937964984424,0.6780651833106226,0.7138094037241791,0.7764667106093981,0.7400330339532412,0.7419942434724366,0.7102312803014287,0.7948497942510312,0.7496693382003707
0.169308374099288,0.5515379226463388,0.7267787163320137,0.7070550907481885,0.7449219258084409,0.7098741145353412,0.6938417145063882,0.7592008208215459,0.7313573129969698,0.7736778437374159,0.720194105157174
0.1779409714176006,0.5988909550375587,0.5922493368449095,0.6692689867964182,0.7647126922035884,0.7324364618188773,0.731677249399014,0.7661266301336955,0.712010048143856,0.6491202435940344,0.7473708838542493
0.1805603829457609,0.5235148207225229,0.6418518119825711,0.6375785287600495,0.7313131831522374,0.7453618515451699,0.7623438444422397,0.7495619433241412,0.7257826793808018,0.7101572559106224,0.7603467178296014
0.1788303226170234,0.5924496936840573,0.6668790444660748,0.687372558306603,0.7429379358439561,0.7290980287195118,0.752599501422766,0.729988787787402,0.7376105851369181,0.729101867324198,0.7383955791767641
0.1798365701023838,0.5302822499653833,0.6506056164604285,0.6716959933552648,0.7423559910090334,0.718268129528807,0.7539736756759376,0.7620191402323272,0.7655575695231203,0.7392529020896008,0.7797213562842304
0.1874109514903225,0.5833706389120236,0.7062662432565873,0.6935853164730561,0.749734002738597,0.7359524108440041,0.6820995000731339,0.7620904653367984,0.7301512989947675,0.7439807317852474,0.7316172639670195
0.1682423362009577,0.5422573577182407,0.7224051192757464,0.6851546961444689,0.7491159951397272,0.7633487085052868,0.73155023795421,0.7542416616730082,0.7549724208750326,0.7462439436166478,0.7275142536625441
0.1702910473264762,0.5551393533440862,0.6938607435190189,0.7088726884995223,0.7547926771133955,0.7448379203986247,0.7324314046446597,0.7612863058301182,0.792687072202632,0.771908444211264,0.7313141196588683
0.1872260784965659,0.5132798794326259,0.5888361989101458,0.7083928168532408,0.7267128445275403,0.779484083724983,0.7435155899182251,0.7715690619927031,0.8009729421505751,0.752226283172609,0.7212617207505406
0.1981664193580443,0.4305866651767133,0.6460167104017005,0.7244781433203566,0.7312319172636064,0.7828001625936325,0.7547058009781928,0.7345128400053883,0.7729847141558581,0.7724298171215381,0.716758657243642
0.193958307906715,0.4836612744541698,0.652255084509596,0.7249456027281664,0.7564627862028632,0.7750501977208053,0.7760936132292771,0.7579478011601828,0.764253291217138,0.7308585158963266,0.6980707508889941
0.2089295434940282,0.5436157372967914,0.6371387676026954,0.7055216435301196,0.7715382816548825,0.7869675922690373,0.7468252733768577,0.7633819983399801,0.7579635751279263,0.7342895866238511,0.7381130997740535
0.1834626221413789,0.5579499022857182,0.6761255953428741,0.6967627435118771,0.6891440050600461,0.774395637669334,0.74835995451805,0.7231773184931284,0.8078933328967164,0.7660043094768267,0.735583119959363
0.1733592657115427,0.5829492412132078,0.676029027606587,0.7037680159001469,0.7225939985020902,0.7582756212942863,0.757032313466387,0.7377352369502364,0.7523437784694358,0.7828951112737705,0.683619726308898
0.1556673769151619,0.4898211927317907,0.6698959545122295,0.7098490894466891,0.7288324844906804,0.7291709585505821,0.7738364506727005,0.7533484202423198,0.808402365485026,0.7913952160281961,0.704862283350634
0.1676600577776579,0.5348157374493985,0.6992642745702032,0.6908065257818792,0.7599409213120691,0.7622389323003529,0.7494920227527042,0.7559323409857822,0.7452571410368929,0.7252361052973858,0.6608432923452812
0.1717241191466356,0.5433745015051616,0.6888943358144606,0.7022766486165612,0.7545292917421851,0.7123040880506815,0.7781220707670946,0.7379668016290766,0.7635300383715246,0.7473196571299454,0.6755779304329925
0.1485388201135172,0.5798182215836005,0.6839902962949498,0.7029712624966069,0.7023407997111133,0.7231570194508128,0.7245319874606728,0.7451756078369411,0.7659590070765117,0.7384287930018081,0.7048700940269488
0.1437253497525364,0.5298471476760849,0.6499007916043806,0.7194045337138852,0.7408121870998496,0.7153147262760986,0.7336454992123814,0.7521084611478212,0.7680474742695115,0.7010408544482155,0.7279476651500343
0.1569935143611646,0.5551435885481586,0.6516021471931628,0.6875804554561565,0.7443520242800631,0.7367447697482332,0.7370829691181386,0.7680323676926984,0.7782847165585844,0.7476880160061712,0.7365911405351997
0.1938142131177689,0.5859929552563252,0.6780762602966524,0.6206653324780624,0.763885674670172,0.7268043220773115,0.767061702225827,0.7614361687261111,0.7845945904933835,0.7644002637140566,0.6900547720900357
0.1835829946637148,0.5545655194631683,0.6839018198977271,0.6762152930665525,0.7837656501572472,0.7441162164282822,0.7853631965808403,0.7371433346741614,0.7179067757429182,0.7909380130184199,0.7272848400781964
0.1670333258068811,0.5701168562080126,0.7074346386485326,0.6407593374534225,0.7888776248984077,0.7496131315736454,0.7781032029069915,0.735506904283518,0.7461983791028455,0.7614623831650439,0.7250400215217869
0.180218643172099,0.5719158227542277,0.6377631910775765,0.6675760153532209,0.7761145198837532,0.7545141780616779,0.7402748541269846,0.6660977595256107,0.7362631411350821,0.7610686424741938,0.6915132839441519
0.1872366060893648,0.5864544317646796,0.6912897129086673,0.7090330775221412,0.7248565925933271,0.7677855139671854,0.7243326044188456,0.7377550429868438,0.7284543866125266,0.7595548864766112,0.6663660427144221
0.1729487861334968,0.6036392009502505,0.6727653967063817,0.7057524553802675,0.7689100625625802,0.7613293542904982,0.7664220754690746,0.7831844891613671,0.7708822752482354,0.773943258404346,0.6690638404536299
0.1826236407336868,0.5832588935881963,0.6358253890344515,0.7058423325534606,0.6680529402789699,0.732996660462661,0.679751285767689,0.7483549276143736,0.7092298376426454,0.726783711177764,0.672484780217689
0.2048546578389704,0.6107582518884963,0.6857686343453611,0.7090778032062505,0.7018066382869577,0.7720940160604641,0.7035080938548879,0.7506309799865336,0.7637844377783394,0.7315845082499951,0.6333255617343713
0.1177558240516616,0.5572240816787472,0.6998283849510032,0.6599246959659771,0.7361938334745881,0.7197946199147665,0.7246300389395782,0.7615659396451846,0.7935447791092609,0.7562192658694837,0.6429726866025536
0.1557615618456714,0.5770375253627227,0.6139628969544239,0.6463348041595016,0.7440545218344916,0.7294190717474742,0.7544630292040118,0.7495573775054413,0.7873169952368738,0.7682969967284425,0.6592076611594473
0.1471364351779779,0.5820865716690302,0.6289046477132028,0.6667348473874156,0.763989313015754,0.7378061063177314,0.7593927784942057,0.7423422419723814,0.7811293525828341,0.7334810926025249,0.6971515305529015
0.1787484694041599,0.6137213391768566,0.6728825874903892,0.6932971986463126,0.7683146831973267,0.7395155731573062,0.7123513832888383,0.7731738226704665,0.7900451555216021,0.7290921465559861,0.7043419755206655
0.2037863535051386,0.5188678489982755,0.6538948693306375,0.6550733779807154,0.7704523014974145,0.7450611977004017,0.7253353960156348,0.7302831259469881,0.8008151361704803,0.7560753569918139,0.6394712664755555
0.1596820176868648,0.4996057557337742,0.6383485904685345,0.647188214183088,0.7760975971378884,0.733402414643069,0.7589386549878612,0.7170025895847428,0.7361196287919104,0.7460897459060879,0.6725778969613018
0.1882712440020698,0.5967969682971169,0.6754227524531325,0.6670931898138348,0.7747860714855356,0.7604129354626112,0.7743270316954507,0.7448293123021484,0.744631423363116,0.760770256860928,0.6375207718851715
0.1967550278195575,0.6158307108546126,0.6195170717338365,0.707496947255153,0.7792398163528136,0.7605835826096066,0.7592068866385038,0.7679894363762805,0.7084728157084504,0.7799228489895249,0.6398612964379427
0.1568807932587705,0.6415410817458858,0.680624829062859,0.7170262521917827,0.7581699245750764,0.773542505067043,0.7401358642644056,0.787772553017031,0.7364397582874691,0.7961211987138126,0.6453870195158161
0.1714575427960351,0.4980380595004001,0.6874511444022018,0.7380243274547591,0.7375898723697316,0.7696174189402133,0.7765590864921201,0.7587215757302489,0.7454818674304093,0.7581853798503368,0.6920993518877674
0.1301030644988475,0.4915616006423625,0.6997413521309048,0.6894615767243745,0.7512077722089567,0.7895098533525006,0.7840883324855834,0.745463398368856,0.7676684531633673,0.7760195277829185,0.6789803831870429
0.1681992687463138,0.5380846411804854,0.7239348192665582,0.6567817590966328,0.7647578976028333,0.7131489555884458,0.7393123163063086,0.6819036936882763,0.7699119993215127,0.7555523753636755,0.679303572905262
0.156384073480931,0.6169125730721507,0.7196439224358679,0.6577267878654984,0.7288305613805267,0.7402586833884074,0.7669066998367483,0.7037479527876824,0.729792799956399,0.763987892842978,0.6876862949716482
0.1776032755602142,0.5926399358735382,0.6672289920893761,0.7032198459930792,0.7364247210152655,0.7622590646003036,0.722864084000451,0.7266890266179594,0.7291331280691896,0.7338925734090469,0.7244532297173167
0.1730706040106825,0.6026050809679284,0.676487631915737,0.7198912023961487,0.7529835063176578,0.7774070231524005,0.7458979222182827,0.7160200516605989,0.7477706736412424,0.7593252413450453,0.7246392554149421
0.132540569362085,0.583047539192916,0.6555941536398739,0.7443868104980456,0.7836614304771854,0.7707857862100699,0.7579276134695722,0.7450585450801561,0.7574091649325307,0.7530617766731066,0.7485630585381722
0.1556047110643868,0.5475990787218771,0.677976873520101,0.6803641891179658,0.7907373890102941,0.7376390064772406,0.7440182419741486,0.7270288970356232,0.7819663844212543,0.7434360723409442,0.6649038890874259
0.1605856931862175,0.4862272875443961,0.7244401190272749,0.7221272178002931,0.7574772345257694,0.7577952049976149,0.7776471503760403,0.7574490364758641,0.7436139715404113,0.7601855987671889,0.6774305794627389
0.1734271302012327,0.5451343583253889,0.7185995399141407,0.6895899514994297,0.7798099485907217,0.7497964393055591,0.7792134078862403,0.7413721123300013,0.7461164811286829,0.7337223341829745,0.6914220630890268
0.1678193863314371,0.5221412353460484,0.7533508293334982,0.6967654194979307,0.7762428267162075,0.7711822674013054,0.7016876339504144,0.7514858521977379,0.7582695967061687,0.7171093700341437,0.7242443455457686
0.1708721232677823,0.5466510516639254,0.7574550849479675,0.7031206699184234,0.7748667477990502,0.7872552104641164,0.7435886459475938,0.7086787935216978,0.7151711272923159,0.7589460817486988,0.7116120438743522
0.1828479214599217,0.5494635882854195,0.7581936457010501,0.6429545863521218,0.7838221498991877,0.7652088084184777,0.7530238606437556,0.7296094651268246,0.7546237132603537,0.7611126472047095,0.6708860754509008
0.1669980078648859,0.4986400001453451,0.764241751864918,0.6826164498140092,0.7688834111084389,0.7603320398252634,0.7153760729010038,0.7478531192369947,0.7729780523514769,0.695648364410412,0.6350626448185929
0.1636322645870931,0.5397912160299766,0.6624777873595993,0.6632039638985042,0.7784637219405557,0.7380706549170097,0.744711697821451,0.7330621169125948,0.7935752784586121,0.734062714446063,0.6449925407471035
0.1919696845271017,0.5658928541473778,0.6952719411153042,0.6970000939759743,0.7401135508815951,0.7539743576920064,0.7442224660438244,0.7583062207451325,0.7396809641401831,0.7593632668998476,0.7019723933036988
0.1631488956197442,0.5821436140072358,0.7031699955347631,0.6836002735246511,0.7480358523324373,0.7388668069138126,0.7488977535494307,0.7974368677528351,0.7414801689874526,0.7891970331761893,0.7053486645510777
0.155976858291756,0.3859971965574512,0.6339417218006025,0.7165413451955538,0.7636108648665605,0.7544340798174434,0.6790940130385569,0.7827378756410891,0.7694883356694865,0.7560889170520841,0.6667175795409069
0.1658612878859031,0.5040864285316791,0.6860540592628099,0.6595605030197855,0.7598186338383397,0.7801725938397408,0.7306093236835027,0.7478346066637124,0.7781585200345194,0.7542631850442235,0.6786528209281706
0.178863184897876,0.5423544486923733,0.733849598398888,0.6848887939974817,0.771027090755183,0.7540741644327965,0.749780908317899,0.7399230557898566,0.7792645866677455,0.7344680209221286,0.7041540735440677
0.2204633236650949,0.6124385836898344,0.7654048302426099,0.6901822901927122,0.739829321840943,0.7445490919997791,0.760625227657203,0.7060937114549639,0.7402101428954445,0.7571213665520808,0.6863151207491446
0.2067361015674392,0.5979752644841186,0.7671403969203044,0.6910623092819161,0.7473616118413886,0.7613997987062255,0.7226961290408989,0.7266508155065814,0.7159763903073926,0.7636353566945737,0.6395255974126516
0.1687203387816443,0.4950826199284502,0.7012933524825016,0.698383051911718,0.7556561250244258,0.7342908189485833,0.7089838777402797,0.775326008672929,0.7443436625756568,0.771849050981119,0.6531528554278061
0.1694211803143482,0.5526082299444813,0.7088550241008977,0.6845047178715579,0.7761204695541329,0.6749492889856853,0.6805927394984326,0.7368942372177748,0.7649032288516728,0.7521209279305954,0.657337359962834
0.1468916160426245,0.5728736470635836,0.7201792883081006,0.6781139238453597,0.7790850238929345,0.7106878736953891,0.7084055398047109,0.7669135270522345,0.7876005661494925,0.7612604531287126,0.6481458371022347
0.1716592733873272,0.609735654830365,0.7416270460809287,0.6923545112033097,0.7729215489560831,0.7135430899312066,0.7265823193090846,0.7295723158613383,0.7894969357367368,0.7748358577026437,0.6718223148911635
0.1910294282885338,0.6100391448095824,0.7165636417055088,0.697500283970593,0.7407634683385368,0.7372889141591635,0.715918706619054,0.7649003687795137,0.802735355836292,0.7801552528657054,0.7148808071006609
0.1794375864851977,0.6761472297059614,0.7029294850912673,0.6456929849409505,0.7552350032758369,0.7668914486873872,0.7514220273783245,0.7330418128375346,0.8120187520272122,0.768580219963267,0.732026659228594
0.2012521793648508,0.5970254180514064,0.6784667685725319,0.6451153220463482,0.7556545108000887,0.7053266934336422,0.7565821462127034,0.7456733776518323,0.7772556701727004,0.7526232209001539,0.7153520001638984
0.1881342116352758,0.6469451786149776,0.7005895668035265,0.5792062800794684,0.7334271741388293,0.7516035770398997,0.7496774104210755,0.7628965838783087,0.7526089168377755,0.7936643016610834,0.7076393115215637
0.1888398755282557,0.6530673018757802,0.6702180336726787,0.614684295146625,0.7432663931740675,0.7594771173151937,0.748748432850956,0.7650805626157808,0.7743413000268151,0.7396948556960748,0.7217617901163592
0.1839988807072186,0.6210924207908823,0.7067931768012023,0.6542939726112915,0.7559558712050409,0.759258630377168,0.7664191650216643,0.7757875232542106,0.7375625046703279,0.7539546862701308,0.6971573029329274
0.1474253650034144,0.6434854241649469,0.5986015105395336,0.645621951246612,0.77888994812761,0.7260364760113779,0.7822045255884584,0.7802345185382006,0.744390268838964,0.7698501839938702,0.6623634570917795
0.1777248818573279,0.6161157337686141,0.6608067418686565,0.6168703814746943,0.7451078649220186,0.7297855143846126,0.6982873390715546,0.7574863014176602,0.7101730184524772,0.7816774085186093,0.6594396342566081
0.2032261543567593,0.6677924746646647,0.6867740876699322,0.5694969156146085,0.762379687432569,0.7623217185302805,0.7330930798259873,0.7595840195242882,0.7478507309065414,0.7774203628449113,0.6753669812429449
0.171885707786576,0.5763460454175549,0.71131678093171,0.5607412160148144,0.7267398316465559,0.7556910235027756,0.7619459218259952,0.7831017247076403,0.7697707441770243,0.7640071033174448,0.701814788965356
0.178357940777367,0.6288257062542824,0.7473329267718434,0.5856738629353418,0.755795347791047,0.7321074775999071,0.7773759670367173,0.6404923342370583,0.7531970961366234,0.784990597537181,0.7132452308483885
0.1644547792209915,0.6570509761527882,0.7524743748286801,0.6128235074587212,0.7276860286100654,0.7441487070303304,0.7633079142111745,0.688478572927997,0.7414647477955405,0.7987595025723064,0.6512926418851654
0.1656036566395661,0.680705466463378,0.6757154445792876,0.627388517532685,0.7478188934956986,0.7548013768321501,0.7460626124962201,0.7248015076592699,0.7669982800210118,0.77155109468928,0.6902692055280975
0.1806924921233959,0.6537320366962176,0.7111662790810145,0.5530124171576081,0.7355894515371234,0.7420437850330659,0.7529949701728939,0.7579558646642821,0.7703728445547517,0.7786648829566045,0.6912695436901937
0.1892301766262153,0.6346273462935134,0.5925200358460055,0.6180153954843715,0.7547794173672071,0.7545552347249124,0.7617270246013361,0.6719852715060572,0.7792477270706633,0.6972451504465956,0.6916662314471148
0.1786218068114783,0.6392435438283686,0.6847715740421356,0.6365883115304795,0.7744382555076218,0.7643042831632316,0.787030508914333,0.704452713814812,0.6971118793444927,0.76817176846417,0.7440128360258318
0.1814938847897175,0.6551313619317631,0.7079210288722957,0.5482158600903897,0.7435922508563008,0.778495146466841,0.78781721556313,0.7254909519174828,0.7435972424651611,0.7772431513251563,0.7206422640251643
0.1610423765636638,0.6367776540237224,0.7191954767585479,0.5776016975594777,0.7648404331476949,0.755696097867044,0.7484218858020477,0.7592018132854723,0.7385418615089706,0.721840631716102,0.7058484604449213
0.1686754593382904,0.655422724412276,0.5630805706081811,0.5697197727305041,0.7292676628887971,0.7620980021550843,0.7545250604734505,0.7798990448656183,0.7583142959419163,0.7741967473647968,0.6725554997393233
0.1801068755527124,0.6677676843482552,0.6917036689259137,0.6031588966988433,0.7379381338805426,0.7643032738703808,0.7550731291397033,0.7500343711018376,0.6971092418639594,0.7753132325086495,0.6693445629860892
0.196582088806667,0.6485495769542234,0.6592194747719431,0.6033102996375538,0.766901850392733,0.7693481400380029,0.746968453357976,0.7222879830109673,0.7572736650067141,0.7404931406249483,0.6916160229145156
0.1347475879848853,0.6371967379958036,0.6643863502791917,0.6101877706734746,0.7601578688427376,0.779092020068221,0.750439328723783,0.7307496762309263,0.7915351072566663,0.7236817036831549,0.7149491081506563
0.1094657244354386,0.6467558646406539,0.6490936536423724,0.5813344255138365,0.7656108688094745,0.7416759690438132,0.688321056626788,0.758050424127497,0.7616340191257301,0.7578315697367884,0.7283926883210683
0.1373058554880699,0.6331706885899246,0.6693423888471277,0.5336747714826584,0.7554912043036446,0.7548450649559497,0.7145864838078388,0.7597086152820847,0.7754285468146689,0.7680996944939973,0.7326294413787641
0.1565889083362672,0.6554190044485209,0.6676821476678718,0.5694112310616738,0.7869313071347621,0.7690875190796116,0.699290098330023,0.7626633664144873,0.788847545805204,0.795784619066597,0.7476128651072509
0.1516725673605408,0.6422471597069876,0.5957232580975199,0.5485390379981363,0.7458407813039805,0.7719925326522707,0.7570611192499662,0.7539803032295939,0.7601982692088772,0.7562549846286143,0.7445069973152846
0.1619808744458334,0.6598951662634036,0.6478634091500202,0.5154695031090818,0.7149015443497969,0.7720830580749072,0.7602722412568499,0.7627764811032227,0.7673602421968614,0.7687670871886471,0.7442870515064108
0.1591629730215759,0.6693199076703601,0.6923819878967008,0.5495180667020003,0.7442525936153137,0.7500507296390438,0.7528432451303018,0.7226185136721459,0.7740655690280068,0.7634713250757518,0.7290000380859587
0.1042012058894356,0.5978423077111497,0.6521182268639459,0.5995873823748192,0.7260175434465804,0.7700194966078893,0.7137656835287397,0.7530825499889794,0.7358480843460788,0.7441845089378533,0.7356805520895005
0.1520188083954823,0.6390795699474789,0.642121394995498,0.580612437768279,0.7613318064492767,0.7061295469606768,0.7191829267161396,0.7232556871480564,0.7300194061527256,0.7617778813196645,0.7386737634655985
0.1647881405325142,0.6459050262360668,0.6504710405092252,0.5884300622569805,0.7520095182654362,0.7375692877378743,0.7135709263362383,0.7535509045316192,0.7678576714128784,0.7735150368006838,0.7121785851996784
0.1539565732250598,0.6166912106969136,0.6394809821160575,0.6268922517221733,0.7749540744922641,0.7583508229495259,0.7327574429434086,0.7538022584291518,0.7529449961231615,0.7536448912414915,0.7392618245203
0.1651528869718347,0.6300886576605247,0.6894594184308234,0.6046023934592336,0.7236764741649062,0.7845040140432845,0.7290073599591694,0.7387659992642591,0.7867350606515091,0.7697089686954584,0.7459099960508531
0.1678185241591482,0.6482884508213987,0.6918900486435328,0.5845648279925886,0.7541078626431823,0.7786626324341746,0.7306746199245564,0.733955937921149,0.7785835887448225,0.7595612067765951,0.7622580912768517
0.175027251813339,0.6628165713939858,0.6805236058973526,0.5925325505532302,0.7548629188642525,0.7650789033273885,0.7513870022763065,0.7488685825428492,0.8051349131166681,0.7446522941667513,0.7632384400256541
0.156814131103068,0.6454698012380269,0.6154736956865817,0.5488964839276195,0.7399385915192603,0.7763792344453717,0.6921406259354568,0.7607954044995007,0.7893137897033963,0.7378413779328137,0.7773632313569647
0.0956726799112085,0.6257901039305382,0.6719273068022342,0.5701952647046409,0.7355803176958586,0.7356803894450852,0.7257989885554703,0.7812200295294882,0.7816623676638266,0.7194242400639352,0.7501544663675667
0.1578519595239107,0.6243379417389251,0.7097800063977495,0.5480412826849199,0.7488548915134023,0.7593039217434078,0.7513941159111219,0.7382847046706937,0.7425772381936625,0.7442678577801932,0.7431005862966255
0.1710659406861531,0.6611068863447709,0.7477628955882074,0.5596456487296187,0.763387021129744,0.7910464087259577,0.7597221949824562,0.7665749012029752,0.7656598918439006,0.7214691043588808,0.6964035185617191
0.1247962472807317,0.6155037664832621,0.7107555829654613,0.5648458717423628,0.7763509179652897,0.731111804573255,0.7728497289463783,0.7707387811204978,0.8003077032382395,0.7132673465837365,0.7056801243138957
0.1364896501378706,0.6377146870285104,0.5235929154983912,0.6575690127530416,0.7360946625400574,0.7464408755805167,0.7947395343894097,0.7618632788984083,0.7902486841919605,0.7238267621003069,0.7276058617110239
0.1757671726495586,0.6310452421992145,0.6150213695744318,0.5553324948397048,0.6740127375264137,0.7587275875183601,0.7111831063187456,0.7024854072893787,0.7467092680028061,0.724920523615795,0.7415175268690973
0.1733350990427754,0.5882461171187435,0.6191626762832659,0.5840718988816571,0.726921573927389,0.7621710958103756,0.7491686710524739,0.7281429524499878,0.7355471022337586,0.7162527766996238,0.7199647897009546
0.2029626551437969,0.6167362092385,0.6957328161203571,0.5942459431104021,0.7464679910604934,0.7665638134748425,0.7105252294690931,0.7537801940402098,0.7848405867915912,0.6988023851481476,0.7079882153405455
0.1328655557270766,0.6310655393026663,0.6767928529610381,0.6314287158068193,0.7187733229775999,0.7778844952538582,0.7332915599440365,0.7335633120667266,0.7925980322636397,0.7146087026522188,0.7381985892111054
0.1324867391691088,0.6628466839280875,0.6990597664531759,0.5762093647781173,0.7409125093186785,0.7848240129485593,0.7649489987675498,0.7160317692677296,0.739198899991226,0.7347937108725395,0.7732155808931827
0.1502849574113853,0.6616115720114712,0.6353119354926559,0.5771891776074334,0.7618179834542819,0.7503317837927147,0.7605748741471772,0.6823053287492706,0.7556540693539409,0.7704856746356299,0.7309139498283163
0.1582776907123854,0.6840755528674436,0.6407220029810569,0.5603135895432546,0.7220676667282513,0.7693254590264573,0.6549135123199318,0.7199347679044827,0.7856442984662753,0.7763652135738098,0.7155475845646909
0.1467516119042648,0.6282959759902587,0.6419402237706158,0.5430449537433958,0.7456388304318999,0.738480081087452,0.6843602073246837,0.7584587900839774,0.7403142097659807,0.7058327023948298,0.7368080113414317
0.1474941345036246,0.662434155717885,0.4660919058489574,0.644935804639312,0.7495057844792528,0.7727765774412363,0.6862077181392845,0.7643357618642593,0.7190720883322157,0.7109072976099686,0.7658746365968109
0.1125198921683974,0.6364709277226572,0.5495675265856628,0.5694518745914431,0.7510746389674473,0.7792071490043373,0.7134065192022903,0.7816241729083104,0.7621613842952747,0.7352966076185992,0.7475468017674144
0.136748800705415,0.6300160394356444,0.604061610105654,0.579171487076978,0.7501435381230234,0.7737816298664315,0.731019808100051,0.7408066431051443,0.7857433577452948,0.7505364860057416,0.7838994261749482
0.1486644885198274,0.6652820187979696,0.6394780470327579,0.5145497183988198,0.7070568387089307,0.7580304835264075,0.7540849153136078,0.7663133764320619,0.7472736184660838,0.7744357602207128,0.775329786256106
0.1323108966673619,0.6616769869088611,0.6659153487865548,0.555322646118733,0.7611922197835034,0.7575034966253107,0.7412118392499153,0.7577479159253704,0.7486620694712488,0.7369636440769743,0.7655205313579703
0.1544806473527848,0.6959191844005237,0.7075485120253702,0.5803487696100604,0.7553827299120808,0.7355145260324105,0.686141880857667,0.7600303959106627,0.7787958847913913,0.7600463660023917,0.7192226578391665
0.1540861145178383,0.6534930718323863,0.6505553547564975,0.5170901407090609,0.7521302295341936,0.759443621834096,0.696980079344089,0.7659049516511199,0.7156638938659314,0.7006111593676476,0.7281706938997242
0.1361087908191227,0.6471511823057153,0.7037174464256303,0.6167587464598736,0.7458849337094136,0.7566024900834752,0.7137511530154519,0.7480197769085124,0.7292036511100396,0.7075736518324905,0.749419403785429
0.1646249256171642,0.6918823964961978,0.6578752134008228,0.5378130300031667,0.7557271970045022,0.7332333502480979,0.7316338839561362,0.7530543444636308,0.6614841276133658,0.718958157179454,0.7648403647022692
0.1710409160650432,0.697579286351379,0.6739840409074291,0.6190457559197371,0.7110459445459839,0.742904689748483,0.6863196398038389,0.7591223079682663,0.6875145814876107,0.7499580228845011,0.7623053242596913
0.1376295527222776,0.6155275441932706,0.6479929296468196,0.5228464747203202,0.7297942700006654,0.7487543248250368,0.7177748884586873,0.7695806390209738,0.7488146591024629,0.7076223458138022,0.7071095551078466
0.1112301528813742,0.6609795927075437,0.6549498483609943,0.5882887217748937,0.7446977424131087,0.7593874687761737,0.7262201333661531,0.7354122358268663,0.7576353883595341,0.7221449259272665,0.7134326733931915
0.1534196970437182,0.6748127302686011,0.7515274480716245,0.6401758572336445,0.7239359626676071,0.7492360518490353,0.7536836805286421,0.772570244537725,0.7484518257326543,0.7531740797783958,0.7285147497925256
0.1570884971423506,0.6818440039333111,0.6639574422413761,0.6780278567240576,0.7468631305324969,0.756805048858165,0.7268654995439501,0.7727967815607,0.7781034848135988,0.6881825316810367,0.6994967643101466
0.1696633612431812,0.6303967270900053,0.7254927210245514,0.6401325054540841,0.7439795456361283,0.7728050718291652,0.7311933540965607,0.7460271906027443,0.7228137299208233,0.7162805865135108,0.7426022394332326
0.1617218789483752,0.6508060327645317,0.7263098420498105,0.6486695998528633,0.7544552314143254,0.687045684118952,0.7512280145482519,0.7412143743615425,0.7479333490742545,0.7230596427102918,0.7757081268455996
0.1467879057048618,0.6561569372290739,0.6762908521363068,0.6639529683987125,0.7246133884947458,0.7122097847401506,0.746303159032426,0.7144813368505553,0.7303018860610105,0.7367290640925506,0.7696887887832842
0.1662104554039808,0.6442726285802287,0.6730274354500398,0.6773092668016233,0.7202678383441883,0.7542810436933505,0.75331568354811,0.7279474294662776,0.749823864595129,0.7326158157972772,0.721926773126993
0.168729312417463,0.6744968557409237,0.6480711110433277,0.6857609461055063,0.7310693953570443,0.7940322442949663,0.748099004473785,0.7639938826193978,0.7539457729850976,0.7666321098493434,0.6745837658085928
0.1646923949003001,0.6972101303021034,0.7329335070184801,0.6021832293162374,0.758632844045806,0.7184373967459916,0.7771511121003887,0.7731575202972318,0.787490421305393,0.7766669932626762,0.6614974243222553
0.1723648311310763,0.6986795169885065,0.6575348959464865,0.6387878771446245,0.790105592654342,0.6989207042406919,0.743781592337459,0.7081485481071368,0.7864237758052657,0.7828940347597034,0.706109726119057
0.1733111945464981,0.7280315408593684,0.6521188188868512,0.7152850989901326,0.7004277554971562,0.7159840047591803,0.6750882388146515,0.735130139391808,0.7775076958071007,0.7561009086372575,0.7183454507745882
0.1693812518370246,0.7040673975137001,0.4454231379150929,0.7410193522109633,0.7434566865898186,0.7478562524515734,0.7171741624691802,0.7335672530787456,0.7356385075444137,0.7599312110199141,0.7184491206306511
0.153698101090964,0.6945910170319758,0.4244797966131889,0.7727462136888348,0.7459656149408893,0.751980294329212,0.7412015697761507,0.7447939855577457,0.7682981698719946,0.7206602787177412,0.7295839199542324
0.1707176993681533,0.6827366227843914,0.431022305941704,0.757605777927284,0.7690872071944685,0.723743249197623,0.7426671937200693,0.7452013782733657,0.771003903842322,0.7402088373546878,0.7401425299290045
0.1793195385726227,0.6571168830708923,0.5731255355327556,0.5709667383203436,0.7654879323195719,0.7481315617428088,0.7047140935173043,0.7580787760327198,0.775174760519472,0.7219108508332743,0.7018214166644358
0.1218303642940888,0.5697773727758186,0.6206451570515,0.5518120346551648,0.7710769705161356,0.7503329331234074,0.6949986565422434,0.7171326531988798,0.7405157799249044,0.7508564804680338,0.7183386013918249
0.1291780506153886,0.4993030513353231,0.6307601444462945,0.5727691264059099,0.7333294995118296,0.7306286097288903,0.718279188854108,0.6677629817462282,0.7674639737732853,0.7656624889771637,0.7021030103966133
0.1049815649828339,0.5355898466508412,0.6339291832669436,0.6442625879679404,0.735429573816694,0.7523199167347177,0.7287932629122953,0.7128286512471378,0.6897751839520027,0.7631421543162591,0.7335400732836653
0.1259537275117817,0.5644118841999302,0.6556145361575184,0.7109452335662316,0.7429732050194333,0.7703407530772477,0.7493035348208902,0.6958167112226206,0.7310938145061703,0.7719914006175185,0.7114024257035924
0.1332507418437435,0.5922902114054109,0.6577282224332708,0.6287390441616797,0.692660374952306,0.784726990790237,0.7503745804460046,0.7163415584620103,0.7597060455314347,0.789663872712467,0.7203600582184093
0.15308389917349,0.6055738533712841,0.6133196959433435,0.6423240518193463,0.7091446887559676,0.7611077756167984,0.767154723000788,0.75492649549503,0.7197402420675593,0.7728808815841484,0.7368042990089008
0.1206510194798177,0.5969215071396139,0.6152733035487687,0.6626046374417891,0.7362171016545749,0.7426126401384338,0.7692445690196528,0.7549632305572278,0.677456366918842,0.7230726243461663,0.7352532921708349
0.0525921066130869,0.5969370226043261,0.5588121553332931,0.5632461588885448,0.6989353812624411,0.7155544465722521,0.670031621665859,0.7724338629349885,0.7350167292000028,0.7391720889582614,0.7658659397169261
0.0935232166041216,0.6108440113117717,0.5936731820134349,0.5312764152584729,0.7004697443446875,0.7502680269420531,0.7311937384235964,0.7520558109315915,0.7260446840023448,0.7339741346408494,0.723205298290385
0.1071812574140234,0.5448924845853689,0.5938798387524952,0.532628213612762,0.7055940032677572,0.6812164264047782,0.7431444551578833,0.7522180696214179,0.7409963702365514,0.7440185767760421,0.7174302979137637
0.0970425155697963,0.4786443794716818,0.5393958945125985,0.5480260864235381,0.6945953917641546,0.6836154439466087,0.7008038043834739,0.7652563622066646,0.760890972937361,0.7465608347915631,0.7008764187435031
0.1004922962414537,0.4522086813379748,0.5293734003500224,0.5473735944377722,0.7103616347122542,0.7011986868095148,0.7406862337816029,0.7350707303441079,0.7777327688977691,0.7479629608200753,0.713313327416861
0.1090745849425542,0.475526938945507,0.5711707506703168,0.5280964473409195,0.7386044430238774,0.7387633493948365,0.7687792287013122,0.748819333213135,0.7355956297350332,0.771165940775804,0.7101055094437168
0.109733326690005,0.485737616536512,0.6019106494438081,0.5459397416272337,0.7266592891077258,0.7396001950259918,0.7407444880398141,0.7701732351423076,0.7142296714384647,0.746217380535833,0.713687625950892
0.1029384498095318,0.492708004644512,0.6529897293531253,0.5383543059621912,0.6916081484144386,0.739720694145485,0.7409324250793472,0.7303571874910084,0.7199015862720521,0.6816404130996024,0.7179469209829209
0.1147156802610423,0.5036146045367988,0.5840620419336882,0.4937692417657749,0.6755146433740242,0.7480171626595851,0.7588090737409388,0.7518901738459882,0.7137171247836446,0.7120134042664941,0.7391804489215463
0.1209174801059099,0.4371138146109924,0.5905573525033347,0.487762061380526,0.7155617640530074,0.7586997555922783,0.6780846587122344,0.7934994725925002,0.6618435880560513,0.7473327124425057,0.7382941088698967
0.1134848196346678,0.4790398967113097,0.5920610136508291,0.4955743898038632,0.7445755133356777,0.7694241663706378,0.7074129884099964,0.7322505917418909,0.6597001534300451,0.7548635932091956,0.7543935365917076
0.0845096141526528,0.5092011331376796,0.5273960677367705,0.4442243015637653,0.7058967547418271,0.7709520400494448,0.7429816302485235,0.7408311009767057,0.687846848154952,0.7623175934097393,0.7422807996272686
0.1099319455374772,0.533730799884788,0.5410557172365426,0.4369364151067429,0.6952501016737155,0.7646761673353546,0.7662133792559169,0.7447090817961997,0.7236425353547344,0.7073356963843929,0.6699938034610815
0.1217745647028562,0.5426815807700369,0.5545197199645007,0.4420436851635805,0.7205690479895311,0.7793908999428545,0.7264186811724764,0.7224693996322915,0.7279271035225743,0.6940128063137007,0.6830274060307507
0.1228857080748133,0.4765257477749711,0.4580846876128418,0.5866991304413655,0.7148175065119171,0.7433608245771581,0.7273255184305538,0.7471842091807935,0.7087576990781692,0.7044522076632536,0.7158802644888551
0.1087182580943073,0.4918830157535867,0.4512448383519063,0.6431088947266966,0.7205351076562719,0.7652958099806598,0.7354634509941513,0.7345103891194964,0.7019866879060414,0.6586979845553996,0.635888323199522
0.1098105890277788,0.4874400798404258,0.4819011443620253,0.6797221177213683,0.6633899660725483,0.8066393622598321,0.776540580010988,0.7483719406344578,0.7216982993775833,0.7221163305411075,0.6977967738138416
0.1265315964733315,0.5199575512084638,0.4850576511573348,0.6928870423663893,0.6801305025356903,0.7375244350685008,0.761741676080602,0.7379215912959654,0.6885149809356006,0.7153587122690295,0.7241940619307214
0.1344681167966144,0.5344518372798012,0.530076427115121,0.6938116331201347,0.6903000751808661,0.7626209705352769,0.7390390552979906,0.7662959263510052,0.7054150082114266,0.7153350536655486,0.7345503200688835
0.1366196848249004,0.5373744977872026,0.5464617884499259,0.6364868035437516,0.7115960467707394,0.7765728105719925,0.696426774333344,0.7708674596386949,0.7009658300359326,0.6968402162262254,0.7367482662826241
0.1415741293046318,0.5058705921632132,0.550189373742477,0.6417928438077087,0.7460847278321616,0.7610876252061302,0.7227907377399354,0.7677802272125774,0.7088123043344253,0.7050959104232026,0.7060557223956179
0.1475202254937256,0.528564846360758,0.4830284540539297,0.6282120738877585,0.680419177663921,0.7206158170472999,0.7080073393600872,0.7464236530910446,0.7238156642951037,0.7263782495044064,0.7265489362851363
0.1390774693465292,0.5400141249243146,0.4600948747085259,0.5780769101572087,0.7195646184722853,0.7267375505172498,0.7337893027078684,0.7484513844794609,0.7004715088643704,0.7108082902346804,0.7336627282082709
0.1599363937100938,0.553309179526327,0.4715218731629098,0.5472853835239722,0.7487218128764358,0.7359916715518783,0.7202934990852947,0.7470967920862609,0.7283478191326249,0.7194369950793158,0.712189152703471
0.161760005294818,0.5346715135721559,0.4493594021387388,0.5216138674995677,0.6612784155264722,0.7657241621399322,0.7456990755001442,0.7595544115858646,0.7379216120601144,0.726106388002425,0.7184507856782291
0.1634096544895366,0.5260254816261515,0.4254795959036547,0.5259324135571068,0.6613183265698837,0.7616943450294061,0.7061687653907754,0.6908552005884995,0.7562516894941763,0.7251427787253375,0.7523092242077705
0.1074355458087548,0.51106714167504,0.4858558825338298,0.5365626133874444,0.6669911039923808,0.7117878896038049,0.733814766298117,0.710918500063189,0.6672596043743996,0.6591893729422337,0.7715367820667958
0.1403776320376079,0.3897796405978808,0.5780430719554387,0.4957702134335852,0.6927477213326029,0.7374040217811817,0.7441686047296483,0.7304314476259159,0.6978105307692442,0.6640049861725469,0.7576052646033182
0.1457110506170112,0.4024392800181945,0.5833308232985747,0.5273181535697696,0.6095344261707196,0.7473112852968932,0.7023112108806712,0.737796548591424,0.6316864420476203,0.6897829047981836,0.6820885042610837
0.1567488046470735,0.4071576175157221,0.5603482414389057,0.4839560233289458,0.6144366747086593,0.7768618475175673,0.7144902969205535,0.7519526798752281,0.6731880952407457,0.7396501900529673,0.7294555098357678
0.1589234653381165,0.4217548615371279,0.5603353597823677,0.5129677108801697,0.6759189210363649,0.7489401676649874,0.7147782975885928,0.7190712559039381,0.70058027247326,0.6351990553048934,0.7340456820383117
0.1644141065252963,0.442856827349717,0.5816724322285034,0.5978338200073379,0.6882875213330677,0.757922550065689,0.7159716239708529,0.7243664876175919,0.7287296097971787,0.699043275001386,0.7450037028526377
0.17617462431545,0.4528989963292864,0.588003893591426,0.6401960484280278,0.7083530011359178,0.7151482139888932,0.7392295426262262,0.7004727305444787,0.6236327317919855,0.7523289285580173,0.7512584800339672
0.1796556369406431,0.4408093209735716,0.5033121831607752,0.6217913727411899,0.7142179901387,0.7330019286011851,0.72438203659927,0.7225917054750315,0.6973377144148839,0.7197248955362722,0.7530371253603618
0.1843268327721741,0.375117390085135,0.4801526729155493,0.6078652824111569,0.735487124365683,0.7620896451603383,0.7443233147008336,0.6651070518225746,0.7397802915080975,0.7213841302948292,0.757708624595159
0.1740624367129479,0.389294028592679,0.4830464488360499,0.5876177755043763,0.7407068175816973,0.7656040217045392,0.7630286699379941,0.7081393262383004,0.7545119585422068,0.7600976462075617,0.7378822874764378
0.1710955192041938,0.3729776666348048,0.4991644809934887,0.6324693298478111,0.7407129108252974,0.7514450581627049,0.7589370744525172,0.7240638445685604,0.7152705553673684,0.7477086723636048,0.7636079140398419
0.1807288517735817,0.3855640359861285,0.4983821151506493,0.6568112059901419,0.75352255641918,0.7581930512971131,0.7710710979973081,0.6897148763661265,0.7131985866889381,0.7617824110936137,0.7544861953874427
0.1856457704477184,0.387726602816648,0.5176489883376371,0.6913287741857665,0.7647712151770005,0.7705982878695348,0.78529382921869,0.7114894883332554,0.7357856214701093,0.7597690495789706,0.7661498236813462
0.1928802109133839,0.4027651471745455,0.5316079034565306,0.6316449695478624,0.7735566732991646,0.7248166024782856,0.7945470265085905,0.7060639659727147,0.7372346342946563,0.67065953756966,0.793368017143627
0.1660902482494096,0.4024267822661853,0.4350948215290884,0.5746531425611765,0.715591524995335,0.7438842885408685,0.7292558981950562,0.7079803489324852,0.7688124123305462,0.6954943806560406,0.7585143506997741
0.1761917012569852,0.4044247339799884,0.4248360239752998,0.5919049356432402,0.7312183660490716,0.7113659567374809,0.7515415511964818,0.712007503421486,0.7276843577539276,0.7178410795166741,0.7263659666568133
0.1705403234992534,0.3635429936534595,0.4653095477848559,0.6202144425974516,0.7332275097652969,0.7392731887688648,0.7616812982566152,0.7369804397573214,0.7095854787278494,0.7639584357713409,0.7304551807028554
0.1938864882171409,0.3812457074265809,0.4306352284285416,0.6208149755554503,0.7306024141681075,0.748880803490136,0.6808484521932986,0.7667802021496117,0.7482735732351916,0.720607732891729,0.7594997107353163
0.1856918534769922,0.3925152662989317,0.4531798191842831,0.6306873271556708,0.7402284200921101,0.7521156983038892,0.7254014037210583,0.7273239350396492,0.666437026179056,0.7414691970441316,0.7711809604203018
0.2053156137057388,0.430233669696641,0.4633519968940649,0.6455285416986074,0.6881602538294715,0.7586529379112417,0.7415456793509265,0.7400884638074848,0.7300113905205263,0.7630711689221024,0.7598387710628468
0.1842528461918756,0.38892459877906,0.4782519014291697,0.6545386742027685,0.7076408928206314,0.782499298928058,0.6880523813210944,0.7735539463276065,0.7305954647824627,0.7135623753416965,0.7803131832687542
0.168639529828265,0.3876639560172848,0.5166893127446477,0.6774155447364963,0.7302378402256471,0.7881223912549351,0.7340935079379427,0.7370638107517583,0.7437866086950377,0.7479794737368002,0.7653324667366226
0.1595507872973007,0.387648494793853,0.4854234789951733,0.67999341812675,0.7143935624373288,0.766734365400299,0.7573891173100973,0.6786295013759711,0.7541434760529462,0.7368564697339406,0.7553253534435169
0.1372728157347523,0.3416793263217879,0.5050551656539274,0.6488361838503246,0.7516861230035092,0.775442260218538,0.7426136254765107,0.7202477442729662,0.7744449780870187,0.7484692399704308,0.7703453844737969
0.1612952148326053,0.3649329862755686,0.4826873118823581,0.6538178705975348,0.7532605880179006,0.772743279352029,0.7512362085135772,0.7147911867964868,0.6941502343892676,0.7608818682562288,0.7594894012434816
0.1602268551625249,0.3371898540040501,0.5000883199061024,0.6558081378853544,0.5991670795183631,0.745633237524593,0.7521101630422946,0.7330359770725356,0.7034517125215416,0.647189438989917,0.7805122586928753
0.1631630978547944,0.3476179020848073,0.5348437044669139,0.6726184805715065,0.6365331297400815,0.7527306337553592,0.7598810608232152,0.7731455967189711,0.7196277903410038,0.6976772447889823,0.7894969871822405
0.184055085444282,0.3460929918486842,0.5437411924936131,0.6224349858453408,0.6710993936798975,0.7678310140275403,0.7443381357817433,0.7332456670706101,0.7029407178218849,0.7371610052661122,0.792405802611995
0.1802164271130558,0.3206340757443578,0.5207159100908858,0.6266855650110945,0.6675641512749196,0.785928344086297,0.742562985949259,0.743765159907113,0.7031399811596728,0.7534283508978861,0.7753156569224547
0.1966814192177184,0.3620302391561144,0.5154093581427974,0.5895960696689917,0.6964747031441483,0.7566843979852392,0.7488913641961873,0.7696495816492065,0.695103879681557,0.7604209255480698,0.7758622717772374
0.1901502508449917,0.3920628122709033,0.4673162384545719,0.5461109248841229,0.7047581584465463,0.7636122370722164,0.7637994972676032,0.7449762034967662,0.7207960779792,0.745708287079053,0.7899729259760393
0.18270978325931,0.4110041630929222,0.461576427564225,0.5319955172131677,0.7118547459337402,0.7823528840620685,0.7710077724463553,0.6991330756697446,0.7528382874535657,0.7612644388990759,0.7402745013346292
0.1971258797418464,0.4698690340467599,0.5177147043724423,0.5326157097157699,0.7258314668863874,0.7343714163649319,0.7657425513230065,0.7611139888894644,0.7896232616890391,0.7384506255666338,0.7499040161892587
0.1752893660855072,0.4383815412738595,0.4634649026945063,0.5550299378143959,0.7107183039061058,0.7810276559018763,0.7676230986159357,0.7459539842330288,0.8029654616829842,0.7368093520948602,0.7406298460544859
0.1288072011067148,0.4403335842734272,0.518736146079321,0.4532933882650477,0.6293274660688747,0.6934679137787298,0.613703137817569,0.7321112029360217,0.7398983826636452,0.7444986110530998,0.7414253623048194
0.129553459176565,0.4139455230981879,0.4930739987868884,0.4701142103757623,0.6448883730864938,0.7071487653957955,0.6947488086968205,0.739231811438479,0.775388968400095,0.7552185721549133,0.757844134554448
0.1459995552228711,0.4348060757939249,0.4795775501077476,0.4386672596654566,0.6250832401522481,0.7174560054268675,0.7276152247082937,0.7095768255454369,0.7949215957470791,0.733767594163854,0.7770550832303695
0.1389452528905213,0.4456144887660249,0.4943909256665951,0.4501476134790902,0.6395709300574552,0.7221703860899207,0.7617231340173507,0.7268691272843979,0.7578450112151627,0.74794848866999,0.7788016565514575
0.1438624665407725,0.4694151707255344,0.4895473073089522,0.4859934172387418,0.6549600663048981,0.6740507792766682,0.7047300045295325,0.726397734603747,0.7666220921237976,0.6958928115992494,0.7864475724901087
0.1511398732416184,0.4521599946085577,0.5074742535679688,0.5134518604674928,0.6798024526929147,0.7020139962672467,0.7195239889912382,0.7036048756255371,0.7562796330956323,0.7225365377458113,0.7905114312974378
0.1553615833196848,0.4173889738240691,0.5130839582839146,0.5462970562310714,0.6979845833854985,0.7243187921028413,0.7452618029773865,0.762136615390884,0.7656030564567431,0.7331582097839153,0.7360001655905922
0.1707941364171093,0.4519884228644119,0.4585510341360193,0.583906132359103,0.7198912943303071,0.7523777768770494,0.7679260974006084,0.7242649373443435,0.809462289687116,0.7262437225977366,0.7650691149858855
0.18370657866939,0.4580762579429945,0.5355846589674396,0.5951796338377359,0.6791144580947668,0.7242143178524073,0.7183438559953272,0.7388779502333986,0.8111470210258951,0.7693598911923313,0.7798228400084345
0.1940123874212754,0.4544905081591606,0.6138902542802374,0.6099619223505883,0.6753662092410957,0.7317594503837632,0.7449674132258151,0.7708348999364011,0.7899346565604726,0.7702235669187538,0.7592714402810239
0.1957014934750696,0.4721202017958151,0.6299404274306155,0.6373866786383455,0.7056947872338848,0.7651472563424133,0.758381605517483,0.7444822274718986,0.7873899900691159,0.7349221287257297,0.7861006686782789
0.154554348802064,0.4736999184001426,0.5492413603371794,0.6502912532094172,0.6919617631170413,0.779666798817615,0.6998661559512697,0.7289079316519901,0.8070427614535118,0.7437663003869158,0.8019222457195574
0.1708402289405728,0.4414881742296354,0.5637208482986149,0.6461858860752385,0.6992545492400299,0.6817748360106929,0.6885075428517201,0.7418753285470275,0.782225264462326,0.7512789865609303,0.8007653959591425
0.1728511911964494,0.4473094853362098,0.5707099629533756,0.6682510063894702,0.7183184423491216,0.7448022214985064,0.728534861882308,0.7368338901520259,0.7719303558785292,0.716148896297692,0.7985111218034682
0.1950900035838259,0.468025281139702,0.5280809351599794,0.5810712746323776,0.725933576550284,0.7658953847854932,0.7474396451007134,0.7283841802571648,0.7690653811475056,0.6757240723135555,0.8174359760516731
0.1974992498699386,0.4755513840296891,0.5342172301482877,0.6117995330280201,0.6719102395665771,0.7510119832540494,0.7149637376570058,0.748701790061153,0.7531145268732278,0.6718271760502216,0.7733140547183707
0.1846240571292297,0.4580547006388576,0.574194877057912,0.6499427310739954,0.6785785405903191,0.766827074759979,0.737345858247073,0.7520209160601153,0.7829940724646098,0.7152931394200177,0.7606317301854449
0.1327035061195448,0.4813499331049482,0.5259593394770148,0.6579323887035512,0.685081208028651,0.7574817878573472,0.7294668494542296,0.7401199100023121,0.7612315118838171,0.7332669186366095,0.7677672682209966
0.1400244986602292,0.4743261895554898,0.5637635844994517,0.5705599096864487,0.7202038166125979,0.7685875863862548,0.7151793773271012,0.7478771085202126,0.7593472794919559,0.7878535004052339,0.7817461587255942
0.1268242461960703,0.4510968689500209,0.5179527511979365,0.6104931748670301,0.7219059006936362,0.7518942671046648,0.7547481708479178,0.7744957165616493,0.7362273083184893,0.7363510702674252,0.7834062752154473
0.1264873883063418,0.4593638759254268,0.5210980961674938,0.56444957791878,0.7006563780047212,0.7645209693974135,0.7468127583991254,0.7759783095353783,0.7347242739229886,0.7547268820561666,0.7136396280250409
0.149182281534088,0.4685441949397272,0.4848645207142389,0.6004878912598818,0.6850533667671395,0.7463300861822487,0.7545720420312438,0.7518765879893118,0.759271904011196,0.7390496568547885,0.7288102684959263
0.1300269612760824,0.4663620921744879,0.4923627575129154,0.5930320357954201,0.6592994202368694,0.7429110006588133,0.7703761503014186,0.7431345131495336,0.7289680488783898,0.7558520714591295,0.754532250241988
0.1362801692814081,0.4572706187089387,0.4951790840187816,0.5502809093461674,0.6653310595615413,0.7415548012297306,0.7422517545758791,0.7339898420048693,0.7826220764660421,0.7157096828127961,0.8017526660363027
0.1310514070249519,0.4265058927921741,0.5272201581630536,0.5923991758873051,0.6536282925178826,0.7461922165715229,0.7581004914779811,0.7512263763474796,0.6837391366798838,0.7255950023944975,0.7724425655710665
0.1342488448470991,0.4100888666460315,0.4922592295076504,0.6092281429477336,0.6480532203515074,0.7624335904588024,0.779965204877353,0.726507760282155,0.7342787615417309,0.7525044379906387,0.7229785971782412
0.1402449414731004,0.4054226565558434,0.4724810732045921,0.5698597192772868,0.6754959850200161,0.7676677497972568,0.784695164477541,0.7372669509475274,0.7506448461906285,0.7061863267773766,0.7460035222048624
0.1235548517925138,0.4016245808827544,0.4850110976828036,0.5954922756668083,0.6807317819787218,0.7720845362247959,0.7920298343079099,0.783792181555196,0.7645648998534647,0.7266370400391642,0.7670146615094116
0.1310382186131911,0.4567897704003938,0.4891180039141271,0.6078506100187497,0.7134856209228068,0.7660684876001231,0.7993695058182769,0.7802532741576322,0.7765316004853526,0.7318413365652381,0.7683456907470092
0.1304653700393609,0.5040804106760128,0.430964879925613,0.6147374798597125,0.6573744105213788,0.7576058517663563,0.7206364112945574,0.8024177282610387,0.7887349842213253,0.7468881507968568,0.7532376665626341
0.1105779856019305,0.5240227763491916,0.4409710299618845,0.6530564866661965,0.7028468712215732,0.7630900076116802,0.7373727718720633,0.7083030997069834,0.7913948422786032,0.7671444453116366,0.7610826248890552
0.133946338092759,0.5541820731319412,0.4475848448237435,0.6950295775601865,0.7169402331694745,0.7531197297244352,0.7475133001257962,0.7481615962416795,0.754990027863789,0.7755052110305916,0.7574676685175564
0.1512664105648465,0.5388214549850496,0.4555680619228129,0.6762435770926493,0.6716009946600853,0.7670416562574041,0.6901061124454713,0.7586988583771296,0.7689032207048461,0.7578643425598418,0.7682205347840159
0.1663947721352839,0.547254832945838,0.4630952189887107,0.6256187816687904,0.6658560437918852,0.7625803550089848,0.7252461780393307,0.780791893161513,0.7869581846393534,0.7394772638197933,0.7810434738526176
0.1586211296589059,0.5677299642405216,0.4138048711158045,0.6098442390583937,0.6494026226112576,0.7830752544661027,0.7617622589598647,0.7359262796283323,0.7812350871647504,0.7616672288884072,0.7903143103297994
0.1664489470760617,0.6014606561335559,0.4826426591217975,0.6582692381294231,0.6652257653153841,0.783439813671531,0.759206659329328,0.7546191829538057,0.7930021693903143,0.7639037562866139,0.8021785318219108
0.1774219585779585,0.5787845140705776,0.5000172325650831,0.6575291220812722,0.6956086293516807,0.7451459087043681,0.700729274152518,0.7611717701909149,0.7702028454135137,0.7721767461985911,0.7026574749586941
0.1783763570722747,0.5895864906217275,0.3966642157494742,0.6817311882078426,0.723448674728913,0.769440020039178,0.7417600246354268,0.7630044091485153,0.7320641849131039,0.7092452541046264,0.7271167916780825
0.1456198045037417,0.5841375831084392,0.3725423634681311,0.7043835976081647,0.7342515539164768,0.7242794119071283,0.7810088749354339,0.7815232447982047,0.7335508853334047,0.7217227910281103,0.7267255307631292
0.1229173422367488,0.5783068694524445,0.3563381243295717,0.7241700230580987,0.7493075448756565,0.7496731468909985,0.6284440589264387,0.791740473045933,0.763115148640009,0.7414324370508801,0.7571072759601046
0.1409837182457035,0.5442693172961346,0.381652674682945,0.7353319047153597,0.7545521621664002,0.7444716889574337,0.6517442891333811,0.7674521503170055,0.7179669369354267,0.7746866305976587,0.7586970366741814
0.1350579741120096,0.480626029259764,0.2707242887878012,0.7511653892756269,0.7768458375749859,0.7561597406120388,0.6987471744530837,0.7716739729675995,0.7625870528759728,0.7501505191860429,0.7666413450459282
0.1314023249047964,0.4841782305753,0.2950367231021626,0.7542865313074464,0.7549234065826056,0.746157661861798,0.7177347921384037,0.7268645270892893,0.7662184444403599,0.7512532163582791,0.7733393752534509
0.1604828534528299,0.4967225143650863,0.3513670877343402,0.7170807461228704,0.7323894336234188,0.7206307875907288,0.7382189684778235,0.7302673694166283,0.7743303356855377,0.7088180414950843,0.757843070974927
0.1324740263394924,0.4932356337862107,0.3491084110048977,0.6682569706620012,0.7183288116394964,0.7295143322133166,0.7571363491693661,0.7430487985462089,0.7650003186906491,0.7496844209207506,0.7745715526510384
0.1592953939063826,0.5095696233323774,0.3745084321927122,0.7185284099759961,0.7297686952208693,0.7556380980289101,0.7619084845969438,0.7537948243160728,0.7435575942752974,0.7521970673739101,0.7808291231899736
0.1443026752686053,0.50878028238876,0.3810719859883807,0.7494198353787307,0.7317576981495301,0.7328150236888225,0.749133114993407,0.7436722857531263,0.748767337551978,0.7107784447527719,0.7617833941948894
0.1292550401504464,0.4784019615023956,0.3616659365978599,0.7656580608637936,0.6965953750669255,0.7409513749194231,0.7813229761357166,0.7736125096917601,0.7634720022749623,0.7351278877164675,0.7776759259285295
0.1270819776030301,0.4777701944977699,0.3362817462053464,0.7550772061357187,0.6753096957341422,0.7456257677003981,0.7565499823344416,0.756753967418428,0.7876248522531233,0.7282254865406752,0.7870790034005921
0.1408778708857396,0.485629148985032,0.3544772488252525,0.7687294067752988,0.6947298428116127,0.7666925035573593,0.7103751398556134,0.7115141915239986,0.7333143003348295,0.6952358195498445,0.8044182190922049
0.1279644152746725,0.4122142477770895,0.3500840976391793,0.7391151099250304,0.5865635299826708,0.752401892336991,0.7382948900500508,0.7388986168193017,0.7895978798974724,0.7234302638872128,0.7861173699769353
0.1260703593374549,0.406423258306914,0.3680227974413729,0.7496255233233218,0.6100276630861899,0.7701027062916288,0.7645282989138918,0.7532337264390878,0.7971616921776924,0.7196926918409143,0.7649816131529718
0.1203496435550961,0.402887687280361,0.3897993168112477,0.7533652421775199,0.6706538251677363,0.7068266447584142,0.736908506231576,0.7654915691297284,0.7324672816505896,0.7548087439403637,0.7845313260697697
0.1408089329592971,0.4257518971209952,0.3545414634466443,0.7607764632002134,0.7065938254808157,0.7458055419612915,0.7065991398120247,0.7168436377590336,0.7395029159453472,0.7751273586858882,0.7420408256201497
0.1516555017484897,0.4335741837925536,0.3623201203700609,0.7631563155867407,0.7297857921129338,0.7271145328841355,0.7309841801003665,0.6957857715117891,0.7725903270811313,0.773839274239295,0.7536250505000383
0.1029283747708077,0.4374290399098171,0.3733186560478205,0.7711238811603532,0.7291446161434274,0.7442127519565263,0.7602219986125726,0.719692090535444,0.7851881533516833,0.7365189705588732,0.759842411597224
0.1162535155365513,0.4446015060041883,0.4192689010007666,0.7333348900803511,0.6671534892567413,0.7524425210925192,0.7238101568460257,0.7307135115466266,0.7836579410167435,0.7654015834138881,0.7682684363893122
0.1196784238098088,0.4546814804350121,0.4319334533332405,0.7594934025130509,0.6991591968193089,0.7557995719921599,0.7065110120944802,0.7533242850841391,0.7758208139923393,0.7868521205325423,0.7709609826514243
0.1024988456376275,0.4602830930986266,0.4220296718870771,0.7025000303077573,0.7004550784440837,0.7312611254104896,0.7533294436336246,0.7679324059950697,0.783684914938053,0.7670878267726335,0.7114782896118889
0.112047572815766,0.4359754183650616,0.4386612401479063,0.6532832769864675,0.6924631824691967,0.759157291910356,0.7147720882629375,0.7329583101919875,0.7859377089267869,0.7384646831192214,0.7620169764493361
0.1191707296936325,0.4373367063413148,0.3641595272952966,0.6765692426626124,0.6948963556150805,0.7318906018286211,0.7264052382219479,0.7524359237536999,0.8169310979288769,0.7641523334703268,0.7737444690604832
0.1222065783499906,0.4508761846190615,0.4019980856855101,0.7230188180499137,0.7084371670851071,0.7579237732752948,0.6855664400829009,0.778687893060398,0.7792024993735704,0.7948028866210788,0.7756894226713407
0.1244543286041719,0.3995174296285657,0.3595669635064554,0.7495649377706106,0.7058719375782928,0.7279633214440813,0.7123038085950447,0.7936010773369412,0.7897309453934408,0.8044680867846886,0.7756729595283928
0.1281237812317153,0.3608233211046013,0.309266263478854,0.7396224924274682,0.7405575943386407,0.7465794678883242,0.7437544880380574,0.7662967706280783,0.7932601349242819,0.7785052542478891,0.7520178407412342
0.1347107291895661,0.3794976082778988,0.3146029517346776,0.765830816906548,0.7393285918278073,0.7511359495725107,0.7578896553377461,0.7752179329881776,0.7668302311509035,0.6978982750757431,0.759629090251982
0.1348980965567008,0.3713241702804424,0.3374456414687182,0.7120962926318108,0.739422341655487,0.762084680256383,0.6938571304168851,0.7856446813697744,0.7476754326100207,0.7105182272175417,0.7338781072473594
0.1342625664731169,0.3804835138660349,0.3474419925708004,0.7269406476672751,0.7445226357720134,0.7534789590264216,0.7218643467427242,0.7486829923232865,0.7593836709374778,0.7507253979536006,0.7436575405013439
0.1075437897805559,0.323689865280644,0.3503657461975522,0.7012063906205003,0.7190101764805449,0.7156175243533304,0.7342454385977806,0.7591840728233621,0.7373494438159686,0.7724193251813747,0.7771477078703524
0.1248253804842323,0.3308001634868829,0.3822774159629745,0.7743602782511336,0.6550055965480158,0.7343844465023359,0.7446454130321669,0.7215082914833155,0.7328745654080492,0.7463081088501075,0.7521370822164127
0.1354320634873962,0.3173026665970167,0.3571730306692423,0.7936750452947461,0.7024730627720277,0.7408170092055293,0.7638500478220599,0.750183901374093,0.7638234890271932,0.7403951668768781,0.7443148382011616
0.1430686744691142,0.3413425676474479,0.354968146108495,0.6462165558246851,0.7180395731712963,0.7661541145898663,0.7626557884900509,0.7449447563226312,0.766182030888791,0.7685312498815738,0.753071310995352
0.1553343297049176,0.3616587009398468,0.3752230735160957,0.649556211805199,0.7357516865538619,0.7793470180674034,0.7194904725318377,0.7579497873954142,0.7780658733067323,0.7255414209412586,0.7645463826155325
0.1556733616017245,0.4003908545234103,0.4268370839840982,0.6784678168463253,0.7426875399685205,0.779816962991952,0.7643782942625611,0.7416481048505903,0.7598779589678291,0.773148222649092,0.7764552649040578
0.1359373538139256,0.3505820596050422,0.4866357742690548,0.6997456904486543,0.6983417866557176,0.7375325739145291,0.767507939860448,0.7729212020265268,0.7627718962407631,0.7594245805367473,0.7501530985739884
0.127519883784016,0.3115576475603056,0.4260241100181818,0.7266657583517269,0.7285291654388089,0.7677626233527416,0.7285503128410276,0.7450972673372943,0.7979342023355767,0.7450883813735737,0.6864013175011707
0.1472670553953545,0.359684182471456,0.4522215514554188,0.7480882971886801,0.7589962938307133,0.7723684611409607,0.7562840757963131,0.7036183133866373,0.8004785268928893,0.7556312238703782,0.704068112524507
0.1691727759593359,0.3722499216249036,0.48388323949092,0.6677218624923775,0.7674998838161716,0.7731597283369691,0.7876017251321152,0.7273872580747963,0.8111868932024178,0.7680032812322222,0.704319719748332
0.1296029155711128,0.377089631733158,0.4900148145919981,0.660699939306282,0.7446195212424328,0.7929066583059876,0.7773910197363778,0.7351033137546717,0.7432993570644725,0.760499501300983,0.7403655742164265
0.1137277090424999,0.374113500190495,0.4328700177316569,0.6834748304324271,0.7436291930008905,0.7887792899876893,0.7790808153881972,0.7485377759506451,0.7433756949491042,0.7647874249475016,0.7606770860240639
0.1386333817453527,0.4055791222874768,0.4773402261113096,0.7301623580883226,0.7520432134764974,0.750374967364307,0.7823056852093853,0.7673428364193227,0.7674055490353018,0.7084734938919205,0.7842188407670566
0.1491682475894407,0.434650064477709,0.5211936129435143,0.7404289167655788,0.7734856286569352,0.7028452597128959,0.7609247323909957,0.7524789248438479,0.7686428367478051,0.7394570848161618,0.7623890038376523
0.1585492633250965,0.4034557358631437,0.5260854721327644,0.7748935711502334,0.7789003538006107,0.715242562887688,0.6878551007458926,0.7588807482673288,0.7578001318801161,0.762418732823502,0.7828719320901949
0.1803184730717488,0.4280737162626024,0.4830861155487769,0.7093700983601025,0.7577074528705765,0.7605922741505894,0.7443574043308532,0.7690750651189909,0.7720309912084972,0.769302960794341,0.7394351648573619
0.1748255718332469,0.4333091991917571,0.4898802521772747,0.7285767751173214,0.7407820277270174,0.7396367291713164,0.746504942952974,0.7417966978206668,0.77908304449737,0.7611415183586107,0.7396546333755193
0.1955494713646538,0.4620135353249005,0.4141599049351707,0.7325621412662466,0.7739143414181413,0.7170407042600285,0.7707327165743776,0.7859685730252215,0.7964050909847226,0.7592081341856429,0.7665881618322241
0.2088825956250054,0.4820778110890149,0.4268047921136192,0.7025817822955346,0.7392840757557547,0.6797819394836985,0.7858684415890587,0.7095123897773241,0.7710378036835043,0.7214320179916558,0.7429970351406711
0.2213532538811913,0.5006596526670594,0.4407558021690458,0.7405600620814878,0.7515552890043349,0.7126385218795062,0.7802189497316638,0.7383645768975016,0.7758271415767891,0.741673706831923,0.759628187233952
0.1990156605402047,0.5068337378059047,0.4189810916899744,0.7651644938255299,0.7384555313533957,0.745470958507461,0.7468348237093895,0.7159171046843181,0.7638991126586624,0.7540538155497791,0.7623858043139982
0.2230337790306517,0.5246072710137217,0.4312301280261577,0.6521465758709066,0.7479918647362298,0.7468923613520404,0.6829313392135277,0.7625666035576283,0.7827415881535202,0.7612354114153789,0.7477600806844962
0.2165367654217913,0.5235044487878392,0.435601858328394,0.6498694769969446,0.7378262505771089,0.7420843292802136,0.7238050198388111,0.7513698850922795,0.7853633905254667,0.7663500870564561,0.7062581477126155
0.2206047151358087,0.5444404351098444,0.4537637860712348,0.6839154392844328,0.7532817124526542,0.7423610561167648,0.7405612072746932,0.7800535880778836,0.7922608604713313,0.8093548849677844,0.7462340762038635
0.226904617402278,0.5713859259744134,0.495603212665602,0.7216918850641063,0.7710723970469339,0.7535552736368205,0.7485903853575697,0.7783326840107178,0.8019298729498148,0.7668164014743674,0.7521158560107502
0.2154673154487856,0.5537188318415368,0.5886590673400145,0.6762125151071042,0.7077890228701003,0.7668340078058145,0.7191087657132013,0.7218477457175695,0.812345611369454,0.7642466751682955,0.7778192667288488
0.2402550778390965,0.4985434114607857,0.5169075207120604,0.6525952744660388,0.7225013268047166,0.7355970896667848,0.7414483526728436,0.763363483680622,0.7998004106228653,0.7422540453702063,0.7856140278429976
0.2022231713675948,0.5533754550263499,0.5714744001059189,0.6927392447672694,0.74801722390333,0.7292912422805987,0.7658046699786877,0.7437315442901131,0.8036748149312489,0.7248274803877344,0.7860670698633222
0.2290420591096381,0.5697443343770987,0.6444401599067311,0.6781847012069535,0.7620455901903808,0.7511960793322052,0.7845699121618108,0.7333255603229821,0.7516878330576212,0.7400289485861978,0.747159745397371
0.2119711708703954,0.5743539350265332,0.6494349727511508,0.716471242023872,0.7928251681352001,0.7307283608008349,0.7599282940583385,0.7479920717648535,0.7676815724987405,0.7549759633811279,0.7763642086875389
0.2690457894504963,0.6359843514435349,0.6392515668695032,0.742135342703415,0.738535822765387,0.7588669267942878,0.7545316038692392,0.7747569745779417,0.7898662528141671,0.76109147399927,0.781964577566638
0.2652419093680751,0.6606055934558568,0.5639187619102659,0.7851724493336809,0.69557478965897,0.7752297344111967,0.7752906645914881,0.7958775068533188,0.7298153432776717,0.7244661986900136,0.746906415358379
0.248803535296545,0.6403475607648514,0.5686988797310684,0.6867107445582299,0.7192806217677987,0.7251275253653188,0.7131311564152161,0.7606806060010397,0.7587057499007234,0.729706429955981,0.7650161810474132
0.2412073235043647,0.5722786718369985,0.6283052234423829,0.72987538672261,0.7440242978788472,0.7626591440994331,0.7588355399224166,0.7677451007328022,0.7760724056468589,0.7014157607479493,0.7791590041362679
0.2227478948071,0.6334244166622768,0.632073002161712,0.7488416432362572,0.7641340232494556,0.7752088632597188,0.7718765777355752,0.7661174284209676,0.7734683411477525,0.7795924025699044,0.7574727646118219
0.193850030592691,0.5315660033327716,0.5615193239049696,0.6602574331023454,0.7643338586684532,0.766493176244959,0.7271836822310127,0.772104668996662,0.8024671550478741,0.7843736867077191,0.7730874905725866
0.2009165195990574,0.516093003429677,0.5275024318374635,0.6513794143401378,0.7779059988238588,0.7592537006577089,0.6582128823833615,0.6774226809895653,0.7780003988969848,0.6920741107449219,0.7675753490750629
0.2114954668955987,0.5376848104563162,0.588971641664914,0.6965873300199361,0.7925381821137679,0.7418721908348865,0.7088088461847066,0.7014457526301139,0.7879561097705154,0.7311196818349901,0.7705535970702404
0.215692303037902,0.5863258144225765,0.6112154047488625,0.720818954663448,0.7871571417995168,0.752827669282918,0.7289403000191865,0.7395905049039133,0.7819046450407682,0.7560465001421777,0.7351863463399239
0.2138108921875061,0.5213098840690725,0.5438053312404639,0.5968949720466229,0.7388558472190448,0.7725034859387927,0.7581271128446541,0.7633948635716536,0.7582678694228006,0.7749716421583526,0.7404618296455314
0.2290487978864939,0.553778410208138,0.5867442779861471,0.6556222851015269,0.7589775203006961,0.753981691761225,0.7092312013645952,0.735088538603915,0.7599952389699509,0.793549956943251,0.751753035633391
0.2197097647520867,0.6151880683736151,0.5535121169550599,0.687185188176751,0.7586266154582328,0.772403888724384,0.7387997826189052,0.7205184837407628,0.7805470389549316,0.7723856769610212,0.7068985094185577
0.2286662529544629,0.5901904347639393,0.4506258586527645,0.5214973578784394,0.604942448445404,0.7459886495733137,0.6889076797020527,0.7378836694066646,0.7817638041210384,0.7820668975072915,0.7333707078951481
0.2181172768781683,0.5887329467841166,0.5792342771612455,0.5976246695489376,0.7119762086007075,0.7491894723522767,0.6986628243471344,0.7703715554336948,0.7401434186618093,0.7637938321584369,0.7717883441297881
0.2313918529183268,0.6183980797186457,0.6065780226251558,0.6546142193370315,0.7159051738851381,0.7742879703622334,0.7177474133392474,0.7155095705434432,0.7676968972723592,0.7663663706380976,0.7700945162597135
0.186580125233964,0.5947238775593907,0.59533576797466,0.6907703493020139,0.7368692582359396,0.7462617447464716,0.7146969192664024,0.7246078476465836,0.7853051211603762,0.7838051553015237,0.7796177060395797
0.2046867497129177,0.5149995233820227,0.600908828800369,0.7179483472426533,0.7189200761817913,0.7557162605045051,0.7320906752883112,0.7311547522333258,0.773265827192496,0.7009786068427554,0.7799335620685288
0.2063105466919192,0.5665231265450033,0.4509032777019032,0.7371716182976549,0.7468918059406394,0.7763528884627148,0.741202262529445,0.7436799891476231,0.7729686639078496,0.738932857771605,0.7797263631994579
0.1916317459997629,0.4664726057701787,0.4370902646571752,0.6373230515338273,0.6617353427130546,0.7419583835991561,0.7637730285207021,0.7678441790746943,0.7900519462881053,0.7528303312880896,0.7550612728785266
0.1974688143093324,0.534988708251489,0.4740645284574962,0.6535455557891519,0.7106289915714473,0.7474636662312497,0.7002245757271915,0.7735667160208595,0.7369817835647035,0.7660569020003338,0.766838054747228
0.2137480477805829,0.5679591383528728,0.4758608275140287,0.653713090397958,0.7341868989955936,0.7151388224071513,0.7393576382199584,0.7668489999135165,0.757967074160929,0.7205807293836836,0.8016960112874643
0.2274251799638985,0.6201295086688735,0.5826621256898138,0.6922980485452828,0.7637275603653485,0.7607211093309338,0.7496079697871899,0.6728907577715297,0.7940797828281115,0.7476256576570302,0.7863555182424526
0.2493620921723194,0.6280757220651738,0.526051431401916,0.666351222270018,0.6792813526943079,0.7653365583549931,0.6956448771120638,0.7313237896520576,0.7983194363270545,0.7192112801542789,0.7949958519576813
0.1887686338877862,0.5065087216600265,0.3783900159834682,0.6443726852829101,0.7022956421246683,0.7615136738563512,0.7315170449834707,0.7581639779009679,0.7016336933250829,0.7478234747821092,0.7396560187989198
0.1661675739893799,0.5255427660566687,0.3934459324440263,0.6482457332732183,0.725376055183552,0.7537871177238966,0.7722880061613842,0.7348362978981349,0.6697563951800751,0.7375759020480502,0.7371322361780382
0.2319501108950413,0.6073437114976155,0.5051409869404427,0.6888262386558963,0.7400229520700274,0.76911765319046,0.7806734021199533,0.761708608761172,0.7437691810073874,0.7577601072553264,0.7811657670997151
0.2647840774222476,0.6239581892447776,0.5161545717387035,0.7060395141014872,0.7689206295826094,0.7225486335315027,0.7908049771825911,0.7353882698118039,0.7846494850710612,0.7363147126144112,0.7258274935572414
0.2560282466021596,0.5617980338104286,0.5199084299646133,0.6688994773702491,0.6774274835180564,0.7355378502912413,0.7528594965024382,0.7504898627906458,0.8008428405229239,0.730203147384558,0.7520461652342898
0.206760168554802,0.5842844109779889,0.5401894483798444,0.6008799483553116,0.7217538450602179,0.7050098909074513,0.7555776066611525,0.6956253581507127,0.7819075778230097,0.7355236350174695,0.7855770628815151
0.2146633736101403,0.555748600278043,0.577771534767104,0.6292421501537933,0.6732247228558436,0.7369794267879117,0.7217136535247825,0.744281824502451,0.7810024628168083,0.7682535851540064,0.7872157018021037
0.2458175227955603,0.6216424317190236,0.5812925045968024,0.6306966299403147,0.7119236168085332,0.7541311423547709,0.7315268300125384,0.754698577506927,0.7854440561631649,0.7729839293517201,0.8090321331944264
0.1847147988198381,0.5406017053753428,0.538290245873291,0.6140315121054194,0.7509655440807752,0.7532931611635397,0.7587750337637631,0.6341312732562714,0.8017505174639945,0.718942550250539,0.7741912601981723
0.2018190925171452,0.5979395239419545,0.5519397613896384,0.6361851983578555,0.6993734063707021,0.7585315251784521,0.7772252950286043,0.6947312089181359,0.8044575502529027,0.7321484585084823,0.7582816134984048
0.2471845991324499,0.6233892028742927,0.602000677913775,0.6565255079693355,0.7242232026307129,0.767312010078881,0.7276198199215618,0.7375408461130898,0.7471370842921119,0.7378624951202173,0.7556196998262601
0.2263072763426365,0.6624116332786067,0.6408443260070741,0.6792915102599492,0.769904317374403,0.7540397523516615,0.743497504975583,0.690027676410766,0.7669229889122591,0.7428646823622241,0.7211151969666514
0.2852497829593556,0.6960161499607058,0.7037612354877725,0.7009798795452142,0.7103050441263974,0.7522969151698233,0.7227191251242514,0.7261343477405315,0.7642416850965343,0.7397081389282831,0.740725908013419
0.254534428055976,0.7024230311382641,0.7156096214670917,0.7205522769505994,0.736342067926975,0.747488726440157,0.7418068806259985,0.6964106527486885,0.7484923959699786,0.770768639389293,0.7584410115013929
0.289611403974144,0.6627445012784916,0.6210970879436005,0.7408782144414333,0.7546872261848339,0.7488563683274025,0.710230332452148,0.7044369009614724,0.7073372671223263,0.7424180400088685,0.7822778271652462
0.2727186965381287,0.6512840677418662,0.6363988298773716,0.7334643687356935,0.7650317822918346,0.7722117203662597,0.7353921994431075,0.7293286888482178,0.730922428182045,0.781358303892967,0.7558749993490377
0.3010251744929013,0.6627018617269412,0.6323612964615148,0.6918994322137901,0.7752612211832763,0.7521985980616728,0.7257108794780734,0.7599690564727466,0.7375240905614695,0.7737778582379963,0.7695462371512913
0.2601148349406001,0.6775145318318374,0.7002217510774635,0.7371077894165743,0.7832168410948255,0.775769135038907,0.7356260580591567,0.7619475732508817,0.7256863936983923,0.7755926849703506,0.7761451677749989
0.2765132840234288,0.7132526858235628,0.5548775888712306,0.7609808087959885,0.7230892834643852,0.7770011947643609,0.6978235001682283,0.7662368492427594,0.7562455466443057,0.7414707440800246,0.7456387302987446
0.2886392343409651,0.7085101737133584,0.6370171228291924,0.7069006670452096,0.7511955272417685,0.7818669887265675,0.7184136823502448,0.7662744090621961,0.7512099557047394,0.7593730194890653,0.7513741309077462
0.2896229882343859,0.6583776781549725,0.6813196051005774,0.7579878583948086,0.7723870397730054,0.7884917334865346,0.7300561314644323,0.7583270945390663,0.7600134580962765,0.762950044516621,0.7672527581064097
0.2591250777910676,0.7001350064380323,0.7055953240145868,0.7967593332396883,0.7469439825952787,0.797832354335311,0.7245617431501405,0.7731643245547875,0.7747944893936154,0.7885393259373619,0.7507029028219413
0.2327992960446523,0.6853867035615578,0.6432689077432141,0.8018711164134079,0.7517970044812958,0.7532837200852319,0.7169378820432704,0.7891041145188965,0.7872205073351629,0.7415803927095367,0.7640519740874387
0.2430187140103806,0.6842444277648516,0.6934592814869628,0.7584473258055644,0.7666691076654952,0.7308712994139899,0.7710287690960991,0.713884862763936,0.8123998244020743,0.7594492356972895,0.7968167581952521
0.1759218029807793,0.613275840829348,0.6865607260016953,0.7201658322744137,0.7772784312374248,0.7575359491860594,0.7873329641856547,0.7734781795064225,0.7761130542769744,0.7000809262320398,0.7702239600703282
0.1955205307300493,0.4877073165660582,0.468647721320756,0.7022441048286436,0.7546146860278524,0.7179565797684556,0.7753513812770292,0.7663318116452196,0.7869197346836452,0.7265129458958266,0.7756256306017779
0.2016883388926112,0.5262617374013701,0.5815073909144184,0.7642889435548175,0.7499890180032192,0.7439484994990222,0.7922699311618349,0.7358543608206538,0.7589665118397156,0.7572273458307333,0.7889184198657723
0.2169081492897933,0.6254759733121298,0.6002378394249448,0.6812961604152474,0.7256607276958341,0.773390336446345,0.7616174293501378,0.7225204179702918,0.7202551537065445,0.7681081967944787,0.7916108474716983
0.2335026559898392,0.6294489279480489,0.6437508705465608,0.7314728069965378,0.7649688711369537,0.7594793919170119,0.7670632697861078,0.7481765646395987,0.7404164210418704,0.7842134938997428,0.7130371467883955
0.255507419046019,0.6865739766448452,0.6381296078517454,0.7461549451050652,0.6264516875347669,0.7615406615408825,0.7868899237192246,0.7259694805421134,0.759123426484082,0.7653886142273683,0.7262384469611634
