Mode_0,Mode_1,Mode_2,Mode_3,Mode_4,Mode_5,Mode_6,Mode_7,Mode_8,Mode_9,Mode_10
1.0,1.0,1.0,1.0,1.0,1.0,1.0,1.0,1.0,1.0,1.0
0.2720261542102337,0.7583461215981714,0.7504216300311372,0.722909502354818,0.7650717799638902,0.7332452974321292,0.7156920183665778,0.7258064906540984,0.7392726699551871,0.7587805730584577,0.7913947486852307
0.2636898737630976,0.7393445494546559,0.8342167332464264,0.6944586544623343,0.786750986206179,0.7742498567551811,0.7013687082362855,0.7523187320792795,0.7649012254399271,0.7290529434592768,0.7873020400340472
0.2693364147530506,0.7977755873468009,0.8343933884238505,0.7910361906504806,0.718233486841488,0.7428921377987406,0.7766896789174573,0.8180751660046068,0.8011235645842508,0.8381550361774186,0.8128592734051021
0.2526969848584249,0.7132102917916501,0.7108830194627841,0.7210645321010051,0.7768133053014927,0.7198128189803918,0.7767136483597346,0.8245051614790309,0.7700887687647577,0.7347482834256539,0.7743524787810594
0.2875814910718673,0.6896834024576626,0.7816609198070009,0.7682700858307974,0.769031069271695,0.7547773975606745,0.7809147797350942,0.8037361653649545,0.7416955912529859,0.7944296844405567,0.7858102041067633
0.3058629340136489,0.6305877718295545,0.7985235298560662,0.7055263605304545,0.7303140970672006,0.6972207052225479,0.7616739830464603,0.7712410060273804,0.7781430331405359,0.7661151317571432,0.718421731930488
0.2669825254897163,0.758754718153505,0.7466175604543976,0.7230464865161277,0.7098610356380355,0.6991209928325729,0.7927943433525017,0.7974370207244579,0.7955328461810016,0.7638302700910713,0.7410030865700857
0.2737177704551004,0.6853299600372367,0.7330433801409291,0.7922354050039501,0.6519263111290658,0.7161492744325816,0.8077595511055887,0.7788668477088654,0.7839526403647629,0.8156926152855961,0.7683556188431153
0.2000339786794253,0.7825781879296309,0.7334601611947579,0.6416114936481185,0.6945017693406875,0.7809402276364792,0.7934176880679884,0.7954200845677535,0.833178247319543,0.7401974683314183,0.8288285676607777
0.2521837566090221,0.6705111381958562,0.6999546664396294,0.7467893243357008,0.7343801029315742,0.7710645789999064,0.752864359191147,0.7479258623928918,0.7675226906153224,0.7804321500832744,0.7294888814528127
0.2609614794837637,0.7130104713069498,0.6401933212383117,0.7226365483334424,0.7415458067882477,0.7465648605529919,0.7099676805833945,0.7839641830335868,0.8075394611977383,0.7320750183556821,0.7985518174153926
0.2697186731478348,0.6948208356970933,0.6679802295089722,0.7574015294623455,0.7585292197777066,0.7295885720450689,0.7450146121693383,0.7997283922006563,0.8135956350270476,0.740081683697642,0.802438684858382
0.267621781851506,0.6494010884986542,0.7272543297479943,0.693169033210696,0.7123201461113917,0.7523735913245568,0.7212593601450455,0.8023869188840529,0.7477021255077473,0.758177830425841,0.8027305006526029
0.2522960255364136,0.6271480117646506,0.7607741905885577,0.7128242039354431,0.7372374744242809,0.7489609593657238,0.7551307720742929,0.8203767873838808,0.756287763925588,0.768759096145925,0.7664652307920419
0.2584993211617034,0.6264392855979483,0.7011233660801459,0.7682569074180579,0.7523647269960455,0.7426931144641791,0.7813605707056239,0.7995090896505158,0.7731304692795304,0.7379296213191591,0.7880761580486382
0.2681150578045155,0.7020851734739428,0.730706868752514,0.7342596958433592,0.6805110510186221,0.6998308825127538,0.7809326349231841,0.7844938771644332,0.7533912884479131,0.714500462148118,0.7873331242787939
0.2408763327943898,0.7248311418988374,0.7426167474911076,0.7022232809925342,0.6969360377719171,0.7465636093453787,0.7864239000642516,0.8016925145614704,0.7750719425415713,0.7518564768919411,0.8005885629301782
0.2616767263822243,0.7447865983523315,0.7590166037100197,0.7554562580546273,0.6593345114912539,0.7562190083218527,0.7361326885008636,0.7604174973079154,0.7541175366554717,0.7216632451646546,0.7657119159833196
0.2726845723310711,0.6616328921423335,0.7915497950962134,0.7380738543629469,0.6941396151398682,0.7527108452728353,0.7735035124714628,0.7621838718492719,0.7365011498239692,0.7237960462232615,0.7302229641817977
0.2811558483875708,0.6562199557521093,0.7669798710635161,0.7340103704010185,0.7096647126591936,0.7748966940597121,0.7243806667801499,0.7801099319830342,0.7634886747553173,0.7592322254642949,0.7366763585043473
0.2571024361455396,0.6938937262384579,0.7479587020746565,0.7332973663284456,0.7168532215534031,0.7567440568950025,0.7544048673044039,0.7613433076308987,0.7613636849799746,0.7404836494525077,0.7428677553610861
0.2775921086126521,0.6850510722504899,0.7705231623273292,0.7132469027528577,0.6874958118365666,0.774027831181991,0.7794417870028929,0.7654912966603993,0.7419390759711887,0.7543296353360442,0.7169089314685975
0.3046314733197548,0.718391491714101,0.7377652179398837,0.7272085554969399,0.7119545385239365,0.7598006852617679,0.769104983116184,0.7678964143620433,0.726065507534187,0.7494645079395664,0.7719140030168725
0.2659634537440699,0.6276773168015941,0.6691480643448575,0.7442914468673603,0.5748687314993901,0.6993244497117082,0.7617721055795023,0.784027812433993,0.7245252613123772,0.7740282225572745,0.7989045046635739
0.2684735014730704,0.7098629799798203,0.693861947286794,0.7108569958281856,0.6420077152406231,0.7304229738924606,0.7115990023236679,0.7769234987054067,0.7800664735739478,0.7782431529123368,0.8052851676831886
0.2719530551109271,0.635818047734201,0.7549175370224543,0.7034512872365337,0.6958202305855836,0.7397979540399418,0.6545934879093378,0.8045934024860871,0.7733092988750294,0.7051372393001273,0.7950988011229143
0.258980184575763,0.6672780339941808,0.7299249926426448,0.7262807477164123,0.7223268597988673,0.7905484724267398,0.6886887834151247,0.7753457128972883,0.7815846240131199,0.7331346841936693,0.7803405053635588
0.2811089254327412,0.6869898135437533,0.778987287288637,0.7643527339705807,0.74193227717651,0.7691213597535019,0.7119228756059786,0.7699844955797883,0.7630493270497052,0.7288752835208521,0.7767149075435861
0.2941587276354033,0.732655965715887,0.7775642774850512,0.7072729354005343,0.7055300334760466,0.7404088082205972,0.7334071008643489,0.7812250688523144,0.7846878923724286,0.743215085918755,0.7381413658528311
0.262041994453325,0.6677721512650457,0.7003096182338643,0.7113973602855621,0.7407443146062028,0.7909533347326851,0.7895481017491219,0.765539942423083,0.7646930027259129,0.7597806170836148,0.7500112917050062
0.2924011773272925,0.7050835878986434,0.7029411335315167,0.6702296650662468,0.7138737200110121,0.7309006020161998,0.7172506112825183,0.7547017486379274,0.7717042841016324,0.7584683989606388,0.7265671624937283
0.3052036314787467,0.7170119034175368,0.7180959768567701,0.6756615141008034,0.7176527529653836,0.7412815508701797,0.7189448993414316,0.7651502454372155,0.7931459525588503,0.7961292999715618,0.7294556779414587
0.3138983674673316,0.6459744844987301,0.7024920170460267,0.6924165299558838,0.695268307459237,0.7473474513568179,0.728019520625969,0.7819547249957088,0.8157502747634955,0.7923210445404503,0.7543560025058187
0.3118933547779073,0.6944198784409474,0.6782139433583914,0.6410644403560962,0.6915504678935301,0.7053057442630736,0.7563358318463349,0.7877946295283649,0.7640829627240857,0.752478879042816,0.791658608729876
0.2728362489995685,0.7308838466957364,0.7722815199260589,0.6919705014381052,0.686110381533458,0.743847743425719,0.7895652538017113,0.8039034741073212,0.7628974366817877,0.7535365646149009,0.7579880538023785
0.3093571504963818,0.7262827048689894,0.7589650567120639,0.7024932789721271,0.7164063028926266,0.7704736564416405,0.7951464002943816,0.7925490154673519,0.7699332365022066,0.7375278998251331,0.7607510371317117
0.3012220225442447,0.7030488088735514,0.7848659057941418,0.710938201395012,0.7635882894446986,0.7652634669594861,0.7335924560166344,0.7764298719920182,0.7741208920706255,0.6961023040402505,0.7828971884368614
0.3172943589292642,0.7313251584097218,0.7066431332691255,0.7035849633020241,0.6939161576361406,0.7427043956163394,0.684772349432361,0.7949237584763003,0.7910355934866267,0.7129803012550887,0.7878626720816462
0.2319039789438467,0.7379167368721682,0.7196329100136598,0.7119926476116399,0.7147585408049318,0.7507471857333865,0.7133449669006138,0.7694497989819968,0.7378546250830327,0.7033848996940774,0.7574910881145718
0.239640750274355,0.7379682784312326,0.726028574860165,0.7126367910835694,0.7225130831187058,0.7665995967386909,0.736061876189541,0.7770656697626344,0.7726624849765191,0.7094951066939645,0.7504605038039144
0.2774604355382868,0.7455464628309852,0.72911794821988,0.7475559866146508,0.7192423598835083,0.7420035991046954,0.7416222454557038,0.7899679011335567,0.7787215574194445,0.724133945328783,0.7699252822977831
0.2370394404821008,0.7457813890469926,0.7316788602819704,0.7639503304343835,0.7277384028699079,0.7158265022827488,0.7407624404985388,0.8014123627640553,0.7894372799549845,0.7126601006506823,0.7506860080286836
0.2589294370954684,0.7139789150120159,0.7095592602719331,0.6921614684867557,0.7312457173814473,0.7404927715260062,0.7527792810284768,0.8115394306604995,0.7452957396293718,0.7268345788902315,0.7656789125308849
0.279280073744895,0.7301097228517945,0.7648125010556205,0.6719753994528461,0.7195667686959043,0.7422450382157542,0.7113497107467512,0.7645330327342579,0.7737987950536713,0.7490787575259978,0.7880939921189314
0.2804700969520723,0.649091822138015,0.7700785880269797,0.7059198377939151,0.7380845691840494,0.7574992812151129,0.739598448847588,0.787932991754053,0.7493019073706917,0.7617501712469428,0.7019040597882248
0.2728769227882677,0.6280194943215278,0.6921524114836014,0.7281729389754935,0.6825556672822062,0.7643580728161039,0.7451470269100059,0.7476296087670364,0.7691700090071139,0.7781448185769462,0.7266891118948442
0.2728212730750879,0.657424287312647,0.7316088988460998,0.6648885121649776,0.7006389298028579,0.715866165511642,0.7250766649226318,0.7531707070900275,0.7793585223758497,0.7548272267031619,0.7390523339871395
0.2769391559686972,0.6668355528684817,0.6858133399575204,0.6821226222421395,0.7114546399986319,0.7350951554989349,0.7496290734867715,0.6881728669915637,0.7849667820949398,0.7538427013693637,0.7518656296324291
0.2976856308894686,0.6966888018969994,0.7194417699696268,0.6955469927468996,0.694598279167089,0.7294363054911637,0.7441895918287801,0.7652640154374448,0.8093477848615005,0.753963760604192,0.7966873558715157
0.2360490420536668,0.7426889127869234,0.6882554038825799,0.7020775412557837,0.6809666630207551,0.7545009126370219,0.7624121704128368,0.7904736480214689,0.7942633406683682,0.7750875241250601,0.7588126221795558
0.2372510019131252,0.649771393606404,0.6976023084087444,0.6875651250863037,0.6932030129321161,0.7663721136174102,0.7418293929636214,0.7920256149460339,0.7832635622590515,0.7370411565304851,0.7465943364337476
0.2705347359880561,0.7055986038804568,0.7062769406756594,0.6907141824859315,0.7037719795767531,0.7542816487613253,0.7533293100583835,0.7862535618148541,0.7561777444125217,0.7472323947842461,0.7725954753582248
0.2813842912401061,0.6908438871031964,0.744272484622347,0.6768609644291431,0.7249937827417213,0.7335219274529098,0.7471628089707576,0.7983227780897206,0.750779676115857,0.7491553048012142,0.780333056465428
0.2891023635514047,0.7318577983621513,0.7441160362537189,0.6928614127422448,0.731893184201333,0.7375719750610028,0.7459257239605943,0.7814923678542502,0.7855381604660057,0.7564270429951946,0.7731250482315266
0.2855587231655788,0.7389627505372294,0.7596611378903875,0.7041552800315884,0.7267199654386491,0.7581020736370162,0.67914764311311,0.7949107519492951,0.7398973712197152,0.7655317770259078,0.7368142412739513
0.2881667671177194,0.6766980751410558,0.7349502595993018,0.7061415898459233,0.7022691795662133,0.7046629970261489,0.7032586965189876,0.7307114399077419,0.7692094475800006,0.7802824370440214,0.7643104333734381
0.302643462503374,0.6454013543923173,0.77358027313009,0.6876864839698179,0.7035462605464147,0.7271764185179238,0.7313840797633135,0.7684995071119227,0.7840730245010502,0.7882015672272165,0.7878447689836818
0.3033027404883138,0.7067696505547513,0.7804219886679951,0.6908104284056945,0.7056008669745768,0.6960999743632207,0.7584585940163715,0.7827351427769927,0.8180498395578083,0.7315395023878742,0.7526757692582913
0.3199127537634831,0.7235198417461904,0.795353613325504,0.6109266658597169,0.7259063441494051,0.7232790879228089,0.7395523882375553,0.7353367123769567,0.7859749165042799,0.7231120828577924,0.7811365045932399
0.2784139756289818,0.6788017255333347,0.7432191356649445,0.6533189846891441,0.7379129879404419,0.7455895879510388,0.7526017530194526,0.771326361864958,0.7323655675329338,0.7367589454901218,0.7760888421320088
0.2694809703747967,0.6176091091559094,0.7619466964543361,0.6632366432337906,0.7428847167413996,0.7472138638958736,0.758941253308837,0.7674464266590427,0.7126200165334041,0.7128742790617616,0.8054415131473273
0.2680858281503449,0.6723337304919456,0.7981358427159904,0.7022668967539863,0.771904531681926,0.7284333504996402,0.7525817563860635,0.714352489574282,0.7351018869474684,0.7773121957069405,0.7214637161632518
0.2693882843269761,0.6860754668501196,0.6445403523068317,0.7162563745039926,0.7777498422449862,0.7298581625343927,0.7157274077947015,0.73172966709342,0.7558404150567561,0.7894978120946494,0.7623378900913875
0.2897336412770371,0.7278922631589302,0.7062712494108503,0.7059127489996796,0.7239301579356711,0.7717215295455295,0.731891120925719,0.7928254706597608,0.742057370285707,0.7824275171153096,0.7629397165798817
0.2448511295971199,0.7317897849450077,0.7290165783252087,0.6906879634600666,0.7133131690099983,0.7390730734957135,0.7670208870770875,0.8051312796057488,0.78735689817119,0.7707772117900396,0.7865118389456907
0.277596014592479,0.7141490534863345,0.7544024274503294,0.6831757979860571,0.7292702421750075,0.7538021277159281,0.7924090165019766,0.8161526858657595,0.7862256700691809,0.7899654146004794,0.793900031348207
0.2456608710669093,0.7154732367119101,0.7738107304616899,0.708058836565155,0.7359899586807359,0.7648466757864144,0.6911525310549794,0.7709358854864161,0.7832389454131559,0.7894267881818502,0.765658000899835
0.258637092330319,0.7383444978601005,0.7410158776317477,0.6592332919240298,0.7079259038563055,0.6878622097278199,0.7317883463166146,0.7631317785190564,0.8041413090021421,0.7345297349948703,0.7449220788830118
0.2592821195360081,0.7390594131923508,0.7602735716390487,0.7000553433840091,0.7253114738265717,0.7293596873357688,0.7503062910112592,0.7478703328964103,0.8236019771250436,0.774591806860822,0.774134536040824
0.2477886495475544,0.7216669597968126,0.7959603357452694,0.6749391779260904,0.6936876496078321,0.7493001967397319,0.7641939796263344,0.7716262404068546,0.7704926478402925,0.7507002432603376,0.7540686858351621
0.2733709587238692,0.7548436764360593,0.7772276203238457,0.7084410108324508,0.7168705633112644,0.7169825034320133,0.7827436171326625,0.8014837788362877,0.7647431486264642,0.7674528768784394,0.7757573743950639
0.2948498955997343,0.7354070653160911,0.747505621247475,0.7169670046336053,0.7526443912421583,0.6944145696069268,0.7341553597681806,0.7176289278703691,0.7720500435306779,0.7950993863223887,0.7760368336273804
0.2565071511637045,0.6712781515872803,0.7031204748944584,0.6786935218900895,0.7629491717470718,0.722041607312685,0.7345157680281099,0.7556578493203313,0.788652281382695,0.7871954596929154,0.7893086120007586
0.2700080130983997,0.6638847523929494,0.7838575156511708,0.708445932680502,0.7426489321813278,0.7175827015889884,0.7406768101932781,0.7803470734575189,0.797164727142752,0.7460400663756953,0.7521384396865354
0.2759512925949794,0.7269751068873277,0.7000471420815186,0.6777080310092034,0.7014889563408572,0.7565417525247258,0.7099431361627073,0.7982670589889267,0.7650073416276078,0.7453117985757274,0.7526088587206539
0.2341267017168858,0.7170367184323141,0.685724613529786,0.6813449687095818,0.7099584420932622,0.7756934787991406,0.7372574383530754,0.6716467458828601,0.7608228878701427,0.7777414198973251,0.7791199501175481
0.2589210923465434,0.7085561261277536,0.757452056481047,0.680712352321492,0.6812993436030144,0.730173145325593,0.7482996927052166,0.6932832899220699,0.791094983115926,0.7825671461221997,0.7829932461437624
0.3081482412125204,0.6381382899116735,0.7931053422495631,0.6851258428354775,0.7148763738238781,0.736577722590291,0.7746664002982495,0.7349597843815232,0.7875902643589713,0.7851035327257001,0.771602898496846
0.2369767852672553,0.656699311095037,0.7256970961319492,0.6202237333084187,0.7375343280174849,0.7122962465778483,0.63970345729051,0.7517665643539667,0.7734334670372531,0.7877750466370499,0.740922862507021
0.2453995281069836,0.6661688222619746,0.7309209920281516,0.6438431759377634,0.7307377331025132,0.6553397243977251,0.7106053357095261,0.7688477191940797,0.7601711678775378,0.7501117609787632,0.7662949068167695
0.2610885217247818,0.7311390988001865,0.7692745887674168,0.6877766848123874,0.6537248661653372,0.72265887137882,0.7506783574330446,0.7868910467118706,0.7845365319585553,0.7657636993589566,0.7709378513747898
0.2804612924140542,0.6899939132977337,0.7771184081029179,0.69804869279742,0.6809672712427917,0.7450229938010179,0.7423723010355546,0.7257014562519456,0.7957493830647219,0.7666857517467187,0.775319156249832
0.2519985124043917,0.6504842303590905,0.741830797809338,0.6961447382480722,0.6954373219970327,0.7424926037422761,0.752568237399287,0.769500367760543,0.766093622356494,0.7866798692133469,0.7908341930358247
0.2646505555752678,0.6926416319151357,0.7480446039546762,0.6014599792443452,0.7219419377358358,0.6999566859017275,0.7383219038022463,0.7350791198169393,0.7376940717632753,0.7560461797217177,0.7298652972496784
0.2348502739400291,0.6903463877358261,0.6890349953530835,0.6612115859993017,0.7231596891692871,0.7118706564849944,0.6915215749013814,0.7831902250660328,0.75535614171811,0.7666003804967276,0.7646385783666392
0.2620894837438693,0.6967804933007943,0.699938536584367,0.6734751855190526,0.7032356555130964,0.7418834067381668,0.7544441773225411,0.795668012775942,0.7744494238448474,0.6992300981023836,0.7413960240819344
0.2472456791958871,0.7204334582066239,0.7444190422947131,0.7039425415602028,0.7294772525302651,0.7625955898379417,0.7493200597877652,0.7224412948825708,0.729606701126474,0.7259648421641829,0.7677499826696946
0.2550796260265731,0.743946166660763,0.731181964331311,0.7176058653916182,0.7158121548360219,0.7613460690745396,0.7321334232423007,0.7456687552445569,0.7655017289695984,0.7541924146638697,0.7699583254225035
0.2624209130127269,0.7401920558372713,0.731862897689084,0.5920896320868745,0.6785671518433772,0.7118133259652972,0.7567388842825844,0.7475277917124152,0.7854957460938248,0.7386299461213741,0.7837244726598701
0.2489490660116991,0.6856770394640656,0.7432410116493734,0.6017137135977695,0.705636689259917,0.7344709956966877,0.7540869114959988,0.7513966091354958,0.8062291259625682,0.7617840541272745,0.7767423125485581
0.2654239866072131,0.7117365007498833,0.790993038248994,0.6425790143008794,0.7170133953978426,0.7437411140746608,0.6867699733758791,0.7537999964180844,0.7841105829208947,0.7689393220284874,0.7448782305467802
0.2659889469394131,0.6292376151415197,0.7039624129020303,0.6563583651724445,0.7033053176456701,0.7552347638092893,0.7257711173699374,0.7749154567051557,0.7843066882644258,0.7484544970049343,0.7564540251164517
0.2774545123287585,0.6808401498758969,0.7257695633575477,0.6816841882277511,0.7102644677604013,0.7596992687646504,0.7502724384888468,0.8035766007258209,0.809615291242471,0.7723605640291114,0.7706948330892677
0.2649901417939766,0.716973384662684,0.7723177139603534,0.6891761615983034,0.7124961541722916,0.7604216763591842,0.7421808597351702,0.7849895096851092,0.7720303052416942,0.7596280478217035,0.7366889385205009
0.2558112456049354,0.660814787987744,0.7598030816336235,0.703809297839695,0.7129821194008746,0.7664779536124853,0.7431575603368759,0.8010648872749375,0.7867961408216386,0.7604023606989774,0.7745197299787949
0.2797276997317323,0.7000142999342207,0.7187756786578732,0.7059203034595698,0.7372179991919907,0.7735781565472293,0.7687665363357764,0.8055062504437439,0.7843971430925777,0.7735901313289604,0.7799143203863985
0.2799881087957969,0.7220741443392262,0.7571851043818807,0.7043540452659393,0.7645205359725513,0.7246767710423888,0.7784909816552479,0.7452406795284967,0.7682252762170374,0.7558488872321555,0.7776417365695056
0.2939282945808499,0.7171696479190348,0.7720309956196127,0.7069995785020857,0.7651306524916568,0.7368006246062941,0.777063756628764,0.7645792543055154,0.7909209662730837,0.7641902271247155,0.767631614019852
0.2949086666766967,0.6658174517563027,0.7681727060429415,0.6879571685128268,0.7267473076664589,0.7528295324653496,0.6963540804720727,0.7893544425419743,0.8052165946578889,0.7145291602159146,0.6831821520356323
0.28692249843659,0.66790943360322,0.6850170922358828,0.6492361207905942,0.6877661160245055,0.7735712332210045,0.711747691474978,0.7629175975345708,0.7616058380147135,0.7478089303179833,0.7346394271076675
0.2481858940346793,0.7155129250320712,0.6825658253335805,0.6639919068445683,0.6980274746361474,0.7742016163926051,0.7313993845817663,0.7893548159463446,0.7750240339099495,0.7489732866303647,0.7550483112940086
0.2840123366059033,0.7288227000238394,0.7203036510010319,0.693809838587554,0.720017810858897,0.7714037303605108,0.7461092789447035,0.7812283006669687,0.7932267072498682,0.7782686363092145,0.7686248126558813
0.2462767995742332,0.7416731914028357,0.7328606987606158,0.649436557056727,0.7335674184825942,0.7418221796141458,0.764063989863301,0.7934575842952662,0.752142751108774,0.760459615044966,0.7407407790687519
0.2594235373594247,0.7558724046937417,0.7369804310079129,0.6219049310748586,0.7336445684725701,0.7491086181514828,0.783360864412665,0.7486855009773881,0.7533554206513843,0.7142729287219788,0.7549286262778323
0.3047980524068574,0.6808180612258934,0.7833679259979227,0.663479037608899,0.745983159289628,0.6871301038989082,0.7512914096899196,0.7613784665083839,0.7811115888501399,0.740129907404985,0.7779257698849291
0.2662365105653358,0.7119556562693337,0.7607966679121541,0.6647665067748254,0.7438840770518648,0.7209288239849851,0.6650678949125456,0.7887650896050376,0.7534960964217704,0.7528876017038156,0.774349543891073
0.2505274971484571,0.716242824689175,0.8009941884634566,0.6699678613491923,0.750459790598549,0.7229254004485035,0.7029648803000992,0.7405475112650892,0.7698167894530545,0.7759564700983091,0.7722998381008988
0.253294421891998,0.6698809244435154,0.8075484295057782,0.6897727638161397,0.6871828685803381,0.7454474988486242,0.6901865481306371,0.765007981839031,0.7064108698251991,0.7469107510742777,0.7613896524756313
0.2507244093651575,0.6916360092950793,0.6577947738714817,0.6705489791305447,0.6975401112313553,0.7469844856635601,0.7267497574443752,0.8026284914151203,0.7466347837185179,0.6945318048060566,0.759300464296355
0.2754164827539178,0.7473446846851275,0.7277831904559968,0.6460390242110462,0.7266466322374187,0.7335379328613371,0.7396228233399044,0.7824145143982081,0.7880650816335465,0.734838270753162,0.7058728784762422
0.2268210568711529,0.6724293642813957,0.7299275460342802,0.6699048873811393,0.7352040850281946,0.7589928941798574,0.7532324983457159,0.7787989180956718,0.7783062754475213,0.7708034954179332,0.7367605800890389
0.2318966499558157,0.700996270958208,0.6912739879774575,0.6721520456916839,0.7096117548846852,0.7765422996656941,0.7005893491393793,0.7973596451751234,0.7304518489108528,0.7501092504692779,0.7414749386636001
0.2011673343126626,0.7482297184514926,0.6942237589783936,0.7051486500128867,0.6443861007495665,0.7803556789898436,0.6530992080485281,0.8139655879886734,0.7528802293058108,0.72248026237371,0.7537978008945825
0.2596922963653488,0.7257277758355675,0.7363236624730696,0.6654091673901082,0.6717189806891283,0.7486599742780427,0.6851192594119719,0.7997399400486893,0.7882479783118328,0.7369547753689614,0.7472790744450173
0.2444125798485302,0.7519356496529752,0.7376656444479579,0.713329210709647,0.6726936033617484,0.7515631927962141,0.7064055585306148,0.7496095972538119,0.7869045951785374,0.7372598373030864,0.756629051988008
0.2626867686465183,0.6984667435602394,0.6767790570210912,0.6657025994358065,0.7089589193575083,0.7070739294552806,0.7114054287300791,0.7506508847566662,0.7803157096251705,0.6841337449989735,0.7679978125204687
0.2804949066184391,0.6844829968640019,0.7305462110521652,0.6283428855563075,0.7448039518167395,0.7292854000415924,0.7403378696396373,0.8041228576585868,0.7854954983389434,0.7029927153190763,0.7669369540527614
0.2809148282866811,0.6590585654902057,0.7611225643565649,0.636575911302451,0.6490456500622828,0.7458399722133116,0.745461508590799,0.8124960287506479,0.758680393589819,0.7169172361077268,0.7412213568065954
0.2662430998830946,0.6610403992253041,0.7072340402618665,0.5974179967203949,0.7030199195774063,0.7726228866084497,0.7160217300252455,0.8171521770764554,0.7646990754899836,0.7613210849531971,0.7449423898587273
0.256334199729956,0.6413628355083438,0.7444975327903519,0.659282252571684,0.7405062380069545,0.7338667101914456,0.761058914671046,0.7735226098671149,0.7767089897043796,0.6991497423693285,0.7580847049840043
0.2664365303317164,0.5546704499874847,0.7616930560166566,0.6459907603887882,0.7139413967420575,0.7135237293423846,0.7176039484730131,0.7950781828607192,0.7915424987426307,0.7443103968842317,0.7628943037633314
0.2754418605399069,0.6165375687961989,0.7866398983057976,0.6525028430313095,0.7032949536736525,0.7467038647887354,0.7172155726362632,0.7908316343851289,0.7930324546417826,0.7351614238494697,0.7455103137660608
0.2757238906186834,0.6385449538391597,0.7696462947805901,0.6692887424734867,0.7417823506934424,0.7036446577140106,0.6820263426369033,0.771937804716553,0.7636601951103564,0.7312903425787517,0.7602607776716612
0.2758660390614043,0.6850198031380881,0.7923849032834149,0.6934146464054154,0.7662956640589647,0.7378401002669117,0.695961801542178,0.7427201185408482,0.7813323801706413,0.7486090574208591,0.748043998643986
0.2445146542935719,0.7250313134657149,0.7328231947071244,0.7241034504157526,0.74691729689989,0.7354704616280151,0.7263857042279829,0.6879301696051868,0.7734421588026064,0.7321150586932962,0.757567860821047
0.2629811024760974,0.7402456820486507,0.7869063938146423,0.6932601966617837,0.7091321936226688,0.7468566817329463,0.7485601785955378,0.7089961751498055,0.7856225928229696,0.7442953624531246,0.7628848135391156
0.2735211789730817,0.7129252533841204,0.767482257969642,0.7310780569156796,0.7308923691510418,0.7579436763902225,0.7192256873537184,0.7470792984719474,0.7644416644531092,0.7012930423023653,0.7869996561713044
0.2765522073836188,0.7167995302873122,0.6734994674162057,0.6596366311383968,0.6620405864238136,0.7420112281751772,0.7054556306256329,0.770390486597212,0.7558229500305987,0.7308467227889602,0.7711036917552389
0.2461649490103208,0.7409014191957495,0.7122214072744122,0.5892444286803616,0.7041275523674514,0.7240004823396289,0.7407771898692863,0.7908174315609945,0.7615161563831431,0.7559398069421287,0.7827703684894476
0.2298027867254395,0.6785852902054993,0.7013574874110527,0.6143610748560631,0.7001462268926113,0.7316987652713818,0.7281655944997509,0.7791949418422135,0.7840616618677712,0.7556665032945403,0.7729326053581614
0.2379560060331619,0.6824856222097055,0.7455678040828451,0.670432086288999,0.7235647423966742,0.7430490807967064,0.7085831143370632,0.7817987550579357,0.79820887089709,0.735874821951115,0.7779967859727366
0.2224998513692341,0.6142921252390546,0.6949174076692051,0.6785626960853357,0.7346232513640667,0.7272561500585873,0.7222222907570914,0.7589772826759008,0.7624735398043623,0.6908742371688671,0.7399065157116453
0.2035291732773325,0.6620456020417173,0.7322481682759463,0.6753778200257212,0.7382967300751985,0.6389269359293785,0.7581764705398532,0.7797473199332562,0.7765794163686748,0.7074390904447243,0.7522937468864912
0.2287716739182443,0.699208561564695,0.6606487010203032,0.7091380020986566,0.7543773502689513,0.6953935596106635,0.7170138616410906,0.7962803295847283,0.7838276983847352,0.7500156442551283,0.7290250884374111
0.2580813946298836,0.7261622920567292,0.7439883384106996,0.7272868236422315,0.6862365750029973,0.7175916956005857,0.7565059549953733,0.8072159851356937,0.7479177747272263,0.6825546038924364,0.7597117460189622
0.2493380037001279,0.5771906261755843,0.661110431360522,0.699648246363423,0.7125765793018499,0.7387879626938401,0.6864514230528747,0.751335413501017,0.6967657903988201,0.7107661647340492,0.762726676581797
0.2603875989682006,0.6320132217334424,0.7187193065380658,0.7566700659935044,0.7323300906829252,0.7617942364269932,0.7145345189450345,0.694669137013704,0.7491935995112229,0.7185859478164793,0.7742637269932495
0.2857562028923064,0.6994849427092964,0.732041934449311,0.660005328141069,0.7094901565852951,0.7789187741581294,0.7204702491528818,0.7616889418626331,0.7520406798878388,0.7289530749866807,0.7462380462305175
0.2733635145024833,0.7015234227732258,0.7073084251783545,0.6784587139453742,0.7564810280426283,0.7237027105734396,0.731153138733192,0.7710426226795418,0.7699961427956965,0.706717476634433,0.757560580770974
0.2695789446834915,0.7071922516152735,0.7476000111593868,0.6730390765686987,0.7167202820158736,0.7409274737539389,0.6389311075169393,0.7565216302323284,0.7839726699433496,0.7429460347667838,0.7706641875004265
0.2900729291416255,0.7265300744989601,0.7619791655522665,0.6555264972214534,0.7438857561769547,0.7538529120276705,0.6803671929029433,0.7701235179269028,0.753736912351878,0.7192322318663317,0.7968793106615539
0.2608481908039924,0.6793407720695892,0.7577572454460243,0.6772609886523622,0.6757729488614092,0.7542949177372837,0.7091365557646724,0.7922518003620996,0.735078075018821,0.7226955350090292,0.80256186168269
0.2788378520313512,0.6588244810636013,0.7364223175088112,0.5916042822828276,0.6802355286547235,0.7148958582801447,0.7079330187754572,0.7899288551617774,0.7604307362143834,0.7366582040903685,0.7355663651393893
0.2820685022787242,0.6882138524539905,0.654157073287849,0.6101753126946654,0.6945604028621759,0.7660684596190741,0.7105215638766753,0.7655509318462748,0.7619224725375255,0.7398783860555112,0.7541394048106116
0.2188208249561443,0.6993515266995255,0.6722832171646389,0.6583894834082786,0.6522943638464909,0.7624641298053743,0.7208587588630946,0.7980751228197775,0.795556017012957,0.7234366544613867,0.7751445372049366
0.2453817811392263,0.7204776648657006,0.7202699979235307,0.6801603253906519,0.6965028663593605,0.7526568610306189,0.7295616130285929,0.7712125629622849,0.7991899806184668,0.7306983293095236,0.7858883517494533
0.2744661133477494,0.7359679123159775,0.742499037847127,0.6915968218506092,0.718124956729528,0.7461679655008157,0.7542878886567117,0.7856831374983639,0.8001278412875967,0.7415764542465393,0.7683629409866863
0.2644024954645518,0.7111881066921648,0.7718762117800542,0.6777142153960347,0.7211493618749061,0.7350434954635341,0.7063151004471219,0.7385481488515239,0.748033990593006,0.717827310555223,0.7663203585114747
0.2763838106546187,0.7350715052879195,0.7373480133367067,0.6285225640887687,0.7285841924251555,0.7368269163834273,0.7276330172198573,0.7990687167140069,0.7722233206207958,0.7225865136464436,0.784330056315496
0.2739792400235044,0.6647728291972286,0.6319798842497721,0.6977059019223892,0.7331031363310576,0.6300843935294637,0.6911615555941986,0.7920346925987213,0.7970002883938684,0.6889772778433234,0.7198726421474837
0.2821860191399729,0.7270410346661057,0.7045422815399736,0.6742048541849053,0.6913447206556708,0.6928198460554849,0.6970284422254387,0.8020475920270784,0.7425202549167856,0.7032933502396861,0.7408377600671312
0.2656094900714882,0.7452710379590407,0.7165309888655533,0.6772514824443313,0.7015341809193161,0.6899525567768315,0.7379996759944754,0.8039535221711629,0.7587975490647344,0.7125023402593613,0.7590175923049046
0.2681594613501535,0.729706027602806,0.7184738767778592,0.6870425815719254,0.7140622066936282,0.7153921199873854,0.7331984506024943,0.8091815012418142,0.7924580202425723,0.7174893763206859,0.7736678801030311
0.2688011226048816,0.7257475104660481,0.6955958044003993,0.6855088919548017,0.7317060996746553,0.742124073765302,0.7463456320688866,0.8314741651612783,0.7944592713964727,0.7566165289316868,0.7357837186360833
0.2767360012643611,0.69763306501038,0.7240679597561419,0.701265208674138,0.745465493920471,0.7070606353639772,0.7566399617317199,0.78667077707922,0.7801921183891922,0.7461855491073971,0.7503392343012045
0.2772223461613349,0.6558900514341729,0.7642389526240387,0.7238409972826634,0.7183221945014305,0.7249100669367441,0.7661470623698202,0.775105559228217,0.7897267601910187,0.7648573924163724,0.7626850162397872
0.2887185569402993,0.6879454755507767,0.7254758259341091,0.648830877792211,0.7264928609433985,0.7467486916707936,0.720188337835556,0.7849240097962769,0.8104983926554641,0.7307929183062475,0.7549566902216598
0.2845163624769942,0.7080062649089822,0.7639747966991467,0.6532830431757888,0.7265386182805109,0.73223892701213,0.742588474719118,0.7426599567359241,0.8077295738644529,0.6818922727246751,0.7644334026410204
0.2865688505767512,0.7303302936304692,0.7771917766449588,0.6555723003424929,0.6763952348443417,0.7471736604052137,0.6929617004143255,0.76793877634599,0.7281959241987849,0.7096585767669787,0.774756519641586
0.2877032821535972,0.7349735291898405,0.7281280733139288,0.7197356133092612,0.6916988718074257,0.6807014755906363,0.7200904064369182,0.7743286390254593,0.7508936494933641,0.7393433927811167,0.7677066923081163
0.2618476434258249,0.6999899151779535,0.7523482399506942,0.6730965309278395,0.698610806968172,0.7290100006251439,0.7366907696339569,0.7624095739762797,0.7838745240102473,0.7101400812019523,0.7807791695310734
0.2740314448454061,0.710673637495727,0.7581189407665709,0.6662865437784196,0.7100686210335301,0.7291683711578476,0.7337078511290547,0.7728931158263972,0.783799430136156,0.7250086116835265,0.7783444512750678
0.2603537506766271,0.6555186624412758,0.698905353952608,0.6778629833220544,0.7299702028437054,0.7515948066419734,0.762524543644693,0.7343517784390579,0.7851440107736561,0.7018925543395506,0.7684542183841746
0.2958817501493802,0.7043679172292518,0.7298667049845022,0.6445880435015778,0.7277237318761716,0.7670921637687244,0.6676966869055171,0.7609035489862268,0.7917858326260714,0.7321180468126696,0.7901558190044057
0.2828702332944195,0.7584381259658993,0.6828253601366893,0.6579872849364821,0.7106729155588137,0.7181791503716417,0.7081732705751903,0.7697909517784447,0.7772153669608814,0.7292210330350525,0.7198165453496346
0.3126132400394147,0.7643801044145178,0.7100571172871808,0.6410358069782748,0.7248648922230561,0.7365008171951078,0.7299162104894013,0.7727794403901307,0.7200376920035628,0.7798817914982019,0.7343824697252631
0.2844756259198386,0.737314914439364,0.7466029484206107,0.6879504737672424,0.7185101262299252,0.75707712968087,0.7564247116335381,0.7363307014936867,0.7389037969856835,0.7988850702882206,0.7592725465207875
0.2646281635749231,0.6457082998508142,0.7821756011812113,0.6359172384301667,0.6486795331013935,0.7038534474617972,0.7242246934108217,0.7695107649108959,0.7550757048717183,0.7985523053009915,0.70553599684391
0.2784054935265628,0.7287356356667805,0.7592222719900062,0.6654106949870067,0.7213371802253994,0.6932696720195181,0.7685430753126615,0.7105464685621737,0.7355548385488803,0.6894278821619739,0.7369336741441354
0.2551494459278104,0.7462646372390265,0.7570019118784327,0.6577146771875505,0.6973201440983706,0.7041332188807413,0.7218057171125946,0.7493658812299725,0.7777778525114991,0.738370524840655,0.7548298382640646
0.2423468910639341,0.7667568818550574,0.7135421949996021,0.5730712567377907,0.7135924655184545,0.7064618278003243,0.7237464164530067,0.770381839705377,0.8000939164207757,0.7537685991998577,0.7452571452023686
0.2760207103765285,0.6410159495969232,0.7560834328760673,0.5894155685661115,0.7354029787847838,0.7303811615077174,0.6849304335681982,0.7669906161479882,0.713180386034124,0.7639429913208002,0.7815814418877778
0.2832794606225562,0.6925497875848645,0.7699950022954375,0.6249149344432714,0.7311230589312939,0.7356171770560256,0.7330464352516368,0.8005921203339659,0.7380933268993295,0.7025882502450301,0.776968880704643
0.304332403170468,0.6550303695991644,0.7845208753068473,0.6675127466940372,0.7325311280919569,0.7132613543990305,0.7366148534504575,0.7805183197254406,0.7686090777557876,0.7164778661665093,0.7727050193297033
0.2935160557563873,0.6947830469352788,0.8106566760079095,0.6817505088399687,0.6759374095081178,0.747310917985242,0.7692854747878768,0.7876784749785501,0.777912728623017,0.7022231543277971,0.7762757854647224
0.2824730005633522,0.7031949616644799,0.7379666341378496,0.6937950475287238,0.680525285796871,0.774149606653981,0.7616539086436698,0.7758537979572293,0.7816567419960132,0.7515551457087529,0.7917752594690666
0.2789916440827701,0.6016857734272713,0.7662285527704636,0.7092969969632043,0.7222208447641565,0.7303219384364891,0.7357462814358022,0.7984463772644009,0.7626406113061374,0.7426410039456978,0.799631714082305
0.2763930944493165,0.660156160934741,0.623016281931331,0.6377821906655097,0.7292414969949574,0.7407755588160692,0.7389716578488974,0.8003114235431654,0.7317808109648907,0.7379375676090122,0.8117426947876698
0.3040742456971856,0.6922277948063456,0.7159453569233134,0.6470293797566169,0.7129833867552695,0.7268063795320239,0.7193982973492581,0.7841931191048243,0.7485172363906838,0.7409838751099325,0.8043533904806385
0.2648234841157028,0.7089116850307811,0.7416896900783054,0.6444357783334366,0.7224636446377056,0.6973989302290282,0.7298038505613148,0.7413056402554905,0.7086193574530958,0.7547979111976932,0.7416783544043541
0.2446846981957613,0.759039154765994,0.734156889085243,0.6452916580610628,0.7265435635082855,0.7054515556268313,0.7218239866727978,0.7535085739446001,0.7363395657879985,0.7760197583450179,0.7627333560362044
0.2597009960284386,0.7853137183642761,0.7547341874468781,0.6776087476786228,0.7131354820938327,0.7397320561527487,0.7468768957727296,0.7870745213912429,0.7697983836190443,0.7236294715357315,0.7286779522181863
0.288454520394525,0.6870735160775807,0.6205464351414661,0.6345693114895554,0.7262465675884373,0.6290364862886204,0.7081661598930266,0.7768203023252752,0.7612955740801175,0.7289623044011907,0.7700742283725651
0.2868073137814708,0.6873209713569921,0.675340926218165,0.6362420980110741,0.7539572136367758,0.6781156690427026,0.7352707481513499,0.7729535757882153,0.7700998925631347,0.7130911740827628,0.7459128603668125
0.2882585218270905,0.7188243417560582,0.6786570294656404,0.6936960947625809,0.7222298327997473,0.7154831838253367,0.7471316233929776,0.7921467331591119,0.7529521029370733,0.7407060360751143,0.7636627878595222
0.2567419258937575,0.7341917120629287,0.707997475572802,0.6975389220989674,0.7033077190023032,0.7407192303928891,0.7501704342685576,0.7705122394272904,0.7512615464202348,0.7116734746094725,0.7420837572567496
0.2546219918998531,0.7002485982704404,0.7426778768230369,0.6849258012177467,0.7011442233431799,0.7546392501494135,0.7679439610463661,0.7788008176916799,0.7635108139600795,0.7208861909544808,0.7740755324793747
0.265706701883063,0.7276844634084132,0.7701107061010742,0.6875791154822708,0.718774383045101,0.7549405332475185,0.7447246357711476,0.7408305494017018,0.7720191630038742,0.747833919149112,0.743761377071317
0.2575477997053185,0.7364553186580327,0.7639340828733784,0.7109872740618606,0.7306166510723698,0.7602964663616442,0.7324102116333264,0.7470899557191826,0.7913546541581371,0.7510705356228218,0.7895292232335582
0.266937570097437,0.7362405928540181,0.7293749830571098,0.6851419891704831,0.7141140837204006,0.7224255257046427,0.7799184623070256,0.7591081366596841,0.7362280239928628,0.7618800319990668,0.7699162136982611
0.2326691954654059,0.7741022512038938,0.7339935300575604,0.6507826787033838,0.711144269247673,0.7456003529346198,0.7754437429907965,0.7945952182362447,0.757622299603821,0.7703929571100336,0.7585685512205665
0.2543251860696151,0.6974188755033469,0.7603753341298412,0.622820297635312,0.712541565481956,0.7488206313036723,0.7099343405463346,0.8078110340735349,0.7416133607831243,0.6962037440126799,0.7748044410152499
0.2754032197832906,0.7146579369667876,0.7830133767644522,0.6583531202544981,0.7224196734017103,0.7595338561890818,0.7245309491112315,0.7835592745350931,0.7775726769090594,0.7287817462520083,0.7797598400528264
0.2835556786985116,0.7368254864776755,0.7874026736719439,0.6829414939759431,0.7268343964705648,0.7547972482097405,0.7138861573910269,0.7755123578466163,0.6946583051908686,0.7324962528886827,0.7286039017777813
0.2752475774419611,0.6905186403052839,0.7608828898549514,0.6416658580259802,0.7239247021257428,0.7671621183184008,0.7326822015404721,0.8017923693058362,0.7033749400343738,0.7349248858100239,0.7372665858356984
0.2205482093041033,0.7496243018925879,0.7339751697477124,0.6710802598797615,0.7289397178588284,0.7776664627993293,0.734675442382378,0.766202425425822,0.7602162801913062,0.7325504897488878,0.7657683470525668
0.2585662910340404,0.6846107874698221,0.7533668257864483,0.6486578732924486,0.6928506166320174,0.7718853907207948,0.7090472025289367,0.7826242922056346,0.7958610774899997,0.7591253988385223,0.7674802231687007
0.2553139612342044,0.7037649280997931,0.6589249467658669,0.6817391463865938,0.7248035515851747,0.7253123382758981,0.6458835186151363,0.7645012637033372,0.7628695463425009,0.7375769388097297,0.775836421312796
0.2656325557445919,0.6885101252854157,0.7242423567966663,0.6660164783115892,0.7156618455199891,0.7290992446273539,0.6763281415616681,0.7815116478058046,0.7296052851445052,0.7431782896503669,0.7573327284020813
0.2868746699062156,0.7305495002023652,0.7495523387892072,0.6927981724564176,0.7259151520144278,0.7423753368210181,0.7281640165807466,0.7919956149870047,0.6902582932303767,0.7509639449507621,0.7311105759420565
0.2794718695972124,0.7070070346700621,0.7977388447903071,0.6984287776108042,0.7296177965862073,0.7434831085748848,0.7070655112600027,0.8069291008771184,0.7154155864380669,0.7454050905673791,0.7755747999901993
0.2879687789471926,0.6948946564194276,0.8106773049420097,0.6772281377469757,0.7146926134914308,0.7306460175346386,0.7499810477527421,0.8086499877040996,0.7310253823259003,0.7266879150533327,0.7742379016941062
0.2917427212653143,0.7305191138960849,0.720744830267196,0.658844878978891,0.7163380785080808,0.7335989449975506,0.7136187576313886,0.8100878917050147,0.7177917453281695,0.7385619022374776,0.7805597901277355
0.2323477375928288,0.733291248005776,0.7440598078033132,0.6000426496759839,0.7261897948568817,0.7476786657110477,0.7479505570265204,0.7158322538982353,0.7301875160797597,0.7630392432604474,0.8001502055109321
0.2593612017632951,0.7604213671428837,0.7532155018857916,0.5886736230704387,0.7249213728278631,0.730135598906444,0.7684093810532069,0.7376667875110334,0.7741051032867752,0.7559858929847462,0.8201570825369444
0.2754475988241189,0.7544751130943943,0.7549813252177182,0.6072644899225718,0.6852549043209536,0.7258649118774291,0.7114492629854933,0.7688416068780837,0.7377506439513968,0.7133068302677379,0.7791675129755364
0.2617662393333771,0.7656032007038927,0.7661311083545663,0.5716331148504986,0.7107324218187018,0.757246638290312,0.7118600743253805,0.7264202957707737,0.741257751427852,0.7360392858180799,0.7511193365049764
0.2294843013839845,0.741883168626094,0.7161844475702283,0.6078937526292043,0.7412783569495613,0.7558409247818818,0.7135689836903505,0.7414036762397906,0.7135173981900855,0.7422421346294494,0.7815143480596923
0.2595032987465256,0.7057125781087218,0.7052114918326042,0.6350794478088289,0.6904432585872707,0.7684660853052038,0.7557317187851884,0.7663129037872827,0.7713063468180551,0.7350990342615621,0.787616431135281
0.2398803067787706,0.7080467440911276,0.731767372378287,0.6696534031293216,0.7182967374995353,0.7024675573427938,0.7491569378553619,0.7801252146886826,0.7831146023084244,0.7178279347070882,0.7123985975281315
0.2610733743617402,0.7272670091394762,0.7757470681261912,0.7004273538081927,0.72358557386735,0.7194927854041111,0.7191228918911851,0.8075908598406221,0.7550577997330151,0.7426054811844232,0.7429589071726954
0.2849818496160171,0.6974739487658191,0.755819329590237,0.7257522545683106,0.7016968013056347,0.739740336253017,0.7420176633042779,0.7278309160974652,0.7289388226265299,0.7455888759884757,0.763221059635429
0.2412231600953911,0.7197210609238625,0.7669511453137717,0.6966577884155536,0.6845604987175464,0.7360544049028251,0.728782078020023,0.764934651559281,0.7556514120843897,0.7741070761959865,0.7641214137087056
0.2824865913024419,0.7687227205846148,0.745787988199879,0.6419910965290233,0.6989151094130182,0.7431187653899743,0.7566701970631755,0.773528016991135,0.7734640152973691,0.7853521379234277,0.7695178891735104
0.2873173915630705,0.7063437564079482,0.7485703024401025,0.6498439134208831,0.7316892875519774,0.7407299492361697,0.6969330039995751,0.7631149936364365,0.7768989639973181,0.7662164754294778,0.7769872360282732
0.2845404743606586,0.718316712135229,0.7881954256598893,0.6413641290767028,0.7527044558184036,0.7582744844149003,0.7479612375690406,0.7660330671736076,0.7569930025906153,0.7208681130422223,0.723017219006322
0.2279381014316262,0.7431060203514672,0.751126045966397,0.6235115451122131,0.708194984464095,0.7596992769314391,0.6634330050024144,0.7991764510178752,0.780024997180286,0.7507392628616142,0.7684585670067414
0.2429205557398675,0.7142432295710138,0.735654939502009,0.6145290153621387,0.6895240620346769,0.6909666986182528,0.7165824260253855,0.7746824233353482,0.7976715457502965,0.7321067835400631,0.7875379019675055
0.2578460637374551,0.7019104414759043,0.7519328572656294,0.612156348746598,0.7189016322474346,0.7124101700994201,0.7502969428032136,0.7871507738207388,0.747099409668035,0.7393030407994765,0.7372092683399816
0.2180115910629399,0.732950803110606,0.7660241349060243,0.5815382330677109,0.7184793842233904,0.7244787836158801,0.7574266593852665,0.7121408232413032,0.7905593188577988,0.7401323022265247,0.7693407626500175
0.2430497534383527,0.7073389119869129,0.7661521774788689,0.6230029903418921,0.7307453666460055,0.7547232506913311,0.7611050013031647,0.7477384501282848,0.7504756200123635,0.7028500170403645,0.7464683636804963
0.2696799557168908,0.7345355292798916,0.7998488356645082,0.6490092273759809,0.7295562246190611,0.6934107340500879,0.7376074122115136,0.7588134505305524,0.7690182131996968,0.6824425476775676,0.7565646601248873
0.2804677822474329,0.7361048884432793,0.8240947753461891,0.6272991059122258,0.7437720157420155,0.7185550807780207,0.7386493996729012,0.802716911273964,0.7598294544902314,0.6881362951174101,0.7312845317400655
0.2839667429892986,0.7157616924073484,0.7232006844860789,0.6465208801179492,0.7416059776944909,0.7196124745962748,0.7583886886361757,0.818234364592966,0.7967939743321526,0.6957050845506245,0.7534685913451165
0.2887333398300531,0.7242062324978515,0.7425767807026671,0.6867179038675798,0.673621861002164,0.7415634593595634,0.7635702981555051,0.7509909985655133,0.781118248433052,0.7265948359608776,0.7586295325790913
0.2724523206296523,0.7243943960318653,0.7184595811055318,0.6982563802456679,0.6772709197984395,0.7553908231989521,0.6707163817879409,0.7549815532140532,0.7821627076996032,0.7564270927028525,0.8029836972660251
0.2655824916047584,0.71196575293194,0.7760172587022854,0.702127160070098,0.6954527415285403,0.7603934618144899,0.6793159045512261,0.7097426926154498,0.7992157432838025,0.7407751582501416,0.788432303777497
0.281187257355686,0.7170434078278267,0.7410163148179162,0.6884808911375389,0.678477606227319,0.7039567160113727,0.6904937249518694,0.7767699424609964,0.7817421735361366,0.7670431303376386,0.7645940846735545
0.2338985176481206,0.7203414421430547,0.6050603430559884,0.6121387582349416,0.7193217680035429,0.7455786989170512,0.7290094471865172,0.7041772257361766,0.7646036592266869,0.7519709474464445,0.795944999088701
0.2542871212128621,0.7612220596897062,0.675045700701379,0.6775100918454595,0.7216882190489093,0.7609754679940439,0.7349642728514226,0.7515650668823224,0.7574802519774895,0.7596566471066116,0.7460969630856196
0.2376445264108148,0.6821967689521298,0.7126778733836936,0.6062588079092625,0.7607469859780667,0.7409340623219546,0.7260030538397697,0.7710802471744815,0.7743694597025543,0.7596900434415463,0.7653015144203119
0.2522423058136772,0.7363241762808963,0.7115606398654999,0.5862170197659731,0.7745447688506044,0.7126096923279552,0.7390016970370301,0.7851097276805441,0.7094935960048842,0.7395307924300248,0.7780209100717407
0.2436210092793235,0.7240848184805222,0.7438937062973539,0.5800539424704662,0.6814559960949674,0.7367281178089596,0.7250849432304992,0.7963778501282488,0.7459163561353304,0.723090527680421,0.7712314128728368
0.2525942395537096,0.6990150523932135,0.7627288756659395,0.6254692402767738,0.7010918036598317,0.7458756849355328,0.7450321977048628,0.8169634265932555,0.7342073825100125,0.7507502594379843,0.77284176600468
0.2548478509901623,0.7383938903683928,0.7714779495323176,0.6280599187468316,0.7294642755441437,0.7460250735949332,0.7304471808500178,0.7669078510959224,0.7327836167849862,0.7593009122549108,0.739536634154047
0.2580527868816209,0.6735230064465109,0.6844347855132943,0.6353769342066644,0.7106033958569842,0.7487913708325492,0.7353585640278348,0.7849675257547768,0.7677827013365834,0.7517097102126876,0.7707607742195031
0.2635358914897779,0.7049349369129001,0.7135080492405688,0.5942733757021299,0.6633700384823559,0.7057580428870889,0.7300974754225592,0.6841249329821797,0.7375333290372632,0.7462546707982222,0.778915688995513
0.2729726008654495,0.7283784213226105,0.7444157555616946,0.6290537375255714,0.688002890301372,0.7348612697977425,0.72086521583268,0.7487120013575148,0.7652650650083681,0.7311424794010415,0.7838358979435744
0.2482127424555634,0.7210445292823531,0.7413660117713282,0.6175451768024974,0.7139806510551165,0.7626429746215253,0.7563091390768912,0.7573674881076622,0.7658593971237266,0.7651649907010806,0.784897998766646
0.252048609376236,0.7109279044601031,0.753557108775079,0.6515434518894911,0.7288598344198922,0.7673993755933376,0.7636023049872285,0.7810705580930387,0.7681936137997771,0.7765406314187144,0.7528923407678086
0.2738762257058531,0.7136719954544137,0.7594016124162108,0.6854379943258423,0.6560715752574972,0.7750533399189978,0.7457351375475323,0.7236657975101045,0.7866526481130602,0.760931480147131,0.76338057834335
0.2824053452176299,0.7609251066673224,0.7891891793606518,0.7118904457982693,0.6925879431496224,0.7651123676604439,0.7682915959714179,0.7304374305104693,0.7987797298322756,0.7662712742927608,0.766193457661957
0.2685943975153326,0.7560379205460991,0.7372383272413695,0.6815466079710761,0.7087823731331833,0.7346570276852548,0.7756265154639683,0.775460839282982,0.7442752031891801,0.7811858862475065,0.7714896097920803
0.278836042212019,0.7338640360171139,0.6883209790261277,0.6776615426869297,0.7145135930067423,0.7368619115164381,0.7176388883344075,0.7354728439751967,0.7785837109718103,0.7050554141351135,0.7640775287261575
0.2753994599174089,0.7572229805582067,0.7216034357486956,0.6806830885458309,0.7531101181786196,0.7417545158112118,0.7187057137578016,0.747357919500172,0.7929736467937478,0.7293215169883065,0.769544963606658
0.2948724568006122,0.7680908349112574,0.7729606574301191,0.6489236406376596,0.7339065858379769,0.7497650791232386,0.745671182114409,0.767403633262784,0.8080616190631726,0.6821835395917797,0.7508891218191645
0.2942353597189849,0.6888860822078063,0.7856376220421353,0.6087623032078231,0.7295713861883908,0.732913347701313,0.7506050618381505,0.7528791166446871,0.7356256117975186,0.6916854801896554,0.750824900394918
0.257362829104196,0.7010013822840111,0.796441893365623,0.6066041227936688,0.6694583194015622,0.722129103154388,0.7417204076696985,0.7636729258352615,0.7356881089649836,0.7015461839235341,0.784387470879069
0.2644460309536496,0.7336437776659042,0.7823801801962524,0.5881608688969887,0.680651853530203,0.725730991952673,0.742002157942562,0.8038507812763873,0.7649817375549464,0.7353971578660254,0.7920524708087602
0.2596137800282063,0.7473465897320439,0.7857688045525324,0.6064076291232318,0.716875159792846,0.714120087191001,0.6853332039443378,0.7668865600891414,0.7923429056062036,0.7422262576739345,0.7938474394830066
0.3012077471114172,0.7091535239941469,0.7364961329136096,0.605466745692868,0.7246109751431098,0.7367020996090959,0.7506743335148897,0.8007314387903268,0.7825924240128841,0.7111913718111174,0.7772046205254423
0.2924567657748229,0.7156356569946274,0.7343812489483815,0.6397547405222503,0.7184976582204635,0.7567974779696215,0.7635762686528278,0.7698225879078016,0.7940907023164196,0.7572571826025307,0.7841936907726634
0.2969837612261222,0.7307929343375555,0.7755582033604871,0.6418907036185169,0.721533683095291,0.7102634218477921,0.7849936986426823,0.7884296593351305,0.7993955304464762,0.7670981817480279,0.7612577535152236
0.2867423774415726,0.7170082393521655,0.7551281725092289,0.5872469368561433,0.7313561578601389,0.710292193879954,0.7935989567523696,0.7372907259997002,0.7573691443618662,0.7546833067993027,0.8044353995491894
0.2587627058274613,0.7290468606653019,0.7087214971803436,0.62901383286097,0.7309084669838934,0.7306467130502567,0.764400948897516,0.7579993734323697,0.7681892673749284,0.7292370023817651,0.8111586860094826
0.2423088850513644,0.731930232698806,0.7613115723071553,0.5903832914106785,0.7367887840100678,0.7578779379485128,0.7181270029005865,0.7796255280454691,0.6945360539898694,0.7372131814289989,0.7711583415341987
0.2757016356041811,0.6312863454176018,0.7310326991897985,0.6363066180370984,0.6976412358748151,0.7652753064095306,0.7238900027765881,0.7784774341503857,0.7599405610449279,0.7580214363573536,0.7333902122459073
0.2217747881638847,0.6776583427395443,0.7582684301506482,0.6747772869244648,0.6475735579752592,0.7375090138660917,0.7361547457270967,0.7614666799873215,0.7701883409870944,0.7343054104675824,0.7477431405073964
0.2523128060097294,0.6842633293498097,0.7487567002770177,0.6098826222009648,0.6748224582635582,0.7528174889429429,0.7716983610944741,0.7987309639503508,0.7170426811700932,0.7439912721962658,0.704414250576227
0.2319184955247183,0.6894716241066509,0.7929348810073276,0.6295764057471027,0.7283275032576402,0.7397606007328499,0.6973188263730545,0.6984304183724163,0.7561823442994235,0.7600264446044094,0.7595219302646719
0.2658129502884493,0.7099437254595514,0.802287580645907,0.5915139950893081,0.7484577209503447,0.6967185486823736,0.719739975763101,0.7083526008441845,0.7774464095825011,0.7497006473729836,0.7042658766104585
0.2622619595176376,0.7403979945481634,0.8024547816946159,0.6501035939601112,0.7427980904960535,0.7202022088238164,0.7552649817421742,0.7446063440501716,0.7192080277171875,0.7634124473977668,0.7423559824464141
0.2729644316736781,0.7331344859931784,0.7829155249718623,0.6596890152814643,0.6967417638847598,0.7223844217181064,0.6516500902539084,0.7748750840641196,0.7401787660355105,0.7508164255804244,0.7433288929117448
0.3036370917223867,0.7025339187081242,0.77757667648394,0.7006100829509215,0.7016604620342886,0.7296191228755515,0.6826713693107634,0.7906558766139011,0.7492449485510697,0.7591451605120563,0.7629673063444661
0.2694493414180329,0.7234709298921409,0.7848907705071699,0.6092808509084803,0.7332061442496149,0.7509949224446708,0.7166972044906965,0.7856445831511296,0.749625773825682,0.757939668776227,0.7648347508043286
0.2319943254303569,0.7383289986116661,0.7360614376122502,0.6344081471704904,0.7536843120332066,0.7045931589053376,0.7280300822001249,0.773978662509009,0.7486072530393636,0.7850129011128124,0.7394215483876425
0.250428107507864,0.687032504079962,0.7504913001713232,0.6589467021409621,0.7359407545835548,0.7080368490325589,0.7436707938871283,0.7862387690789044,0.7776445140778971,0.7932010433637338,0.7377648914205784
0.2252980000719223,0.7029997499692535,0.7692290255603711,0.571586848240706,0.7069030739756684,0.7412718986124678,0.692779162062873,0.7602793480197322,0.7454269945598017,0.7418578885520499,0.7778729652256922
0.2505840816530654,0.669200138854126,0.763112573644277,0.5469258225170774,0.7246461489214198,0.7186801965975745,0.733945868890995,0.7408347420816089,0.768713972929211,0.762340533229964,0.7907617910795051
0.2682159081174665,0.6785717291188658,0.748859484763699,0.6202555004133447,0.687030530599031,0.7401091824603594,0.7337008238045332,0.7228982674503139,0.7900727051166513,0.759380665545666,0.7507725637569614
0.2226265955682549,0.6754543875616623,0.6326685752211552,0.6581119091032464,0.6896106282834727,0.7488212014410924,0.7182173786999879,0.7001839082581294,0.8019022825111876,0.6832081213062655,0.7552066841428544
0.2427404273754947,0.7069514294409682,0.6920437798286803,0.66562543483036,0.7260255007408376,0.7358154148246469,0.6655065765065423,0.7461822020087832,0.8038848030862136,0.7104679996017351,0.7294502531306533
0.2618256764791866,0.75101737896399,0.664681760695713,0.6707414166788076,0.6897299816929414,0.7619405107195487,0.7182318377697221,0.7719030070729682,0.7546959661035962,0.7350319174785013,0.7686105140725447
0.2656909662616351,0.7491583767433042,0.7366080268109695,0.6976102556752704,0.7054095785127754,0.7123090666699712,0.717503549963307,0.7809621241980462,0.7708711592848508,0.7207485630458237,0.7355958930781555
0.2315852349152066,0.7882119391177518,0.6836158628848584,0.6933466525659564,0.6984607766052944,0.7394800735779608,0.7207532373808028,0.7875524535365102,0.7909531971990434,0.7432790027706693,0.751134656201327
0.2261817976596064,0.7279285232446081,0.6913193754299138,0.7090225136003458,0.7272390549531768,0.7422401427896924,0.7141488215420371,0.7456060949006684,0.7254774305026775,0.7858026595264269,0.75093843267228
0.2494575904652263,0.70985460153918,0.7406820798346242,0.732064664705369,0.7147129934761209,0.6990796301207752,0.7305018186107846,0.7104842092886632,0.7650898520362577,0.789038223670077,0.722945282115696
0.2536674817430842,0.6624456378730936,0.7015409939296742,0.6803545064930605,0.7419591718991689,0.746446690513508,0.7505293268063051,0.758339404295755,0.7852149836065905,0.8010543906136733,0.757249281860769
0.2778311728001441,0.721698362988799,0.7131256296067017,0.6611537654765345,0.7033148022372343,0.754191015265089,0.7396898330342158,0.7646911346531087,0.7876465549589293,0.7472155976401795,0.7109940512199031
0.284363152424899,0.7023652721539378,0.7148585755196073,0.6364866609135258,0.6690263931042686,0.7456878276219226,0.736864767567662,0.7412758741064613,0.7610746472788369,0.767612134294333,0.7538747271549499
0.2657751905907933,0.7080809118619823,0.7174423009467488,0.6114937820826748,0.6948766453284662,0.7661376844626071,0.7543023118243879,0.7560928108388224,0.7145152954814912,0.7063284484989977,0.7838497554161408
0.2645285418342427,0.7097023967887091,0.7159845806806342,0.624798443428286,0.7127274607967108,0.7638226626070685,0.766582018761893,0.7832113562897296,0.7350933002791424,0.7181006738239861,0.7878734054111611
0.2931023963378927,0.7236918941282471,0.7393749516384549,0.6568934759920881,0.7103610408610348,0.6683035970785317,0.7809675207647262,0.7737499668495892,0.7485350154170958,0.7461991594535993,0.7783959777064179
0.2762247802164326,0.767495849798751,0.7374228998825321,0.6851422175222817,0.7199828699874453,0.689381051899679,0.7861091034402556,0.7918627196910274,0.754384784859695,0.7470457246760458,0.7540387790228517
0.2560580054780623,0.7546456242883618,0.7588010782654538,0.6542336492389393,0.7175999955580361,0.7296325632028918,0.7321514587915519,0.752816659189482,0.7008355395220598,0.7255843518510069,0.7732342176673118
0.2418907162028155,0.659287941318564,0.7591831146527351,0.6723294142524892,0.7019000613290055,0.7295716786629236,0.7442013655037225,0.7657023562943785,0.7530428843069159,0.7398359934997558,0.7309527253520139
0.2713683127251395,0.6881866889364988,0.7485950808857377,0.6241898079623763,0.7098215471841114,0.7503164144896253,0.7428941902114371,0.7319435345664895,0.7602533464164449,0.7377847544309035,0.7474960192441669
0.2512646075064331,0.6584385809480254,0.6843329441317242,0.561086250687151,0.7300428939083132,0.7508227705799676,0.7537601056020377,0.7446335133623263,0.716653915191655,0.7498608587529287,0.7722889832239124
0.2614063019365245,0.673142271086207,0.7322847440865211,0.6609837598614487,0.724099968200934,0.7031900091653267,0.7558165537265042,0.7587045272301316,0.7407206005243312,0.7522912432772387,0.7689201830381547
0.2704004038647588,0.6737380030429623,0.7158033499512665,0.6145637733117066,0.7460258145470355,0.7307499762787334,0.7522612261744519,0.7674991030225773,0.7506450265550331,0.7677559354415049,0.7754920833342972
0.2699902528919232,0.6476485461214914,0.7422103559562099,0.6324901962353147,0.7653471780699433,0.7607124753300926,0.7267660474757561,0.7633583600773984,0.7298271139179323,0.7764298057251642,0.7660076536500166
0.2360166362216181,0.68418224822116,0.7169510986790414,0.6322839011351361,0.7369442597194724,0.76260760819952,0.7425348660123942,0.7528706638923329,0.7615770364560566,0.750135231761943,0.7407711616563413
0.277063831477922,0.7116540514377181,0.7457265147989196,0.6049423132539561,0.7092549415867027,0.7517957300920562,0.7323498200192103,0.7556512816683305,0.7179331162297232,0.7521081742907159,0.7534715890992298
0.2502750614554769,0.7252874523721744,0.7376415406191167,0.6237537787835951,0.708795923521446,0.7223259839016795,0.7052548767887061,0.7579324925979365,0.6989713305146473,0.6927574597668853,0.7481643600696383
0.2354686170376532,0.7409072471567628,0.7556579331527212,0.6343573320369855,0.6987063784180011,0.7459146911202075,0.6982806742635438,0.7594268127872704,0.757794897185043,0.7299429174094827,0.7708139932297582
0.2541154798334744,0.7134586408715365,0.7569543990222065,0.660856681597203,0.7004963303556422,0.7593574668391432,0.7310658988726992,0.7636417566320015,0.7683046498953954,0.7463195791954849,0.7758628798285355
0.2770050632116718,0.7428206182678889,0.7811117972107791,0.6697832897497664,0.7115277786128822,0.7741218433218706,0.7432131718582856,0.7791856773861361,0.7753080919703204,0.7502785378260246,0.768244503380148
0.2916078629627247,0.7584602226451457,0.721758368096337,0.6775025290188645,0.7119840478205604,0.7073209563348133,0.7167590908195485,0.765063621740051,0.7854051526665804,0.7376515555225227,0.7857709774912509
0.301889090043534,0.7273262377893097,0.7212808473563119,0.6827259155996064,0.72259980652969,0.7340367239250665,0.6868445642202807,0.7857959818825188,0.7624368795782834,0.7680518341561641,0.7755746553097417
0.268988219412775,0.7057058264105363,0.6829587442786272,0.7224433199642509,0.7181910108479095,0.7609017453346217,0.7387782805486018,0.7877143105262995,0.7648735456776636,0.701440566781602,0.7886538988817097
0.2905586681470813,0.6920503352647731,0.714283275666929,0.7262003538534547,0.7364847582796419,0.7165480802144375,0.6791851667849198,0.7844690410230484,0.7758514895936581,0.724041808690433,0.7629901428205825
0.230932919555433,0.7060353947955436,0.7523824591019881,0.6323517929167212,0.7376929115251158,0.7477451189267575,0.7095071565215827,0.7854291292657726,0.795064035848697,0.7437379529097843,0.7775084205699342
0.2240588032929555,0.7121899319623956,0.784730728551899,0.5854365608310539,0.7058102675246614,0.7028284979974343,0.7429115536086056,0.7664784378411763,0.8206224569625749,0.6743743240457333,0.7768622919771939
0.2313282843890577,0.667249417045303,0.7140638859699013,0.6080295872389101,0.7000889708615067,0.7218264021355747,0.7467719934681729,0.7949561030021571,0.7786811218124944,0.7068353318496451,0.784993067033216
0.2585355485765728,0.7338742462986922,0.717313491368164,0.6458200936410402,0.6972770450283589,0.7362080417891931,0.7275119825466682,0.7430847187354136,0.7373110476614956,0.7108510973735657,0.7644668322567064
0.2368289316153034,0.6961712368304274,0.7304921137263285,0.6914825757110787,0.7142601018208247,0.7420778807439385,0.7126951214533576,0.722826373984972,0.7534951561289407,0.6918319303924051,0.7289765028951914
0.2055643916531752,0.7058666418817696,0.7088130762918392,0.6738920942126114,0.7254097576952827,0.6975744560423941,0.7332618311737746,0.7656235326748784,0.766531161160138,0.7266562254025752,0.7364430694485116
0.2360881503297322,0.7106766368764488,0.7031920172455353,0.6943493099864328,0.7259201539720042,0.7649350369095165,0.7152448532021026,0.7904351705133273,0.7873859320673425,0.7268494493105044,0.7801694212086874
0.2276630100002916,0.7401631496621115,0.7403813754254447,0.6671144232407259,0.7550508636854274,0.7734284411253063,0.7313878829874394,0.7297368943606397,0.8024361260736552,0.7551826245923502,0.7906376524032941
0.2383210517068265,0.6903011590105471,0.6484784232234535,0.6876354273664873,0.6603333805837561,0.7659283614815188,0.7139925529885899,0.7497268000792082,0.7675497545172673,0.727056950280619,0.7937445906881133
0.2519765817701205,0.6948293700192457,0.7152160019032108,0.6922330407075057,0.7159987992299617,0.7187193139145059,0.7254999721273783,0.7982707181704469,0.7997180361832457,0.7320732670485051,0.7693030583001847
0.2436011679844512,0.7091788023950981,0.7221729948146753,0.6838372500762353,0.743138221983621,0.7467588302532373,0.720055473210226,0.783317268912479,0.7767614413457136,0.767247541960933,0.7400622013874989
0.2212803404328949,0.7199938920677686,0.7384471612787271,0.7010565315129444,0.7337897219375342,0.7018204213571246,0.7243611033827702,0.7908679226845994,0.795915815632203,0.7710356712659371,0.7375646779909222
0.2614712824397913,0.7200116759603583,0.6479639356205847,0.6042520075239878,0.7439259599850638,0.706042314864751,0.7432411736946705,0.7919847320287381,0.7886904009298479,0.7435159570286779,0.7742831028822759
0.1956129631986058,0.7252698871292304,0.7135318782388039,0.619644818185557,0.6888553103293876,0.6967467004989901,0.7559483913450435,0.7861394604252403,0.7828263313775372,0.7359736172094115,0.7339621726978826
0.2319694765794538,0.7236676496964054,0.7372006335628647,0.6073399967325807,0.7331170782249579,0.7044382304624485,0.7634002105556073,0.7965418472279533,0.7717646801613482,0.7116347784399335,0.7577367992359485
0.2402571229962864,0.6984458018638111,0.7442387342458928,0.645813412765377,0.7121417668586778,0.7345287801999256,0.7752481751871976,0.7618481563256593,0.773987158052849,0.7297182708538335,0.7640313784232297
0.2779057269783278,0.6726000015828227,0.7420162766163528,0.6839786621152752,0.6497254614273097,0.7478528407498093,0.7117629620954926,0.7898006021637854,0.7773509221825485,0.7716484559274068,0.7721850587469353
0.2804460020076749,0.6886298144838605,0.7594955835639905,0.6315599973733491,0.6730452456411387,0.7458471788162383,0.7188914309639332,0.7862860266392965,0.7624256875459852,0.7374887998895733,0.7493444827133457
0.2486603839831069,0.7583133628345626,0.742526111648379,0.636819009861929,0.676485054161889,0.7097868137469511,0.7061364588758888,0.8086086443502845,0.7726918168699002,0.7127632876331119,0.7597210071572518
0.2762652874444816,0.6945932496150041,0.7574328222834613,0.6488640073262089,0.7037108390420983,0.6414126434976856,0.7156465201438758,0.8187640340943438,0.772589820755138,0.7560605266638067,0.766704541523288
0.2801671547393788,0.7226416997538828,0.6619579731686445,0.6646074284481194,0.6997331834653353,0.6853518999317443,0.7354025544690285,0.7855414416893264,0.7452882673368617,0.7384805953392308,0.7762535121028362
0.2886977145399457,0.766436283699603,0.7173479889890253,0.6843915776924796,0.7304645133737566,0.7221903263087173,0.7427246796090137,0.7897260356901106,0.7494753493562298,0.7407060038104825,0.7624644809460943
0.2876314219078708,0.6827876167260893,0.7080807869471751,0.7183130790457977,0.723990398535736,0.7252885236740749,0.690023640413146,0.7969505470639047,0.7700539020469581,0.7429881525745626,0.7705229266699298
0.255283786175858,0.6908496854529926,0.7301800143274099,0.6444019677113663,0.7240003849781375,0.7331014632079607,0.7073243838978394,0.7441776594149427,0.7661610591413599,0.7583639883079671,0.7671885798237006
0.2533962497640238,0.754017226851917,0.732369563450741,0.6860285204068554,0.7194182478794974,0.7450135899475073,0.7345106107279095,0.7550980657275361,0.7585355138803291,0.7516271624785198,0.7708741619434123
0.2658400228187692,0.7264441172928867,0.7636779735551376,0.6610179260897074,0.7453614642485836,0.7173701362642849,0.7218127880993167,0.7332425159487683,0.7645475962631039,0.6919798369408998,0.7970991462284973
0.2398995563690151,0.6749409935521196,0.7564007199734473,0.7173996686369835,0.7483266504270925,0.719707393570687,0.7352913641187909,0.7609557601969303,0.7543552725700281,0.7474809764326855,0.696102885700979
0.2727446808596701,0.6478491957232748,0.7652233377911288,0.7057526482639196,0.6371064900157348,0.7237977652617625,0.7049549202578956,0.8090252322712722,0.7820091693128398,0.7621580888101426,0.7345229228558098
0.2476422244411617,0.6775496447189457,0.7820364155689065,0.6469984571869133,0.6833475693523203,0.7355801640593902,0.706660102956067,0.8211917040665367,0.7710214547839125,0.7067379859406986,0.784874126878298
0.2614516919188413,0.7077535691770891,0.7826443100789537,0.6792835913058644,0.7047068535268854,0.7419083941580397,0.7392602024026319,0.838212922057723,0.7666538081315549,0.7229299719424866,0.7421561437423048
0.2152634977848531,0.7436646069058959,0.7971503821312074,0.6742962052570652,0.7301409486517101,0.7431497100529204,0.749341749732674,0.8019676191218053,0.713767068339407,0.7366639434275052,0.7732489082314701
0.247364257377611,0.7005724087645844,0.8134253558478115,0.6370711963684478,0.7295028828093608,0.7634805676271557,0.722556961069944,0.8192965102558154,0.7403644185387057,0.7449762165489753,0.788465427562691
0.2418966537787501,0.7379608209619491,0.7230188524609268,0.660318222970815,0.7313828635146492,0.6830805512261011,0.7280891655644177,0.8076081188510011,0.7658535846685972,0.7536391611215698,0.7513788581667608
0.1733331639987697,0.6352810455961166,0.6891485733783081,0.6190070412878544,0.6924060410293347,0.7073265736026898,0.7536960725238493,0.7750641512129991,0.778459034158273,0.7496100566255166,0.7795313902775142
0.2178519240440971,0.6868622524467585,0.6950888938600928,0.6290024487456977,0.6948846512867574,0.7239053290807016,0.7484241085663169,0.7861113483180551,0.762936518923721,0.7247492660186204,0.7237812596100002
0.2373068240732829,0.6971719395996612,0.7285322771233991,0.6754308879584616,0.7330422714234912,0.7099744890220153,0.7618023331010012,0.6663779843488218,0.7899610248119839,0.7252872559020745,0.7116404071774881
0.2071407864010772,0.7102551932302423,0.7395768347002476,0.7004556082954374,0.738195391012316,0.7386053962921592,0.7008021950373272,0.7073702158718178,0.7492909853336366,0.7281811063593606,0.7606248165920606
0.2268552310870659,0.7438325030243687,0.7404919014901395,0.641895001468625,0.6960360702360744,0.7526574312943257,0.7076695719842334,0.74869850607359,0.7821560516877515,0.7458021692398183,0.7711508968850667
0.2539100590548586,0.7035311113813468,0.7883911767455971,0.6232127767156997,0.7062837446559169,0.7253229280377075,0.7548660512212191,0.7573589006886223,0.794724227853504,0.7635191281330167,0.783362962793559
0.2338713411283529,0.6953260486502922,0.7385929634348006,0.6113151908117371,0.7150226074268012,0.7429790749507439,0.7859467855860729,0.6873025577404244,0.7566992230586863,0.7844510368464455,0.756832346982505
0.2687132285688405,0.7113038521334346,0.773839801700476,0.6439682759789955,0.720373694872118,0.7437467870370623,0.7592163431001457,0.7502690766817246,0.7308543255815477,0.7641187780158661,0.7604839565972811
0.3134955379571079,0.6837186346694779,0.7529712000807695,0.6296185817539593,0.7355672313552895,0.7557563103257116,0.7607110972192732,0.7560356908906505,0.749649463562126,0.7573070342906016,0.7738352762848612
0.2369128721907134,0.7097424050491989,0.7572440337530264,0.6248302644559514,0.7138395637700132,0.7527305104596824,0.764161670859433,0.7799685492303088,0.7821181280318472,0.6906078968322548,0.7111538366975361
0.2544611067553231,0.7141294553573468,0.7253507124962165,0.6329428511236634,0.7389240714860603,0.7606184165318782,0.7076387910957302,0.7831793001740219,0.7510121835375286,0.6923908436482573,0.7154816535460751
0.2671208815602901,0.7275158358374174,0.7566652658232264,0.6549302422944685,0.6752318086993361,0.7396493717461792,0.7182307107697499,0.7241613010087578,0.7960201158662157,0.7299371390283251,0.7376789743356547
0.2674323494582591,0.7389354918748974,0.6903008784587051,0.5924588018569407,0.7097866909996462,0.686088819899239,0.7492863261693337,0.730317847830962,0.8028743090479844,0.7470208107247434,0.7790342804734428
0.2679745976143176,0.6419121222398353,0.7556986083232865,0.6270160274656926,0.7395446420003595,0.712739060918777,0.7495179034910242,0.7602310684393683,0.7828512729436699,0.7275745983004783,0.7710039925284657
0.2167161957832042,0.6456996780389126,0.670021156127332,0.6228527701514024,0.7104314409408938,0.7355771433320583,0.7632164348497156,0.7626425389836018,0.8095710621124264,0.6537488290104908,0.7774305199659269
0.2335540184624399,0.6703649110311369,0.6568038648938564,0.5790913266896461,0.7286042228625145,0.7637872283534943,0.776441457663311,0.7390238758222011,0.7528927173765755,0.6959998478603298,0.8110630178500562
0.2408933926537024,0.698185483535447,0.705429355228522,0.6291330138075507,0.7409718965815917,0.7317518019180606,0.7677716708408694,0.7658580760235254,0.7683206946719988,0.715434700039379,0.7289739685623399
0.2517452917823422,0.6965720809613913,0.7157454234509442,0.6387881304507758,0.7295340804812804,0.681338325044693,0.7382828100467638,0.7804721239916543,0.7748889269602006,0.7386427240358533,0.752400064475688
0.2672417438205516,0.7092654577707571,0.7423068891443358,0.6516847423922301,0.7357874369596454,0.7191191913557928,0.7028104818278342,0.7556306886720386,0.7685601646900645,0.7043331226080256,0.7592923107412979
0.2435165663555452,0.6609928185817793,0.7666861703675106,0.628313932974314,0.646756395831538,0.7039017029743859,0.705420997285545,0.7634860317354895,0.7801148181967956,0.712894221330175,0.7644084871708945
0.2433471887745379,0.5902104387305982,0.765499452377828,0.6678723576256619,0.6887977756731514,0.7095770582663992,0.7310139873183542,0.7706260510054685,0.7054849182973498,0.7423652532684093,0.7176134622574056
0.2570751546250113,0.642099808804822,0.7320589591075796,0.685764957272119,0.6993357190939746,0.7281657452728199,0.7272654971528585,0.7647960454449836,0.7607983007651756,0.7573002816236206,0.7194991442806151
0.2470534681178642,0.6490548612003022,0.7264925214375995,0.6619116305779329,0.7039844221399798,0.7388943846303768,0.7054253485427558,0.7811736204550362,0.7407093615838274,0.7516736158706812,0.7652408778555899
0.2489435164018226,0.6931612598984225,0.7637509160001227,0.6426104513273352,0.7317907010343063,0.6891276170178846,0.7493721726870348,0.778821463922892,0.7680529244598704,0.7231114383603079,0.7442625818387988
0.2825044158787641,0.7067943311613557,0.7625152892005804,0.6505174041521364,0.7529430878556058,0.7048107518209852,0.7565954787604126,0.7996164657308806,0.813809946888681,0.7680561081967827,0.7466955597926425
0.2432022634679773,0.7081969657342755,0.7452405417858194,0.6510390318053645,0.6722561153074949,0.7379430444812758,0.7265678934622205,0.7630099645928412,0.7603068274437226,0.7588098684638008,0.7896714361519114
0.2475962916158295,0.6189018543090741,0.7425613843136212,0.6343193382804191,0.7061119601109274,0.7194304316233464,0.7188483947908343,0.7399466840054626,0.7921750293635591,0.7191999045111904,0.749743475809014
0.2450669585001164,0.6667877658832817,0.7433529420768172,0.6044228062664129,0.6872813379323311,0.7037106621037649,0.7477747165981818,0.7503010946241719,0.8049699842350044,0.7608732991234217,0.7275707477542239
0.2501614997849767,0.5926151136683626,0.7561126268549787,0.6715678849889364,0.6937761363108841,0.7318602721067529,0.7591359671743806,0.7922207951771127,0.8174031504016148,0.7215016072792344,0.7581051483100607
0.2215804280436612,0.6527841342176155,0.7005982692255797,0.6507947812808954,0.7126425545318076,0.6861784030703271,0.7830861254054177,0.7702768229971148,0.7459751205778348,0.7521601323994558,0.7752775239362355
0.2535707190226838,0.7044754294022542,0.7513903396037329,0.7025162064195912,0.7047537363723966,0.7310374460022493,0.7356582992758058,0.7315328402247421,0.7437396807675756,0.7576220724371854,0.7629212251880361
0.2636415157243285,0.6943471955221011,0.7522184550861253,0.639318847548469,0.7299054870730296,0.7406469645849167,0.7468193648498459,0.7180835417518902,0.7515739150040188,0.7089813662416256,0.7677229400116496
0.2206994963707248,0.6113540943620883,0.717001665023344,0.6731593699489876,0.6863477240176328,0.7049997301950475,0.7930430615221014,0.7377867798444342,0.7161469481644274,0.7190114778057655,0.6988557568457895
0.2420344664798055,0.6470013372438304,0.7488004560449819,0.6568588368391791,0.7285199618266134,0.73094229109735,0.7654416349307551,0.7336967329830933,0.747390392644512,0.7261963595788232,0.7124626550083635
0.2461895351707986,0.5679499180363009,0.7642549641108336,0.6798229203673707,0.7355041431616207,0.7058389397414264,0.7176337887534383,0.6788382257955013,0.73873247974839,0.7302739771314579,0.7471664149892281
0.2549883049254179,0.6319287540022231,0.7848563470654284,0.6226465921315565,0.7106962439433181,0.7232264171319147,0.7545961137557763,0.7148477634574213,0.772236377089143,0.6829170052244615,0.7730956838984817
0.2595953797359906,0.6720002128485228,0.7555609509276014,0.6470337126057966,0.661866946863484,0.7691619656685826,0.7148079212429268,0.7550885653234778,0.7852345668097955,0.7224145070807788,0.7906158215815946
0.2613170070847052,0.70327546325529,0.7589919703709018,0.6638162549576594,0.695617049918843,0.7754212862867151,0.7558361896717284,0.7599950989448545,0.7615089916365985,0.7535710805091287,0.7857907183466522
0.2293091994369843,0.6873130261310583,0.8094225513968034,0.6406409868279407,0.7111197908397001,0.792194084896474,0.76711312312347,0.7531440432908318,0.7865574154211301,0.71993219880725,0.7546938484416086
0.2455431703077914,0.692236530250421,0.8256717280418356,0.6995930808575335,0.6979052729050645,0.7619256014392609,0.711133135126989,0.7841516894407657,0.7684392441172057,0.7197344830865502,0.7705987705593458
0.2760638548138798,0.6188683249635957,0.7782616213335565,0.6179634531719701,0.7136103339479551,0.7625894649416267,0.7172458942541275,0.738189514863776,0.7803521862254004,0.7249693804195549,0.7797063254296758
0.2657912916384958,0.6582643139188721,0.6587396203574262,0.6685494525090637,0.6863210751866511,0.7366606528515758,0.7472238582587476,0.7674698277747813,0.7756602715512796,0.7209137362755373,0.7412395626282489
0.2813232683339365,0.6139904385979502,0.7190603618210267,0.6556482499394687,0.7041593615899426,0.7572908584499132,0.7359262731442627,0.7259587786250338,0.76457684946928,0.7483632205037257,0.7571756677176186
0.2391803764201648,0.6024521736834816,0.7319506096239536,0.5977968044083339,0.7300657113130181,0.7704656479304897,0.7207528848762035,0.7263797253375307,0.737326993341545,0.6910270815249816,0.7678544499040552
0.2628152516863838,0.6032902806936296,0.730063123766681,0.6495888214240189,0.7480853650045626,0.7737317395907781,0.7290744905387229,0.752920311536939,0.7927089871818964,0.7420273667089297,0.7596245494682876
0.245503322666314,0.6052838851339157,0.7444648983564099,0.650841345217302,0.731015216533707,0.6839982412949865,0.7546260536226922,0.778449018335128,0.7571969806022594,0.7426654259011884,0.7641822983748019
0.2497208663242782,0.6503412611012775,0.7254163740313335,0.6613666222146772,0.7224710606228795,0.7399463693767285,0.7791945513629919,0.7559513033209354,0.7336431590663351,0.7617552004330789,0.7696656363639258
0.274363672162661,0.6731718312175139,0.7506420560460607,0.6163392706673986,0.7020069600355204,0.6828375239604486,0.7842470456430479,0.7430037864523508,0.7351164628588407,0.7542024231814242,0.7976226771559825
0.2689357816674725,0.7131122648499921,0.7491336605377183,0.6248235491445685,0.7124026903897969,0.7210196921051484,0.8048771455416271,0.7707766271568024,0.7522021734371445,0.75429254131458,0.7374439882786753
0.2836613180988084,0.7511842139829572,0.6717683209340414,0.6474486007911809,0.7054746871543158,0.6955770547572528,0.7418738154621044,0.7813074804560882,0.7210438551387085,0.7664435269909725,0.7631216975248563
0.2951287933006211,0.6935589563975805,0.7086407699957937,0.6732289102755888,0.7036345417434032,0.7369468514874694,0.7148130050014074,0.7403987786923547,0.741662069227795,0.6781818197619128,0.7502423658617023
0.2886072317803813,0.6789705232606363,0.7403972686337557,0.6853936275134733,0.6872141329136189,0.7416301806398944,0.7446645728286034,0.7832176762104208,0.7604129992226639,0.7090840567000094,0.7624402653587847
0.2800172732176144,0.71860467024409,0.7807053329663229,0.6883695032677258,0.7134035727087116,0.7554984436831149,0.6582262836863482,0.7981664522707592,0.7951826264952018,0.7510752897881396,0.7694271830995449
0.3013845805216578,0.7451710765192359,0.708725546669221,0.6429493771043261,0.7130832064843943,0.708505134106037,0.7107170409020116,0.7003352364790464,0.799672035657657,0.6947270302281636,0.7270792990916353
0.2513251415267102,0.7388845096348292,0.7444704588105291,0.6358282502470224,0.7148233418955316,0.7353875670080875,0.7288524903306577,0.7464081022555651,0.7509304392100765,0.7602621200312822,0.758511688435201
0.1884042319702521,0.7609933594773379,0.7751993351757676,0.6306971325550165,0.7182499781082801,0.7612931981403521,0.7626710187219987,0.767503053645736,0.7708727304388769,0.7732176441789314,0.758721542609784
0.224101921377854,0.7656054924620335,0.7129935084643494,0.6423136249694785,0.7520230320028423,0.7022825045223718,0.7876485546027578,0.7726596168969322,0.7511874931231778,0.7498245427136837,0.7632869635752906
0.237122931198788,0.7609536182213513,0.7150590332961254,0.6927308254209347,0.7381491283393244,0.7182915785196118,0.7663808216476006,0.7733468615725765,0.7692679705003231,0.7455826878819333,0.7978373181662495
0.2539869782810973,0.7182700512044727,0.7130266353260699,0.6907797958185681,0.7180636004288357,0.733314753528688,0.7696499409441868,0.7922727513912684,0.7776913962400213,0.740936160138508,0.7857281156255967
0.2132072395744094,0.6458176476973309,0.7091330593929561,0.5815987291362765,0.7218906457712349,0.7367037077069142,0.7794464647839907,0.771785828958589,0.7849021863156129,0.6990987705044575,0.7842309436898425
0.2516728900101272,0.6854047655871871,0.6557398220409607,0.5527108719048955,0.7096831210103196,0.7093017722151936,0.7674481814022669,0.7339656232664494,0.7927891455206724,0.7101871988528046,0.7930437704162108
0.2529548418425086,0.6515096507464728,0.6980965679252598,0.5706055441791287,0.7251023366795839,0.7362431754710339,0.8166003017165722,0.7534021435737168,0.7286954604290373,0.7292536240604128,0.7401668085744266
0.2543139107547055,0.6894637840433778,0.7416169904052607,0.5906105528389598,0.6609815822903797,0.7163808492664817,0.7973566461534585,0.7823868188259286,0.7533570678086601,0.6915075990130665,0.7664237561620159
0.2615137722034923,0.6956445646787509,0.7753665267488108,0.6439341014265034,0.6650963490227086,0.695519507726979,0.7565531901292571,0.772486676426231,0.7528586833347096,0.7085600667013869,0.7781565072374508
0.2293855706505963,0.717602661849517,0.7357467803474216,0.6535081653129395,0.6981274302279046,0.7236938965878096,0.7190718966035624,0.787079922640578,0.7073566323608662,0.7306534453735538,0.7813063513506757
0.2392962898895647,0.7302991232798879,0.7246362598467886,0.7056589861625271,0.7135469182168719,0.670921608569969,0.7230311936489573,0.7555404008439153,0.7539263941579832,0.6994197199653072,0.7631456374126993
0.2394130347023463,0.6622800962049291,0.6943576621822379,0.6361733179297807,0.732540640226134,0.6748103660144014,0.737319841026676,0.7712500279679086,0.7818883075015128,0.7253110114802377,0.7580647737649178
0.2502999802743013,0.6881693064806068,0.6889964058447676,0.565813852257328,0.7076915434632938,0.7106344182966116,0.7729549965149651,0.7421522514789846,0.7822924684578233,0.7049633540405245,0.7348214307767988
0.2301932854581296,0.7012183198971996,0.669134111203828,0.625110621554396,0.712256434544353,0.6866741453455454,0.8038400188931982,0.7211088067792029,0.7470761193826161,0.7188086333798906,0.7499974768808209
0.2411371262948281,0.7107573298771792,0.7308463959009068,0.6422638074812628,0.7079315008523356,0.6981905752925806,0.7971358051356141,0.7578133659564694,0.7956208373425404,0.721804686492062,0.7746396562503286
0.2388560223155419,0.7243695022147474,0.6568566076644438,0.6675201821192767,0.7274857251967087,0.7238062896267967,0.8075723153098816,0.7661924622677133,0.7589510545628368,0.7303510893733025,0.7881046603693669
0.2673373597970644,0.7511849762127485,0.7057169801427328,0.682976010003997,0.7029538038858145,0.7377768207472954,0.7619144853077225,0.7365558677231283,0.731454361069399,0.7353074681072277,0.787804688220613
0.2507183078314319,0.6923080088942913,0.7165814106443587,0.675454479759854,0.7095194378034462,0.7206899997332936,0.765497814944005,0.7381082376714637,0.7514087666730175,0.7390457120845262,0.7531782961339545
0.260976256276773,0.6493145532933909,0.6835113446090175,0.6636398416487677,0.698646398073334,0.7440341471703052,0.7661056702927413,0.7426056943895555,0.7571346743404106,0.7283753035346258,0.7652349321539861
0.2647889781641315,0.67553990538549,0.7149899826701573,0.6891779783549538,0.7489037257314908,0.7343898330879038,0.7811096318320672,0.7305460861826195,0.7806552309622299,0.7309105484874152,0.776104164811057
0.2176284623414112,0.7057733483129105,0.7243544025357791,0.6257453235187705,0.7255828955648261,0.640561015275092,0.7823720619196397,0.7401276650809891,0.7619765594319888,0.745056182335425,0.7323548378891455
0.2138978184205172,0.7164446311618426,0.7364532214261859,0.6008187330589847,0.7211618048783467,0.7066518850594591,0.7680654165126317,0.7559091594620264,0.7792003181596554,0.7393248931310831,0.7339996133401683
0.2179630182846824,0.7461279824612606,0.7205541189871982,0.5871063449043578,0.6833418404546158,0.7208017298215617,0.7758724769578976,0.7812089561135607,0.782243507003874,0.7024125275045024,0.7440249267292733
0.252615620266537,0.7200403303307189,0.620148296133101,0.5457798932915716,0.7316877903381596,0.6683812112705037,0.7591995098992204,0.7472895298589015,0.7515400015523376,0.6652016210813698,0.7372708430843598
0.2053209774691648,0.5697172208008865,0.6852029244029673,0.5596990478091375,0.6540807222627905,0.7197543844740538,0.7213812774642743,0.7279169558082873,0.6999265853031411,0.6936208308333525,0.7640951866032727
0.2315028498620043,0.6195460659368393,0.7408831530276154,0.5940075838550816,0.6991905385760571,0.6950520444672047,0.7628701815587158,0.7324512735890356,0.7197590629348141,0.7099910391648692,0.7784088307566922
0.187018674019706,0.6446433531504248,0.7942263780453476,0.6547556871851733,0.7179293571564981,0.7435996470207621,0.7666272329360826,0.7595898564439865,0.7696718572243174,0.7357749651375861,0.7771773278373988
0.2373996623740643,0.699126653412464,0.75816691594016,0.7067262994436874,0.7374519146191671,0.7398289858875684,0.7439047933209588,0.7532478531560604,0.7492185523776715,0.7554955701022574,0.7676018618641388
0.2459443063326006,0.6563758681112941,0.6911237792260188,0.682977666227739,0.7527353805487731,0.663558102777825,0.6757874881287353,0.7563148375966005,0.771285338928047,0.694509309358294,0.7715478999578083
0.2593155098668781,0.6149605590671123,0.6269424385646392,0.7003942330181832,0.7185888198029116,0.7244420836603297,0.7140165654206689,0.7891923950705235,0.7712119893490165,0.7350023221776452,0.7578441876370062
0.1954866409442817,0.6490865962945458,0.6527173143094624,0.6533397722323179,0.707058164998269,0.7411021670666986,0.7216112899766444,0.7576684238423803,0.7923033295668424,0.6978183819732737,0.7844339013058693
0.2297384945473665,0.7177408855492653,0.7039002918700399,0.6194284042189377,0.6868974369172552,0.7503067024700505,0.7348372333251632,0.7703279320287748,0.8139891982184184,0.7536341856878339,0.7450492945211177
0.2497926969224639,0.7408601421209435,0.713428073366901,0.6849124262063182,0.712498584738714,0.6636975659428023,0.7631264120857902,0.7322264885151246,0.8222739065458818,0.7242093762688233,0.7716010336628478
0.2708645575840528,0.7828795628304647,0.7564015375470385,0.6741852099288489,0.7273325098114161,0.6878015680864897,0.7629634081483881,0.7572176745527324,0.7637135318785343,0.7559050469963084,0.7693070440492861
0.2478866234604954,0.692674636977518,0.7277986739753538,0.6801469966373404,0.739072080201566,0.7119182013988683,0.7427383750222073,0.7344038092676757,0.7908981874946323,0.7610734640371378,0.7691309581831594
0.2473534223908637,0.7219057430689622,0.710877302889084,0.6638165313653459,0.7003721399892046,0.7085389237666483,0.7511057987086611,0.7444008285745893,0.7815122884199899,0.7318828380699515,0.7786844951137831
0.264504297952803,0.7121807129944693,0.7364909821166374,0.6787094671246259,0.6804650754912266,0.7114621864297815,0.7509173353047639,0.7575781329182876,0.7829352367673887,0.7384046271060176,0.7700151369554806
0.268666195178953,0.6704748604618388,0.7403300425920851,0.7008934057233334,0.704212767780195,0.7264391647402122,0.7648683487703205,0.755001819356154,0.7976853602035643,0.7380471758624557,0.7632149977457404
0.2688576105327434,0.6988452372471968,0.7413748597871328,0.6847057349298806,0.7164349951621838,0.7445150615198014,0.7654052244869884,0.756463050313236,0.7660116785369048,0.7387547727244986,0.7799312054291725
0.2460707565453463,0.6845972133420484,0.7953394933379037,0.6473453103974453,0.6684257572121641,0.7709754405343155,0.7725111654345032,0.7835607202212733,0.7579801911012121,0.715276952144079,0.7585663606777531
0.2406888854586219,0.6504081778378471,0.7363710485162602,0.6594224175562279,0.6885360053243033,0.7278070554876253,0.7979948095124634,0.7185934694334658,0.7688109980553188,0.7233081710968055,0.7439722071764493
0.1968617986888105,0.6813126698438146,0.704641003003816,0.6792559355203192,0.6817017521226336,0.7332276433023599,0.688970804568398,0.7661739482541522,0.7291794940761094,0.7235734086313695,0.7864529962549527
0.252493260041819,0.6901637232445303,0.7090368412354178,0.6469505287241808,0.7349943490795068,0.696295836261931,0.7386172290070645,0.7960686877388343,0.739348691453716,0.7388911472671786,0.7827821643985576
0.295413828217183,0.704658461946426,0.7255253797468149,0.6508447891801321,0.6844379210678118,0.7123038744415434,0.7505576784599695,0.8054645605542134,0.7563363533312195,0.7631916131349954,0.7722122546830636
0.2268885740431116,0.7152256527058962,0.7629540411112028,0.6597801105094658,0.6970487758553825,0.7149044020742813,0.7772639140829811,0.7135251537966933,0.7606846393258258,0.7632424099306141,0.7343533523289543
0.2378350056320231,0.689482565152851,0.7793521859021337,0.6960150200862876,0.7062201022673846,0.7562905236641748,0.7930719195568503,0.729126898671149,0.7717037299695781,0.7712279546497056,0.7633492693134275
0.2576416120112095,0.6912007819684837,0.7356549457275932,0.6110260266531032,0.7198798863817464,0.7695644411484166,0.7748927279171904,0.7623378452221954,0.8034574555359735,0.7794778838136173,0.7709387141999318
0.2515090906377988,0.6864030616614522,0.7737901746732161,0.5822734135557888,0.7429413066714752,0.7127791493771914,0.7576630466118377,0.7241712450444044,0.8010169674291974,0.7617720024544292,0.7752888833239501
0.2281584791625683,0.7041110561941749,0.7092560948785708,0.6161191590957137,0.7529247721121821,0.740825649257191,0.6856729820100155,0.7358520750233153,0.6887144918784908,0.7762370071590605,0.7868894496632466
0.2519601415418293,0.7261072970877738,0.7104953868391535,0.6499285585716962,0.7746737396371807,0.7460341670493825,0.7048335963804635,0.7698072160141722,0.7370167991812708,0.7532349450583612,0.7780413764006633
0.2800714746458205,0.7556385066200841,0.7131850593783331,0.6721459695327878,0.7708482960749904,0.7463335402254632,0.7235201238296534,0.7739748091254259,0.7812575982334603,0.7680777543233097,0.7881269116443321
0.2800768675298269,0.711407564327464,0.7382814674739526,0.6838060214836092,0.6991666380605884,0.7255266028308655,0.7392674518786231,0.7243888869028136,0.704355055830993,0.7788110389896712,0.7904038595702919
0.2156578396499185,0.6086996367216523,0.7689430992403756,0.6105779764481091,0.7392339997903421,0.7154270077819793,0.7284290156898673,0.7392152388267934,0.7365589582947192,0.7169515666105474,0.7661814658394007
0.240455246278499,0.6745010028378668,0.7284142185539513,0.6755538288233319,0.7446986233867818,0.7354065465627473,0.7899332473846452,0.7473278654076982,0.7476369419860746,0.7395018221458941,0.717771704188671
0.1876362412686285,0.6944831543749683,0.7302017415563307,0.6770475640428624,0.714600805285636,0.7460265549021767,0.7586045696911295,0.770322965835049,0.7932593493893951,0.7251779044994231,0.7020325701507932
0.2416288110007145,0.6916796810505931,0.7669228402772219,0.6032431213221764,0.7159837757493461,0.7640702207398895,0.7772442211845402,0.7595076898752152,0.7559005011469171,0.7160308653623444,0.6925187829054115
0.2603023895088633,0.7143790964189949,0.77430998047654,0.6474944810945219,0.7116386318443231,0.7003600972651159,0.7457188987260276,0.7818339024322671,0.7716777815389391,0.7353538143304522,0.7463109929544612
0.2238954251902887,0.6694132813678367,0.7375970413586562,0.6297368730071591,0.7058228887656621,0.695462418427347,0.7203192338063256,0.7700843198515812,0.7868920579714439,0.7414287141677769,0.7339423482004325
0.2396057513236873,0.7292940052701959,0.7385355018097626,0.6045136588505393,0.7220450152742302,0.6810241465341729,0.7597961322076898,0.7852742812789278,0.7881833973716001,0.7252455704539099,0.7506967957294597
0.202350703882993,0.6852157184742007,0.7628836747089189,0.6301284353230441,0.6898284245838299,0.7386017227048243,0.7422210491813073,0.7378329116651741,0.7245790832947505,0.6664636685242149,0.7585149369401707
0.2514242744844075,0.7067003030125618,0.7488303908413569,0.6136367722302463,0.691776588465878,0.7410404261432209,0.749504681639472,0.6747972227994908,0.7394457323266141,0.6684856033008126,0.7376117648672897
0.2259200337526232,0.7220940612356542,0.7027339035524356,0.6307924485294698,0.7073790344323951,0.7543981122707408,0.7596068881660495,0.7153440687256308,0.7134417308831864,0.6969289979625809,0.78068296632986
0.1878321949837983,0.5401430935495022,0.6379377794792329,0.6764818841376725,0.4908270862957637,0.7385641187630021,0.7313826006914808,0.7237073883315275,0.754463963860496,0.7374359389346048,0.7735086919535564
0.2055236944289619,0.6491694179082542,0.6982649415854375,0.6747639704188902,0.5713703841946831,0.7580320298526515,0.7390028806264521,0.7579953511777783,0.7755830003655881,0.7326902797887096,0.7875303551302887
0.2132562814789428,0.3731588290598083,0.4687765826599057,0.4987490917676281,0.5816874105072292,0.6695732297487873,0.7445201570401097,0.790061206364278,0.7167605413086732,0.7313059779639376,0.724693005138413
0.2049955149223657,0.3852361498018049,0.5110843294746334,0.5041027816621972,0.5009526105115564,0.7227012925755181,0.7657163131154429,0.8256808386069727,0.7656841178601406,0.7666627994981403,0.7558313780695465
0.208635465101527,0.3473294607184888,0.5266672689614187,0.5041057034875996,0.5170487150245449,0.7491357227286564,0.7332367760984257,0.7528905565693316,0.7730014561835241,0.740477754405634,0.7653031775921557
0.2050147465014283,0.3694990187330977,0.4857347980615672,0.5086344312819872,0.5519064255768018,0.7210709537392208,0.6789627289824502,0.7396061648394814,0.726955523823921,0.7485025779514907,0.7876805296518923
0.2061680366907871,0.3920734904068752,0.4915768031504334,0.5111989138590667,0.6023913766622306,0.74046238742171,0.7374684451382891,0.7093947646801021,0.7562185750935679,0.7771884364717184,0.7179476025316358
0.2063796084291891,0.3970173872705761,0.509930486561897,0.5004880112545599,0.5410716516743018,0.7482428584343978,0.6569639225726637,0.7380346723091604,0.742628767312082,0.7862580164158257,0.7466678277872537
0.2062151387940464,0.4347233230701763,0.4204733578517245,0.5924589502692713,0.6087782763954117,0.7499080244524506,0.6808155264088633,0.7567317015117025,0.7665029182317085,0.7260474637505032,0.7526604420170337
0.2004531132666656,0.5503368120992199,0.4850367761573042,0.4962359536954679,0.4809719539973445,0.747377983592769,0.6891116971654794,0.7590663647741897,0.7826067019190222,0.7682323217625355,0.7713498502031321
0.1961910039640219,0.3997035333010325,0.4821944972823594,0.4946785242147543,0.5787836046705818,0.7886922381105534,0.7170337212592284,0.7715281619595802,0.7449900599022335,0.6985331186586498,0.755037411180963
0.1923160783813923,0.4094133338187259,0.4727286345406958,0.5019261897506817,0.6241256133441768,0.7662652662497295,0.703542671517242,0.7858156658667101,0.7460729740011238,0.7117351483440846,0.7894826852710848
0.192668267187367,0.4207504881306108,0.466549502408973,0.506957471545645,0.6484060151888589,0.7217507082759355,0.7482546303511426,0.719975214841811,0.7686827256934949,0.6790373404920168,0.7805570675698514
0.1973376508122191,0.3978826343075472,0.4736292758143798,0.5116796843005222,0.6193802411943807,0.7441898845738708,0.7826141233551243,0.7728271736200782,0.778879478929051,0.7021700158854732,0.7844815854786288
0.1856076665960755,0.3901866696727399,0.490933567414285,0.5177176668848935,0.6217161680161888,0.6977206558261928,0.636199063239114,0.7425412369363542,0.7253114225722315,0.7215470711018633,0.7362099822258625
0.1934540077039185,0.362641607286035,0.4919271034854755,0.5535479735214615,0.5958709434633711,0.73127652542808,0.663728231327284,0.7360635906356303,0.6998370204558796,0.7371487726815398,0.7556753193195292
0.194397538519181,0.3795458049744087,0.459427498286886,0.49072089007675,0.5688772260747386,0.7317139918173788,0.6731238637969792,0.7338194278407516,0.7057204200104891,0.761705905253818,0.7162991526047607
0.1743112773499316,0.3940757354706794,0.4815409269737525,0.4894330355714709,0.6533039394726685,0.7342414009811468,0.7051800160663793,0.7413488265547632,0.7531079303407096,0.7154402863173349,0.7209026490278552
0.1821488544351963,0.4301199448326776,0.4384976799235937,0.5427070664864405,0.6295907036768186,0.712917249465093,0.6996496893572662,0.7159711208868152,0.7076639346929032,0.7046201767782547,0.7521787042401026
0.1874664629759322,0.4212772382399202,0.4432916426058618,0.612466329800316,0.6677706841161614,0.7267398297196073,0.7105796805526838,0.7228928792589246,0.7572049526901525,0.7385116758189731,0.7691187244091471
0.1728000983271459,0.4193051463285446,0.4497617194528576,0.60605849201301,0.684220587644657,0.7483553572358042,0.723000348435379,0.7374853055686701,0.7439043471871405,0.7474850638674038,0.7338219032186075
0.1786920036630332,0.4271355612819048,0.4394900277092661,0.6202559031903281,0.70009073720141,0.7124860538061143,0.7459275321785233,0.7600978961816645,0.7161896957391388,0.7592144685515116,0.7450449959911689
0.1870511962756652,0.3481208036518844,0.4609206738572312,0.531643155069638,0.6508315145110923,0.6966482335666438,0.7473500685190878,0.7880811452265534,0.7621267384456474,0.772039912531163,0.6992302857665448
0.193230427661546,0.3974969241480481,0.488615111045991,0.5481813721978988,0.6691340064348466,0.7335363797122009,0.6382011345672515,0.7532314734497851,0.76681240035379,0.7674692537243396,0.7318984250714154
0.1751116916646088,0.4261645237308139,0.4699536353075791,0.6051045325083972,0.6037730077127592,0.7370079961785736,0.6795834233887748,0.7621062065074178,0.7566070490817829,0.7461379709143855,0.7345757060139394
0.1453158654180228,0.4879390389661731,0.4722022029499597,0.563664592248622,0.6638448207073027,0.7073723413737104,0.7037200509364738,0.7532754810787308,0.7340110793741615,0.7554251207616347,0.7344929919895885
0.1623395881949703,0.3942983289772106,0.4890367277897896,0.6213351063023673,0.6871017110070499,0.740885253235975,0.7250548354679465,0.7760093857357523,0.720780939232791,0.756318551194055,0.7463062483612053
0.1638442529572021,0.4133965469679137,0.4703218539888974,0.6380133101520313,0.7014554116166458,0.7361621974650902,0.7446897630556668,0.7394890298699947,0.7706696682725557,0.6380810935642046,0.749630584511781
0.1861508485890661,0.4812700916365972,0.4956369513222323,0.6470454449057901,0.7097382903106196,0.7620461601288678,0.6986731632011337,0.7515554574938504,0.6562612644368541,0.6899193190657926,0.7304324114764338
0.1754981748983426,0.5203771826849666,0.5044853661904778,0.6649493799767453,0.6647947674965335,0.7585122158597298,0.7349220014935234,0.7481072257754479,0.7405559739701288,0.6995561849794047,0.7444040164625654
0.1860488800744201,0.4039506181689572,0.5057374975091102,0.6907776457567525,0.5908846851369233,0.7532132190032658,0.7392981789355626,0.7504860729166699,0.7430473322425275,0.7429930134482681,0.7667773637481629
0.1937595219176479,0.4806846674786175,0.4393407106492357,0.6998354667745801,0.6107376979373427,0.7511901592396045,0.7351511543891567,0.7742627412081102,0.7755297074127903,0.7478799941495533,0.6691535374074326
0.2016678476292434,0.5617660802686808,0.3587945419931992,0.6685208266022401,0.6359115014956227,0.7383682824584695,0.7733632096083665,0.7968479903025243,0.7735132278887605,0.761559411510885,0.6304220864849819
0.1998575202542477,0.4556136481435801,0.3650973737991921,0.6935006128493449,0.6759319984972249,0.702059609653936,0.730398740613834,0.7941826729262532,0.744317913693249,0.7696400165683612,0.6535945454127097
0.1541907905317528,0.393449047672656,0.3843665579053834,0.700890444517834,0.6992037337364687,0.7389187894290694,0.7562027495732137,0.7553395193391084,0.7689847724045585,0.7482812288315036,0.6117896704276033
0.126856646422154,0.4782738042039554,0.5441963046785305,0.6808090626980184,0.7274506342062056,0.6959367595325558,0.7512556309924991,0.7754413094277126,0.7811793549972372,0.7134854837254944,0.6456046519283516
0.1605482711568739,0.3027316326225452,0.532842816231228,0.7212056536442997,0.7084783163235603,0.7272573392304031,0.7739924049762117,0.7294155694894038,0.7047522977401081,0.7032541146947829,0.6471964262803259
0.1700083309238004,0.3026017322142068,0.2802917774657729,0.6370437696933532,0.6464210551548732,0.7323827055474552,0.6640899570153602,0.7296684499892057,0.6990305459410956,0.6197986183925109,0.602327960765615
0.226673343362303,0.4358815510670737,0.3721511974477219,0.6494849317559388,0.619163588197393,0.6774498803514243,0.689783534401402,0.7661703717178425,0.7296190385854866,0.6744132983588991,0.625653679273312
