RSX_0,RSX_1,RSX_2,RSX_3,RSX_4,RSY_0,RSY_1,RSY_2,RSY_3,RSY_4
1.0,1.0,1.0,1.0,1.0,1.0,1.0,1.0,1.0,1.0
0.4465855367604462,0.7657692328885527,0.7899257952192608,0.794430364379073,0.7600852896955523,0.5625018103795475,0.7823201998969754,0.7864798380915927,0.8339445615057375,0.768792905719235
0.4288105654223642,0.7539839205192993,0.7707569740229668,0.7664806017428246,0.7782605493585455,0.5391277739271096,0.7826289698668396,0.765265681132869,0.8108588314065747,0.7733486442454442
0.4516560767029067,0.7766125071628909,0.7705007778180584,0.7989839005867767,0.7756588800481984,0.5500599088884077,0.7611328405224133,0.7900609139256551,0.8126898870134698,0.7801403424243027
0.4345764155325312,0.7749089530810698,0.8274567112762397,0.7833402202372467,0.7741170297279721,0.5323971704996194,0.756247645985495,0.7612990715038939,0.8074766048886542,0.7883044123949379
0.4407576438456392,0.78981056433156,0.7988693280563486,0.7754086591385768,0.7858705825131227,0.5659462265000502,0.7881194832960668,0.7908040457843565,0.7993524968698382,0.7753944036006377
0.4260915327862681,0.7523076528447133,0.7906618829539377,0.7916126165479926,0.7671524895836023,0.5543893592923479,0.7528005789517661,0.7824896116223875,0.8003800118395512,0.7675222341953205
0.4353094688265231,0.7681432453642212,0.794330921592102,0.7845697383380144,0.7723427371380576,0.5656636009171201,0.7810998420927382,0.7924754612364309,0.7922776890996086,0.7782602225755909
0.4354140060183139,0.772678784719719,0.7979764466609063,0.7822127447556487,0.7653015699894947,0.5381922673569804,0.7911555917553768,0.7706893979506273,0.7996556661384879,0.7830009259192117
0.4411561948779333,0.7757600879400778,0.801059613595035,0.774567789992835,0.7785310831924327,0.5419950606548924,0.7824550861339279,0.7782490206551815,0.797804333923048,0.7887654982957109
0.4255335232795466,0.7358353258531705,0.8099651977851465,0.7779781126957437,0.7690256478275515,0.5397387548016459,0.7783357576384171,0.7768364695997142,0.8031138250980259,0.7796012479250245
0.4372356304679454,0.7556174913094234,0.7899106284870626,0.7897721543283687,0.7774977470946218,0.5479342664880126,0.796451799783437,0.7631776567125912,0.8038002033221259,0.7768275906190755
0.4378129893152327,0.7635287215449046,0.8096291686276387,0.7818454289400454,0.7738543238981361,0.5480537914772259,0.7478871537156488,0.7725799717998967,0.7814415512020417,0.7854986266690747
0.4440597369583856,0.7610774703259924,0.8176928458273494,0.7635333358294673,0.7766992282988747,0.5530651158041449,0.7734621645853408,0.7802219070383631,0.7956316034250013,0.7726762956440262
0.4377924866125934,0.7613537421275198,0.8225878801577123,0.7691009780040912,0.7841428183208482,0.5595247379510238,0.7414022030883134,0.775260414300973,0.8072032979535537,0.7693094994000396
0.4421621277253283,0.6666696461845223,0.7117805283818573,0.7434198163705517,0.7792245073985343,0.5607071439375657,0.7456452483013155,0.7798686688957488,0.8054369155544652,0.7611843839160988
0.4322103446950698,0.7170320962074459,0.7487861512752829,0.7624332465384629,0.7729653809889694,0.541352321442358,0.7645390832323422,0.7774876548553911,0.804638277099165,0.7616557141277013
0.4349129739089541,0.7344078534435088,0.7663591733223399,0.7558553299515041,0.7820280426071289,0.5289873871001507,0.7584747957900576,0.781815345800611,0.8014026560181186,0.7767312737939999
0.4401126638277716,0.6865197184740746,0.7152339595923648,0.7513981054286665,0.7820310977691097,0.5397474778082807,0.7772631819115845,0.7765346320371179,0.7934774802177201,0.7688465291722263
0.4275660178114014,0.6052685137614814,0.7202723579116408,0.7576338719375164,0.7673337089646858,0.5434313561940571,0.7771763359349546,0.7800309155121032,0.7914985473526548,0.7745241815934228
0.437798499691149,0.6337872384926011,0.7089524830410211,0.7657868024704066,0.7776684959056934,0.5393235779027057,0.7800534804580499,0.7511335455257123,0.769685876896661,0.7791346207052481
0.4312317303028791,0.6681893224155794,0.7272904776297867,0.7713340089336882,0.7775351395973257,0.5455276417872408,0.7683911687355859,0.7593567698153025,0.7190973647789561,0.7709450934953623
0.422376052797935,0.6933794798690358,0.7084801317524793,0.7674750971861577,0.7687000655692743,0.5370837879215375,0.7729320104747799,0.7516347563920991,0.735512608201318,0.7499923343635563
0.4299769656414391,0.6966052473002988,0.6876112991807873,0.7537330567272511,0.7798927124365126,0.5455473126868187,0.7406278554163185,0.7482603929084954,0.7482183030074727,0.7619058750828431
0.4200183772104224,0.6871137667030911,0.7121836660256725,0.7430401023626837,0.7823170701430058,0.5513815666482395,0.7665775810626493,0.7557794624143456,0.7349573336438904,0.7729037162200671
0.4117072576189022,0.6906556217209292,0.6873722314253289,0.7451969711700408,0.782528973619433,0.5314972582357247,0.7707314758374306,0.7472834371210229,0.746480619292751,0.7798714334999728
0.4207642719752151,0.6778826500838552,0.7023836282014526,0.7522035225628538,0.7773794229884161,0.5404096968090012,0.7600289592825128,0.7668405580480139,0.7506157133745449,0.7597657237760012
0.4207919341385341,0.6818129467196525,0.7207272913859362,0.7670328700938215,0.7770311874808663,0.5419470309149734,0.7130611010903221,0.7798356919668629,0.7619296187970169,0.7632413427479844
0.4136863332617413,0.6032827103689387,0.7176016303664485,0.7610614275118618,0.7578837827130678,0.5288558094436954,0.7314116245411104,0.7314820698014673,0.697446500780788,0.767808429926072
0.4154891564923005,0.6367952261266627,0.7166056256748797,0.7585431485284663,0.7642894399980701,0.5341841175257818,0.7386229500884645,0.7421070513875723,0.7364024183241197,0.7613320006637679
0.4030824218091443,0.6131238311166572,0.6923985936111536,0.7588198423193344,0.7720885020199868,0.5352880944703263,0.7663438568344678,0.7494216121892263,0.7597723567445346,0.7337233569769458
0.4068419141443585,0.6455929343994711,0.7071106988340112,0.7612961659933897,0.7560307769714698,0.5359812541891813,0.746901446124496,0.7585345463397881,0.7222719647294599,0.745306716105437
0.3999526680699579,0.6743234129293734,0.713102588826303,0.7480936729662321,0.7691940962032233,0.5350104768590558,0.7506256989507356,0.760360128097272,0.7250499121690339,0.7569894134520643
0.4068805591097569,0.6963112814038754,0.7169925378388347,0.7550506800272457,0.7785679835874927,0.5329603331490771,0.7518415610263334,0.7638418437075909,0.7251307621957505,0.7726598254872676
0.4075660742868741,0.6627404999933932,0.7251314233774271,0.7569133880056753,0.7727916195018584,0.5350598817791328,0.7775028154339558,0.7444947141390635,0.7597533108960943,0.7753335036679215
0.4144280522124127,0.6628525900062201,0.6898969281473906,0.735422926628314,0.7613649714198003,0.5398241810125328,0.7484240505165224,0.7532859528646824,0.76391234239476,0.7497151091292777
0.4030208462151444,0.6766948711704031,0.6929711557415987,0.7385709261005847,0.7707193459413071,0.5351667426261895,0.7512698164227037,0.7572775669193925,0.7679385896653353,0.7716241145998345
0.4067264041405606,0.6899202361161034,0.7010481374092021,0.7468221611120499,0.7722138477717091,0.5383573684151739,0.7552047977749278,0.7366887957788558,0.7652987646424548,0.7658074807861098
0.4088873708180013,0.683486443533198,0.7010726635184259,0.7304361422885961,0.7770065442809878,0.5244081654143324,0.7562864844882137,0.7460171602881962,0.7677895181516587,0.7718980243765332
0.4118909658085102,0.6852709516773486,0.7164629564191727,0.746174453799656,0.7768045059443192,0.5120567605568371,0.7580155249691295,0.755310802031487,0.7822639234849069,0.7677376668161442
0.4202279266805669,0.6848966873766754,0.6983113546962877,0.7269582411800858,0.7696376925330894,0.521305666632222,0.7620899762309004,0.7482308978713346,0.7495050168077757,0.776750866670677
0.3957187751979421,0.6909815482148142,0.710491765267792,0.733884503434348,0.760639363860791,0.5130809708251531,0.733480303934002,0.7497749016452692,0.7708622089480721,0.7748656273968189
0.402968812811156,0.6818127581941861,0.7180246037144484,0.7478107123640756,0.7639558785464409,0.5296627166665409,0.7431197625743636,0.7568542059060992,0.7905628842300709,0.7561958032072715
0.4081001455558627,0.6854756953054295,0.717540051952699,0.7345938497102348,0.7755230541521867,0.5088139280003263,0.7384981129615804,0.7486650018653539,0.8020409833972557,0.7663955518378976
0.409831367020478,0.6861718584399945,0.7107097923415457,0.7249390769015811,0.7678238739901846,0.5256686806696509,0.7465592869453453,0.7506489114621006,0.8043323824787878,0.7549219921327642
0.4027814904485289,0.6843131268274267,0.6864255113839741,0.7192156928562272,0.7713428020662314,0.5030644589403188,0.7293852151968055,0.7445330291662344,0.8069587820690903,0.7593031450604655
0.4051669170720358,0.6886929320043113,0.7119199707310675,0.7406321787604696,0.7711944050826018,0.5291302472452575,0.74732273590502,0.749499683837408,0.7759449156027858,0.7579625034187878
0.3908488254967231,0.6681654791021207,0.6934696012608003,0.7262323373756673,0.7582546038888184,0.5106431191360705,0.7438271671899577,0.7545341096362516,0.7728454152090075,0.7684456828432138
0.3952611025236784,0.6845182375217564,0.7071806659983231,0.7365287855316347,0.7572125063813538,0.5269106303009301,0.7599846607754097,0.7539439601802504,0.7842963630048625,0.7604085690833856
0.404555212092838,0.6938442744755022,0.7031160665310676,0.7388168078622546,0.7609442466060097,0.5187498493768726,0.7135612450233365,0.7203188192153435,0.7631031336714637,0.752338792009253
0.4113636699105214,0.7000669449965751,0.7173757669500006,0.7101453115936793,0.7615277234697821,0.5363059063367563,0.7405261418191612,0.7390307720774864,0.7848371252669655,0.7617239632018314
0.4096248270158049,0.6901053410989115,0.7190596040613195,0.7321294270148575,0.7513626710108978,0.5345105567086709,0.75662741053299,0.7564076154983994,0.768052431218099,0.7778052776036599
0.4012115586880729,0.6795002483788796,0.7176671344521397,0.7362108421240106,0.7620068039630349,0.5355039888228827,0.7654073037204188,0.7327956601511372,0.7606090922151232,0.7724910220503336
0.4047178182742337,0.6692889944291889,0.7274540331724663,0.743575564779259,0.7604932626785863,0.5260551907968964,0.7799737449074955,0.7323531438562583,0.7470456852901256,0.7736456403982903
0.4084156280206338,0.6818429969147152,0.7350718340797415,0.734234683348153,0.775216588557244,0.5270730375902264,0.7684389658102238,0.7412438734763107,0.7772509877804641,0.7618070779170574
0.4140137005373971,0.6934016132584025,0.6940188532465738,0.7343513322587638,0.7744888770262331,0.5291230086710978,0.7579105610257286,0.7380303636407436,0.7999908102703613,0.7678095832159635
0.4014532978698796,0.6681743702445639,0.70641276564795,0.7377279828186867,0.7683518441606247,0.5355955018751262,0.7652614045052619,0.739812978259591,0.760432401350569,0.7634728475894406
0.4045098858410714,0.6750251995962775,0.7255200819011811,0.7259070228643325,0.772699400898852,0.5326992232814209,0.7688709331914733,0.7421317369230629,0.7861327469585286,0.7611941692574018
0.4038858630400431,0.6633018708533026,0.7289955059259219,0.7215440876791015,0.7734486804468623,0.532924249226192,0.7638393980290439,0.7428702462931711,0.7608949838188627,0.764601543694614
0.394350137428594,0.689934424814534,0.7204370332007477,0.7267489847299429,0.7532938486525821,0.5365512490552828,0.738122346792134,0.7493239030391077,0.7507713211657205,0.7761229291503017
0.3964302968382892,0.669681641251324,0.7320272584066623,0.7129494699836426,0.7603112456192904,0.536701196535301,0.7597887446174239,0.7010154754710765,0.7512406696116751,0.7565760644193369
0.3921909006065358,0.6708545287733525,0.7367921916586881,0.7301557519250537,0.7609693602583915,0.5370495069718347,0.7646917070215571,0.7195958702469123,0.7682991698952051,0.7603699321705493
0.3953126623516508,0.6854464790382422,0.730510712767022,0.7152598948442648,0.7657845173378852,0.5323711046613663,0.7617894452969048,0.6950889732215562,0.7053357798211258,0.7701579708012531
0.3970228251664949,0.642395046541429,0.7220967298716379,0.7219920623979837,0.768375760443436,0.5477150532008154,0.7721635750113339,0.721171215697225,0.7308874137757353,0.7730458659993377
0.4012535134285527,0.6096454961625617,0.7123822523811496,0.7027118176202598,0.7715713292257834,0.5078455169828892,0.724466432764353,0.7233357047556812,0.7480984178414475,0.7757220855828231
0.3833850505109087,0.635381582977737,0.6971633630309872,0.7209808014565485,0.7684251872608263,0.5232921777096453,0.7534929146940885,0.7189038859464605,0.7686486936593278,0.7757031033226145
0.3978364065588581,0.6375731038149159,0.6971087120552323,0.7207560549639105,0.7760697972522854,0.5433830869907299,0.7653600268522948,0.7387177730062773,0.7569259466762172,0.7630398481766033
0.3852129369022594,0.6482979275298734,0.7127839320470352,0.709493814983392,0.7740472980081173,0.5302913846427939,0.7596627117252472,0.693595143489178,0.7331025418763313,0.7652754844125385
0.3901029132120552,0.6819394235043241,0.7256360832582027,0.7038830956285543,0.7744302270789845,0.5312568589541986,0.7640226570839245,0.7287439234455604,0.7566208244170336,0.7703403816924792
0.374179672341128,0.6634521549933947,0.7172332735042742,0.7201835258074505,0.7713491339425524,0.5301885701244915,0.7435234018821347,0.7214122726337014,0.7014016939927459,0.7776722835176105
0.3862097961704603,0.6839846929432636,0.7179995479362257,0.7262525512417815,0.7747551443333776,0.5329871169446185,0.7469128253819111,0.7251334206584361,0.7063831216284507,0.7795685248772435
0.3962700928327918,0.691457463385149,0.7325781203634638,0.7405898752274593,0.7545757618410582,0.5122502238978546,0.7418487130812194,0.7009629675505674,0.7293238700391966,0.7703897655607976
0.4001716393513671,0.6260008469251283,0.7298264493345724,0.7274126947033855,0.763761297962483,0.5231582571704787,0.7409292861260609,0.7204283577167565,0.7433354190783443,0.7664810452619758
0.4015609506186182,0.6666699447913671,0.7314423807113384,0.7353389160689712,0.7772755988758306,0.5246373072915499,0.7580020495181943,0.7265604311949312,0.7333359450417339,0.7758799597240851
0.4067784663329562,0.6858905020430406,0.7316783566226664,0.7194533908385666,0.7636492656542867,0.5285541302533261,0.759074660131541,0.7340461591362903,0.7445919420176246,0.7582494636293633
0.3971467234925374,0.673367755637229,0.7388272288689862,0.7147408307784148,0.7716851341363078,0.5215848672585724,0.7515934336286146,0.7276168239109126,0.7383043871044651,0.7658430699710432
0.3928455182413868,0.6581946450456625,0.7174840274952367,0.7188076262826515,0.7689511392140537,0.5145640846704631,0.6840641236032254,0.7321582258495202,0.7468299504445,0.7752032862560931
0.3897613829168825,0.6582600720178815,0.7297107031599792,0.729283645579043,0.7592073798263603,0.5259115121601712,0.7247122946033832,0.7381403887559208,0.7408001422258383,0.7772408866473048
0.3895687104205797,0.6575541669650542,0.7165221154672667,0.7257628995188833,0.7720506521314219,0.5311745448484486,0.7463279828360009,0.7334837707742738,0.7330510340478366,0.784066564775415
0.3816167472127555,0.6243749869679226,0.7070049403156637,0.7103829190766578,0.7629448955935035,0.5185278236376641,0.7228449197552161,0.7288791279582431,0.7009468376964422,0.7851736840641743
0.3849852240026458,0.6638109268006278,0.712243282316787,0.7025460552881571,0.7654264549565228,0.5265240504366808,0.7366615056389729,0.7336877123879135,0.7293525324856681,0.7766934922618122
0.385005834250276,0.6641793760040375,0.7202536134903283,0.7267898933760237,0.7683120794572783,0.5150631567248267,0.7432573500818265,0.740109062836115,0.7165926332454354,0.7819838272412696
0.3816946097647017,0.6646045407694394,0.709183339034528,0.7320168741845751,0.7543091936776563,0.5149975133504417,0.7506459510785646,0.7361962131221597,0.7284954649907114,0.76938013662148
0.3854037748153283,0.664482637652038,0.7271688642982876,0.735893460087528,0.7433010355573633,0.5186194482433235,0.7435805688343926,0.7384770299393306,0.7584673848757149,0.7528849486747995
0.3733841118197682,0.6489998575538954,0.723001117133822,0.727236067237141,0.7571599701457161,0.5223769245349807,0.724674802124125,0.7391549274147788,0.7903409238036312,0.7536751082637931
0.3708061611333819,0.6753088664028901,0.7144689855628703,0.7349347154330022,0.7676661493535792,0.5240203228426519,0.754228674394122,0.7215361821147994,0.7691920313404129,0.7519145340244922
0.3765158014797355,0.687772610165506,0.7405020613631034,0.7154396808479806,0.7617204299135545,0.5305524620007392,0.7604394236523933,0.7343385809761198,0.7753718244681345,0.7587373707502547
0.3787910116900403,0.6750459465199454,0.7008492016849318,0.7059946676743164,0.7565982748581958,0.5331836530411005,0.7622659308407365,0.745716339952707,0.7711968686318266,0.7637712523743174
0.381817960374577,0.6287948516143642,0.7250686772965366,0.7106147230268294,0.7499840088383383,0.5158601059969833,0.7493731114054442,0.7335258610169106,0.7778614907998278,0.7453473987361721
0.3658206367902915,0.6464286082728463,0.7161367028089577,0.7235355375230812,0.7570400348413031,0.5201360091493255,0.7433418606693349,0.7419994345568799,0.753274772050297,0.7507356027113838
0.3729745337117347,0.6775569965990464,0.7438017242020912,0.7356170492937084,0.7639678849128231,0.5161569222869894,0.7482141824145065,0.7403513635943729,0.7677335900899895,0.7629641996691889
0.3828102575641184,0.6825765771155963,0.715246404490678,0.7478434278743158,0.7553593828304576,0.517469738977621,0.7609830753499548,0.7070332724265309,0.7730984590228676,0.7651001658099502
0.374566255406548,0.6986318351188129,0.7328253435087898,0.6944690070597097,0.7629953215871959,0.522830151558966,0.7528221928441968,0.7237646515533331,0.7791639163025521,0.7446761724497241
0.3780566090737891,0.6604091566269173,0.7048881899381957,0.6938083250187427,0.7644398197294047,0.5336805518724577,0.776864321143306,0.7409646727851775,0.7867839493411946,0.7538001898219648
0.3815997235470356,0.6332865370032722,0.7140558501393961,0.6973729067278349,0.751943069645724,0.507671369326566,0.742115446048444,0.7297997590032029,0.7900759962522997,0.7593391728536942
0.3800308880313264,0.6628042031165544,0.7267812874343598,0.7116650039118366,0.7595566390480493,0.5167698153683763,0.7417865688805445,0.7444064966738325,0.7835312037368041,0.7674543426233635
0.3662016920464682,0.6518540131611205,0.7310826776069522,0.7118159903480674,0.759307003322359,0.510685156211072,0.7326021624067224,0.7239102968376732,0.7662183834027708,0.7581770478022057
0.3748573075062049,0.6603614715127474,0.7350662407172597,0.7196043949156916,0.7632899289373192,0.5250636172767861,0.7527397800379725,0.7267796726266258,0.7702884422855747,0.7611089633491381
0.3622097819614269,0.6542951330774651,0.7233263697573179,0.7178281325594098,0.7585502059578079,0.5273131876727799,0.7233387420976444,0.7348924738209728,0.7724769526295389,0.7637862984853216
0.3746194816868176,0.6602235220352113,0.7296978473955708,0.7294636642510368,0.7571360732894172,0.5213405575900228,0.7179921047884803,0.7488356118257152,0.7793172450064079,0.7560060254370957
0.3759172263745594,0.6223986571794329,0.7179609136960597,0.7059991810981361,0.761308349191753,0.5022593282190619,0.6668347315009021,0.7412794351933557,0.7901637468506215,0.7605933726311607
0.3782361059944563,0.6636427665184901,0.7218439048329627,0.7213734627779566,0.7442632287135363,0.5121090341240413,0.6984059635334464,0.7443428649108261,0.804978700540431,0.7531116321086383
0.3909309282150723,0.686438116174535,0.7220412507279048,0.7342821716633697,0.7565959038317838,0.5214403524856602,0.7375108521014195,0.7446348873071127,0.7849582144695801,0.7601069921219933
0.380087905136469,0.6992643428775203,0.7236437929623658,0.7391725733764609,0.7602094796526915,0.5207581780958327,0.7193754426142327,0.7552839552320574,0.788125335235584,0.7494548596172047
0.3769470827617246,0.6681592373540395,0.7262823976507184,0.7215535597630364,0.7617088468267332,0.5269405701801579,0.679685087379346,0.7295893055168029,0.8070629876011606,0.7391781995758205
0.3792964844071874,0.6730328989849504,0.7301743737747447,0.7075050491373153,0.7636859652445278,0.526921308848129,0.7081766119804622,0.7314811601996609,0.7926345678755923,0.7488543746217087
0.3796855968340421,0.6685516435769705,0.7350998326639212,0.7179151642764894,0.7645334746528979,0.5249687368002307,0.6681505696331377,0.7433729017801372,0.8007293783013189,0.7534405686354377
0.385202523094332,0.6871208128604454,0.7410818551246948,0.7181548510688041,0.7547344384251565,0.5259721485763695,0.7013888147106688,0.7456175717726237,0.802352372016178,0.7583988334906996
0.3844044673003458,0.6628605586683812,0.7075778520479318,0.719461157532165,0.7626244320141784,0.5276759645047628,0.7066074129836528,0.7335496962961591,0.7886927325476413,0.7356020685151817
0.3839183572505182,0.6779982222248584,0.7234773191612929,0.6883015436437127,0.7625084805208024,0.5215870377211029,0.740350382270563,0.7395946974930186,0.7852916828758277,0.7426700659680662
0.3725566895738763,0.6933053439524592,0.7256180187522829,0.6857418322783906,0.7580874190377518,0.5073165926426713,0.7108003277580688,0.7455914084138962,0.7806645363525755,0.7501132996991502
0.3670759736490603,0.6928403572566771,0.7243651423617532,0.696781665150487,0.7570006448605727,0.5125959306022996,0.7197986611135807,0.7131983578511242,0.7966139114554631,0.7502448102007241
0.3714933406500048,0.6986650382837596,0.7249451433767542,0.7146713461170313,0.7489688080941863,0.5147858595784098,0.7315198328049772,0.727037961308217,0.7977450090634488,0.7529223005284982
0.3746686758815503,0.682775202663667,0.7299119508453882,0.6855719745579606,0.7532897899152913,0.5053234575091008,0.7366580347008072,0.728034566243833,0.752166334310422,0.7546994519821507
0.3660477012447994,0.6791106033007774,0.7359552400386093,0.6971899621576492,0.7599295815752043,0.508369263914391,0.7466542324999771,0.7431572850830004,0.7656726895600279,0.7487769418769499
0.3673833171887296,0.6849301557103153,0.7402308016103103,0.7064112508009555,0.7612627180851785,0.4692574771168283,0.7107517410592836,0.7293818578296887,0.7828151456721457,0.734416833268181
0.3740187963018956,0.6975077642753306,0.7102279700447828,0.7024831717073358,0.7620667390441918,0.4828946837094935,0.7297393418986301,0.721916206347598,0.7879109391961987,0.7525793641347129
0.3643708894558852,0.7004029471638222,0.7227214462704928,0.7078781686063841,0.760742454649467,0.4863866307035627,0.730594739059366,0.697572852237626,0.7666030729014524,0.7481229657647348
0.3658399559297317,0.6831313228680875,0.7303902445966085,0.720417393621176,0.7360535084075172,0.4796801249110097,0.7264329021970473,0.7107657380870739,0.7713531177431178,0.7354036843912511
0.3758891967009181,0.6894943877027753,0.7204587403534882,0.6976235930297673,0.7488236865739137,0.498699506351298,0.7450958793798977,0.7244684049633026,0.7752607487140624,0.7383977522556926
0.3614970802637807,0.6990434112245518,0.7259714984704185,0.7066870650718731,0.7216439781059439,0.4907124802615946,0.7483717381424608,0.7130305543475534,0.7760364989809487,0.7309731260257006
0.3647485551415805,0.7117676951734352,0.7262763554579053,0.7113202615116433,0.7213972634900109,0.4907666558037611,0.7221132901301761,0.7275814676773713,0.7803438544731203,0.7257330129645138
0.3542684630807699,0.6954469364372005,0.7155921271086292,0.6959149602799228,0.7228044968462448,0.4752998942875847,0.7441369256967609,0.7267717048267966,0.7819483388736305,0.7058233881409837
0.3600292226983984,0.6985409687111204,0.716704382040112,0.7073399157831297,0.7302668077072394,0.4775667639800784,0.750726483976196,0.7193540544059606,0.7897183027528119,0.7135188847323581
0.3623458211651372,0.6705764806187016,0.7204001469666812,0.7080717945186816,0.7377489069746985,0.4804005422985261,0.7537863441679022,0.7329434996188368,0.7815648525265635,0.7126698864247387
0.359304408457826,0.6883329051502309,0.7141938181638694,0.7086588399706938,0.7420647180161866,0.4678875485043456,0.7513480974939252,0.727553803401154,0.7732117804950523,0.7205304710314084
0.3444184516680631,0.6898140447524093,0.7214150113941312,0.7064021031966591,0.7440073027455996,0.4774314259745843,0.7533512348142747,0.7185489386671738,0.7854777878789436,0.7247442726832414
0.3459816972532827,0.6924295187489623,0.7220842795972384,0.7191250397413713,0.7391206640752197,0.4683310447383437,0.7152448430253252,0.7184949995825433,0.7679901407527223,0.7367263461619409
0.3381372284806838,0.6978361506627662,0.6986811468501374,0.6900799710116573,0.7041542179206141,0.4719673210715545,0.7066735871369921,0.7383188229954916,0.7617844464746791,0.7160357495050167
0.3482852665793128,0.6877184726080023,0.7039912068015777,0.7174022728734233,0.7156148272215552,0.4695069536542538,0.7391131869834688,0.7387329364107509,0.7722766519590417,0.716077944931244
0.3426534957033849,0.6804899983321419,0.7073956285422645,0.7177184100695614,0.7188529037246376,0.4703209683053316,0.7494916742660709,0.7168897060350762,0.7523025913921965,0.7292234568579365
0.3498129537860039,0.6919030143847714,0.7155394602187632,0.7032810579058718,0.7332425436645257,0.4581223451189487,0.7282278701171094,0.7312581276062751,0.7423909768284139,0.7429671921176417
0.354657792847426,0.6832819843995549,0.7345103106420092,0.7143975869787189,0.7348637275106381,0.459223511505665,0.7079380912941734,0.719448573553526,0.7556250499408501,0.7473422662971119
0.3537886149867389,0.6910940755106999,0.7347161229518443,0.6949645298400212,0.7407574907165901,0.4597052031971466,0.7243496375664205,0.7291541116396962,0.7608933920203137,0.7567506143883613
0.3569088751981673,0.7015722906979462,0.7155294148612936,0.7113472029379433,0.7411981839516071,0.4440852989990704,0.7248790056207343,0.7331298855873187,0.7711239455008051,0.7589478224675354
0.3525254803851941,0.6885458552002576,0.7320428203606291,0.7168560129330822,0.7434624056894865,0.4504330023178886,0.7410902775466124,0.7366520433732419,0.7740234431324631,0.752903941012411
0.3429174118730499,0.7006001080142659,0.72529637812061,0.7199447493991268,0.7516968419196158,0.4519495747396396,0.7302027790723875,0.7354107496558238,0.7834578986458112,0.760123073441853
0.3512290440461527,0.7018586036385017,0.707222382083111,0.7075726625289129,0.7555754361156897,0.4605945053820641,0.7431685285248386,0.746298357179733,0.7707221662962029,0.7547494239552992
0.3510737072266189,0.6919593751181478,0.6940462172095742,0.7167094259325006,0.7549180625292287,0.4698572365558796,0.7134613945164703,0.7458628151609394,0.7720487888556944,0.7605578950351388
0.3586658062607907,0.7019854939271092,0.7126843539652854,0.7232099031859592,0.746064657369766,0.4438169533451008,0.7315932545209876,0.7011297533812165,0.7747065858957876,0.7460406466665483
0.3561599457693837,0.7076605462593164,0.7201015447213691,0.7130085162072322,0.7497009414209141,0.4301510694674228,0.7388311046240867,0.7211449236505989,0.7732721050018077,0.7536557048800892
0.3468370684970078,0.6961567640570926,0.7281255269470673,0.7137445005452367,0.7483797385541432,0.4376572416871536,0.7422978597289883,0.7295661491731842,0.7496353842699264,0.7344816625423163
0.3426172210548285,0.708906387072715,0.7024140275555723,0.6946598448310103,0.7408721096921997,0.4494788904497728,0.7588935489570625,0.7287024942704396,0.7635423614216805,0.751517803806103
0.3426827092409894,0.7009019646531559,0.6995735653512882,0.7095701455010374,0.7472700342726022,0.4526130165127009,0.7548835844998765,0.7166708160558064,0.7748082383709791,0.7322895465655872
0.3500226590860243,0.6992614670683333,0.7029983749552541,0.6877931210618858,0.7450167817793591,0.4543528530458761,0.7423919337215271,0.7243305999003885,0.7817740364110257,0.736740212199727
0.3508311537944634,0.6819653530871134,0.7128344602164234,0.701403588548769,0.7464214189256935,0.4550157368757718,0.7443487742050452,0.7307922223396444,0.7953916149384046,0.7467019956954486
0.3513660886629047,0.69094937917483,0.6935695554788867,0.6879508833684039,0.736661498324162,0.4457540476315839,0.7085223576564804,0.7249793531865582,0.7927050477635487,0.7561970311376933
0.3490482036758466,0.681332490890234,0.6945654013091409,0.685903236886783,0.7495862628443825,0.4488599895777303,0.7197727259363282,0.7250453364339924,0.7830390747696556,0.7592043787523985
0.3528195921301127,0.6930745278939794,0.6957685672374647,0.7029690628244418,0.7538442027982852,0.4553043831485885,0.7366324434487164,0.7223467044893104,0.7657631421841674,0.7528443303267657
0.3428036499641412,0.7027182135043992,0.7111890694708045,0.7167315405643235,0.7491216716969196,0.4635809197351044,0.736555163298604,0.7271493440867789,0.7667468529082345,0.7384118930818376
0.3440706006700081,0.6997449755921084,0.7192026212524152,0.7142678330843444,0.7490859154368339,0.4517713130317493,0.7358331071907567,0.7324475590449218,0.7699649837544345,0.7532542552584555
0.3488190396460118,0.7038254604361931,0.7250289948727879,0.7155515168523129,0.749479041811026,0.4453915610343488,0.7396395280837965,0.7236884908138224,0.7807474815708741,0.7153010736024912
0.3525694958112261,0.6984144296663881,0.7282229244322813,0.6984070145715802,0.7413516047073757,0.4277419085158816,0.707194229231703,0.706899775100092,0.775524505789835,0.7417084219332961
0.3557860560681229,0.7038681888383469,0.7159640815007151,0.7084489102638312,0.7277039086061384,0.440827597405332,0.7142468559210995,0.7096160191174307,0.7476807542506692,0.7485186399230914
0.346681890961493,0.7099981766680685,0.6715309714257771,0.7098334874050358,0.7384797666374954,0.4448948091570034,0.7254277462161729,0.7227866742713025,0.7578110534243292,0.7440146070043704
0.3475164647608918,0.7086385419462782,0.6811719838450663,0.6878409869893328,0.7360188961426177,0.4596706664692743,0.724123887653168,0.7346270987069553,0.7663948157359939,0.7482415916715248
0.3529601428437044,0.6999319580490105,0.6942456582711576,0.6971467803987771,0.7370697599005673,0.4313236119990722,0.7331280141861578,0.7277491836185176,0.7838699864971818,0.7510005698440416
0.3515585766309549,0.710005354651999,0.7024959516697358,0.6991879008368029,0.7298718753783683,0.4418366425450513,0.730645328980075,0.7167126102448422,0.7853010522964871,0.7442680694060936
0.349714275024871,0.6996973597063934,0.6845682412972246,0.706134049136967,0.741226334750201,0.4317948192347837,0.7158832880838827,0.7228643071388632,0.7728389230282071,0.7411775683475054
0.356819075849766,0.7076197403306979,0.6973396253988579,0.7141194281086534,0.7491785219286717,0.4446943401353069,0.7275819964179946,0.7361722633716957,0.7774201495390282,0.7520471380555355
0.3439062345454424,0.7111365149155866,0.7074804834746283,0.7115712798085431,0.7494819350466908,0.4464076975933259,0.733596354120843,0.7325658291153786,0.7931107839880271,0.756313580148738
0.3516090108085914,0.7060106581808617,0.7087596378794905,0.7134204069262166,0.7463838546223457,0.4395197628769144,0.7027471306777195,0.7322341598629818,0.7528047394972859,0.7377996771939618
0.343316547137061,0.7020705130455756,0.7113904814885066,0.6796747739430452,0.7486934413180997,0.4403379334921056,0.7122731509133835,0.7189132737421562,0.7617717649030524,0.7487537311604151
0.3451508219382063,0.6822228884468452,0.715618768882646,0.7012335175946816,0.7605107893437074,0.4455653891222887,0.7155619175745388,0.7057902893592584,0.7634919363153387,0.7603321865849658
0.3447561858789756,0.6760515849528232,0.6760188015220473,0.7006578805083817,0.7524788298587418,0.4480749341799537,0.7201841410567675,0.7117176306832046,0.7710540616283752,0.7605383022761711
0.3346372633730561,0.6733632167489207,0.6863506810338442,0.6989655918296298,0.7481263071427551,0.4273250895523752,0.7047165358419389,0.707956545351337,0.7669223705713859,0.7449728015337471
0.3399738528623206,0.6735831363982587,0.7023752880818812,0.7017231140457391,0.7436763309969769,0.4348806102753002,0.7157057481395572,0.722869002351403,0.7689120035379482,0.7579068955574249
0.3506136208473406,0.6839663456377796,0.6875404671675853,0.7122842105567293,0.7581233617177281,0.4380680862644316,0.7075766988963009,0.7162650345541703,0.7462935004828556,0.7696428604425589
0.3439363881310598,0.6873591455128317,0.7052855219772464,0.7108985247837766,0.7558475471817385,0.4388218981376853,0.7109830386469614,0.6941073038593394,0.7641166969245845,0.7559316618280988
0.3477785924847918,0.6986692997455053,0.6994858272343975,0.701828458955419,0.7525836271107813,0.4332281487879789,0.6992075620977916,0.7121588330983251,0.7585366450511556,0.7475157569480374
0.3519258416577864,0.6894635508545265,0.7091505753678217,0.7096890585859534,0.745598714490078,0.4430532658336837,0.7059201195976307,0.6894743108343127,0.7555949099122369,0.7554860198634843
0.3523475984170853,0.6870854605580673,0.6932711593829742,0.6851504094703129,0.7550776715037837,0.4301382609375704,0.7149827207199608,0.7084277723137271,0.7486839659546357,0.7609334332398517
0.3538751754240257,0.6638273226499294,0.7072689573408872,0.6866282304911391,0.7576391987026065,0.436475500230818,0.7012869971653475,0.7013937718692337,0.7612549337937446,0.7641273215759432
0.3564177781114324,0.6710644683118143,0.7046616868503218,0.6889667493999216,0.7584416941374456,0.4445783818610038,0.7091561941765093,0.6906868839924439,0.7631961186693381,0.7636157179194422
0.3571983064092396,0.6907264729284788,0.705301250980297,0.7035432568272535,0.747565865041864,0.4385505596854146,0.7228876009130241,0.7006313546806091,0.7633052235399761,0.7509689365424024
0.3382484851317545,0.6911116523062891,0.6926588156521334,0.6849913640111311,0.7476410623026819,0.439165553706655,0.7151313942428777,0.7075847049150026,0.7585801774602048,0.7511732547955138
0.3497761412704169,0.6822077095149974,0.6987773071324741,0.6999260852590214,0.7396387683691497,0.4391654280861979,0.6869575398222266,0.7082496245430114,0.7609744277115468,0.7545313507230532
0.3383308177491829,0.6987975025129021,0.6899202791704018,0.7023493646836276,0.7502323040922909,0.4450276570301967,0.7016994205874659,0.7153327496644399,0.7497827251007873,0.7634657846232151
0.3365326610639765,0.6442472197278886,0.6971797077218402,0.7046886811901372,0.7543999780940523,0.4394538085128492,0.6511488635782667,0.7236894950536354,0.7655396919287971,0.7672609901461787
0.3351623504181214,0.6571804599854825,0.7005822617317827,0.7076536045822357,0.7292119400060876,0.4393518159388763,0.6729586869941797,0.7152386524595592,0.7704232299127116,0.7628425114864748
0.3430836041173419,0.6770685293549599,0.6910184386019264,0.7008317629916557,0.737732625861599,0.4399155794694819,0.6930211157105579,0.700928170794543,0.76486021474944,0.763061019404994
0.3462184676119677,0.6787578826580172,0.6915932709948824,0.6947177394217894,0.748347071496117,0.4470646198557187,0.6990180525565524,0.7120366514643044,0.7670766651328078,0.7556607174478679
0.3489933862782377,0.6674440033044649,0.6933837586216459,0.6951169229676365,0.7494997816377096,0.4475429731270055,0.7092091782823517,0.7200526156403897,0.7637368038189912,0.7590917974001203
0.3388039156498305,0.6750688303723889,0.680540123556036,0.7041885113110397,0.7409218177008727,0.4427453378094263,0.7229530186327546,0.6973977441463785,0.7556995826865229,0.7560063588376917
0.3415278114061156,0.6772713708854592,0.708362925971881,0.6983233757922046,0.7467545088446423,0.4340446844851667,0.6978887764748105,0.7054415352159096,0.7650747710215033,0.753000662773724
0.344439392211349,0.6816638950357463,0.7094036218641633,0.7092617222136726,0.7346962003640785,0.4327168198476631,0.7000846295620888,0.7112069806867125,0.7482592623926929,0.7580641343113439
0.3486588497048097,0.6464836231562281,0.6953538215363935,0.71020286429168,0.7350186737076365,0.4396999914017416,0.7036833789507315,0.7150636160129209,0.7588257839522291,0.7561531145833784
0.3303344326844872,0.6414258788968235,0.6824157086193455,0.7100596261585517,0.739344282690445,0.4403719356483256,0.6907726743703068,0.7162330619479851,0.7623240540812231,0.7437010551057669
0.3362400537966393,0.6566947828579297,0.6885667611927817,0.7013418528336373,0.7250336135655762,0.4348815268038879,0.7177359094103579,0.7072642504286307,0.7542332125873717,0.7542083786043622
0.3403733005112475,0.6724268552688668,0.6861012149878952,0.699711017011424,0.7348162837542012,0.4336076396791297,0.7209530505496478,0.7191061731542787,0.7516161788586482,0.7549638056535344
0.3470305843254306,0.676376064682171,0.6867196592285286,0.6950751979046185,0.7368221486333215,0.4460923567648993,0.7176123936465044,0.7205605846160168,0.7380776526409387,0.7575394274187428
0.3486864641085422,0.6847191901016753,0.6733180556477906,0.6984257636370323,0.731565911520983,0.4301016880255422,0.6842059788041516,0.7008870671025772,0.742803528113261,0.7698414998405396
0.3454073052793692,0.6582633337047912,0.6910631110349503,0.6963617080240476,0.7371697086248441,0.439497172714659,0.6964796910988433,0.7081458590178503,0.7468842339741165,0.7649359219203036
0.3503493076664183,0.6674771865992914,0.7091060569008525,0.6920927223002891,0.743424757359226,0.4204172160856206,0.7011344390529612,0.6985538658353774,0.7480661154923642,0.754287594180614
0.3508345919592008,0.6489248953799155,0.7123212674369117,0.700987744530067,0.7290565860390732,0.434059281576057,0.6875967800434934,0.7110807365415286,0.730548149767364,0.7499782583386323
0.3499492886250322,0.6606986233645428,0.7191612859332395,0.6878796828219685,0.7348029298275449,0.4355336110730782,0.6978564111423893,0.7169020825135297,0.7356448824892856,0.7488755463002704
0.356125874030943,0.6619664889383559,0.6773215255333933,0.6906479799757301,0.7437383028546001,0.4256784134239926,0.6620873970320318,0.6941446714221806,0.7460204130637991,0.7524237848750073
0.3551288418616363,0.675915806639369,0.6879591866995806,0.6976203064113022,0.7410049509542941,0.4272194499117594,0.664110824577432,0.7027869493535702,0.7518002186813202,0.7587185424006191
0.3515565130199623,0.6794773069203064,0.6990285217581187,0.6841094872439786,0.7499007110299603,0.4312227535182018,0.7058995578868312,0.7104522878868076,0.7605877960938463,0.7649862609135257
0.3541245395628015,0.6964557424536104,0.6725682911447245,0.6886243620020712,0.7481249661962823,0.4382292786161642,0.7061655803161043,0.713848420792632,0.7516813191393197,0.7561583986087729
0.3482764089228753,0.6951237709644681,0.6975611750492281,0.6865225401937602,0.7351522015896902,0.4502034960699247,0.7147930448224451,0.7111783042454533,0.7614884312665829,0.7507144573767374
0.3507376553318098,0.7047786242770917,0.6774620926766802,0.6905326172101375,0.7387253842034525,0.4574607559603661,0.7254509350235455,0.7014385391319379,0.7641597008409807,0.7398021094212867
0.3530187334216741,0.7049447987324957,0.6674563703865333,0.6900315137205243,0.7180635033675922,0.4322456342647914,0.7004269586593205,0.7135190851961439,0.7583148533218464,0.7539232494845655
0.3447397904650933,0.7120590998734102,0.6373492374783122,0.6911359360623051,0.7362148805696445,0.4416318117302717,0.7086519406042883,0.7005716924268811,0.7654894170087292,0.7588804810080791
0.3514622446598515,0.6850019067426791,0.6641506688748711,0.6974453682052991,0.7388871333335318,0.4555611461348192,0.7029582952658777,0.6986564455299742,0.7658959027360077,0.7604945344329466
0.3523329820414996,0.6907091789742588,0.6757679261999379,0.693340187292551,0.7413733780485632,0.4684346930254977,0.7016881287761308,0.7153005485134154,0.7692499634290775,0.7547394924515278
0.3350593537215004,0.6929037397655964,0.6496722549653021,0.658942039692102,0.7388234186738657,0.4207128769336948,0.7099101324258543,0.7027813792932628,0.7469220706802159,0.758586195843816
0.3405140877134966,0.6988206314148082,0.6625824629015962,0.6805763399923186,0.7191888105731008,0.4401484947899631,0.7139662088711176,0.7143324193030554,0.7496575331784613,0.7542608781185323
0.3453341174601997,0.6916326575317012,0.6805035101698531,0.6779822885303273,0.7315225428941659,0.4324314385832813,0.7089187973109142,0.6803986415501861,0.7369597675023492,0.7457710367226573
0.3457855988297934,0.6755113541803174,0.6806087978513062,0.6773656603586355,0.7339739300015815,0.4388213373829284,0.7101981354471866,0.6978417798921406,0.7439208947499616,0.7612750963024422
0.3385277654664269,0.6772062227217646,0.68250303054764,0.675243312189881,0.741130741419453,0.4360152156414259,0.71176575897428,0.7002745074886867,0.7543964046649212,0.7324691019446467
0.3398261516228157,0.6783592515043289,0.695644498243172,0.6769199213196804,0.7445562798511567,0.4398686580564535,0.7226385956454919,0.7018354710806125,0.7522059695142155,0.7444340623227292
0.3460487898546091,0.6912730777776103,0.7004724814994844,0.6907927629816903,0.7416180660809657,0.4367355819443437,0.6891323109328875,0.7062723324851254,0.7579119449346359,0.7573222683158481
0.3484352213575573,0.6939299702368915,0.6568525100295383,0.6957045846817944,0.7486383623311637,0.4411250238752008,0.7124492435421403,0.709907201933782,0.7641599474922696,0.7608484613491417
0.3399486300165589,0.6804404491180045,0.6894970219703538,0.6867965822636926,0.7474088690853995,0.4467411054787984,0.7035322706142813,0.6890082152665857,0.7674019941286547,0.7356886144575129
0.341440254352974,0.669804755210707,0.6664817015031789,0.6926595237547626,0.7302510331960728,0.4384282812576492,0.7192920179277591,0.6983383632521443,0.7539976123696329,0.7353465863502402
0.3453958192018189,0.6780249127075731,0.6957293710616634,0.6829235934633684,0.7383260754652774,0.4290703120713391,0.7317586504012644,0.6887418351394876,0.7300801448672489,0.7416297096757967
0.3419708675033319,0.6890248378237503,0.676416289138533,0.657403164563851,0.7394975747864492,0.4404313722071961,0.6427121879756581,0.6744648753838676,0.7354656489121727,0.749962422670569
0.3420582735018892,0.7031849355095993,0.6905072537507252,0.6745748061763477,0.7560708349506773,0.4362668054993903,0.6681987011609563,0.7007185420131288,0.7108640493154625,0.7581196253756168
0.3465495108840563,0.6764898899055348,0.6646020433998459,0.6803903881045759,0.7474832865192043,0.4398694040156589,0.6891064891434964,0.7033942066138443,0.7289371097457225,0.7514776755800469
0.3391981439343509,0.646001212954747,0.6935203553026231,0.7007820066410797,0.7459396602309588,0.4424904551771887,0.7216590656112494,0.6937250199482449,0.75338507557833,0.7528816843335784
0.3465125991883948,0.6750008134011545,0.6758190442486153,0.6994635866920096,0.7469363051687186,0.4379315277672344,0.6837005267712284,0.7015271221586533,0.7468996699106992,0.7579248173890225
0.3402386444117677,0.6802482062351494,0.6837663019051046,0.6955448195623609,0.7483835427643677,0.448690815405297,0.6936173440840354,0.7069193207292972,0.7532410455372234,0.7359612711422754
0.3467601386539978,0.685645696658294,0.6977778582859643,0.6894695251444708,0.7230065473281718,0.4577787918446779,0.7096097553952749,0.712539117378066,0.7704681513970273,0.7282712070220295
0.3437714671112773,0.6970168973904821,0.6916371079939555,0.6850120203002003,0.737062671915315,0.45791560584597,0.7077336834499922,0.698798199913135,0.7277034186186767,0.7495893850956468
0.3474900172567153,0.6476014106429826,0.7192952416745797,0.6829471962968706,0.7448681776821404,0.4607442502041375,0.7198619781265609,0.7048044822937068,0.751464343764886,0.7433416627902395
0.3442231013113661,0.6702951348796351,0.7162192108093066,0.6680116980055556,0.7360438760504002,0.4489614111843237,0.6814357046699636,0.6951440370137666,0.7541821623212647,0.7479892743631824
0.3387248815270159,0.6797334641346958,0.698816767388788,0.6755809982769243,0.7337734545831861,0.4319217687543483,0.6918424736999191,0.7098831322033086,0.7542698737302533,0.751122498070875
0.3288331550295565,0.6490423784015226,0.6924486725923308,0.6891305632357299,0.7406560168690688,0.4369278344047458,0.7213742313897684,0.6835280204048649,0.7566445682008138,0.7395916825589018
0.329185403173285,0.666578406871256,0.6513099285043571,0.6812535266626082,0.7331220558024776,0.4397756326428502,0.698641936669767,0.7083056733208558,0.7627280793762689,0.7463896039353508
0.3295581435918158,0.6737548704206171,0.6860006473892372,0.6732157003892951,0.7349286778934628,0.4405295119615551,0.7033453167572834,0.7016924095702983,0.7526918710840228,0.747565185556964
0.3298511047026108,0.6751964911773195,0.6841362911343347,0.6849080466639377,0.7372760703259291,0.4144755841146336,0.7049004376913943,0.7059229890484184,0.7595673896879984,0.7495720649232046
0.3152128803290915,0.6586294031530414,0.6541994486475099,0.6869248250651696,0.7392146750923932,0.4270340843357373,0.7031026737201719,0.708018674846683,0.7414245433552483,0.7497854210998846
0.3198627082131229,0.6710808311287927,0.6817838907131666,0.6946321144585081,0.743543715009201,0.4321356596802059,0.7190674446547651,0.7098227613097976,0.756000235720973,0.7295526789824124
0.324684218895432,0.6635224662589849,0.7008478226628029,0.6982190672046106,0.7374382957256439,0.4408689485651583,0.722102857722788,0.7121017401366518,0.7592191562934809,0.7470444706825153
0.3254375909248705,0.6620227940501776,0.7012296232113391,0.688916173198216,0.7215622493073005,0.4124727417021918,0.72139462521317,0.6957970639619396,0.7021133433102285,0.7426247798764057
0.330812248298642,0.6776191225124194,0.7010311419895927,0.6939235711548313,0.7402509467862797,0.4240496284887811,0.7206261681210344,0.6916123324494218,0.7211993706981634,0.7486414158891908
0.3322087201578606,0.680682166125236,0.6759375291784737,0.676696061464749,0.7425185183130931,0.4323040431049682,0.706637901099469,0.6951158550165921,0.7288737085642283,0.7503240482438185
0.3272995019116112,0.6602045120375939,0.702545012709235,0.6489426991682827,0.7477245767407603,0.4247472574421295,0.711681042901263,0.7080855931601431,0.7170164282597957,0.7567589272722278
0.3211560811125447,0.6724668059881415,0.6927049903672227,0.6641839981103428,0.7407475923138511,0.4307876008663798,0.7207653286262408,0.6961347659653357,0.7260152679548829,0.7592095733644826
0.3198534686438125,0.682047121648855,0.7078438127135408,0.6744063863546015,0.7446932016516541,0.4252356099799904,0.7283557269085101,0.7066560475446013,0.7077425908022698,0.7660866243421041
0.3250296381868743,0.7011177850781891,0.6763804191057912,0.6956863972199245,0.737770855568685,0.4366165647990775,0.6971367254059192,0.7201691775989181,0.7130310249670339,0.7469746767862565
0.3136866467633404,0.7049801670203562,0.6708800505827289,0.6788578736845094,0.7239845185436968,0.4484587331870133,0.7257158206110212,0.7175520265707511,0.7240641005924613,0.7424164706739589
0.3259120190467353,0.7083161094066699,0.6614297739224176,0.6800239926554938,0.7145879683800819,0.4561463687312181,0.7073638144387434,0.7243891794875652,0.7416383383569454,0.7291295845529061
0.3340254173507593,0.676734321696988,0.6824943831787723,0.6875840551542494,0.7137614858288116,0.4620678654765415,0.7092920634419304,0.7292318950484382,0.735770282135276,0.7326888892875127
0.3466892916036336,0.7076596674854336,0.7012071719151086,0.6895214506695139,0.7092701453391673,0.4439465690639116,0.7233453844808536,0.7357299319858699,0.7459317622534527,0.7387710059935031
0.3380354784134217,0.7060438309120428,0.6902019944505573,0.6999385620346356,0.7241278884550397,0.449060052205798,0.7194625030483949,0.7236334730961211,0.7312254308782776,0.7464679908597631
0.3354888119286986,0.704495842329292,0.6874535567965533,0.6907585534296357,0.7221302441864905,0.4079558914004987,0.6925061613089054,0.7088116168602551,0.7374454947806994,0.7147868980330415
0.3294557057170424,0.7141182764986234,0.7028085653993432,0.6840410003099032,0.7259552196699033,0.4243187843968037,0.6971537671623573,0.7259967041181041,0.7486087168931319,0.7303867219745556
0.3310110474323617,0.7015123349416912,0.6851343058866181,0.6833622641572515,0.7251868286580566,0.4297958789500591,0.6930374273217442,0.7275286633405431,0.7495275959045701,0.7429528464314037
0.3343931952166757,0.7054570233390456,0.6854181252229155,0.686869226258386,0.7182166596125203,0.4317279234112728,0.6734021594108043,0.7157535864252246,0.752552442021845,0.7355609768164603
0.3345809101121301,0.7148746197342403,0.6841187773947148,0.6856671800162522,0.716501221296945,0.4264797716178048,0.7011162169089288,0.7135374920787141,0.7420642584044397,0.7438339294416236
0.3179404523081399,0.6982457262127593,0.6892009616537659,0.6935461407883612,0.7281443234498308,0.4166967463366769,0.7163769012940846,0.7159641728576267,0.7378169253093584,0.7477315563991409
0.3250468787884929,0.7134102422056574,0.6602813609092779,0.6835559609601688,0.7292857856180799,0.4197497163389895,0.7154884174517399,0.7101053059209805,0.7184668062434107,0.7517727131297989
0.3341539553807694,0.6943369025859023,0.6625132696069249,0.6841990787838335,0.7246699267833414,0.4090990402315175,0.7323919314931605,0.70810976778908,0.7145839770601256,0.7547311678340016
0.3348360671166452,0.701656111181971,0.6728576462327229,0.67144636608787,0.7292884864300722,0.4041768731902316,0.6922976810641056,0.7026298216938937,0.723167668820792,0.7437819047366098
0.3175587024041358,0.7057599024290049,0.6647693972195874,0.6741156557893898,0.7359273323720752,0.4011021743208172,0.72134507986486,0.719107446165721,0.7231034067543967,0.7466439028135713
0.3217843438167668,0.715014224473898,0.6622907726034477,0.6618552540057914,0.7360710455826629,0.4127866815959442,0.7236349025724742,0.7058050589138054,0.7419247684405224,0.7515718716136744
0.3154894236222977,0.6847301506910437,0.6633047015949544,0.6536933426898313,0.7058679888430139,0.4171619013071125,0.7238405212539546,0.7030963162411086,0.7442996102191002,0.742058489329953
0.3128961643033146,0.6737661167810607,0.6656438513569225,0.6730040408189238,0.6984498531527876,0.4174054009448019,0.7408487077003731,0.7120285669350063,0.7585513678810945,0.7342888361019567
0.3183193396836933,0.6834174574355092,0.6657492559847462,0.686924441838904,0.7076919890353269,0.4114202644377045,0.7359597905586206,0.7156594251948383,0.7687873004056311,0.7426197122350309
0.3140620649794299,0.7044473178547661,0.6629096857928725,0.6602974475590344,0.7120096580350201,0.4120786337709439,0.7480427420993462,0.7163749090830231,0.7663759003413958,0.7431140722116467
0.3207686325184029,0.6910466700773298,0.6346082096905596,0.6793955686330662,0.7022051958748086,0.4209473772886719,0.7051349914966367,0.7031162546135702,0.7524532083120434,0.7335310915494117
0.3198908080763891,0.7032431815751469,0.6512143308327737,0.6805062755273724,0.7053898201372168,0.4119714785373942,0.7361194091368426,0.7189409715338768,0.7725989929291823,0.7536630998823399
0.3159928897297377,0.7101751538536498,0.650612597398347,0.6438354737276312,0.6975646120979656,0.3987237744516219,0.7368938414045836,0.70383501765898,0.7656579400013791,0.7515826457328336
0.3226463687302633,0.7102699871922444,0.6586558003308607,0.6519410451056259,0.7030172510578478,0.4009032057036101,0.740318827026536,0.7082336245633662,0.7763740011632243,0.7369863553095979
0.3257828317082815,0.7056611770467394,0.6616790409663182,0.6643198073463278,0.7092282689919563,0.4107831115935197,0.6933765133847882,0.7080071689676439,0.753827036342858,0.7238571447527162
0.3259444795397292,0.6939944902567343,0.6197402032207016,0.6644965912346114,0.7138270619561337,0.3908593873496652,0.71665232316683,0.7038267209366073,0.7484963292907889,0.7263525473396254
0.3235772771515915,0.7132379899516798,0.6338688680931484,0.6350855539920193,0.7254452760518102,0.3958914158624891,0.7251331419525131,0.7072794656859964,0.7575305382474564,0.7477736923636671
0.3230279294526236,0.6931560118110572,0.6448519150682668,0.6397663739491585,0.7078155900356229,0.3953580122613222,0.7314657381150251,0.6992821442385803,0.7613417315287196,0.7391168825190777
0.3247881497606403,0.6949814588878074,0.6560239143734001,0.6560610030830372,0.71922092321133,0.3975488059548027,0.7352325560338566,0.6967340661243486,0.7683416518824213,0.746896545156003
0.3299011865264145,0.6976384651101062,0.6546300338249803,0.6567574144804167,0.7262878197336865,0.3998924304906743,0.7019255043872891,0.700988666298952,0.7653935324245164,0.7382001708228653
0.3212706198429557,0.6916548989458043,0.6326851543901227,0.6474964364812573,0.7306809242727214,0.3922005251975955,0.7077524458562998,0.6929469343167107,0.7653811129811808,0.7422026820808141
0.3219172036320966,0.7016114583001444,0.6338867195577671,0.6530487971465091,0.7128492960796484,0.4043798538586878,0.7160632777222722,0.7088735846011304,0.7596245860323018,0.7312010462332442
0.3228805905860699,0.6918789102974215,0.6229761949825546,0.6545170406602396,0.7247598573105398,0.4056417691345139,0.6927733588054723,0.7041895072961867,0.7424172313009216,0.7456547372732262
0.3062420724318691,0.7090250571665913,0.6290899305969906,0.6666167748172365,0.7209396259005826,0.409822597775928,0.7016535793037685,0.7149598379027284,0.7507286691007651,0.7406319750435372
0.3120443457109562,0.7128573934385876,0.6144296951476486,0.670668854505521,0.7079488179355452,0.4146513614721397,0.6818985310620491,0.7003019013473869,0.7609613637266042,0.7395779681887212
0.3181975045210132,0.6789458666500844,0.6137888692048156,0.6554957023173057,0.7055064230327427,0.4089856631224073,0.6960294159157681,0.7045092596751081,0.7679517386654537,0.749476181802077
0.3268652862858121,0.6618952855070711,0.6234885148847044,0.6503159608024806,0.7108659327292735,0.3955665088592257,0.723353162659148,0.6914066057474552,0.7507656525376716,0.7413763593748257
0.3205764637477183,0.6758047618887686,0.6368025080324506,0.6550141222387345,0.7045592824774755,0.3973644717782729,0.7134780658284011,0.7108964611939537,0.7607636775644426,0.7406859621452748
0.3090077012621984,0.6923794293639184,0.6291998772741872,0.6540348086813634,0.7263368214889971,0.4028587035307442,0.6804732865083781,0.7150384076972074,0.768889579341552,0.748519782449893
0.3110073459018362,0.6948942292246252,0.6222164990625766,0.6943891518231197,0.693961954558847,0.400795821091828,0.712573678848855,0.7147304205887788,0.7362884939108225,0.7359449584467627
0.321375744138061,0.6735317315560391,0.6435919146115757,0.6456046122599426,0.7018315373352382,0.3958407964613416,0.7101629337421922,0.6867848319056109,0.7515925005746209,0.7479202381101226
0.3247669664750344,0.6802943352884068,0.6465063883784177,0.661128805360757,0.7040695721500301,0.4088046875979167,0.6980948715815662,0.6992048525744978,0.7434333021983451,0.7351123141783615
0.3258167602852732,0.6980204315782017,0.6548511230483308,0.6620860565526792,0.6994957634219088,0.4018393258235143,0.7075612278105368,0.7010666229555997,0.7451818290822602,0.7298887942757111
0.3160953277049816,0.6980315460629243,0.6051610628739932,0.6748588963516717,0.705353212843753,0.4005955684335243,0.7130172908066723,0.6700023539438119,0.761510024359133,0.7441278553096338
0.3183130946620666,0.701085774787645,0.6327153421363185,0.6564499151048033,0.6932571379147798,0.4080258673883472,0.683591114838301,0.6899588349507575,0.76773728839124,0.7428078254842089
0.3140924477698011,0.7163032061269382,0.608832991908701,0.6650859120630065,0.7002564609526484,0.4090725795496314,0.6974984625602185,0.7005942115629821,0.7607667202759089,0.7389157585374726
0.3147849770137304,0.7227818886512919,0.6171549710038794,0.6413859674400387,0.700957777558266,0.409994427775073,0.693741728392669,0.7017564739046611,0.7525280164781496,0.7251829119580304
0.3206899962032871,0.7203315937508799,0.6218910642515805,0.6501560444652157,0.7051528147942722,0.4147958955067307,0.6790983647283645,0.688691954062514,0.7273025650104659,0.7327045093425998
0.3107469521909945,0.6606894878444273,0.632974902084517,0.6865357701584788,0.70616176814365,0.4068292748643586,0.6949997788299784,0.7017034826750843,0.7365786862653216,0.7142510669692251
0.31091103562944,0.6876594978164138,0.6403728318698276,0.6844959164749882,0.7062525979818002,0.4071768684546442,0.6897775381185014,0.6933778003525095,0.7444899401849658,0.7354430890967432
0.3155788425462107,0.6981912622626094,0.6053922700847194,0.6675816147498925,0.6998191903521614,0.3983747314289298,0.7041393058805676,0.6862768743738049,0.7473954382855972,0.7487522807244578
0.3167052182579252,0.7050036106048307,0.6142334474016437,0.6545389002888187,0.7004050376269142,0.3835440961167933,0.6831567415743125,0.6741435573481284,0.7474952912043076,0.7462845143587582
0.3111486501831808,0.711727373739401,0.6292206977974095,0.6586347387730529,0.7024654151164172,0.4017487201769159,0.7028728469675538,0.6930528045432216,0.7507174656050877,0.7332351545807072
0.3130137227669988,0.7170443668878672,0.5990513340957697,0.6690534922415063,0.704470405830484,0.4161031664540939,0.711535532019968,0.7012479614269895,0.752974388907345,0.7352301526072199
0.3162892250144857,0.7246506178363745,0.600279660429081,0.6682911936723674,0.6959877352316842,0.413042036365627,0.7197952170624302,0.6981502810610546,0.7584345676687771,0.7259208651702367
0.3106886794540286,0.7262680620617656,0.6190755032245767,0.6871798700049305,0.693288396798362,0.4019691683076357,0.7294771377415354,0.706474784341638,0.7407543149566145,0.7311383071570527
0.313770943865084,0.7264229192794125,0.6228718872516662,0.6623155902479337,0.7047689858646431,0.3914226241987743,0.720456677473603,0.6831538373179751,0.7377312435978735,0.7374610846652667
0.3056217472311256,0.7321225153906645,0.619146793135177,0.666588443562284,0.6900126719726306,0.3964045771741015,0.6933035080226343,0.6876790735861449,0.7484447983208409,0.7398865908097882
0.3078448523987036,0.7007906474379105,0.6256872378381172,0.6641477718494907,0.6956038318823388,0.4050212626874007,0.7052250447349908,0.6972759513305808,0.74622486292875,0.7336177658342783
0.311507360435294,0.7127434668165878,0.6311674412393933,0.6661279126611315,0.6942793800841007,0.4084061675385123,0.7128963617176568,0.7005075951397102,0.7562589161621034,0.7435827322303066
0.2921282333505817,0.7115989526873141,0.5591258330410864,0.6776589181180448,0.7009991409304683,0.4076619545388659,0.6873650648120134,0.7011965967319892,0.7283690452481191,0.7461566396925648
0.2768927001092963,0.7195448571121528,0.5599471111302436,0.6941152822240653,0.7041218178443166,0.4062197539120577,0.7068544562093347,0.6688089425230824,0.751475831493263,0.7259689982431548
0.2788646396060487,0.6979061375534797,0.5442209313038574,0.6994233759477865,0.7066001710686145,0.4102606214758265,0.6302301087713,0.6831527565391705,0.7558651525992008,0.7244780671516703
0.2913787640275135,0.7032829435180463,0.5626105010104041,0.6990420736799656,0.7084241995836544,0.4148492848328686,0.6514879941784715,0.675585484678426,0.7016882379515722,0.7313532047436464
0.2947643307330531,0.705811808433817,0.5663497366100311,0.6687736726621564,0.7098591521431539,0.3977614982713131,0.6600374081214685,0.668538548237126,0.718453584742355,0.7353456683022405
0.2958103021347947,0.6662686036246019,0.5590787872600982,0.6779428407529324,0.704533920881513,0.4027882763247531,0.655659556014646,0.6753233586361833,0.7164604906808812,0.7388049119101021
0.2976231893150998,0.6872751365349223,0.585389516494837,0.6760184969577447,0.7193645121355277,0.3938082022067843,0.6547567941374998,0.6729689830319106,0.7387307825301724,0.7501063260352387
0.3051129120349196,0.7035934111424753,0.6082348882187387,0.6540330559354934,0.7175151985755579,0.3969245052355574,0.6683745542302644,0.6804288922606094,0.7413813474003551,0.7549804649711417
0.306558936957266,0.7126979316228139,0.6174863009793705,0.647938186687357,0.7306741507731505,0.402438324948565,0.6629321234355022,0.6923622188684602,0.7187197236583555,0.7685617920905892
0.3045389046814616,0.6858191153225176,0.6190084761933824,0.6767599324651401,0.7227120874763501,0.4189778050970277,0.6511389004972808,0.6864575167193334,0.7269163229059548,0.7311576839600005
0.3200643944296489,0.6993755150901821,0.5616627752617677,0.7128679718470844,0.7312656358606562,0.3974670705879823,0.6269471786519657,0.6971669819091626,0.731858986791062,0.7425885780142045
0.3201026549112516,0.6711888607316033,0.538681526550991,0.723104026282511,0.7389728598015267,0.4053839518598739,0.636124331967311,0.7215319778655285,0.7463240994250604,0.7491263733851055
0.2665432553178416,0.5439363542972128,0.44630772118053,0.7189400831389364,0.7226702926683257,0.4072389665445073,0.5964588383854768,0.7208777655775159,0.7510586115494711,0.7518740232835093
0.2616950434363355,0.598214858498987,0.462513207892501,0.5238630380259834,0.7386332895553841,0.4048779840675476,0.5759664639689102,0.7248893315807312,0.7442141877057162,0.7314810783796454
0.2361678929855421,0.5718769287443577,0.455526216038523,0.522487541099881,0.746864630915044,0.3946537016396704,0.5794584766812043,0.7060716343711965,0.6970633321215796,0.7434862797086197
0.222982526051937,0.5556006993093379,0.4343633493405635,0.5743340384685569,0.7479769695681193,0.3986498115923444,0.5907392128950404,0.7067416563018512,0.7081832844017364,0.7479257588788684
0.2252853907027408,0.5881185636624952,0.4228179723947688,0.6412765664779889,0.7289408447823599,0.3970925711654074,0.552841875598732,0.7113781493064077,0.6831211880282269,0.7440716575863989
0.2405779489297842,0.6155717873457087,0.4409878215248455,0.6688082714597741,0.708275805828301,0.4050155989614178,0.5682827682465335,0.7171297533369034,0.7122448134399249,0.7647237771165118
0.2417986120380885,0.6333255885014523,0.4138928086934955,0.6910859505651239,0.6969371885694311,0.4118327544093618,0.5763109294762545,0.7188226726832903,0.6738618895468298,0.767489906215422
0.2370962070057354,0.6414266509051889,0.3992287561540999,0.6064292916608418,0.7038714693216306,0.4161883784669515,0.5979748803257833,0.7049758808368463,0.6744449562323851,0.724213284104605
0.2255235715479586,0.6445307829702567,0.4096730954519542,0.5952876876257721,0.6978617529441393,0.4063122066876952,0.5834144395551003,0.681459846570464,0.6832695213242383,0.7194690043278051
0.1960931544660963,0.6206706464358693,0.3807914405460752,0.4915038414373091,0.6614915184410064,0.4115386906381275,0.5864086339266008,0.6917378358452511,0.6776891411189233,0.7308564118665141
0.1981829242816448,0.6347719029390552,0.3702848530644383,0.4372397300425539,0.671089790925594,0.4024316920032787,0.5793670744606756,0.7028932637941511,0.7232093276819578,0.7187861317321568
0.1815392849916774,0.5356114571552301,0.3746105947299383,0.4085600652743702,0.6425398612424896,0.3820901135844755,0.5432561885370996,0.6484126268091963,0.6581052698898612,0.6775346165720973
0.1635308827585234,0.3863147890687029,0.3178999447062547,0.4108286698049898,0.580173573211867,0.3739972663702498,0.5468413318744922,0.5760900206442441,0.6860579750345832,0.6738756150995148
0.1642694900892501,0.3714729149517531,0.3250983616435245,0.4144540022977634,0.6027685550772153,0.3598791485062876,0.5386667803234407,0.5551340099012916,0.6987625817099044,0.6723150051264803
0.1645451339316044,0.3876293895899717,0.3116143247670849,0.4159355822199395,0.6535017853952896,0.3601317303831762,0.5310436778270283,0.5561257834562329,0.542888473474694,0.6847730198491485
0.1666519249930169,0.4044247476231896,0.3276412567476795,0.4245890587521985,0.6424698664200974,0.3592993774999284,0.5195415489715492,0.5620980592071181,0.5101237355669453,0.6416493838810926
0.1645600713321377,0.4131905014530052,0.3193596441123442,0.4247861793685726,0.596892846448926,0.3550876276120554,0.5344945563558365,0.568025486355235,0.5248020941728595,0.6446241098015992
0.1677606443724087,0.4345942337190683,0.3226244791851156,0.426501223803848,0.5128407760044693,0.3561926270652784,0.5422748218622413,0.5809398992627886,0.5276211995579947,0.5781933654054039
0.1701259802159992,0.4400922312358251,0.3272615641903919,0.3997811253472303,0.5710909755408238,0.3432832623812419,0.5153916968413029,0.5647372346473238,0.5128924686290999,0.6278407547393554
0.1749608639058892,0.4608833057178243,0.336651223332072,0.410033868713772,0.6038736719611904,0.3561152023171209,0.5045659743336373,0.5838537320225111,0.5217987375944337,0.6551004081742047
0.1771118164266672,0.4839025957236775,0.3174362412020256,0.3885814863422761,0.5384224931632376,0.3561866142436373,0.5222970261759934,0.5924667012019085,0.5289993127553414,0.6638606030438592
0.1827460062554152,0.4931878461279963,0.31532838956894,0.376617583054916,0.5528388021595094,0.3567211668940039,0.5259739096188423,0.5510165540903913,0.5251059289283369,0.6822478576699813
0.1843485345735932,0.502813926932234,0.3308642349836004,0.3525862646960631,0.5827394419475749,0.3607763628689719,0.509711682146623,0.5805481624053799,0.511461905972477,0.7022927927570187
0.1856227920540159,0.3186041721239753,0.2723097672138643,0.3733461803423046,0.6095707246193349,0.3581838633358351,0.5245886882209034,0.593244346306274,0.503450738333359,0.6852942434539205
0.1814248040806367,0.3252944147403563,0.245245088661114,0.3944240764157828,0.5883168123027511,0.3598210188873852,0.5281149410313066,0.5994138769049699,0.4859555997113523,0.6878356933476077
0.1847523268933546,0.3264330722111351,0.2521430267652658,0.4040529971968022,0.5690606296717109,0.3614999378900536,0.5113501433186032,0.6168054184565623,0.4633144266329728,0.6962957714670689
0.1853623461801855,0.3241731160491567,0.2556694044999685,0.4127282321747797,0.5836485817128091,0.362122521375722,0.5200301968999239,0.6005849360304133,0.4694985568494582,0.7157995807133413
0.1889540515319356,0.3247085500524924,0.2622685810935365,0.4272518032427136,0.5882253660969639,0.3669496462513665,0.5280812737398982,0.6134386352948413,0.4729568433825382,0.6907474107705182
0.1935453492849199,0.3232826814377839,0.2695691155364924,0.408592145904628,0.605734381896923,0.3703034790490527,0.5372112865146862,0.6128997924208235,0.4491603270874806,0.6987674844784586
0.1976973502949445,0.3325326811173678,0.2734450227718811,0.4174033917316457,0.6520128215828809,0.3557376645403412,0.539805025532555,0.6341826990521062,0.456069922149015,0.7074618658465077
0.2010609474326935,0.3399727623709755,0.2743092423211126,0.4247631459416681,0.6673723766263236,0.3573522703930103,0.5458900862731981,0.6423495629781111,0.4668095328669788,0.7111848721985481
0.1872233003003821,0.3419989196629417,0.280109640764918,0.440612134176477,0.6783105820271997,0.3630127333611359,0.5423181072510456,0.5950884306274877,0.4737982133320751,0.7121534768953719
0.187256945956422,0.3290017576994355,0.2847136149329867,0.4632351791799837,0.6878849078693763,0.3663888653179303,0.5249497035812933,0.6057471532395806,0.4860737255444631,0.6899077488751947
0.1880932998936968,0.3316638258313851,0.2914066782904884,0.4713961748405291,0.6114403458419251,0.3615494818479692,0.5343723544881238,0.615140987543501,0.4744249211461415,0.691344943071128
0.1888997122058083,0.3279515184535205,0.2945827818364966,0.4591363647876704,0.5131389963508542,0.35666477235394,0.5422753960050313,0.6078838320794877,0.5379977978710708,0.618849699145337
0.2011515740500723,0.3470457419749518,0.3229855472960198,0.4568704741333468,0.5310249885029417,0.3610542436551188,0.5481396870467845,0.637731926231139,0.552247514464537,0.657761206604409
0.2146314746167466,0.4107578998355383,0.3484263857233356,0.4299468291140482,0.5919626868776102,0.3495660263210867,0.5516104938433484,0.6419250357073221,0.6072640204594266,0.6964867077957623
0.2182456458790291,0.4348019128573135,0.373314748892783,0.4485999412502306,0.4747914310758476,0.3510004455576145,0.5526098748963906,0.6484684220247596,0.6570562438193406,0.6039942631454412
0.226656672632578,0.4505875338412175,0.3964395832613248,0.4839279539969831,0.5526386029476589,0.3504969339738998,0.5159059903691309,0.6425235905099342,0.7016949546508564,0.6616510226329095
0.2349985426138401,0.4326051968025098,0.4648428587648419,0.4969511920002187,0.6078622565495376,0.3437918486312032,0.5223637351355668,0.6475172827811146,0.714436496775106,0.7100362928182875
0.2356950636660064,0.4259166783920013,0.3842370380940998,0.5317468561232804,0.6417566694240018,0.3295887411653953,0.5223723036127055,0.6491124144226377,0.7357599192340027,0.7242971636546645
0.2395725910897935,0.418001693168851,0.3731400754240488,0.526836970253579,0.6859766013534677,0.3311500494037369,0.5255873870998133,0.6522395049090028,0.7542179968674732,0.7388840548493908
0.2145381303377957,0.4158951037726228,0.3152310072702045,0.5139437043331894,0.6697192801388349,0.3293277201161867,0.5378149238794918,0.6644338987098122,0.7601021661295654,0.7459633965310594
0.2208882770674421,0.4058387883358725,0.307905385567831,0.4880185255055594,0.676582555606073,0.3290228529967367,0.5562728633546126,0.648121950823836,0.7805645808708949,0.7569057665682298
0.2231642903061471,0.4021400685417181,0.2917447959019673,0.4938494326739202,0.6569708989906189,0.3371750983207162,0.5669906785276551,0.650751944426303,0.7579325317223446,0.7629299222794133
0.2234160049960094,0.4021090435299079,0.2930822537723623,0.5120535435045814,0.6910219635876176,0.3444167040444646,0.5676453971739734,0.6507749383774142,0.7661093846314255,0.7702158415216349
0.2288557838075731,0.3962438196969795,0.2923680961937365,0.5351275629421155,0.7210810817633652,0.3472811066957102,0.5601279085926859,0.6380366145980256,0.770671537451729,0.7540246180793082
0.2316471385417359,0.4064366775027755,0.2974403830855533,0.5400496008367515,0.7263187441366871,0.3477208668755167,0.5603218649585526,0.6458176902187298,0.7746214623629217,0.7549123201317152
0.2326716895319234,0.4103073110597069,0.2977589568771439,0.5301050648478934,0.7275669779136377,0.3574450143357327,0.564926411221877,0.6404686197782165,0.7758512724865061,0.7661214697209942
0.2172355872618208,0.403602367759762,0.280907186733239,0.5175327293513977,0.7284995901306521,0.3520696431212475,0.5609856639221632,0.6203491856617095,0.7817935605381323,0.7410135736001026
0.2146265201353102,0.3879203607132581,0.2820370270019539,0.5192563750063337,0.7290247706868764,0.3398846086261023,0.5430878196225899,0.6209737258378686,0.7850187653246898,0.7444426135531758
0.2160808485347808,0.3888566052392398,0.2902225521396241,0.5197293199229549,0.7219985377593867,0.338970143450772,0.5509948802262463,0.6076112225297642,0.7903763737862171,0.7462805244214521
0.2248099204300367,0.3908179346379142,0.2997261702203234,0.5288598399457332,0.7163551520119675,0.3471461986256947,0.5609249263566173,0.6212612860111935,0.8017690761025247,0.7514687051732989
0.2282780327523688,0.3954057448893833,0.3053885948912612,0.5397343053476817,0.7171217426614684,0.3525698916405784,0.5694704004790088,0.6264872869023088,0.7944099621633584,0.7601570936510355
0.2334348645909662,0.4008944766645604,0.3170641213840225,0.5464964364617206,0.6839025102892587,0.3537611421805251,0.5730919943459339,0.6279326935505274,0.7765133675796715,0.7430375475395746
0.2294252636435842,0.3660674847460492,0.3143929852664227,0.542855739231226,0.6923176794204524,0.3420687504509804,0.5827534356530846,0.6263854336725287,0.7813610745683158,0.7525156799287356
0.2285132112510782,0.3755865036550125,0.3234814027035926,0.5560849492599123,0.6933738470574704,0.3462409066890319,0.5681232869611799,0.624852355269508,0.7833051703571927,0.7556076739032267
0.2152466825946718,0.3839398153519892,0.2976539318169959,0.5644659462539547,0.680485625336122,0.3492704397866518,0.5746975737527568,0.6265171297840315,0.7621328939087615,0.7583186152026052
0.2154408576358694,0.3880117006061017,0.2871449258646175,0.5659080519633949,0.6738408307105965,0.3492964345808058,0.5797188967779694,0.6300809687706621,0.7683108626967495,0.7450261481114385
0.2127215740425818,0.3830053798441373,0.2800151002757101,0.5695180287364282,0.633216744505825,0.339740393386349,0.5796722035316986,0.5988451922052882,0.7532278502155983,0.7550261424446261
0.203471095866093,0.3881137975180312,0.2739959534995222,0.5540588148405926,0.598765826657308,0.3513821305970594,0.5438160923885736,0.6060170370840516,0.7638299157467531,0.7480020578964747
0.2042332982037555,0.3821969738396619,0.2800774306133805,0.5548415583590633,0.6349594269966986,0.3469141042437825,0.5589251692451553,0.6152687915528123,0.7604984326738317,0.7454366389365477
0.2076207095465068,0.3679119436331007,0.2866485728738848,0.5500131746117366,0.6374637190395354,0.3407200221487648,0.5484638806616617,0.5954617762916785,0.7687643939593597,0.7245440236219072
0.2079447837790977,0.3486658013560869,0.2959258712677087,0.5503580088710076,0.6352734628620059,0.3450378606269918,0.5513679903854494,0.6015144095035134,0.7617255902036203,0.7262634677392468
0.2098407706871945,0.363808900664743,0.2845929240114392,0.5514739472708092,0.6541542747238323,0.3496610669304898,0.5575157021256403,0.619069965068949,0.7486622436631484,0.740393407449319
0.2091108854764151,0.3257412775133578,0.3015705987598713,0.5588817842617873,0.6597954962709285,0.351660530344298,0.5125501717459089,0.6193400754228213,0.7585359784733183,0.7519335731936196
0.2064167232564959,0.3260574417548143,0.3063824685438999,0.5512011065028614,0.6300510463793403,0.3470324271396157,0.5157452285780516,0.6239472516584041,0.7712585601847366,0.7457190083007144
0.2248224931617592,0.3488588162810884,0.366086079579728,0.5913032825382399,0.6132641484994413,0.4030210824119861,0.5840637132982625,0.6444488167535414,0.7717869604329667,0.7265137340262791
0.2070815265471766,0.3290616585156871,0.341364663375187,0.5595263664953868,0.5623616143289583,0.3533456133570264,0.5148173924934717,0.5825737521981914,0.7265372554408691,0.6837188854992833
0.2073528709193311,0.3299421789547261,0.3440356382324658,0.5599501499706662,0.5262908344517998,0.3600632742532398,0.5251089283788324,0.5586315037020751,0.739873418564468,0.6500349362765819
0.1966209611206206,0.3239169167719105,0.3290890662003832,0.5191737734282023,0.5234015342778723,0.3466610588174511,0.528292978693906,0.5618844952593494,0.7446127147130477,0.6440401510249296
0.2050777896200808,0.3246161590499984,0.3477992252969509,0.5240894846945253,0.5340029012362527,0.3550260007696683,0.5076864308313773,0.5686275581400381,0.743754262969575,0.6628450409682312
0.2082995680279025,0.3262690251764786,0.358006799573735,0.5321542031792534,0.5364949012129254,0.3468655789342967,0.5175105799011099,0.5475071505839321,0.7339849121714451,0.6820668151110947
0.2138028104132431,0.3368753781813552,0.3734919291997098,0.5476717093165877,0.5320761505379311,0.3593927942620046,0.5306772964317309,0.568130812824036,0.746845238123597,0.6726327243038969
0.2041608116433829,0.3243003346098703,0.3714247358626467,0.5511994355153365,0.551959920673782,0.3404364840406554,0.5315395915059926,0.5629036776405423,0.7402888232014703,0.6823481617436119
0.207265538623907,0.3389413566243875,0.3722836781448666,0.5386857200589226,0.5675901353696982,0.3476375874486472,0.5504299778902175,0.5712951922502013,0.7507738416025574,0.6952266462925976
0.2099331021663729,0.3323575523920881,0.3707333269473059,0.5419148394320619,0.5890631999201676,0.3570844936208315,0.5507126874780122,0.5793379176590643,0.7492722209315416,0.6992811903499365
0.2146662351105293,0.3491422105299371,0.3716331380935728,0.5479105569027537,0.5807846159286628,0.3546225328580009,0.5429915761209231,0.5795863226300935,0.7588049110018922,0.7030896479677073
0.2099584031937466,0.3627337654901445,0.3746704110477847,0.5552657448911904,0.5562691157264005,0.34544410360182,0.5521883584887761,0.5802366625923796,0.7464026623459271,0.64951135027198
0.2088099859899947,0.3326784907078107,0.3017862934950601,0.5603918604704196,0.5715380989859946,0.3458813899356741,0.5487427255825353,0.5567133271888454,0.7505796570005226,0.672991586587274
0.2010152538372047,0.3233639202686136,0.3035345395813157,0.5420474026379355,0.5818585519776052,0.3347707813303051,0.5333539533793058,0.5607550715563244,0.7551766019977899,0.6806610467802675
0.2057642030489674,0.3221236057128863,0.3083937307579585,0.5521642779930908,0.5826763783890561,0.3310328670008132,0.5399523583313595,0.5549210828642813,0.7495609507199908,0.6914968159597348
0.2141658269554306,0.3232550961146541,0.3158105565894594,0.5635805475255955,0.5771923702240852,0.3368667470825867,0.5253970977999202,0.5710372383621061,0.7564970721726713,0.6937770300616088
0.2172915266510724,0.3222675091826531,0.3230789003943483,0.5578145956896406,0.5783839560614489,0.3309938547714467,0.5369766611025741,0.5768699738585503,0.7658389402841445,0.7066797025729876
0.2204473213708174,0.3231413701478294,0.3160247313434207,0.5599470974472751,0.5711580454055272,0.3384554599338516,0.5429453625026417,0.5819390036812602,0.7515398170939427,0.7115136427023614
0.2230138431270799,0.323283754360701,0.3248276294427674,0.5647780327557561,0.5792632340616852,0.335591123327949,0.5463223198240692,0.5735707371928872,0.7468558606245318,0.7164063964564575
0.2234382982936749,0.3127277489003335,0.3266647255977584,0.5826914717693682,0.5917535836072466,0.3304005903873188,0.5445425216579799,0.5588521324142818,0.7597466705897312,0.7048956517766833
0.2153203513311938,0.3193704090981339,0.3233545970229026,0.5341694137696894,0.612886809887256,0.3217363039473276,0.520436920117259,0.5550286060975959,0.7624079565437911,0.7265873425517035
0.2165252454956812,0.3184250214278522,0.3311894860874891,0.5306645003508432,0.6489212206457402,0.3183217562597417,0.5265968678092037,0.559373600378725,0.7469938858908799,0.7421625014804953
0.2252012820085273,0.3096828398339464,0.3391967521188209,0.5273444670112417,0.6417965157044151,0.3119880202196513,0.5327731967984572,0.5656719268790754,0.7536050527091871,0.7430850603679657
0.2244946665564729,0.3228058737911783,0.3461572162619823,0.5211401342096628,0.6463161757829436,0.3156228969755743,0.5353248659498407,0.5682351808994064,0.716923156028889,0.7151883591903843
0.2272317781401737,0.3149943389444404,0.3489264749121044,0.5153777293247438,0.6505145329494946,0.31981477323532,0.5426091403469686,0.5756599326498557,0.7241538461238937,0.726343656231931
0.227437236303985,0.3208677065324088,0.3431349110563608,0.5182567921016765,0.6717371540861155,0.322088246279477,0.5387892505590027,0.5781330307637422,0.7245999742359367,0.741649480547192
0.2251115659223671,0.3151652178664311,0.3471520370683453,0.5206458879984974,0.6695254565122902,0.3107064342620728,0.5430109625488236,0.5800800514479252,0.7405586761376757,0.7502690155562625
0.2239947865953583,0.3080491200602295,0.3530299454287559,0.5278527679821345,0.6643908047063739,0.3093510690627598,0.5337668711594378,0.5834213910966888,0.7436101717485657,0.7294447208252655
0.2236129183019156,0.3219334277954295,0.3540262008922372,0.5167499355976153,0.670480678082521,0.3210413363356711,0.5244963245300386,0.5549270657936209,0.7424171311797053,0.7371442817173719
0.2265786197390793,0.3214442892675368,0.3600250606545316,0.5281663059392417,0.6903940467558585,0.3243371245715138,0.5408787807507154,0.5681276435816077,0.7428467050523643,0.7547502631733927
0.2271398202893513,0.3552625229126499,0.4501819191108182,0.5187816779442257,0.6935252812306236,0.3147134782825828,0.5268022046033304,0.5636974559150313,0.7481670988124636,0.761511558548484
0.234718914030631,0.3780061898615439,0.5080713881391725,0.5272952081090503,0.6650780349726435,0.3196956411614738,0.5404713773552394,0.5654052256903783,0.69298382859219,0.7525531550718605
0.2392980401564123,0.3912306357419865,0.5411796201620431,0.5336178720546068,0.6794562225026026,0.3221895330745925,0.5172740660310157,0.5488609004688774,0.7344020312858517,0.7435258692085154
0.2428712778775444,0.3915879981039963,0.5474258587188312,0.5574776420169987,0.6918710361738458,0.3273429649668538,0.4899830008068448,0.5560401788085605,0.7463357948060375,0.7507950741259948
0.2535010592378516,0.402554900206541,0.5602803342168879,0.5807349854804724,0.7069751360676436,0.3312723737372648,0.5104737571185163,0.5702789796735737,0.7493351611706048,0.7531651832591224
0.2580620292624902,0.3832873564766189,0.5625305959592191,0.5869890405902412,0.7149227890228139,0.3413795169320591,0.4935913555157988,0.5508092911353825,0.73527837574122,0.7579541697802222
0.259938941083066,0.3997015567010183,0.5863269908351512,0.5651509730234532,0.6825815236147275,0.3491069207842655,0.4874199081085585,0.5536293424357753,0.7180216620793506,0.7417095345879894
0.2675805580290397,0.4172981369352774,0.575224931590607,0.6038213281589435,0.7112116707194273,0.3717423589707272,0.5197562591448561,0.5733344462965055,0.7183525058467237,0.7537664525742923
0.2719348079931402,0.4237678224259701,0.5810477894194819,0.6303495793263467,0.7265974110597331,0.3816473195333628,0.5217575048045913,0.5935413708740744,0.7341954771768526,0.7564059134711956
0.2833836287765583,0.4305035133095457,0.5734099862609873,0.6594785947640013,0.7426720086631062,0.3960460320696198,0.5305304313647305,0.5908397422362665,0.7410140075858974,0.7652748577344267
0.2847258326712126,0.4390136590494973,0.5839122983547655,0.6653840078409549,0.754867671033849,0.3928120226613513,0.5262369981872469,0.5846092065620399,0.7330176171255341,0.7581188834840679
0.2881424317689014,0.4392080696515448,0.5508112256200853,0.6743310619340241,0.7573281272788446,0.3943283779558748,0.5176228775156984,0.6012367364318683,0.7061964852129189,0.7752215702228944
0.2798407550697525,0.4348265328461613,0.5570461245271885,0.671880630764368,0.7624172264785598,0.380079748057345,0.5001101689789309,0.5971658521071412,0.719177971550223,0.7757381290939542
0.2773727230139268,0.430958189613598,0.4951067027277533,0.6858941954507856,0.7546168829479389,0.3689991651864206,0.4903283414760392,0.5985096947085906,0.7270177886661684,0.760371537585666
0.2835003457080978,0.4321203043162076,0.5338796499105822,0.6783282556175831,0.7555525343916201,0.3863413889281658,0.5001236567320042,0.5927854469537833,0.7137999768335749,0.7482590996542801
0.2848627196245694,0.4171224049805747,0.56033627553249,0.6546849037463789,0.7230228032855912,0.3869882084080566,0.5061992383312661,0.5917254790398963,0.727519526808117,0.7543080293083024
0.2909235732032476,0.4260007603587921,0.5682529074502167,0.6548088462771237,0.7323554416422475,0.3948473307300439,0.5193147937160278,0.5920788087828306,0.7081631536805603,0.7590688626746795
0.2816849231516519,0.4164712012969915,0.5689513358040912,0.6509499766540975,0.6902632956074168,0.3950616395198277,0.5165713927733472,0.5875755895430756,0.731587244521952,0.7610523072366048
0.2888842365861209,0.4268778608275346,0.5708121246352903,0.6709138618477415,0.6994907646742584,0.3776103536915147,0.5190706464665985,0.5806899377418896,0.7519324753997809,0.7489663635796678
0.2799935659800614,0.4252498702084882,0.5494630417052443,0.6780530210244049,0.6939511712356017,0.3721702018822456,0.4952206970745289,0.5717909993938693,0.7042429912338435,0.7586734673774838
0.285878605533596,0.4302340849821651,0.5643433453463931,0.6645509797893072,0.6893902654172742,0.3797906189436846,0.5074363932747654,0.5846921532417084,0.7093339923895372,0.7427029417434242
0.282487437868273,0.4186412886973445,0.5784064701686996,0.6675055696119361,0.6842547801690642,0.3825220785970872,0.4960086169870032,0.5675024898064225,0.728266538481586,0.7249693447100911
0.285890113550806,0.4230855594079791,0.5857622006731171,0.6585344439668015,0.6850948197690137,0.3554037356611361,0.4948639681424533,0.551992244596806,0.7360672557132286,0.7363997824084176
0.2870023361822026,0.4264661635853443,0.5993550672988732,0.6627704381499467,0.6735262327565524,0.3622305215609392,0.5056389624277462,0.5561478521714183,0.7355449319058532,0.7461786508467532
0.2862606031947644,0.4259985334369328,0.60735489309376,0.6559725625720639,0.6925006938839027,0.3650619665159712,0.5081267266589804,0.5641575243192753,0.7373653929933346,0.7549451740319554
0.2892571826758042,0.4311508381175503,0.6193237887174308,0.653448737822094,0.7046206844248151,0.3720581439977216,0.5178869276773794,0.5766662589034213,0.7125307696967154,0.7622976453705195
0.2804141101724856,0.4329977696031362,0.6083840110822895,0.638638614513226,0.7103861867382868,0.3644976809913486,0.4979045426814025,0.5787403805141571,0.681696730006253,0.7524398629345508
0.2801632399696083,0.4221080340663713,0.613493100928352,0.648829306332485,0.6873398489653857,0.3657164754254832,0.5093227231196404,0.5800587328058242,0.6959479885927248,0.7542360271567622
0.2816998063895728,0.4262282874259922,0.6094311448093225,0.666004063993327,0.6864437703242658,0.362415825070791,0.4972009098381807,0.5897357738693414,0.7090738659831901,0.756747593180231
0.2817489426039144,0.4311663675533799,0.6052326020002262,0.6715782772401384,0.6842147776312126,0.3663714276718506,0.4186036901983436,0.5650142207295101,0.7071060676913717,0.7294683438132719
0.2819614738200426,0.4346544999700353,0.5913465573119835,0.6831631617166856,0.6880029221836936,0.3576887728128447,0.4095686490112616,0.5673005710675947,0.7170768071967238,0.7331254173953803
0.2894912938454532,0.4361710165085536,0.5900799394591744,0.6875061937031478,0.6637492349002367,0.3579668083699559,0.4043311283142461,0.5751564201174685,0.7297330869621651,0.7453742612783787
0.2663036856015024,0.4232210678254974,0.5443624786415202,0.6719290354888726,0.6753312204392294,0.3586015180748348,0.4414384293003787,0.5977128133996559,0.7226276816898062,0.7451862568332039
0.2768968496429728,0.4421402578136068,0.5279383650460565,0.6838665586881957,0.6822430612200947,0.3684554523120183,0.3976660196089259,0.5756046714194623,0.7299928868013714,0.7603422376459497
0.2705177935575817,0.4331273719934905,0.5124336418726676,0.6675405491497611,0.6771199423515479,0.3616826929947918,0.3968682566219685,0.5649198630010266,0.7365530253976348,0.7630928195494828
0.2591988517753694,0.415180414062973,0.4813937627117423,0.6431013417666497,0.6865562363948028,0.3412383004108192,0.3998438208512468,0.5600325636557832,0.7223787169837292,0.7623706716580623
0.263860219336802,0.4094645892220849,0.4828644237709181,0.655739440695084,0.6967758806645998,0.3427513190117645,0.4077636378885521,0.5652087862347512,0.733921161108519,0.7290849897847326
0.2701041522310166,0.4116676538200221,0.4532700455026851,0.6657255602170145,0.7007581123796303,0.3516741252471667,0.4062698453617945,0.5708789492240054,0.7225223082704837,0.7338507443776696
0.2748816480415874,0.4155836742366844,0.442628526792407,0.6587058471643263,0.7003150598870426,0.3530987997241506,0.3946560136873983,0.5849568786942163,0.7336504760381068,0.7182712203397491
0.276081530660225,0.3938473994828972,0.4454571953429912,0.6563043906133808,0.7105757391474372,0.3365597195085634,0.396705550560214,0.5962160092577646,0.7359183438250403,0.7194783566580967
0.2800974367146107,0.4038444695650499,0.4667278203865442,0.682464616419361,0.7050083192306097,0.3549521903189743,0.3994731319669823,0.6030824144553952,0.7279375460258798,0.7257550900036643
0.3005390127335628,0.4245625018490214,0.4885926159488207,0.7026361776129011,0.7079979392323861,0.3678150389156767,0.3940851770898813,0.6147174572613776,0.6913911775128407,0.7353822268338442
0.3080091191676409,0.4378978567004647,0.5131812902464825,0.6789933629830534,0.7305966679420051,0.3565645916682995,0.3703320666625664,0.6188455918879963,0.7208534004828053,0.7432983249770071
0.3205186340839998,0.4542136079726572,0.5408765287151626,0.6928676793448812,0.7375945229231399,0.3689479749277237,0.3996463076317695,0.6262541419769985,0.7505261266586829,0.7532377677552822
0.3328502205434392,0.4509252140465838,0.573512180929335,0.6950702530080217,0.7129325154596889,0.3423167770837412,0.4018059833878961,0.6518284879002476,0.75709152659552,0.7468972748304166
0.335607195946413,0.4577367307560859,0.5998691813998129,0.7018046189704616,0.7234644820241185,0.3673060066003143,0.410812603245937,0.6583667981919106,0.7478509448735025,0.7540070885953845
0.2998897299102928,0.4262931088322435,0.5273391368365915,0.6679581967349887,0.7309225846352736,0.3733321921410166,0.3918723770534824,0.6063614473070551,0.7513768126805414,0.7623694203507596
0.3126645080052454,0.461197073074081,0.5682068766446186,0.67288024857854,0.7165557205417846,0.3790089602085111,0.4205706495290521,0.6441956433317159,0.6999321006025485,0.7632805555760842
0.3136760999521858,0.4469071255925409,0.5370309749356122,0.6718416590377293,0.727059123120753,0.3548886829783839,0.4143023826642934,0.6542482127403387,0.7137561260472445,0.7723102874710256
0.2954812882311293,0.4490302712227275,0.4975844270780944,0.6498451050283536,0.7330036004008342,0.3578635555806997,0.408265693226716,0.6176000163788145,0.7462969483476898,0.7756594921685758
0.2879815998624987,0.448265361278406,0.5136559609338762,0.6478188212198036,0.7423637558345382,0.3708182122652551,0.4248169248113899,0.6359496293081064,0.7562810629486416,0.7577594859741554
0.3003445325407731,0.4732748512451986,0.5255172577411112,0.652602423952401,0.746529066336426,0.3495935075488327,0.4382719921527823,0.6507566914910745,0.7378902475373166,0.766724939820882
0.3125386980110675,0.4733306340994347,0.5271735068084632,0.659806106488844,0.756821023824022,0.3523586671298802,0.4086709366714551,0.6256012720990312,0.738552916312951,0.7691472650583131
0.3076938170353741,0.4688554764954935,0.5211963797570858,0.6627412745146362,0.7554835107652542,0.3716711889390217,0.4265060973100482,0.6185416359843099,0.7313804653678829,0.7731586672262787
0.310361149196895,0.4820229954050431,0.521706713070464,0.6547282168964306,0.7593682713175023,0.3518810669594902,0.4316826816593597,0.6409309023390783,0.7363291831276022,0.7538637573161167
0.3039008901024079,0.4827918793995145,0.5112551204765595,0.6403085324458982,0.7352118738546409,0.3544949543373507,0.4325952405511624,0.6170441836723962,0.71772061248787,0.7556222873997409
0.309324601764568,0.4936752173635055,0.5125190562577708,0.6440251563272364,0.7406303061362822,0.3609915057860784,0.4579229430648046,0.6397760992234275,0.7260195827282707,0.757261654677071
0.3036249020033697,0.4845920352374665,0.5197386586342941,0.6207810583635495,0.7567481314383038,0.3645225462900695,0.4664325004110694,0.6419271401421603,0.7297837904346409,0.7632864823060848
0.3088854240327575,0.4908558260349696,0.5426398597631165,0.6222019291864662,0.75621428700776,0.3691997653892027,0.4574851988501531,0.6544636901583112,0.7291522128451696,0.7573908958281588
0.3090946974580689,0.4880679013808154,0.5496962790078674,0.633086765188666,0.7567481367448411,0.3656323011049471,0.4613473140246766,0.6580497200491678,0.711409707523084,0.7442133969876507
0.3184197292903055,0.5093862922537005,0.5600380012369088,0.6294397527152824,0.7581992987498299,0.3757614488307951,0.4615101029875923,0.6809706647136151,0.7051878641763374,0.7623981664035752
0.2951317459763369,0.5116747028022164,0.5489831640974813,0.5907016086671021,0.7619476145965964,0.3791766131927792,0.4599553520356537,0.6568252331417533,0.7255383017584427,0.7506278934907812
0.3051101936275694,0.5153536593999164,0.5398380476400048,0.610106988936289,0.760386513736171,0.3624098549222236,0.4402610809104137,0.6631019648486707,0.719947283374036,0.7581726126746204
0.3133715919229346,0.5156981367967768,0.5539441775961464,0.5885938097959944,0.7371579952454245,0.3638276652801055,0.4527279637890228,0.636730083404778,0.6886960903182372,0.7482449908857096
0.2973456510285246,0.5190798336113233,0.5348624872355293,0.6129223239630048,0.7401747497453038,0.3726405712310292,0.4625898327527917,0.6410908336670134,0.7050165208316639,0.7439651644920533
0.3045273665716371,0.493960975750322,0.5255526260946743,0.5500601342609396,0.7376226246720492,0.3716749937050286,0.4705807025845119,0.6172529856348725,0.70733644481931,0.7586433078953438
0.3000967454201613,0.4922455443814392,0.5293361163809145,0.6249358668988929,0.7427345217624723,0.3777605091185061,0.4518961325943838,0.6274925806416936,0.7028550613255934,0.7577171381104184
0.3061081612509316,0.4982341964712753,0.5536714084524941,0.6633656390442455,0.7533093829027373,0.3692709112815063,0.4560790692606949,0.626878231999203,0.7018687734765557,0.7575562199303465
0.2964292860292141,0.4963623340703121,0.5579383801516535,0.6911232399717746,0.7410647768000592,0.3607307845178212,0.4516563600620739,0.6336995804038048,0.6873997923251248,0.7526301028439041
0.3223126869065114,0.532462709304409,0.596246728748512,0.7020180051070362,0.745150398118023,0.390002714385099,0.490630688878175,0.659369372986313,0.7070873465463132,0.7586023504718508
0.307186200944251,0.5202021282787888,0.5749645760179112,0.6998962444527916,0.7435473111945233,0.3755412038202749,0.4697352697573073,0.634310558887255,0.7201380066780432,0.7648997092334398
0.3034155660309478,0.5289855124999967,0.551376158817317,0.6481888638689277,0.7437262361321232,0.3879622621476733,0.4699389541362694,0.637778678197952,0.7279145589354337,0.7545026775358973
0.2880333863241054,0.5243555552041276,0.5466927311130042,0.6397984762947638,0.7502008610260997,0.3400981211834087,0.4563612812468539,0.5922553269635076,0.6924202847775738,0.7596434090901893
0.3030859546866478,0.5132057315158591,0.5662139366467605,0.657673535438579,0.7507954467489453,0.3678123990804144,0.4631283119722293,0.6050879577550052,0.7028380294170409,0.7381147061062213
0.2539724080304039,0.4632936533736832,0.5027827567330169,0.6068941316955118,0.7414686206109106,0.3620336415158617,0.4166314975070574,0.5956473698942063,0.6930000294951881,0.7388115125447398
0.2607434755845881,0.4642380213064944,0.5159198740831381,0.6156861495480677,0.7361497570527754,0.3645663465700303,0.4293920810699824,0.5823790755230789,0.6332021228044457,0.7520880465250948
0.2749983675644297,0.4955979632422107,0.5348949889351227,0.6257282668106185,0.734943098778322,0.3736717072321299,0.4805613750999609,0.6110903400543602,0.6747750036600266,0.7570068978018685
0.289049956240483,0.5113392039970144,0.5608024809482222,0.649492721461634,0.7479073862604204,0.3717665922643643,0.4848308182300483,0.6201663814245029,0.7325846811126117,0.7366256763081025
0.2666544007664595,0.4776737327553637,0.5010197138498736,0.6006179769418288,0.7426093556550137,0.3570558192236522,0.4419598767409023,0.5525721587649917,0.6629728382456431,0.7316378375290197
0.2786042437814097,0.5016905571481569,0.5547221867393834,0.6031998725241814,0.7400997702091141,0.3636872741457095,0.4267372726136825,0.556422406271251,0.655738521504525,0.7410536405724628
0.2549074625728427,0.4770219891180618,0.5549675381931074,0.6050422059947442,0.7058945205484368,0.3678115286470449,0.4122437323673537,0.5727446553448927,0.6716121858132051,0.7499249913733335
0.2696419367608355,0.473850993791133,0.5079136589348496,0.6032014522064177,0.6232915555843804,0.3783876555659821,0.444490019557197,0.5797325857424375,0.6777781036419446,0.7544712138592928
0.2802561412794169,0.5076028148770725,0.5430315868135587,0.6166260953730986,0.6719949040109191,0.3815733774670746,0.4351739362989943,0.5875056487685976,0.671935330967068,0.7557527454267168
0.2838267600479751,0.5099700642289965,0.5356757621670462,0.6434391116286223,0.7132455941661935,0.3614212153671661,0.4511841742126556,0.6095217800957771,0.690251974662839,0.7410509380731131
0.2466073718045983,0.4685885691896911,0.4813873327003367,0.6007144522978195,0.6774321157195173,0.3703091637615863,0.4184912337185696,0.6200800788321101,0.68653626290794,0.7444424764206539
0.269938994687123,0.4911242760951439,0.5047143221162477,0.643634332547063,0.7015554620929642,0.3554380614912282,0.4531758720609324,0.6238766873676179,0.7197845768213837,0.7432615802616636
0.2895574031256758,0.505686802890252,0.5117000294441849,0.604482349563438,0.7238390538141926,0.3741041256175641,0.4945682614192631,0.6431990037909805,0.6961230991763558,0.7488210529631163
0.236554796979517,0.418746284687471,0.3788950707852291,0.5356359707680887,0.6619174990789068,0.3553989382141665,0.4593673211637709,0.5956238431527029,0.6724900381221798,0.7526961953166174
0.2720529670851995,0.4554354500731888,0.4217356477523398,0.5861389946701716,0.6795745411048728,0.3718924660452579,0.4649404471105357,0.6029839019972465,0.6732816290364998,0.760107622084559
0.3009174784841351,0.4839718833720286,0.4643571285562831,0.6112321160614462,0.6937144473937571,0.385223658048258,0.4670516764468313,0.6018005283928997,0.6868103791483087,0.743941465898856
0.321452257672202,0.5111611274946973,0.4978209915717395,0.6342551482220816,0.6993825307696879,0.4079380961478175,0.5123258564180275,0.6148113645339438,0.7072632788701787,0.7195232288774642
0.3186633742900093,0.5176066295112522,0.5074547063247806,0.6353396769648849,0.6983426786728377,0.4035960800978651,0.524633904272491,0.5987086987873184,0.6993643295591168,0.7171503814559137
0.2784008176182159,0.4565909152284176,0.4227154442766745,0.6009475382950796,0.7020156017747967,0.3457359999100176,0.4235327560704905,0.5999557564886687,0.6730313351257953,0.7298680660959042
0.2802823789722141,0.4642164616062414,0.4390723575783231,0.6082551167051196,0.69514868631714,0.3513861020626592,0.4204367704730088,0.5632999729586272,0.6518500992363255,0.7337163619119069
0.2911057891814012,0.4795116705901194,0.4518221943341083,0.6349606820169876,0.7096018540392175,0.3764406538411543,0.4729137355716056,0.5940468456955581,0.6729114248280805,0.7515334314568116
0.3102597291677267,0.4843882458495219,0.5034161109617852,0.6420012414756326,0.7150661270422456,0.4009453496087637,0.4834427171639732,0.6162948314487879,0.7016316981832988,0.7594326084616829
0.3055526568735046,0.5069619893778756,0.5282523011267202,0.5794129142673524,0.7011980560437777,0.4077130079470652,0.5076670811917982,0.6493598357074004,0.7207782654941093,0.7624544571274186
0.3075798116653069,0.4777989764290111,0.5063171384652156,0.6161850764423225,0.7113891069358638,0.3637164900611525,0.495559823119356,0.6154739937636168,0.6091779118929963,0.7505172139402284
0.3087414126060067,0.479413751385178,0.5098675905666241,0.6194113944491294,0.7167721171884207,0.3665022789966513,0.4156780137503316,0.5757788778640613,0.6208545424928154,0.7260570946032868
0.3274110292881629,0.5343629525922253,0.5430734972823206,0.640529122637124,0.7320531282984294,0.4027506088295185,0.5099127363502861,0.6067875554583279,0.6796944681381135,0.7371767095627191
0.3035240366617743,0.504021505387185,0.4772507017818291,0.6093012035185413,0.7252271057172599,0.3844299445760686,0.5210017201349493,0.5941753983312243,0.660072887714698,0.7467685580422594
0.3103747999004265,0.5194735043012577,0.5342545434101402,0.5508875994276252,0.6895286785867643,0.3820592230087368,0.5375458297104275,0.6141785206032185,0.5748311650149854,0.7390629887654766
0.3338195191349393,0.5457779337072818,0.5728961115529172,0.6006105689815446,0.6949828213713052,0.4060446092197659,0.553281860814824,0.6186659287164626,0.5838917908466001,0.7481362033837368
0.2708196245423744,0.4725238440037445,0.4189283012930199,0.5934692411371263,0.7082108231022004,0.3647469778425697,0.4584264755833324,0.5862380819545494,0.6063351716967835,0.7377893654554831
0.3225036177472384,0.5361481756269235,0.5408558083636866,0.6285044752411674,0.7210209766386563,0.4020589352080584,0.5108716037797095,0.6059757163799324,0.659395545501253,0.7254204274602694
0.3229381022593979,0.5246714812011661,0.6043360193622256,0.6768309186258264,0.7293398413784358,0.3920361371138376,0.5340642652835115,0.6215475644303985,0.6821712373281256,0.7285117516246231
0.3510406987857547,0.5838964830762717,0.6218804776533481,0.6789703153760283,0.7229930337771241,0.4076630096740587,0.5510303500913643,0.6288968087397917,0.6211947118942278,0.7434071165222188
0.356657365194843,0.5878852789350519,0.6258010637090001,0.6396907992952915,0.7258675576062995,0.4162965542305842,0.5524144339125947,0.636673103708317,0.6213026109570197,0.751504930641785
0.3701806494394106,0.6026395470780668,0.6490199262718053,0.651665545080697,0.7316176890476754,0.4235203433044641,0.5547094640049579,0.6413928141246976,0.6320540682491056,0.7648620915695133
0.3614055767295929,0.6244083956734026,0.6648581029973197,0.6653971948845621,0.686809109390552,0.4139356873164736,0.5677367359683612,0.6437221731298137,0.641357972077177,0.7581878440357956
0.3304889057211986,0.5310640970782865,0.6084607021205015,0.6452707571605514,0.6555406443287072,0.3805244637142481,0.5061556193183163,0.6570311517786906,0.6427463299222416,0.7531073663317368
0.3458260955380555,0.5864256407438895,0.6525344451578655,0.6863061757397284,0.6759246418900935,0.3945453643175679,0.5333460261294275,0.6580660378789384,0.6372295417209052,0.7652858498335284
0.351644033790406,0.6078019523206222,0.6260333094948023,0.7001063171015715,0.6673105218735563,0.4031866327953679,0.5628482657350061,0.6602350900780627,0.6906668114706607,0.7254911591349859
0.3598929095680852,0.6264833682144942,0.6357312225371043,0.7061175232395769,0.685407061920833,0.4142015378338284,0.582270164058106,0.6691941345574225,0.6404558517387988,0.7466504386113788
0.3454504977778341,0.5590156575812932,0.619147269791732,0.7165248982861917,0.6503365863701959,0.3541891494416381,0.4827555978019889,0.6432051703941365,0.681808153416865,0.6758863925180477
0.326054067429682,0.561421496116777,0.6114506615487594,0.7124946726277209,0.6061754868409471,0.3570523846582847,0.4936614576599534,0.6461020509120229,0.7147492773469717,0.6359435103289509
0.2938843987065136,0.4673514686946746,0.4945034723608383,0.6601920847749277,0.6619564832414251,0.3711257188411108,0.5241066380215882,0.6489771412262892,0.6931036882179875,0.6874088189860055
0.3109954716503946,0.47756559339536,0.5188856192540556,0.6690705388045155,0.7076426201224022,0.3662037295363698,0.4850477116731661,0.6584987202768471,0.7074177581595628,0.7074796441774603
0.3182896948818693,0.5286687395074823,0.5508736593698673,0.704576296495161,0.7102446959263693,0.3663111648811922,0.5045804117132128,0.6657693357039063,0.7168721610387383,0.713309608758025
0.3311839689374867,0.5471843984474264,0.5599059291428046,0.7204500980065978,0.7090546932019939,0.382253644615991,0.5593852817337707,0.6235951996985732,0.7135113836559442,0.7439401458036756
0.3385422654346326,0.5590401693788237,0.5530868668616866,0.7005327741527652,0.7347673863477393,0.3872070568532902,0.5290115201553254,0.6055053742976988,0.7235418959689266,0.7362310330127136
0.371432366536588,0.6277233199579944,0.6216995299439578,0.6988138429152125,0.6076945426706758,0.4391355457887925,0.5902082333720479,0.6652779161957648,0.7183138904607728,0.6860332672364413
