0,1,2,3,4,5,6,7,8,9,10
1.0,1.0,1.0,1.0,1.0,1.0,1.0,1.0,1.0,1.0,1.0
0.31816509567947765,0.5483447738627468,0.3370279390913521,0.33091029819616014,0.13651069254653278,0.2847644400656149,0.08427427915764453,0.21022676366703036,0.1189306698714407,0.21947112793599863,0.38329931647532883
0.35604298614630325,0.37444776185802325,0.27729939911950213,0.295736653923082,0.13843020108989756,0.2998418564435321,0.03998372924475534,0.15700319287435907,0.06414041237264927,0.14643159561713226,0.3893208967046214
0.24201954652487195,0.44561592614076956,0.24264234006574925,0.2778061285974536,0.1869732952983582,0.24686252814521153,0.08238368496698267,0.15900558730079367,0.03883126400332414,0.08521007030131422,0.3657850316576425
0.3242079189500462,0.4111387517528477,0.25243283447412,0.28744709439055793,0.1541613325780883,0.21105975321398368,0.15559719795813862,0.2992047179987623,0.13512712102805582,0.2602042647046843,0.38206811509053173
0.2982708162903586,0.3372046824448352,0.30090377696595416,0.2461915928564418,0.13236358124425207,0.18161418795527773,0.05650093578671806,0.1918092547336752,0.10969046030578725,0.08020632153192309,0.33446179632248474
0.1477065732391144,0.41887987168649843,0.2521532288757661,0.08381136474602748,0.16166402401008745,0.16931554093714338,0.1245548163377562,0.20722970934680748,0.09549663734852247,0.14946436165607324,0.3544174620942146
0.20399911238217924,0.3482744571159604,0.23832123263514204,0.25405998697889853,0.11778791104074282,0.22918273125638922,0.09814529362225921,0.15878724285975887,0.10622832158973107,0.09794132395931204,0.3377335824371848
0.15088188045700832,0.4366963629774001,0.2576691332585097,0.3001174555468303,0.0006425622680877118,0.23084686189222117,0.11449598619489602,0.1937566010445741,0.038625729406330474,0.25722010376708077,0.39133891064192033
0.26868862339905975,0.36229513612047043,0.2326397173372744,0.23812784848230925,0.13832873513208047,0.1447860787750975,0.20830913582591049,0.22291832744747792,0.04927637946289804,0.05334586252614335,0.31544770845754994
0.20733164885528077,0.44048860249413563,0.34508395329456537,0.13649244208526934,0.13863559849158466,0.24865465705138715,0.1470904171704659,0.3229059771494375,0.15046352243038152,0.07689858078138795,0.2892376149264741
0.255934802034453,0.31566622370547626,0.3066137181181909,0.14584063293759902,0.125322432216644,0.20417959465293548,0.14892702094333263,0.1504299384341464,0.05088245071701437,0.056757665285163274,0.31522887887663925
0.21040613690526583,0.345277854859415,0.31472366921125355,0.18816549843961627,0.10672530863303704,0.2267610517740593,0.1345088178869362,0.11279145902973889,0.03824252944760413,0.09708968423764296,0.3434063670194176
0.21523335389577725,0.3475818674761487,0.22591664178858906,0.22793519867753206,0.08507045605083736,0.25510142888551346,0.05109246743515555,0.1593710236308463,0.06691414881257421,0.052832934873551465,0.2895789223844923
0.2416605701057914,0.4032577030903608,0.26295379588603696,0.12124589435501006,0.11335534493935184,0.20935136652436484,0.10261267555214705,0.16984905408956974,0.08580977202211132,0.022513402014632658,0.3070127636765954
0.18884358903833004,0.3590895802532422,0.22738583553631456,0.13484577937868572,0.14588530644428,0.21073038165320013,0.12072113841944132,0.1824647597881635,0.07215309853342454,0.04597863637561703,0.2960686430367262
0.21379265008652643,0.403507344404694,0.23070814846834248,0.08947802103016027,0.15907749004902338,0.14537029181261316,0.18324183393316218,0.18452578977347694,0.07004675518785614,0.07848525572157125,0.3388487477957465
0.07787426643665799,0.2796956601217811,0.1468083823281038,0.10895704528058597,0.07242699997586709,0.16979441918319882,0.10943061227925985,0.18294922788285628,0.07747765964305582,0.12011969324982015,0.26951044677377045
0.1705620001397924,0.3300339058014983,0.15747333560570287,0.16003958102557014,0.06542497847191817,0.07430913260903058,0.11857966457270142,0.1135718915824564,-0.008779736446651734,0.1364456345071733,0.32270824447076707
0.17163816024902656,0.32797745968766356,0.23573046887874957,0.21687665014956453,0.08942108408606236,0.04951298986262968,0.15168596608878615,0.1319586801283663,0.04552253383415684,0.0565274286505827,0.37821201342045074
0.19622142008988397,0.3424963118827965,0.2393971723515638,0.17619098276030076,0.13202792361365118,0.09900988933111318,0.03753666748220944,0.1573268986289913,0.05741335948436893,0.0023150728304044683,0.33373112212096023
0.18670842091931858,0.3541598730226676,0.17170302753522587,0.23508884753273587,0.12991810788927144,0.08450893950914674,0.09081604451736547,0.17208423078220197,0.1046648369836459,0.04974687734330388,0.3337742233949046
0.20141866091678323,0.32574830963745705,0.21278496881528403,0.25701970463297147,0.13925128532602737,0.1292936873534414,0.09307301676757718,0.11025345068161374,0.10865957542712393,0.035844183938191894,0.3033199894804489
0.21072419374017365,0.3475353211126032,0.21031782471799462,0.1815389139807585,0.07767256215927455,0.16202814032799054,0.13880633331550102,0.12305129336114111,0.06379983734128383,0.059170250113023556,0.3006932981103835
0.08493781345766134,0.3277655189746363,0.15090597287034535,0.260243888735713,0.09286368442390999,0.17992095549463305,0.164537458897763,0.1678390828911716,0.07922922959409587,0.0730812530490437,0.3351393930883913
0.09372586102184985,0.28801000736824706,0.15465706833381737,0.29993853446721574,0.10400467558415406,0.17268027289195784,0.06618172132409872,0.09795543503924885,0.11483099934929326,0.09926426026570509,0.33813910923605267
0.109642763278508,0.2726056571567243,0.18433779252672441,0.19874666151233714,0.0994959766931863,0.20981350374509228,0.05808850821365091,0.15967746181457146,0.026350627402339125,0.03398896298024955,0.3005998268869421
0.14745618067114724,0.28257078849229744,0.16309980656856662,0.2510304599871659,0.14714598248449418,0.14357557153461134,0.06797838354811075,0.17105996515012284,0.08443074765830227,0.11333890892519205,0.3495943034965383
0.19541313877101546,0.31425424900008125,0.21312177522552955,0.28326837088995405,0.11720193952451856,0.1066698704726185,0.0883221197149872,0.04144305896033076,0.0559579869508627,0.1224850463083394,0.38515805644840034
0.17174396913926862,0.31527887835927837,0.20487964997515581,0.24789382118801087,0.10235417935134332,0.1402825622836878,0.11026085755825649,0.021019391558386086,-0.011445701726479542,0.12355328731305498,0.3813076850656192
0.19253546893216933,0.28613889179501956,0.18817120033985227,0.28608923053118707,0.1102975020581639,0.1440168164137856,0.16091490743331205,0.09126238786176066,0.056967944492603964,-0.006993578060047424,0.2774297691366572
0.15814491177990744,0.36569858716093284,0.18819247295416275,0.2874771850773222,0.12923547515994982,0.17163358513593985,0.045104004026597186,0.12307148663702669,-0.034616024639775034,0.07567618122317762,0.3103320413302484
0.17038737873451737,0.2320279021856023,0.25022873842526394,0.2955476282096359,0.11565170462134705,0.18003290448040338,0.05733129498995372,0.16504689270661288,0.011104163926282072,0.07958446093830487,0.313407110271695
0.2000190076848321,0.2005232149968881,0.2631637860474684,0.2510232932629837,0.081700962744472,0.1921787801254184,0.14125989510449788,0.20344099631023024,0.022259312907446968,0.06499084460051632,0.3334744461213294
0.09673055661162223,0.24333628109371164,0.17857877395872057,0.2737387367055642,0.10012820031853761,0.19559741632435917,0.1721127755093187,0.20227198819902747,-0.018300743408063987,0.06038924988245774,0.330981775868397
0.17644390147181252,0.28592519953661955,0.24679079980646756,0.2813582373705924,0.17293656406893537,0.18911743071200715,0.16418961365857238,0.09065897131590571,0.04840557767491668,0.0171068483366974,0.32783740141829976
0.21733083018587868,0.1960497277876803,0.26572474593693884,0.27086983562761463,0.1874107512746947,0.21027812814884983,0.11871252023445218,0.06710085500252244,-0.0378723711513135,0.04930087680477604,0.34226676052843014
0.12464499318317819,0.273445138678381,0.21405832608206296,0.2436381950489235,0.08992458884601649,0.09900921016985999,0.1271142324072621,0.025522923968622668,0.02173410686213727,0.09402620432394897,0.3036616016405977
0.13626917399930594,0.30507314771609034,0.20431284006530306,0.26706921223924146,0.144300730826276,0.13282612509067396,0.1367366343794933,0.0770532457224847,0.08851845225342708,0.05892387830255425,0.3437498828917199
0.00956458247404846,0.1103421122360454,0.14792267519112606,0.20909425193697764,0.11819549764775705,0.07874906393800947,0.1680839220696907,0.020065382184553244,0.04114826603790003,0.06328199965453102,0.17741253706718121
0.14175082245862003,0.23638462367154933,0.2101802671980309,0.27893900210541134,0.05872621866624144,0.08296933012935685,0.10365343454601264,0.04984574363938111,0.10343270005461933,0.07340110613493728,0.29049438248529147
0.15903529733913774,0.18847882336086902,0.1156060955768417,0.28239178974287055,0.08670354915401081,0.12733468126438285,0.1021283244357034,0.11656958913947804,0.05343802856159757,0.0580235194874389,0.28079821899560947
0.19566206204063238,0.21225281192523354,0.20019452943724667,0.2518194865698825,0.13130579253075586,0.1267935105094933,0.1527482839546706,0.04714934204224415,0.05370516490668261,0.03649683476998658,0.3035154942363708
0.19535910055660682,0.2898595740275858,0.21766251445193074,0.29301935585276273,0.10364722780937653,0.16698487145447893,0.12151766919338013,0.09606524152167559,0.11633946255780761,0.04244791868510635,0.31710033435770874
0.25666914070317487,0.33292594736023007,0.259654951846929,0.288801308201247,0.04648550061944408,0.1805387809116713,0.11199999914973491,0.1696666723789828,0.05541233797181326,0.0701115661848804,0.27777476953016456
0.1298442960884481,0.28165747273436786,0.19815516047051834,0.30640454307792664,0.13730818944160417,0.20654607195041347,0.10295571687388577,0.19499265362660329,0.056747569406583945,0.11551930740286107,0.3354984886967063
0.1492700679289951,0.25521959411494094,0.23276802429451404,0.2609888651739741,0.1061590460640808,0.1514399412503438,0.10891879059528038,0.14633587726030664,0.07335555700600009,0.18759568197759996,0.2995771520883434
0.13528552831640955,0.20157657133468646,0.2805758111237579,0.2751808992584236,0.1322564207124869,0.13141603167240332,0.06306013241707384,0.15018575678827295,0.0997008136301741,0.015452183840745927,0.2753135212561752
0.17353429154636418,0.26310566218231085,0.1517520260007339,0.18851005303601157,0.16916008757370024,0.08461115430248281,0.10238523533662877,0.12144214374912277,0.04022456841291792,0.10047714902596484,0.33874864026105456
0.2069066917056791,0.28175406620479393,0.17888915774687758,0.2618750589449806,0.15206854245682913,0.11211380256846705,0.1252051439730078,0.14488727344890193,0.11582692026939118,0.10790139333082807,0.38154838769170984
0.23462088202871487,0.29943049508301556,0.2388627659507781,0.26619286971601264,0.04868493983552326,0.17334947053960117,0.14810380150079655,0.14715550426785173,-0.01071093517865738,0.09973925920313177,0.33424248531544504
0.19977119046625086,0.1963511072900208,0.26802122556610114,0.29370982111743493,0.09197692489432432,0.11671138706834651,0.14879177172947616,0.05855958044563877,0.04457032124924704,0.021495533333853196,0.31248596403836326
0.2104723370544482,0.20231363986339454,0.22489945192359093,0.27576690982771934,0.09007062965951651,0.09528698663520013,0.1103698166964931,0.10799716701388164,0.0723518685372688,0.06331519240301063,0.28040496379808455
0.2079788420511562,0.24987910596447427,0.23283836705869265,0.30632701485048014,0.1363702685472446,0.11450892431659485,0.12108083867042768,0.08155511456410021,0.08338561192723168,0.020111972152339064,0.29556922449234163
0.2289120974588127,0.2918725834338034,0.26953967012426566,0.2537323485473947,0.06385121081476149,0.11483403607782695,0.12878617388925162,0.08990444667905406,-0.014135033452880237,0.035282438119006665,0.2829731071242274
0.18333382275879898,0.3075463956432637,0.22325994950793948,0.25946633284691617,0.10138468414656507,0.14998159487962923,0.17969845578781152,0.055986536077509405,0.02185135760409714,0.08398828059466584,0.28037837138260735
0.18506127909236375,0.322341594779713,0.21527985517312986,0.2049408067508556,0.11307844470895625,0.17261166361296348,0.1400397317575118,0.11277988049746773,0.07272536911580832,0.12817365914733475,0.3030708211093863
0.16539115415323535,0.14970747460019213,0.2323453553166675,0.23650380637487822,0.15241321755524398,0.17252202690444823,0.16341403138717536,-0.025521871815947436,0.10254634530503887,0.06831581177487085,0.2206433673531683
0.23985297513975182,0.20727824161338215,0.26077190021980867,0.2771516571857042,0.0897367332219229,0.14887813964165053,0.11234119903952512,0.05876529304378173,0.14045152310983988,0.0998085973637243,0.2440072136805567
0.20356581384971315,0.2626028153444298,0.215805696925752,0.28113184751643316,0.1424342542041744,0.16856168927387494,0.13362841514656046,0.003970807374103101,0.08909375735467544,-0.030659746036877364,0.2864692588580278
0.21256096439673433,0.2625406049449657,0.2505134881854309,0.28662730072022224,0.15957545638632054,0.20078407822809272,0.15730747433621955,0.10525259789451026,0.10400523259148198,0.02184979000055806,0.3156130416269305
0.22263999013433405,0.28876947801780206,0.25067534182740936,0.30831298979062305,0.04405863532639483,0.07633078924937992,0.16068760516142266,0.07940017424501478,0.11030550714397172,0.028782843906239374,0.2961618928568644
0.16938318962256474,0.2963305204537233,0.15677733408310446,0.28226477020577356,0.11306538841136946,0.1221189495203906,0.14407219964229132,0.056808961150849144,0.05125613330848756,0.04021082599226497,0.30761012656314674
0.17117462957314772,0.3020375931190911,0.18398292755265108,0.2925226723117379,0.1257104390187156,0.1789155808706606,0.11189469578822779,0.11776366503468608,0.07925046885816489,0.0628099306531342,0.30433680621462467
0.17159875796663893,0.3132714367069286,0.18948802569700018,0.30753541277905516,0.07601054001459466,0.07239543619246999,0.13677009819263813,0.13622493730411406,0.11053625798991479,0.07784725206603119,0.3206568528589937
0.18998121571748094,0.2968466682881004,0.14540557829187944,0.31856785199549287,0.10519948355181793,0.09706369030870288,0.10299743268585242,0.14027138543923878,0.05772724578772075,-0.012969211885266747,0.31703271550777257
0.1910327935577779,0.23090352820194285,0.1616300874956735,0.33020470058210694,0.16608658179486835,0.1358685699388485,0.12236738965322949,-0.005950809333688167,-0.04116981306589954,0.055368924711725775,0.2906225714423494
0.24546865652264752,0.23604330914411287,0.2212786768956052,0.3036042111087485,0.11906253765396006,0.17107054025002644,0.14691586014853422,0.03270213079214468,-0.016477146751508277,-0.03620374201665908,0.29821293406660787
0.16234065941959896,0.2159569597439363,0.2551840132164357,0.25711016112536067,0.19199931696567196,0.08730546610110532,0.03814324113212167,0.08924186769626193,0.015941885926851734,0.014678298119974207,0.27926098832566365
0.19873856609072432,0.24385601666760384,0.16191126668568334,0.2404069536819726,0.12498230698270706,0.1055534286772832,0.08949010958059424,0.13675540631316901,0.06521879300639444,0.0497034555329527,0.2805741302118552
0.1644963551130224,0.25452614595375744,0.19603704212164028,0.26552593949115,0.06865247148914352,0.08705484296376254,0.10737168066848865,0.2005573349785601,0.04481770240658027,0.03664659004515249,0.21096436410386354
0.19922502482189358,0.24100200558127746,0.2842246859620762,0.26525409534633904,0.07448239350892341,0.11768711999827004,0.04841921338597397,0.11679880415025524,0.07105858084516259,0.008667075188496479,0.21779026644550947
0.1535762803036525,0.23272701910663643,0.20569679316251413,0.24808811653545954,0.08727503534998346,0.04893414176242157,0.09696323388072738,0.05380386509645731,0.07049534680947643,0.04130042547917806,0.24701561585320356
0.16623060319672717,0.23759427282242962,0.2078404896529384,0.23495325071268514,0.11827480266236742,0.08225263324142501,0.10392415048466175,0.0405952885566675,0.08988322347421218,0.01151235664455855,0.23001589887922982
0.13410683988252933,0.2537942430905033,0.2009424604170093,0.24728993433475235,0.06364660049101237,0.097738750674662,0.039163005898157674,0.13321515786165677,0.022428710152914463,0.04846716760863286,0.253472133705849
0.17766721896382956,0.2485529084884407,0.16598138397638942,0.2757299374354053,0.09840104580634332,0.16750238117610175,0.054613866807850124,0.09391583140057584,-0.033140763846060524,0.0568057312823867,0.26120661242434806
0.13110412471095764,0.2510226114842755,0.19470241545553282,0.2557881996218233,0.1588233983271466,0.09564413480841794,0.10619283733325427,0.023441630792056738,0.00822393036881031,0.0464007140387234,0.2670350421636521
0.1349612020400783,0.266728999972389,0.19214906622041894,0.2723996327735789,0.1648061995008853,0.11093527250771373,0.12096659567233965,0.08483656207724317,0.019913051392647374,0.05665529494044057,0.30088902888560676
0.18759786363975328,0.30707365600810566,0.1910601866041255,0.2606942513126075,0.14851107970120273,0.1568533333473592,-0.03835057018525399,0.12497565216179413,-0.02984666503790549,0.07720148253348338,0.3131819382972966
0.1902601524209225,0.3184654359038319,0.21033154938956633,0.288311671218151,0.14710626659097778,0.0897835144173511,0.019457279230778828,0.03891979017930327,0.017095102982145255,0.07360828851174205,0.30961850554936876
0.19626649770103416,0.16444887063673727,0.20115324311884747,0.29819920144403,0.13208222559232208,0.11133873850542196,0.06524529921169309,0.044750534276252224,0.06431758692723225,0.09203230044613278,0.24683861354120573
0.14658329390135644,0.18391601945983327,0.21377440314669072,0.30044929958175864,0.1591290616765496,0.14435663343428293,0.11627929788692357,0.15717958747224375,0.08946015638485338,0.0722085915620611,0.3012651149229445
0.17410657731701018,0.24167049846654376,0.19536283909427496,0.2906272825716418,0.13806142737013932,0.17819141209239692,0.06287738165302822,0.14425239041827093,0.09583113402759574,0.0729889497936947,0.203625605835737
0.20173592726305187,0.26782721873927356,0.18766668526804448,0.24990407939818157,0.15139488869085338,0.19707357838038653,0.06607162921680866,-0.025521179095461415,0.050440106797052894,-0.006570399909494279,0.20861033409281407
0.2330881973815132,0.24488190738936436,0.23631812558733178,0.25661352945169574,0.040105937765818715,0.12595010451786376,0.05740813075023178,0.02256351417632538,0.05435688783298752,0.039017312297307045,0.23008661236762723
0.16128591939734274,0.1823849691696476,0.16817245412514784,0.2592290730191426,0.016410800088320722,0.07985826805883847,0.12963972703390458,0.03841555505837069,0.05104669675085392,0.08301915860660594,0.2733132167111083
0.11630316104033474,0.19952380215268894,0.2216128799010536,0.2894397279753966,0.05367744829954933,0.1250335791746937,0.09152938005478999,0.05274576027412757,0.09521403683803542,0.11916618414403493,0.28360729497651826
0.16486022510036566,0.24137242339677362,0.18577491598803839,0.2336236551019556,0.03721815410338291,0.14586304206658113,0.030844388539565004,0.10503143679779003,0.07394257376331992,0.07556849795363205,0.3084728107034244
0.1451376827063983,0.28398756408663905,0.2074624030856512,0.2574062625141127,0.07060824849376333,0.15714465311694065,0.06890726514779097,0.08077208435528531,0.007483061387242673,0.04430739023491371,0.21369898774809357
0.17136060821412807,0.1865153390012945,0.21096661053114057,0.27238668866217985,0.007671436137728834,0.09131084492760845,0.0924442408387051,0.0820421616643405,0.07068512378621358,0.07807434876529855,0.28725104211535474
0.1964773328286466,0.18706466860853188,0.2149359760599212,0.27281148942612715,0.1109025832791294,0.06687199001291719,0.03791004261847659,0.0030869090152328533,0.05111275410216729,0.08477843774252505,0.1755803400507046
0.14670454141175296,0.17143592910879127,0.23770464548414078,0.26879115334507325,0.07589482737236515,0.0965999506525652,0.06727389480967164,0.025044838625584195,-0.0409437145885063,0.0447736712318656,0.26600956681368226
0.16537722186599585,0.21281642129501638,0.28884904103595804,0.29115627941144495,0.12440038880143289,0.08703835399801287,0.021297715117907193,0.08922707586751208,0.02933411956457405,-0.027400830790180564,0.31972491862388663
0.18938206045412495,0.29714637098230906,0.26264022128384135,0.3059553279426973,-0.002823078982581597,0.09202986974478876,0.06959166079629543,0.1325211198021521,0.03547321965535142,0.07791712019144148,0.264316931100264
0.19665603101390505,0.27943689065096156,0.23362123469106005,0.27577182575883447,0.0713184777133923,0.11026826846419158,0.11647737930674665,0.11739929264514459,-0.0033146679874660754,-0.006760855464008877,0.28223714382868703
0.22447288418217867,0.3063514570186418,0.2436260342821754,0.2933208340670579,0.1001388708132756,0.10756340729577628,0.015193047579323112,0.1181637675461833,0.02330666688558293,0.018272352823753616,0.2579283978880511
0.2283135921567695,0.29097552118459746,0.2250821873948595,0.2572319641034626,0.011229527574523914,0.18001849713044474,0.05926741180906081,0.14646981251753993,0.05962614971397965,0.05916088796413988,0.17291729879197704
0.2219157663096762,0.25464749017003696,0.25612597712660023,0.22395867272914102,0.06665894324259893,0.18630655092556672,0.08186805724761685,0.10412339274972088,-0.014476075861507435,0.05041505691498561,0.2114014823064373
0.2215267890296319,0.2814651980093585,0.27731344320897156,0.28634074123460357,0.07443202027736787,0.10418078308841959,0.08669874730206442,0.0019166379344544235,0.02542708789074868,0.08406277953658675,0.2460774904750101
0.22919991145898916,0.2622923310233036,0.26034813299163373,0.3174544876418729,0.09392534760906389,0.10934464000428495,0.0711357054351801,0.04439977113656357,0.03546993434652252,0.07848534607583542,0.25595619975406125
0.22253930804366615,0.2421009533794587,0.2480740429847269,0.2911763734185812,0.08533331678391544,0.14203741430278505,-0.0544049314316829,0.10277400953371373,0.10058968533082731,0.11249621099698365,0.19793950015470732
0.14444253929732137,0.13004087797052324,0.2519095127061312,0.24938442351221973,0.0988992053114125,0.18495036267766252,-0.015092310925878242,0.10564436540256786,0.11409653185915186,0.15730700848480333,0.23032013208846658
0.14969487866706796,0.1864206860702679,0.18887185093304107,0.23792730554217942,0.11080064390873125,0.19209188940734878,0.018270620458831266,0.18988823759277534,-0.002141953522403951,0.13634814763968792,0.20857336504526794
0.18450004271061207,0.20042578712406783,0.21692464106456988,0.2662636301077867,0.14876403848273703,0.1471535983709857,0.07433921153940135,0.16548091131988163,0.06288077646274863,-0.0229688994332087,0.20334029282080157
0.1545564187279243,0.19989147253309317,0.16206405573704477,0.22625588016821746,0.16731501722706954,0.13365754969728327,0.1145878141370726,0.1038646686616189,0.06971778546114046,0.05441699978228309,0.203903001495254
0.1574792313894039,0.22797649405761872,0.1703456572116329,0.24306906269168105,0.05636408651649567,0.06166382615328796,0.06356899678066055,0.01942757296470476,0.0365716643061364,0.05413897079083967,0.140472113150984
0.22213977604035917,0.2715981603279034,0.2399740456690591,0.24234177147989702,0.12212414823867335,0.16796215126513878,0.0637925474115095,0.0445270588874025,0.07166038786190262,0.02200038803790154,0.20987967042749717
0.24793957396116503,0.23329879450018928,0.24934652049685185,0.27143014959611905,0.07771168953606342,0.12615330735108132,0.04113973606400563,0.10344793360623976,0.05898195272404145,0.046389066359502545,0.22347807191618801
0.24824627600581733,0.285533795428332,0.29019912042726553,0.2847066149579337,0.09292083889241351,0.08976399197705387,0.07612946336141505,0.07058344729592318,0.07431825144606696,0.06117674266701535,0.19581386834826695
0.19874279903991493,0.2623182388173328,0.2500673492736575,0.297392500823145,0.04530040177609488,0.12376313253844015,0.06671873229804008,0.10323590582063835,0.0398442118316279,0.0734068966311798,0.20699956271550202
0.18455464750025016,0.2208182594608133,0.26153999466549366,0.25473870112170743,0.046702510151246546,0.14711187815038818,0.09875853109031199,0.007867839098038256,0.03059518953855409,0.10461605241503538,0.22667400787939207
0.20649633766031655,0.21760604931764455,0.26495205973973357,0.13633737956404307,0.054686806931145394,0.1712919468895056,-0.018546233266189573,0.06333747936573668,0.06354894844651282,0.005217911791550629,0.12578400253086122
0.17796651289156254,0.24904738901736698,0.1620750455653666,0.19568878937880796,0.09180882989233373,0.15841198295066403,0.011697961314306917,0.11522337572276412,-0.04461254146340916,-0.007909643368638725,0.1547398347757956
0.20774718712799622,0.2595910516959399,0.19614523752237872,0.23809252007328383,0.04093968816259179,0.16952455667135752,0.04185943887877307,0.0184193523879987,0.0004066241438501726,0.0470847542826199,0.22087240022646248
0.17495513053294334,0.248976568696305,0.24818214843840827,0.24619152234884262,0.07318749782011927,0.1807527230348618,0.08809109716268163,0.07956230423664684,-5.639126103636323e-05,0.028621036443668983,0.18194450401821413
0.0925555269659721,0.2003873003933264,0.15824480899081259,0.27827324236856943,0.14297208064378422,0.14159976385696266,0.09164608005794453,0.07875191116419437,0.018705340724838395,0.06258143492860634,0.2294411998904678
0.1427887129032544,0.2699174884204675,0.18842204730506934,0.2207979433951818,0.1377366553069585,0.13674584780924287,0.08483052999593249,0.11995650476801542,0.057316533669953575,0.10424568944022222,0.2313893888915599
0.16221363465434277,0.17207397438059188,0.19548990966389374,0.22742179196510764,0.10457854475392087,0.16446708256692655,0.0058340851234744496,0.13021058942374203,0.0055877928403857665,0.049792919844568954,0.2385674361220169
0.12754426340393085,0.20248973027882405,0.2135942848331301,0.19133353315502694,0.058937724134448664,0.1856388231796126,0.09470430259471693,0.13417458201259327,0.07170647121191599,0.017933807353454755,0.19506921399968932
0.1619573992871106,0.26381787793188455,0.2391098768213681,0.22160681244849428,0.08557024361901486,0.19007843282735185,0.002534215316017417,0.06473222399867119,0.03508108861900272,0.017111641027733916,0.23332372644530575
0.16224196977726915,0.2785764023418657,0.19960813330581498,0.23472795158633952,0.10624699390649664,0.13143677862485903,0.05535363355729301,0.09506433646843335,0.0807308871712628,0.06841138887701788,0.23979757477550095
0.17138609995627463,0.2935347801893339,0.19286996994695535,0.2570767428036554,0.1153471643934349,0.15706128304001268,0.0605640159686479,0.09647013894619047,0.03924960457523711,0.07425669894294898,0.23315964236369005
0.18216319506074052,0.27648859782488094,0.21724379601272292,0.26792621169098974,0.12737053409743243,0.11443388023778252,0.1314610401510874,0.09664198692461143,0.059869098743452726,0.011408690900746522,0.23253941129596628
0.15567913993339028,0.23737715767779646,0.21756994893712905,0.2928501673243379,0.12251222123083333,0.1216855853639863,0.1187742568790886,0.14333198876783826,0.0561502513356736,0.05953758276980847,0.21747612994514856
0.19286883785532194,0.22192547022324702,0.2614364839591063,0.2784710217765308,0.0867213815452644,0.14461149232660586,0.06692069373978071,0.11824414705302683,0.09578525816999298,0.06671918948600332,0.14995553249439203
0.15011455272041974,0.24325915009316007,0.23055871811417902,0.2962835554562044,0.09184538486881291,0.09999197847559367,0.10013476696473908,0.13183530245009864,0.10831415818607429,0.07599323491203284,0.15981516551539343
0.08307548581563032,0.2670944875399671,0.15813157514861118,0.31508918760495286,0.04902173221496289,0.11272685273761276,0.011680022056121097,0.06001936078114699,0.06463027074628996,0.014845358376549687,0.13519733600838466
0.12158253348111,0.2714970306957847,0.2362828024219294,0.30751344077640674,0.04702689667221342,0.07567369063995022,0.0568786156708588,0.06035059615190022,0.05189844784593959,0.007963387827255341,0.18981501609859755
0.11043309205591599,0.22074562045796128,0.17679033476927905,0.2588614895848732,0.09304404925935933,0.1252434034769843,0.08760631538657293,0.08381355350042227,0.07080355462599339,0.048371272523944985,0.15965900256881102
0.13351584543227815,0.20172599423385576,0.17024678807326493,0.2757190054625213,0.11330749369286999,0.15732078405684558,0.10981569912581206,0.09538046149075549,0.05269628738728745,0.07341496563427222,0.12169761431735569
0.11518636497264598,0.15778898027241375,0.13751112217496556,0.2903287887480074,0.0838034689229093,0.17425097220467253,0.12314859283587909,0.13606193392058244,0.010812413797173655,0.09462376033175651,0.18999243334973695
0.17375974865303356,0.1622606931620607,0.2135105675099221,0.2956590322078637,0.1351393668723861,0.19883671486040227,0.09868898750528324,0.13936188474821581,0.044487539274181725,0.11789912886591253,0.22439169252064162
0.18030348146198988,0.2100492930794943,0.21407638439750842,0.2881432171526083,0.12917520708599992,0.12703993796002216,0.11417678949067228,0.11261278169126114,0.027037739407320408,-0.006439237705565133,0.2466935629640625
0.18330130185659038,0.22147368068545525,0.1677453135642254,0.3005353755584188,0.1505662814554113,0.128370959988978,0.10217673553130348,-0.005296335096289266,0.04928361391113523,0.012700397037027147,0.1754959122330922
0.2246715789888247,0.2777302566835659,0.21069504413665244,0.2815722316359741,0.1592117882226276,0.12944427368983277,0.1135716879322626,0.037216377101662604,0.004979672788942158,0.04386061301200962,0.18766011679350691
0.2328202078625147,0.19056817644239493,0.20218511949965878,0.28973035418190896,0.11609841314225353,0.13063656870265983,0.025406602038081073,0.023464114592939102,0.04135402644351864,0.06299104290276608,0.20908901934866275
0.21882679689205606,0.22613761717014588,0.2130225162708218,0.2940378906185307,0.051773062214116095,0.17320013519348587,0.05776915826282876,0.03830809266201138,0.10871843433731965,0.0588536133895752,0.26608495375167623
0.18308323648891164,0.21546073289788772,0.24193387742976546,0.2771053790739271,0.06295135584940126,0.13178739395432168,0.07423823654147585,0.0917269422470739,0.022065611716253264,-0.04977726198447403,0.20541061615037987
0.1472981837025599,0.1909577812199486,0.2827464951288805,0.28365201810236057,0.09846007532262047,0.11551886379038713,0.002490582930288895,0.10094960892153221,0.08299105537249124,0.040421981032784736,0.22217417561919084
0.20627622828695286,0.21151512256063718,0.20281960421361603,0.26876170625077395,0.12486740314840766,0.07661257065299731,0.06829683644009699,0.10006106722774176,0.09488574427409227,0.047100327212733155,0.23938088238451302
0.11710553687906221,0.21901860545885407,0.24593769268232246,0.2542244120816331,0.09047711868754382,0.16850075933948774,0.09067829780314599,0.04579172119278643,0.09674060298506962,0.02747033438953148,0.2591084226683783
0.14480947809081302,0.14387731714503504,0.2299267268468714,0.28056750206366154,0.043638888301891395,0.2154488742644473,0.10416547565052228,0.061571875034715645,0.07040244538388424,0.06397715550129471,0.23978809456223102
0.19442934828294975,0.15009857211912367,0.25437777186177746,0.23032019273885965,0.08977703672398364,0.13404706615269446,0.1257387419826484,0.06539517305320311,0.02236598678871952,0.05510415635697236,0.2169216870419234
0.2616659344620494,0.18916699559368683,0.28954606525562543,0.2522875899228911,0.053380602265193276,0.13729907593223006,0.10235277491780967,0.06475759632481758,0.07695266016621853,0.07819598455429959,0.2222246988625597
0.20488930252655974,0.2178022822568106,0.27419685099245017,0.25155362782956353,0.043778775037917404,0.13641483201673785,0.12655985748918652,0.01925345430291927,0.06474430082400576,-0.005571667762355075,0.25575408466272026
0.23445918591992973,0.25206225600131255,0.28361679245459626,0.28643265521412875,0.10535239124431753,0.17802109996263998,0.07368092489111933,0.05459835742339991,0.0956151049569537,0.07369340691366424,0.21534043045358314
0.20030568592863332,0.26123488312073695,0.1901030385592539,0.2622717685408673,0.1269095498266084,0.06420691871022671,0.0606053351304155,0.05612423738034774,-0.021103037899484808,0.08390503379929179,0.26755525396612184
0.22890245833632866,0.15068704321796045,0.2129594166023911,0.2836416484082772,0.07797978876564593,0.166563384849062,0.02015572494319972,0.13371322042622566,0.02204572280719011,0.04733750449590329,0.16792017373045284
0.1482583066369362,0.20570482840607707,0.11239776664481287,0.2978193588850131,0.08871453344669139,0.068739008887386,0.03505185110618224,0.1560274817408176,0.031958476907820874,0.016717930448230046,0.200977467929695
0.15944053623062143,0.11347332320073006,0.18504386752320234,0.2434674228102357,0.09324767344734503,0.16589131286794861,0.0637753134704925,0.12612895941936392,0.05687392550621626,0.05187038846737115,0.2154683578391205
0.18154188789600367,0.21395605486628858,0.24005891932616844,0.26870256420443667,0.09671052268419367,0.19933927927760986,0.0788387829013361,0.13647912186473657,0.114071511616656,0.043206212358427,0.22911783152082538
0.16901653169486147,0.2572886015092077,0.25840069795776627,0.2700469477618195,0.14211004780966563,0.09799323493158123,0.09957291770085286,0.09929410540265733,0.007390597278632998,0.050854213346124354,0.25251442337966
0.20777574069833776,0.23350997891849407,0.22351771504571258,0.3047322038260853,0.1446055823405097,0.14259990634033667,0.1337278736602554,0.03096352757140663,0.10308847285745215,-0.018661562203782137,0.2672082888987769
0.20923849499213018,0.23147984084568438,0.16088669784421833,0.2525593483786496,0.123030079247696,0.1644188353964032,0.057861297214439666,0.05328839709806226,0.08420688051533289,0.040033279619859065,0.21114809594806203
0.1799702166060188,0.1851621069994907,0.1669128611373146,0.24417640853532588,0.12527638177021547,0.18569258519163373,0.045863887281935245,0.05120702898069722,0.08650270743438933,0.09743026970279475,0.23700211010768285
0.15961074280700657,0.24784380629003674,0.13550297313251444,0.268307988967221,0.11168823776389122,0.1426387886585965,0.09888170554048728,0.13909160310167024,0.094649788403221,0.10242868263786606,0.2647514500855267
0.16274525521846367,0.2580412905027014,0.19102926585981916,0.2491789054821888,0.07014407210536337,0.21300993211225022,0.11789374817098687,0.15858478927253794,0.013913579743864769,0.06629926382450636,0.20737473386767527
0.18154714881136513,0.20616737607256858,0.20598996709108375,0.28284003038442423,0.11635647999592175,0.10564510289525743,0.08151446455544813,-0.036276771155343286,0.0377116173181703,0.06407436005748884,0.24452707048862976
0.19648329109257354,0.1515790291558324,0.19620595431278817,0.2850408961433398,0.07557935479600376,0.1398007831422089,0.06823419182095661,-0.010221662567609535,0.04718955128396082,0.06820062726516468,0.26967135608167553
0.198497442121069,0.20581170482895084,0.27249988355478316,0.29343469816080414,0.10138440631007542,0.18854449989533795,0.08848303636939846,0.011444420739304004,0.028646276170683244,0.07282806197702428,0.24974663247165707
0.2017588223223203,0.2192783424913014,0.22332533972369037,0.2975233850919994,0.09454788248477015,0.15337947613699182,0.05724697911531896,0.04754054288903937,0.06594327203735503,0.028276860645065956,0.21926051778439035
0.20884426742475667,0.280829458510624,0.2117986977137077,0.2903896888253285,0.09428487718486771,0.19738453701636505,0.12437388610063368,0.06785838270453963,0.06762870926485337,0.06521462227478372,0.15089560446336048
0.1318632836670265,0.24537183432737236,0.23723958873571194,0.2421295669803826,0.06266931120018637,0.14499342602720117,0.07539223528693688,-0.02546631107737583,0.02012012429270618,0.06429277599734236,0.18638657774348344
0.17036929941345863,0.3064925356674965,0.13904389390283375,0.2416885572950992,0.12588049410474192,0.1435389145223488,0.08789688172678994,0.07638880177633761,0.06796331875608377,0.02374599711678645,0.1267657931395607
0.1405440916678779,0.2376147959623906,0.14262442061410227,0.27167242735824537,0.1039825997065399,0.11809210304440661,0.09408051325481837,0.08798439350620851,0.039625322505052775,0.09879215178706836,0.18778773296256152
0.14492458613496756,0.19861323564582758,0.18726267118611123,0.2772011962066622,0.11353576616398096,0.09447136114960121,0.11630056168764011,0.061861276309294395,0.09231673413372186,0.10022584845202147,0.21019776963868766
0.1574427676586162,0.2028488576471496,0.1074131594337315,0.2333016186831355,0.06889936119770772,0.14626620869926138,0.08200680490578839,0.0704332054408686,0.09202572065526886,-0.02663801440792717,0.2287258643008882
0.1835303234879952,0.25882118526404774,0.13958026119383798,0.24444324155227243,0.11261742652025775,0.10020425537761916,0.07489632918153188,0.0953130045051033,0.10582625834650222,0.006262121416860637,0.2245308554671022
0.19996262839606743,0.2690603674957984,0.17723584752431698,0.2843499494613342,0.05540469068482305,0.11746400598759921,0.08403831465891373,0.09534140999832273,0.017721057264289873,-0.03641952612646218,0.2531825330630169
0.0926023538766563,0.24377480958323694,0.1935607612875135,0.2857501191120404,0.08658926545221196,0.1667760406217571,-0.022285163972912823,0.14586761575647403,0.0675724765894474,-0.024114523969600045,0.10715421062020128
0.1503167614269743,0.2496845056980605,0.2210956415194324,0.29520641581413143,0.10645878770756345,0.0662413794569139,0.014550346030801395,0.09467357043462095,0.021275602991337995,0.03550550861639247,0.18308325564548594
0.15756191716973647,0.20775607708863855,0.2133592182614113,0.2642968540581734,0.12108488146269125,0.13484085509339522,0.05493735084315787,0.11844506188840559,0.0865900253037999,0.07546747986250422,0.18924195460770746
0.12385426683556151,0.22728735278319456,0.22124318088279984,0.26871827332602755,0.09722591415412565,0.14647055428057307,0.07705380222407304,0.12523988567099242,0.04307321021562806,0.05150884655292402,0.26812820191054026
0.15547436942892923,0.22404499367216923,0.20415222300003089,0.2792774306090976,0.11914641465516856,0.08384706265109738,0.12349818350361355,0.12659798142314466,0.016012639446994676,0.07131985293442794,0.22530121764406005
0.19581128053244706,0.2625177403242395,0.18728629418067774,0.2799283855989566,0.034488105206781014,0.09782542693636018,0.11295543429585907,0.06591653564998698,0.025199626424236038,0.11497319777915575,0.24042849025203505
0.1573196488564809,0.29465061070636633,0.19782419027593134,0.27857278725713847,0.04627854110983215,0.13801349505308008,0.052658018351295646,0.11042822453146078,0.03225995270508119,0.04391325061264402,0.17518923626516517
0.1831633863416704,0.2666978381791935,0.23754726147457705,0.29173592407104176,0.10506310094832241,0.036031203671947516,0.053099519187406755,0.11178494249429034,0.08949971632006891,0.09895158207153545,0.21444989160799127
0.1854076739693697,0.2060550727186749,0.24879442546495772,0.3066934590574525,0.14370952553064187,0.12460380510022885,0.08895291416794124,0.14159124795938577,0.11565085233404321,0.032819280990085506,0.21936843642816461
0.18974205167699884,0.17597973325685495,0.2025759043322906,0.3163539423230908,0.11451919684074226,0.15689916703188425,0.07002595225809491,0.13997051761822163,0.052464162864605285,0.059139613631803464,0.2581336236913652
0.12828287312363917,0.12259059021203643,0.23418771773191085,0.3174511806492971,0.15463969664444935,0.15569608289846668,0.09523486889820434,0.07341663034401885,0.0809167153833196,0.09039859875260547,0.18002925895435143
0.14694638730273657,0.17085855100145522,0.26319590233278933,0.2620259457838234,0.11696328470725563,0.08143603727899744,0.034948678312026575,0.08941600208459338,0.08276052242883399,0.062141823327030686,0.19231774452544664
0.07304074821170449,0.20574967071942718,0.18041160224696623,0.31725064330172603,0.11757177263196775,0.11460939049830585,0.09584282706012036,0.07163136794471174,0.10289906241919156,-0.009166456048522223,0.24620798872428645
0.1374167792641879,0.20278259761956507,0.18934908903309206,0.3000318424565506,0.14696724778820106,0.11475093201800124,0.0678228691000922,0.07850648808778364,0.027775545294818016,0.04320268191030026,0.24772373635691855
0.18109048331990818,0.22246464068345234,0.2308967898596863,0.3023442353452265,0.16963025174409374,0.150330933576594,0.09659683733413435,0.075464088167931,0.061312262919380044,0.0831179081069226,0.24976125184152786
0.10342581374976487,0.17690035928114345,0.17441316508370863,0.3114460630796898,0.1770357464672816,0.14114163894690837,-0.011388805292523067,0.0922323736863273,0.055896334814099,0.09037390817537336,0.21109591285664375
0.1543022759093322,0.20824513994755178,0.1785984974091659,0.3227181598891209,0.0218091077073878,0.09384164604438903,0.020704862615134087,0.10348795898887869,0.07264280849727392,0.08440590858874115,0.22898875800700103
0.17620223057920115,0.23181091637492268,0.20224576021266946,0.23551526022920885,0.10154945490045986,0.12923613350903038,0.05957772810871874,-0.011844561805037354,0.09425502386914952,-0.005291440688448691,0.25505677905898466
0.20741958613159497,0.23384431725744792,0.2088893013472308,0.28280184938648684,0.09445585868481196,0.1374880042186632,0.05944775254729294,0.06043164870719119,0.06226114841489631,-0.03408401614944952,0.2546800194467217
0.1311891435006862,0.23388173195304615,0.11556378457368338,0.2963060459211504,0.09505895529491318,0.13777016199614844,0.09933757977170421,0.07233674171988048,0.03139003433492818,0.0001655836648210736,0.2570081438383046
0.17991599901913197,0.2706725679503963,0.1823478644926988,0.29408885137791047,0.12660884586874932,0.13961619339810924,0.10328014265673227,0.026269021193373786,0.021452758344452195,0.048356000477117744,0.11084743930769386
0.21297111356127746,0.2942126619623965,0.21408097314822278,0.27755886168932753,0.009343925520647958,0.17998870939619505,0.134028835206562,0.06585746944455988,0.04656786783023259,-0.09818737768024312,0.1695058389717724
0.1743385518437833,0.23684306831029844,0.2556523389563632,0.2605915949750739,0.010285649089684035,0.20208702297394937,0.07709207380700342,0.06973754197414571,0.07090751077933113,-0.010010995050234936,0.17401227244965237
0.21719274189289495,0.2896284614263939,0.23817529499245493,0.24110475199692688,0.05696736087516349,0.23693486854817222,0.07578421846590647,0.07667316780043859,0.08263963194778715,0.0005818725454930342,0.19982570475477957
0.13214198581882333,0.2554177115031276,0.0855356062933126,0.26002377015733635,0.07640765726931792,0.21722177369524515,-0.03207811722945149,0.10232841801739735,0.008682383279661345,0.01259045888708203,0.1845684767304877
0.1200472213623206,0.16003058636394582,0.13442053997779285,0.2752683453369683,-0.018474867193560406,0.2326110009798497,-0.0005889453193820178,0.0934658461047271,0.003805827054205656,0.01980464692784405,0.19178222131046926
0.13941219426234874,0.19580772308158295,0.1682308979397265,0.22733951020150725,0.042739068509618366,0.1994099206633551,0.036825444807614766,0.10693629613024558,0.053900966135278616,0.03442199952426833,0.198039647162462
0.14981554316881143,0.22418561829751837,0.21261320322122018,0.2473852696085061,0.0362529238242671,0.19141861318835626,0.05145859561790004,0.12549310697109806,0.07081956154630795,0.08820365471075886,0.21792091938570712
0.16876352240272519,0.1818985195959697,0.2262865070162038,0.27733526530962954,0.07289388318749461,0.23867415479584914,0.08624050573755838,0.10508432415590313,0.08950099003877893,0.02554034964328765,0.262737608317967
0.1674972262552673,0.1965000789971534,0.2342594176296552,0.25450965304932793,0.09269872418035491,0.2358156051902467,0.01747411163396544,0.10252730261734029,0.022603385274596814,-0.001589758663938208,0.27536344221205133
0.15525015769656259,0.23086592663294248,0.23592026221290657,0.2696311874864542,0.04861792958035854,0.2200036029976906,0.030675912827063778,0.01933418664609316,0.014042925425493449,0.042417605757085176,0.21617328875590078
0.17655804818536786,0.24663102191693992,0.24514518858484843,0.24897654931737706,0.07920529358280515,0.20243288989583808,0.029385710048432944,0.1265429924093171,0.06756696366818135,-0.0009190152398255107,0.22203663385184974
0.16392118934078526,0.2574569483290728,0.22993715052473063,0.27142206817147885,0.07483820832361747,0.20674231663187864,-7.423018166073345e-06,-0.008897578557157382,0.10122785320557398,0.03518327095123787,0.13595028485317012
0.1588823065646834,0.2623598181133703,0.19778527483925928,0.2801551121954484,0.03431763221577218,0.11795623477412837,0.04384903275221282,0.06495930584699548,0.05692851898136962,0.08445817708120118,0.1645266883453691
0.146614472547405,0.26883441174210465,0.22809924414379887,0.26828291347233274,0.08850183156899649,0.16533741704403832,0.03525580377397857,0.0921312781269951,-0.0005263546498444942,0.10447223208863327,0.17498825738826734
0.16882203218802705,0.2131333684681243,0.16787188037282072,0.27472867477755425,0.049434245572124204,0.17125259006643548,0.10710261460333453,0.0906294921182847,0.06202584353610408,0.040534748358824986,0.2184841743992592
0.10115537549116678,0.1726881551444881,0.17398039965378953,0.27150261618437144,0.052581018775899574,0.17999151193269705,0.04486954924937837,0.006187124162106689,-0.007176342578080942,0.062118845773993195,0.1213976644442344
0.11719914025389522,0.1731245766125009,0.20202991093400374,0.2963525062077633,0.05485460030824359,0.16837565686591918,0.010792669887690192,0.040320710624523984,0.06293186355045004,0.039854561020256606,0.06724803425618633
0.16006613360290278,0.16822505869082455,0.20290021377438955,0.2354980462394071,0.050804413881278813,0.11993086082198932,0.07604216143737365,0.12889566668146227,0.0546950573543946,-0.003339966130064147,0.12418762718999343
0.09716326093018599,0.17660857659671617,0.16818856427187817,0.2620465576660026,0.10901784686086416,0.15140141191824763,0.06881735974723459,-0.015492289106998266,0.04871135775320256,-0.011592438993051369,0.11762236259329414
0.15849673771386577,0.21346011962693207,0.23637881174193667,0.3058949335265376,0.08134719562894373,0.19714389325115722,0.059759168459074294,0.005154123145065709,-0.030395164790319975,0.042127353398188246,0.173515948435305
0.17074807256490313,0.2376149333499002,0.1953924428846709,0.2328551512241465,0.10479506000241298,0.13503000993598804,0.09887029174283038,-0.026188577715866235,0.05493319504811467,0.09265378239838391,0.1778139288585745
0.21166370283278207,0.257639327184238,0.21621680891989986,0.2681830921728073,0.1340479452850719,0.14665056716484082,0.11328471786356309,0.05994966017141281,0.05074396831767204,0.009809028711742452,0.2066343024601081
0.127183706646646,0.2602782880656471,0.21967693299616142,0.2996893766582477,0.037487509440729434,0.18555921868066946,0.0924043928243425,0.06780545861430241,0.08219643342152887,0.0694456220892158,0.21554438299226847
0.15729397038413048,0.28123856124454927,0.2486434305869016,0.25813955562206486,0.07770460319262154,0.1710170029234588,0.09763902674781405,0.1265302597261123,0.11856905082006597,0.09120014495967947,0.22062106755575395
0.17578687392408257,0.22463066897112038,0.26557366532426774,0.2644859528347862,0.08055288664252491,0.12142828238133757,0.07156781537109896,0.09552679849667338,0.02799146695546171,0.0667455179285147,0.16523633869299476
0.20060497916838171,0.25711488968172247,0.20407573960222586,0.2658848006857216,0.09403404896246242,0.12833420628198983,0.13572392464236369,0.05449868293462365,0.03848058829661745,0.08758412467092246,0.1499202920137926
0.08709626605654262,0.24349580318156536,0.1942791579763221,0.27293342988436264,0.15304195076691668,0.11187178178506788,0.0471296718974796,0.05621963981830279,0.053393911454893736,0.10966028237905132,0.02203022077308548
0.09258390252438506,0.25662829657851144,0.15702303417781874,0.2776167265116027,0.13388222344510292,0.13469259659108906,0.08071229687979628,0.07387607727345016,0.07085836225140907,0.11607461939847546,0.09214921192374402
0.13177231152347602,0.1455395007468495,0.21310100629050083,0.2599380326271585,0.15443556178377943,0.11877819254239771,0.12135050867839711,0.026203025737355428,0.06382511880150507,0.015533246763516518,0.16526372544504345
0.035581691275114895,0.20957601324213543,0.2127960540960947,0.28965316205704433,0.0869002336354392,0.1376127497542282,0.07659919426330632,-0.012731316540452679,0.06701690953973276,0.039271370997263695,0.12581251436968488
0.0753824425292202,0.18116369040684063,0.19474038565712867,0.2624468775486805,0.10337023428599024,0.0399610142189808,0.09494523415775824,0.026871921775299797,0.040111184489193125,0.08545603138566187,0.16870769082610723
0.09392012686116732,0.20384856828685582,0.20272988181967005,0.2676802424844018,0.11974816915507731,0.11481589554356955,0.11039210695121694,0.09908844423198941,0.04134683230582705,0.13210824664984971,0.15804526263417865
0.12495385092418768,0.1849142599657575,0.2469730439640509,0.2173037544832533,0.04443608696994753,0.15008917414106965,0.02216690294802793,0.03393976040778471,0.023896176855984688,0.13523044856686153,0.13674811134164078
0.1286841672074478,0.16359898582051988,0.18464365833646754,0.23869365051579183,0.07504517917130209,0.1531349719243134,0.09032112941235956,0.00151646135894066,0.04283695615134089,0.19244887005027372,0.13321012224380815
0.16145610583588957,0.21082116949927293,0.29297915368782407,0.24407571667827838,0.07238078322640389,0.12094064466379932,0.041595507975219555,0.03804890840315979,0.1057811002070988,0.05220242900949367,0.1634109801609854
0.18594783300185255,0.26322183307528835,0.23789771764245138,0.26351431082617244,0.08593685860690298,0.16922031897192538,0.11259111875218888,0.09616310585499549,0.08174819568919924,-0.061486488382276806,0.21281016920727375
0.16711093320304937,0.19372077411072433,0.23112993127572967,0.2794735905426097,0.15219073836422042,0.12728383848568173,0.09007495923306907,0.1060539228590252,-0.0011182645893713563,-0.006204509250730086,0.22318992018585898
0.08981975153103225,0.19749542511254203,0.2499751276612069,0.2719780317225111,0.0352566807544105,0.15382141611707206,0.12369179040467479,0.10821489571902942,0.007754020064388527,0.06323451371519306,0.2592673086640538
0.133286447229232,0.2133087331901627,0.23080513171543804,0.290036590163674,0.06724258817684989,0.10591220314274764,0.10647443456197458,0.11091410369656178,0.03467557358826068,0.08415408311587098,0.22339793779187261
0.15049175535041326,0.1409888849546363,0.25192794070317936,0.2978363978746204,0.0714771644840537,0.0984756318450223,0.10424970731672697,0.02825184415449843,0.057099850241569716,0.10878130548819356,0.23453626162995295
0.19345903475051066,0.15202920174052528,0.26899009547159247,0.269264583835316,0.11104061206961803,0.16919324173261244,0.12339030082136167,0.10380486091528793,0.06751902237644522,0.08855071680267347,0.18660431563089408
0.1545180416330678,0.19851034639054357,0.22091491538707161,0.2820026071672755,0.055003609301008706,0.19482619740978727,0.12453236769157222,0.08354484936924296,0.011505326981306007,0.11435126693442621,0.09652958887908046
0.18007616964300283,0.21243504186638035,0.2709547494760549,0.26819048592453576,0.02427448176498224,0.2318847143106023,0.12933282283140068,0.024338915867507083,0.01600273557396947,0.041529146965554375,0.14215333710215586
0.18440774882227773,0.21624182302630035,0.20906121961789773,0.27608278350228693,0.08041117854127047,0.09858013227323487,0.11432782795291262,0.04210612688937265,0.03162156626244545,-0.08148300783415657,0.15141602805752122
0.12525656846377853,0.16086007836749724,0.23872680608818542,0.22371103917267052,0.06299211023783152,0.10893155958114939,0.055606903939347106,0.08841318345264779,0.05722636337789638,-0.058272422181673555,0.15245634093746308
0.14123286298095017,0.2508785039916232,0.23913311176203061,0.22964127067077283,0.1134045505042292,0.1293755320938721,0.06198154710907726,0.07140665932485128,0.006117610959704107,-0.01266789691006235,0.12664543073354614
0.16506196480336321,0.26173600583582657,0.2425165629879376,0.2354501571299386,0.08029175608640249,0.15187564605924558,0.02729515300189919,0.07115128946139755,0.03344674868175143,0.08902400432847835,0.15806037276178975
0.17160211452152546,0.24738871335644325,0.11085148211534347,0.2709868217825727,0.09628460594073865,0.10562747319535815,0.07357032488388904,0.07176347567986568,0.08875986058686411,0.0490370614786009,0.14554992513545972
0.09620268708419677,0.19514027215746793,0.15336130688791563,0.2344406147058485,0.07275459585331949,0.10815399982195922,0.0413313355789796,0.024379834521157304,0.09665053011165309,0.10419687749488167,0.17026732217026647
0.08827777876362591,0.18345047889310934,0.156718828288718,0.2591731078882896,0.12782470379558944,0.08433322888934576,0.07361703040700379,0.03283663544417553,0.14225289273669817,0.12065096413451765,0.08493389647150258
0.14214326859201365,0.2278017140306184,0.22572686345314374,0.27227235289373347,0.0968942162759377,0.09971280557502145,0.1272102483296929,0.04031999844105762,0.041494202249784305,0.034516687675034206,0.15811946259614443
0.17945936618360855,0.207066266641421,0.2758509518431399,0.29800749720212627,0.052440280084138674,0.14810360501486314,-0.012650301885861984,0.06999197285033623,0.05850122452666824,-0.010736435870702296,0.14974469922448036
0.09919637828670821,0.24031201135093777,0.15386479092531594,0.2568061194234327,0.10455257906456095,0.20863880660157824,0.05208228851916968,0.06902627115590881,0.08139777045712931,0.011536633666656089,0.1792537913403368
0.15954037741874585,0.2577750958195557,0.21011719633400644,0.30760996027632503,0.10606177759513462,0.09704504812731336,0.0821270999138764,0.005037193587158669,0.04057798627159546,0.004888606762682091,0.15563798285385755
0.1685901351740942,0.2768702539424476,0.21203404191307298,0.31925914439207714,0.14088112840930891,0.1322025005209361,0.04830583900157782,0.021682625071583243,0.10478131147271107,0.06148492871380509,0.180516043896029
0.16847032774190607,0.22945647669523908,0.20034711268757954,0.2511940667569129,0.044866795121390766,0.1327570992634864,-0.004999787944613422,0.09508498479335634,-0.0014383747580630282,0.11265608163082076,0.17205263212314809
0.1634264562275962,0.23494021840263296,0.10852530027000899,0.2450265576321008,0.06767830737808744,0.04061086365446213,0.05708471291027548,0.040442695426248905,0.02244873763055025,0.027407468602501928,0.17556046624183097
0.09056005532820478,0.09957451881279358,0.15624605174443373,0.2727212734454634,0.10059386895066984,0.11883237562954199,0.08414878418999093,0.03246681148657687,0.04380363051693717,0.059455270215588184,0.14557353079241797
0.16187328255022027,0.20186767697853986,0.1933175925438197,0.2668020088551181,0.10908567077983758,0.1697199139902669,0.11566063079052671,-0.04975940442954447,0.0017420174315696745,0.08446978003992313,0.11660411305575619
0.1228409564352223,0.19981100045616063,0.19837920717249835,0.22138744517526895,0.12426769609226336,0.14707057030355586,0.15411075666185292,0.045885876890982114,-0.0011222858877333733,0.028004693944829868,0.15495965734588887
0.15752683264426703,0.2264916464371685,0.21276121293935224,0.14359120606224748,0.13352718890719206,0.16787752195228084,0.054011426168639194,0.07866308499554726,-0.018097676996659918,0.05280521231478452,0.15384086937611396
0.1296111638807883,0.20388760561536898,0.2462908813924936,0.23566865711012286,0.04723166114547687,0.18792975179315674,0.09144014218676029,0.11032727842019266,-0.012112829099238555,0.06441406376940065,0.21052803130278966
0.1537404547719612,0.1592798688816602,0.24573011356137667,0.2591880163514818,0.07466241384760759,0.14031728425679008,0.09248815309146147,0.099378244637246,0.029325382925862217,0.02396345331515117,0.2380955585721804
0.157229658604732,0.20914499067890369,0.2689658849233084,0.21617362504567833,0.0508149584849847,0.1477068965966174,0.07966573822959337,0.04129990422726169,0.0379211010618956,0.0894387917505485,0.08596724528462894
0.16031100411968252,0.22648465135997856,0.13688815295218884,0.20046678677773597,0.08251187588715267,0.118686948656827,0.09098282450955816,0.04924108751697025,0.034558540923275524,0.03621648087251925,0.14495703962681744
0.1633324652716189,0.19403680635745377,0.1623194680809691,0.24788553194610308,0.0891717899031893,0.14556480857928034,0.07882208355658687,0.022951011366569816,0.1309057303337784,0.05458990700307529,0.14798621769919607
0.08266676026447303,0.16745214978950143,0.15669739817923567,0.25129112726707203,0.10471768698458638,0.14830704178074194,0.06273055497320203,0.06394210311341283,0.05998553687264904,0.08628071282645508,0.16027244199484525
0.14250390476163544,0.20836868541916703,0.14728324844421664,0.28013514950976204,0.10029815227185766,0.15801786463353348,0.037471751391819914,0.06492539552175887,0.07050173671310166,-0.010316164427436821,0.16144569563487926
0.21386717240165418,0.19785195213269507,0.22961871378464693,0.2203200823671262,0.08142857201586015,0.1717925529921367,0.0761625579019657,0.04420094538344073,0.009996410795524173,-0.0062846168370938645,0.13269408234080365
0.17562824784486508,0.18171236327417828,0.2426183666775053,0.27818084933615794,0.11563722681812798,0.18979121848392128,0.142568431163986,0.05001664046983472,0.07597042715676042,0.06372481793018164,0.19682704459922776
0.1909777318284546,0.1961736398415202,0.2620549083907332,0.2448791236908576,0.13977702406741027,0.1739024723824638,0.1342373683659878,0.04153080258476433,0.07835675032394573,0.08013903412965528,0.25025969791954983
0.12716886578614775,0.19918266306139298,0.1487756148538173,0.2662218088034566,0.11041996591578108,0.15081335334220905,0.10317491398804166,0.07795001532919325,0.08787184318076874,0.026462793923085603,0.2294927817393844
0.16665334692024059,0.20547152395963378,0.21829495871526236,0.23586050925887264,0.11965820466362678,0.1551786540948405,0.07615658575351612,0.05716619418999442,0.06501505575096865,0.035112341886263734,0.0663364783229542
0.19802428574760106,0.2621070978579877,0.2508491055910722,0.2568952137416418,0.07966033382223922,0.181032887420507,0.13679040828331954,0.08414449912974077,0.07556776282882971,0.0482250490417423,0.17194533735806075
0.0537429561099086,0.19922530974209463,0.12486288445977947,0.2622351240027371,0.09213072554482368,0.22949861553496054,0.150078769362516,0.06844988979594399,0.09852044886933031,0.04261185212657657,0.1381522483860488
0.1276315327825759,0.263848685604961,0.1928248590600859,0.27697466342448956,0.09666244934270286,0.23227326045809848,0.018885487483113347,0.057456409732950374,0.048349021037359406,0.02883384764339894,0.16709806798774557
0.11777783144117628,0.1406701705343507,0.11477423547348782,0.3069433505533144,0.1241347510880508,0.06217361129956522,0.04322919327199603,0.12082223136056419,0.07145858380944248,0.04208484237129785,0.18887933324472578
0.14935415107584377,0.17229663135860465,0.19091047990597373,0.26008756741063166,0.13667445603594883,0.11228296905023175,0.10055647875520271,0.03079816413844842,0.07491492422669346,-0.007644265359421108,0.10464687975072048
0.11133487745855314,0.18760924448570968,0.22314642418709402,0.2464331715792194,0.10947341868949663,0.13374714173126245,-0.0004241864156479021,0.06095542000058424,0.06119040446813871,0.02965375798692216,0.07851581597059068
0.11058330328246468,0.19301585488251366,0.15824264533546054,0.2522493131614063,0.1554685189591179,0.1610007891359766,0.0739051935507291,0.08990225297326421,0.08116328180143895,0.016128835907221323,0.09340137341799844
0.14276627070915174,0.2295517318519609,0.18988264477039493,0.24252585573469546,0.07791223490637766,0.1650058118414789,0.07942128763842084,0.05893287103759443,0.12371910359279371,-0.026042153076332807,0.1273431616606563
0.15144685332925073,0.24485233153450042,0.22800006753592655,0.2523951666678452,0.07429640880104618,0.10870118453731073,0.08986983514573524,-0.040410681462191164,0.0459293040978558,-0.01191273417134309,0.12380842684269013
0.09770732255078472,0.24805130382164764,0.1050444004448008,0.25524590363458066,0.13423473447355944,0.12793639546143995,0.10354717865875204,0.021048587438844607,0.07385521352461644,0.05625722104726798,0.1496456249851409
0.13709439057334452,0.1408528477497189,0.1732092988848055,0.2773794030225346,0.1600784910278726,0.1773476250146423,0.0712552133124877,0.053563449782281294,0.11568603980783776,0.058559317814982366,0.1634043057027828
0.19011812585886936,0.20390896903090658,0.20302903266252384,0.2820850470782259,0.1935610757866496,0.1668947277196816,0.09626789327986254,0.06625777773843691,0.11761576288037925,0.08507219416590786,0.174442926548437
0.20521262219051595,0.21417220460528907,0.23240726185423266,0.28795222770445994,0.06643295847427573,0.18395550373251107,0.07135523898085414,0.10078840071837855,0.07793643788090299,0.019232792400942895,0.20776151167792084
0.13132971147791736,0.2038267885301718,0.2594396833136957,0.22907662113082214,0.09274253864278317,0.1506492883798585,0.022803581030838474,0.10189060382993789,0.06824106922087671,0.03643667379098999,0.0888643853907501
0.16217526550344324,0.17780789337473846,0.23369500000350313,0.2593691092195119,0.05868626509761472,0.1632621001313419,0.08742459551260989,0.011797489044087768,0.08113366424601645,0.09522261688482771,0.10681387021802108
0.16264180997916095,0.15562324961505258,0.21260242460852888,0.2829425321246708,0.047266796915678075,0.1191842854682799,0.11300441903089291,0.05841349994681044,0.08827393277631937,0.0469328437241768,0.18576758854510167
0.08531123842390655,0.21361276014053904,0.2015568400712596,0.2701605852550871,0.07696105715176846,0.19239396171712875,0.039148289577443644,0.04401179816207033,0.05801410237315299,0.030392671293050486,0.2001658148775365
0.15968766872125775,0.23000654879718746,0.2688938777857715,0.2956557813716558,0.06519402768011137,0.19391750673265726,0.09983956285577716,0.05172204198337048,0.10015465643208135,-0.018957706907891763,0.16185352102337158
0.13671058022470384,0.17827523189815364,0.23367677826866842,0.3001325907399369,0.10317828352935382,0.14244022613523685,0.1023831126719866,-0.018385870620664043,0.02040733357606233,0.03459778482269623,0.05388522728756648
0.10771906671181543,0.17955645865503372,0.21344553851925116,0.22335347023245505,0.09552168484337464,0.17237177556414984,0.042087932190073445,0.01725407575299867,-0.017994190319279752,0.05444123674828305,0.131105690628888
0.11210696978375954,0.19408929430300834,0.23781111499289953,0.22124372089774688,0.06156470217899709,0.21642305699423045,0.0746274911809874,0.04799803888169996,-0.05732901053954055,0.004134125243075994,0.1645373171583443
0.1326401164586898,0.2264900318749959,0.2500657169405289,0.18561653033017786,0.06492837729803179,0.13645192697191602,0.08417766551660291,0.012226865742749778,-0.012020634200648455,0.0309449662176741,0.1421950949360513
0.1752847165154947,0.24420443471331033,0.247116917947577,0.232813067077821,0.09780150174384517,0.16026863195819974,0.06952113001235805,0.029352257894031016,0.03460723140515646,0.08892414472233469,0.10804367906676832
0.19502613754019013,0.15574756467359804,0.18368277559496243,0.2462785156727569,0.08825791232208335,0.1167190804853894,0.00557820441829012,-0.03476309550767879,0.0968551130644822,0.12155511564579591,0.13737062046486442
0.16719433045786306,0.16332390086232593,0.22543947662711752,0.296032003088515,0.09981446416087558,0.15152085550729616,0.018835284067546018,0.008492109942978852,0.03464997912268768,-0.0595873175465934,0.16347617771369616
0.13224776395278234,0.1698755591061042,0.20491902548853974,0.2783447763656895,0.11421711718920924,0.1581758919716518,0.09760899286635139,0.028305182774726812,-0.06896203207495066,-0.045812456606057865,0.17471436895074322
0.169966406822919,0.1992242071565345,0.20670976109076772,0.29477390769470235,0.16981955371906768,0.17682642981417632,0.10727222741972321,-0.05771572567376843,0.01705753715009433,0.022927188497154808,0.12840530393226643
0.11738790579685902,0.15048920622601183,0.24205264722339107,0.2975706971674791,0.10309228165233082,0.15559731924338469,0.13432093691796365,-0.0018365684154109732,0.015357071475677542,0.06523659911378785,0.1598060274429905
0.18027787158080366,0.2525318335323757,0.2596947288308478,0.2885145054680421,0.07101390615369324,0.17263108193943727,0.08994623476755537,0.03810751313136912,0.043133490101543756,0.057127413959576906,0.18126190147025195
0.11530409701543688,0.26485315766874806,0.23942527560411042,0.18551757854669026,0.11196465314853704,0.18252293245595863,0.09033687563372979,0.07967786875042601,0.021924901410510726,0.06701010404863657,0.053909802806912765
0.07069230002304695,0.1795042446789294,0.21779028371382897,0.2131909826900691,0.07483151832797384,0.11202568668731724,0.09937549654567102,0.10271920597632726,0.0308695909633352,0.03878492478208585,0.07865461388597211
0.08122559903496122,0.15496207076808963,0.2304372173819627,0.2344956691795074,0.0445649782699953,0.1908068578935624,0.1114479015174245,0.05021971112229369,0.09290502249040782,0.10196948315202592,0.12367794260754962
0.10592536138450043,0.1896642326641766,0.19563833254994265,0.2884055575609087,0.09633499639813796,0.0921301023289788,0.09032441587587714,0.01722919128384464,0.13347472861580964,0.03517127146763083,0.21264840253499476
0.1502851591859536,0.22230535374565796,0.23917256686993588,0.2591915588918015,0.17848463684466082,0.12495169191118591,0.07737697227341993,0.03868527874216805,0.05505388935353938,0.030360619278103098,0.22433970392742347
0.1835133624140246,0.22491554273021186,0.22334190798319675,0.25907756859594644,0.03815383387138977,0.13639749498420073,0.03692029751555412,0.06205254608672568,0.07504380713964576,0.01618469733976939,0.14202855236930145
0.19096772229661352,0.265421328852811,0.23850623320286995,0.26282696735436956,0.12218883233821096,0.1557522424657418,0.06923246042384786,0.06080286192198956,0.09911585812517676,0.02800594879473944,0.15781680332089887
0.1907103831046653,0.1343928525608749,0.24160018751533396,0.2829396336443434,0.15156987695252894,0.1585752499995573,0.1027400108732858,0.05284906113149934,0.06287348128669,-0.011195464335999493,0.206490264229006
0.2113404258056622,0.1943544143114122,0.2694390011826679,0.2954600429284565,0.046916964695585865,0.10885237922667873,0.10710179469263331,0.003308044285764689,0.02785395607793785,0.006408527582561844,0.22328707758279562
0.2302127455123103,0.24272114550342086,0.2248913774375415,0.30527149340348936,0.09292443632148092,0.09366156240820518,0.1319073971631855,-0.007370930623129654,0.06175816463055595,0.04696598566418539,0.08916575162850132
0.0798332496326061,0.2227275418383047,0.19608010553823876,0.28359184019417644,0.08183769106927484,0.13594884403324994,0.08364201866105775,-0.03299373439319117,0.05870322179753867,0.08751416571652167,0.17825914552531646
0.1402557901639336,0.16818429143395858,0.22158658088560684,0.2566315557628022,-0.0047816232034752085,0.14057337815972445,0.1233108217553618,-0.014484109305383519,0.015847239936935688,0.09135541167016206,0.1025616868696238
0.09832734929300058,0.1978972664191374,0.22318482482593183,0.259684762958483,0.061011628718296025,0.1028437586433834,0.09425393662605219,0.03499176389959336,0.02959909068055755,0.03785953823345486,0.11904144320007243
0.15319209335313014,0.16124222590922857,0.23563163691775002,0.290994778142826,0.0971811189406535,0.1533818260809727,0.058240481585074194,0.050150341722869335,0.027479007639249833,0.03803257149375184,0.1554819090697886
0.1401122920817541,0.20714503853665556,0.1682874024355715,0.3078842815466315,0.05411031677682169,0.056493348997485766,0.13799804542985966,0.045592168709461575,0.050760132004389995,0.04972705699028495,0.17334731484588686
0.10621132471396584,0.21043075205478118,0.17856250832387,0.2814735273713436,0.07286737126234359,0.09764934145421447,-0.016008970863118546,-0.03846084533224452,0.06058829768577238,0.07650944028734086,0.08525560062518739
0.1352472400926664,0.2360290885023928,0.2357623731838898,0.265089259710226,0.019515354958356424,0.11100290291880653,0.021173684661768062,0.026871312974019027,0.07589745862172816,0.005632352680157735,0.13596294863333758
0.14661190976495672,0.22244044632598028,0.2636963054189569,0.282943410822888,0.08251666636476188,0.142102053449595,0.10804298165941804,0.10607877062859028,0.09384221796090947,-0.020377018610531775,0.21227522423899192
0.16799342870240208,0.2742526451118663,0.2453338302257947,0.27370113185158657,0.10094949588906062,0.09850414505474363,0.12524754760401496,0.0819901536031784,0.06940413171656062,-0.009958249655015024,0.21330148989250947
0.20154304416808122,0.19908821287789105,0.23047219817771683,0.2064143005975707,0.08862089987235956,0.1298177936550862,0.1370108426990205,0.07416563090920528,-0.08877927305353422,-0.008484455644556918,0.1475247806952982
0.24235578909868102,0.24272927486792356,0.23640301255428242,0.2274616587462411,0.0021688591447319248,0.17703061802834746,0.06581202583765991,0.014535743583100112,-0.06344960705723961,0.029446047739615375,0.18093628331669181
0.12968150380075702,0.1872629243374244,0.24688050342477394,0.2810352569300686,0.07596312934769094,0.17709009773847473,0.01944125817989903,-0.06030597572195888,-0.022807028421537017,0.029172138508236946,0.17120824042829952
0.17117038402100543,0.19795420683460288,0.27140250904149243,0.24722143264275118,0.08527721281797798,0.14396580057279262,0.07802983409241707,-0.004265671048203468,-0.01068990319987912,0.03433936932179928,0.16562480737777668
0.10369646114392385,0.22360455685337016,0.2769785532829375,0.2501225424127067,0.027682221753757633,0.20937822105789697,0.0859257289299387,0.025021237775872354,0.06611341187898198,0.05783213735528431,0.18845997128198694
0.1120512014977936,0.19066054239693728,0.26400932274315003,0.2632549911164474,0.08119940068998438,0.19321296481283545,0.08848670930444325,0.07664290695901615,0.08236444700506235,0.0865331890351542,0.18497694280252663
0.14166807108927443,0.2135245142440341,0.2782603039232296,0.2885876637984742,0.04015787899918767,0.16462147880441058,0.08908467705758186,0.004334267258479976,-0.00020963084943852956,0.026696110629786423,0.18922664292890573
0.17332110659658378,0.23408204259799437,0.2558674040824227,0.3061089786813933,0.08419432777598243,0.13988037407329268,0.11014366630634218,0.011486980792026853,0.026802136202474666,-0.01934659546949883,0.1974350235154858
0.1152608248027952,0.16811560969791517,0.2038934684349653,0.26097020845795404,0.11769488405173961,0.12522834889924297,0.07810393696953316,0.056454654076926514,0.020311882881170047,0.04609710532753884,0.15634292631797214
0.09202996848084127,0.1693431009782571,0.2252651668177476,0.22633588783257558,0.14574873174265401,0.07887979674532436,0.08715954599661943,0.06268487800489217,0.050156098437507964,0.06672113830112236,0.20331315845010905
0.1262558128132493,0.19934192795099692,0.19662216185880402,0.23426649521366388,0.10383062964830286,0.13132125757279328,0.09125065330596371,0.06940642936148016,0.009755076152174294,0.08006593836015298,0.22540640651584287
0.1529077212142257,0.2178664566861725,0.2063651210178184,0.23202524088864754,0.1342628368348453,0.038858272336599026,0.05032246365884365,0.1361070070765705,0.0591216683340797,0.026690971651452573,0.22488204094484462
0.18260646162559926,0.17118449467034863,0.20879013570954505,0.2753185612542995,0.12813430452627217,0.13197020622305877,0.057738585108399285,0.05496382585786167,0.01224932116073061,0.05019468495023083,0.24070382366706844
0.17150960658164005,0.10200490343896372,0.1902669316810043,0.27477176568056605,0.09815711059616494,0.17030554869650794,0.06646890865874902,0.03194419039589347,0.04194374350022963,0.10499743050618522,0.15596237715045588
0.14502390702084342,0.16384865512182573,0.1654889818316979,0.216019956527975,0.10322511606741684,0.1415532733484152,0.0897960990097345,0.05855011917537049,0.11304086264041621,0.11234696251357944,0.17247737805677338
0.15295170683198087,0.2260048053007379,0.19437641866117944,0.2548937032913412,0.10351726470852007,0.10857623055287577,0.0032626443090378577,0.021895131658999194,0.0208827152090515,0.07351307087148878,0.12033603884460888
0.19812591866579204,0.232711888908226,0.23878504098217554,0.25329157723395906,0.07717857113424119,0.13747638507001642,0.013458204415150426,0.037774223351113426,0.0438394948959976,0.10359911322366379,0.17760964567626808
0.20786779363294383,0.2549652118525067,0.2561955875325025,0.26867893336330584,0.09018854368511865,0.08031577904365823,0.06835978444944404,0.06593216579870494,0.07857867048785333,0.08447183250466392,0.2245255016443877
0.16591449066181665,0.2245263176384015,0.21245627294250094,0.2966580070986764,0.13014438580544205,0.12581386903776823,0.12485860834527236,0.09034966233198492,0.024831804102517556,-0.06815379322292615,0.22661193541553112
0.17725741338492162,0.24140670263430403,0.1050071677644886,0.3079636554376628,0.08453983836328595,0.1481954901544149,0.07710445009220318,0.014053772163408751,0.026257540469752177,0.02530228224074972,0.11473913277135953
0.19103918911572193,0.18431321102372536,0.18650030326018618,0.3028115778028631,0.08992532136556858,0.1653396783255482,-8.050358200789142e-05,0.03216780326819495,0.019851821846635608,0.06764023415533849,0.12794879845937723
0.07227062119985062,0.20097492574986933,0.1250820995035056,0.3123579095437623,0.1307146135026901,0.14952098051103455,0.062070594612164756,0.03891786683846585,0.04676263626908554,-0.003618799367645626,0.18660401360217005
0.18239319965641562,0.12765363072892263,0.2296290101017195,0.3203479412117061,0.14636724993415096,0.21610523522469893,0.10621830838825899,0.05915229262008518,0.08222193577923739,0.033393195852288615,0.20568575094049213
0.16391422264285624,0.18744334289150225,0.2537742307846004,0.2751438420950514,0.0758666424545467,0.1347941932117307,0.07666320879113496,-0.03459458424280589,0.010077062723153823,-0.023771036184508106,0.09351194541837647
0.06264759027852358,0.19037542440567207,0.15738657504565476,0.2696858386840068,0.08993868257317617,0.05934081464059555,0.10130888127487539,0.043842622242542165,0.03172898654739164,0.05119129170663696,0.11911273574606956
0.08186271962396333,0.1315916051915795,0.2060484447348963,0.2552263869069655,0.1038914621587187,0.13992978341097334,0.0828353320254594,0.005551640372327286,-0.043442575896174625,-0.003605064995754879,0.12010591604238521
0.11165419018450888,0.16134867651897894,0.16478711371351915,0.21462369438346107,0.021286736723768053,0.11387788464980378,0.052215670418993866,0.0392908342960441,0.0018629225916001711,0.0004622518678689066,0.12012365038613353
0.14363695596406373,0.19534252157502552,0.17841824858866812,0.2616676635705804,0.06960503287733479,0.12130485446251336,0.10552120572128536,0.029451685384350702,0.025765118900325665,0.0072199289137219345,0.13591505424838052
0.1527440194789942,0.20740680750004167,0.16957185133922847,0.22682304751367924,0.08532841357145043,0.18283248590801718,0.06607278876545432,0.004379488294148456,0.0029804492163831627,0.002674869347073012,0.19934456977291626
0.08970378929367329,0.21321211517870256,0.1888651898682724,0.2540393214517776,0.09781288958840242,0.1337312910759515,0.09307735200747441,0.06456982790296212,0.05294165136356304,0.04730175110953259,0.2107048409299901
0.14709940186456705,0.2268748691610587,0.24508222772547353,0.2599157861006419,0.06368211031357979,0.007064181647084829,0.08849535534506085,0.13060369746985326,0.01811162614107675,0.021585278480893522,0.12587490319120825
0.16944794796232676,0.18176928472555168,0.2233355229914539,0.2928240819334941,0.08117504403584591,0.06509477601836955,0.08255361361781641,-0.0005263611561402233,0.11170814517160052,0.009428131879099542,0.1486253533973141
0.1569422844457056,0.18497170370585553,0.1750023376890838,0.2494313453349223,0.10557449901609996,0.11999740518159749,0.012970362451084596,0.08094272055017906,0.06822455542791908,0.04419901275426122,0.17053035415153797
0.15107012091916575,0.18881249279671242,0.17734345433397286,0.27405130474323597,0.11397524296930957,0.0807504332048061,0.04784485720124926,0.09751349314673305,-0.004932866576428286,0.030106530924081065,0.14444139374851261
0.057381747856497765,0.19369794539593227,0.17645361198067597,0.2865456168007266,0.12056608291715265,0.09926367967165448,0.09991153187833152,0.0863382500543751,0.020764377062796747,0.030378335620430692,0.17085035020395176
0.11800128569091703,0.24212929424544752,0.22487177831415806,0.2858066119777907,0.06278436973282904,0.11735006612825964,0.13675613402427186,-0.003807833872033874,0.03728083741558527,0.0041492720140236675,0.08123159492805537
0.1418842563378493,0.2113647588980668,0.2327126643331689,0.2251631174403716,0.08180037973056374,0.13469742034892623,0.05715899820321525,0.05429133758562965,0.0964608488766223,-0.00446267236038007,0.13355846447250977
0.11846458364487598,0.1657937906047889,0.18732115278531508,0.1923259816960877,0.09285074935337892,0.08503695764812515,0.010274964621391871,0.12882206046461714,0.0091620822522889,0.022572215385775307,0.059808427162976616
0.13526479702608485,0.20409166814729585,0.18902250956464853,0.21213867036475798,0.12262023337053239,0.16829376211298736,0.06685540570973632,0.06590309420796102,0.051305082122163954,0.04544644934546247,0.08317274531523708
0.10473915603984622,0.21747888860596892,0.1662509413546304,0.2374415731227746,0.03987635164008381,0.05641743624192435,0.07747449285257078,0.05542036353130945,0.05271967359462721,0.017124135700324106,0.12484588993147429
0.14184467573389972,0.2511699023601188,0.22237093844820233,0.2076000664831423,0.07518879154556846,0.14541814195182576,0.050900073747213496,0.09500191311799565,0.060019623069205275,-0.012441330954429794,0.1498740925845069
0.17095454924339265,0.22394572357691217,0.2638663941059334,0.240641230628848,0.07717737535088287,0.16304132534504467,0.08296599847746006,0.1392647130273844,0.05618333754810377,0.05991757211553344,0.20939829048569256
0.08470620501376964,0.23817460467776203,0.07625227815175557,0.260200439051943,0.10332597546500559,0.16594402543402714,0.07198222317219334,0.03125866953091205,-0.014752088529566323,0.04610999952521503,0.14694075342390883
0.11930837260494334,0.20659834695894488,0.17011341586774725,0.23664988801821227,0.1545271495165879,0.19387729714353696,0.10912953489010749,0.028520111642179418,0.006822372332753139,0.09487239407715653,0.19282938795702181
0.16592173225308016,0.2544577145461489,0.1241355616577258,0.25696686231342974,0.1345042151675373,0.166449547275514,0.030310098013271704,0.06372836862632002,0.04207958541976055,0.13589590549892025,0.23574814625590618
0.17628805462821023,0.18371100792707745,0.12819209714446078,0.28439220477863814,0.14458424027438274,0.08646688452037385,0.06069553168753958,0.12373113976828237,0.07235745143836379,-0.007216417009761786,0.21639846521173448
0.14457455107180378,0.21127860272984372,0.18094415440119915,0.2899913504280601,0.1239779649833161,0.1547733797812208,0.06588758871389372,0.04979608961482907,0.08897666445518601,0.009931751317931416,0.21569034657905078
0.15997537230956393,0.21746556309243917,0.1891874058244738,0.2601782729565825,0.07496929432826853,0.1583606406537743,0.10018371177013545,0.08881028501971622,0.0702340442614295,0.05687312413385229,0.19762263642523567
0.1794311974381399,0.20122373205936173,0.21819835347386352,0.27249151318846365,0.13822130705361013,0.10320132211860354,0.09767973159816212,0.10327556170945827,0.04434788611004228,0.06356857342202919,0.20889925302713963
0.2015455967440813,0.23550034222742133,0.21824883536590214,0.28221160290647035,0.14398211122305704,0.09096425993034214,0.1011629140923394,0.11035959281489065,0.053645672955701246,0.08765387240287281,0.15739450902653093
0.1359359148172516,0.2054376527018132,0.23331736896385866,0.27866063283284576,0.08005858347092071,0.13331250165201686,0.06134611173889885,0.07382149319989716,0.09029985972194919,0.07692830922609539,0.13865992100028768
0.1745810526576486,0.24148809901394871,0.1836632405943557,0.27008354121471295,0.08840853071227078,0.16822915971491376,0.03939794358585921,0.055000253508562906,0.09233308172065857,0.01649479356525833,0.14755912732150275
0.04792101681244853,0.23856146964458005,0.18400395827475946,0.27258836542147324,0.06503696398571332,0.15458247036293196,0.07135721725929689,0.04149759136559602,0.07429746475916404,0.041110128793069724,0.04443473182454818
0.09345584059985612,0.2566608766509486,0.16578827441665858,0.2773615145770208,0.07284114431708727,0.15502159944445215,0.07504296393012679,0.035251699677639484,-0.0020207984215266967,0.001958138047122456,0.13265409009899362
0.16568011519679554,0.27077996098957846,0.215303748018929,0.21287979980451596,0.094420943697577,0.14414228727513162,0.08091116928504534,0.07161452334098414,0.025893930615526164,0.0076466381909192915,0.14239501718865455
0.1360790773860767,0.25371249752235775,0.2395711861285634,0.23937039741239918,0.05699001375918764,0.17435524563407584,0.04906512402362654,0.10821828355016876,-0.03003191643343051,0.02570505561387661,0.11113912091404468
0.1602998072153996,0.2576013509141897,0.16796678517700184,0.2899241241918836,0.07788067124595115,0.1794918706878531,-0.02759759546694761,-0.0042023686513423504,0.013632693161593832,0.03781233300678333,0.1444797664763773
0.16542878697332403,0.20604972585291567,0.22154552329322708,0.21556813474061096,0.09915156396465406,0.15392338112683787,0.021985217997542633,0.039743189436493645,0.0449790218274414,0.04107421528853298,0.18242984605693421
0.14605962021297159,0.21735004831103938,0.23577125396041265,0.2269634022296865,0.12952306417684223,0.16086551608310284,0.060902469326089725,0.06544312424531114,0.014812857165874972,0.042910453883713076,0.1780507679064211
0.14463954923206457,0.15997716125377018,0.2525293059555187,0.2591027042031246,0.12643575418289696,0.11348257470750044,-0.015997320136022373,0.04800105192125614,0.09455160977340003,0.02379200927779412,0.08729305849384725
0.11511298091538648,0.17094547426683804,0.26265607790560963,0.2783542359511414,0.16561857578405478,0.13937959621856089,0.03947954243470055,0.0291248109385643,0.09333388277528401,0.0749356240437477,0.1586665639859291
0.10321486507366713,0.17791730107102216,0.19756624197717798,0.25413167551754123,0.17217101878529828,0.14667545559736112,0.054499571499802474,0.05579314853848718,0.04880476466661358,0.038306233309308366,0.08567280239332209
0.11569764498225724,0.20512545924010359,0.16692410896822846,0.26702070250719345,0.08733622108954646,0.05092665213616537,0.06817378207415505,0.08845802340978653,0.05944664629826937,-0.029989643336274966,0.1367197087363931
0.15885625510410983,0.25350819180716244,0.22665606069913546,0.2957930490963625,0.11442216714205952,0.09994607257155103,0.025574762338276658,0.025331101443329427,-0.05984896371737898,0.02991441148586438,0.13195051116079637
0.1912448526749776,0.22802519702952156,0.2597771971043714,0.26194330430489093,0.12269819496709841,0.12650172683524008,0.07032384381285792,0.04211286889060201,0.022978885405165926,0.02625344975783379,0.19778720483561116
0.20294726390671128,0.24112849038593112,0.21142639752946255,0.2692197404827179,0.15366304774377304,0.14139820246430584,0.0774461388342477,0.0382383527293636,0.06877972067437862,0.010703893157066997,0.2050431242681247
0.19484180469231718,0.25626193033648587,0.2455218853434465,0.2498533271449698,0.12283603975341963,0.1566239174914854,0.06088694285019781,0.10854500465458637,-0.05565569979043117,0.054589906574172425,0.12648955407467266
0.19532922214280346,0.26147812694816785,0.25100921523045217,0.23484772128633116,0.13149832060327943,0.1311010390897114,0.10855262835182526,0.09831591139526413,-0.04089720164796801,0.05527915882331508,0.14291038723467425
0.16251394835127012,0.22475093759549633,0.174008742991547,0.27359101315125145,0.0899886041090252,0.17140326332756128,0.13805251159285303,-0.008340440360123226,0.028184154536069275,-0.007202403401572249,0.12977131647390702
0.06195667489856828,0.1645127434554984,0.19967795500007957,0.2610658560045303,0.14916422028209897,0.20602200314470145,0.1218475027752545,-0.01380557322618412,0.026652495482954782,0.021544923303140652,0.12577134927308578
0.15301181071618658,0.21105565227378048,0.24615210880554667,0.2931484121654634,0.13273683290696547,0.16968246533765532,0.08877333208555227,0.003273196669621204,0.012264724906329964,0.09936540615368604,0.1920266520101872
0.15549382889093477,0.23328794495671645,0.18876379372475532,0.2654803669339947,0.09531933310462785,0.11596209781836925,0.07800709256916556,0.051498626785278584,0.015380639521730455,0.10128220080820283,0.1520434025953742
0.19079015948586991,0.21670029657560327,0.23904932519906127,0.2792967391468626,0.12173474413837293,0.12507540121402816,0.049735356975380896,0.06215477013215289,0.06294969531007018,0.10958897346605576,0.1821183702973307
0.19383225511090363,0.22644752717657074,0.2536665657863953,0.24683916918832904,0.1590995754440322,0.08400771264023468,0.034319141027429875,-0.06381276450491581,0.030646533415438007,0.07363357423414897,0.1897813144094382
0.14113225919970318,0.24506397679873207,0.25886853534559906,0.2744574445222564,0.1256017609171007,0.08849068831062687,-0.04313378359868707,-0.017557174858831303,0.0023790519041032993,0.09027777518023326,0.14169751971726308
0.1684247132590691,0.1944579488075971,0.26293564655126433,0.23147677224746055,0.037708605176770965,0.14739693466179404,0.06201012721316041,0.029469358668266957,0.05886188701525288,0.09571822056693552,0.19098756874777723
0.1369110739173511,0.23405721181323397,0.28790056273118736,0.24355588192491362,0.12438872403212316,0.14308673197222982,0.09177693481179224,0.031031246561354153,0.06425886397231542,0.10839275974345591,0.20562943096100966
0.14431111583982598,0.20697583321851562,0.24280939337836074,0.23164519086356564,0.149937776732072,0.10140771813758805,0.09245824708259803,-0.03477403762167933,0.07571554604565173,0.06523959000427905,0.12246179681298049
0.19719023027779553,0.22305269580462447,0.25315941179712703,0.21500184416706727,0.12313298802316912,0.11737341329461981,0.12155392369566206,0.0605986385118632,0.04867502844731138,0.08049261887998581,0.15378664404220926
0.19224593691383818,0.1776132919338462,0.22520404037665592,0.24209326865479025,0.02689281416085268,0.010586375289950052,0.1164471088538479,0.012468740828523376,0.05152336779577421,0.04919310683480608,0.12841037924696422
0.2050118481436928,0.2205930219815997,0.2514870018999448,0.23349949362830563,0.11556195287018282,0.06663101546245533,0.05498604267482629,0.08467283691274959,0.014782713314644511,0.07406999599191483,0.16713796528051023
0.17117817065467653,0.22091720329489709,0.16607013872707352,0.24815350454646995,0.12122731956081126,0.16025363971101955,0.08433412861603817,0.13067866501749206,0.011141369192692345,0.05703183155727437,0.18263267721707752
0.16190898287000358,0.2190395791999772,0.19800932303212268,0.2662263105529171,0.020984884561081954,0.11248212434427099,0.09199663991117527,0.036712481993599694,0.02596530897692855,0.05821193526649724,0.19731080375973198
0.16342572336154831,0.21171259489630917,0.2391476856278409,0.22512583073035392,0.05111238160434582,0.12245283047660566,0.016577021875380762,0.05012518408251986,0.02861021347030251,0.03455040813995073,0.1484584421503202
0.17238892606533512,0.2049489966015268,0.239460361157113,0.1896821474533867,0.07344290237416573,0.02957883666398586,0.037805688945730345,-0.05055679092796042,0.05850171437891273,-0.10381909365795197,0.14540870884922766
0.14184899792760206,0.23114862764073774,0.2622023274597847,0.21358064984828062,0.04473736948259615,0.059938343260122554,0.05203089023108135,0.009374460966106883,0.0738298929871769,-0.03635387092376205,0.14751314033309787
0.15982267759997576,0.2685300029508583,0.22627925095286067,0.22367580196873607,0.06742124533230862,0.08899246077982481,0.09937522332044743,0.08597122296340766,0.07458114441426084,0.030800850741080847,0.148931924830839
0.16181480617172458,0.2952072453089605,0.1585511181172676,0.21824658171820016,0.04978043039493889,0.10998216946183276,0.06328071000399418,-0.02154251810772805,-0.029284893528877108,0.035608255503946355,0.10328253333730503
0.1592626048040893,0.16553323912554918,0.215168519139895,0.2521560441604048,0.12229870914533819,0.027789474698934648,0.07947238052743105,0.04581456220207345,0.045439117896206305,0.049886195294944397,0.18379027947464754
0.14014578329040037,0.2192107618720807,0.21414344240809488,0.26388563917309416,0.05167887338650845,0.00197348101158581,0.14112917867610228,0.006014027188809838,0.06456020217691019,0.09785465038907033,0.21540848479367586
0.12122316705185913,0.2003978521868275,0.21884060044828219,0.2559308403363309,0.09038996205566595,0.04166344289296645,0.10291462578220353,0.05344506266258457,-0.007790069026729426,0.06515105239366754,0.17829494195233042
0.13683750029374678,0.2382023039970056,0.22667662800843086,0.17713359656518535,0.11064059016145944,0.0761311257946948,0.062051796176090156,0.05812673807435965,-0.0169086510579446,-0.032463161595783864,0.09416168143639629
0.16657347495517658,0.2243076193393037,0.1624313377486895,0.22644003185542425,0.1386681221260731,0.16140880432833848,0.07677651961805539,0.007513599659354037,0.04773413569569764,-0.055149330521861314,0.11549116817007488
0.18178813065897598,0.08558178115167027,0.17547420010976397,0.23340136812064138,0.1264534463692581,0.06078918992528568,0.07393679992935004,0.03373620972911228,0.10116594998471952,0.02249778169762654,0.13493228567156235
0.12795401195054998,0.17503912290770876,0.17794799159745525,0.20601799044646552,0.12800564282723337,0.16692826615667222,0.08937285203109827,-0.00604347741110153,-0.026941066900031185,0.0671098931437334,0.14328256237674528
0.14596187265641175,0.17810557772577423,0.17511356901812197,0.24559527139100426,0.1279231280818986,0.12265622087229731,0.13081353810061852,0.07779239034467522,0.021209352655854948,0.04435123193452269,0.1939413240743073
0.1860147971409228,0.21377507638583232,0.20202720917038108,0.25607668571770786,0.09807845943752999,0.15948976778061316,0.02805873888573103,0.09678980998587242,0.037652157455872755,0.017356927346883474,0.18906876766740371
0.09719172156761137,0.12044209096014923,0.1938554476223354,0.28306174588051514,0.07759375657254158,0.17870628789692788,0.07203645735845113,0.10027002564045014,0.030508128995641332,0.0570807342735016,0.23329841428148793
0.12008124234303125,0.1942944834500369,0.20495352576635964,0.29608435909895336,0.04954415260966269,-0.037944907357605785,0.08255943730577175,0.10790549441498712,0.044736173011071696,0.03594087808484018,0.19368072430843894
0.17001176528868434,0.2301532345256435,0.2335451238888071,0.2268411182531001,0.09609787596499533,0.020543902119900394,0.0691806592865778,0.11143138711494499,0.06277179194357022,0.06923934476313738,0.13627210626168243
0.12835622164178015,0.2329397480579133,0.12322701677978766,0.23147908816833415,0.07317835544356653,0.08477609674024433,0.07584649432159002,0.09721620043981724,0.014990321585618504,0.045853227066458745,0.10487708254268757
0.14349702258442343,0.24692190349672466,0.21485992154293823,0.23408815039232764,0.06016819868152471,0.098237960733392,0.08246810393698074,0.07025513327436554,0.02388963437260361,-0.03984465975975859,0.11097031150232833
0.21507361020820442,0.282134661652956,0.2019916211068475,0.24557665382169958,0.08058432862073282,0.10534700567393315,0.00963680276011418,0.11028112365445819,-0.017630018342883105,0.0013574883074456735,0.11127182183023687
0.11157848619050388,0.18910526034365813,0.1552121967006613,0.2544012166923534,0.0958916366619931,0.09586787393056445,0.054257367497502075,0.017744126612479268,-0.04290963498593334,-0.0057591167839594936,0.13422542159258494
0.11194071877545649,0.21161696792063922,0.19956469233307148,0.2678778476842948,0.06545877678177234,0.06736272884754674,0.019160153349460574,0.013508902487169964,0.04261834611341378,-0.005541260663962821,0.15026211024152564
0.1234824339296357,0.2346917137370403,0.1660429170585879,0.186774529041147,0.08771916122546587,0.09899991872990431,0.04662664368029132,0.10124825747126022,0.006418306249049197,-0.005283435627131624,0.15841957984788352
0.1319446948819028,0.11908745376107122,0.18893347207306896,0.2361588868952271,0.09381266688163423,0.07633607396834441,0.003531606108282966,0.07285008397551854,-0.02019116894994581,0.03977206423296765,0.14387942045724225
0.14297396115251382,0.11951259981595529,0.1641058607701181,0.26934459371705666,0.10112625614071964,0.08878026328009744,0.0968099130835395,0.040610395705736796,0.01049880167747508,0.06910618338915406,0.22770645049167687
0.18349282195153452,0.18342001115463175,0.1954182042961125,0.278709081260228,0.12712022655004682,0.04556025588655696,0.09744550159662509,0.09097102887169994,0.04324052735261771,-0.013395777243378308,0.1309542985784491
0.1630667859871536,0.23636212354436645,0.19757755331530377,0.2942058685307279,0.055751301611844654,0.08334447317366396,0.06430131343233045,0.09925133576365501,-0.027745253296490992,0.030530689324396534,0.14319781722137123
0.22023113069785943,0.24357052345461355,0.2200022496429192,0.2977087952899292,0.08752480232609187,0.1018590111223528,0.05263681809089211,0.14561015865838559,0.041177971340919724,0.05509106544653662,0.15025974791863211
0.1361098510119326,0.18499300200222704,0.21521078580644243,0.259537964354593,0.1409429574235815,0.15399837369659627,0.07908533647466712,0.06406294977770986,0.06633325961542248,0.05623459639481326,0.13898970155293214
0.08378559671545807,0.20879138477265502,0.26128669176554115,0.25796231117598384,0.04482426373223598,0.09631444619063169,0.050432630503443696,0.01637390068736066,0.08160460312446043,0.05129240089244423,0.13474448114769014
0.15658986976759814,0.17873314820220756,0.25967025309076847,0.2863422556876972,0.07238465871963567,0.03167466284070158,0.11844389460247551,0.04202870025037918,-0.06578846592840111,0.08375983725342753,0.18128291928162749
0.07301015194163125,0.16402777162333415,0.20324538205392867,0.22458313638782743,0.1450310804963982,0.06544224088891104,0.06236277788570247,0.005776927880428177,-0.03651750521931526,-0.0006909364611993864,0.0650757355368438
0.11678294186915372,0.18317090331522812,0.21448310598070291,0.2555445906598353,0.15167381307940914,0.1142590190164216,0.06771065847239374,0.0007033865760945784,-0.02357115802971304,0.007861242336328114,0.1828102423625959
0.1898325047559752,0.13366169761805805,0.27123213225989695,0.30511399370424575,0.1697720867597845,0.15037432863513106,0.11308034911781713,0.05704660448773925,0.0765975860734057,0.023333910321298706,0.21984502775271594
0.1270112682766569,0.1425818276571156,0.2038961893866545,0.274174671452622,0.07091208198268975,0.1650886746064058,0.08995428032605214,0.0762307497371372,0.0555896689056419,-0.053442696173117844,0.2455735888520703
0.11995728893841691,0.1719370135962015,0.15706669344406038,0.2819336926834831,0.05558025896263463,0.09652406577926556,0.07343337911089497,-0.004771527061306672,0.01778872476453621,-0.015488945299816988,0.08512338036757762
0.14371887780131976,0.22167527742786097,0.17784727370668124,0.29603267622127116,0.07283792183186619,0.1154201480402736,0.04998749245054729,0.037645640211166745,0.04648267032248868,0.06394522266228966,0.12918131737766575
0.14823188176605234,0.210203386981049,0.2083051515687912,0.2657112316860222,0.08527391428419506,0.03729702884884426,0.07268918620190282,0.052709911379000066,0.06430300644988746,0.06159116379928232,0.06470149002210555
0.16123054887968624,0.25279934950171695,0.18468442091616782,0.2797401329266983,0.08834899176648961,0.06245600204358927,0.1196845402612407,0.0844195653225372,0.017379140152064303,0.08864285213681906,0.1499538998340564
0.14974420588860077,0.26971303160507515,0.23755098117432097,0.23366507351487756,0.0996542036779779,0.0713109055698081,0.083164530785491,-0.033660485283847,0.03104011049574907,0.0775698817723095,0.1387174661318409
0.16921173404427436,0.17559836548583166,0.2634945118461282,0.25709568055264065,0.10474192698271945,0.11917257670770809,0.11535448431070566,0.07443152893721278,0.05095160000722576,0.11363053855082507,0.1434061199830881
0.11495333691527423,0.19780523306318976,0.23244240518984732,0.2107293794697987,0.018695607470597758,0.03542573777138662,0.14383192592908384,0.10145340385677581,0.019734084778185623,0.01697984592189906,0.1881268570713154
0.1066861736596823,0.18841953708757514,0.17940620778798308,0.2462103694257321,0.09378602519809293,0.024521574391553166,0.066668198247474,0.11854334440817124,0.06581572886896804,0.06602708571386125,0.053339490914103595
0.1822620465233088,0.2301312177688031,0.1998608943893868,0.24899065741629647,0.10686529073161335,0.09016676655098084,0.06751639901742298,0.10662027258524256,0.0024921940714696706,-0.025529441647786078,0.08751837469113626
0.15066605601649907,0.14961420164947234,0.23457443526601202,0.27598989255212814,0.07595264037977417,0.13714563129203677,-0.03208682738338032,0.06564634831699828,-0.034220909485034555,0.006168360734537056,0.055363020558731525
0.08981108912828133,0.1745322874063339,0.14860093778110733,0.25029338313978167,0.0937007464833543,0.058406328820733766,0.012405167997677005,0.06741111853784887,0.01065815281821484,0.013145511333702412,0.10239211373061634
0.16211999229456095,0.14032598325219214,0.2128788770248575,0.2942975074716476,0.107213461365321,0.07637158034177688,0.0820173350326577,0.13965380398528623,0.0607470407091255,0.05740700477588616,0.07143449130655138
0.14907100300209905,0.20252881094155198,0.1885911999487183,0.2829355336132191,0.09399405095008345,0.11424757540776072,0.08310835284757943,0.05883935238458848,0.005066551877082122,0.07101466791218196,0.059068774096524085
0.1581843072075688,0.2723128967767074,0.11454941790796193,0.28514358225365394,0.10223258394597252,0.08864786905334236,0.03241897518001386,0.07190043666105612,0.02572252282871226,0.07648188327964733,0.12971975900882599
0.13367680454916,0.2566681953582437,0.13124212403730756,0.22746901092601618,0.05421438178820145,0.09480178099002802,0.0397872829877724,0.10130741664014711,0.058149841764871035,-0.06608404823405863,0.15763909471443882
0.0648747270053158,0.13162324717391888,0.18862042099398899,0.227711255803484,0.024337246585904273,0.12647899530941492,0.07019953470529242,0.06557838968353431,0.055325249540897556,-0.006813698530824527,0.17923847599241216
0.16270847710898767,0.1772114943364205,0.22152917080326823,0.24738985860271237,0.004537908209508258,0.12126329361674926,0.08279660147686278,0.09004468963190357,0.00346779909248337,0.03661235915149751,0.18522636530383754
0.16868882002174657,0.18004047175197047,0.2241403658386933,0.22561525796775672,0.06486601127671869,0.15074084989529793,0.037517563540187766,0.04175932933356699,0.07235603724910371,0.047660784708872694,0.14040208211964755
0.19631631767498672,0.20028758480380598,0.23301283283154162,0.23469051349859596,0.10371605622154059,0.03150411105556571,0.04998325423556703,0.06016579719658244,0.08994347587848962,0.057689709551905256,0.04957641788488593
0.09718831437354417,0.23977630913604595,0.20365829027914836,0.23736085360750175,0.0578285532580244,0.06636567202818397,0.06517240856665127,0.05539957135120197,0.06619368687195028,0.07082142710636091,0.0870917825238125
0.11303835690022454,0.10514478343101095,0.18213465117614933,0.20650334572304996,0.04152025695204494,0.10389492588092532,0.06409820491046883,0.033700504741407,0.08604379764846677,0.11350667186978917,0.14193071622103032
0.08013057325880081,0.18522363347115398,0.19923715659655267,0.24125827946744038,0.02759240345977819,0.11849713912112081,0.07814816440886228,0.04483345148769098,0.04254604422669224,0.02124099766446629,0.1257737857693634
0.09196711011880948,0.19095547057736806,0.19295497772445952,0.20458540761445085,0.05076856172320236,0.04053367796806912,0.08642871521793966,0.08171013124171553,-0.03771448591127617,0.06939086973133127,0.1512459989268835
0.15580704952083613,0.2020922019586468,0.2353109917278417,0.11526822100056432,0.043801515376964334,0.09663464855740136,0.01669321045456432,0.17034139245171537,-0.02203358991926064,-0.022038951495497564,0.08631059441932745
0.12371015842882706,0.20389453163129923,0.19050590616317495,0.13849026972074235,0.05028597159731314,0.1429409860226003,0.06019446556284014,0.07462973981705856,-0.007128464213222614,0.04954620056579828,0.022689546847880868
0.17934636616347874,0.16656969892284598,0.27685238164359866,0.20534526410112014,0.06637695231438259,0.16268837086129995,0.07798916282407378,0.12491256182936696,0.016201408524545092,0.08599466225510136,-0.02408898152806773
0.20723937049132862,0.16391227641452438,0.3179508404462238,0.22861504467478844,0.04032402086087487,0.1964617875605889,0.11737204978830715,0.08407284437951883,-0.002960092827330102,0.08005576864596123,0.032031587408358
0.22885362816018878,0.15319189251694013,0.346564558196636,0.2584370696693492,0.027597659648177498,0.21757685950112682,0.1396820415871567,0.11294482602418973,0.05622080039380158,0.11849037800655621,0.0459564981416752
0.24270482807701735,0.16534007516535215,0.296890185272805,0.2647186526830674,0.047806162448805006,0.24227888623510563,0.14305360082657448,0.17735815239636904,-0.024358030456245478,0.09901275481731057,0.028185029667304552
0.2310514383295818,0.14414384537477554,0.2994424773968164,0.26134281098303314,0.05164751473502516,0.1562789297675951,0.16290262519406506,0.13881006863521178,-0.006258600141039998,0.06996539983308732,0.052758739265942795
0.24021701725155187,0.15425035244451352,0.29968604546196353,0.25523996267678223,0.07002680907337568,0.16664583870586694,0.18080331787377313,0.1461647769627693,0.0632032406014141,0.08212712874906769,3.4486548156655485e-05
0.22855123771736702,0.13689647752703868,0.30771190156674155,0.2613307957208113,0.056020911076529525,0.1830965273902828,0.19116003949258908,0.17673532900074423,-0.03200176320034496,0.11926178926484594,0.04078459049027275
0.2497712485172584,0.15739689331433526,0.3393506298097575,0.26234258683151823,0.049897927810077125,0.21109663720438349,0.1114481101037734,0.13063422801505864,0.003687022032204529,0.08698363738072534,0.08113028523297844
0.26646776034419983,0.13434998303749604,0.30293468078407404,0.25512245021593427,0.07928601034972907,0.2339649180988677,0.1266990624610642,0.12105203190604243,0.016686533889381662,-0.002792528945836127,0.0431950036766628
0.27077646624677354,0.1517196325366475,0.304492440557535,0.2683712658918527,0.08572210671963944,0.24781376763309054,0.15753511554709554,0.09216159037254172,0.04894776044470177,0.03718627632854067,0.07283589071243807
0.2714589891389751,0.16075825374392877,0.2948066276571797,0.25261431240514687,0.024296658783500596,0.22668569206867245,0.15804275257848074,0.1457430751705367,0.015875958274651804,0.044019562398558004,0.10567494452347442
0.25811023296138763,0.15524784495752744,0.3004569587227419,0.2612055134218038,0.06402026877002903,0.24324777309681975,0.14146703525797816,0.10751034950203538,0.05159912362787858,0.062282425344772616,0.03236444700747451
0.26588451821544695,0.15260609779244644,0.25402196906570784,0.2740131045537716,0.07660656520823671,0.19429207938186557,0.09123141883061216,0.06195691091124655,0.06528633703378209,0.03396225686504399,0.03140098941008583
0.28878145395064847,0.1287756642147373,0.25966615436500073,0.24917931323705653,0.0829070884715683,0.1859457832145016,0.09564549110470616,0.05674724436661392,0.07983984201864981,0.08244114360298793,0.05792452716673211
0.30050523622881026,0.13882028825557619,0.2878532636741705,0.1995057644190618,-0.018034531245829388,0.2116170200414677,0.11719891786446383,0.07643631567198096,0.04646137998714316,0.08728560631709245,0.06169936916654829
0.3147957168047465,0.11662541223253331,0.2804211107543189,0.11634463822826134,0.017500021629112794,0.2165255838128649,0.1094699608462692,0.06185600983522587,0.03989411245571847,0.08952633167237803,0.03367569639531544
0.2836445897094785,0.1339657501639137,0.22552134574632884,0.19811593672842237,-0.05163274068692624,0.19117684219339418,0.0940081800092897,0.04936347749414019,0.005878164284504267,-0.004565844353766318,0.04530168941251714
0.22603301999598516,0.11172906380172329,0.1583240283546326,0.11261356704540341,0.03693234598598619,0.09828439179564748,0.16399929029617044,0.06667931235555824,0.002397937385359692,0.07980990249185528,0.056598491931157624
0.21291523080513383,0.12057878103292351,0.07292339210601116,0.15163878131539474,-0.0025251186167620713,0.1552194627014471,0.15079316659808453,0.13101882725762048,0.030061564056847463,0.09663814079147945,0.0783130696976535
0.21410919744285664,0.12156547787311572,0.1159020724771887,0.18485772058638725,0.026748667900175282,0.1738662508947057,0.15006804545337185,0.1328605616798785,0.031579742340598474,0.12134062333733152,0.10660395288183473
0.2444865720542817,0.10097295238669515,0.14791139875423004,0.21556384084196567,0.069427882901152,0.2151315398158315,0.18480512341611216,-0.05321198101459087,0.03158896415342277,0.13462447101161337,0.044846653499476447
0.24864236010201837,0.11987583347191515,0.1607919815281613,0.22244414236152082,0.09849511680821091,0.2638618721681178,0.1294755545551116,0.011349511333831792,0.03414266096983292,0.07763151157810222,0.05554304199631278
0.26312666819656255,0.14569590735526797,0.1805421039945428,0.25572295330453837,0.04623462250270827,0.16793604824597483,0.14983323967578135,0.07815932707404714,0.0603241987241397,0.13594485703079548,0.09870874256761059
0.2712814059348314,0.16102598129218385,0.184626705323021,0.22368711544162828,0.08956866864035408,0.14925846916551486,0.09168495765600498,0.13484336885077033,0.060818723994049056,0.09003624825002365,0.07789701767772668
0.3166904609141421,0.18203201419658793,0.2219450633806225,0.2343286563286879,0.07598454242816077,0.16512503166182965,0.11697739180922616,0.10833720035160326,0.06245938142490021,0.14244520600759508,0.09813152910770215
0.3193242374085423,0.1801099217554997,0.22325037505115497,0.2199240210350857,0.12867331626928696,0.1741093124512786,0.08712509839594493,0.04107237422393271,0.04983832676012399,0.12232824857462107,0.0980835477241744
0.3246751616578407,0.17697088293284724,0.16160931081987706,0.23516841602240834,0.0988151697581599,0.2411472335964849,0.12780109161921807,0.019673826353753688,0.07981740258513853,0.08482630728493515,0.09315336225027478
0.33449000983126653,0.15480376960960532,0.17611731152257326,0.24071390712042884,0.055182280415354015,0.2539788685329059,0.16415093188070645,0.07182919866226474,0.017866328878866314,0.11137715420482737,0.06456716993071092
0.33221828947118504,0.16791563297426212,0.1834505572779094,0.21133163840335548,0.0728050176305622,0.2158051786012964,0.03004378835601959,0.10921999152665765,-0.05765024644988103,0.025929610013729756,0.057877990337084545
0.2827091273733265,0.16082726590820262,0.16831579208886482,0.15064237104972905,-0.024836481299003014,0.23486533696941372,0.07360151159006464,0.15076677043468084,0.014174674887161804,0.055528817709019344,0.0703538984048155
0.30101346335908685,0.15471023287796123,0.16926071095848894,0.16322112247682838,0.017621971234212254,0.2560890941280881,0.12152920260807806,0.07865287953196917,0.04390273174548374,0.07009582551418898,0.015203166753855175
0.2747028656696428,0.13914728051874192,0.125725484875633,0.2020690526366327,0.003997090416331518,0.2673529505454538,0.17073934444096603,0.09376345280810577,0.011421172021846586,0.07108000530487979,0.009922749877015288
0.26141529404565156,0.14440944717072743,0.10622258543172175,0.21200075106400884,0.01027895640344105,0.2105879405476154,0.09318024515407913,0.14327372439691094,0.1012910881020736,0.0915615352375059,-0.0077171548427860835
0.29678173407540476,0.1296209022050324,0.19603686290335315,0.25038672063116263,0.06408877965557883,0.233276580281095,0.1316416773755219,0.23035877473133998,0.13366313280418174,0.14090394495039546,-0.0061401292454508925
0.2592233212275639,0.09493154877159118,0.15900621155594077,0.27126806443230034,0.050804558731387825,0.22732425585682164,0.10872358333902246,0.25307707364831367,0.16816036048244382,0.10670650772743671,0.0234219309354183
0.2891634627864357,0.08784054894311578,0.1590794039553141,0.2042462414371744,0.030472888864944793,0.2417803528572635,0.14625058446672926,0.2554099163262358,0.1499347880954381,0.11572511469501123,0.05331420885529506
0.3181780643322881,0.10288526919176394,0.177856440586809,0.18265244093798863,0.04802955751222851,0.25077492600319456,0.1555720280838897,0.2237413569563596,0.11961159497831134,0.12592781951630588,0.05664298863378983
