0,1,2,3,4,5,6,7,8,9,10
1.0,1.0,1.0,1.0,1.0,1.0,1.0,1.0,1.0,1.0,1.0
0.2961429221929078,0.4885133197639898,0.21981148639766632,0.5945034759502738,0.13125073076063495,0.18191529425287564,0.4990612981527568,0.1160875291458477,0.02083741414955806,0.032170417393825895,0.06723113825933656
0.21221410848242325,0.4095062631816138,0.19480393748745725,0.515598309071612,0.1482488763479918,0.11571682556672805,0.5303262246515937,0.11865474167148808,-0.03220197979398422,0.09619141268984172,0.025707503969826014
0.18800033655628035,0.46911768187781094,0.27274414623078913,0.4887465467308151,0.20982768155655407,0.12673497311076293,0.5130451622605118,0.07381213633014604,0.13733442168179477,0.10974333685696502,0.06555778365584138
0.13963151255683515,0.5064893953965937,0.21172911033645528,0.5074738457569924,0.24090023377266667,0.13859071555494465,0.4585745656389113,0.15530424870109336,0.04307990913061558,-0.035244654203992906,0.02354452396526942
0.24338475694260706,0.5282148707241798,0.2692954288449414,0.4887137896266884,0.14118749595958924,0.0843373042530352,0.5162196047327565,0.12643141603141655,0.09978256766111455,0.05960696218296816,0.18330993358736852
0.18233670472365265,0.48531927361742006,0.20139356646577966,0.484789337558944,0.05096237840670406,0.15188240978502773,0.5300861582873161,0.20487628835682567,0.030427867621013602,0.07586640087849218,-0.030264861911451762
0.3036431442914374,0.5393362759007004,0.2856213210940599,0.46330154450452593,0.16219029212814948,0.06279521854081496,0.5758293375301704,0.07775461111317183,0.03637620345515848,0.013354806020812822,0.060688863552965135
0.08781666744420484,0.5097142642623379,0.22098324971910124,0.496647750586994,0.20364599676811748,0.17577117240498855,0.5113167085219338,0.14185238878761985,-0.01762186169237826,0.02772069303991572,0.07986391037569829
0.19116779241835724,0.44224205071672473,0.2905600198492291,0.48979646460798754,0.22432264136935576,0.11522995452147795,0.4568987357190999,0.1999743904982553,0.04302582789271807,0.012485219846208786,0.07517075608452084
0.11391667448107265,0.4543056070071234,0.20614728237929675,0.5293705507329772,0.16936127605027673,0.10505756321258367,0.4382556813723628,0.23311513492719912,-0.014595433138053062,0.03582563741110459,0.05391728807051242
0.1888462603258477,0.5605589839233325,0.18704130113264397,0.5154124268090629,0.17572086885838642,0.16382942232636394,0.5160108417547707,0.0143309877285943,0.06331134101530624,0.15380914270898932,0.00014637089514267886
0.16574930494399265,0.42233108631849053,0.2598488608323429,0.38996246770395854,0.2009173652295178,0.12295685186541462,0.5313432147429055,0.07221108178204222,0.012572501766419487,0.06433431401693646,0.07792608725694251
0.19782712604934544,0.46389578024901656,0.27591515814202344,0.45477804906671937,0.11649113155635193,0.1055535234917232,0.48567013441670304,0.10543128012002842,0.01806300482894973,-0.031051293201170917,0.06943042316595394
0.24007938821521668,0.465771035074585,0.2837703762059869,0.5021562773973205,0.131393080591871,0.1302752770989879,0.5134131573124439,0.12108961009598358,0.06582866268997926,-0.04655369430107837,0.09822821506131141
0.20516258193304268,0.409611949236332,0.2209325418054134,0.5081208797558672,0.1514267644801131,0.1298408570445872,0.5312819342592383,0.14835969109584612,0.02464220762224364,0.039943206471732356,0.07656011016722374
0.21602058440627767,0.45355301833661776,0.24895112042125184,0.5108035956526744,0.05266238752265457,0.12186482193516356,0.4878257935033542,0.05485390521156175,0.04838174384849444,0.054955360023878304,0.05662114885163816
0.1760175785660482,0.40980188038867377,0.26662089415600476,0.47272649486678053,0.12294936747260746,0.07939044967705301,0.4890799239934932,0.0919984605261181,0.054502853642630265,0.07105430456314066,0.07420739386293129
0.10808115008997811,0.4655454179455608,0.24846542718940198,0.46952225818970866,0.12870834595983494,0.11784617041609804,0.5058737603095971,0.18140500622699818,0.007621236427036205,0.12134816807072032,0.09674497738769698
0.0952710848571043,0.46700027335269634,0.2264372280153491,0.4152091629582542,0.13343133497820603,0.1254249019463267,0.4929179211069746,0.19156587021247062,0.02011242977315396,-0.0656714855183188,0.03052254977679474
0.15581914420321338,0.45354770096093067,0.21371112587047042,0.3340947764904718,0.10509965832093886,0.08611265678608854,0.5197352878423157,0.1695378961194803,0.030399628330119013,0.014780655997777933,0.043967807252883045
0.1791157979257655,0.43667256111492553,0.2316528373327753,0.1701203140147054,0.14043589535065806,0.09584887613736033,0.5459030754122096,0.0617362951406565,-0.13776957548735505,0.05257118189305266,0.0987260758287501
0.10662614557331392,0.4487833372303953,0.11793566607077377,0.22690601249894063,0.02097837544381737,-0.020424999988915764,0.5610164561238501,0.09412963083336418,-0.07687274873361681,-0.049813735584860325,0.010243568678205856
0.11675543086768517,0.44950729732622263,0.12225026320283976,0.26340620806944337,0.07972879565465903,0.0516528683818133,0.5430315351890126,0.12112138872142542,-0.0437184296858782,0.009966400260830614,0.03168074062780411
0.16650207341056034,0.4824307777958252,0.1599242322400027,0.16835351401032259,0.12375364011118586,0.07587240148183973,0.5431029415558781,0.10345249071132208,0.015612952335346108,0.04485211057536019,0.0415980422034886
0.06090417826629624,0.48997205963478074,0.1482592817397717,0.2259074693351807,0.1539449441359642,0.10508309163359003,0.5598591508085764,0.13855754843155904,0.03831053463772336,-0.04786646580539432,0.01051691907274833
0.08954003563832738,0.40672655216568326,0.21410228262179423,0.2703504390041739,0.10042918895056897,0.11471325009093784,0.5288983869631315,0.16722841074848444,0.048317709564637296,0.03816838901332307,0.05163471897144278
0.1411112632191876,0.42081863063414515,0.23994393524164537,0.31640089703178764,0.13089970623204328,0.13249768800437217,0.5513848680337957,0.19384062342511404,-0.054014840791840574,0.046493408147628756,0.09537047396878413
0.08272561466628013,0.3752070955411493,0.1541193025308275,0.059397819651150326,0.1080092621324049,0.10253061143048992,0.5552682510159614,0.08958174435482001,-0.005645444773344697,0.06578294274841925,0.06850002846171388
0.08892091195054139,0.40402853811566797,0.15080105118541545,0.21306360005926128,0.10782234948356692,0.10921534314216379,0.5648032901697769,0.14257525626177311,-0.10719340606876272,0.08183611636321597,0.002045135407425028
0.11084677336477275,0.45776268519337227,0.15722366652622763,0.31516669784401086,0.14321704928262305,0.12608587795380233,0.592967572066756,0.03858029729490039,-0.022844044899321434,0.07529846194939008,0.00457345941183823
0.07083061355440734,0.35524500971569284,0.1688744030063719,0.14602551035826034,0.14781496850015916,0.04128303913849036,0.5819324677573502,0.08138017892589244,0.04075568248095762,0.009924186274239518,0.02822682578473803
0.0991774293011359,0.36259798510115016,0.20104541936325665,0.1682815050704966,0.13474239339391514,0.06276200960249448,0.5605109936754964,0.08347777669859138,0.06911631376628168,-0.03411100592603325,0.036250653363991844
0.044594123761484916,0.3992138588778318,0.1661789095790333,0.17454542638929313,0.17931644212419695,0.028897691556997982,0.5624135231008518,0.09753000912928719,0.05804626892874613,-0.04213911759316194,0.04053053786303126
0.0794042940987354,0.47402867076925054,0.15618055522124447,0.320013976029414,0.15176147266493314,0.020374040951755965,0.5650595897007243,0.15767858161313658,0.04871872828327486,-0.022640571582463697,0.01200127563066636
0.12302304402667948,0.40844708347316366,0.17357281121694546,0.33319842881730344,0.10154108783185155,0.06605864950936166,0.552703788769445,0.15130296220998105,0.07106744390961782,0.04421979258168884,0.06773878206567657
0.133630908936178,0.4318773356466268,0.16217080853534352,0.35781719694347364,0.1505264709491045,0.07166120358067454,0.4685508077940202,0.06979469526642537,0.029763927845391003,0.01774024160098471,0.07981812473447919
0.14899626107735314,0.43197631789376706,0.11889760664515121,0.3627498340960595,0.09880499108144343,-0.04947901549782768,0.4773212086831429,0.10514350603650062,0.03508073467764104,0.0629172390245488,0.08108298575374519
0.1514561078294865,0.4079835750758531,0.10331017902501465,0.36522635608372794,0.11598721685321026,0.00035467794179641285,0.5065329844547743,0.05545818278682651,0.009497102122752505,0.06605467520412084,-0.029517342351349805
0.10939575988152968,0.40293912399791687,0.13995218756027825,0.4284471909688058,0.11751016507148267,-0.00870922853385691,0.5186314726966957,0.0735715419001539,0.03905209201677787,0.07866800066826804,-0.005076739991227928
0.1534872624983411,0.42342175713879787,0.13015527374186428,0.33396048373711135,0.1567599206654848,0.03328586193852576,0.48306461819526314,0.05091236684322199,-0.03388779167151938,0.096374248236376,-0.0014403953373498656
0.12298569079572855,0.4216119466641721,0.11766992987319337,0.40031491798236885,0.12607134448342242,0.019054324725764054,0.3876415623883769,0.0517163028283016,0.004498675199751969,-0.005347361047700238,-0.020186181346238934
0.16092735435433453,0.42358558731143436,0.1477445302849937,0.5162252857236269,0.10477277829999194,0.043179681694617514,0.4360344855437172,0.09577967724087993,-0.039323846029785454,0.05290445359017117,0.009654650562444517
0.016370263895982944,0.3811706538890173,0.1175360861885956,0.5848618777265864,0.140576842144283,0.06345873661301235,0.42808918382723016,0.16174807716106743,-0.008264814332815276,0.05236557617315541,0.02797324348213635
0.08146218376173205,0.4016756849596512,0.15928763357707496,0.5964724720499255,0.08980234397408389,0.07580775058761416,0.45010168992544874,0.1958751517944014,0.003824740301789268,0.06905187672471257,0.06358549717766433
0.11628625038103166,0.40805019145121346,0.1275981624376112,0.6132109390819556,0.12589132851296797,0.05896645221761262,0.39672738640048305,0.20050820009914513,0.08922993805754253,0.07812372882198862,0.011732425976343731
0.19693272145842494,0.42938159386564595,0.17116121033041348,0.40605269280973033,0.05587900381227946,0.08356302313495323,0.40355562272582624,0.2292742911678562,0.018840696592266983,0.08248885241647641,0.049112306341082775
0.1972031750951558,0.4301217658006854,0.17370738042186873,0.37735474738586755,0.078876548171921,0.1058480865704686,0.4114655967923944,0.12888431074798656,0.04653223380618246,0.08454077016371894,0.06926583969094964
0.22225020706015572,0.46160188290683946,0.17501208513420347,0.43494984287896576,0.09413669010727599,0.09185680376361574,0.42656954603555775,0.12380143918849375,0.05315878369453419,0.06695632309880176,0.06248933227746819
0.03167438272285858,0.32379549231028415,0.0656803221035555,0.3404661177930885,0.09674438587716529,0.09744085052932626,0.45777026595902504,0.13659261285881144,-0.10964414811600082,0.0859809731111627,-0.0043541763084501695
0.11321867022360473,0.3929245800034751,0.1309145412240879,0.4388917898564054,0.07828379273799616,0.07333815448601112,0.5017314321434397,0.18783385045238446,-0.020468737725396417,0.013098641732314061,0.0190598180399508
0.1352959245502214,0.43361579053735383,0.16207820611831902,0.3618055848427404,0.13199892007639383,0.09886016403028214,0.4818198636347008,0.18644062904274042,0.011269659283100655,0.018145251034210712,0.04290389639165627
0.16016910862924177,0.4504654393868418,0.10684747756660928,0.3210961218491395,0.08285795205093639,0.04056020254771994,0.4528968239131407,0.06377474818558575,0.04778867586896503,0.06816665222512792,0.06638761215554308
0.19574544714053366,0.4782579811474234,0.09900178851501862,0.3008156112274723,0.06960515036669884,0.06977790608094461,0.394436990225553,0.10845286933024095,-0.03173042398629549,0.070256712263141,0.007899833718020294
0.1525164328029624,0.4481577723907976,0.12980232648490245,0.4593482823676158,0.09112978194161724,0.0627459601590199,0.40259447858433184,0.10559743211445005,0.03179008498426186,0.07727601952506066,0.04049509823939703
0.12878061306929245,0.42259607572201713,0.06983943105179437,0.5533598821021015,0.17105409651794523,0.012708138873912493,0.402295384986372,0.05008761939212533,0.01647823503951826,-0.018836024284316716,0.01184238382010233
0.15363003008583406,0.45672975753311595,0.10194477900405699,0.31838528115141884,0.12256167796211768,0.049040189688941575,0.4327702090228194,0.12576839299458006,-0.005110755146788732,0.024870581754848943,0.011830808701256012
0.13093684675664782,0.4771818046459034,0.13336650404929204,0.4859387339963426,0.06635806838076815,0.059540925079839574,0.35370049734456493,0.14753150967187872,-0.09299395551253865,0.07098056982393998,0.03183892882693236
0.14035661008433542,0.43874821450398155,0.14207608510017766,0.35815400058590985,0.08786660715789527,0.07517600226236014,0.43603238988682513,0.1291099702639751,-0.07177628035155359,0.08339926934365748,0.05969580116975757
0.15972796570136982,0.38563323465176175,0.14046959670220815,0.317232692731738,0.1227445498808608,0.08123320989285945,0.4762786373541461,0.09216952351496406,-0.06502760465445097,0.08938446879517792,0.010587456349043846
0.14056024099539047,0.43664834434651845,0.02866167821787552,0.2998469303201604,0.04632632930760518,0.08040793391126955,0.48717086926907316,0.06758198472499065,-0.00842871369589791,0.10768902158407176,-0.0145211261605518
0.13287860739579124,0.44560215361048494,0.07323787701906155,0.3492268726913408,0.08111518451412254,0.10652840239606433,0.4709211916487589,0.107047502583456,-0.0038049689843893883,-0.0038608386145433907,-0.00950846885030513
0.15060273129285856,0.46229623524724117,0.03300796183909989,0.11916120640221664,0.1195933048933839,0.0036779698300749893,0.4877872231408341,0.13699959091649838,-0.033260976919129985,0.062247226411428394,0.022709281831285906
0.2082516433935193,0.4727215435263344,0.09301834658396607,0.21755550565272314,0.119305721494393,0.00612736992900506,0.5131053850162333,0.14376355265663748,0.007425294817373244,0.020239208288306106,0.06146833547695396
0.10638846877371624,0.44290587316098845,0.06917179700941548,0.2660912183463507,0.12862235865888627,0.036644714422098906,0.5057600716078823,0.14201261024548073,-0.018023140963023876,0.06193510819317606,0.05740815680881727
0.1259083032925438,0.45213188817482414,0.06663695548319983,0.35062759045660474,0.12866856742228117,0.05850734077204319,0.5177296846314372,0.15193213843388703,-0.02923059681704933,0.09289675022255989,0.05919463235527525
0.16168026336762004,0.47959910227942715,0.13000584055701866,0.2872258091790057,0.13180192480903083,0.050599589228942074,0.5323564037941357,0.19427360078238,0.007389097536323202,0.10685672866450821,0.08460577723828391
0.10755852553364646,0.48230439062402064,-0.009084885481976713,0.25914575155190017,0.1372441956227484,0.0702049434905377,0.5624019115806711,0.08819924811987938,0.029611587991226006,0.061207903952832564,-0.003678174762793678
0.12590412644885693,0.4679553905340363,0.07491508774175074,0.3351291404862879,0.14072998233072204,0.0275035484605116,0.5429791092042204,0.1254580873027463,0.005011204182261886,0.04137011935761954,0.0507394240237403
0.11511677892955399,0.4524138801171401,0.07838958559440268,0.11712420962626667,0.1710792035953414,0.03316137100043617,0.5470669970568218,0.16158065594092902,-0.0016009176846778648,0.031416993742049114,0.058048489932763764
0.11816610041560183,0.42573749358718094,0.09638043423370991,0.13359294637764785,0.17579399672990725,0.02927870195999427,0.5293587617001667,0.1008005299004056,0.029187268035559277,0.06929411220925923,0.01835974939101704
0.06807277092025153,0.36478286399568083,0.03254112217808705,0.20687824358141457,0.14338754706847828,0.0405862020620871,0.5416135284838022,0.1097758431272544,0.03643355825885227,0.05598134334860654,0.07603753733740641
0.13395729939465661,0.36592084007108955,0.06410963899453823,0.26257067404888124,0.14195506738057434,0.03433414237505879,0.46053645763257905,0.13099224742725388,0.04024602462993192,0.030425981784700663,0.036152235132080546
0.09575609552286674,0.3966835843553931,0.07473923296363189,0.2485092969910358,0.20301243235713154,0.0691970876407241,0.4611704258878474,0.11510244883291264,0.03305214816074142,-0.054079173992893415,0.04810658824800504
0.11810881653180688,0.4015102081579254,0.1147051796834051,0.26285809877830535,0.10300256664146569,0.04716485296680635,0.48921666151061455,0.12944763550362925,0.06578370039271293,-0.0091845361473421,0.05928599661490983
0.09621789677938354,0.4181277895725093,0.07815057746169116,0.24725228327565896,0.14078164209009467,-0.03792730256917826,0.5295998607189675,0.1395644051227119,-0.004933462254270286,0.0504920477825361,0.09246047028814314
0.16958694483297787,0.42753291801893706,0.1465521386393262,0.27475243762251783,0.1764955255622311,0.04740173253330625,0.5084282487935279,0.14864936974622392,0.031101462828550377,0.04919665087038722,0.03811277296216245
0.16452579363878614,0.4318789105621387,0.1331487480502251,0.24661163660056962,0.19139049735627683,-0.012346642636514001,0.44329387602807624,0.06316719465050376,0.014735550168123996,0.050060555414934274,0.059701539837374064
0.17007467208151966,0.44792956173102133,0.1679917921682516,0.2391195578426609,0.22241890868317182,-0.05041670702709678,0.4583294390396866,0.11436434921609648,0.06125528157482844,0.06646532146712528,0.07949745154018824
0.10382804020827212,0.3890807663886591,0.10200088590482378,0.12196702593645267,0.2302720397561276,0.02953158687555592,0.49691415141282186,0.0885190633879023,0.06545494369830614,0.016683008062719395,0.06197354320304043
0.1492847011484363,0.41892181120431116,0.11673425545433004,0.214741443490567,0.23658870761262096,0.03691746881457288,0.5194863390659713,0.0010410503645117528,0.060328197549876436,0.0693046148252094,-0.07077603674327435
0.10472273921624284,0.41319685654667454,0.12581409281928085,0.1889036580296075,0.25300464171553416,0.04817039090103377,0.5193012555088116,0.03869932228176541,0.06519524125933922,0.08031566067284243,-0.010371728264455853
0.0463400192306532,0.4296275162345732,0.12740880143629962,0.23701561757875889,0.2091730870734248,-0.01132177122609854,0.5206963076496003,0.06777649682243668,0.07748038578218958,0.11473381664117019,-0.015889438748447383
0.13128671884009613,0.39644593796869676,0.13960834726286941,0.3377486826102236,0.262918444664334,-0.010711359403581228,0.48597201615304964,0.08476835799913424,-0.04397277329150947,0.07251359490708459,0.018715298130609792
0.17494383549606976,0.3112433917932889,0.12735991748902456,0.4623063722819605,0.26572279801016163,0.006556229669504966,0.5182576567740464,0.13070578587372872,0.0045482593599670655,0.09104271323870515,-0.016895562180793074
0.18436250161559853,0.39753329264978876,0.15201523652945886,0.42539219038615667,0.2745740857917761,0.07668259956618886,0.5106502655862788,0.1769955574442042,0.008974027657662805,-0.001182954439020754,0.053293625629564134
0.21194471443717358,0.42405271552945134,0.16723586930048048,0.44536099842685195,0.2882479900225631,0.06975014731706439,0.5282696107112161,0.1917252747113761,0.010392678212615143,0.005457340772223616,0.045757714111551794
0.21171331540329247,0.4352705299194769,0.204204119774742,0.4097208950409869,0.3065795882019508,0.020650028065046976,0.5496124570104173,0.1417874606313373,0.010860048683601228,0.025765530143371962,0.1091433780893262
0.1274129878586819,0.4185345115366957,0.12531680660832792,0.43842753571107873,0.17115845778495836,0.050154339509539514,0.5316848654948821,0.13961413042848594,-0.02552971538168912,0.05637590845355827,0.10919420377560554
0.1519996457803967,0.39011433986934246,0.14712116501236577,0.33849994282921253,0.20817385996058008,0.049511375479514785,0.542597968737198,0.1679042605608425,0.020521343126637517,0.004584229474760922,0.08849457894201528
0.1810039380678928,0.39594444366906845,0.1618294325808728,0.3947572666404474,0.26154171670235327,0.0773819556319888,0.46682253643537114,0.1233989790194502,0.03725592860117763,0.0502531014733519,0.0892268615762522
0.1564566906726217,0.4261983572459193,0.07382041951832834,0.41452938027084096,0.26750059792351094,0.03626421658200229,0.5170465795259477,0.14439361812766016,0.056264887271696776,0.038498402131434586,0.11586698574466608
0.1836589089561597,0.41537370366382975,0.11573855403096633,0.444151734285928,0.23142399388825513,0.05215955838595146,0.552949096951938,0.1597789470351856,-0.006949730999188008,0.08714826908836276,-0.04270351229578685
0.2236571544193085,0.45868766495797325,0.1506869524137777,0.4786385689335933,0.25868726915165324,0.05216378675885093,0.5670961440503566,0.1264988165071054,0.02747314487545511,0.11762213016877929,0.038704740632157196
0.13269868834401813,0.4137346320655706,0.15908389367814035,0.4742554496423314,0.27449064720988364,0.0851490724930593,0.5336350452108108,0.16427751412540342,-0.0317562885087225,-0.024495388894028053,0.09583308819470882
0.189686321673885,0.45094023036962566,0.197892194779681,0.4525819574434566,0.2750595963303531,0.09362809167667033,0.5356008771947046,0.0943676410018751,-0.039484154628345015,-0.01191728122612956,0.07739463401744033
0.19192924677138612,0.4325613437286389,0.15400570788234236,0.37814374615854757,0.22350277281898248,0.07082659371830513,0.5322560478221576,0.08900392176027695,-0.048612280635843906,0.0016130055713183015,0.08050755300730056
0.18726746557486965,0.4491714053376702,0.13368713160477608,0.3944166186264863,0.25087632530411114,0.0715599308924101,0.47222588043835056,0.11108891252819245,0.006881061391113351,0.0674417149697833,0.10656070113520191
0.20448593981742297,0.4114266730007296,0.15463516399918303,0.41039634548081766,0.2715532337630539,0.043185569877154995,0.509917741724476,0.15758638626847074,0.012658637024836054,0.1084953045837285,0.09176333123024216
0.16298701409320637,0.3293384396370818,0.20332638889107627,0.44372037800112,0.22076390562344433,0.07413831669109519,0.53876292767404,0.10351797167869685,0.053649500881476325,0.07528370181442137,0.08057183340667852
0.14598074063225996,0.33722103405911796,0.12810467598005726,0.47469755473917996,0.24311133907558252,0.09304688021617945,0.5569953583891423,0.07428026461948481,-0.018488510885013926,0.060396503492255574,0.09283658958096025
0.1510585193232738,0.3655053204609753,0.14178457628384636,0.5532132244010883,0.26845044871334367,0.11523555079474893,0.536131247030235,0.07917620874892964,0.06894774423652715,0.021569161648805745,0.07936592244931913
0.1989948456345066,0.42444007094336583,0.11863903128723877,0.47648754187889736,0.2695696596094542,0.1686070420129524,0.5042783873765616,0.11756395258309679,-0.018114879190402635,0.033794751438577596,0.0864251037336698
0.21196546277027095,0.33150955712082053,0.1772100962332755,0.4896369591459878,0.17677928631943854,0.174919414482903,0.42762306003359063,0.12712150514556325,0.05601116295198197,0.040617661617087804,0.10924309257084522
0.18054335943937985,0.32990195123082006,0.13654571485075626,0.5752992151873237,0.2258900247038369,0.0024321396423204944,0.4605990565205575,0.1450567107390887,0.008213903846615283,0.08846766865452081,0.07782364353436971
0.1529527973508806,0.3464157144776642,0.12887198988469667,0.47842892415896626,0.24259937520646102,0.014929809326811672,0.4860428593104026,0.08683165874624979,0.023710163894610836,0.10476018790519995,0.11052369870895823
0.17171924885503392,0.30585478602223837,0.1475676129694909,0.5034505082747114,0.28056600953373356,0.036136765473332805,0.5441772874421913,0.11359088478815982,0.034071306833084465,0.04199541343086139,0.011013202138892564
0.14769415782515713,0.36936154912850505,0.11839861793535779,0.5260025132937868,0.23471996842741824,0.12266844725646749,0.5547436793587255,0.12648311514129496,0.06374469729426485,0.0453505057614983,0.06514090274914935
0.18846525747526804,0.3883259281501078,0.12130959011772299,0.47694075021341253,0.2333384651272091,0.11166598189706096,0.5108414115750499,0.13138299471007236,0.020650604339776748,0.08749797664001144,0.06494010769212928
0.20294682879903592,0.41658608622355653,0.1426196012222039,0.47827038768977337,0.2464646646458128,0.0284270623262802,0.4924794534677678,0.1492715528743877,0.0484999779796572,0.1023611872666409,0.06982255477338645
0.1462163762720272,0.3302091384789543,0.15505775620646778,0.4490834570425455,0.2731424077877578,0.10150337320435579,0.4987308117867907,0.15837522501299112,0.02048960190701285,0.11444242015838006,0.07641142147282329
0.15950602174306633,0.2918757871133245,0.0645749714249619,0.5000477037175768,0.27280145299242,0.022243449792195603,0.4488803506343314,0.16795458470788927,0.02260653572718723,0.11787998711523467,0.04695548385762899
0.1715458759298667,0.3398967109619233,0.08203501644986638,0.5193024515632281,0.26310840032136473,0.06695620601260005,0.41349029754856353,0.12536862997212034,-0.042777962885847606,0.06303399979929382,0.08922336191461164
0.1629606258751178,0.3567875046130779,0.08883122513916013,0.3189535607756215,0.29498506995326534,0.12811318777007996,0.43917566981915196,0.1621296406494912,-0.028710133006296847,0.0771180062147039,0.0929699003596349
0.14062839799577734,0.39171318195222404,0.14208672482538404,0.3850828634133897,0.2590611800248564,0.12027113120883569,0.43774623776924515,0.17618737412379276,0.020934961414085143,0.04552668927802335,0.05860726728259716
0.09822273062800711,0.39201178186629193,0.07415643656612202,0.4853411753816103,0.1962685276830744,0.1209908335453763,0.40063119719328705,0.15867264968022401,0.0006336488903562964,0.007159139038856872,0.04593342061575285
0.10093712716205913,0.3783376813903015,0.06197298389082197,0.4840272741080367,0.23952327587240785,-0.010918662147101355,0.39644372331630656,0.1927668159419442,0.051681167921208526,0.004582698062189216,0.062165449165678746
0.10470394281785159,0.3392138535971982,0.041240369310420244,0.4069888821862795,0.2078469114070245,0.048584907926693975,0.26865224381380454,0.2204262945657326,-0.05032178972158979,0.04438756543004495,0.0823566189614714
0.07792652336475653,0.3601910165861214,0.05143201267087222,0.41252758740032636,0.2127164151140318,0.06638323557080303,0.300140132082366,0.0724651852503036,0.022075371193563547,0.07193827177045153,-0.0028711151731992436
0.11786522029828213,0.4175170437133263,0.06613531095361513,0.42941469869109616,0.16871056351789526,0.03794986579611648,0.2575526427750327,0.09119341744951029,-0.04626143032866277,0.016433840867188052,0.007389432514730685
0.09397809218145196,0.3897159168241161,0.028388074734184986,0.4206429509632136,0.16191960325511695,0.003597905743495476,0.19160233527780093,0.04003947850528731,-0.011045822626841981,0.06010556449239094,0.03417846706867173
0.11539949322444248,0.3327943712456515,0.04556400945268284,0.4327544906805527,0.10270080878888684,0.015400867412222356,0.2350927068189252,0.07066953701512697,0.00482989234512143,0.11934637036686538,0.07961581040949169
0.029449697455712603,0.392349939105888,0.0018494212201549496,0.4564620063768083,0.11526061452338165,0.07699107321557729,0.23088657824119047,0.07719515074334943,-0.024498969080293052,0.11523963855702568,0.06822928459424625
0.06510204440647466,0.4159784111918071,0.011275396602174822,0.4842346414847236,0.12137590349695497,0.015684700456595226,0.15227700490988275,0.1192426910620111,-0.030166450811408094,0.06144999494632563,0.06595572142481099
0.09844592604538782,0.4122400499410242,0.04212906285514383,0.44570143071444634,0.10337246676740347,0.04509724758578886,0.18301277550721096,0.14447007903964432,0.03552922424382484,0.08004377370329119,0.09447653459506425
0.08657355708791707,0.36808820449992663,0.06207830820873453,0.4106743594594674,0.12087871959671218,-0.020337482796975725,0.19660806576236783,0.1630364964943107,0.07299518246477599,0.11111796753855395,0.023542313822091307
0.11273956709330846,0.40312764909792004,0.030540477210023943,0.46215577152870907,0.11907752143794034,0.07727597092359331,0.22046381187432795,0.13060826107656945,0.09102921135629016,0.1316742051782905,0.057708573853300284
0.043948723141371285,0.28498575190849934,0.04334042463946008,0.3547492126038571,0.11004924802793724,0.0824673622780007,0.15240999327748359,0.1276657119882533,0.1422794372836219,0.1337248395360607,0.06184606282994366
0.09874164115561218,0.29177388606714905,0.10390381287596437,0.3449703844651673,0.08518099625673509,0.06545870470487022,0.1596664531469344,0.16313845351326173,0.11064540047544226,0.08366974928754536,0.07871469918957992
0.10932430914687728,0.35518974684298876,0.11506556458306193,0.39162837773441533,0.031673399189803005,0.06054816478121224,0.15001478952986735,0.154529040890665,0.11823646768470236,0.09653183461159863,0.034474583647112075
0.06249309549033721,0.3782150849975094,0.05138195587017314,0.3129115516161839,0.06839955775847154,0.06172868818524224,0.1548192645577206,0.17263608621327042,0.07106030724952425,0.10672795200699636,0.053201498901834905
0.10592974982885232,0.33034408927089864,0.08689573514284922,0.26711076333849765,0.10486200887003119,0.0333130291690568,0.15601218300852984,0.17042961847204374,0.09686519518250988,0.11183553697351686,0.03843776924891208
0.12480329713430346,0.3725706286457128,0.06769432235965903,0.3181447492383891,0.1011541104826185,0.058610643236851556,0.16406811141039682,0.1764751532788224,0.12687849022692688,0.13862383188080168,0.021574073177611976
0.13459455980236906,0.37831077600507385,0.059314517024210256,0.3393633824431781,0.14300305972098976,0.07009206607147841,0.18989110702919026,0.15919267525398043,0.13474991933518152,0.1531815398838148,0.03662294898981663
0.16141202341296362,0.3509816928691357,0.08020416688461274,0.3808586898368074,0.10582251733213809,0.043801899115392035,0.18534673779133343,0.148871525854531,0.14168137004686265,0.10071137659421804,0.029629176047301906
0.11888771416624457,0.3862413715928247,0.10217456043468212,0.4024524152881227,0.09558874281419226,0.024902438482370563,0.2010295464078827,0.19237682983366172,0.1258978712297763,0.1377217727181825,0.03685851273921051
0.08318259589656535,0.3066499165713594,0.0820914766579829,0.43408330933152006,0.13239323574342746,0.06288140773855898,0.17298254351719466,0.20416452667908663,0.12832839862920942,0.10333752416674519,-0.00687698074482163
0.1435483583220668,0.36397427037731406,0.0972883101696773,0.394076993927247,0.0378287589235781,-0.031183749126827618,0.19998385624462683,0.18003513790833342,0.13100446870466084,0.11117662197073624,0.010212779286297734
0.18541235568313919,0.35988374719780486,0.08969960028058939,0.39011236865639787,0.0984515688705029,0.008098198824454882,0.13946190651149526,0.18650692750597989,0.12620712706382453,0.06435954653137024,0.04825587715500458
0.0678477981098202,0.38502729885478093,0.09442819750855576,0.4018687766253054,0.09994111613391132,0.009420782261685585,0.15557393085340646,0.21722032493885832,0.1671548731657566,0.092090402991168,0.03266437382597687
0.07901172569705373,0.36643517993262664,0.04341857160352486,0.36921379161279566,0.13474066670197282,0.020106300025493587,0.13470581938818493,0.2363002891071912,0.1487290338092225,0.07391920247494949,0.016828721035405544
0.10884478388740894,0.3593320974767589,0.05829953912100429,0.30607821869161794,0.08328204075405449,0.03956545483627816,0.16370301071850513,0.2460225736888961,0.1477728752635472,0.10622066981059174,0.04325846207181775
0.11679687488961324,0.3844551403816876,0.06750853292724347,0.3735005665546512,0.11485911421042824,0.05233023028384135,0.203268442661041,0.1319433637871896,0.1437756487117589,0.11363934748449814,0.05602396323785688
0.07961755838608361,0.3818943033590337,0.0520101964077638,0.40014708880148064,0.05732732731696065,0.04787312364719731,0.08875864445033249,0.16392090009080656,0.1831112203550352,0.1127362748488912,0.05640265773298304
0.10216938416784496,0.4005201231701867,0.08771805345404915,0.4334087581340845,0.02628305970900771,0.058162986945348015,0.1061800283942902,0.17419127935324208,0.1625785929155717,0.1280174183663378,0.055864567417727176
0.1214852356170459,0.41776121748491984,0.09702739284228504,0.4777807431304744,0.06098490782075146,0.02107623301310391,0.12154966050919257,0.18831119312480607,0.18210240931799482,0.1181214171395382,0.031429394148629164
0.14111129018607305,0.25760311339852343,0.05313277470830295,0.46020740274872846,0.0982466147335051,0.05488832332894996,0.1292513410034995,0.16164120814618152,0.1805052494273986,0.13001528000516685,0.04260833617995958
0.09508812724970782,0.29880426287466966,0.06072890321563251,0.4467264068326305,0.10810585383855917,0.04003104028650215,0.08182096865237426,0.17457052270960344,0.14529885961999825,0.15479830834054262,0.04726810477677987
0.10666431192981357,0.34325758521968347,0.055545404875216184,0.3644048490463078,0.10406905598556798,0.041042070437294804,0.13757430040773036,0.16771198268824153,0.06476741002053636,0.11697104980214817,0.05882500049251782
0.12747819770918128,0.35504211639619193,0.04527361631356265,0.3685050868666552,0.04004431924759051,0.02963876551771008,0.17168797064258115,0.16991435754951384,0.0794669266095706,0.1374550968989376,0.058519071608450386
0.12472066906109334,0.35088598381587005,0.09002148109790503,0.3816840441665764,0.10512295923348655,0.034802028811793326,0.19846765434618585,0.1825934153569972,0.08823990401728782,0.12702626151308208,0.07895166644889454
0.057987842054826454,0.36887650305232556,0.09319746136213924,0.42377111145446744,-0.021957122329511834,0.05476631142553462,0.24279959083655342,0.16724420410574142,0.09679605077254928,0.12188174310957152,0.07899252973274323
0.026641671696411847,0.2407036493593971,0.07161484116927898,0.38686899369977845,0.06635890381650822,-0.021816159829260245,0.14744723069074242,0.16902659350957566,0.12079711312379388,0.12238823276796197,0.08860213443030165
0.04494934915749608,0.2963882696564794,0.0717879246804713,0.3163984089670503,0.09047864150525294,9.43563842188723e-05,0.15734125293340206,0.18043705421049208,0.12927076504909377,0.1077174147246793,0.04491503421692264
0.0682159374490897,0.32756684468274466,0.0858546693674973,0.33592924364185595,0.08153751047045917,0.04740087529367213,0.1935538139509444,0.09396656088024169,0.11091384515024966,0.10468204700884774,0.038650329433031275
0.13565096418988504,0.32914549885106487,0.13241301824027707,0.36544242993331055,0.09810983426642511,0.061795784781086105,0.21535141013055475,0.15158960404462785,0.13353334080775414,0.10782274852214711,0.056009853345948234
0.026771530963595344,0.34760361211568,0.08134027754700215,0.42870869376122467,0.13601660549756595,0.0824591979815889,0.20288043514829196,0.15368774017102715,0.07832190010064932,0.09170475464993555,0.07655002960857427
0.07626233192161452,0.34930669819371685,0.08675056131638399,0.43916158789657245,0.08877083716730645,0.03440300164989667,0.14558053693390205,0.14807615003290042,0.11560575441668831,0.1294910895042487,0.047978170147140835
0.07937971810135244,0.31137571960956106,0.081550561279592,0.39907463199921583,0.07551763026886694,0.046816045280471036,0.15330749092117707,0.1574471991357952,0.1173994966481661,0.11789395721657873,0.07375009867932479
0.08338945996212663,0.3340920767571659,0.11165556494152593,0.42033130912188943,0.09199214770166747,0.028928872835876508,0.11124405053064462,0.2163999142186616,0.1308416042305501,0.14440109541654622,0.0745486929964917
0.08080946504720472,0.3642787298426897,0.0773087952947264,0.4664665819456829,0.07744156153022926,0.045052553025695385,0.18447340787787908,0.1272267651227369,0.11611274577881853,0.08880773367590426,0.08718922066112034
0.10190414194564161,0.3005926086252635,0.10746222471205434,0.3228885397278852,0.030919792188758417,0.014848523192822951,0.15115150595707297,0.07771096522404587,0.13256556518448037,0.11380736010008419,0.09278364508060634
0.03570788635919143,0.33394547976939587,0.10205415988443908,0.34645119501310406,0.08399719487070896,0.00038690810204392457,0.10408445143272405,0.12449003485132523,0.12495487807058538,0.10883013171585837,0.07766373731913986
0.08446914735388156,0.3399965816486797,0.01916204339719032,0.3291464739860298,0.12830432841724562,0.04340151109005722,0.12393491647254463,0.1431960766750055,0.13467166598032,0.07197280924960815,0.10953849968848456
0.12789192699750662,0.315395017022714,0.0355757145942152,0.3563409331743843,0.13466933271183512,0.0663210069936235,0.11966409280679179,0.17397938112942837,0.11510833154731227,0.10882351535410836,0.07709090889578946
0.0757443534863369,0.28215424353190166,-0.01600592410041914,0.3414418085708431,0.010524529104850845,0.05733725811336114,0.1525542004562164,0.17265485953650536,0.06548482940978549,0.09215583518393225,0.11198421085130215
0.1292918144935584,0.2946831131072576,0.01884293552620541,0.3734025864146437,0.07785649981115653,0.10855181748362597,0.10967745006721465,0.16593682167342264,0.07109966224714306,0.14973663746900648,0.11318101271429465
0.1482645723146368,0.2975139994022036,0.038466065223880574,0.2978963892523212,0.1266812815211817,0.07801101876765185,0.1660347373172264,0.17019473096289747,0.05842652911967836,0.08822248825638258,0.04548928638903135
0.14265711426732042,0.306787217133683,0.027036671012043694,0.35224622216510004,0.1266685329846197,0.09336547327338549,0.17156108801403375,0.18903340840891064,0.07224139339061124,0.12728437952805563,0.09136042280093379
0.15330207348264818,0.3521764307841953,0.037096643831829375,0.34467465852134865,0.05981717405280323,0.11263624028757643,0.18090167503418136,0.19712695875537994,0.06119364566793657,0.13102090936021898,0.10322677374291497
0.1557793522372573,0.22325850923655258,-0.005963014856326394,0.33273711846692616,0.08717261920089299,0.06130853178166878,0.20673516306981965,0.19843244884948583,0.08275242025395554,0.14098035474765352,0.11048416316691113
0.1422074476071921,0.27974307567022905,0.04014907521972644,0.3205782206896711,0.09869869659051603,0.06133907113862122,0.08888109905629799,0.21137314304417076,0.021385287691687786,0.1632627095564107,0.12317225884153565
0.0897920246146261,0.25639938255149985,0.014815463871636916,0.3516621591569504,0.10180479246554902,0.08419949618944325,0.1756070232219593,0.21294219315893598,0.0403119523231846,0.1687239573579282,0.13798085740286198
0.14934087321549172,0.2758280050069422,0.027168222043672505,0.3505301671241399,0.07788874759608136,0.06676977894261645,0.20174347677103877,0.20858843689707252,0.04956414477427078,0.1789265924783322,0.10772176805516413
0.15337578750126005,0.3308141608056594,0.05709230072147223,0.3430128825716222,0.10490158540660656,0.07401341053648336,0.2062753076090938,0.12310387677549038,0.057023882262967174,0.15945290693258624,0.1159737908365312
0.1253584724253562,0.3071372599172225,0.07437156706146433,0.312624116729219,0.10156516115200541,0.08372909723055211,0.21008043444500998,0.19565172311202708,0.07612829483162331,0.14607294490603676,0.11599099552107109
0.1525867073984663,0.26142521314444406,0.07826237353835047,0.33826862245689615,0.08134008310785218,0.04588898719353958,0.19292600334365678,0.1928210871919724,0.04588727489995867,0.1515615954381391,0.1228229213826733
0.15949259103421726,0.3085381565564944,0.09029116040253249,0.32379790625156596,0.1165479358856173,0.10261348876997733,0.19382041133732061,0.1777273300136074,0.050527681354011915,0.16035645268117338,0.16236668126068435
0.16704533382927908,0.2176592748091134,0.10601320206876985,0.3700149394611093,0.1394628365217892,0.11736537593036676,0.1985439563634803,0.1608639960172932,0.054783943915628616,0.12492646689399955,0.12916943545720413
0.12887755331920417,0.26244001837709396,0.05076678444791572,0.37683462078145263,0.13206803371580556,0.046059076301203636,0.17188556088059936,0.14870823734650504,0.06810461106245727,0.15122721063247818,0.058168715595902955
0.13819525982696762,0.2886692598641971,0.027782405497417628,0.3726670453224584,0.06874768765515248,0.06311677794238442,0.14780608729744227,0.15272386563511237,0.09207515387898393,0.10246331958484958,0.05156259022269569
0.17799416199589774,0.31118831216760834,0.038666409919752814,0.377183398057353,0.0882022705134164,0.08861849993978987,0.20642519080947336,0.17637534923229573,0.10628774048967601,0.1045754423117193,0.10368574353701068
0.14078568992527254,0.26782212081668455,0.024711343509573516,0.3475898130869156,0.10408844096276584,0.09171289771737655,0.16618328935635712,0.20281516587153892,0.06529496714263476,0.12050763539781664,0.11838219081935426
0.15198456541029587,0.2924462039844806,-0.02564976016420504,0.3229144421344023,0.06110376545291549,0.10529642743784318,0.16870744877788424,0.16889191268977943,0.07389161203636728,0.13392093470925004,0.13702161455156933
0.07626932142789052,0.23513351568144245,-0.007606514879864665,0.3322410219085761,0.07122235074628594,0.0783956281108779,0.1405497806253733,0.17900818040045408,0.059985234973254996,0.14149299162358145,0.13828104508305694
0.09154396372191438,0.27784771260641306,-0.0031565236081810073,0.29202484579436355,0.06334831473328341,0.07931781157073495,0.13317126243938396,0.1533021379566304,0.09740044446705878,0.09581428569856201,0.15433822233019473
0.11048422756610704,0.29262487780276913,0.05363549209184081,0.3319268017658832,0.09236131041887338,0.08157620010855565,0.16149984325368216,0.12257159877533573,0.09576507086750059,0.1444787203606535,0.15773864377910632
0.11673451200221349,0.24750466548035063,0.07408854698483934,0.32654877083638256,0.028713044418565387,0.08828669667413531,0.19582755829950618,0.17985817777980298,0.05870726871030459,0.08657806663957911,0.168123247146565
0.10759972569900055,0.28931586471819243,0.04552299420866585,0.32972656505840947,0.08618647278535276,0.12197471903613105,0.19173727388291123,0.18154398314762338,0.07772506641035361,0.11284110782381021,0.137595945002861
0.11507847324614483,0.3469120891442582,0.06965626274652312,0.3060208275105973,0.09320282084366571,0.08534478248304538,0.16277326764621253,0.23056561931198277,0.08794749259451291,0.11479197754452417,0.1405881560600985
0.13701402770755122,0.3117500453536783,0.0802127568123768,0.20590444917901543,0.08737593476963748,0.11730073182735029,0.1660662778448504,0.16164845298887248,0.07799577706295058,0.12565997344090413,0.1465666839012279
0.0855271247137785,0.30835253878977426,0.01845722054058516,0.2357505218299758,0.1586098968364125,0.12656897074790718,0.10703780993659656,0.16820121703195792,0.0831319333345906,0.1288998396404627,0.111021652556414
0.12811526460091863,0.25107688414578877,0.05480921664177096,0.26418263568507383,0.12861079926355728,0.11712582453301469,0.13564580205676757,0.18407095290346814,0.056795921242368985,0.1294956140599664,0.10737342582472835
0.04139971933549032,0.2823186725892808,0.05123021706868805,0.2753908576055195,0.14386752033174321,0.13432738633411762,0.15248247037760243,0.10140144785729507,0.07827532565276601,0.11894441823314342,0.13182525795521738
0.0842950672382278,0.2772789689864276,0.054736195242387875,0.21340821938018548,0.11470652640412027,0.11814617404661695,0.24645299609676147,0.131452219311408,0.10025527245210278,0.15659746974108302,0.13519079783251337
0.07775066807760564,0.3052060307512904,0.06850481200034986,0.22674988573959312,0.13391653071929194,0.08104288736410956,0.17186244988024998,0.17995244878254738,0.09756510577411866,0.12079323338251541,0.11878770789795225
0.08889824913295133,0.26269952669636687,0.051286052187250186,0.28165802292807335,0.10735453181295647,0.08097378193859862,0.19648337075947223,0.19217666299794314,0.11119053028388608,0.1251778159678865,0.09473663130558718
0.09841803452072453,0.29284009786121623,0.02277451929610438,0.29153350413114965,0.14281766910029636,0.07447971282427368,0.18362578357601528,0.15001414789957876,0.09041191614508642,0.1428190932147091,0.06262550704608905
0.10052315371680855,0.33460409420965936,0.062222368123376365,0.3271683441417043,0.15649467753201415,0.06132380318674253,0.20045849359779738,0.22833544009515572,0.04407147781054672,0.13602472597661366,0.10258662917652903
0.12324571246037697,0.34249689666246996,0.06221867581709185,0.27545615455210676,0.09462215876398623,0.08192745998940293,0.15594972484673392,0.17884128880296793,0.08817373190943227,0.10679617640154028,0.12470429938415199
0.17872130026900418,0.3273586073994882,0.050523368400846994,0.3202227252040253,0.09240470967360381,0.08907694477880711,0.18415744069578371,0.15313337306173533,0.06711401331396473,0.10054131477854279,0.043238181031615815
0.18047594032878328,0.33391140384986717,0.06061555417285401,0.32664085386742214,0.08337511784935679,0.029879839732757835,0.17969173687215567,0.18096386050131077,0.07135888225747375,0.12953151962978426,0.08582987408658242
0.09363251739583603,0.3351113945404593,0.06906871237362343,0.28790400636875074,0.11440653931812414,0.04456490142693441,0.11813107325929482,0.2121017685351719,0.07705541003339815,0.09710959257251027,0.08789557804294051
0.15771129128301584,0.33320393501933415,0.02233845186192031,0.3256962927491583,0.12165037368248063,0.07448469145157187,0.15260073284470518,0.17861032657692918,0.08565187576992486,0.09880510265729882,0.10952440685355262
0.18013159792642458,0.30110767348159495,0.016709933443803168,0.3243232533121253,0.1536016356442312,0.09475615891195521,0.09196899164706544,0.1819804470500008,0.12539991011664336,0.11666093720284024,0.12639398023208276
0.21930321755266466,0.26389329838401937,0.06865308824533257,0.3374015807620754,0.13009829829031488,0.10579707164316454,0.16166955885451206,0.20340727500605815,0.08405043418521156,0.14157549122305654,0.09949746451978672
0.07015480546276016,0.3075204883875695,0.032123415600309284,0.2883520865941158,0.06752165321395458,0.11393949946617465,0.15261982510549765,0.15165369288828745,0.09251471940798661,0.0807455915340512,0.1204851999353375
0.17349777300972075,0.3106776375431525,0.07319459602282843,0.2556359015935814,0.0722986500970762,0.143032872117198,0.18857169544645652,0.2057898066104524,0.10299600318870103,0.14312006883361203,0.1631145473129748
0.0955334516224614,0.22900001963394404,0.009779630377427509,0.24741871519385014,0.08920030327316827,0.11622315248346185,0.22033202189083156,0.16116633858246002,0.07347179110888763,0.12411033645486647,0.07193793478805358
0.13505203060193807,0.30255499906730826,0.048856384254126244,0.2731360100300654,0.14742851270197507,0.09319522909768414,0.20360653924862243,0.18475225620611208,0.10234627179963714,0.15923132807646684,0.09800628510342649
0.12393877762364805,0.30343106099733574,0.018073366991232073,0.30355528808601195,0.040107361301527214,0.09177358103909042,0.14838090513193905,0.19283275093432242,0.1002043806496725,0.15899907505080688,0.09728657623572044
0.16204733652804634,0.33460232465178363,0.027849339024994736,0.26945566414658817,0.09688523564235374,0.03039876923807248,0.18106106992699383,0.22324702154131082,0.09632274737030146,0.15068785494918932,0.08072508085268168
0.156896745164795,0.3391914577072042,0.05693491968301927,0.2953820597968645,0.14551050483153236,0.06505022412927473,0.15171830442864928,0.12819000095732144,0.06951675939323528,0.15011976443801361,0.06489187213570183
0.18144130705388312,0.3286583992814323,0.07591918040336959,0.34363178530073457,0.16750260920476562,0.07640248010227864,0.1667413902742222,0.16878497457359104,0.09631021094367902,0.13157263044967749,0.09337279384728897
0.14031414218642632,0.2905199261050204,0.028346217363177786,0.3633701183131659,0.06345332831732281,0.07962605236655831,0.1793949330939202,0.1474677579713307,0.10201688026460864,0.10827670573475297,0.11441712644223966
0.07185804363522579,0.33410242204255713,0.03513789790089037,0.315927526235914,0.010960205432196881,0.020137126138489277,0.09247001826706228,0.14123236639697306,0.12455286939985312,0.16091528549169634,0.09903151191146249
0.0928286603548086,0.36486409871632713,0.030330714973225096,0.23067643728472423,0.05727538118650489,0.0624737468429536,0.13360450546320526,0.19438147862449856,0.06648832632188419,0.08900110021225624,0.11830359121749198
0.13589424370627717,0.28586158272143997,-0.042816076455111866,0.2517612054888381,0.108227361485017,0.06875607076882692,0.1948440652093512,0.21013755825675168,0.0876475060360842,0.11371267964204693,0.08272074116621121
0.08848136553416415,0.3123661441827607,-0.0002443131063541021,0.19002050632885514,0.14729579545027355,0.08051365612599169,0.20407177181531683,0.15954485833028706,0.09056372292995349,0.1276442400362088,0.09751282209663226
0.10710536780348387,0.31154768128014443,0.032004852228322556,0.24019703494122283,0.14667250788110325,0.11460413148960766,0.21988195512604847,0.17646111672586268,0.07440991053053829,0.10807733291876162,0.09313920297572054
0.1099714945341479,0.3578084420870865,0.0189767331318049,0.33339059576647756,0.15635935475324775,0.09554190546890058,0.11741791997962465,0.1940603962563768,0.08143150619301076,0.05148745570697051,0.09968452899706826
0.11642170199768294,0.3327923202494559,0.033720282001401404,0.2781720038381615,0.14624688113019607,0.053771466649746635,0.1623319087057862,0.20161293790683782,0.02657987504998739,0.10493819286883121,0.08330295219823372
0.1768771900174993,0.28465328616027225,0.057611098015801304,0.31108646208861557,0.09569711708007447,0.09524826996891661,0.15971006547539493,0.21133371033239282,0.06907985778000753,0.12808097727275286,0.09813208099189008
0.20799475306992202,0.30798492442260905,0.04081717010654551,0.361106314922686,0.030815992909144465,-0.02851639684509113,0.16514418553465354,0.17178520780388012,0.10173595753733893,0.15808117443286168,0.071160133227004
0.21587053690373792,0.32157431417215154,0.03963013086097327,0.2379252298214554,0.13224659124045382,0.02701376269859723,0.19716316207219653,0.19722069258335734,0.10558872261479714,0.15367248858840712,0.0814479606237036
0.14673286356450363,0.3337755057641256,0.06567008257509765,0.29805651871024463,0.14746989379521938,0.03511120149982191,0.18777638810538655,0.1313216175400345,0.06381149637219191,0.1562126932884588,0.0784043130499501
0.09257404503089595,0.2536847312251919,-0.0349659642392758,0.30946990845545586,0.1241508454415712,0.0739263995668349,0.22433526725635905,0.13789252655455592,0.027978754346494192,0.18242651095476276,0.07921482509839123
0.08987813774301258,0.27031751744995347,0.036269559932850484,0.32195795799217486,0.12507468636764135,0.045901958333981925,0.10485658936314773,0.16523608178167992,0.11162438037850966,0.15005944323383474,0.08850390952165017
0.12247845679134756,0.34365331395680454,-0.016507973307036957,0.33226801929417216,0.06944616418536544,0.11086855139306512,0.1122544512718764,0.1829530183344125,0.12759847475287783,0.04007960507277818,0.08865172860699566
0.1509422578322624,0.3074519157973745,0.045154817532623195,0.3523298738213657,0.10204109272074871,0.11322865185275924,0.15501334480076046,0.17767030546930965,0.0941439500781831,0.1067397691409388,0.0931843631537717
0.16753670412187527,0.3251433724960975,0.05211980779550957,0.29495209782000475,0.13198402808189932,0.11648703634748747,0.14141700115578582,0.1934770666094944,0.10869673058246823,0.07929225528092729,0.12231779145045679
0.05356339969544479,0.32072012739664724,0.06528550671630186,0.3279371874338989,0.14337642287178115,0.09984759518988988,0.14861605922607257,0.18919521231830588,0.12171538399646495,0.10506039902790325,0.0821774854881065
0.08442556869174503,0.26813133316951016,0.07911714539293913,0.2809138154429585,0.1122441255868204,0.09032456825440191,0.2199965557111965,0.09873258722531428,0.06129665985730901,0.10374452663558088,0.0936281859401257
0.09156561374284411,0.2931708529675371,0.03503239039703458,0.3234936148063992,0.06436567030118356,0.10019237451253249,0.1968283587419938,0.08816563463136824,0.09115673082493694,0.11424590415119014,0.10478319634930051
0.14176879455106053,0.3268776412546379,0.03211734640188384,0.3418577148782173,0.10454381210829966,0.12598242295569878,0.21642797684163276,0.13571809161350246,0.09892710438202398,0.12368340791012483,0.11635815642190339
0.13233443531392328,0.3447104921524113,0.055254916764554234,0.11090604844396859,0.11261987143302621,0.13761349507145176,0.2374512224200208,0.1425988395681237,0.061596887902466806,0.13107774760457744,0.12851175658222744
0.15246495105861696,0.36164618236062596,0.015970998837033908,0.19662302326976644,0.1554265906510776,0.12788898898139778,0.273625115578072,0.15870266188284232,0.08317939850618049,0.13281789078023454,0.05978038148787503
0.17177354842821246,0.2602037282746856,0.02505528998798143,0.22228085473588904,0.17385471003519967,0.12828959943663246,0.24847224902230317,0.1730928025891185,0.05811118505054034,0.10868658590065955,0.08240727023178508
0.1547384423633077,0.31199167257460214,0.0724736276291445,0.16757868590301292,0.157745842897429,0.1297231932885763,0.21400080708045088,0.16051203600189404,0.0163128444113961,0.137974769382621,0.07010338728467987
0.18192938938073838,0.33681719807210475,0.011826401323826355,0.20819572717395787,0.18352785825018478,0.10940818675432502,0.18881044937725713,0.15461758383300633,0.05471248922855046,0.08795238441563191,0.1150640818498492
0.11924682413842981,0.3601449933612739,0.039301665081506565,0.1626237206101705,0.170110261349886,0.10217754488155308,0.18053317664016671,0.12427111472013347,0.03412422391555934,0.10700530605340977,0.1116700952057576
0.13465819497252696,0.3217960355164661,0.08404532023303597,0.17618378281683705,0.08888075022154118,0.09416882953493295,0.1826633020058225,0.03503260243420375,0.03496152742623013,0.09578438781921625,0.11552201558195271
0.05635734954561392,0.36607443691458064,0.03211093965021681,0.19494046567502002,0.08724300178127704,0.04734871516559906,0.17742029886778518,0.04156476785945608,0.06016494469839639,0.04446723406357617,0.12181034108578624
0.09269628899313516,0.2866800945844455,0.09423510753538225,0.2584346490750781,0.09712371317670765,0.04830711689463192,0.19447558936416676,0.05700437449944918,0.07841588419405851,0.06354391902217604,0.07178212951049061
0.1259629056979502,0.2579218867791043,0.10900496922013331,0.2560153309386237,0.11103732830721623,-0.04742553317964526,0.1422189381366307,0.08496712678966685,0.06529844397844659,0.09858854314103165,0.08767171935887447
0.04902050899535342,0.2958522784760995,0.13741799622176676,0.27991755285837705,0.13247981261795,0.005462558917395735,0.12389686704993824,0.06538667325929276,0.026957577807145083,0.08238981993268371,0.10400734633928688
0.08536251856406159,0.2996247326423264,0.0856952620845705,0.26323298924130517,0.17137972324397144,0.05101249526912586,0.17081369175155742,0.0772518254002387,0.05224037457029272,0.10684370648039752,0.061465855498931785
0.038685487222853636,0.2953087045207876,0.04259068404594622,0.2701451683085411,0.06476630668844428,0.03776256039259072,0.1946228766392471,0.09668780126545459,0.06429047233046978,0.12124095133458798,0.08848276041362069
0.07037862990200405,0.3104804440029093,0.06560049598187115,0.3048752659868954,0.1266240782916474,0.06612638657537549,0.19313824070363778,0.13095865492657227,0.07327806567260832,0.13298765117468192,0.10686597351231182
0.08508318275959857,0.2832218019302373,0.079615935250802,0.2997284203247071,0.13882759762771305,0.07137143507420723,0.08303054170718002,0.15783444785483974,0.003294661399815263,0.14344189451608613,0.09830312838989096
0.08491844940817413,0.2865592298682468,0.09098392129579431,0.3271115491405051,0.11458588529188211,0.07112397570177247,0.11005520372000847,0.11740559890812549,0.03298628780664178,0.13514384162432083,0.07116118761452074
0.09126405562840423,0.32126970508021724,0.06902338154793272,0.2728554593525999,0.11876582728693041,0.04025249480905904,0.14209679811112969,0.0734836310853628,0.03330787971848116,0.14687608232283153,0.07711694024872329
0.027943203650571038,0.3442812560851286,0.09658890834276605,0.27228181551441977,0.12997505299948153,0.09138153905953884,0.1747345315447924,0.11994569770813855,0.016584183331122656,0.07716446672362492,0.13513786489101634
0.0543429240806513,0.279216218877369,0.058156050823953837,0.21789362673315715,0.16390260534573664,0.044158787716710474,0.15729233824245983,0.16118558805958524,0.03683589707985581,0.07109088175939056,0.12498196654545543
0.02495359481422208,0.3258180534179548,0.03560455160768488,0.2164821006627258,0.16158547730851247,0.04759151975739012,0.1855379178771155,0.1779092662702157,0.007884275549450852,0.08975981010873747,0.11186271838219387
0.03773565253207555,0.35379476809725985,0.025117039286050382,0.2166016881312599,0.16478718856917685,0.11418845487474145,0.1353512045766754,0.1897450266254142,0.00791603166935076,0.10466175581500772,0.11769312328116699
0.0416064810997477,0.36906024485126937,0.08102661757996706,0.20920585454098647,0.16530554620814752,0.07673882533375168,0.1570071677530574,0.19514968056613347,0.035575880274760364,0.10817922371522094,0.0966789722937188
0.07439364185207704,0.3720880270985405,0.03130583782173123,0.27520086925321097,0.18136754772175392,0.051356601755605344,0.10393866680625771,0.1145997511166782,0.012694809599899971,0.10970807295538923,0.09790425504810349
0.10733459244632518,0.34000465591564216,0.06724531173795481,0.2835743362760943,0.17082346804020743,0.055496310480815284,0.15283006805588928,0.09835176765879008,0.0287039579976132,0.11606039806280918,0.13372478004807065
0.051062040103917156,0.3718788368845487,0.07716018059078333,0.3574343572484884,0.10983319692170235,0.06067775599589652,0.08986191448445108,0.12407145100686903,0.08107617622886021,0.11934434904484437,0.08849426230660044
0.06177721719515132,0.3805893878191663,0.09227351466614155,0.39060212547234807,0.08890989588836277,0.0694211030759748,0.09836020770123347,0.16085328337995752,0.043288138234592176,0.07191663775779775,0.06331302396166037
0.08767990147310561,0.40799818933512333,0.09838291739806328,0.38002973945738944,0.11130862815186685,0.052114622920365845,0.09451390360813967,0.16087476799818054,0.028809247901592297,0.06297959695098759,0.08727435953920515
0.11645358381647443,0.3551072999520179,0.0930496323688447,0.32535774796139355,0.08800782798613235,-0.0023456996234872338,0.11099364138599269,0.11272261342844174,0.07467514410714648,0.13345505014335263,0.061276052461834866
0.055791941373751736,0.39695388457427216,0.12542510928410333,0.40748679885696726,0.13681145010550816,-0.02652191996117225,0.12395394546765337,0.1299241372377129,0.08455113079454353,0.09659733572928017,0.07022870920444509
0.030125968829006526,0.3311088843920409,0.04067929125711737,0.376941604558596,0.0597379141659568,0.02519089219594769,0.1544296492450664,0.1702556585940152,0.01678112329454885,0.10866427362713772,0.09910033917476166
0.07240311745570154,0.34779804576497786,0.05780940861885048,0.41234789675651207,0.07773041985515448,0.011180622318064716,0.16943495672447423,0.17393856111865955,0.0473909103942733,0.10010986175459609,0.03369239703741366
0.10735343152104107,0.2361963424402495,0.08511681188274371,0.3648731666098842,0.025166153391049103,-0.004739872123043804,0.10421903538600491,0.12459450211513852,0.04924163657738934,0.1441060874362019,0.05216025599982131
0.00523351076330995,0.32159224827816435,0.0184121825793648,0.3673712010724176,0.046005701218943595,0.052071152868495875,0.11245635946843915,0.09858139459827356,0.06868755744063448,0.1559157382456408,0.04006300589964535
0.06363949508810313,0.299192594724543,0.04543615384631501,0.38480650722026405,0.10525669627017104,-0.013533758173234052,0.1318001508374462,0.05737531526418403,0.07619107828317984,0.15502202932275352,0.04862842513898022
0.03114374845299289,0.3319845860967385,0.05870561604744373,0.3877499747288634,0.11821119444804638,0.03024963409520887,0.1405125778906508,0.09605611986832399,0.0909629902559731,0.17102708597423427,0.06706116702986786
0.05001677785506235,0.3088526909736999,0.07099929850172489,0.39444633472505153,0.1507603433086701,0.0704256338405787,0.18958609015060007,0.12931020027525703,0.10793872222877746,0.11821732280594997,0.06397004733295748
0.05913521572665535,0.282171182530274,0.09240358087959404,0.3890516800377212,0.09117520256110144,0.06120355332775241,0.14605434467725678,0.13994711562297263,0.11259956519556319,0.12752721446297968,0.08935080923216569
0.052466391854652565,0.3526593712790556,0.09932345361363218,0.3919102131980332,0.10697424375958957,0.018652564127326975,0.1214380816791911,0.13044919320099127,0.12645799516702322,0.12216626508189031,0.08489613921776894
0.09713639340444241,0.3064123935276494,0.09712961526722756,0.37718105317531014,0.10509903361797322,0.030116836195319796,0.07241161233828851,0.14968590395531572,0.06816439629483392,0.1384985373810209,0.0887126365964041
0.07128644881993511,0.3021844571039826,0.1080613973719704,0.2824358265052499,0.1420395530595963,0.03754981113535412,0.13280779215535318,0.1662286063590338,0.0702096232924225,0.08664788361468084,0.06685404640763024
0.09128081401876838,0.2679796420265448,0.0873900370622281,0.3070068437223329,0.10550109089148674,0.007098709466121018,0.09315711857904567,0.16718344315558675,0.0793549052749859,0.10831089571604706,0.08593409825907
0.11720203649336022,0.30137709954087066,0.07330182246224115,0.35749266788691947,0.08425060985734353,0.03816103383315301,0.08627878396301841,0.1411973255760223,0.09523558093736939,0.13730092576253838,0.0859081953719121
0.08544937436276141,0.3250888320693314,0.07176705906145098,0.3750128639491934,0.10827530758422814,0.025326565658755983,0.11123339899791335,0.17013317271435408,0.08801308975446025,0.10909266244106966,0.10113190024342206
0.03711659990971208,0.36433561541709647,0.03444439096362288,0.31226517307083784,0.10838171463994736,0.06380004830468347,0.09052033712834778,0.1396298113884972,0.09767020448759878,0.1456922674285669,0.11518915991735104
0.030284281061140197,0.33143510781454183,0.06503904416016723,0.3420064654304141,0.0592249431816557,0.07504898495791684,0.12847935387090012,0.10670447669601055,0.06134206469226168,0.07429359741810383,0.10828148810741806
0.06438150964024991,0.3492044898502671,0.11136454895140857,0.37233281830693915,0.09458870878309855,0.005358848099233118,0.14290480404319136,0.13077806256226718,0.04565382544997081,0.12598311206859797,0.09818845954132119
0.021267018992671336,0.3588863692498577,0.09062485450316247,0.2382865898527522,0.04784739695936711,0.03993625830130084,0.148454582865507,0.15137982221505472,0.10191652339253016,0.07407720243806559,0.04187646816315232
0.050278852475414575,0.2753290741976046,0.002399660829732162,0.2868624418037933,0.09109682610174052,0.06936568490171777,0.1396245556073555,0.0986963608692736,0.07594900900585622,0.09253842220781638,0.06649196687500326
0.0876974456181137,0.26182223980323166,0.04556644233851657,0.27777800914373896,0.09737815398596755,-0.004002530405215587,0.1412824603924181,0.12674634370212215,0.08460438295419109,0.056775144763040804,0.081652874515215
0.06232629822909874,0.30797762611270507,0.07322410681919547,0.2802336668601911,0.10800133484232557,0.041116579950135825,0.08856251925700663,0.12633998944455377,0.09500322852050816,0.11744776106246717,0.04395490376317186
0.04740968721213592,0.26929606641168835,0.007000749458353238,0.34130041873032924,0.14498753789820656,0.054862922550564325,0.09343284384175556,0.11418719040964594,0.10891671154535523,0.1332889176549159,0.0693607871207681
0.09667615347941785,0.287978919189323,0.06395095631812024,0.35261318026632515,0.16058858626538652,0.0648483457202478,0.11467005730770316,0.1598969532662679,0.11268082941371287,0.12450772984580967,0.06209723813785483
0.07502303354522968,0.29978020787264714,0.05931453765999422,0.34312070904276887,0.10842960165000284,0.040910808986254314,-1.6053486425007597e-06,0.1668205356492063,0.1085932452781622,0.11409271573884276,0.04965123509273774
0.042602894916172945,0.3010861027254454,0.07892285240660334,0.3386623578169854,0.1094914618213888,0.05225298695036902,0.05111900806539153,0.14434239666235288,0.05181678452377104,0.15113316045449218,0.062368180630923156
0.07605734395149244,0.28926930440577403,0.08057142195356201,0.23675539615652857,0.09415009838012754,-0.009279428636921301,0.10678650394406286,0.14883412382083794,0.11054205423259975,0.17205267785783804,0.05214388912973964
0.09004280733524742,0.27540039068917516,0.0736319498817519,0.2735024818863022,0.061770761734847274,0.013117648007343097,0.1669503493429118,0.12924052622864668,0.10439855890048917,0.1036794054585569,0.06223185249439135
0.07560344253603851,0.31012642180838557,0.044258045408702255,0.30632866778155293,0.10977981514807923,0.03875389867565379,0.13555166367343757,0.1364918091369216,0.11934727175857843,0.10601811017223575,0.0849807356486024
0.01625482892547497,0.32647463200916,0.04043331720152273,0.3101791166315893,0.14507922349118763,0.05125820989654131,0.13673008952484872,0.17841210265634455,0.11374578180685499,0.09755710076793084,0.01073467809343805
0.04143198730476145,0.24845334965736984,0.06288044205728227,0.31693536540421036,0.14603540927182507,0.058621867277759754,0.06808813200236054,0.15247635844061452,0.10909854373380685,0.12965282438902467,0.04191332831515314
0.07278993557498127,0.2992765742346461,0.06620456981496789,0.3247674215681375,0.08583975322286841,0.062433193488284744,0.10593038750143155,0.12753044198740862,0.05552102799076519,0.12184722580236346,0.04031035529612465
0.09306896345035075,0.3123011249856442,0.07995731789627686,0.32532779440840354,0.10398855118794939,0.035618357850279614,0.11482331963661724,0.1231724300043766,0.07448740759065506,0.13740340334738338,0.0782794161960096
0.08410726348741464,0.30613651668866804,0.021681385634823393,0.3540550787523736,0.08010639376098863,0.021631020623835432,0.16355837767047732,0.12324979345003392,0.09049291874526973,0.14627759068553683,0.1363310747400464
0.03368405659439761,0.3262699617460949,0.052472729029864815,0.28691691300053124,0.09957638375606992,0.03463036539293852,0.11760406471927416,0.12973409917305964,0.10235008787023223,0.10759852072509145,-0.020635313965939234
0.06112112166973632,0.2702683658838928,0.030179291509513158,0.2821516882682522,0.10738289570717156,0.034900958648559084,0.13011676420071724,0.13960627167787804,0.10447992489935598,0.12982064870263463,0.03373738537702638
0.07352613868971225,0.2507036314975993,0.047665821108485565,0.3253274759992723,0.08293710127441561,0.03981670269929931,0.14025304423155094,0.10270171944914867,0.0697509716414937,0.08761914971961658,0.04627886278366121
0.08899090919439971,0.2970583149151966,0.04932995999820761,0.2675027353210504,0.07433379895956665,0.06261844029214048,0.13038833655930823,0.12516312118822223,0.028841540013371438,0.11500615049988736,0.05089076507442071
0.06793591500293661,0.33789224715855937,0.05739723527374857,0.30644367486918456,0.10882798223885341,0.035262422759052336,0.14116373757798883,0.10918245067744015,0.0445411963756466,0.12210326284747398,0.07255900143562055
0.043999957495075806,0.34111733439743297,0.04627005328013813,0.21590555425089558,0.11957286093184852,0.08084237478978475,0.16412088406911898,0.13184898029751596,0.09219167015449065,0.13476269046339845,0.057735611146375335
0.06747627633605334,0.3505981525230364,0.037046452462706776,0.3058712833993131,0.07910499306540623,0.08028944112973525,0.08828830709116856,0.1493024054966791,0.11325630516302715,0.11684271168179736,0.051969995177914334
0.07524115186163982,0.27197523789143424,0.06219918111925665,0.339127759378421,0.06649296443530632,0.014558975190630784,0.10188938458940597,0.15862298690839005,0.09469426072503279,0.13750079248728597,0.08723031993140855
0.03699202053003822,0.2909377789189508,0.0017959374219551935,0.14306117155263484,0.09585103175133439,0.06299925268883026,0.13624449627884633,0.14557665882672854,0.09678719581025054,0.06872192618809111,0.07045912862423438
0.05003087339374575,0.25720536282723316,0.020238753370749322,0.21625264512191233,0.07519683470051894,0.028990427221444733,0.1750210879772771,0.06492083434819874,0.10472413477526285,0.08059186665008235,0.08265700884545954
0.07866015912918842,0.2415274989954463,0.026211154956471666,0.22251190371746649,0.08550623760084432,0.03527989129784642,0.09284609316193451,0.10930663094317808,0.09157811311330875,0.11306408231242379,0.09901357457696704
0.07141693071741488,0.2698188763510955,-0.03462139764878032,0.2804493688596822,0.09859537405575666,0.04004304865224578,0.14848053264339361,0.14321609304962407,0.01287332808011038,0.12181105046943555,0.1285054145387948
0.0647597557137696,0.2924199511804765,-0.009417360834024082,0.29419657262571763,0.10231956539180057,0.04236368861173264,0.15296638763530873,0.07773199944553147,0.03762050956988577,0.08543142265342182,0.05033924809621469
0.1011365821607747,0.28640330464188135,0.02341599978975043,0.20822880918440803,0.18370242960664923,0.06232356690743744,0.14013706406665888,0.10589077476445932,0.06619049510624647,0.1024458817031913,0.05839634490033877
0.14027626750451427,0.2466633660205956,0.015242414174288146,0.24468073848215738,0.031933425437753446,0.08434889315539426,0.07882069657606147,0.12347522243320497,0.06257144622593247,0.1096553941968113,0.06970783915489259
0.10650136973827985,0.19862194889604817,0.04953985422016241,0.26992976477142655,0.0839297510725571,0.0722269498701415,0.13597504765430002,0.1379083619748402,0.06278504266569057,0.07306623883895819,0.08543893574495116
0.13573781955989084,0.2510661417168074,0.08057548152512625,0.3071831473026433,0.1026604628810466,0.011503344164380468,0.1399642692772018,0.05168771334064049,0.07424665060863411,0.09851793516295383,0.08941387020841846
0.13892668216707366,0.202218551167386,0.00790689307601006,0.3273602954845732,0.11675895979444875,0.05479456012896335,0.079654361700381,0.09203613019745145,0.05951196130810591,0.13209641648842643,0.07824317675184851
0.1445380220198917,0.21339016746634681,0.04310877966593613,0.29959059542115746,0.04598597110056136,0.09117147407373474,0.09323375299741624,0.13376665113896669,0.06877071796301762,0.0965554220690522,0.05167755649579833
0.1475930852551521,0.22444252140684293,0.07051316935290836,0.15912993545610052,0.003278187569505866,0.0831472418332645,0.10995650648026824,0.16227830963091935,0.09529052480347824,0.14183132816511315,0.10322616021630197
0.15525811815909688,0.2492015213942953,0.09140153838059012,0.22260454189233375,0.05957052880042796,0.08923273383418216,0.13657625058216427,0.18836599173301588,0.10623733944851303,0.07965103774296987,0.1175750665480835
0.1555553824952328,0.2062744819060624,0.08713877950608223,0.17408609197308095,0.054835112655535374,0.006773151444224706,0.09600617120427675,0.13657078168082554,0.045082364201363315,0.10586494568515217,0.10995178498113346
0.158980651307279,0.22627600196355474,0.11181943131287872,0.2566765418469168,0.13102453407221484,0.04040547510868868,0.11782257754049844,0.14960341132276667,0.06432414645930153,0.07622522001007355,0.06810258829310102
0.17661301387698108,0.226692156027073,0.11669286488961023,0.20215932248246468,0.13833040814155237,0.012086372679800578,0.03816876149263034,0.17195056848623266,0.06668579448043446,0.10840753451346491,0.06984525545332568
0.15559918809360623,0.26169004285858544,0.05901523164023165,0.20459747837836872,0.09135859543513715,-0.0285325502768552,0.055849346097082114,0.11663907003498106,0.018526241308198813,0.09919267992573619,0.055326155273601546
0.16584861930162392,0.24973079565480186,0.07991031862622752,0.25347932539109974,0.048655152795793806,0.03993374265748847,0.0754695985814836,0.1671599442988751,0.01966089006977944,0.10060184044280918,0.06736229145504193
0.1798688470655737,0.2641009515439695,0.1008620764856882,0.24092657566407089,0.0302525707349202,-0.013724247733436204,0.11189729419715075,0.10113064620589045,0.056487504758700235,0.11371257253382284,0.0842170611386633
0.19373630703670217,0.27593838827126593,0.1255986043709828,0.34617053792172703,0.04426114690613074,0.043740606921512354,0.11986222373774988,0.1289839824699555,0.07353151469556579,0.10252086815388256,0.06190338993111924
0.1330887428799205,0.22608012430658647,0.08974360064022019,0.25856478898584456,0.0873437716879478,0.006573991735679403,0.12329041400479664,0.08455588153915752,0.10314785568488098,0.13813894714590774,0.009224450871327889
0.12499987279397948,0.24318945146148538,0.0845358281082787,0.2829433029645242,0.056893555133367774,0.010573005800229608,0.1265744365625726,0.1371917762676516,0.09844878144825608,0.05030501658829831,0.029182341837024027
0.10547471213642207,0.20518674929583153,0.0672725219861236,0.31409310928027634,0.031551460361285436,0.011331378674859212,0.11379024033749865,0.15055783534466993,-0.013709911428308788,0.09251008693154902,-0.006180526664624301
0.1208909885616314,0.23118318714513159,0.06272875207646278,0.15324331987477496,0.0531963216489891,-0.0005604232696083064,0.13046834841536503,0.11140787375928894,0.04701993444020782,0.10817546141067017,-0.017063497603931537
0.1251101128549712,0.23104722107154654,0.06660170400736129,0.11515014129200651,0.0399404435778926,0.031623839916391186,0.15576334769605088,0.11684680448285899,0.07241138511792733,0.132672226988537,-0.005516131855448532
0.10436912921266471,0.2520917624377426,0.06921216903676843,0.13094829380859685,0.06185633997515506,0.06402469431041216,0.156587590405247,0.16128370148762022,0.13193459312570677,0.06594437499888262,0.03249053956645903
0.13529888619699296,0.25991498700561655,0.08890762365867604,0.13521145233070653,0.06180287394968832,0.06500550730187869,0.17471947774056024,0.11967116905610427,0.07628593081956125,0.062265463385618794,0.025981265958484465
0.12750887345115908,0.2601333786529949,0.06612626156876629,0.12315652101881704,0.0739742467546364,0.04055335265508939,0.16949069859662277,0.1547352593719694,0.11230162831798353,0.0850378505445834,0.03593770382279917
0.1365108781439498,0.22372592133196,0.06889016107320972,0.13560474185344282,0.06392417827657301,0.02977501966715811,0.08619631578920695,0.18335766370340167,0.09124277836959448,0.08097167426477754,0.012462949138604592
0.14312315721536126,0.2559654855086533,0.07608079365327,0.11704220531076538,0.07513132467528996,0.055964425694743136,0.09166924744054936,0.15264203850155858,0.12091493881633161,0.08509641810858523,0.06286671494573152
0.1496095248889862,0.2705263167928768,0.025612125187222674,0.119139160886054,0.12398630856014589,-0.03199904035001453,0.12692141598551432,0.17100384430248922,0.1214462358339513,0.09241729546657118,0.06891867465357382
0.1292217169668318,0.22766090024221614,0.05310021301283785,0.11515540517624406,0.13659387865661038,-0.01297389431193232,0.14304153133191777,0.14748889926408795,0.1466938844159745,0.09616220878605031,0.07136119240294389
0.14901522652494648,0.2605340901529709,0.08238130939843347,0.10459551723245224,0.12793799697187655,0.007734076309307799,0.17147267336563296,0.036044768666031506,0.10595049739189705,0.01636034935355494,-0.026749189660260853
0.14569629449721466,0.255342438478379,0.07990628100317812,0.0733252112772366,0.15578164157964425,0.018858252019355124,0.16023202749937768,0.08336643638709501,0.11674867127592382,0.09242445042334067,-0.020965615730152674
0.15049639262450704,0.25272138844437325,0.087670048656594,0.07617767303862003,0.16049650473692545,0.013889023539874801,0.08044931041864123,0.09797183272567968,0.06020136905327204,0.1093797306672451,0.00046237989384178765
0.16098748957431708,0.27536291285819126,0.07038361041316611,0.06841780528198231,0.17100287339188674,0.0431667168358281,0.11101672406182833,0.12860174808519714,0.09177318471817719,0.11793272168149381,0.03655869507221649
0.13418941546970112,0.24427613903338138,0.05518355063916486,0.08352546641837319,0.10978460206550862,0.08091515337809044,0.14416890229635382,0.10096889072220666,0.09407740201413736,0.09860772262255063,0.011425661656134916
0.157572087562123,0.26677938744532453,0.05407988124350078,0.06732029947308234,0.12323428383239166,0.03576048075843205,0.13954882821303102,0.1366000347870635,0.16054475742797003,0.0653232077106215,0.029044544039496665
0.15250730134708407,0.25313677118674155,0.09557401682429485,0.05308008030968106,0.140581725699926,0.04801669958532379,0.1611899541269328,0.14944032129969748,0.1674496498741564,0.08224125277264778,0.013726133785821711
0.1491242511672376,0.2666992346052777,0.10938770274593591,0.06749641881964638,0.09576225117611681,0.06810899620109852,0.20600924949580535,0.20400474388394632,0.17376877253612655,0.11203944193227983,0.043345420700643886
0.16254558102909808,0.26456589256658003,0.05156290683056185,0.07124159883654016,0.09272624039256981,-0.005500122118972142,0.21201609146613687,0.11542321404185268,0.1615940476605258,0.11660680259742234,0.05075401940718352
0.1438051559192653,0.25007310003429545,0.07175528090215569,0.050940118161572755,0.07314977117096842,-0.007594014000533104,0.1358641397118562,0.1244873826364282,0.12364937286607439,0.06505572008747175,0.07659606786206201
0.1482835401302441,0.27068382708477196,0.09682710854088847,0.038992153876091326,0.11496545900608174,0.049985406510907736,0.15545748317515318,0.13959985180925677,0.15816343482273143,0.050657561367427766,0.04892257454354219
0.15468498672080946,0.27581395641081774,0.1013183808641949,0.10326464439622293,0.051663029468135474,0.08880989842733167,0.19817976517049318,0.061687168233510885,0.12593560087092823,0.08389096084848506,0.05425974638624834
0.17459555136547916,0.2960516359242382,0.1233703025629051,0.12856462663040924,0.012964221264452446,-0.0025655257352845,0.2139844174463997,0.13554745738083837,0.09035567494054458,0.07342093427499022,0.07477483635710994
0.1332675537408718,0.298716087697422,0.0870463297325679,0.17205182108858455,0.04714328056499845,0.031084714036455463,0.138076990387723,0.1802440692141149,0.1069829096953584,0.09797284295636614,0.09327480855385811
0.15470154099265,0.31128277457466486,0.08007995828736261,0.20375456044287826,0.06126206673835235,0.03004758220574086,0.14471466677153347,0.22540870889050552,0.12149435564282378,0.10098604666990149,0.08254857522506576
0.18411635636769474,0.3086244007753238,0.04597359068012798,0.2797053848201566,-0.0022884345171468807,0.0374286272172427,0.18597996627343077,0.20491087492575963,0.13274786045042927,0.10580507704498027,0.0898534329580667
0.16567796368164067,0.285122876452419,0.03497475311106305,0.2836991886444411,0.027199381111926192,0.0333375106583929,0.22142779648481006,0.18507096609279186,0.09059539971289055,0.05580088589602295,0.018832589243934987
0.12915764147243566,0.2500042451010519,0.08729510292784166,0.31030558999864877,0.010427187675393397,0.05013489280377906,0.15379501556497863,0.1333989567353087,0.11103383032385246,0.012083609794889337,0.020725162673136607
0.1121432250472725,0.26722542966647855,0.11530535925688909,0.3530140236227898,-0.040257616658795826,0.06505446924911928,0.14948455730417606,0.11625243033252772,0.10410206568629214,0.07558955219581455,0.012043096194242618
0.11706053824158011,0.28322143105266756,0.09105677152156255,0.3750644743555966,0.011861487102796286,0.08942445731420147,0.16462001301022272,0.15893990205651803,0.12732565409113128,0.08641127497787549,0.004173324405046752
0.07007050074250551,0.3011388424262672,0.12000365979276584,0.466020145465464,0.05697999539842362,0.024659794124481167,0.21574474992533,0.1757485296608946,0.1027138696347835,0.019937444687894604,0.02105632678383693
0.06522949465831882,0.3006914325061873,0.13152828300176822,0.4220213078880892,0.07411150916238261,-0.029679879089816286,0.25246842482941007,0.1597504839562567,0.13250381822783988,0.008658252353831589,0.07843355776916866
0.07310544811704535,0.2942106546365156,0.11617875431297169,0.42901443209576795,0.08781708642614125,-0.019524978941240462,0.23102085796746027,0.1002538376697719,0.1413702032720422,0.04156855657897322,0.09593516946478112
0.09497592101381916,0.3017876574007814,0.12125881264151817,0.4506931440760879,0.023147692997334504,0.01627837590532738,0.2626024671814042,0.15364089313902082,0.14562781305213246,0.03910239108718946,0.0684181680504383
0.0809766793073809,0.3067247715064737,0.1295744780348465,0.46464125513350363,0.048833409800740725,-0.0427674535460668,0.24411555145675737,0.11766311853228875,0.1111331810302643,0.06751965739896777,0.007403594225622063
0.08989123340708206,0.30524452719523176,0.1247729566211593,0.4646512343640552,0.07627433461122315,0.02177794778235529,0.13493765682507133,0.17928265842522695,0.02534325282281412,0.06079259478436348,0.013005662722883662
0.07020394677770894,0.2923879881832699,0.1306471168774047,0.48153230917025913,0.02168209260887762,0.016136487058415198,0.1480784886147783,0.16898559255576143,0.06424253239875466,0.08927054392914406,0.03797501087236437
0.052219348377750746,0.2795710252951095,0.13196967554077038,0.4967996276526489,0.022204914315214083,0.026140337735112693,0.19023041167083865,0.12793542273824476,0.07281245526681035,0.014443867050441655,0.025127020831667443
0.06896677663889632,0.2739738059133129,0.12201406779386735,0.5105890866544984,0.014563035676912599,0.05373426301563421,0.22866476958661575,0.07938700967783617,0.09250885234696228,0.028928044213519917,0.004967309939363084
0.05621988790966471,0.2772581491718117,0.12356864549715063,0.5422734539441139,0.02634091156705065,0.0487246477247532,0.26709550281496464,0.1413666343854435,0.11876623569571015,0.011051772450938295,0.038977924104885535
0.03994550472426355,0.290463334827238,0.1307506249907394,0.5108372533961781,0.07125840786674065,0.11563630652136028,0.23059696000589067,0.1703862206305588,0.11471488712622308,0.030850904368732408,0.041159217025729826
0.0358208444885522,0.2636525973106812,0.09865279517757213,0.46675993148626793,0.03167982523158966,0.00688160078621219,0.1878842273375639,0.12374258455144266,0.10703362199145108,-0.002103922845234902,0.042672905334379924
0.0014800221503174428,0.2641867161629816,0.09412073899381672,0.48944998608337625,0.07789154554159224,0.029561788506206915,0.20621220572921173,0.16530168065325407,0.06846332015279949,-0.018811162139244723,-0.04773184596936442
0.002624724803749473,0.243321883167818,0.09508076262564591,0.4746795053092557,0.08972889674470974,0.03549164887494183,0.1992684892593324,0.1177292342163256,0.08048262654789659,0.04648951537093126,-0.0031987924883599764
0.022816729457104366,0.26090516289124044,0.09857366824111935,0.4634077311384089,0.11156373550785485,-0.07780167957633381,0.22861267404908547,-0.04147350929044787,0.08943426822257171,0.05415209649656933,-0.005256468851015017
0.014774373083015664,0.2700262686555674,0.11004132025098945,0.45744705662937674,0.0716322274250335,-0.008202354697645433,0.22889847212045913,0.044208278691683395,0.12551603910448872,0.06312526639237784,0.03214088947013341
0.03911594826244945,0.2731138565060144,0.07407829054699666,0.4316082176904931,0.12895147062420892,-0.04549704574054116,0.15060959306598595,0.10226065182298913,0.13086240736740828,0.0143114214866174,0.0509527317616745
0.03564859100451738,0.2089763433055042,0.08320125315849856,0.4459949847383096,0.09598575754192071,-0.0006361026988326544,0.18659061463385443,0.09819725629423808,0.15257947870149663,0.01971364582632865,0.022072435469314942
0.020594185181896114,0.23434529940244594,0.0955536408689901,0.438062836587102,0.021006448348593807,0.04920976343158713,0.20318457812170815,0.06827177732952204,0.11733569796713832,0.04828815743307626,-0.0030834626146963966
-0.01498967856350817,0.212815817986734,0.08500361422513875,0.4544041222966617,0.0073292746647259325,0.004856430531193155,0.23550300133414648,0.08900593417765643,0.0755448565480405,0.03031513357199628,0.011752453570319368
-0.00313309593866055,0.2224071572946195,0.0910632435460465,0.42559092112937624,0.02172861449247363,-0.04390456573885886,0.08968451233093049,0.08142136266019143,0.08791397318922241,-0.02117679324589963,0.02364967997735548
0.004169424797108001,0.2341540104911066,0.11762414269971869,0.35690611773050473,0.030494242825620358,-0.008883336332062739,0.1438074198777028,0.11605441476152352,0.10390152645888083,-0.007528550654622147,0.038131561099754
0.005242258925986287,0.18294451529120126,0.11330332278652808,0.3919542244690244,0.0840350729611575,0.0659466259510152,0.170425004237589,0.12904240124889607,0.11930552235825118,0.0188538185735277,0.03494824699448587
0.001362864786157751,0.18607055414701518,0.12683630111132677,0.4248633025938976,0.09361766263251156,-0.008168192977420798,0.21209422290111735,0.14599841813623082,0.1020693223518565,2.492548755441662e-05,0.033332205814337296
0.027163914733303665,0.1806297577768508,0.13281705242876457,0.43127927526524323,0.1384539926476925,0.029636828160356378,0.15323069033408646,0.08880576046913176,0.05427456706982337,-0.06609274030099489,0.01895045010157325
0.03309253709069569,0.12902930864477083,0.17048737387139062,0.28245440926827375,0.13412876043713368,-0.0025827522456870295,0.1815600212476174,0.09977134192053327,0.04826087552277323,-0.027088976154894612,0.07734281628099571
0.04202309856279113,0.14844278902417873,0.1754588816699383,0.3372159883432786,0.10260279183565925,0.011924948585091613,0.14330380557714661,0.11346966034927355,0.02926601696942331,-0.004583198078594376,0.04470627187523679
0.042156590054072546,0.17161691359269865,0.1856384880023443,0.3414547859211606,0.065165025156118,0.015108351054103918,0.16406884939846877,0.04000339625500866,0.06451382077504683,0.051785218597917994,0.04617947638635479
0.05419963142701089,0.14056411737493377,0.18737826790542833,0.3415788565080863,0.07436781555656125,0.03725952457407744,0.21621089149563072,0.06774875043746058,0.06976683884125265,-0.017583440018658657,0.041340409486346534
0.026977734308407202,0.1531441129004749,0.16905495458636688,0.31722079198078673,0.11188542813832161,-0.08798523679045248,0.16897144135374778,0.059680086586376344,0.00875433437341061,0.03393402710812789,0.030628914097637138
0.04476466965547326,0.16360384290930327,0.19329270080361186,0.34434603060862606,0.05609244204361978,-0.05635769155285984,0.07877051829931078,0.026592922104766645,0.02740671503054909,0.04387674682602844,0.021448381799993057
0.040176126445085523,0.18173962941222005,0.20360247220416824,0.3432549984905003,0.07835388024878628,-0.011289191531016825,0.13694063091719394,0.09654690709372463,0.042500011898924425,0.00938808058853396,0.02932410889717639
0.024055794530052445,0.19301589149531734,0.20769990932408428,0.3467149343369856,0.11675191793501592,-0.07469294221578236,0.1494585972388141,0.10867390956249479,0.08085222603512314,0.052979981242187946,0.060267986458088785
0.04184749139623617,0.18600523146981063,0.21910448191217102,0.3506463633019393,0.11975460450835071,-0.015655545589737932,0.1755697323310889,0.07704087746547027,0.10045433704909704,0.10949417613339579,0.07334193868530946
0.03514120109753616,0.19044400942219286,0.2200077581569181,0.3781119311261074,0.1209918300537638,-0.006237442363568565,0.16296665459665072,0.10304268793796648,0.043246009948959475,0.10371840570638215,0.013861991224346552
0.007576539328688327,0.1999619800794274,0.22071574290682644,0.33655883693118627,0.07068506065326333,0.0141165491062053,0.056926595376642346,0.11668978972596676,0.043633977859960316,0.02122602293510575,0.03968246268691637
0.0072108557667500016,0.20734138718428274,0.17435865227305988,0.35460961208787667,0.09776409744874504,0.021638903955058977,0.11514994994211211,0.07775192697578409,0.06968011443768336,0.04721240408639183,0.045108664885934735
0.007642073730556099,0.19092516470678753,0.192713742619245,0.37932881566334165,0.0960977456337231,0.011739215208211801,0.12636220397962666,-0.04707725471422694,0.01004614917237895,0.055443818132209235,0.05496437157082487
0.0025999599915245974,0.19524221749277973,0.20139662563854244,0.36347116217976666,0.10329062358876975,0.019340528631128968,0.1703958425157737,-0.019205898252279467,0.058898107380997856,0.05943697789207698,0.06824781489669135
0.0017600911363102668,0.19452324332041096,0.21328160903428134,0.37664783416423686,0.12233093808624713,-0.040665484310095736,0.1887263863381809,0.026234150366837964,0.07915951330352819,0.018285839058439817,0.07061314491633966
-0.035573692027711594,0.20959378012654228,0.20764446488899022,0.41387949543248836,0.15989015650236618,-0.011719865964880997,0.13411714962240734,0.08725994671022703,0.03995341332386088,0.014945946466393103,0.07659318139665423
-0.011531139885292065,0.21977785534982971,0.21944156170950102,0.34682064672075885,0.16427583504503235,-0.019560702577783185,0.15890132813115745,0.10125282003832561,0.034558635834162306,0.025574175707248445,0.0788938229694035
-0.005805005316138979,0.21741900001621917,0.20568409064862303,0.3328531257576394,0.09421976060715231,-0.04271973657973716,0.20343139344694344,0.10316838726357197,0.07917168704346272,0.050976872625297195,-0.045068400548155474
-0.0162661214690688,0.21185859142960967,0.16392419030683347,0.37207468013612355,0.07501884877651602,-0.03585085561031493,0.19798040191344438,0.1250917082277447,0.08708478862897814,0.042778144433600375,-0.011011864242688144
-0.016894737194185126,0.21092414356462566,0.1723123258722037,0.39252368339649,0.10936229586751053,-0.001786205874409301,0.20624906176426155,0.04060013335952825,0.07624056842368797,0.05125420755735426,-0.005095259375366372
-0.01836637472777524,0.2037117235789549,0.17167738011499917,0.33715118401060085,0.1305936944483811,-0.01241181972053771,0.14580378094652072,-0.029902198433034315,0.07921415297785872,0.010354537153569631,0.04984434119754568
-0.010014377464368902,0.2154399791620638,0.18994124564109088,0.3534358703753211,0.12123395635076348,0.021031446449689854,0.2028800728708436,0.013671744002346914,0.07081675297947118,0.039490204263595494,-0.038040159718974516
-0.009533715102978485,0.21651632839945725,0.15642671859808258,0.27578123189276876,0.02478034036929826,0.04279694609670225,0.10906189438382073,0.03383200852353703,0.014830560817974644,0.07914637621703417,0.034871409050102845
-0.004197779531734036,0.22564241364107793,0.17119826392935988,0.26420638482614267,0.06486089007600969,-0.012501400779872263,0.12860298876448406,0.04040133639842837,0.058718451656337836,0.09365432492912638,0.007830465362054803
-0.004067877619858733,0.21007165661889318,0.18122028132684984,0.2502564211532303,0.11654753464773301,-0.018064354394238726,0.12686571266494004,0.10092813729451114,0.06988201136408684,-0.005452316471819226,-0.01670141589975452
-0.020424513084801418,0.21810777159501213,0.19145121492593284,0.2958158604740051,0.1894456185038717,0.019885442799677674,0.16135245671848528,0.09669234808396847,0.040364116444273755,0.02270357602047928,-0.007628131677305937
-0.015634319141660573,0.22727485334435976,0.1830454180785136,0.2905733259891821,0.14234951970044707,-0.0031436357705862017,0.17947456803974582,0.13373759199656066,0.04510012622215287,0.05347916263964787,0.013421108118321486
-0.005003551152276476,0.21845378688207334,0.1504337081840846,0.2897381841293156,0.10599406041466136,0.025313600601607127,0.1667502906307407,0.17112054146688827,0.054029805689971525,0.062242608379570435,-0.06650793806189452
0.0072395757897905045,0.24751619848010908,0.17563878563701815,0.2567112765857089,0.14373313486146225,0.026209903371617,0.15013415657847326,0.13727612723808627,0.06910647157465542,0.07441560780472206,-0.016616306814536543
0.005450145525665603,0.2532453296132018,0.16550651042528156,0.29766021739604287,0.13799009983765245,0.029216353630448787,0.18049018344825357,0.011648064641913399,0.057065283624546326,0.04614054736898062,0.006733723952626336
0.007865362632393761,0.263393836904897,0.16928461582556148,0.1378154751587691,0.13861512079737512,0.03027006724947158,0.2585123800734599,0.09396078625454006,0.0842271521218477,0.07363428308638971,0.05583233269525369
0.015162971628782263,0.23427974103311072,0.11479841046403498,0.25876284673908495,0.05045080135240437,0.04483775500022699,0.23246439125939877,0.08993868697518927,0.08856299750661839,0.09008536493845659,0.006247974852276298
0.023945293060111193,0.18261410742644602,0.12669216510793624,0.3034594355756354,0.08437917301849271,0.033599575651281834,0.20869824469482545,0.10652330493147835,0.08632255393484885,0.024888095111224508,-0.045859594824610134
0.010113198206815522,0.2229420995986629,0.1398374702785407,0.29663557538680363,0.07797818074542927,0.06164927814338714,0.2560856022693977,0.12127043867362121,-0.0063075653483611405,0.053653686052371294,-0.002977776123071981
0.026167795708405706,0.23393030829552613,0.11345611555939458,0.2602810346752919,0.12618219340138254,0.0897539326279169,0.207085279547794,0.15642729792381205,0.07927427736602244,0.07840758932643356,-0.002329092205093311
0.03257163744080986,0.2217350162726074,0.12486954378684857,0.20932045206256134,0.10352740542512344,0.09295872671629957,0.16313459206480369,0.13887808717555591,-0.04557494093198831,0.03790190280902456,-0.012137322944655088
0.0730999510206493,0.2436588438088223,0.1393012506269705,0.20552790910619217,0.0624905199374583,0.05125538818178222,0.1852245071563013,0.054940988226066294,0.007495475347185886,0.05746405861854597,0.02661774381629158
0.07326620297382974,0.19128991694286632,0.14645278435892348,0.24665485325363445,0.12147436916122921,0.07314177206191814,0.1738664036923395,0.06462294513637692,0.03734650869403244,0.06784849238142027,-0.018909736450542253
0.07515022824750878,0.20276278794745717,0.10177997851507871,0.27846790828324314,0.12335448988115849,0.08188739854333615,0.23498989430827538,0.07303104782147343,0.07195025432373806,0.03556184628822845,0.038566678890388284
0.07353849538860294,0.2101755496019249,0.09774991256340153,0.24424881517464075,0.048719562351645894,0.0837668591445404,0.14812006276312706,0.08986867880545898,-0.0176507591335028,0.015809669957864616,0.025524770389384575
0.07745448046053016,0.2194989582496675,0.12284833636655887,0.1381425150470424,0.1409254276989604,-0.07570100349787172,0.16010240573474965,0.013127068007835021,-0.022541380231838926,0.02694785210184622,0.036749910600284236
0.05862715401893664,0.22527226467337652,0.15318714836701725,0.18505867306175486,0.10868733351687096,0.032877792878080535,0.14855998685340163,0.030779968028552724,0.05572389465359675,0.011451833077518993,0.05463115987547632
0.06005291804862252,0.18758210983792925,0.17595526950181212,0.2260225157586217,0.09363973871852693,0.058956810723020364,0.1560276571113688,0.0570646714873344,-0.007733792477022615,0.027963876659203385,-0.021491526732653612
0.05806156124262163,0.1835455585041713,0.12987547467782612,0.14016842089715983,-0.01535015723051519,-0.07911075267786932,0.18703560002789138,0.04416029184477897,0.05052968449459734,0.06807888414629433,0.007266913787534966
0.07175027687232817,0.1985651678519699,0.12322563534888191,0.21469128440674656,0.0009259969508547163,-0.02804737438570985,0.22880017738991348,0.10721951068019558,0.04119208446440762,0.0574195785187447,0.009583716193748221
0.03821577306252868,0.20744390313298344,0.11411875271546125,0.19253939659317013,0.059305563370561434,-0.010555332941781546,0.19637343683902092,0.09437644565324978,0.0471941492120664,0.06723415189685952,-0.030273232598245926
0.05547942628183776,0.2133941777027126,0.12233182870603695,0.2509449398949154,0.08883800521238383,-0.009281480146078677,0.23609347211058465,0.11877875563352178,-0.07099634003135778,0.002967938156844683,0.041045077656543014
0.03369332070105928,0.21765736209984082,0.1230986320732787,0.30107248618734106,0.09410229514991264,-0.021736947759576557,0.22223981465054782,0.07090179548438905,-0.0069228103246766655,0.005308213541236978,0.0704543333244021
0.04553471035860539,0.21299541643006373,0.13073266409651685,0.18999024558118985,0.12401014440451734,0.054294778967980704,0.1975796737891936,0.07982408285039044,0.011193488987126639,0.04188109393531457,0.019745193943985287
0.04491160517944152,0.21464378635710535,0.13664266557763655,0.18251809947744935,0.09445950668490274,0.023328179934375776,0.20234426004264355,0.05878510500200073,0.017814527353361212,0.024114988169200408,-0.017299673187278434
0.06366303078938658,0.19548321945822766,0.11281443418232953,0.25000801297201347,-0.006712109369268634,0.010718915436913284,0.21375088723610924,0.15148874290979547,-0.01223663529398193,0.025771648575030524,0.03937759769354442
0.030313928147182385,0.1879266533346763,0.106568565827568,0.2581124339155442,0.03918419818978383,-0.021653533537635522,0.19509095938183427,0.15339634129562835,-0.002645616947594455,0.08832706315164364,0.08731573672320875
0.018230459992404593,0.19613410292324673,0.11047721252172157,0.26286158415937133,0.05968165687613667,0.029843263294768323,0.235070498814818,0.05015590171650631,0.011004254675874316,0.058708305178134204,-0.0541092503371127
0.035448733022335185,0.19849325716842617,0.12394262741764371,0.24236377019077684,0.10657863337889359,-0.0006040667229965434,0.2509082651713364,0.0636089952848343,-0.05670206968975627,0.06347461820519285,-0.047209004795486204
0.03610697155686459,0.19481245396400826,0.13996965643697146,0.15420631520726236,0.10723209255355395,0.024155190515705784,0.17564213879608265,0.051072310958227944,0.019399345725799096,0.06965911957927853,0.005997682668634787
0.047533866471673195,0.16203725826029694,0.14873172689348024,0.09525328962409711,0.0701632098748053,-0.0061634429753032625,0.22537993518609592,0.0734429047452913,0.044514140908561366,0.072621473559588,0.010579928409234714
0.05480667367932115,0.1699377297289158,0.1489537197822316,0.1380950712065595,0.08359582010278813,-0.009216311522430503,0.2060370308287267,0.09124614993263402,0.07034900674794028,0.016586876587418208,0.027054397879609067
0.04395840553156564,0.15672587198429327,0.15160807372535456,0.1602455189520557,0.09165911164369056,-0.0017396009207914882,0.18152354910088692,0.1420535880275549,0.017128483328263187,0.03324801473159193,0.029419615017753555
0.014339055685651914,0.10737674284363351,0.0892079257854827,0.12061963164519249,0.07270038806266069,-0.005465692649389076,0.13736947571995634,0.07810376449326868,0.08744470231265995,0.044342743892357525,0.0027022351429512198
0.020684275161250675,0.09468728982651366,0.09636153293931768,0.17253511061156687,0.039265649961369414,0.03949476191905656,0.1358040525145927,0.12209071415845804,0.02284838219857292,-0.007161558379457838,-0.004446943573392699
0.03759826874184624,0.09702944768491682,0.11386701963155971,0.2110357232882994,0.0653029922031189,-0.023617540201141814,0.12481443352868432,0.06359040159047222,0.04093493105996973,0.015547872444296007,0.008288509339597959
0.04765332118373672,0.10656396974807336,0.14451092888769138,0.222889933320422,0.0684270384126659,-0.008170992311284998,0.17081135153436183,0.056732633060489306,0.049449988294633845,0.032259542880062365,0.033886522972173976
0.05727412331582649,0.04809972748568251,0.15163273454309223,0.23735182783038622,0.09837342590306802,0.009638805276414357,0.22316822714058362,0.060005730885031916,0.05110291843873511,0.040259853823169926,0.043904965557744174
0.06015870292035104,0.03534627319021848,0.13284609047927523,0.2404192872406171,0.10228011271887483,0.04546025220561768,0.19542591185419483,0.0904282689003466,0.034822273334250205,0.07621603822486957,-0.005489018791564277
0.031669081534342336,0.04301365397002562,0.1371881876643218,0.1958149907680387,0.12925357908825819,0.06841262477344226,0.2116831366467845,0.1323815249520405,0.03936806837097412,-0.0037785657694616964,0.0005971127695660254
0.038977304922392014,0.05268616688311903,0.14541613834556394,0.2378153472715904,0.03810368370266761,0.005518937195600086,0.15675746660121379,0.022586918601447074,0.031080073663755692,0.017863071752029565,0.0005835423856348434
0.05219890286945691,0.02917119248272977,0.15013955554439862,0.19033916786686256,0.07692195448656713,-0.0287143555690789,0.12396994183166751,0.08112021531096945,0.001116313702888155,0.04960263466821817,0.04358028747947989
0.036910005355082924,0.0340599259004007,0.163331923876807,0.2202024540925126,0.05453808640569045,0.0007299634926411277,0.15662827955693054,0.07917957702023902,0.009746982600585583,0.023552802112261722,0.0579729903547236
0.05238064746982388,0.04276426962529767,0.16421907402999308,0.2523636516965081,0.06042850877791567,0.032688470940887726,0.20115063307103873,0.0853280757050364,0.010669563573370355,0.019118250128948605,0.07509927554314816
0.07119816046262999,0.02977362447768573,0.17372371245733081,0.20523157177551085,0.07188143524165475,-0.012617002645578374,0.0995274585226333,0.08875327553194923,0.01782880539149298,-0.015064590071747526,-0.004036041120883625
0.07388375839615943,0.00047646550817456306,0.18806154717258894,0.10339606792782766,0.030412830152953894,0.06024034781110408,0.13899459919150126,0.09294758983457191,-0.03157263497749006,0.02418241994337165,0.03955013844293651
0.03036585270318246,-0.014832201269562051,0.18804598871384445,0.19962922833079516,-0.021964565779229554,0.031302547509863686,0.13692747701252603,0.11285008232229334,0.015727010554413723,-0.018573837340740636,0.04452099147802056
0.03661170846778253,-0.008607789045947126,0.14811851424798284,0.29577181639023864,0.027983609490695265,0.022254015033040295,0.1632883173729666,0.11901739022989805,0.08586756492634319,0.040974006215529546,-0.05346414651218891
0.01844548902705147,0.02978946942611086,0.14808081451465796,0.3237841176020022,0.054175544221314376,0.0279052611901457,0.1365953854436832,0.12012585367102116,0.006253107675689263,0.07197276292558849,-0.0020769799246337546
0.030562653504406394,0.02249624126905547,0.18488529367695805,0.29546486593676974,0.04344294220002065,0.0654427578724202,0.16443056528546435,0.07318494043846274,0.024657475173098308,0.05358549685163202,0.0020465536836759396
0.03371387589487148,0.015308778644121088,0.09716160419580312,0.31242709225458415,0.09450680094999202,0.08428999656675241,0.16921138952436693,0.08924731369770955,0.009432283214927051,0.04071631175040428,-0.014628497401302693
0.023678966618573428,-0.00957271277053935,0.11650961533173507,0.118727360249357,0.03404315276149112,0.0477153248247373,0.2172017715096792,0.10987151943470283,-0.008794397778004257,0.0056637114097971555,-0.034409392494282966
0.021247370422366234,-0.0077903523128465425,0.09092448407365732,0.16901985481597934,0.10552470712208199,0.05594865203256549,0.1596028164364765,0.15337480270497064,0.003313347108909669,-0.01578520169433879,-0.02918559455003112
0.030576574488086605,0.003326753337560843,0.08066105752191013,0.29076600728297675,0.07980110546992554,0.052515089994074955,0.1840092877886817,0.18714452826685396,0.01781164342899492,0.007933857621132736,0.01276451945129067
0.0558104019871261,-0.010243458926039001,0.11625061513467809,0.3224773350414364,0.07956440300903532,0.030600829116194377,0.20042341516329026,0.05552307276242072,0.04495013334330253,0.039817197401309734,-0.01099614821268843
-0.031276683910221405,0.007451928822179971,0.11326747537301807,0.2724564712976505,0.1010987986158502,-0.03093735937097547,0.23645842672652861,0.011871459093970253,-0.007850877994616007,0.042159917429431676,0.011475716375317817
-0.021556335776943,0.016199839644903954,0.030292656004280678,0.24432930143125994,0.12597989435280207,-0.02038232752117771,0.22276961960529323,0.04910138761891746,-0.0009653468075628592,0.06999200913132923,0.007714900538269208
0.017161823837379086,0.02930877294861678,0.05103599461792197,0.22157532726847187,0.09132809821226617,0.04284533693416044,0.2306634432241852,0.0641457558421605,-0.004339568270145233,0.08852346715636819,-0.025238761849239236
-0.04071148641542645,-0.013518792495015352,0.08818354783772053,0.24988733432762084,0.09592543442434334,0.09905273256982317,0.2384961789316208,0.08323792443268445,0.02905436651504064,0.07728228888692486,0.025497354798388244
-0.007134522917745748,0.015600656491933443,0.07280733516215482,0.22776759341971006,0.06421449060169751,0.031020070427396615,0.19836435618256348,0.12088732552191589,0.049214594780959825,0.017896101987289678,-0.05384632018784276
-0.040539869337775904,-0.009756119648588763,0.1233453499346084,0.2117846935145859,0.050633033929938245,0.006029225157962214,0.23003144218051477,0.09273486927653674,0.020337338647471597,0.03514690106785492,-0.019110324045214448
-0.018735767383040187,-0.003229212589823687,0.1437617997012801,0.21805692883845598,0.057498282516243844,0.03806173581390418,0.2117673670515503,0.0701395587161658,0.02165757750962011,0.020030092726240643,-0.0630015776667855
-0.03417258426604426,-0.04079230235189711,0.1324374449410675,0.22685791285003845,0.05696149397037266,0.04556307262997791,0.2154888545541308,0.10180660316899456,0.046495432004514746,0.03437270862898632,-0.0774645456656275
-0.01744539485266812,-0.030315326254912983,0.14396859075003063,0.14803158245849188,0.006342212592770939,0.07677353587419716,0.2747566764526638,0.03665476547924106,0.07122712782531236,0.03979838952932109,-0.01722835456480696
-0.00583567121639305,-0.009062081234563086,0.1703946442579174,0.12280476426983417,0.07983520579826751,0.09247407351100259,0.1940844623102149,0.11398831905396317,0.05289775180360522,-0.04446528457481942,0.009010656246450848
0.01857602528803223,-0.007963048051108972,0.17482704604388483,0.2087814523140189,0.03331663963584812,0.09319696228921309,0.17800009627127092,0.08050924681003174,0.017638048641501033,-0.004160461767955766,-0.04828255836719566
0.020259516190712232,-0.00481533820951595,0.11283816005885206,0.19131594060556803,0.052446307155772254,0.1043768391034477,0.19201687936661743,-0.000844428443492464,0.031850511195324394,0.029338851488875172,-0.01754648253305443
0.04002371563602621,0.02113346825625674,0.11732287682716042,0.14356285829639595,0.0075059876431883155,0.049263232110896595,0.15108233631542256,0.04674846607350909,-0.11578709317319226,-0.0232117499790336,-0.000549599728472459
0.0016563725528671374,0.02319897495709964,0.11768583844926281,0.17692809969611215,0.048508735453130475,0.078148934370493,0.19127946676826696,0.06211352314164627,-0.019416313117953728,0.020728778619820785,0.004961536195388397
0.014790354676920317,0.03915944088624762,0.13607150693478992,0.17925482831769796,0.06357391005555554,-0.0023537474468748264,0.19294376834990068,0.03781708090627334,0.03833746779947547,-0.0683030470599935,0.02618238899782866
0.03360806615614814,-0.005170780228027231,0.1002781977796692,0.16804650195263007,0.05472666902115932,0.039044600491036384,0.15053554544105477,0.11493925409495313,-0.018174797457409624,-0.02954241472883648,0.018016910206027612
0.00641423005924747,0.013396005143791204,0.06364991392750018,0.11366646297655249,0.04098490776566411,0.060896232512529735,0.18908063504619738,0.12816383623508604,-0.0018303533572605925,0.008390755761601629,-0.027655143387997228
-0.01034862597590114,0.016651996605184998,0.0958165151533148,0.13187730106868184,0.05246304144967473,0.0768774265219398,0.15074505495619475,0.03533981066427431,0.04087572922891908,0.05743481153072253,-0.012334126005459066
0.018723860070267138,0.05844638213466545,0.1537841693249714,0.16671364629540586,0.06413628480686474,0.05026817242865377,0.20195847537988298,0.08626954857545537,-0.009399736147926142,0.06640739563626712,0.0377830756377786
0.035949496408323345,0.07626585418713036,0.16360172345305724,0.20747085104031426,0.08904036104776569,0.07315537918387781,0.22129288355362842,0.08880705771367806,0.01575099450959655,0.058971648107714915,0.04549714878891506
0.06985425555396446,0.05534828083535247,0.17913274043944244,0.22906724312516763,0.08987517300703718,0.041948424664906545,0.16326643980006436,0.10347237024849848,0.031826952397094745,0.026817869796432907,0.05636931392426114
0.01592414571950505,0.07893813591039306,0.16606870379226216,0.12730477047496683,0.08135386390386214,0.0721299129038058,0.16725963794222554,0.15871493570777306,0.0017309029106719921,0.052885586143879615,-0.045776941200511144
0.046901629481362735,0.08644630077997298,0.13241509173697738,0.17531269650734396,0.0037759048392463366,0.058893282727504874,0.18868596549314343,0.0989599325155801,0.027600286187415543,0.07933781537361553,0.03627975804461396
0.042993329045564604,0.044200065893185654,0.15028788357646516,0.21699059038995105,0.012651719625932187,0.09540783544327006,0.13320839377589386,0.01797794275482563,-0.01763323495182716,0.09503566487674567,0.042030409711426714
0.032008800075624046,0.08201172352289038,0.10170647219426193,0.06530654704170374,0.07772485751730682,0.03671678857028628,0.13733454292136443,0.02283383861518664,0.003237895640211033,0.015396734113728574,0.03580168965231556
0.041446613704526215,0.13819029747231582,0.13552292056458332,0.11182341516245635,0.04781101486178914,0.0416292827147962,0.1748827084742442,0.03043213356270688,0.022844917911919605,0.03187665158935198,0.0495513877945473
0.024852105257256455,0.1383819797807842,0.16015942103588687,0.2627351066014412,0.07581811452699408,0.022029770754236677,0.14922963425217797,0.09804191844507472,-0.02070169726155065,0.02134073292336369,0.020049464544271985
-0.006425546091369129,0.1030671011495809,0.034583730386935456,0.1160716265603685,0.07009912377124437,-0.018852474501713186,0.2018933461199895,0.023689618457242434,0.029740478188004217,0.04526613596567076,0.03164036677431509
0.022347521766857642,0.09388437134484064,0.04884651273050605,0.10593623494648274,0.08606671937043515,0.006722049721652433,0.13283947244751246,0.04034115866588376,-0.0296119395173066,0.05930771818175583,-0.006704212459452026
0.028235743429779664,0.018220457541166878,0.055290719995947195,0.15271327065509438,0.08777804321772092,0.04638986997036473,0.16332089230909846,0.08751848150824494,-0.015733319021978602,-0.02216471581527952,0.016699446172736186
0.059328517524631044,0.05307960109260834,0.06669285149511764,0.1019894368735295,0.06655633458133682,0.05032219473565884,0.19004734869440398,0.07039625949852689,-0.012922950515901192,-0.007434981328595739,0.07335362192205892
0.040933090083038005,0.07677592573455978,0.08584293697433143,0.13282640800061696,0.06829018281882464,0.09146809215513657,0.22762334705868073,0.08465197492041583,0.03405064582445885,0.018891940701041627,0.06863553790782455
0.05660011937215405,0.0874533179369263,0.15097316238858496,0.1563588688649878,0.08749532823094447,0.022206090182136706,0.22138253994090312,0.07776652130819997,-0.07741397051681999,0.05411041308618886,0.05363049619388371
0.013572428630457933,0.016400885310933432,0.044698198823060156,0.18705647512775503,0.09610182039192158,0.04822924245330686,0.22775447544718785,0.04297695978305867,-0.007012675056961459,0.013351714945334433,0.05423531312881702
0.011141977160166924,0.08386010753381624,0.08575188498225986,0.2469692878772415,0.03575326664398269,0.021693526567055654,0.11854938392787026,0.08207678270353429,-0.0074717183457594415,0.06561248666662196,0.0034159231587125257
0.0288015402293837,0.06959077808239846,0.14366311760862405,0.045353228803633655,0.06942953756844422,0.05714143359686223,0.1385172089122088,0.08120357818247015,0.01280225979056678,0.08063027818780272,0.007385076086179436
-0.008033640766906321,0.08580810436304973,0.11990140239718754,0.12239439816427915,0.09571148691152988,0.08835464330413977,0.1491724660286846,0.061843797348740584,-0.00430663218359706,0.007120347992923318,-0.04428115380049193
-0.002317669707156679,0.07912852877002535,0.11705379031568032,0.14129644964630456,0.10176955990661585,-0.03846565296084471,0.14925493278142543,0.09150133405893046,0.014165138837718135,0.04720395709895728,-0.029794467044668607
-0.004098269087803113,0.024610009181190478,0.024803674005709344,0.20332751068365187,0.05916305304641408,0.06540121986482256,0.08152289171182238,0.032253771047713486,-0.005549656754277295,0.0831314567351645,-0.0001556086666154588
0.03587530169919398,0.07643422383831878,0.06573868551865124,0.19818514192000156,0.010590910634055276,0.0766482403162993,0.0941616889912123,0.05905185985042923,-0.019037122252247164,-0.0023942885573310035,0.019610615324370678
0.04160480185362529,0.13231512577148816,0.08167140532875997,0.2238781078190254,-0.027080464631773868,0.04238238406558162,0.19294291212418732,0.022713435167148383,-0.06763569407553188,0.02557546920135216,0.02596248264743454
-0.012514784032386234,0.06368456408064059,0.09348865720320663,0.20606089652200704,0.009452053552773284,0.06863116755312762,0.1802598267842433,0.08708438633044648,0.022712243999607314,0.030232239502718736,-0.010984539767247975
-0.00705381357337692,0.01915901818078765,-0.009132448690823854,0.16140551132494135,0.02142325225350171,0.06460574629364658,0.17714884480417117,0.039784673451761475,0.03769217302106151,-0.0338718307977823,0.0009121701801833356
0.027296993415302465,0.06628470848548995,0.08882393319701075,0.1079676726839862,0.06481360067892872,0.026229722154570406,0.18057930627864416,0.06710156303477888,0.06211886241814211,-0.04805862029869084,0.011130581459082054
0.06751469984093486,0.06851794515032775,0.15335041532342714,0.17197300947316962,0.1015217951339888,0.04072411837772505,0.17966727148711814,0.1141669720130376,0.024887346147174798,-0.035166106749323356,0.04571211342642882
-0.016069189821004394,0.033184451118562414,0.13537322076212663,0.2395927488828492,0.13127188048791066,-0.017787211281628593,0.20721868846682823,0.06699053521295396,0.01585542433548326,0.012055727474317397,0.003917941643856911
0.0015000285386581342,0.0911052081789568,0.14172697308491278,0.156106939865675,0.06305600107101661,-0.0014961675814279566,0.08327759756716933,0.10094861191289747,-0.0364222018303292,0.05562807088138839,0.019167743438327077
0.00344111958166435,0.01824456168163466,0.03375330528517704,0.15277466968699774,0.011588426991616121,0.022132558018313632,0.13923446494763864,0.07042691466846868,-0.001696878693951083,0.07890784696262483,-0.001709745310926742
0.014536632492590018,0.11727181143222928,0.07981705290031015,0.19955381857457521,0.06546826927855096,0.04636984197212567,0.13259648383254943,0.11688294567082178,0.005348146333527256,0.08558309531798476,0.009975072975212875
0.009581548674732668,0.13581398175239906,0.09893584243328667,0.21322408684123323,0.024325485185004263,0.07763412839731233,0.1505532811776658,0.1547636067726786,0.043020972996359805,0.067188378395924,-0.025293905539826685
0.0011854403726216278,0.12479963157972451,0.08609180311602103,0.1348734289611271,0.029731325926077204,0.09537270477509777,0.12375953362119288,0.044077728774230225,-0.022417371097926183,-0.09363444466028847,-0.012357497422056591
0.012241371830593257,0.1492886637620648,0.10587608756999417,0.09862230536449193,0.07414166513240109,0.11256103042231672,0.12538361694383768,0.05326868647722354,-0.005669581610183148,-0.0493020369977499,0.02827465431841951
0.013581904801361466,0.10862000916240686,0.07681711053382481,0.12731366760079998,0.02743836845262818,-0.013016047900977358,0.10341761361630585,0.14092206598682033,-0.0028480521010204544,0.003028311417600446,-0.08745752974628436
0.04045972401193646,0.1367529703393533,0.10761369560704326,0.16422084874570325,0.056007663363325105,0.04270295403678434,0.12553481601358685,0.15431186372441733,-0.01715187326971601,-0.012555018002372425,-0.002430294255410137
0.004077268865211905,0.1800613085466627,0.11524490376066773,0.14976593333652194,0.061868461789707216,0.03613798366238127,0.14269026429779033,0.09982832993590916,-0.012303323332351075,0.0141809754854338,0.05069357167013984
0.02409892431809095,0.12973043685452487,0.14158516191943527,0.0499534556617146,0.05497835231255925,0.041527979456749506,0.12352672287240479,0.17751398155368964,-0.012016619411801545,0.05419535693624647,0.02804421705290961
0.03527106725461984,0.13029139649764973,0.14612071168125948,0.06540059666841444,0.034955653195824,0.006268335082798058,0.13890134615772254,0.13018737189960386,-0.00047505848741090893,0.07356465132502193,0.006322626506078121
0.04333165400607626,0.13277028891215883,0.16037757615281245,0.09765723249705528,0.08499191440858837,0.0608492614869424,0.09949753442111997,0.09170367550404673,-0.058342146594235686,0.0011496566061993025,0.020044740974602855
0.00030355022176367516,0.14868987591533642,0.14511773154533555,0.11240812556623886,0.02624840732566673,-0.022994725266659,0.14074897911585693,0.0999506150446069,-0.0032937736905709093,0.045284775572629644,0.019386358713961542
0.0011027570858383158,0.10341426139025742,0.15265509320779053,0.08954390214782554,0.04232824458454855,0.0023536274055394654,0.1623601063837854,0.1373784748262085,-0.0028791247785242033,0.056922911958558156,0.02499848060416401
0.020189315151611136,0.11995607996674072,0.14917091851459116,0.08742164432858529,0.07027943017844177,0.04826971994978997,0.13897185340809454,0.04668502312079444,0.000563221877788331,0.0014077865373329232,-0.03621299122400539
0.021848662857797047,0.15844569904646275,0.15953557055100365,0.1802733956337337,0.05197111474937207,0.08112844853775626,0.13190056239428544,0.0057771354714631976,0.016692612635706268,-0.00998496781864825,0.034917238608272325
0.02313113694590606,0.14510995121427256,0.17762709323938797,0.10182071659423174,0.05858671133546686,0.04717535739970902,0.0823477537865346,-0.00785483107262925,0.034226385413529126,0.043068274188273886,0.02800393528340446
0.008591433666517627,0.08368935191222886,0.13881170545507518,0.16852744363912386,0.0316181175020198,0.04853648666877465,0.08474640724373371,0.05905159501542988,0.018029008747669127,0.029975660320666273,0.0009543467139078205
0.013011806961686918,0.09914513637679531,0.14401799978346336,0.2287301938008446,-0.014049013513056645,0.07699950219043573,0.12781646041384392,0.04251350324899853,-0.006542160809218963,0.0368552765239815,0.08493985979317106
0.020599942103620515,0.12273586127526147,0.06603212330296394,0.07236763137774674,-0.005808282445449198,7.62659840151967e-06,0.15524637988587614,0.056034476147590564,0.01289732836097203,0.017982368787522646,-0.029739834113569872
-0.030968615783102862,0.06491604874765848,0.06776156650737808,0.1265395893101009,0.008931923477705273,0.08886096480305983,0.17974199770844718,0.14606401960203796,0.022271777044618208,0.03542617294147455,-0.02198662773789587
-0.057373170393268114,0.09523344185896254,0.08850177800531449,0.1572248935579405,-0.00684820165204949,0.054868970669773295,0.1779145116875784,0.12652864905474695,0.035606131827312225,0.06076562269269335,0.010742148954937823
-0.004020700746487929,0.20231210691231924,0.060437243628008994,0.13889390477992067,0.06192759572517735,0.10638257410674659,0.18320397018953916,0.04595785928230741,-0.0310806809105083,0.004692403205028583,0.04298405583205897
-0.00845122773809854,0.08572473049034499,0.07166341759106032,0.1452342562859696,0.09383042921398402,0.0603999464562113,0.21200780840803946,0.11730612697212127,-0.027307024084278063,0.03410926898453516,0.08184840951077524
0.023845401219675183,0.15017830731274295,0.12594151836290882,0.1954689366026568,0.0230811207637389,0.0885178376841057,0.14597398086520783,0.12495727941096171,0.018963241406197703,0.057394928228318015,0.0907660022174861
