RSX_BPFI_0,RSX_BPFI_1,RSX_BPFI_2,RSX_BPFI_3,RSX_BPFI_4,RSX_BPFI_5,RSX_BPFI_6,RSX_BPFI_7,RSX_BPFI_8,RSX_BPFI_9,RSX_BPFI_10
1.0,1.0,1.0,1.0,1.0,1.0,1.0,1.0,1.0,1.0,1.0
0.2755848012018356,0.4892158433300759,0.7940933626383414,0.7080584693674368,0.3599892696594636,0.182204372233436,0.5321666233111702,0.5453942769830092,0.4916967377695159,0.4127694214251146,0.4300292929057635
0.1265064967285699,0.4065197853286393,0.831304994574854,0.6425381578897221,0.444343794840707,0.2654943730135731,0.4840707372352211,0.4675471832808329,0.5764053935631454,0.4277385651131675,0.4147361031135727
0.2698162073415078,0.4849806804771837,0.8651043552494917,0.6405867904679657,0.3317990632533106,0.2535545565079419,0.5938661772493655,0.5180751741653562,0.6135769071949159,0.4156047169136871,0.3780605240422784
0.2420183716790367,0.4980714585161354,0.8296169171827612,0.6632913884334593,0.4572153794193834,0.2275205182822072,0.5671155175779261,0.4101216279721837,0.481145834418274,0.3702409961169044,0.4702907043911492
0.0964176510897041,0.5010611927956162,0.7955718966364509,0.5645415419871112,0.4165566149676453,0.2553406325430772,0.5079452130490288,0.5216836870657725,0.553804512415405,0.4874753372585163,0.3344408737172978
0.1627262507976595,0.417124258731206,0.8814146099903031,0.7043499381656656,0.4481535607188098,0.3584802102798351,0.4252047572047429,0.4631461834728122,0.45707901829634,0.3635912517745608,0.2341793867971802
0.1722780745894505,0.4435299252064962,0.8301420839659533,0.6280108256121901,0.4314066333472087,0.3164225711647154,0.4666368681781608,0.5010177885852819,0.5228016791863703,0.318037611193749,0.4058336902688514
0.1286627271521095,0.4104264720915985,0.7827109954435348,0.6556736879991424,0.377835360389173,0.2499449543173696,0.6486114634361874,0.4779589283462987,0.5514542507598248,0.3155289346913607,0.4164637211080557
0.1980610950631637,0.4916991344317638,0.8319314877416072,0.6698231294705679,0.3769291486135033,0.2542652208493693,0.4873791170874265,0.4791417884043013,0.4358818926118915,0.2993136130042706,0.366654896358267
0.0987640603588258,0.4417095178594307,0.8268246074973518,0.6346873773909042,0.426852651604496,0.2650592392132019,0.5259311155261551,0.4735754827919252,0.5365945303163223,0.3693060171390687,0.4175891592566026
0.096001588257725,0.4393190643619781,0.8104839311088502,0.6131579509012802,0.4179133020355914,0.2832315281190404,0.5375474803444961,0.4563766698911451,0.548374299574331,0.3043382027178843,0.3665658594370958
0.1640925442544059,0.3719026904062716,0.7746594929369158,0.6354476337570638,0.3101956785491641,0.1933640027886113,0.581795370435789,0.4644344154420731,0.4878123748330391,0.2715744373648762,0.3562831643331209
0.2352238752243652,0.4031328375653473,0.781171892057177,0.5586240342440963,0.3511094237443066,0.2494202399511999,0.5305233633606042,0.4329302340459111,0.5205276574300894,0.3801718886777102,0.3913184530796966
0.1234025733953517,0.3393197765688949,0.7629655276939887,0.6109854373727623,0.3710412330704536,0.2921892054719122,0.5304737392348268,0.3627283011676368,0.5630680908429981,0.4088135006559245,0.3355298925428486
0.1384696919511417,0.431213982459104,0.5960693109075397,0.6471632840154327,0.3624103200576219,0.1938292212639423,0.5261376057770978,0.389512745906151,0.5532432792899172,0.3322895523367848,0.3651861543494836
0.0376212142322721,0.367503074890042,0.6816417445670263,0.6733466226971778,0.3422196738861782,0.2059531540527521,0.5217887043432426,0.3932339413852873,0.5180983222340353,0.3067751497801174,0.3602650694065485
0.0699860406631167,0.3358796894377743,0.7397142262281164,0.5626918873133139,0.3791797722850046,0.2379828122438364,0.4244327772704218,0.4534249674047893,0.5630016724972904,0.3123989412663926,0.3788071352113022
0.1109049453428335,0.4103374451909283,0.5527387939997301,0.6279555884440091,0.3913242332856758,0.3324710849313448,0.4779148356979615,0.4849596228547705,0.5077222019243629,0.3455093671935719,0.3552260746798887
0.1215586112902789,0.4617696325771401,0.5537368605677386,0.6648604206220438,0.3205065331314232,0.3049539179460365,0.4916726311089101,0.4305226069458618,0.4523261572054071,0.3188499529139766,0.3900747657621168
0.1454667827603739,0.4264293808509397,0.4871072356044473,0.6566330136168822,0.3974634924778882,0.22122274079056,0.4961219773087332,0.4849838181723366,0.5289760111513708,0.3712417168630914,0.3759523857841805
0.1450090693713366,0.4867082140828623,0.5683744278358575,0.5978643600145382,0.3739011381987556,0.2732097972948496,0.5083362768162573,0.5092980548079811,0.5587923919135827,0.3472376656525774,0.3937452369151973
0.1272126613964498,0.5248600527239881,0.5782775016551591,0.6286962214585909,0.3770518565079216,0.3135559536771747,0.4979152414333089,0.4417365182877805,0.5139198053249984,0.3803703939116842,0.3998015404638759
0.043741383860999,0.526789850869587,0.5836167415387762,0.597007399386946,0.4241997288592586,0.330771165102202,0.5323227244859521,0.3617774907594664,0.4977173634759977,0.3964050038538182,0.4018128695848952
0.1092774307520725,0.5129953659519354,0.6048199738609021,0.6299347167443725,0.4344445151916206,0.3011232692953535,0.5672341603468223,0.4063128855617142,0.4781656724747236,0.379849180690602,0.3609944661709669
0.0349195471052858,0.5359271354830303,0.5237302162276993,0.6430236594552912,0.4371398453896984,0.3065233641235124,0.5632110454651973,0.4597373940820139,0.5041437525220727,0.4010841200695711,0.406797545426997
0.0529201967215648,0.5664112019489678,0.5254471214990184,0.6506357080663556,0.398480188334548,0.3042025190463552,0.5654794351682448,0.4379691035581141,0.5141031884752496,0.4514640537658614,0.4317046141760609
0.0416535125974081,0.4652023441229816,0.5445637687252354,0.5566718887763001,0.3731897413544355,0.336487302329017,0.5912708425677997,0.49255062782172,0.555445191492236,0.4840522713795402,0.2513141234313187
0.079954972566217,0.4543439920954887,0.5365248322589342,0.6175637614525471,0.203649626128361,0.3495648794113563,0.5262726705160607,0.3910853302004248,0.4320521568336207,0.3897269442553956,0.3421625660201421
0.1482885166657078,0.5134349607631847,0.5029362481946865,0.6296875320649951,0.2742921464304017,0.4113864981609575,0.5389871606656524,0.4530131869495751,0.4915876495418139,0.3648872014804953,0.4022486198825352
0.0335719782849981,0.4324069143107775,0.481483872879166,0.6430422727517249,0.370810387263367,0.3263060748961315,0.5473794551389393,0.4575885035590082,0.4547277099659543,0.3239416310882431,0.416536150484689
0.0500341746825127,0.4711492140680696,0.5721252129838743,0.6632687359033653,0.3170673087222755,0.2263293175700629,0.5192186986476839,0.5031545335165389,0.4785335898339135,0.3133755906187226,0.3132686301719751
-0.0171496457383296,0.4613905670772485,0.4643962521933051,0.6257494666668202,0.3768412617745729,0.2641661440431563,0.5856567326825572,0.5134757936206625,0.5175430625448458,0.3452470926460643,0.3605580039224464
0.1345995620389658,0.4941916406156518,0.4893997007614986,0.5948854320899475,0.405588796374298,0.3267405169116635,0.5366705336835523,0.3995467120343108,0.5318829866263755,0.4137156142296921,0.387574820421072
-0.0239541447981782,0.446663326685469,0.5368212517746251,0.6088040755466912,0.2822597216111405,0.3381975756651721,0.5622477060855176,0.4262660850935043,0.5378765410305095,0.4536560073140896,0.4363242798263425
0.0913021503047135,0.4267654870809592,0.4605119960817281,0.6070237874890476,0.2818117012157218,0.2802804601802485,0.5984252404375909,0.4619133386988133,0.5396633795669188,0.2917918899097454,0.3742666808524318
0.060185467657125,0.4492925278338623,0.5141569453407124,0.6505579418037568,0.3703032488873648,0.1879311872580203,0.6167091780776184,0.4472768791277514,0.5599801511620943,0.346732814350855,0.392512123361511
0.0348546925809623,0.4665916954946301,0.4796373218848211,0.6707764666785867,0.4236887874704408,0.2322154843746279,0.5310045257854,0.4583174768052235,0.4282694837814433,0.4055862866419336,0.382086652663519
0.1002022723473798,0.3562616287587986,0.5490057321556451,0.5501973196374704,0.4258852987032671,0.1947165747714733,0.5675986002734326,0.4863576264972384,0.4661681260856236,0.4228019351158428,0.3350303983731137
0.0655825692273138,0.3958877013513409,0.5870729036729965,0.5739536456999391,0.4205647919197512,0.2943927706451166,0.5950170759627759,0.4474413463221365,0.534262212215031,0.3507002762800003,0.4133856873093979
0.0767520580659112,0.4269819596923546,0.5097261138548648,0.5031246056342389,0.4597824514286024,0.2298983170757081,0.4592307941290897,0.4619928259623618,0.4546530213722575,0.4134419869150518,0.3096583432872168
0.1148614947693753,0.4548186599559884,0.5508020554345937,0.4924341014496701,0.396554564571543,0.2523044958252701,0.5027650547236123,0.4980479830987285,0.4398147906652973,0.4125156275134437,0.3180206341514581
0.0197162935782022,0.4787994484715323,0.4479362754254151,0.5610405012458706,0.4172144548745017,0.2142700786611752,0.4890721042254832,0.4382729077953339,0.4386935033689612,0.378322047837833,0.2961094458457778
0.0947583989474914,0.4579410533804846,0.4875565747773063,0.500875359620234,0.4414628642256402,0.2966294340940544,0.4458060967999212,0.421838377985017,0.4874815715784658,0.3707239105865036,0.3506351291761347
0.0494159680215591,0.4680997409930018,0.4893573427404031,0.5685491241775797,0.362762380778614,0.1632455750161489,0.4762690374677702,0.424373798787841,0.4749601371994709,0.4315211360491277,0.3774984156327773
-0.0165434912242211,0.4693665310807601,0.5431034996960963,0.5687688850403909,0.3617757756690953,0.2555693408355614,0.4777166309025815,0.4469733097896216,0.442759825215552,0.4134578702702941,0.3316871271529625
0.0495661005556782,0.486155558696688,0.4287693442173191,0.5381193570135963,0.3047705374399225,0.2329367792477754,0.4940066434742822,0.4626293949210028,0.4825175418419917,0.4084901951105804,0.389358619207811
0.082711470109683,0.404729448871593,0.4833131759880697,0.5633180033463283,0.354328038476884,0.3129800888217036,0.5029343356424052,0.4367683219821326,0.4967093994582662,0.4362178585788253,0.3577584218090949
-0.0228287375895457,0.4378879449490867,0.4752738174882091,0.5914089154192456,0.3220422064419094,0.2356508789925862,0.5302679977916529,0.4510299490634404,0.4828407585001528,0.4431574142940151,0.4080379720899918
-0.0472785578165086,0.4763989256214825,0.4760066153384691,0.6163082452458057,0.3392324694526723,0.3020624248506333,0.5472640915648729,0.5061692149128186,0.5198258847582123,0.4110771307520327,0.413030185695417
0.0419751915700358,0.4777319164918946,0.4883139324728086,0.5671811922434333,0.2847354977256071,0.2143356282101338,0.5152904363059134,0.4416631759128919,0.5066770218177138,0.3757408281707692,0.3425667254324555
0.0179351829796704,0.4409001621875228,0.4909110528510657,0.5939912569115715,0.3702610507575254,0.2557547343026063,0.5118626329555078,0.4536666242469044,0.5027770505067056,0.2912319148309532,0.405237411802662
0.0689542505502422,0.4505466807249179,0.5098224122729487,0.5238965514739616,0.3435175279512806,0.2714688543142663,0.4616460061754728,0.4771815040835162,0.4252605339137748,0.3121540554492426,0.3797300179528461
0.0828813704285583,0.3969620809684459,0.5273863546765013,0.5966244395218112,0.4087681095784713,0.2855567230021886,0.4774532429792309,0.4960865837160554,0.4435599668360557,0.3824517527451178,0.3853714506077446
-0.0498178485862676,0.478150308323704,0.4908331373507804,0.5437340892345087,0.3998766227537387,0.288125074834496,0.4940071248352035,0.5456714499263686,0.5157058936657011,0.3896186113739525,0.3332333488895078
0.0778930810731322,0.409740260171429,0.4483566525283836,0.5549770221121668,0.4015882401894316,0.2046926581431174,0.434904968812751,0.478309719912648,0.4766805052475559,0.4222438519821937,0.3922751226796913
0.0727074555531096,0.407882216353089,0.4705042375140297,0.579902175631632,0.4227785343532212,0.2245115895470344,0.4520839009899778,0.4767393312352715,0.5112557238141662,0.3353246821338456,0.3752451019973709
-0.091024544560693,0.4206562201949866,0.4729550537624559,0.603557398073088,0.4488852102874532,0.2343526770923563,0.5177758219804515,0.4687940792418395,0.4839957981954109,0.4040208931314483,0.3250792131508748
-0.0180862635054916,0.4150044835966552,0.5332159197453172,0.6154210513164302,0.3984011300928259,0.253790840404366,0.4253542108537685,0.5265504519519819,0.541206971258317,0.3357957215349667,0.3758077893118492
0.024511083393158,0.415471165127552,0.5430577234398624,0.5153746694023088,0.2855703147961937,0.3194206537022209,0.4444788518664325,0.4529587891459115,0.5558074895793389,0.359023479716103,0.3325384629145811
0.0143007944383989,0.4476343002441084,0.5770900682846152,0.5243535824341388,0.3725286731381165,0.3353698491579423,0.4931058348006117,0.5037347939748433,0.5252886773568397,0.3596650887633141,0.3695343614692418
0.025049085495648,0.3281563319267883,0.496534974048965,0.5712109199458001,0.2684711402936867,0.3364436607234727,0.5487154767147513,0.4244085464736341,0.5082464491590963,0.4110990341865626,0.367513656988392
0.0301301622535493,0.3825712501025781,0.5276258630427081,0.4687178300303821,0.2919114874820382,0.3680675007267232,0.4795964195666878,0.4477444840749001,0.4403639450065625,0.4317637566928413,0.3363212837399761
-0.0434650231149541,0.3434945843261874,0.560578663537962,0.5490571135641054,0.3437878299936352,0.3533625399427043,0.4977328756112257,0.4143641129406655,0.5192421455186049,0.4694668434301857,0.3887484342211151
0.0072190435640812,0.3158992951867847,0.5238926697620951,0.565928896331301,0.3712004816268377,0.2713249203189664,0.5140705247824269,0.4448444053888584,0.4826850611575948,0.463312703771236,0.3851715616755593
0.0473315860434252,0.3358668193305481,0.4789491265657921,0.5889187646070744,0.3654374269316063,0.2627766139183063,0.4359008009344636,0.4586986247413911,0.5642491742638546,0.50795834681873,0.3316730598374952
0.1401468852682092,0.4315572595501912,0.5333706374640285,0.4877712316084734,0.3796719511248433,0.2603184328382301,0.4738333556258809,0.4700811539122606,0.5403412633211075,0.5093369976934277,0.3651300451490885
0.0627332807171569,0.3625276741755917,0.5693996170192162,0.5491584789143701,0.3646081327709267,0.3375186191361902,0.57531826601366,0.4871934853509197,0.4395226716396854,0.3664285039210009,0.408740601160242
0.0814224512194974,0.3915628984786896,0.5109553853328147,0.5342248356058347,0.3722475766538901,0.333674736568563,0.5073632123527086,0.453565905888101,0.5192794356536355,0.3176635529883697,0.3584382311031208
-0.0321440757153441,0.3774800222645839,0.5485056534366286,0.6087105807496027,0.3770926841458465,0.2578449976307219,0.5390600405288809,0.4579710771677763,0.4687083288403829,0.3600608434234859,0.3812982380433726
0.0721042828438699,0.4202219181109329,0.5351800230103233,0.5979927209175523,0.3321791653908944,0.3387137293305988,0.463872258067293,0.4560725097025166,0.5482293353711539,0.385458475058095,0.3864577922279534
0.0860032385807727,0.3867777823018714,0.5351860224035556,0.615473128986088,0.3827802284578834,0.3263695337912566,0.5296129737176004,0.4701170528771403,0.4720826509675489,0.4616262594371233,0.3879232282392342
0.1178998207293705,0.3468218996377867,0.5443861964175765,0.6232995931366767,0.3424968917826291,0.215178856856201,0.5469200106138987,0.4697620711376558,0.5170048313744089,0.3816575680283043,0.402859773517802
0.1146684749275995,0.4193153994230381,0.5482058608688698,0.5319086698171535,0.3928523061657091,0.2543045174456759,0.4955492316405399,0.490422109024043,0.5231009873086039,0.2561491745193229,0.3111703678904482
0.1236468038656068,0.3822978625611899,0.5483522966677594,0.5148787778849772,0.4314142963710839,0.2769392994074919,0.5603451256959762,0.4845823140147448,0.4430313879056202,0.2925513626930538,0.3388334115966408
-0.007786631786519,0.4267076895442382,0.5598692105241285,0.5055526074420313,0.4139955659775515,0.3329308640134589,0.4580610063062538,0.4710725103552317,0.4281461747263229,0.4057458494206326,0.3428455208871193
0.0527762929359063,0.4782867163046901,0.5832985028190132,0.4811275209425846,0.2780254281416496,0.3564747793501773,0.5309700578871346,0.41806966385678,0.4314022961059826,0.4343694775928058,0.3256844410405572
0.0633907191292857,0.3635192230118003,0.5077603006881057,0.5111996146525165,0.3338831745411988,0.3152670086181828,0.5501598658207651,0.4208258553055594,0.36541894498984,0.3560121007933237,0.3480869239151128
0.0675099416285951,0.4103167146146366,0.5469559865041386,0.4872061870027857,0.3378996499278566,0.3230893810995181,0.4926019172395506,0.4227978103413655,0.4070054397556118,0.398649057376383,0.3512124931998301
0.0088999109902604,0.3375390499879143,0.4696267932828214,0.4978222293843418,0.256188239534147,0.315484183633775,0.4114382825919504,0.4715677137686181,0.4339824076418979,0.4512785206184152,0.3051032173858523
0.001069071844941,0.3868425593350041,0.5367175199071126,0.5109711903327395,0.285493407120584,0.331245790217856,0.4069434869863934,0.5069482888305736,0.4444652220772363,0.403122958979737,0.2976386185766435
0.0500278570464426,0.3886148622511549,0.5449810767653641,0.5187142883876912,0.3306816658909217,0.3463513023049336,0.4660431457115105,0.4866428082331832,0.4853191295981405,0.3568640318604184,0.2866640770901614
0.057277195557842,0.4354311238905607,0.5314971983422729,0.5349475078288084,0.2863026743915294,0.3213063933115967,0.4484490407108593,0.3857058281380343,0.5084806584493271,0.3762157877161676,0.2777587360056331
0.1314772373394692,0.4194734791112704,0.5515877084929133,0.5596719562108334,0.3079760296128371,0.3455421881811515,0.4695693158127033,0.4413745955675086,0.5848933395982626,0.3517624785134998,0.3281799163409226
0.1329474160875231,0.3735586143434383,0.5928993259534584,0.5744085509104174,0.368855741922835,0.3642856449334705,0.5000745144376244,0.4401385114593697,0.5448183699798863,0.3818183649992385,0.3605236207181741
0.1180879202050389,0.4524676279404017,0.5945648146929573,0.5826309839256909,0.3947149580707699,0.3154347060068193,0.4998772836167458,0.3897228917524662,0.5011353515177974,0.4107830647568151,0.30113647025911
-0.0090943910795988,0.4821007181193026,0.6273604296376225,0.5586789822970547,0.4016940646696307,0.3393256727507749,0.5285417187290686,0.429891631113989,0.4885082009191119,0.4373141710225988,0.3379901438672119
-0.0330802691374424,0.3857575372885301,0.5322803429697206,0.5406443014868813,0.3181886314258823,0.274239347138154,0.5554884017304034,0.4500004890197985,0.487280550053142,0.4099134509801821,0.4242967390234011
-0.014823181948777,0.3463465109638959,0.557241307488446,0.4038029451413656,0.2976649461443882,0.1765356580762285,0.4398942743029104,0.4714671012598933,0.4898380192842057,0.3424253985518948,0.4433616425811262
0.0119169033927488,0.3518357783146388,0.5821297426974937,0.4676377812379797,0.3482605440187631,0.2796456225342576,0.4927345330122218,0.4877726121653101,0.504068565339272,0.3916362750705139,0.252095902719593
0.0479039746370378,0.391398906583309,0.5319336786935129,0.4796885934072216,0.4000074654919228,0.3052194095501562,0.5228694929638471,0.4010808986840287,0.5269299879517994,0.4111541171442114,0.3449128668306555
0.0199805467511511,0.4245505600659149,0.5296600517150415,0.5021055214661482,0.3603474878856588,0.3658252632021933,0.4646610085677372,0.397797313914875,0.4682004547725245,0.396122361536878,0.3370550242272523
0.0353466888330442,0.3951623084722199,0.5330556089347752,0.4873331440487987,0.390630342662347,0.3746425128974748,0.4898317445590134,0.3839376720868295,0.5534831014668103,0.4048958620383799,0.3655844700033492
0.0838273261976946,0.4498410493213638,0.5359452038015076,0.4277359392216986,0.4108418733765361,0.2865815104936635,0.4770443244236803,0.3980580834810336,0.4751381256787685,0.4262522121055884,0.4045610787263577
0.1133000236482781,0.4766504201346733,0.549714374169801,0.4306837534753754,0.4285741406830805,0.2741464937965207,0.496442371447906,0.4094506387486037,0.5051314623705528,0.4248643443134148,0.2784562233858781
0.1289065183803364,0.4853474401268919,0.5808715268041539,0.4531824821855593,0.2963806885858864,0.304234791706052,0.5061951754681464,0.4102370230224061,0.4309445835395914,0.383524939434778,0.3514931112233458
0.0259349520974621,0.392336951115123,0.5123726514505416,0.4579612192694433,0.2913522226354004,0.3290011804430517,0.569300520981233,0.4337633986115417,0.4545311995624936,0.4151995426701877,0.39230319003726
0.0993633228373309,0.4150664004730652,0.608270152891306,0.4825805584253158,0.3203864324292535,0.2115149384487523,0.576418174191756,0.4531211287598425,0.4552093812729015,0.3552767638221469,0.4102831514450243
0.0534912997878833,0.4172310379316815,0.5640053638632037,0.5251882592890145,0.3420073431762761,0.2689949726026203,0.5496498954334904,0.4535282684883372,0.4771152424274117,0.3238342883192721,0.4126485895987766
0.0178860019999666,0.3886589882843014,0.6147315486024034,0.5027629667197584,0.2918278705743726,0.2978807630083653,0.5129102030134274,0.4549040744768204,0.5126415824830222,0.3669923463836563,0.2793961426601074
0.0407566556820482,0.3149094075273319,0.6088843517400592,0.4385383058620893,0.2658403729812976,0.3053780557637153,0.4763514529683441,0.3656622659760743,0.5317031523774804,0.3976098487962952,0.3167827075472169
0.0752694407216883,0.3920043312963897,0.5321654919663233,0.4572619083640705,0.2935909170852104,0.2181126560018148,0.4843348887194181,0.4467393056083081,0.5419630680634787,0.3277079887064692,0.3484552304496172
0.1020866544159598,0.422242174075758,0.5563974968081993,0.5550290175267883,0.3459198559404047,0.2401834643154859,0.4479321904979619,0.3833554207801266,0.543501453011241,0.3832596618446814,0.3797171134644203
-0.0076285503826186,0.4602962901737099,0.5870884189707122,0.5283337555057074,0.3902085963906039,0.2120948394165293,0.4728526247330858,0.4025786172115662,0.5205229029391714,0.3902596069484131,0.3750561180333868
0.0675265358602501,0.3985298157179018,0.5776525576364957,0.5466735776538949,0.3121391276447822,0.2630545163571022,0.3830079651764941,0.4575973055794321,0.5008708747704986,0.4117651440904754,0.3419730577132731
0.1448897853985158,0.4192762639897569,0.5376497676530977,0.5065886830033172,0.3495414463319487,0.3286957172356833,0.4550738684168012,0.3584487586470552,0.4071710643351756,0.4755252806989748,0.3574116172851824
0.0790858169882284,0.4069201418228967,0.5804396390777007,0.514225482353812,0.3066331689920368,0.2953549005190283,0.4900408925568913,0.4261436211149196,0.3962872731748002,0.4909704598508825,0.3656705796680806
0.0929901973042966,0.4506552968276949,0.5749863684592874,0.5151725599019104,0.3068331608531033,0.3763180362450803,0.533343470518424,0.453427769537676,0.4535744473414485,0.2367139347591292,0.3505040462731836
0.1174985695833714,0.3506401839589046,0.529957799922829,0.4357552780084657,0.3374674441118422,0.3797335492186514,0.4585393804635252,0.4673532967351433,0.4809884875674352,0.3391663280432678,0.3817263489816997
0.0476281719632749,0.3823848733998412,0.5669060789687508,0.4748620331567216,0.3432461894617572,0.3706040480687977,0.5226716378857021,0.365323880587035,0.4541009057401984,0.3815553031115066,0.4318552930888939
0.0803153695688915,0.3277120792235293,0.5670859894918414,0.4764629893133802,0.3090458044072435,0.3679332030523882,0.5155933025067547,0.3889444451869532,0.4676423382057134,0.3430505998472931,0.2775252591735622
0.0688996687748539,0.3701648380771717,0.5164627545085507,0.4663638208763149,0.4040784116876585,0.301450089810502,0.5115063049495113,0.413711825073123,0.5111846730770311,0.3668976264652016,0.3406478897328233
-0.0311051798189098,0.4083254427224929,0.4578428476894268,0.5310029952348926,0.3372363233763272,0.3067324279557657,0.5281165907407632,0.4916648544090244,0.4518480995749416,0.332611856369235,0.3058827618064122
0.0159030400877763,0.3394599850015942,0.4961493140937081,0.474597603560128,0.3790288941499575,0.2601157404079429,0.5736300036702934,0.4895711345676475,0.4634424007513673,0.4030711102767055,0.3182229488098556
0.0020719233541429,0.3488546726723686,0.5143483877452107,0.4902016244905589,0.4377721979336637,0.2858091356432409,0.5471640809900044,0.483908698793608,0.4828793618631446,0.4610775818238129,0.4206108545775335
0.0100055771694046,0.3829438677515151,0.548173544419625,0.5012952703551337,0.4343353958132745,0.1773729762617084,0.5475409464091716,0.5176421540466596,0.4866080035552037,0.3705996555240882,0.4483131309554123
0.098608589303172,0.4226702187535113,0.5645243734791037,0.491117907150115,0.4489018245204602,0.1705101164181238,0.5079135205160248,0.4743295230317568,0.4683307022218607,0.4177110339371,0.2971673101848874
0.0279010555439081,0.3090644752995757,0.639656435790921,0.4868765098582361,0.4382439062209241,0.2198005447524865,0.3433398244282395,0.441113120023735,0.4664168665566356,0.4326889957158699,0.3747951930241616
0.0897134784668485,0.3241903117350835,0.6027517978616486,0.5125861013741434,0.2867764917069569,0.2947653977662943,0.3927342072593112,0.4457834128734664,0.4448380650852054,0.4381192405787045,0.3946125653048667
0.0759325147121009,0.340162941163151,0.5489789967459614,0.4377705324490727,0.3014500306818815,0.3258162946636918,0.4175519037944957,0.4265422596636967,0.4809725417855991,0.2854505272630804,0.4286482794379717
-0.0334653862908157,0.3147923813674123,0.5015975946537371,0.4377356868050296,0.3865122440329729,0.3584468135890756,0.4892203230234158,0.4436327086450675,0.5298696036696254,0.3395881485228058,0.3062344777333596
-0.0023060537211848,0.2918354069669748,0.5122478345287209,0.4257391350764159,0.3695425876024043,0.401558274896954,0.521663324183347,0.5094799415469378,0.5028618948142278,0.3805353667083269,0.3904944571130756
0.0023335960163692,0.3332840760424513,0.5567704326716894,0.4610875165842542,0.340749691369126,0.3614401405355631,0.5210594648729302,0.4919140961861802,0.413571377229417,0.4074199758768072,0.3942909809978449
0.0443025491517641,0.2474568473878018,0.5952119666825739,0.4881818266960157,0.4212473400981859,0.326473869352493,0.4955303329293263,0.4909765333599478,0.415062046750809,0.4395835506903939,0.3359678669028303
-0.0793518514705219,0.2582268671227742,0.4897040029117863,0.4135120915433985,0.4794010275638862,0.3069416130942144,0.4716338999908182,0.5120158511104417,0.468954090501531,0.3884675065473968,0.355633958011511
-0.0214130558710967,0.3077370407826311,0.4974437445383525,0.4257521100356286,0.4224306378760335,0.314234730488698,0.4881186064350903,0.5061420719061817,0.4086991869707886,0.3595278869880959,0.3580007186755132
0.0640910155667491,0.3651738324962883,0.5449541522261268,0.3581312760792342,0.3133393965880528,0.3416528136269839,0.5377801791720453,0.5239233955771045,0.4371922710978785,0.3985343383109995,0.3567330215970114
0.0080919833689215,0.3460458989565773,0.5693207270508854,0.4024770194122173,0.3387949362891876,0.3401621372110807,0.5270476423481135,0.402974158783784,0.3837007061632259,0.4145464666663587,0.3672899857241576
-0.091569976583336,0.2596308062416548,0.5098079383357466,0.4174257056292311,0.3750310490973172,0.3771826700794862,0.5325114707195948,0.4260913521243649,0.4392658379396897,0.3154696799610607,0.3528457758451434
-0.0923061372862569,0.2848332119898185,0.5404159311065285,0.4221755919309889,0.3796328745801758,0.4190886056689639,0.5596699016873969,0.4519436245666973,0.4793004923744726,0.3175420534257921,0.3916846095705518
-0.0394287360335178,0.2817898699313518,0.5374664271452759,0.4306479110194304,0.3248467998496911,0.3189876600337487,0.562084098413135,0.4146261916983134,0.4847777543108155,0.3784062094052649,0.4170736695087951
-0.0201163508658903,0.2700287398591984,0.5469659428506622,0.4207886497939231,0.2949924066550404,0.3207810214299296,0.4539359585296462,0.4247045988937387,0.5322412986258194,0.3694320126959499,0.3914916830670629
-0.139394301928833,0.2877511385798074,0.5780499724173016,0.426976877764036,0.373433525351569,0.2953971051749154,0.4577487218876861,0.4241560906281938,0.4526845593782618,0.3441039324240472,0.3884135651702071
-0.1085068945211447,0.2956260743344703,0.5481308494271129,0.431172124450123,0.4084764878699052,0.3291624271217017,0.4624825114864066,0.4642489056948863,0.4713354975177254,0.332029930394694,0.392582712573305
-0.0399400434387423,0.2456799567302632,0.5269772677864809,0.3956988516491395,0.3998482792245318,0.3419370950415857,0.5270471807376417,0.4442208052384638,0.5016420258989325,0.3684149005715886,0.4217088253518564
-0.0243420492841454,0.2623507970736428,0.5445223853605113,0.2970717703237612,0.4153600491119528,0.3812472608950493,0.4772175214996104,0.388556218400355,0.529579523533056,0.3905470687807204,0.427501724814256
-0.0439578275610265,0.2386379079513603,0.573459587203182,0.3598754451798825,0.307191502546787,0.3895105551314474,0.5262436807725527,0.4524012800166933,0.5302671156170276,0.2428164555201443,0.3839830381588329
0.0366796004347017,0.319864105869095,0.5872046681540563,0.3883254845840659,0.3576025469489454,0.3405764417967728,0.4866007566072939,0.366487167157836,0.5598499454286809,0.2633035277287945,0.4352574014547604
-0.0169329228821446,0.3547392554593237,0.5180966779840772,0.4083574007771279,0.3252909988334323,0.3392258910461105,0.501906897619065,0.4836808730883387,0.4354258860225666,0.2878256014201642,0.4183603790451157
0.0269776388064114,0.3694729968353102,0.5398622330226418,0.408496929350492,0.3795365125845062,0.350211360360171,0.524584686880232,0.4907299447961084,0.4597265349972961,0.3852988543859906,0.3706903486323517
-0.0581303185220013,0.3741821172355395,0.5686190052338997,0.3434628225819645,0.3759435286890768,0.2474255405177016,0.531493752571131,0.5465756207244936,0.5282470111001937,0.3910193203549487,0.3098781832094995
-0.0599093040159426,0.269861721025385,0.5662217874284577,0.3903953071205018,0.3295636881861035,0.3009363349629531,0.5490978930220825,0.4521865839590482,0.4605286903285214,0.3935371294897654,0.3715441242234941
-0.0131934680318907,0.3167290143936465,0.4857721258651565,0.3081116940045133,0.3548255481616579,0.3281477639033658,0.440071318600054,0.4344009502756708,0.4008855521391316,0.3757681854883561,0.4422313561968725
-0.0247871111887509,0.3206538386688189,0.5222730309473466,0.3625913515907776,0.4018492277641828,0.3060161480286571,0.4615802608744872,0.4456550096706402,0.4761972043159825,0.3826330463158981,0.3312720374944847
-0.1185457138695356,0.3320630853003159,0.5342966940155709,0.3098845793585731,0.3368062866181308,0.3294821495376503,0.5060421576554803,0.4472216808563463,0.5011032771826036,0.4149184003250253,0.3858276049650367
-0.038602482207613,0.2170108906188909,0.5611499227680002,0.3438355664167249,0.3129307472581844,0.3347022981015861,0.4886846725745634,0.4743985837098207,0.4933862047922451,0.4465985654650535,0.3961128812089312
0.0094102826672267,0.2921141362439176,0.5893675053570713,0.4046652971159278,0.2954170410177,0.3662843984807099,0.5280808641602617,0.4313376829569239,0.4681288309811232,0.4164273751878463,0.2779828803148393
-0.0317672704741382,0.277753750857759,0.5448023390400458,0.3825103021576841,0.4097175868255603,0.3788794077191476,0.5345952432090714,0.4539660253213918,0.5301405708967705,0.4071716205211332,0.331761358285367
-0.0735165748139829,0.2517472423203263,0.5241016721424188,0.412485562045783,0.2900319703553412,0.3863565386918631,0.4624885157874839,0.463771691966292,0.5162100101129528,0.4281921139699411,0.3441867137031147
-0.0534497078081802,0.2974433771308107,0.5185298654022839,0.4180241940567357,0.3633845949761018,0.4113908507843291,0.4671985957052449,0.4800342083081903,0.4169287414155984,0.4669276348845391,0.3817710725022346
-0.0375087360000764,0.3051098101717499,0.5076393650473158,0.2942322683521681,0.3627658966898813,0.3103939403129512,0.4866279208142881,0.4855982815987978,0.480815876414274,0.4750718671350397,0.4107007995870434
-0.0696791270111634,0.333552297811701,0.5207647245536238,0.3401059875400324,0.4082239099194531,0.3436100157551968,0.465977483636475,0.5002986612698954,0.4954702676725364,0.4303110778340103,0.3939904482396147
-0.0368984496793691,0.3145225401218193,0.5873439526881805,0.3657354343938124,0.309094678979083,0.3467585306277508,0.5323659258706269,0.481479035613796,0.4833677224246598,0.43798296872142,0.24079374320676
-0.1057351513945678,0.288214082430441,0.558643116727734,0.334058904934619,0.3469165921334296,0.3345340655830228,0.5230763183120444,0.4917204174736442,0.3757827707167447,0.5142060089923608,0.3277605956278252
-0.1020760126141668,0.2722225479111284,0.5125493927835209,0.4051111651570023,0.4120999892892421,0.3571117290635795,0.5297754596411612,0.4130534289713545,0.459657708251297,0.4235895661128808,0.3465511379469166
-0.0753583157241076,0.2330551213067668,0.5547617350071279,0.4238935264678745,0.3759036063509833,0.3479376944011212,0.5240750596721678,0.4809506722775981,0.4665259420652724,0.4656375841615585,0.4016953687419068
-0.0280674710137001,0.2677123916573778,0.5407720651863774,0.3256755561446134,0.3962949823819696,0.3296577611721258,0.5621747662322326,0.4837357026739254,0.305008973188371,0.3863361746539322,0.2808846719020733
-0.0180468353835771,0.2829286050160988,0.5496022981349793,0.322922785040347,0.3216840119506155,0.3276560495720849,0.542072051522467,0.3589230384217083,0.3453760581639558,0.4527781304885563,0.35441673293664
-0.10782973189976,0.2581912037645545,0.6238578600722999,0.3521860882613988,0.4221664053865717,0.3289931534837885,0.5604238997317428,0.4267467311751877,0.4044661194737503,0.3974982019586126,0.3069743625116903
-0.0518991927163543,0.291268102535263,0.4715850995031334,0.2645715327291071,0.4226919199961877,0.3386768874701635,0.5233719820856754,0.4563847777581137,0.4422543243461633,0.412600249572697,0.3334176424722343
-0.0454876180382901,0.3132195869839933,0.5047590028025661,0.2964084923742535,0.4489789764057434,0.2562297769382761,0.5666631530925167,0.514059519928912,0.4891570202591671,0.4126562544935502,0.3339961209001297
-0.0465907653075955,0.1932274517452315,0.5011833745356573,0.3859274618562346,0.343267675399693,0.343616218458709,0.5830639754565693,0.538253296852139,0.5125479374123036,0.4076020467581861,0.3420986944218459
-0.061170233412496,0.2733319702607775,0.5285273608410086,0.3508721040049344,0.364660857595595,0.3345392619471246,0.5635849111465049,0.4682138805628442,0.5151345954640677,0.4311929798445133,0.3846338007682279
-0.0217851012055752,0.2765418442120851,0.5561467837453858,0.3653213503165223,0.3189913543096772,0.2791751047073953,0.5740411547953077,0.4831051253003567,0.5156088397912657,0.343417855185528,0.4063150892855083
0.0303786332308184,0.2438855460141105,0.5955404248412672,0.3327468260057444,0.3842483283601975,0.3421442524678918,0.5373279673841459,0.4768432743077663,0.5700861314706446,0.3036752261970034,0.4201205054725671
-0.2001202392575592,0.26262736213781,0.53509524396872,0.346695127369627,0.3870203203119532,0.38109958598207,0.5404636099673361,0.4957907397506549,0.5772600730840496,0.3656220677239015,0.3494554806956041
-0.1540228841618433,0.2903712063888443,0.5258344087990853,0.4084712695964492,0.3267946265266666,0.3033745342334309,0.5170619034559456,0.3889365505208684,0.4861735239137509,0.3820793602169681,0.3533579261178132
-0.097804083100162,0.3168308817881594,0.5438940726319821,0.4299225204162515,0.3980847418577805,0.3052522434096593,0.4959998866671392,0.4057756984509493,0.5281792559996259,0.3632742732364709,0.3705096514306003
-0.075683396480697,0.3248027556705701,0.5071564917657245,0.383885244431204,0.44046490065374,0.34842742338485,0.507778547741974,0.4427763682983208,0.5513941175550056,0.4237263970066667,0.3833139921600312
0.0207208593583241,0.3349642747342843,0.5416226653250595,0.4353223247953895,0.3916844374810423,0.2373333268797595,0.5139946727969629,0.4068057314888534,0.5154248366686441,0.477079922515727,0.321595958348666
0.0565167599982037,0.3176068682385718,0.5168578794497969,0.4194508373950593,0.3934268547885312,0.3091694109792343,0.53009947701562,0.4163321574306931,0.5091771366903833,0.3764749574672354,0.2920369224715733
-0.03353064121374,0.3267034252069263,0.4944175251293187,0.4254284119039201,0.4275453356560036,0.3333344497586708,0.5135480656370393,0.4615787996920031,0.5181861318971993,0.3952404894540948,0.3158188113357582
0.0556860828101197,0.2630219952662936,0.4864136190124604,0.3558662327805332,0.4286267272532793,0.270666721244115,0.5813314736850048,0.478672866400946,0.5326844312752632,0.3602054487205848,0.3322082600187761
0.0995176367135285,0.2519577929887754,0.4530376582826633,0.428442543718824,0.3382622176964803,0.2809140101601542,0.5939091563085217,0.3975088564514395,0.563298755911936,0.3930597545600737,0.4156701070604427
-0.008589903348108,0.2788706704375312,0.4962519316632253,0.4488401350174372,0.3705683590484579,0.2426495575365649,0.4938695930754905,0.4213975628257564,0.5854995667926064,0.3948785190804753,0.3681113760538135
-0.0862984291413242,0.2462747152630187,0.4445896798501033,0.2961316007313408,0.3224058069387873,0.3263517555127032,0.5083145901834465,0.4384231711028614,0.4557457811422783,0.399033594080655,0.3481991020882424
-0.0733650667491022,0.249917385803583,0.5434029789347794,0.3198276934944691,0.29502510911174,0.3126438371875704,0.5130233943066786,0.4763220350321632,0.4822658303873482,0.4531660962433684,0.3493966554963905
-0.0274073689480438,0.2730610992479075,0.6020948476343064,0.3718370939963428,0.3105858999019462,0.3331501109937498,0.5216017443860155,0.4488657595768833,0.4398280054936438,0.476191615430511,0.3616081646080675
-0.0830001083090766,0.2298173029634604,0.5766753990361533,0.4334882856020783,0.371396299434945,0.2012250039794937,0.456691287296233,0.4053787987457767,0.4700077845138503,0.37564727631541,0.2896177498204846
-0.0604108787354846,0.3207079824271468,0.391224048227859,0.3486008054261477,0.3946789854747569,0.2617359146285009,0.50169316608346,0.4379809996055593,0.4174345148019768,0.261388675655065,0.3472589406230791
-0.0479260297879782,0.2988746292697266,0.4777639196008881,0.3468168958643146,0.3116176829441674,0.2934456096228177,0.5177844931634918,0.4746059563315661,0.4767314255773764,0.3514678888041712,0.361151208393509
-0.0983370052917859,0.3227628069180935,0.5172097460400114,0.4147305108959247,0.3198118015182566,0.2612971595286228,0.5346495485591758,0.3159588460505414,0.5258338162639729,0.3862755383021726,0.3815019954825612
-0.0212954026792931,0.1956083998870821,0.5183104948372022,0.4011423175662648,0.3213550425634419,0.2266918241166157,0.5309775801851434,0.4094689277632312,0.5396707702360476,0.3566225743735778,0.4058781879901716
0.0078341686108815,0.2929154801833872,0.5728767738453902,0.421277987593852,0.341390974501394,0.2704039257665971,0.4078681529687001,0.4463982760809727,0.5163316750803186,0.3654921928089795,0.409074166422588
-0.0158283289312669,0.228411464620459,0.6069431991939217,0.3831615181146115,0.2967335723703241,0.3010561163063179,0.4627273060040815,0.4602375051322948,0.5112092784831956,0.3904057564492658,0.3051444140421978
-0.0505245191941405,0.2710980576024978,0.5610084536435814,0.4247604175381307,0.3598592826836806,0.250315996849666,0.492749878497995,0.4680608819423724,0.5469988336799607,0.4381697312927787,0.334135910227231
0.018026115035401,0.2261631078174046,0.4396313363223195,0.4273323407729428,0.2592828295353465,0.3354983954394364,0.5074019872284375,0.4771652070043837,0.571016218529456,0.3241935067788772,0.3613008130858979
0.0326467836256868,0.2039676504748558,0.4728978705566348,0.4138911433712156,0.3057263775162111,0.3654051962079159,0.5297957550833374,0.4469688612138888,0.5532029249492284,0.4200434298011067,0.29679111459789
-0.0530053659929426,0.2075352177235603,0.4848871449937334,0.4381181154010334,0.3598394174190892,0.281525532012273,0.5664666510265111,0.4585218670895098,0.4609147968188802,0.3500777533070016,0.3308131920595751
0.0490687873880716,0.2741790224535226,0.4980824733797999,0.4422237237807636,0.4103023511276293,0.3137932133800331,0.5213445322268119,0.4752686181866659,0.4764994832618686,0.3132386278235185,0.3826254151004716
-0.0550203163163793,0.2815573687606756,0.5296564820922158,0.392243659192002,0.2002560272926866,0.3095324334685882,0.542867859471364,0.4062700895265101,0.5551468758124447,0.3594118380853258,0.3133107030704546
-0.0413718177920499,0.276946618289674,0.5571165351466054,0.4067288193792956,0.2712931972291353,0.2556415058259912,0.5311875808521073,0.4486658782117992,0.528889345192907,0.4269701342634307,0.3189852038013794
-0.0760411652063885,0.2029512550918899,0.5514218134398164,0.4262812945193081,0.3048352107619846,0.267699792707552,0.5379522856123368,0.4663176824843144,0.575984938619535,0.467884721528131,0.331875309046904
-0.0435512585253299,0.242478182050601,0.5237216903854575,0.3924715862218044,0.3753489821052856,0.3271349919058846,0.5261812732487581,0.414359397494343,0.4788312535046474,0.2715118994466539,0.2761379473408171
-0.0034170228500229,0.2782221695763606,0.4939847652196464,0.3952078956140371,0.3529407568826789,0.195448573113188,0.5744905652378932,0.4229424134294874,0.5158580631056575,0.3437682028346565,0.3008775785525814
-0.0612540589924247,0.2893847974193501,0.5299518171231717,0.3987620242428622,0.2828929326362918,0.2324554357200658,0.4832319654533673,0.4558241383548952,0.4908714377948467,0.3755535162958513,0.3518555468777585
-0.1085325719154644,0.2941616835602827,0.538566119903032,0.4585091046521607,0.3366003535725721,0.2623565842404967,0.5057090989826403,0.4720463134762061,0.5039730868975711,0.2731281215472297,0.3879600351767703
-0.0813365243222449,0.3205806897399622,0.536460814897037,0.3874537745667911,0.3500513819011002,0.3227870672331873,0.5028118813312978,0.4887090634978975,0.5339934663582078,0.4054928534878222,0.3468309413938284
-0.0282703341761235,0.3222825804941365,0.5471535092865321,0.3637875866801286,0.4020609023867249,0.2215194527822729,0.5335820067809526,0.4541211155951723,0.5029661996961262,0.4060717554516637,0.3444211663738865
0.0244152883267477,0.278261178263092,0.4967002176009784,0.4138260795618504,0.3727649202026575,0.2607306731584274,0.5659648649152351,0.4368186119347184,0.5245854175326383,0.4665404126646717,0.3633272931352055
0.0615861397126107,0.2564760506219522,0.5476465352697861,0.3432983496886214,0.3486018923975482,0.283075891797404,0.5497359575029449,0.4506947367655991,0.5266981270722358,0.3927523742035096,0.3420764684954532
0.0018652263613823,0.2586170811457464,0.4853572703899646,0.3951122631908144,0.3575139364455981,0.3129430435731771,0.5092974908420842,0.4320915198730591,0.5033276957473123,0.365559928270692,0.3344497617167944
0.0274606382620181,0.2953716663118204,0.5407585660481434,0.4299406607401359,0.2290067626347111,0.325530768917986,0.4881226174813459,0.4803849329137962,0.4566477093193662,0.4120960050579046,0.286071966392319
-0.0328574594936491,0.3060534945282155,0.552857748949549,0.3628607096301216,0.3131157959466675,0.3219077262336952,0.5363410624001266,0.5302040908617787,0.5347331532724788,0.4368755610613144,0.2988577081295149
-0.0130764790412234,0.3172188312233098,0.4917228582085756,0.3882735461183015,0.128554355123905,0.2527089166499616,0.4439429175663878,0.4784930349089634,0.4823689321768729,0.3985517395567258,0.2423890194513172
0.0010225182859962,0.3102825149370227,0.5339217458089873,0.4131628957142125,0.1886214603109437,0.3630382495330942,0.4594058250311152,0.4415927530000828,0.547230337312101,0.4103352198036347,0.2941587723914344
-0.1655897620375951,0.2586160370584945,0.5576291045913941,0.384959170641264,0.2846402354398918,0.2747875762717967,0.4416889120764586,0.4623142274971576,0.562167539469236,0.4310315626368234,0.2378480734815845
-0.0577142436314199,0.2804158353243747,0.4944964296824906,0.3772674646503375,0.3070895614556398,0.2840193620493578,0.4955983890199177,0.4276289831447997,0.52685148219819,0.4479456540816851,0.2700988512714076
-0.0624105000895001,0.2762620691524987,0.5247434510522662,0.3739419152904179,0.373620654456955,0.2951653715660001,0.5016313507949226,0.4356700791472572,0.5449467155651007,0.3965245497728402,0.3478941564894688
-0.0331735826616445,0.3064318771090941,0.5407582010753764,0.4285067015911782,0.3522758833321093,0.2644147946889047,0.4974247943327252,0.4788356717994533,0.5441000363456744,0.4152035003076529,0.3513804582534593
0.002641480797687,0.2501985316295426,0.5085560667944774,0.3897202584388127,0.3672103307290201,0.2606085949536147,0.5029160487522893,0.4603054414207149,0.5638280530338171,0.4262868567243917,0.2831042789966548
-0.1111029844177234,0.2563127374197356,0.5253126066128957,0.3334385092792559,0.3912422628692368,0.2901962798778283,0.5635238861137508,0.3921448391743082,0.4667328926979625,0.3221740972777186,0.3167383544669819
-0.0078531218486662,0.3761333898970339,0.578390945552727,0.3878901720788803,0.3946703332574172,0.3416360346881032,0.568011350753,0.4839674203376448,0.4996991579959667,0.3951473802110909,0.2363562866441242
0.0171198282114465,0.3812967043977899,0.5386576229006077,0.4580586176577795,0.3131667713592403,0.2507270902661783,0.5471095625920035,0.416382922435427,0.4634210031181761,0.4578679652767851,0.2786140437325042
-0.133622574689976,0.3912633452687584,0.5958692586607572,0.435805421434795,0.3168869231743199,0.3063973322306301,0.5325276472532512,0.4804782943850515,0.4818747124635538,0.4430982587348553,0.2786340124243323
-0.061158341266036,0.1874580338141935,0.5398436635251281,0.4386416085795271,0.2287296326333063,0.3262649522016012,0.5489278138263618,0.3946768162966386,0.5024459568495774,0.4191895747516561,0.3297197646773918
-0.1044808472382046,0.19841798233704,0.5664376641989395,0.3463368942753778,0.2768726647588525,0.3931055155151371,0.569839128202267,0.4298819390563168,0.5353275777509128,0.4432309472584347,0.3089286112781001
-0.0574640698768379,0.242009131383973,0.585827893777779,0.3587844378818193,0.3141573743267172,0.1708236419260592,0.4900782637340283,0.3637362949321191,0.5606298461329591,0.4490494871141023,0.2927200795216859
-0.0296908375713704,0.3312857923089241,0.5783846792869051,0.3623539732143619,0.3571745693360649,0.2751756937572485,0.4987719227325319,0.3759076544339472,0.4868823465296077,0.4357813974205782,0.303674983679651
-0.1115884634374386,0.3316797871156076,0.5435425787856212,0.4312932847686665,0.3640237867176566,0.3277656758998406,0.4762761873210203,0.425446299110447,0.4777366696705757,0.4374261410195003,0.3632991017623648
-0.0422564838501797,0.3081643758234709,0.5803206124965181,0.4758297600393567,0.3742397274184983,0.3375080157423049,0.5097968175970902,0.4023141556674188,0.5072792284222921,0.458028978918315,0.366106923668288
-0.0604028247991914,0.3173526239785083,0.4702107069709792,0.5269936327692225,0.3849080177429111,0.3358870920462036,0.5461445807829204,0.4369223365717132,0.5373902691431683,0.341326337940764,0.3732452011473339
-0.0488137213441614,0.2113017442799204,0.5210873439241979,0.4284992358133778,0.4078825411744168,0.2286929108972522,0.5533868465231376,0.346353974086065,0.5440113071300634,0.3575200159230666,0.2984462801233545
-0.118929806372816,0.2263698976153843,0.5612395013020328,0.457913528269149,0.3871647051839513,0.2828501374353591,0.5637254950667323,0.4270157531260088,0.5052905322827813,0.4155485745889657,0.2944944530560063
-0.0318977631610834,0.2701763144946679,0.5881806353651757,0.3566266454506513,0.3863890785535568,0.3204146662201992,0.5510835777176941,0.445067918402806,0.5217855293212481,0.3243628544172039,0.3243869369458051
-0.0805754263183277,0.1521613390142859,0.5949708177898072,0.3820438405974846,0.3481200053494587,0.3129564677701873,0.4384366809908159,0.4826487447785662,0.5275082532821308,0.3327631908279861,0.3729788252955743
-0.0222398057173704,0.1979873101646456,0.6324479756217546,0.3986965573057391,0.38749717627301,0.3253348739553845,0.5115366947359787,0.3761811147586774,0.4335235659718767,0.4173725469270395,0.3773903788770563
-0.0191501395776554,0.2285041257210671,0.6362541613162295,0.3674807403796452,0.3999165213035137,0.3064544975709067,0.5021913257204984,0.4019263190591834,0.4732892202963564,0.42404890858932,0.298408442759042
0.0034087157993827,0.1969248275661247,0.6146705278042599,0.3795128337204285,0.3869736366015268,0.3096762229920896,0.4499397039076123,0.4471104585666343,0.5020277125949731,0.2897179530442048,0.260847533221048
-0.0261074697495849,0.2229354282702478,0.4990092291479942,0.3279592094431293,0.3459152009430047,0.2498108679372432,0.5135867416042091,0.4710674101528105,0.5376859737844646,0.3656844273669825,0.2556991219182409
0.002121987105928,0.2499245971207312,0.5586500722108129,0.3526116638342103,0.2881537874594467,0.2647954798916925,0.5247432589406402,0.478918429750125,0.5117629491290051,0.440060321229216,0.3234775504306629
-0.0222867874279953,0.2991014522699461,0.584075891515712,0.3895141042758624,0.3113081548922993,0.2390434532805259,0.5391724783200791,0.5435287375522253,0.4567016100812042,0.4445677979370757,0.3538235702806949
-0.0854662887429486,0.2174465717516911,0.4523712481535097,0.431115730403807,0.3607174760808908,0.2972343597015952,0.4157802790890434,0.4597288329802717,0.5103451152536705,0.392832119534337,0.2985203672898958
-0.1142088618210424,0.2624908097824902,0.5524920344751384,0.416131369115863,0.3533415951274951,0.3387780525668814,0.4890392818630331,0.4749739408428779,0.5233261702484118,0.3775313004463426,0.3028573111788021
-0.0554570869008145,0.2690110020557372,0.6216448790295784,0.3950861120130027,0.3467177079897205,0.2961883204494123,0.515421980746709,0.4286589515420355,0.5432183174550558,0.3363416060016593,0.3103578235087056
0.0700607335107285,0.3097335401749479,0.6346103978516009,0.3952842640602793,0.2700412337761066,0.2228386510501757,0.5180525721508482,0.3858552237584523,0.4522790650484501,0.3975914917175123,0.288837953477335
0.0073140566188471,0.3274020547478493,0.5780290373909319,0.4214734919503946,0.3310772026566976,0.269915927123341,0.4831964935589448,0.4176780352591462,0.4912488926752989,0.4208206467694528,0.2954902989925345
-0.0510302527412996,0.226427586862252,0.5302560503220254,0.4363516046051093,0.3828911213215074,0.2837753039352791,0.445954869106425,0.5025214546389118,0.5382056979982552,0.4066763719737698,0.2867589649564764
-0.0775042744710438,0.2405131852456901,0.566827868540104,0.3703585579031274,0.3936804806349948,0.1989704684432741,0.4087237787123413,0.4418666565120088,0.5477337382164189,0.3796171742361112,0.2674016302050159
-0.1238569241164516,0.2612030332206833,0.57283111404908,0.3828876400323338,0.3497273097176644,0.2563232911928114,0.462182518126821,0.4835482682739208,0.5682835765760937,0.372818947381789,0.2601206276437215
-0.1085025851422367,0.3140342457459313,0.6004473374345548,0.4287239587688721,0.3238949044052711,0.2315803752817327,0.5025639910121138,0.4605763782384547,0.5401598812773549,0.4180605683697914,0.2748218098069305
-0.0237805298792798,0.3180360697869853,0.6021705411025082,0.4023537127152541,0.3273511431387031,0.2773424484715545,0.4925753573472891,0.4864025002366755,0.5513367597229775,0.3919422065567498,0.33346146965503
-0.0066511257609163,0.408491317390831,0.6109989005933083,0.3255960446917023,0.2913308842153566,0.3262575002393684,0.5499026939783752,0.4638402906554094,0.573012460697863,0.419176069079501,0.273716943968851
0.0122320455292365,0.2460700788084532,0.5845928632528586,0.3101129049015567,0.3186640166468759,0.2070444704342654,0.5648409818032539,0.4770483508579283,0.4509770413181476,0.426125020036931,0.3150816583605588
-0.002580211343996,0.3075373502244465,0.621995939648883,0.223534146393843,0.2395429676794326,0.2793283294773576,0.5768248899446888,0.4910189897085606,0.487448228682172,0.4778531231650783,0.3100922958045335
-0.0042326519992577,0.344237831702148,0.5800655671844058,0.2688591096445948,0.2672454549019256,0.2724082472625584,0.5281917990266862,0.5049836360363219,0.5062454237701411,0.3989508699738541,0.350135368838366
-0.0016161292391196,0.3433372683838464,0.6113396380877139,0.3346478073316056,0.347046293284978,0.2562434018770487,0.569544781301439,0.5186773276053231,0.4573560816373899,0.441038169320509,0.3279554618471852
-0.0871056243899055,0.305156136106616,0.4335820126476265,0.3489296705150629,0.3622736040347812,0.1460162574684105,0.5770686893238435,0.501736489017878,0.4799531901888753,0.4559914550370374,0.2536318467387636
0.000405709005613,0.331017813008704,0.5338450323541057,0.2942162362575244,0.3588508859329347,0.1906539014396113,0.4368470355451307,0.5081812592197161,0.4683247908826585,0.4339711797033557,0.2612461929670212
0.0627125042247213,0.3534245027377236,0.5807976148928757,0.3015550799042893,0.3733869860627462,0.2473864752578339,0.481480151075021,0.419221552215928,0.4707725233416997,0.4759306305945596,0.3119299460073587
-0.0525464504229237,0.2597248681482446,0.5959584572893069,0.3060558740949137,0.3152134527927002,0.2608645158891082,0.5290771336622455,0.483345352578964,0.4962337960721957,0.4081567866351227,0.3325658056282572
0.0239633987203604,0.2927354016150868,0.6362991404583289,0.2971309559100204,0.3802580959938881,0.2911640621093314,0.555610663888076,0.329817873718525,0.4756502625304245,0.4234287727975349,0.3552015609305731
0.0020196552802752,0.3532916762358355,0.6438260095993167,0.3162934867653186,0.2703132934983589,0.2735759957696255,0.5557603849498711,0.3732121544817457,0.4946420104382286,0.4579041989132812,0.1492254933483187
-0.0552908197274316,0.39145103540465,0.5801303378088866,0.3190297507117362,0.3048560893006956,0.2946891714150523,0.523453849371996,0.4131118269127587,0.4984977385626398,0.372850717274182,0.2274461099699207
-0.0139195329817262,0.3482780215189378,0.6177843028495789,0.2700823363482662,0.3056318058104644,0.3117033835237324,0.5193066616494364,0.4324283381117817,0.5236433360826385,0.3999568288950815,0.2461894241116033
-0.0056972368817261,0.3277020492019007,0.5131085954076248,0.335430553224307,0.3551871789916919,0.2493779846740586,0.5433034692468868,0.3745371207729364,0.5222366479430438,0.3431028860828956,0.2727222346820179
0.0057489619586297,0.3538074746646819,0.5820771415293376,0.3428209386580032,0.4191486841097227,0.2813591198890857,0.5719648525650407,0.3632708238047116,0.4511842521785476,0.4338785333985667,0.3085555156691281
0.0316102080729335,0.3907734482476207,0.6047265481862641,0.253520177023218,0.3019959529968632,0.2966015976212651,0.5659128479681156,0.3816359517689649,0.5369009824793407,0.4367503115932014,0.2861869251333369
-0.0079584628445241,0.2936649351014629,0.6096661210649783,0.2776295077535611,0.3164063804651378,0.3023833446056453,0.5174352275544716,0.3922846489276476,0.4923283831301794,0.39803332476416,0.3003504975644284
0.0034683245500053,0.3100025507255869,0.4378548090692192,0.2757537156455883,0.3161827110199885,0.3094703585396151,0.5230322100720266,0.4889203044498393,0.5127417687549801,0.4804333933124258,0.2778087540368211
0.0310095489526854,0.360308361011754,0.5882709835888715,0.3360969205345071,0.3307169643888483,0.3360748407144978,0.5406594990758016,0.4919027831080957,0.4592168182753171,0.4607202887756807,0.2849311474389014
-0.046493148767383,0.3623610203675763,0.5500551060823621,0.3239960524135463,0.3730312926692726,0.3470211183342999,0.5276484991554626,0.4042686469516311,0.5300506306679902,0.4129349654804427,0.235574062538873
-0.1496928873283281,0.3606273299433881,0.5624536666943889,0.3223166081773634,0.3909495423532346,0.3079812637501463,0.529137674702373,0.3940282014798038,0.5606151910382693,0.3752166497750956,0.2961320862289822
-0.1262942739646315,0.3760060882276321,0.5100062397219236,0.3013561476130434,0.3915354331153193,0.2883788282108296,0.4858457067246279,0.4751704987073955,0.5084861005047078,0.4106943674402808,0.3241700449171046
-0.0523647271553828,0.3785732727894038,0.5348567405243199,0.2570034411549323,0.3430680860222914,0.3116915977134587,0.4962777384108643,0.5163218139209805,0.5060305936499562,0.3949292349887001,0.3340062285243094
-0.0065156433593612,0.3850831442454064,0.5675889243097239,0.2963815488078423,0.4276644627973016,0.3377499563065123,0.4948927842118201,0.4839247313005037,0.5319644674525785,0.4493607473513736,0.3572054530109849
-0.0546863678095563,0.3230496919970339,0.5324159067446813,0.2175747157389298,0.3497914947956214,0.3357549166279857,0.5508065784257745,0.4528093471840693,0.5041254098236803,0.3944021327142274,0.344677535045247
-0.0642400967032625,0.3758369358858969,0.5601650464194934,0.1825762075202071,0.3044486472908427,0.3386171824067872,0.5418161200071072,0.4765961470947893,0.4713612908598639,0.4175241994964419,0.3154965736255379
-0.04723635674756,0.3736261525143203,0.6087111405812733,0.2290369522459117,0.3417538713422258,0.3584198301819872,0.5582275264942901,0.3609796555184518,0.520442834958038,0.4258700192996597,0.3338754830181346
-0.0985884183186306,0.2682218731849786,0.5560799441080165,0.2901506374294734,0.3110042471152476,0.3735492696284231,0.5150243359348858,0.4078797284332522,0.5280456270659678,0.4097583284058272,0.3280826507419568
-0.0444959263972803,0.2878023919075634,0.5265511843840828,0.2555957855196786,0.385972534708032,0.2947907931533172,0.4999733872698975,0.4071805236425919,0.5003950812067818,0.4258130878241803,0.3397068447006494
-0.0819744292212837,0.355264941349541,0.535146874219083,0.2762378049856918,0.3588940167886705,0.3165792103273692,0.4954450187968919,0.4481347189073427,0.5413716374499452,0.4076179988993036,0.3617740332060376
-0.087005974643775,0.2852837292256676,0.4879936399721144,0.3312095390762023,0.3720946893622254,0.3143865305142434,0.489073576760571,0.4504382495455842,0.4869805868757035,0.3871465351779488,0.3892679026634432
-0.0448978100790024,0.2679220076216243,0.5615434016328784,0.3059730786888185,0.2405599894639437,0.3891296087348056,0.5124042831267883,0.4416706962015186,0.5224291424794723,0.4054060495881175,0.4078062329801121
-0.0886641706159341,0.3341063000576468,0.5816437656675305,0.2899703465152105,0.3359765949477979,0.4006896696156153,0.5232778235710095,0.397986731217465,0.5385707136773407,0.3959780804782504,0.3911069312377654
-0.0465188353174353,0.3669674287612798,0.5641865162062001,0.2979769767652386,0.3032117518415293,0.3425432535491874,0.5336501513216636,0.4462833578912863,0.5506908640006474,0.3909450963534894,0.3388867457289814
-0.0173716733969301,0.3307299884954909,0.4935871440206758,0.2440228815585881,0.3338059488767505,0.3495396493079429,0.480988810870433,0.5036345374844112,0.5563380193084093,0.2916461353267554,0.3754240339212016
-0.1659110783670223,0.2930779418577399,0.5594196856354205,0.2728829129301756,0.2906946405690539,0.2986279641080961,0.5161517664323332,0.4453113671565639,0.4954347807362096,0.3149897053885603,0.3532819655546952
-0.0340764016630798,0.3215427573306859,0.5899074627552834,0.2822107464116844,0.3172263615031687,0.3191421286618352,0.5463615515529494,0.4488775991913105,0.4529740958278429,0.3545775828161519,0.3676958252996505
-0.0613484918976474,0.3414301582756404,0.6499055439881758,0.2558616490173217,0.3502094400486564,0.3751684532098006,0.5560332269711536,0.4652211228010474,0.5094422080979663,0.353031870974664,0.2829600062284426
-0.0530734353932433,0.3485810413114979,0.5832122248865683,0.2397097620869811,0.3834538237970343,0.3115456441423467,0.5825877788161791,0.5069569239900984,0.5284489775091914,0.3418692969783569,0.2409825211396401
-0.0495251068432496,0.3597118230945341,0.3875984219268167,0.3947985173818477,0.3014696528334066,0.2833590869159534,0.6214951967726725,0.3899969208275425,0.5334589087266834,0.3625832034821927,0.3052769730080851
-0.019422042282758,0.2259138983672709,0.4988714287841766,0.284450036207885,0.1844279943673346,0.3271649006928109,0.5092356043546132,0.3724086424672063,0.429343414310437,0.3733238192214417,0.3208383079199393
-0.0386556240367645,0.2436860754801739,0.519213479841087,0.2864351109742787,0.294089827285715,0.3565062305440813,0.5534959824541528,0.4115493056435412,0.4440181141261438,0.3788269237456595,0.3386998261262396
0.0228390151293874,0.2886791657556761,0.5914957426693752,0.2993240551267713,0.333835355864447,0.2551292326646818,0.5137678509774039,0.4455956339913766,0.5123208305117475,0.28587624274706,0.338614329966706
-0.0375431369196749,0.3209427563899736,0.5409966762332054,0.3334241582823942,0.2622343544329436,0.3364308126937418,0.508906543991807,0.4619494290097842,0.5703596718166317,0.3220537329548433,0.379216192763688
-0.1053524030199621,0.3347092100442068,0.5785002203922034,0.3215683622187214,0.3440527386636388,0.3673815749019526,0.5611649545739095,0.4794887316322725,0.4849636791202945,0.3836699685419183,0.3884808980110776
-0.0687373698709112,0.3083422343397305,0.4997490320321734,0.2801349391151569,0.4041910903044372,0.2702179376981906,0.5609807782129067,0.3503536191900853,0.5211867385960222,0.4310466172710351,0.2686388010565032
-0.0623901498086058,0.3426028486159556,0.5171261745999514,0.2397754577623135,0.2963687246510253,0.2939981966248205,0.3817314770188399,0.3858288454305477,0.5363520389952103,0.4271401464870147,0.2775260884088886
-0.0850270258529651,0.3428511217087815,0.5027821836717816,0.2397988796963026,0.3203439446630946,0.3191167802663407,0.4368631131943859,0.4477355077367732,0.5263218309804948,0.3203739061216459,0.3049158382963416
-0.0747682518751095,0.3493025559582888,0.3204849630735336,0.3973429729554323,0.3026108809965639,0.3360739270805973,0.4422151712967996,0.4894452659221731,0.4852543461405857,0.3456401778708872,0.3281859214494119
-0.1176769637513988,0.3225235162998647,0.4185536496951261,0.2624332815683844,0.3340111207746538,0.3582619843863062,0.4769071323796942,0.515978889104589,0.5417807757164059,0.3617393630435521,0.3305884217993262
-0.0905395512831448,0.2560340935116648,0.4604441867776567,0.2813611546279356,0.3012560810329338,0.3591764630580552,0.5021162748491466,0.4386096137752208,0.5699131137405559,0.3858020373391829,0.3962057643733728
-0.0391258093175957,0.3363004668725675,0.5170601322607147,0.2097113598752082,0.2817036247627816,0.3519733727613509,0.548612406254287,0.473346265702988,0.5037959234930274,0.4125892967938798,0.2980284304636627
-0.0455637925798111,0.3535412823413142,0.5463687869413609,0.2387591733526609,0.3394602234354746,0.3251973461938462,0.5342378983903942,0.4982175921953312,0.5025356210435159,0.3697922674481571,0.3500475734650711
-0.0947940086408226,0.3960845464551391,0.5660865743386116,0.2816588868706121,0.3471768816836219,0.340701530600221,0.4650000578195015,0.4717214037103014,0.5413410882835759,0.3861057605243779,0.3509910873864145
-0.055797680781867,0.3227806279230181,0.5654910819657706,0.2447830805251487,0.3589648399889804,0.2973904248038309,0.4768557015244991,0.480180512249425,0.4165777779332303,0.340570810333562,0.3802335091460412
-0.1133451805625165,0.3388924931661684,0.6133487206564663,0.3358543136207377,0.3046131878925791,0.3390670014242972,0.5042293799202149,0.4453298452801672,0.4762956166565359,0.3377893554262856,0.4008087063492436
-0.0777742513922979,0.3485067161453137,0.5816701667066736,0.2258737024476104,0.3413520521758604,0.3062343357249737,0.532200960833318,0.4456929160983406,0.4486114619082633,0.369468146934869,0.3738844083575885
-0.0807115535079274,0.3556012349643093,0.5830026833635571,0.3131550002772956,0.2502991938891236,0.3399884058240035,0.4723020346393981,0.4899558688922343,0.4668621339876101,0.3632492549715354,0.3935751793175574
-0.0478205603320788,0.2905470180569001,0.5877080060807405,0.2060329193614649,0.3303131746489394,0.3241274456441411,0.5058002669220161,0.5059121598651579,0.5162453125715886,0.3723650794957663,0.4034483444828737
-0.0329297250244905,0.369367084119564,0.540561970534366,0.2698680956798708,0.3314902613111361,0.3399764141250982,0.5070118122594587,0.4147107711226137,0.5203489750766357,0.3641158053289724,0.3293818733356622
0.0013173289046212,0.3608875494220515,0.6220563875240523,0.3438755426165922,0.2470658043604347,0.2757474290586237,0.543582174919757,0.4537309385609723,0.4622424305461753,0.3866125648980577,0.2977269893627045
-0.0940489624678948,0.3554647322956286,0.5309046138245128,0.3872676355053834,0.32355574603552,0.2938802263282842,0.4864461434309214,0.4344673560936117,0.5185403956920306,0.3310952897557422,0.3304506570369719
-0.07150164173615,0.309744439182768,0.5844398517544167,0.3482269713418513,0.3507988581631961,0.3574980519213063,0.475519925211725,0.4162181690993136,0.498196334021482,0.3687063293752167,0.3739934809030772
-0.0815119142617783,0.3427305595499923,0.5842336417026166,0.395635442080494,0.3857648463784338,0.2532516318877243,0.5428463490460793,0.444619435671065,0.5032440551296726,0.3638229535623554,0.4082140919987923
-0.1906794237304668,0.3715243709601703,0.5490192291803788,0.3980226041780759,0.3003395510871796,0.2690867465036761,0.554001124420326,0.4654183119696331,0.4625661613814971,0.3781733438911472,0.3730954651078048
-0.0944726104566946,0.2947048725030053,0.5238264620154286,0.3965284209104525,0.2886555725926125,0.2971587591998203,0.5292882384328198,0.4061983576720185,0.4730548591672591,0.3902274607668123,0.3229794558249612
-0.0863208445224343,0.3638449376718395,0.514496653138663,0.4299736067391044,0.3321862481705316,0.3998483564677245,0.5443239931122061,0.4689638225711806,0.4918269038608559,0.4317895740097742,0.2550620306179932
-0.0768523404946083,0.3851647661764903,0.6216453303099858,0.3304723728536939,0.3520619051955757,0.2681880578096642,0.5824913717423637,0.5117576858486148,0.5611375207978263,0.4628174812411527,0.2051145523571541
-0.0746793122544744,0.4034984311843506,0.5933153267351567,0.3913533959291908,0.414129770597146,0.2705189684720427,0.5866518524352785,0.424350842968884,0.5225573827391579,0.4730773989365907,0.2554431883630041
-0.0119752173330375,0.4160683730777755,0.488197890609114,0.4973245824997491,0.2282282956022763,0.2842127191439475,0.4687764202661231,0.4441286725146642,0.5235163171848294,0.46988923512347,0.3083231977840507
0.0121494267984471,0.3209964713598828,0.244782205999111,0.5339165212747718,0.3017325492873914,0.3208652009257507,0.4932451209840179,0.469795768636896,0.5186828013110673,0.4043329583834544,0.3175093859840946
0.0058031791087075,0.3137452252732289,0.2452682937562172,0.578637471261878,0.3056099067787519,0.2628267177182649,0.511591808140838,0.4541043435553861,0.5605257617605492,0.4095522901796403,0.307193361637602
-0.1108555767774162,0.3169164062112036,0.2562550027941711,0.5950816019293375,0.3433687038501821,0.2603223447501547,0.5359834578316592,0.493380940074951,0.56079304614178,0.3663257444036772,0.3328108169453452
-0.0685805123197479,0.2000764586901765,0.4048841452413004,0.2359008416360508,0.3731048473427694,0.3114410850333405,0.519843351639045,0.5009777225549149,0.524702250452131,0.3984450302507076,0.2828700925173077
-0.0652574990548353,0.2163768129427487,0.4752762608032367,0.216880525957951,0.3755828063590709,0.2999161560617853,0.4464090011759761,0.4469366438442774,0.4589596206021401,0.4290383609390775,0.2915205473838642
-0.0728250811421585,0.2165859240045262,0.4616802165786702,0.2380383157170688,0.3039551445138713,0.3023280299968191,0.5030304672927666,0.3478976226980778,0.4851700929034858,0.4403503197750807,0.2768973480629347
-0.116370861331395,0.2405553680471122,0.4796957478885202,0.3797320504887306,0.316288984076493,0.3254065296836832,0.5210606768546755,0.3615480353616214,0.3472832444293733,0.4495204569076666,0.3354501172721701
-0.0901601140448948,0.2348702577673121,0.465169232332026,0.4697613758592766,0.3225198233659754,0.3785085415437528,0.5388772283016376,0.3784392964194132,0.4157929594187675,0.4028313753948335,0.2498803520661488
-0.1139852866218964,0.2712093212982437,0.4943595495728323,0.4316743339739131,0.1679371314458678,0.3361918919465056,0.5481554255416996,0.4083495390653641,0.4595038194773846,0.4607394770823962,0.2213306163686692
-0.1980004223677952,0.2655413207110077,0.4557366873993568,0.4134187999384247,0.2402426046049361,0.3518490463194161,0.5546743368229958,0.4685241982574555,0.4719109418679273,0.4106614212007223,0.2637463928820327
-0.1287821105899368,0.1766676935376043,0.4722165675460033,0.3980689514755628,0.3057289331668331,0.3607126741731926,0.5694231516015866,0.3611417433064209,0.4168554433665012,0.3368780953014201,0.2661212376719585
-0.1584969558917064,0.2291498108968955,0.4242883092801752,0.2352876576349428,0.2540758764028213,0.3267051588768377,0.4308835724615825,0.4221454103249437,0.5067129472086608,0.4046092219418171,0.3297491338833702
-0.150885919475507,0.2509324620284715,0.4634044948027574,0.2449777998626164,0.2761410542709323,0.3538388794012501,0.503471045312113,0.4282372728868314,0.4681510554237948,0.3696774265089116,0.3220947399624128
-0.1321159116616262,0.2536157531795905,0.3611350265671212,0.2270993739998586,0.3015211090730713,0.2431906083508806,0.5058682312592241,0.4500478848040492,0.4775956806004825,0.375574126117872,0.338692514747358
-0.1222961158924719,0.1732923560739367,0.3275958168664281,0.2596219982439073,0.3134353508259438,0.2863753418591768,0.455193461835383,0.4671716942631925,0.5131136022487646,0.3996018805483957,0.3372030461066815
-0.1149018928232653,0.170965245569964,0.317859304724302,0.2530555309711337,0.3331725321867566,0.3141303155695286,0.5135344977755176,0.4060127434200341,0.5303921954347115,0.4032656095654671,0.3371430500226426
-0.1063394124070044,0.1791699680381926,0.3515349687865052,0.2370033816173009,0.3581531009631581,0.3142619098510067,0.5460930470664591,0.4392397149735472,0.4950581058234881,0.4128445244578081,0.3125993777825362
-0.1049923366851524,0.1882460373477795,0.3889125520660881,0.2709062880191798,0.2734598329084882,0.3063299452834011,0.4706804928651691,0.4614166642267101,0.5080761584073766,0.4211366466053893,0.3338842250507282
-0.080990926897856,0.1923636899775629,0.4304612445999258,0.2717238042628463,0.250096824536039,0.2728977815338724,0.4865003320996044,0.483624123872155,0.4819051210769916,0.2769831859712441,0.2603295705175436
-0.0522687920742956,0.2180408176797959,0.4228368463932794,0.214353562922609,0.2734201422768377,0.2594336039628037,0.5328847306055571,0.5091752371843488,0.499615337666584,0.3548404709372426,0.3202511970997299
-0.0567631719780341,0.2018823514713222,0.4277193232480481,0.2183601756824283,0.2784625560543964,0.3192007965280504,0.4289177983611677,0.5488583330454875,0.4015118035652071,0.4302619881094875,0.3147570793258284
-0.0685384605484493,0.2253276238601959,0.4092692334731937,0.2219628445401378,0.3245286275963361,0.3298876145081651,0.4426540181268932,0.5050007596650079,0.3801867064127646,0.4097341205458764,0.3520514537026727
-0.0832842330284548,0.2443475887146703,0.416376499609764,0.1497293968335896,0.227561524292316,0.2716929768796585,0.4904044513069278,0.4596931977238305,0.4425140053375903,0.3995959097639853,0.3935968727707151
-0.0676877965356316,0.2580024445398279,0.4186433801686974,0.1599939124322457,0.2012809807613646,0.3290701848290757,0.5287057485112352,0.4495231195713455,0.4506534064464913,0.3690177306867223,0.3177908716398036
-0.1201512637633597,0.2755963872239424,0.4369270394009135,0.147791044512602,0.2622136933165213,0.3580299751896488,0.4944533827614777,0.4330889171291363,0.4578128731740112,0.3434525870987285,0.3363290163221337
-0.0928508056751002,0.1387338604642806,0.2695809280030767,0.3136613983026206,0.2683381731214288,0.2867844793228521,0.5130726617170535,0.4559982281242811,0.4676163142518323,0.3399608878709476,0.3660321574539987
-0.1107799851062106,0.1629039879874794,0.2605434322097361,0.3927958213118523,0.2916231076290028,0.2912984665746637,0.5223821260843273,0.4292188457113525,0.4227131939157141,0.3697059056171357,0.2449835791369882
-0.1097448504010376,0.1419890907096181,0.3008560454518491,0.4617064192626591,0.1742053240698662,0.3519557725932371,0.5922650468835742,0.4609089035231106,0.4745795446786173,0.4106893126021705,0.3600343364349093
-0.080351999224805,0.1779767306614784,0.2740469452907546,0.4917301246992936,0.2026934676469461,0.2182302679085112,0.5664021672420786,0.4507354434201373,0.4404985455183856,0.4130875109837111,0.400315190371828
-0.0938943429267138,0.1960194264638392,0.3367615434642811,0.4943507650339753,0.1777416169525349,0.2848325958686288,0.5025377329322732,0.4782271143673926,0.4914028179121451,0.3443496291647807,0.4017934336925334
-0.0589279297028854,0.1898329829156669,0.3555036271312823,0.4432826902932922,0.1863714423337859,0.3013315246744048,0.4010506446833444,0.4526422693866097,0.5044311333335171,0.3328560952273855,0.3772451643349085
-0.0478102844483263,0.1785936218701725,0.3725584934221998,0.4509031374173648,0.2951057505880495,0.2355959818906083,0.4726517885391174,0.4392920708857688,0.5139690639630621,0.3854222228134555,0.3566023833269046
-0.0383146839217328,0.1933607547511963,0.3593401418204932,0.4435281716687441,0.2620515710738206,0.2646145408255094,0.4548586064726851,0.415048449307326,0.4176033788331904,0.4276344639016517,0.3577974785280383
-0.0579540933868793,0.2048800803834377,0.3093458726163127,0.3679852920756336,0.2813098470568493,0.239517639600527,0.4940339978382315,0.4232295936914114,0.4432530669747621,0.3733148628823581,0.3713785665704177
-0.0294325018365502,0.2024398691166734,0.3133668331758958,0.3127166679383539,0.3240923853607685,0.2876975397401899,0.4823020760668037,0.4200015067534953,0.4884897655508378,0.3005099139988287,0.3907952877402038
-0.0680695123989625,0.1425060065242298,0.3157491925596275,0.2940950935976548,0.2656046984336322,0.2990392644270623,0.5422484519025467,0.4398260120874662,0.4529221660660472,0.3683274687571856,0.3964073659924612
-0.0675655744670812,0.1619216726395947,0.2565939258580714,0.3062749297441244,0.2611610306129222,0.309887336600068,0.4105846153429527,0.3044536727436731,0.5167383894137514,0.3255419578498553,0.4030091775747247
-0.0625135081703116,0.1462916069598894,0.3116947856911354,0.3173788754360419,0.2129270624241437,0.297432318303037,0.4744001694671497,0.3369392292568677,0.4550229725514149,0.2684954831568197,0.448233030110463
-0.0323579292625961,0.1509415683536671,0.422251322880223,0.3216783622407472,0.2639275761869319,0.3077209038947541,0.4871058347232695,0.3537750607025861,0.4367820467481292,0.2813619922095497,0.4529290691330453
-0.0525128760810116,0.127291396011914,0.4381673192115332,0.3503449637410585,0.2454591612219636,0.2921274112106929,0.3956275777725921,0.4433912739912014,0.4458139305246216,0.3037261117077641,0.3704488147830128
-0.013178173227315,0.137941013460182,0.4529478252198434,0.2663232952692111,0.171081371318798,0.3480684556454606,0.4355518556785692,0.445979804597046,0.4801784089987047,0.3526074889738894,0.4256105398558878
-0.0088313571772351,0.1581737758955042,0.4576644839300401,0.2933248913120402,0.2164405114655413,0.339670821262382,0.4776613974435786,0.4479059189327435,0.4535538982861597,0.3147414524816776,0.3722833009593149
-0.0051120682834142,0.1695041479571826,0.4655849705063546,0.3444293646367314,0.2297361740851136,0.352550906319859,0.4380009232191955,0.418479732811272,0.467169774180299,0.363435760888656,0.3309174447249288
0.0132709127140498,0.1872078551718655,0.4767765653646456,0.379920066576326,0.2795729102183169,0.1659815851402104,0.4633408216178583,0.3907439963500732,0.3942499394216768,0.4581551397178253,0.3402545387386118
0.0266874796330573,0.1902891236668175,0.4356168455046305,0.3447974631878814,0.2028116081319931,0.2116865022998376,0.4614666448788384,0.3866916099163499,0.4634501129683267,0.3530500053076513,0.3720699881612951
0.0367510494576183,0.1524985826772922,0.3588343629343527,0.3140120272341366,0.2239690057612195,0.3023769586762932,0.4801409743659062,0.3650469910170804,0.4945465555906786,0.3260483617018008,0.3751967234162371
-0.0279090894549401,0.1241211283073882,0.3579350157229474,0.3173918484456474,0.2449199994676636,0.2742307850360938,0.5362232950420931,0.4057626877565179,0.4601104143756045,0.3767894776018299,0.3640521817828966
-0.0198505697028379,0.1207469159657683,0.3725296990143091,0.3857862192844253,0.2337559706794889,0.3029449855307591,0.5070275063203495,0.4089209258587671,0.455522954974848,0.3138505767147755,0.4113753589772336
-0.0153021807074642,0.1257592555571461,0.3742608925055806,0.4291523410907809,0.2792680364702076,0.2775375398379333,0.5331820872967993,0.3771760440741987,0.4697948141772949,0.3545068528518578,0.4154151736008202
-0.0112045927479648,0.0890754668720609,0.4007870733471043,0.4012088966442801,0.2562098364141267,0.296002833564378,0.5732326090658739,0.3879815404123569,0.5197404364521666,0.3671068206665059,0.328479416841436
0.0021309467706161,0.1150369241706908,0.411949534079378,0.3659858441991768,0.3343293106066619,0.2737124635685993,0.5934631744296497,0.4134617813609496,0.5013673954956118,0.287352312526159,0.3677186458913258
-0.0487996584277199,0.1289918948358404,0.3504614634801876,0.3303099516760007,0.2619303772342184,0.2827968556920006,0.495907722344992,0.3920890811892741,0.5357292804048421,0.317745478552445,0.3781862829707815
-0.0338475745321566,0.1218573950893985,0.3032573812106385,0.321312618436623,0.2986243980734414,0.2039408203263519,0.5136782864980567,0.3705095527178571,0.4879660247386538,0.3313666364182642,0.3391558295381189
-0.0454925085938358,0.0667681644720837,0.3314686759466215,0.3440047091592821,0.3356025094243644,0.2918465091690848,0.5070731997285932,0.4079136318048668,0.3898235864640172,0.3703398853204844,0.3697347950906575
-0.0182804498428981,0.1154820703469369,0.3062829142757914,0.3062824581186922,0.2280110406218541,0.3200295780083758,0.4156192071743151,0.435439085069102,0.4727109303071025,0.3733096213038112,0.39069779226872
-0.0231551359253954,0.1257797674875407,0.3308557380777707,0.3364534747508829,0.2433761468526362,0.1943352816333605,0.4743717607983748,0.3936873305520886,0.3606950726779802,0.3902303146022214,0.3668491904694365
0.0183760559876383,0.1687427602220429,0.3500048565331395,0.3434418222426869,0.2463065952861647,0.235959453444125,0.5142242338601408,0.4176491540959623,0.4538710702640734,0.4242570068461088,0.3551977781549636
0.0383861236026205,0.1368954820033605,0.3763411608154517,0.3670989006404343,0.2755083619199953,0.2996515942301695,0.4348116146500612,0.4727546654766194,0.4240100649847825,0.2787606933826713,0.3900173439200007
0.0241019967726696,0.1344738512835483,0.4222251512158397,0.4176749003556316,0.3133445914450917,0.306427789949701,0.4581932490506089,0.4426018562448102,0.4524540656796558,0.3073547607209871,0.3594893330384505
-0.0042033263842664,0.1465571840937846,0.3952615761606068,0.3726500805198022,0.2935219614037209,0.3484242525432356,0.5113547302239007,0.3460528766195941,0.4800360777843525,0.2759431488296187,0.3464312036609768
-0.0271425171593031,0.0998266848054994,0.4040947711435335,0.3641252438690806,0.3457793733454621,0.3322615962728241,0.5166140673559958,0.421436638926504,0.5209511036608172,0.3176711668926339,0.3696754055756759
0.0056701990945747,0.1100167127511103,0.4082246500500164,0.3727346545364095,0.3082538597821114,0.3158699543391406,0.5304267188927814,0.3991251468355231,0.4742632904752195,0.3797921358761669,0.4114470474447496
-0.0027397398626699,0.1051686980625633,0.4207715066109498,0.3896118584455168,0.1956040944933437,0.2709774249887123,0.5370924218692477,0.3939035981585702,0.4458761510820708,0.1963891897183157,0.4221814681524085
0.0062742123286476,0.1050462629316547,0.4434752100448239,0.4013590104898707,0.2103505841020142,0.2844304744814085,0.5589617960773519,0.4933603568631962,0.4685945749657086,0.2560977090846864,0.436470730453925
0.0245146107914683,0.1079361410978702,0.4230257605357701,0.3506583286706728,0.1973673009423006,0.3102170177362366,0.5087832106063832,0.4846521166769059,0.4261741150449722,0.3156725739655601,0.4374668047937612
0.0019968303856284,0.0061223882871191,0.3730001704718021,0.3602278675511507,0.199420446365805,0.3520879072477964,0.5131619411110016,0.4209077477371323,0.3775744186207406,0.3486232331898977,0.4464600977565343
0.0631974879994091,0.0812110729166391,0.3601725289196023,0.3001045609728238,0.2290149114511178,0.3195768182749626,0.4996524080695229,0.4204560862107971,0.4033452791262183,0.3500106038377616,0.3781134535562751
0.0218978666781172,0.0374821393143214,0.3068003537292591,0.2660052757266067,0.230697639036137,0.3495095893766243,0.5223324468914795,0.4259351196666995,0.4510546025947446,0.3940367215341069,0.4239034715370541
0.0343258729518847,0.044122709730462,0.2998479942262187,0.2788870528829901,0.2364096547724615,0.3922546510967681,0.5465898675844727,0.4002849246194153,0.523744540672066,0.4236998736043417,0.3601824028775035
0.0462943308300239,0.0544217290359127,0.3455302581976671,0.2748498642406605,0.2784179022035941,0.1651547062734751,0.5240379204641429,0.468148065167433,0.5742656700379598,0.3201280104909756,0.3932751761541233
0.0644079615837551,0.0549892745455089,0.2716694318891123,0.2832205216628569,0.2937080121579561,0.2934326285128941,0.530008851078051,0.476793860272805,0.6077839646189898,0.3492510251050198,0.2708752812142388
0.0551664465291999,0.0469727798562592,0.3264250950410333,0.180322909610877,0.242836136036035,0.2285995546340591,0.2766717725979253,0.4801216642921441,0.4105994049478634,0.3587026516197916,0.3123402401031627
0.0462124348627869,0.0357507213992391,0.3021083439450645,0.1928522717241964,0.2445718297150504,0.2499945277512021,0.4024115711475691,0.4627161760382186,0.4556647689231841,0.3590554514286931,0.3500588866446964
0.0309585925966553,0.0446517846905627,0.3188425070751572,0.1592293385784065,0.1961660572188948,0.2667779129720633,0.4526211105015172,0.474211889374823,0.5053738585267675,0.3746559653546852,0.4060208270458617
0.0335382698246018,0.0512077298346511,0.3451510805234696,0.1714056185085727,0.1973483811673516,0.2058102284453675,0.5167895946834082,0.4392499397549454,0.4916267502410319,0.3008801309585175,0.3634520485460382
0.0363392781812297,0.046514390365925,0.3354567580944949,0.2171008232191141,0.2016334174667676,0.2063483858474347,0.4821179470491602,0.3757423425966808,0.5295901192726551,0.3090276539258379,0.3407188454390999
0.0495083542028024,0.0537908455210888,0.3552483953163224,0.2348622550320661,0.2394398027731266,0.244796012337795,0.5024880453637502,0.3725197358195511,0.4934660024355169,0.3469738028626493,0.3777072302521193
0.1008678217078487,0.0409731689438552,0.3163205929828733,0.2693132506246832,0.2223550106547651,0.268052620811146,0.4915811094064835,0.4393031883704613,0.5018799369515664,0.3514690890645167,0.3937753843379571
0.1235110874719562,0.063765798196848,0.250753296113245,0.279761083499239,0.2471658598146697,0.2766183554719764,0.5240915983072367,0.3446279719443135,0.5755922928421644,0.3519186944522199,0.3979289918871572
0.1496605001405347,0.0692774822869764,0.3279847103225319,0.2854094547913538,0.174880561720034,0.1943665942352781,0.4578621048060337,0.4280273948615469,0.5884779323337161,0.3801323859204225,0.4078681675989387
0.1624785918912198,0.0684707253662611,0.3694142092695287,0.3022176404576787,0.2079328718285749,0.1981471358937893,0.4973777616912935,0.4816357456827275,0.5504755649798523,0.4420230194394335,0.3538650454064895
0.1028565082723614,0.1534285236251204,0.3237404198331834,0.3236509353274521,0.2371723996183024,0.2569395481194979,0.5324724572862424,0.4549637000273803,0.5521062269057864,0.3387017359375999,0.3891401730214551
0.1009340336704053,0.1872806021842472,0.2626293509000671,0.3008909990603261,0.2202301841869223,0.3087823868750751,0.4722217068102428,0.4166749026609554,0.57227967773376,0.3765914029594257,0.3979961651613677
0.10158271212726,0.1227872639793592,0.2965435432380279,0.3117930124571505,0.2371097371353838,0.1396202597155896,0.4326562825067166,0.4359697794406799,0.4782113648130405,0.3863214896367913,0.4067644191882493
0.1138717525780905,0.1493892010101954,0.2925592708616893,0.344026260251122,0.2723147478877863,0.2076974020956144,0.4927112546366035,0.2804939214005069,0.4927169158190556,0.3902404649967669,0.408507115967104
0.1337040152849575,0.1529729230251141,0.2648123713051503,0.2099648658136509,0.277251143637325,0.2742343417429917,0.5178651526934677,0.3610292944516051,0.5282370615634044,0.2585355847476128,0.4595867904594523
0.1583836002906291,0.1751116094428782,0.2631032900346839,0.267825707332839,0.2251640547870536,0.2890100275575988,0.4600817440193948,0.4309530582274389,0.530532451960851,0.2914166214919585,0.4175839804398289
0.191926062310959,0.1938935192833674,0.3161008328179934,0.3299074127866032,0.1918486586700803,0.2442164214006701,0.5086803138850672,0.4332118613934469,0.5399112819755663,0.3232894013882758,0.3667507145854492
0.1152991959688919,0.2234409115231087,0.3017563678581259,0.3518512089478388,0.2249587106372764,0.2488605545465105,0.4224683498398343,0.3727975206761957,0.5380565066160403,0.357839497536097,0.3664308230868975
0.1771504158013033,0.2255381938000166,0.3436107469187829,0.2211915991166897,0.2254603517412769,0.2983321567260321,0.4635547263342717,0.4126005574850559,0.4937946399793811,0.4644111130136379,0.4031456062506269
0.1172612717236528,0.1979620961867549,0.2835736332560425,0.3118399447381977,0.2838363234786181,0.2744705708284045,0.5373608692832865,0.4353716210410122,0.5040082814078541,0.3817679887566376,0.3778239852148489
0.122783040526315,0.2306357348256554,0.2552420941696271,0.2488709823733534,0.2235206188810211,0.3256662101330199,0.5008648509193507,0.4683347594495444,0.4600352487141932,0.3963602546000397,0.2678029010870056
0.1136958932153314,0.2532548487703134,0.2411739041272737,0.3046592128897823,0.2760764902806892,0.2959348173210674,0.5272357994179844,0.4542062094158122,0.496342053470125,0.4027858412033371,0.34084690399065
0.0909261700311654,0.2287937388720869,0.2797136980074938,0.306084498296239,0.2347884071186454,0.3027177735907653,0.5274163765840019,0.4050962433597432,0.4421152715413944,0.4287255831257249,0.3793194690071204
0.1270206359065779,0.2229654584090939,0.2787239433388945,0.2877706565334374,0.1968138058795564,0.2759904577234558,0.4516183523519438,0.425429375447678,0.5331535561048568,0.408230527138902,0.429987629870754
0.0765111216236096,0.1870494983054287,0.3209688781378486,0.3206836207848361,0.2263432762361558,0.1895717611565539,0.5192717283145005,0.4413978224914923,0.4340879703841578,0.3750632993394174,0.3297474783821429
0.0969835218279538,0.1657063835749599,0.2694039469659688,0.3562642544488656,0.239362149325389,0.2683862848905805,0.5424688845354297,0.4208269539566442,0.4865398141356057,0.4491614279246659,0.339064933077981
0.1035041639616943,0.1558926223285601,0.2734769178126341,0.2941808962578356,0.252712635357659,0.21160167628908,0.5468439925269417,0.399545927885995,0.4961433984366461,0.247215655464528,0.3806548708570358
0.109009474019886,0.1669285980266431,0.2822018416840028,0.3261697434395347,0.249374222486801,0.3023857133665676,0.5881273888196497,0.4703475994840874,0.5135823514651194,0.2931317729709761,0.3925386997813623
0.0966127347874006,0.1199340617032406,0.2977438225216315,0.3817405034887012,0.2938224442295265,0.2944181893161873,0.6056084229980798,0.4968342068506421,0.5606393300320993,0.3457086516629603,0.4071871627242421
0.0995347255114254,0.1509682839187395,0.2685420434754104,0.4061759711277602,0.1530310362847229,0.1966028382433089,0.4802711901160651,0.5272364211104437,0.5710827974358408,0.3732032840918453,0.3658487843488011
0.0456952979401607,0.1143545238143864,0.2921747169031843,0.4393333163349059,0.2493815722032607,0.2570188896236517,0.4967456662263119,0.4043461837681265,0.5427868249653018,0.4044138012335575,0.38208024251027
0.0904947677363543,0.1241380856909689,0.3159271826487074,0.4874720272431371,0.268869993846354,0.2639695968565533,0.5352926377521567,0.4873609167671135,0.4598289772252466,0.4246032331901965,0.3836632396327838
0.1109905858490248,0.1418200546519669,0.3393783281674566,0.4534717252003857,0.2251695521247377,0.31566243600717,0.3930791343978705,0.4593596152763338,0.5059257379018416,0.3455330900471045,0.4140956570767873
0.1189386013742368,0.1434689513875121,0.3763703686431551,0.4535430568634767,0.2290738435298749,0.3344415880698964,0.4640611789327024,0.4775860297717575,0.5444141254825317,0.3690740026690021,0.3867628980029197
0.1476980325862391,0.1705013250285479,0.3408949425146331,0.3853776960082036,0.1641936099069861,0.35827614270879,0.5239485596320976,0.490556771697629,0.5367093888302963,0.3947884397454693,0.4017138864162727
0.1323843220832074,0.2113989593961829,0.3792948992324492,0.4257317318713275,0.173477223160502,0.3699819429697726,0.530314125496889,0.4446497127983359,0.5623447536008641,0.4444231975505341,0.3329727924923703
0.0989702709301622,0.219617060392904,0.3882470944638175,0.4115759722361892,0.2165308357399357,0.3131738701123698,0.4682950982375896,0.4041598851507905,0.4798054841249428,0.4388570127065763,0.240442093622895
0.1120076812489412,0.1916348629641375,0.2733891374786388,0.4543831820119012,0.2711523524766808,0.2853555613459742,0.5221030039322457,0.4047578091274241,0.4934182506280864,0.2879575277884443,0.3039695696201125
0.0357158316104204,0.1487033202757006,0.2381906858908852,0.4807376113103453,0.3033877496635058,0.3012112690975847,0.5705847791494576,0.4861431693684313,0.4881086478114376,0.3403761943911059,0.2810725879007839
0.0409220936387597,0.1683968818507193,0.2272294759109187,0.4971760414056989,0.2663448084973932,0.2922448340419759,0.4074282006348671,0.5006237485177251,0.5497913567237671,0.3894820248725469,0.3323606987333216
0.0782955782787635,0.1815082404779837,0.2692980375429908,0.5128566578432204,0.3339337910541601,0.2619080564132534,0.3735857700955594,0.5123777105904965,0.3996714504009158,0.4439956532828635,0.3474434261393256
0.0730208893828064,0.1830349908544184,0.1871091256974538,0.5115983601530041,0.3468889464514646,0.2924551804830819,0.4473660623876662,0.4516615167335328,0.4725604419902857,0.3936407388094006,0.3165645349723557
0.0044542787202329,0.1615100657980767,0.1825999366020111,0.5613582520668866,0.3751560201545681,0.2789504570948455,0.4897575387793021,0.4280550624633507,0.4784885627855583,0.348549856558991,0.3563729430215956
0.053322809268374,0.1360965468225785,0.2402842982727597,0.4855538805226688,0.2525503017872204,0.2305693346048489,0.5039819539563603,0.3901224911287789,0.5293121166626169,0.3057759286768176,0.3738002292507071
0.0568232572265948,0.1518234178193214,0.2432643730571654,0.457777938017963,0.2312583282775668,0.2665582313340118,0.517110732804942,0.427481856774013,0.538468979757708,0.3955025345957426,0.3203591299005102
0.0985588185245572,0.1692660472110693,0.2630443548940055,0.4770180683786647,0.2596477719609091,0.2913672332288193,0.5257345462889281,0.4000951925278498,0.4759198004740568,0.3737225552218134,0.3480268568125233
0.026495493117816,0.1417857934139053,0.2471576250339351,0.5224043217355737,0.2443389736161511,0.2324435523556926,0.5209427532412528,0.4134955967746523,0.4832805451254677,0.3764584273507447,0.3715113823108937
0.0275802353548017,0.1300658861907935,0.2367065838802296,0.5472300137068061,0.2355006190159257,0.2226277625735804,0.5790822198950898,0.4525541453700263,0.5180534763390359,0.330961691852099,0.3646245899961127
-0.0129326594299642,0.1108152394840004,0.2209060549588398,0.5616212510031913,0.2267959830983636,0.2348961853110598,0.528387547572175,0.4957905801154763,0.5204247978466252,0.3243561409104286,0.4262685541829561
0.0473858730204541,0.1415081068315987,0.2412353486739727,0.5835711750189733,0.2666780115083149,0.2790124834740866,0.4125952984429641,0.4340549025956324,0.4748756393220285,0.2718850349143853,0.438396924129324
0.007894644546422,0.1085302951323282,0.2268374329511644,0.5416202075018988,0.1054436059532395,0.2568809838558442,0.4612954242161173,0.4553017149887937,0.516008253134029,0.3176641691368497,0.3321854437228447
0.0278790108141913,0.1104938201143109,0.2313622493658468,0.573208229561889,0.1234635257655464,0.3119035857878367,0.5249027506371763,0.4687726156044559,0.5209562611778789,0.3247872182467665,0.3647917853899743
0.0282332937942388,0.1186160515933957,0.2546926572343501,0.5882531782378286,0.2081205534642911,0.2005892679311947,0.4975693334728718,0.4946933839693199,0.4867914468606047,0.3683487726937515,0.4135231802253977
0.048148960733745,0.1296150637895066,0.1637800596156957,0.6030127517541498,0.2562209566154366,0.2388117720833587,0.4740026287294677,0.4411016282114154,0.4615524433091914,0.4322923784970828,0.3006134776420678
0.0741060076990039,0.1151217130114666,0.1851323822930957,0.5657961468518484,0.3159554872597028,0.2359944008856472,0.5059528983562473,0.405399524390158,0.5351998437316311,0.3846870453755071,0.2978478412423187
-0.0266608810238824,0.1340146157983557,0.1890045499035418,0.5682087390514436,0.2924416786068872,0.2381770421937259,0.5204284212798036,0.4031646380851494,0.5347191954164915,0.3874828318581356,0.3050950096192245
0.0003721713036216,0.1496333079877997,0.2559607696832484,0.563311406004379,0.2636424834963276,0.2468012883210268,0.4678602384752715,0.4032990785342677,0.4950825926696842,0.4270003971016413,0.3267469909659432
0.0015801424656402,0.1501573626797573,0.2435015928490833,0.6068932234728959,0.1997248002191429,0.236099474587904,0.4360913460489909,0.4812141730041552,0.4931283439931285,0.4426997771390712,0.348032921861774
0.0215250632498028,0.1345221517879527,0.251630138744687,0.4857664557793142,0.2106159807304355,0.2587239788664847,0.5048366339944923,0.4856104958798699,0.530907282548394,0.3754173244273392,0.2877804420425986
-0.0366027853601152,0.1413428200787812,0.2587680349960917,0.4352285382251778,0.2003543916092387,0.305655804720626,0.4697797635976779,0.4169655210877547,0.5345316576579453,0.3885946369504371,0.2924572646362049
-0.0106892240647853,0.1238442657233356,0.1818416890815171,0.4571804742582693,0.2161737013644276,0.2547838402692471,0.5158599216280974,0.4504617135890699,0.5662502641156923,0.4130805735024527,0.344472788245039
-0.0004194401936065,0.1526935730787728,0.236725584788866,0.5146165971479864,0.2397282578113742,0.2723035809872988,0.4314130823045277,0.4608863526441626,0.5834453153648559,0.5076670421413335,0.3432322609317782
0.0450027041096785,0.1435583300343861,0.1950097272759194,0.5331710907065179,0.1923602793981239,0.2861842961732976,0.4597732014290343,0.5033897800454421,0.5080321183699589,0.4508057020743409,0.3779007819235121
0.0452640935821486,0.1002399040270457,0.119698725443651,0.5165132691823454,0.2370698502929575,0.3529247696900362,0.508489333203499,0.5124907770301828,0.5284114820095881,0.3924934623108077,0.3049109282978823
0.0349481247661988,0.1089903847941917,0.1294064358246001,0.5331790847007447,0.266156806229665,0.201447017929103,0.5132346213238387,0.5073167963717664,0.5430703889711086,0.2961216538122899,0.3297484903886445
0.0044501082188471,0.1125187017820498,0.1490592866205232,0.533256011657262,0.304759098211964,0.2506443350835073,0.486613876309007,0.5118418364573802,0.4640269316442758,0.3470542013462628,0.2869665404137628
0.0222877805988211,0.1206254887654793,0.1685914401226396,0.4996121136775113,0.3081268286286989,0.2837211270428718,0.5011963580110181,0.4779067998691954,0.4680151037519856,0.4155217544474934,0.2893344816961734
0.0024989952062102,0.0730051263818162,0.1717477133060005,0.4466648237025788,0.2027831024190965,0.2180527720342523,0.5120806052844187,0.479810392043028,0.4284149021697499,0.4412783680729016,0.3604868023649338
0.0464890260472753,0.0907458158078654,0.1909589675809611,0.5744553902765465,0.2159481349998868,0.2399651047999523,0.514753702429146,0.4339678897203483,0.3962952218351705,0.4493200859067361,0.2571723737744341
0.0406034539967529,0.0826517872996742,0.1692697689521605,0.584676131315064,0.2393276106908432,0.2626372524185533,0.5553481936295712,0.4476049774997478,0.4458047165852702,0.4346526921001407,0.2960275533153541
0.0542061118833346,0.1048299071145388,0.0871569878834296,0.4154098277166817,0.2949463325678356,0.2896289492252238,0.5578876404085886,0.4565353614291987,0.5081291006831212,0.4162309438723185,0.2986178391431983
0.0155133937773424,0.1203837828125904,0.1355528511466264,0.4344708429975624,0.352003234569928,0.2909815659014553,0.4156169709833942,0.4420739234015123,0.5265017993658849,0.4241401600798644,0.3246441562760266
-0.2390843759762769,0.1478406482697822,0.2045303675469428,0.4104552659275814,0.276642340131156,0.2679852771436284,0.5189672377931905,0.4360656583463828,0.5335902235570639,0.4609753224001002,0.3615336124298316
-0.1271653147660812,0.1000998125320395,0.2686406051691167,0.4311334647595895,0.2341112240407333,0.2697098542295174,0.5127581615889037,0.4762996149216024,0.4938676920168838,0.4625069260260822,0.2581202987278855
-0.1601243047874214,0.091484029939057,0.2798308784110307,0.4858994937727642,0.2889291518067735,0.2907551553246136,0.5008459373614171,0.4784593082126494,0.5489466532492119,0.3972101304779497,0.2265964479122655
-0.1371910406165817,0.094068645462277,0.287702240396244,0.5207420621997066,0.3463294969071657,0.321665808883813,0.518574183035101,0.3930467571048912,0.513731265121862,0.4224710664142187,0.2463854162683093
-0.1145960277522923,0.0968771514742491,0.3287534726111218,0.4330896153711701,0.3807627961561515,0.3425725930686351,0.5642118142291679,0.4135007445525409,0.5714280078414854,0.4149067915996838,0.2874552003578511
-0.1667456979139592,0.1050023577733983,0.3318402308786275,0.3843234569693099,0.2941030714747832,0.3392654360746611,0.5796338960849003,0.4429036392720923,0.4395557543165254,0.4096497004799238,0.3451731657827501
-0.1489327817104212,0.0967116401128024,0.2381722192318594,0.4228001998127279,0.2997732512382736,0.3237457207520266,0.5451657885582517,0.463744491488803,0.3960977291368915,0.3468859651246,0.3641218917028988
-0.1293271770271017,0.1232768073484237,0.2871469737463454,0.4692418603901768,0.2943438366855178,0.321805502555354,0.5498725243963649,0.4843267254491359,0.4912848801112981,0.3167069962948536,0.379214620967824
-0.0894486363647896,0.1385816836962461,0.3383209834520545,0.4926423925738897,0.3528669035040661,0.2457626722752832,0.5688449275120766,0.4165101521726351,0.5291573081601655,0.3765273172134574,0.3930701283953638
-0.1120470223306707,0.1183952176590872,0.3444788764831262,0.5431316287168432,0.3096582619091619,0.2496754285414136,0.4625136317046233,0.4584694984510528,0.4009351859773256,0.3917699727681931,0.4105061014121305
-0.1425150966560728,0.1368174136353847,0.3303908692613247,0.4085235212186826,0.3224948659787632,0.2880381964921273,0.5396114977150539,0.4707075171850073,0.5000729789408545,0.4234973518247491,0.2831928757445048
-0.160508560160693,0.1478671456946064,0.3235902034598205,0.4742013299703956,0.2054113281673467,0.2703812488466978,0.4871968349493835,0.4332177302648642,0.5287441048771082,0.3891598798824625,0.308332326968174
-0.0935939806278995,0.1510281793754879,0.2557362340363517,0.444534037092335,0.2694044596277141,0.226180011050136,0.4900383978358275,0.5091888570823866,0.5385950668953046,0.3971924240810824,0.3353505287259753
-0.0460932073195023,0.1696932092276324,0.2689015446949918,0.4383998319798688,0.3091521323744504,0.2478799728977135,0.555232669143821,0.4071942943289494,0.539924506492878,0.3519923011917427,0.3132406375680112
-0.0541079866230856,0.1739707810095593,0.2947415534032041,0.5081600404249835,0.3616300679714975,0.2400464867873995,0.5660312956954776,0.4498761042349936,0.5344911567152987,0.3644010725808745,0.378724112510267
-0.0453383199417227,0.1829919441188893,0.2765508651156015,0.5507909528386388,0.2973546032987791,0.2931781788259679,0.5006647982678699,0.4198372468612568,0.4986283851348645,0.353599131717813,0.2868759298943627
0.0129872951950782,0.2042332773613129,0.290954706199011,0.358595845629298,0.3093592309162004,0.3166829502432943,0.4370264174665364,0.4645329704914552,0.5438626442083012,0.3706744369013265,0.3191043179539133
-0.0038300282726658,0.2023283780212652,0.300090590377391,0.3757875195794941,0.3111333352515624,0.2878677913310575,0.4834806020105368,0.4502576804916196,0.4793171863303888,0.3480907885610066,0.2541502741216201
0.0178418366244463,0.2216938368062646,0.3226786310362164,0.4108281656643317,0.3488958749791239,0.2659044128412649,0.5239771902274593,0.5136949184919593,0.5365414922881471,0.422689805773857,0.3060352649504093
0.0415694501882317,0.2404475545888163,0.3408943422421621,0.4551349349584259,0.3577534954777057,0.2671979086456316,0.5319513832010327,0.4784195210884662,0.5825367869601783,0.3673017142104317,0.3267305800326813
0.0224399205511518,0.2131010736879494,0.4609815042954057,0.4658381801641535,0.3092624183660526,0.3065002916251061,0.4773967619463753,0.4106791364394102,0.5886683724488058,0.372498843994303,0.3629400697153524
0.0813137482766118,0.2269434996894778,0.3914435173913086,0.4314777532689692,0.3588426371575595,0.2571633500384037,0.5179040834796595,0.483331891618782,0.5410878630871755,0.329476123047412,0.3453257167236734
0.0501587410138418,0.2582035945825224,0.4714725161199546,0.4891710303348969,0.3667038605840523,0.3017031328060965,0.5402553696292727,0.4687582711862607,0.5943143222459846,0.3481555821604332,0.3509987221103047
0.0657197840054779,0.2234951808426205,0.550836605002441,0.485651177874039,0.2662790866765186,0.3098143381120935,0.5785883146952997,0.3793596759685171,0.4566857581936735,0.365313760961811,0.3649939852368146
-0.025409819360405,0.2104952518404812,0.5605598855249232,0.5197095517086553,0.3598114570690893,0.2447749607561339,0.5786369915176042,0.4418194894484077,0.4997224649295801,0.3156027449958873,0.3959910921146353
0.0629287378837763,0.2816995118132799,0.5050409196928815,0.5706505477033532,0.3095876093554116,0.3137545562430757,0.5487695416354804,0.4349829577262021,0.5922792375318502,0.3229852887994504,0.3978181852939677
0.0568565601548916,0.3229345923024463,0.4963327446161468,0.6082544848425804,0.2940184119943724,0.3571343413981801,0.5632659983414031,0.4960217341015998,0.4959911875929492,0.3616368838129005,0.3747795914174634
0.0577127312441161,0.3344754581161572,0.4902244982690718,0.4869232592366824,0.3321613426905947,0.2605939185750262,0.5313568509372156,0.4845231360915671,0.519988805659092,0.3760751788075877,0.336237566053526
0.066877031267733,0.1683176881164368,0.5025817005584328,0.5281487447950084,0.3377432453643014,0.2949388112563781,0.5673043815196637,0.46889118078138,0.5288619128009968,0.3904013596641644,0.3530220855253431
-0.0033713721957623,0.2516752891904633,0.5240242158049702,0.5391939482502006,0.3784280043171515,0.3327675996237098,0.5729310129926137,0.4921290166315974,0.4872879844263676,0.4667775470123824,0.3634625647968701
-0.0004931965237669,0.2543318370875526,0.4841095779205753,0.4647869891676576,0.346043593076714,0.2674937937085032,0.5077805598479372,0.5219160375582109,0.5682999672045159,0.4497917469785683,0.3695286352142275
0.0100177694962855,0.2310143397899276,0.4675754469778096,0.4677079849582902,0.3686035208992491,0.2951538436527006,0.4256568375395971,0.4035255875402979,0.5249059248640484,0.3350204540745227,0.3497463577482807
-0.0119636719484215,0.2536137240528969,0.5129368142151418,0.5004076174038106,0.4156717987976628,0.3119478348860073,0.4613444219511614,0.428359203493201,0.48888678387532,0.3980444299197736,0.3512550283305817
1.203267888177928e-05,0.2797478338338022,0.5289671154681768,0.4953412461987454,0.4251227470554546,0.3252864785458496,0.512351332060623,0.4515840148190921,0.5005686224918595,0.4070914066416929,0.1875207625123449
0.0359312464325749,0.2493741340854383,0.4447449018238065,0.4753389583918443,0.3245327580230248,0.3368479425126264,0.5637408110537454,0.4666432900693064,0.479503776284441,0.4423786387736715,0.2644390093574144
0.0463796042653601,0.2531388435953458,0.4896227770571966,0.4987985076881022,0.3505254694461513,0.3240692756663849,0.4755805518361339,0.4513329672150712,0.5043078849425799,0.4748580923179559,0.3018297527022686
-0.0116074740091974,0.2865143067980717,0.441790811417484,0.532860335011656,0.3212787893233821,0.3301539036211628,0.4973279034215609,0.4201992780945398,0.5370198538152356,0.3489515030955428,0.2601317998026243
0.0447929458765793,0.3248734634479973,0.3667013739906996,0.3428203867885426,0.3464646003631257,0.308312274766305,0.4575644523935781,0.4584737390318418,0.5571695656650362,0.4064638617888988,0.3255075871892833
-0.0272499131998267,0.2775379606514819,0.5074612551689979,0.3739553499703455,0.3951227048692661,0.3233337906320397,0.4643662640932297,0.4877911070544354,0.4290448690261915,0.3567877719259618,0.4032327011617782
0.0479703882241424,0.3245309956347799,0.5364411411712536,0.4696879616495456,0.3621825029779479,0.3429199232903219,0.491991769292631,0.4726845327022356,0.5080457831361456,0.3695440982873034,0.3122115391703765
-0.0402678332465502,0.2548441721640186,0.4311281815698555,0.5214671079978642,0.276776891679647,0.2775725915921016,0.4894497291412215,0.4507906039260024,0.5673838245426374,0.4443855507366392,0.288429100933889
-0.0165248770581587,0.1889661990190562,0.4474447899309045,0.5246791237515542,0.3064186159928811,0.3183352867737283,0.4998694148199039,0.455311758586006,0.4644676130119531,0.3104223175177928,0.3256411709514418
-0.0255422640669541,0.2108559583524658,0.2476719175624565,0.5091370185556173,0.3778415432685292,0.3683616950677911,0.5027314304553894,0.4149002722957713,0.4817523631837612,0.3884779198709963,0.363209415948759
-0.0181049233511988,0.2150291975750878,0.2770397523351265,0.4443006930761088,0.2155931673960491,0.3110865371249724,0.5547910823790654,0.452404052427579,0.5390030467000746,0.4469633456151575,0.3180391485816564
-0.0967868995474907,0.2559346459828754,0.3102882292471484,0.4688861875805431,0.2963029820188639,0.3148121358042353,0.4495715716833219,0.4902254202750943,0.53541581192772,0.4365943580399963,0.2675126224016201
-0.0888462885458927,0.2524478605688499,0.317446681877135,0.4777328762758246,0.3441966873038421,0.2876082080564483,0.5125826075780984,0.4496030802771203,0.5719083474982608,0.3933994368035886,0.3827985019027217
-0.009420338707167,0.2939066028985086,0.3301140472007906,0.4649200540353568,0.3784077309239141,0.3614192078931785,0.5140927264785935,0.4142063430569583,0.5980383441914662,0.4356872443210997,0.4221505055438416
-0.002734511884252,0.2974313709023332,0.3368674132309665,0.4126126112527067,0.2243510330834553,0.3702247207196115,0.4830750203312546,0.4696585281091877,0.6070114378790883,0.3591058692355219,0.4333693952046361
-0.0859659433571803,0.1713209751041916,0.2650874365484394,0.4323221259547838,0.2944792565403866,0.2968659728476532,0.5392740162657799,0.4821060569245103,0.4598815110285348,0.4174580361413264,0.1785603415593149
-0.0622149411608044,0.1977742921162015,0.2897044147474122,0.4402192647981409,0.3401313625580771,0.2970898781116524,0.5530520045901057,0.4164799012604869,0.2362350282382432,0.3943748731606054,0.2128473084153748
0.0351648652634009,0.3365344173516373,0.3929193700750515,0.4920188135127491,0.3512933010367965,0.3081916665720589,0.5606581700571726,0.4477942691928556,0.3864561310611093,0.4289385902495826,0.3387769085615213
0.0605751928286446,0.3709298207043202,0.408777958643313,0.5044292478553365,0.4164270084791661,0.2642182984798244,0.5619647008965221,0.4154269802315496,0.497037627124597,0.3664262011232094,0.2667981182529232
-0.0046529642437862,0.2923177501775124,0.3714904415449656,0.4802909897244347,0.2740759182358154,0.2890201950498038,0.5567622482467703,0.416362581188583,0.5286862799665896,0.3553482021930375,0.3126466221665868
-0.0055081362765384,0.3006889881706621,0.3915503046534264,0.3546462119599423,0.3116323762083927,0.1872723181397131,0.5580888379633633,0.4412270281770889,0.5074976308266014,0.3644914720282454,0.3549498166798396
-0.0147325455333938,0.2447538231417665,0.3982788097642827,0.4146817640494994,0.1916172352391542,0.2742788457365106,0.5112778529835675,0.4777725856685159,0.5101510417486593,0.4101757479991877,0.3793606967705648
-0.0319193660526711,0.3018581554146085,0.4082177166011118,0.4079201408936009,0.2894587095963183,0.3021350732343897,0.4942889126844899,0.5052490817199506,0.47094723778412,0.4190807955528018,0.4371789441881816
-0.0366923193533617,0.2573058718693944,0.3515573588233123,0.3571264499641672,0.3577634273980888,0.3120897853683063,0.5322154964614731,0.3006855975269852,0.5170355928885288,0.35494782545951,0.2640810588054837
-0.0199626009253505,0.3076870667025239,0.362305307359838,0.3376269931366997,0.3521653507653426,0.3388437366072042,0.5447310431695161,0.386590433341981,0.5309756708945284,0.3605182139309445,0.3232880479751566
-0.0003734652332993,0.3297133423171949,0.4060091361435987,0.3830836594838412,0.3546711858083603,0.3318897128485806,0.4918831214128373,0.4221792195826372,0.3886166601394487,0.3424339186811284,0.293260392700076
0.0070169436413892,0.3152362242880259,0.4553700982987544,0.4185574382191123,0.3874317036141039,0.2702122565404517,0.510701304532864,0.3319863857724704,0.4757100405437922,0.3869001003712514,0.3163202691178077
0.073360197053423,0.3650387140656198,0.5466168856710467,0.4841944511914383,0.2525172139396155,0.2750757884841673,0.5105510358799779,0.4071439927088804,0.4873020573507217,0.3936793537609797,0.3183975669726837
0.0794918454281957,0.386888594697557,0.5830345337741651,0.5512067103338236,0.3515902801292084,0.2875459976586677,0.5401126245752774,0.3739284607449911,0.4500657354048539,0.4236106151501125,0.3363819830308961
0.0243295251193907,0.3099109354857301,0.4438322481556043,0.5158244971631966,0.3734419337146975,0.2715875839587828,0.4787218515565791,0.3720400032702655,0.4046500113713371,0.2722968074061662,0.3207009593349819
-0.0004454396486759,0.2525539832454596,0.4920311466847952,0.4585881083929109,0.3887586325863919,0.3548736579259325,0.4936539241313437,0.4477541765272474,0.4119658824840074,0.3715181439294365,0.297691934549077
0.0309624025840551,0.2829377638853255,0.4942377343956118,0.4471319623325982,0.2754397313264602,0.3303296140385521,0.4872985842860524,0.4823796993295421,0.4365656371341411,0.3687827332554871,0.3596284251944736
-0.0095479870367141,0.2403564741051959,0.5885309499623576,0.544415767677586,0.3667285882790828,0.3083075019590628,0.5157002128038229,0.4729032694660211,0.4196092018659022,0.3401859569748581,0.3601529934785728
-0.007300251916727,0.349617268658374,0.3835734752010116,0.5494454886722513,0.3203989487925761,0.3677230287314602,0.4325157164071177,0.4814877372787434,0.4583677209019393,0.3772475138174006,0.282872174074174
0.0359528425797473,0.3540235175602003,0.5275166193353712,0.4986102695514644,0.3891277618235411,0.3361711534876547,0.4778234993171932,0.4945316085093283,0.4697628459618146,0.3848564436127931,0.2954688233998714
0.0377158280204794,0.2930644237614799,0.5993848652677054,0.5551416524977469,0.4262665265496191,0.3213622253483639,0.5005002975988114,0.4783627435062316,0.5057252095680297,0.3713042649298462,0.3463902794012794
-0.0650498974044458,0.3206833010256233,0.5959821020602649,0.6197609694999054,0.3864796231508048,0.374481569906291,0.5024331284327899,0.4907790799631496,0.518323559928751,0.4330712348377936,0.2837824823057008
-0.0346762560977309,0.3214113161373954,0.5098687486410193,0.6222081303408435,0.4150308910284384,0.3824946804695796,0.4499519121297352,0.5068560869116423,0.5045111434681652,0.3049361116339891,0.3133255592692018
-0.0144404660781329,0.3242458847431143,0.5822602209852856,0.6148471836718484,0.4330740473153489,0.3210190843293979,0.5262914741797239,0.4310137439945969,0.5600919292908006,0.3769125195647216,0.3839446104872355
-0.0078414872182207,0.3119731010209531,0.5495142383892713,0.5521111016171872,0.4540013990126694,0.3705214463452019,0.5577924024664005,0.5205409905297367,0.4848359016766244,0.3603868983448348,0.338906452464181
-0.0365200881819532,0.2684646606617192,0.3752686062656586,0.4496207265999468,0.3296121321089615,0.2616032925515286,0.5544015570494173,0.4603576031319787,0.4965816889649169,0.395480090831566,0.3860501364067899
-0.0461608937774613,0.2791261604056108,0.4789105241542205,0.5829388115515025,0.3592004528095373,0.3073158475323905,0.5700651470225833,0.3957677252195929,0.4183199326877347,0.4098419474178253,0.3451425938776754
0.0212535683269967,0.3272085851327108,0.501349700634077,0.4648229128405656,0.3708964178734837,0.3592698425549648,0.5486129787527567,0.417544159336337,0.4452023309028038,0.4219209984202776,0.397948669334684
0.0622404322615788,0.273317916330876,0.5488366167408838,0.5352616668841366,0.4217493037000118,0.3461120546747056,0.557376791665344,0.4669488078408416,0.464276382822384,0.3699083106079536,0.2177005114076999
0.0375131206229328,0.3536729946595613,0.5391014418762058,0.5764882032541259,0.3971988706587238,0.2716499665447414,0.5903911470495877,0.4967024332522239,0.5114357852701039,0.4077356790783495,0.2192920918397741
