RSX_BPFI_0,RSX_BPFI_1,RSX_BPFI_2,RSX_BPFI_3,RSX_BPFI_4,RSX_BPFI_5,RSX_BPFI_6,RSX_BPFI_7,RSX_BPFI_8,RSX_BPFI_9,RSX_BPFI_10
1.0,1.0,1.0,1.0,1.0,1.0,1.0,1.0,1.0,1.0,1.0
0.1758882365632597,0.5181158725552992,0.6685246065629752,0.4576070179256024,0.4383417254116677,0.4405413397665824,0.5035359121345884,0.4380360892414546,0.4072615682830903,0.4839777208832068,0.4808735656169698
0.0463128286504312,0.5027790002694603,0.5896282641548051,0.399145575813121,0.4263979865369442,0.4716359696130667,0.5211066782915297,0.4583049749632975,0.4618459309325827,0.4927436740259907,0.4331590993981764
0.0453359681548395,0.595687570235551,0.7151884328164232,0.5254523386562128,0.304091705899019,0.4547355621385802,0.5671983661491395,0.5795257650225655,0.5298239967781615,0.577827663450007,0.5421428071947452
0.1117539378758323,0.4944716928968584,0.5633651761904046,0.4818841474852227,0.4576638116500525,0.4457236054150003,0.5609901100271122,0.565749068979657,0.4775334786148041,0.4168878187141998,0.4668104337076866
0.1292048388659887,0.4659214850754419,0.6523630218459721,0.491687646231605,0.3975496271145676,0.4441768107783314,0.6040083843247847,0.5244306162709,0.4357021542354531,0.4853058226549598,0.3913157845665045
0.1210247634486927,0.406744497512081,0.6093071827605475,0.4405969844860791,0.400496846832542,0.4219968381276955,0.5560926607719769,0.5558660647228625,0.5371241344680591,0.4465650934082403,0.3475758375469878
-0.0106627691150583,0.5577488070185286,0.637498940786392,0.4827048861842868,0.2828816398281372,0.3475347443331651,0.6051445951745382,0.4249380490115679,0.5421209335587901,0.5118273863676616,0.3647843596641423
0.0067979378382723,0.4307098080826328,0.5960973793383962,0.559707051687657,0.2372120685969598,0.3799416294726044,0.589239881886228,0.4675749175980564,0.5343339127235796,0.5591630584859759,0.3605342725004864
0.0130729433123407,0.6487344998234744,0.6041216297692091,0.5214078739747061,0.3608448448267896,0.4458060968248628,0.606014817870433,0.5487544652416353,0.6105544045573804,0.5122789267988332,0.5131118313023842
-0.0808034457086053,0.3972383939751659,0.4969276405997789,0.509184568287833,0.3297614484068071,0.4628131817585422,0.4856114602418774,0.4603355751867378,0.5919072671230311,0.5438258043313112,0.3145017393892858
-0.0423574521498775,0.4786149901775225,0.4907959260430237,0.4193207990329141,0.3214828431239523,0.4997866572499264,0.4656022163870105,0.5143548517184446,0.5599033581610894,0.4594950697632564,0.4891089511761253
-0.0665511253804093,0.4096976873518925,0.5112008886635884,0.4936135060649886,0.3663880119738475,0.3780738799377712,0.5194482705624701,0.5403849661622802,0.5637711568632778,0.4608686313614197,0.5142845956680977
-0.0460389869578768,0.4560106291029677,0.5919175735928142,0.5049875120880134,0.369311368324686,0.4174897579866347,0.4703029460854595,0.5764184098167504,0.4336227854154724,0.4161633328912308,0.4759017195116188
-0.0767149476191655,0.4654180032193127,0.5990527769440405,0.5067889187974144,0.3079261002352806,0.4412181354971736,0.5364547691980339,0.5722276887125582,0.463275304762818,0.5104887273519155,0.4148586802828786
-0.0277771792090201,0.4796950767257359,0.6004733033706823,0.5678569851015689,0.3169918821254524,0.4719469629907871,0.5592852746375185,0.5033429126606954,0.531742247643092,0.4387669221443144,0.4322707084427675
0.0609924039516931,0.5717205944587009,0.6238803133032704,0.473833604906727,0.2235393085641093,0.3352012822281351,0.562066125485535,0.4845765009377291,0.467148188392444,0.4591760772641623,0.423637049709167
-0.0135952705867192,0.5364289835605328,0.6344016132928891,0.4800627270862915,0.2585302663175858,0.4361410674236342,0.5635852101720411,0.5300456253473866,0.5192856881206511,0.5277390412522809,0.4519521653229085
0.1154696103973692,0.5770798326391533,0.6185393437588409,0.5598234126000583,0.2707611659474114,0.4439047833084911,0.5298505682423236,0.4927957795006416,0.5153064185856141,0.3547398414630952,0.39614679522272
0.117348786151275,0.5283440651710976,0.6669354912024319,0.5469195076967066,0.2154551014028403,0.4483437413039209,0.5756387540610306,0.5071881237503758,0.3630087548581904,0.3966593056648654,0.3392892541204144
0.0747191644965807,0.4673159032778517,0.6367770252260841,0.573472243462793,0.3070313337154551,0.457272253655907,0.3972094584235191,0.5251268093320545,0.4485369998032519,0.3984920831702679,0.3687857520679902
0.0305260663958351,0.5023713120500104,0.5850071178547215,0.4403193318867027,0.2049304741466501,0.4660549397574826,0.4716337299737836,0.516221186445237,0.4841986082721185,0.4496770676138932,0.373874619193109
0.0349102487450651,0.4115604813305957,0.6265188993209264,0.4441657373694925,0.1742764167838107,0.4550387344488593,0.5267626195567201,0.5324129248376304,0.4807398774601135,0.4753940483695961,0.3569228046898799
0.0952837425029948,0.5282181854561294,0.626619629755502,0.486359932046553,0.2218098675424983,0.4914761701276361,0.5597373607649301,0.483562860078973,0.4908899864609706,0.4590144044194041,0.4453106080278067
0.0077149461919243,0.4821163901731821,0.5609848787299487,0.552659701248121,0.1871935522600702,0.3636103390181385,0.5647353244308054,0.4957697746993544,0.4977084086112956,0.4528633385595024,0.4603419129778422
0.0141889042709168,0.572445368508429,0.5485898371934385,0.5451417713150136,0.2839074162575474,0.4012070637646343,0.4555227925482764,0.504332235302714,0.5447211732940684,0.4620107822812218,0.3803624856330211
-0.0602155737544368,0.485510271784319,0.6108604797439556,0.5255607115282828,0.3440928360609735,0.4247612583373262,0.4229420816161888,0.5254825378108895,0.4750944103698166,0.3759637988129851,0.3675855832778503
-0.0241095289130105,0.518463527926328,0.5925600840259683,0.5489742441380092,0.3762815788308884,0.5071773929653287,0.4575686856834797,0.480608020680626,0.4954606085415065,0.4357300055801388,0.4373625874889935
0.0012149305762985,0.5298032743533946,0.6560704085310891,0.5843187298353483,0.2959617443807331,0.4804193830069898,0.4533861200909045,0.4735365892010975,0.4953235980824333,0.4371467667305926,0.445556247234073
0.0510405546106396,0.5835698072184092,0.6639967389058484,0.4686250564305528,0.2790504768727537,0.3944624881070699,0.5119942200385705,0.4924006142105865,0.4763604168105351,0.470157211676494,0.3694167538371561
-0.0083871645561005,0.5005655869307277,0.5913408178552374,0.5090437552401427,0.3749078194677452,0.4762260825027362,0.5775508578508664,0.4627000372419191,0.4951599200760767,0.4795316266521646,0.3749521003512643
0.0929603018355707,0.5315696827927343,0.4883922467302919,0.4616378521984808,0.3241949322594498,0.4359944757623432,0.5283876327113602,0.4917449924449744,0.5133950367183264,0.4475319110312747,0.3387659611618617
0.1432957843876766,0.5499387921123833,0.5653095551086198,0.477474079637036,0.4012493047957012,0.4415905193027121,0.479763816212067,0.4954432908905359,0.5635164854960009,0.5343802238537267,0.2945352998774912
0.139739171618228,0.5319045914444255,0.5700999033262406,0.5215326530172171,0.3820223520135637,0.4402899170225847,0.4912057361962361,0.5420964088363763,0.608935687978936,0.5155654895279812,0.3483905350845856
0.1820688684818118,0.5759812879762918,0.5742569582110548,0.4671183949514625,0.312617909507442,0.4127288247073053,0.5564260719761195,0.541479576949922,0.4349760786351831,0.4443247526789053,0.4177761504473946
0.1123079424049536,0.5711126075124409,0.6608566036613123,0.5335851014354599,0.3325283355445955,0.4203586220269164,0.6085270282686104,0.5538167461792856,0.4843912425753783,0.4701398618545497,0.4382875223345058
0.1578715412972836,0.5805218610171312,0.6580098866986004,0.5449285351405264,0.4043497737314995,0.4610312875636342,0.6104401332293867,0.5327580229854314,0.518531102803365,0.478254052721573,0.3698367288725753
0.0793409036333628,0.5385617839282957,0.6791624176800397,0.5407380515013457,0.4831049015139522,0.4781409865152869,0.5269633489220619,0.5028139200322586,0.5506934927730025,0.3720796169641092,0.4250953775815128
0.1420106194595218,0.5741845872776389,0.5566345534230662,0.4636673823308185,0.3608703683456458,0.4508199315398384,0.4613332997554911,0.5043557999275152,0.5631430860085442,0.3937003848351126,0.3901881798506491
-0.0362142553198273,0.5688472307199852,0.5717856931063101,0.4555397963153992,0.4093119687194184,0.4609763363978016,0.4894377232831062,0.4831605703674318,0.4932708522425379,0.406626686030533,0.4021307094510137
-0.0254130008983486,0.5463124744204622,0.5998828047086379,0.4252656567298287,0.268349138177605,0.4773310428364906,0.5116370316920534,0.5005990063120643,0.5135930068751442,0.4386740021871676,0.3536496287512427
0.0002849609241429,0.5608592921734576,0.625989174141548,0.5524272979700651,0.3450653656185192,0.4840714467717999,0.5254697527799976,0.5365882725614834,0.5167153615214732,0.4168175977081285,0.4127292373581135
0.027143265210952,0.577941098066526,0.6200571944324145,0.6085752073413141,0.3817812403902647,0.364787955264885,0.5145238283467959,0.5710319463992348,0.5124858140507108,0.4001378783374668,0.3839289791907519
0.0079673508282628,0.541028032508451,0.595283886822188,0.5950236800955541,0.3994618256288571,0.4067710869389607,0.5487704682134646,0.5766236848031718,0.4322660051597934,0.4135401915310375,0.4018116935786034
0.0708014434131992,0.593298657688523,0.6085042079980698,0.5035113306951545,0.3357556742104715,0.4286519140903604,0.4658634642000718,0.5289964022313944,0.5218876398243257,0.4213556475100163,0.4244917039725111
0.0659161336811337,0.5209383656332477,0.6265839980865684,0.5517770818723207,0.3867130165271487,0.4634084941633912,0.530169752743144,0.5482295447302622,0.4813459694647067,0.4350545145687775,0.3389545233911568
-0.0085648879645952,0.4961207069347877,0.5863863961958576,0.5196103883034522,0.2609852089927162,0.479383066829845,0.5244067718310697,0.5211662010582442,0.5039035145688323,0.4191535663774319,0.3376470370069976
0.0176641715571746,0.5118941756306009,0.6050998531457905,0.4622357884586013,0.3363641466328589,0.4119838546118293,0.5303383223819418,0.4615036972051781,0.5232655804886528,0.4711063566907502,0.2928438008418014
0.0085049849839219,0.5124417881622717,0.5647671508726676,0.5211726476882017,0.3498528635616973,0.419879006986834,0.5685365183327218,0.4167624569332402,0.538020399029008,0.4891208215762462,0.3734747361155071
0.067321250445968,0.5384144279554769,0.6017803419195078,0.5537643708749078,0.3627497094436776,0.4408334995442047,0.5297655720059368,0.5162755337246833,0.5528526484712768,0.4936949527249068,0.4951653700636671
0.0182478559141918,0.579116757835457,0.5568127786504168,0.5717723067871299,0.2831397914040908,0.4790881803162156,0.5519891968914965,0.5563460041232926,0.5019765320840656,0.526241954843184,0.3773366334999482
-0.0589838767563294,0.4035445837318053,0.5712920758409853,0.4583114442287492,0.3028287064720524,0.4433548858066354,0.494060911505528,0.5345262708370743,0.5036177718886178,0.4616492467877692,0.3304137238216362
-0.0044951038817658,0.5109199031085574,0.5875086289171438,0.5167313596828959,0.3256153696939969,0.4461846556293179,0.5474911111977855,0.5138519065145062,0.4439185961359944,0.4873816652449577,0.3664024000635286
0.0630100233268662,0.5377033589327602,0.6132260963616853,0.5274410888435374,0.3557232050825638,0.4025107681970548,0.5505536801654546,0.5059608817834348,0.379416030509622,0.4535617571362422,0.4024567288504191
0.0727435135454036,0.580674975763573,0.6188220905028469,0.5752821521160917,0.3905144085811041,0.4412508576345197,0.5066525094208655,0.5366065906878813,0.4710634321408263,0.4331829571938932,0.3686164757431502
0.0683015822442432,0.5449773066067205,0.6452157548716335,0.5824451188335944,0.4042112757823884,0.4820652092995089,0.4301508831082944,0.5518702752318377,0.4374919815379324,0.4553917637961111,0.3757498553388938
0.0861740761500879,0.5414634753380264,0.6025192000839051,0.5498722480294365,0.3176429991330732,0.3927484123475968,0.4607718977025289,0.494686208771309,0.4713909403720232,0.4474972285843192,0.374255483044781
0.0148953902571968,0.5102824749644596,0.6423018848789579,0.5322824592454571,0.3268674149695307,0.4058861821135606,0.5064111965420286,0.5026957920809771,0.4917359756754462,0.4485773669437573,0.4063104750575584
0.0500000906404633,0.5372424971561238,0.6682564042531101,0.5148016553361967,0.3661830248568866,0.3719424849195274,0.536194461326148,0.5417573016123118,0.5167295389687225,0.4255763477677518,0.3722504275210444
0.0598778000323591,0.5613856204764832,0.6704465842479775,0.4873887227612988,0.4069253029090939,0.4313392476856242,0.5099207447913643,0.5105413084165478,0.4905731599863192,0.4650477432555464,0.4424091306945837
0.0307916185392987,0.4958882402708214,0.6386910856192869,0.4910394209490813,0.372989147981229,0.4120539594658278,0.5315678687492975,0.5284383857396578,0.4124682661923819,0.37428899801361,0.4211716844720826
0.0400103380127653,0.4409136639081741,0.6406799697049056,0.5134546052914463,0.3667629643928562,0.3963217362530055,0.5313568413623174,0.5299841379082271,0.3894205673362299,0.3958861483026306,0.4898814034378385
-0.0302445684257854,0.5076515335454621,0.6835939646175193,0.5412321231116466,0.4706905079985682,0.3702921492673358,0.5093434261137535,0.4040049881945348,0.4617724938920262,0.4735782959763641,0.3614347203630311
-0.0665658872511868,0.3594643852006324,0.5035504156770617,0.4973964412987542,0.3714626429783575,0.4143272312914657,0.5317489600181082,0.4471116672098592,0.5183945440815383,0.4706960800347056,0.4205794028593443
0.0573890189665387,0.4916573052772741,0.5630077067104198,0.5325332665383035,0.2939926820464751,0.4408966573045153,0.5442807121289044,0.5586174729963005,0.4172666303164901,0.4858382768872971,0.4442782224461117
0.0093233344777449,0.5088919843270618,0.5969318351879966,0.491899926518052,0.3413739640808383,0.4315804579810912,0.5630465764488038,0.5589284213870116,0.5087189684927119,0.504228072969442,0.4549420838051962
0.0281428706460259,0.5315473487222897,0.6385893420659348,0.5008389626907379,0.3659577045525458,0.4677828765177047,0.600395984793075,0.5697134138034232,0.4867640573882468,0.5166959927448951,0.4252160011387664
0.0111345194667967,0.5407513844170491,0.6444495284400107,0.4767927315087752,0.3945112926650986,0.4852403018811196,0.4329441836616036,0.4973372315631252,0.4591579687202566,0.5207031057831091,0.4434513276151982
0.0120483033801546,0.5791039730774667,0.6304541452681462,0.4896572537006258,0.3238488520245388,0.3792627835222997,0.4782451170731029,0.5170073369880615,0.5107049387793416,0.3843843911352718,0.4468792481945104
-0.0092290632179613,0.5650793553810113,0.6144491898506086,0.5221506939642726,0.3502299322668809,0.4401571556452988,0.5220445691314459,0.5037817679409083,0.5530934556966648,0.4625318016346602,0.4632196315634977
-0.057905610022479,0.5768205185160583,0.66084435259531,0.4729232242234903,0.3515176035733064,0.418541636812645,0.5559652820562438,0.5217515024709026,0.4927046954842437,0.4623975769610211,0.334031349898952
0.019259730036855,0.6210743607987241,0.5942049488157558,0.5431165625522715,0.385054912959466,0.394989120345772,0.5561914051187493,0.5607885956124863,0.5080478557546807,0.4681178038462941,0.3975412398151437
-0.0360371227688824,0.59104359561831,0.6113242579461358,0.5648204193810877,0.44482686159605,0.3498166142258567,0.4944561916986534,0.4438920731333239,0.5152238202363733,0.493454020835538,0.3732024529675888
-0.074628214821418,0.4727143179379742,0.537735672621267,0.5285448722239366,0.4315386151017275,0.4160463602150162,0.5155293238391243,0.4902554158918175,0.5392500290077742,0.4876251912465881,0.4259511483142617
0.0022787357709991,0.4951094163788356,0.616815969835666,0.5614628763492229,0.3968829073901544,0.3571123485010569,0.5062661071412086,0.5583225661708231,0.5557638416229185,0.4773600591411032,0.4297616272936921
0.048561104370386,0.5410554503279772,0.5718874841929474,0.5295728904325839,0.3387233953689299,0.412553181998744,0.5107882619622091,0.5717352078677844,0.4983498664667918,0.4538577790843591,0.3101873249162254
-0.0235286319918529,0.5447726315526313,0.5619230638525038,0.5382648824312672,0.3388969452689525,0.4657170670112163,0.551419816724529,0.3428959373467545,0.4347304456654153,0.4242987828882186,0.3473392577679647
0.0030457990348745,0.5659002521156886,0.6401074816298991,0.503906199441694,0.3460400220146445,0.3913415708976538,0.536557816894209,0.3878646988685285,0.4797053467803856,0.4142199779003305,0.3925616133370287
0.1073294740530951,0.4791936195634502,0.6709709502315526,0.544616923900634,0.404132065598389,0.3966379299644659,0.5632957512420325,0.4087542905730907,0.504413742772267,0.4565392241579166,0.4280344244239646
-0.1069948270867107,0.5169063013678389,0.5866884223276039,0.4770785605262522,0.4278461781567321,0.3844328271279995,0.4223133112833641,0.447563523378509,0.5384516977531772,0.4128415888940581,0.3991192214995911
-0.0739179030749652,0.5141630828959163,0.5848259970108537,0.4960484476232709,0.3877581669993393,0.2947427760722684,0.5108579121079063,0.4739377989575478,0.4903011068272929,0.4763505707744048,0.3882525794882062
-0.0446076096034956,0.5795355880076463,0.6246295176016395,0.5268185535862467,0.2660188112334193,0.3623417238403529,0.5560635169572976,0.5250191408717195,0.5287660612294633,0.4882296470753056,0.4203767637316583
-0.0080495285891817,0.5419984473089601,0.6435705286183031,0.5344769246024894,0.3196483778901872,0.4004540259764024,0.4398231684847133,0.466495651199882,0.5074842737042243,0.5199834074453908,0.4436005925258668
-0.0867165989200281,0.4641977108520911,0.5817338245668334,0.549907791539735,0.3418801907578171,0.4011829253408647,0.5119097915137811,0.5190007727155094,0.5183806572985328,0.5337027289705348,0.4725531464273961
0.0065964059377908,0.5174083162757709,0.6137254899820428,0.4272484489711108,0.3792918780708255,0.3527323566874537,0.5226535938268932,0.4808116113291587,0.4711704309866983,0.4426451260257898,0.3315738360837759
-0.0884196805524905,0.5292288634742226,0.5261331176162253,0.4648795881037243,0.3694063134663302,0.3807921390085209,0.4715578858473757,0.5248289667598655,0.5236135692933895,0.4548019338912278,0.3914802963123106
-0.1079009467071775,0.5380065239087819,0.5362785702466535,0.4872826144115894,0.3870117882727799,0.4236582497031587,0.5573587359296621,0.5542993303020538,0.5337065107020806,0.2823578792264904,0.35418603066515
-0.1050868238430947,0.5569565754271922,0.5827279976582928,0.5437642744419113,0.3783809033086179,0.4904848809551237,0.5477899535724543,0.4657193087734492,0.4758181572880532,0.3577617018766889,0.4173313687446719
-0.0920316496384244,0.5586080622169071,0.5836076315591023,0.5625475293869792,0.3841341178907618,0.4832936087020369,0.4758730550008125,0.4977492390830381,0.499825240129103,0.382750849742991,0.4257146735152448
-0.0725633117513505,0.5748456949468501,0.606194535168626,0.4208190275938784,0.2993814930241083,0.3868435612360996,0.5347626303963525,0.4975919657267237,0.5146525368924881,0.402344183293956,0.3982052980081308
-0.0383828310390008,0.4825940693879729,0.6030199871636676,0.4215969301977182,0.3343594346086613,0.4243559864628187,0.5081045193848039,0.5062796394794616,0.5402827239376244,0.4594210454200272,0.4453809568751071
0.0045553329298824,0.5182955757348329,0.6678985753124742,0.4494754384475046,0.388564334827194,0.4497159025521654,0.4389073610417493,0.5305962362263094,0.5313428914342446,0.4059256095130436,0.3282935359880269
-0.0707777466842047,0.4408753090212524,0.5654896925338286,0.4744298897419046,0.3317784748715021,0.4408880680696416,0.5102283594163115,0.4862086225045126,0.5167253059803633,0.4040151813049785,0.374589662189056
0.028058178934904,0.5123269629769223,0.6184265287804726,0.5303672027790067,0.283793428418441,0.4912128913773208,0.5502224855700073,0.5443740563254723,0.5799862905779853,0.5066490514447399,0.4153582819982264
0.0621373654600797,0.5310374529811633,0.6660829494437067,0.51590233744267,0.3307664630032899,0.4933127909477915,0.5332939674267366,0.5114473844021368,0.4206736316007585,0.4703239584090621,0.3905007982371242
0.0760309152264509,0.5277586287915642,0.6656906660082468,0.5459608192713981,0.3633154845623117,0.5006219418843106,0.5587058996394347,0.5634973532813137,0.4938642338242617,0.4467869448364007,0.455983407821859
0.0635735316076634,0.5690509418034501,0.6000911414929861,0.5214246650723797,0.3972415732034852,0.4990460784145776,0.5813054283589254,0.5556432197003194,0.5180140304626869,0.4537037077936978,0.4336734615784891
-0.0201091338155788,0.5548072769227796,0.6558636477913962,0.522634315676731,0.4574272046799412,0.4358323114862261,0.5287318722355322,0.4710452782701519,0.4466305777663727,0.3719013184111751,0.4214531967142501
0.0202555775083438,0.5556291200016339,0.6557477896082871,0.5385660452210109,0.4282007105609743,0.390874867562037,0.4368721530209045,0.4971178429396886,0.4990530272645275,0.4137150839922984,0.3663095210501722
0.0255852198702959,0.5080511514918453,0.6372522036134306,0.5443467272094908,0.4340630812324708,0.4300565974149255,0.45118132631535,0.548023599196118,0.5178822045803724,0.3717433114403901,0.2807694734364542
0.0406177736630026,0.51702698038756,0.4911113497675956,0.4998172015510663,0.3857018732951473,0.4682611420982496,0.4676531240407258,0.4999197819988624,0.5187254459663655,0.4197165636294195,0.3599407517099212
-0.0731726316830327,0.5623012484959786,0.5389761208911145,0.523435700738349,0.3611428774843656,0.4865660796350624,0.480417855083909,0.5429514220588072,0.4915669905614646,0.4305896527485933,0.3568809124779653
0.0189468165132124,0.4441059391240973,0.5869367295750265,0.5548462072327838,0.3929631626450708,0.5025428404919912,0.5139059082223545,0.4429884340883532,0.5115387399998383,0.4561997379005056,0.4295412546460774
-0.0034073682269049,0.5250150758866918,0.6008471283681223,0.5239137786710616,0.4313455074207956,0.430299660378181,0.5497799539907009,0.4803639711413504,0.4632771812883511,0.4160993490330321,0.3827685939192442
-0.0771752184908503,0.551646420726408,0.605258792101552,0.4715477452694496,0.3662246827444015,0.4490455075302368,0.5550318509384414,0.4828743628097236,0.5009840682429395,0.448804648136185,0.3889934489033683
0.0235572524442603,0.5026333928886536,0.677713068296759,0.5118193858116391,0.4031417209459463,0.352496060588704,0.5609309112443586,0.49768588438843,0.5154878277449364,0.462459318057879,0.4348134283559528
0.0585809435968598,0.5205344695714877,0.6420754366057315,0.5136244224479763,0.3583631888513204,0.3731383303127857,0.4053460099653621,0.5271492217066102,0.465200708114353,0.4294084848115193,0.4533307229607126
-0.0811241206883559,0.5585330746006432,0.6826122835937498,0.5358603667932137,0.3707542691628261,0.3924882354077111,0.494973570279659,0.4801626733508704,0.4849042622886572,0.4851117153042577,0.4204475436923153
-0.0341842108893159,0.4928957576124542,0.6924793253007484,0.5145493479982789,0.3460464561313039,0.3850961146697179,0.4169693519055902,0.5164642486810853,0.4259218678847468,0.4871016104218316,0.4314835063119997
-0.0463543090473224,0.537227829522712,0.5352135843968321,0.4945870720973087,0.3602173664792681,0.41688239278832,0.4968795481227974,0.5730802722430905,0.4809449749431547,0.4332515811615734,0.3190046871936644
-0.0713197790285574,0.5974753475600187,0.5959779159213558,0.4573663921975034,0.3801184741490105,0.4151626954541972,0.5279779653408389,0.498705023210396,0.5278744772348185,0.459458938674477,0.338746486951544
-0.0549891049662519,0.5308297389791449,0.5923511851399509,0.505020455029293,0.3910894244680093,0.4359530384873736,0.5498699724893035,0.5104602395567086,0.4650817030608078,0.520419297827613,0.3787190542944362
-0.0668188132916099,0.5591507625268115,0.5923691264761508,0.5068384820066767,0.3976546326476636,0.4865578737998032,0.4416089918770343,0.5030390974331559,0.4748335321438559,0.4261236835555609,0.3142694522215736
-0.09622696794384,0.6053980953286293,0.6021528799106368,0.5463460278353118,0.2858777369468552,0.4902081032093806,0.4246833611493154,0.5605629057763357,0.4680931779793495,0.4378472001100056,0.3817153644927168
0.0409661454756308,0.5385854927759623,0.6270210303473894,0.4889958414087095,0.296884185265067,0.4606655424607059,0.4524713704590463,0.5225852697646257,0.5070351864899387,0.455253839757466,0.3950387167965896
-0.0124335390148791,0.589333015269192,0.6110385562880264,0.5506539891798142,0.2717550788620634,0.4757025039914326,0.4941704076330182,0.4505017396933355,0.5219315558834392,0.4061264389150474,0.41984773936707
0.0051536404788862,0.4761415136001177,0.5616332438248874,0.458680706493518,0.367261497203544,0.3374697852296052,0.4699681572761944,0.4585390474330496,0.4599398575834258,0.4006167570603626,0.4289044281114509
0.0159466598141279,0.5048323761706048,0.5985081772360414,0.4502082536287232,0.4418641114189018,0.4197868994007577,0.5161023743346292,0.5498390233595438,0.4947881934491918,0.4154302462895465,0.3644291552518571
0.0393004528634402,0.4867942984025612,0.626971127080891,0.386657049462512,0.2877538018331269,0.4497007777726868,0.5157602679788575,0.5808664858883521,0.4282785196908814,0.4366262988506553,0.3821195002941649
0.0099111011855926,0.4979756188212875,0.6121030469002459,0.4074613751070107,0.3579871179979184,0.4825532890786614,0.470042561337566,0.5692107981667793,0.4609904129392529,0.432656354546358,0.3291476029660174
-0.0670043234642413,0.4852239611430091,0.6281166118231178,0.4704170227930159,0.4034048436772338,0.4545814905475965,0.5241245842870697,0.5328728184980913,0.5143927433684266,0.4637809441189464,0.3698040319838483
0.0108116745255429,0.3943306722976138,0.6297908717175419,0.4927490247278711,0.3853147957608349,0.3439733703984373,0.4527592470099266,0.5546209036930001,0.5693145339047133,0.4657598100415878,0.4090264115782028
-0.0630252060090753,0.4603160654305239,0.6363162819991561,0.488252273460191,0.3938835878227586,0.3752231891410302,0.4663882904422753,0.509527017998075,0.5437158067027263,0.4646401145230862,0.3072683705380233
-0.0325943853336442,0.4777036702508477,0.6401435079130418,0.5171989481070633,0.4546914641004,0.3871895076262354,0.426718267343724,0.5178085886995138,0.4589520189190644,0.4130469658857496,0.3735705487290045
-0.0141294690721354,0.5338557040204266,0.6711773463194431,0.5409374476547939,0.4658688169073145,0.4388045436230365,0.457814040620783,0.4694786276614043,0.5135188896586499,0.3589211593316997,0.393145877971617
-0.0731059569199054,0.5609288041119624,0.610191873560228,0.556857856843856,0.444221095966978,0.3924536196519717,0.5010722735153184,0.3392959524341312,0.4870283554669463,0.415785963551965,0.3957208444298508
-0.0241913278368352,0.5849841176041763,0.6512063780326534,0.4810852920692613,0.3780031446010343,0.4283779974550608,0.5549007353774499,0.3902658385078722,0.5211971608473259,0.3470693632433967,0.366326908113553
0.0020866417703576,0.5615766106462338,0.6405292277207326,0.5518788984759394,0.400875271451582,0.4312011758907577,0.4484337702142884,0.4684412427756611,0.4709698607910748,0.3686745039265542,0.3995995944714358
0.0263996675524127,0.5291011604072752,0.4921439612005362,0.4858243075487261,0.2630306550885944,0.4402379549211108,0.4638862051568613,0.5070699077147582,0.4731035431929953,0.3750188342296388,0.4226047376704703
-0.0031414145448213,0.5673152282393091,0.5741271031356027,0.4133376437324305,0.3183766000500883,0.398372276384248,0.4993519304994008,0.5411588276871704,0.497347988059544,0.4306792073868275,0.4402350177954592
-0.0406379823993263,0.5069643319632792,0.5440426136160433,0.455255997152971,0.3465322921106166,0.4233861830819588,0.5138814452652177,0.5353872841403081,0.5224513916948149,0.4012878841606504,0.3984476095355247
-0.0252052208017063,0.4893154526309487,0.597124190607435,0.514804311563952,0.3814219487099304,0.4263078048025759,0.518057310725881,0.5187423806983815,0.5405464905449253,0.3790109858242126,0.4360150892068964
-0.1057223473635877,0.4321825976421816,0.5938736205519632,0.4688581989491275,0.4162855826174178,0.3885583578454507,0.4907368382290462,0.469172147006595,0.4687210814865293,0.3888104961779818,0.3802021716517214
-0.1814228985172408,0.5023725848651224,0.6033606179449611,0.4796258094710632,0.4217727029984248,0.2396278358228863,0.5541346105795126,0.5390631617126824,0.5224949131948885,0.4436812252753974,0.3883774203359904
-0.1530181760569852,0.5495149823861134,0.5720808251906271,0.528416563119929,0.4558862892335015,0.3412454306961358,0.433888872294581,0.5672938520151729,0.4729676859426507,0.4931931832329366,0.3200096939750467
-0.0435427562972398,0.554097764752245,0.657228859485599,0.5509139934186456,0.3680427924374861,0.3933008470773232,0.5054508575013672,0.5856356968064241,0.4635841257870161,0.3550483646071006,0.4353829092827658
-0.02991350407902,0.4070222841039633,0.5166476504264983,0.5729841565372595,0.3852983204732962,0.3928754672772928,0.4658475329444,0.440218925618786,0.4439223192194391,0.3870217052878416,0.4363472706982848
-0.0610286115592344,0.4611251863210185,0.5610318946728727,0.5906624268806353,0.4185887915370339,0.4444908736967954,0.4811784618373838,0.4218465973426719,0.4907081301841575,0.337701226749637,0.3161965881122312
-0.032880926781236,0.5162748542388966,0.5844232973413701,0.4669788358987928,0.3592080618115962,0.464156235105351,0.487874473604834,0.5078380275396919,0.4328378487068864,0.3693634982801563,0.3671060582646628
-0.0877391485054612,0.519230983383517,0.5520979412935958,0.5123945976675456,0.4172266908843665,0.4247123290834117,0.5092938792716137,0.529817718315349,0.4770397833344068,0.4183821398958481,0.3624475798760316
-0.0161058737083728,0.5303598356847982,0.6277241647046496,0.4962856506975737,0.3191415985317419,0.4536444784721924,0.4460789731071728,0.5022115133604187,0.5076712266876346,0.4686846548654333,0.4011745927258288
0.0068403468251394,0.5598533536015255,0.6322116134703718,0.5129347082404794,0.3894495320237675,0.4339128605145316,0.4564987455540508,0.5055223923043619,0.509675654491315,0.3948744862024664,0.4488208182935984
-0.0240203851920926,0.5146290822594195,0.6480291520222976,0.5375999807694692,0.3417857293395657,0.4542727704456428,0.5143994451527976,0.5410686437274712,0.4333278795105498,0.4064199566030334,0.4581691993319047
0.0358398666270666,0.4978701577686503,0.5956565172177234,0.4827518942448182,0.3498276286171917,0.4107291351888352,0.4523793132041724,0.52561477668137,0.4608386975290283,0.4232255276854672,0.3956088558307106
-0.0032154080111218,0.5221601358984149,0.5214930134055191,0.4318999353481698,0.3597415712465031,0.4705728844569922,0.4541778408889773,0.5047636400234993,0.4799801205589826,0.4577116359757939,0.4120659106700418
-0.1895461859387045,0.5278099500707756,0.5537032570172449,0.4776269013360513,0.2205941892651687,0.5037293739635695,0.4955798713274985,0.5757398085870097,0.5149180161714084,0.3723804454212542,0.4447568850000759
-0.0805666604621506,0.5617450529054164,0.5898095455272089,0.5089243339602563,0.3119011615330763,0.4044599824330872,0.4931008033300789,0.516303050730255,0.5194030269496168,0.418411763549098,0.4777435821864927
0.0057682780923156,0.5632774321297862,0.6224747657515562,0.5240424668558665,0.3525616184138184,0.4133532763251126,0.5332003766257691,0.540542817875515,0.5465006339353742,0.437248738780095,0.4270753110588927
0.0066235331244789,0.5502855786386788,0.6436559914601174,0.52333963560948,0.3792871927729173,0.4295660819629993,0.5278863611630339,0.4269308981921236,0.4788433896091456,0.4010688521800579,0.4366923536167262
0.0402627438889242,0.5681706579326555,0.6016811017765296,0.4344499953022874,0.3500314062181763,0.3937864237976743,0.5068280691382606,0.5386846077900074,0.525540824505052,0.4201988582960875,0.4433231820174896
-0.0194821841643686,0.5209192535232118,0.4730927421877173,0.4856090963800802,0.3560018051923217,0.3005117513911838,0.4703403507300437,0.5074530512453179,0.5427609064533447,0.3185824235650647,0.2878204028829309
0.0326527566020287,0.543723929393014,0.5411200919083343,0.5004121874433688,0.3355306421278295,0.361017555552601,0.4772105567945074,0.5421157211324512,0.4458234788999572,0.3732518049226655,0.3291078082032864
0.0128680431339752,0.5641815912483688,0.5923437332792167,0.5311149029213683,0.3327997357776885,0.3893596567273349,0.5102515903837318,0.523825813556583,0.4626126618193947,0.3727746572026336,0.3954451991805483
0.0359232950700529,0.5808624300918609,0.5613061796535935,0.5526862467474687,0.3745724478248668,0.4248061491065415,0.4645588846800557,0.5607465749597225,0.5299588860748855,0.4003830997921108,0.4071076273635554
0.0381400538194347,0.527755989237625,0.5576323236034287,0.506324774199214,0.3899386817455786,0.4203262316146424,0.4936821245291221,0.5847404257114086,0.4750679087329554,0.4594876239272565,0.3365054630535502
0.0048942621550248,0.5125781386952325,0.5955470967045899,0.548018021040528,0.411511152527037,0.417961327090596,0.5344880470194016,0.5043953222666311,0.5126340788558276,0.4289413806594114,0.3679459039752848
-0.103976324420166,0.4530679873144224,0.6585552627650333,0.562528586148864,0.3820696856941453,0.4212843329639053,0.5104761347072462,0.5120310882903893,0.5294040662326047,0.4829832693156256,0.4120584210631046
-0.0319907322366326,0.5006569516695025,0.5848876710769043,0.5034802195382482,0.3704004502319704,0.433048563181809,0.4767386829758603,0.5450659498383279,0.5568111387328445,0.4055098846115161,0.3347496097597827
-0.0152132919171288,0.5253561447826844,0.6302563974570978,0.4768937395395926,0.3491819711078173,0.4105706298007197,0.489458482034058,0.4365381236162607,0.5659583561894976,0.406112401282125,0.3725980513137863
-0.0104608299679051,0.5523619391780561,0.6522428957988717,0.4966604068413829,0.3056204904046694,0.4495960448040107,0.4164940748668342,0.4997388644772569,0.3619397365773311,0.3675907546104773,0.3984260783127973
-0.0719280430976025,0.525423398084914,0.5361006086146377,0.5464207040288765,0.3316203937905926,0.3296477620301705,0.5035971557155775,0.4673254125575287,0.4294839807745947,0.3948906167720499,0.3689653200166551
-0.0579882935736735,0.5151502393861559,0.5819816377513575,0.4884808824447844,0.3555269813898638,0.4361624313750247,0.4937401884560251,0.4846508802431378,0.5184035377193275,0.3910588554341334,0.420976311342025
-0.0133044746098991,0.5259404122316192,0.5890959519318326,0.4886402246763643,0.3389431564797102,0.4149987991170689,0.5046014528888243,0.5099144025667106,0.5184296552322131,0.3699631007793597,0.4440920604772737
-0.0402931162818469,0.4810413264617906,0.5585961171383828,0.514942298155755,0.3717907379359567,0.4440215528670299,0.5591192770704682,0.4513223861490935,0.5228555346445811,0.3652548582743153,0.4330182163922286
0.0095417437506681,0.5488354531019451,0.6134113674080992,0.515822528726989,0.3740021906915577,0.4767802632923928,0.3989212015896899,0.5007545173904057,0.5249780806763398,0.3983774237564772,0.4620286933047172
0.0197673859093766,0.5885773245743838,0.5639493764125066,0.5190870697660415,0.3529174551577717,0.4187146345963832,0.4428669306769238,0.4928446617786612,0.4694096016070771,0.3369705473871625,0.3627585220426799
0.1007514294355137,0.5818932281166525,0.597517177991042,0.4619693205547492,0.4109837011930157,0.4445831786848828,0.4928487966792648,0.4981893439419584,0.3865106044695712,0.4319891444150712,0.3447383074030937
-0.0211575214159707,0.3920375349795425,0.602805456313968,0.5301884955883319,0.3717937754622516,0.4592657730488917,0.5444226533900589,0.4633018734406038,0.4326682493278739,0.4641077215335266,0.3795541735056641
-0.043990894096249,0.4347317555449663,0.6291761753620664,0.4730097058422715,0.2331594754677729,0.3173587365814672,0.4746600048008664,0.5163437226944197,0.5166586657825417,0.4852917957329461,0.2996110905809611
-0.0627055321781349,0.5571221572258621,0.5848921151434333,0.5034871083300445,0.3550625385277111,0.320705209083522,0.5579417405621562,0.4090389691123718,0.4840249282652688,0.2907583931468581,0.3767691231508008
-0.0324018587039785,0.5832659982434385,0.5856396304962165,0.5164858119381173,0.3534514137587596,0.3475108589140965,0.4841368803603521,0.4656054883973735,0.5033050544609343,0.3656589123753616,0.3787245036229258
-0.0161174922318512,0.613112403674249,0.600724711344609,0.3909899241564865,0.3207713181611045,0.3747155186294542,0.4925504997983825,0.48601966837022,0.5603446644880405,0.4216624619146875,0.3852386480271993
0.0264309585891346,0.4451412301795491,0.6480050974881484,0.3857145416433205,0.4073857840361023,0.4276862467761607,0.4537043500700995,0.4622952971141635,0.4402085880204759,0.4680132619974547,0.444796880463921
0.0619034460944626,0.4941852457343975,0.6055957074658168,0.4560146066409599,0.4042450705772525,0.4110140894720327,0.5169145659013245,0.5134661629073141,0.4500385916334962,0.3656682712957355,0.4504126637454915
0.0551282003676034,0.4824978132016663,0.6621658676450168,0.4962531039873603,0.3308997097687567,0.3965881194940207,0.5199043783878323,0.5167967186113986,0.508208684630288,0.4103612922081442,0.3344415640935731
0.0398863757182673,0.5333119798905357,0.6862546152017275,0.5034643325574708,0.3564024679277705,0.4569670230481242,0.5505087513373321,0.5319400404654105,0.5050334849412849,0.3494186087189371,0.345376319117794
-0.0143511005280118,0.5488851328332736,0.5694490933037456,0.5249149487869904,0.3514200053261381,0.4808709420385131,0.5594984679019239,0.4548056354806319,0.5115616682206673,0.3981681224960261,0.3985941945454326
0.0070484212470793,0.4586587177845185,0.6388417864457343,0.5397921413830131,0.3726116870958726,0.4179629848683151,0.4540373660574495,0.5170652857599727,0.4555362376901976,0.39133228064128,0.4388185879251524
-0.0014640946230576,0.5156700399537609,0.489960730964292,0.4830864857922287,0.3765871094931762,0.4261622955030047,0.4866181435563909,0.5301741470822119,0.4744581623629289,0.361834387995133,0.4845040509908949
0.0363209817097268,0.525890954229443,0.6109061214536179,0.5040692533293106,0.3808203251609846,0.4479724897450605,0.4938448964731936,0.5302921923781416,0.4763699632844516,0.4096303808159957,0.4303631198151108
-0.1276549189729574,0.5483285980039682,0.6321362287490115,0.4680040982549435,0.4119330386939712,0.4088297010055122,0.5162547232152858,0.5217796034826686,0.3704734786934767,0.4660889347440348,0.4075852555543824
-0.0825078329111299,0.5922968979338398,0.5573426198404349,0.4892194012912174,0.3143544387818668,0.3848071695705624,0.4677448253208469,0.4850199161275995,0.4168602080012422,0.4867832231951498,0.4558620309041262
0.0176873467994562,0.6121091285130096,0.6071018019587113,0.5447060053767935,0.3627846844731742,0.4139222033011612,0.505584574793442,0.5191919533556457,0.4979026476170772,0.4131310333291642,0.4608109596513002
0.0648657527386845,0.5355592055111008,0.4671888429973974,0.4986089079320393,0.3663536966495773,0.3641050750819578,0.5048869835313686,0.5307950807095005,0.503836535499862,0.3810790030113148,0.4745553385168625
0.0280661889678183,0.536370117390752,0.5127988547972037,0.483437477293861,0.4342760230748391,0.3903435355513623,0.531580619431351,0.4776847870342519,0.4979109758526031,0.3852334269328726,0.3599287305883582
-0.0725534848479653,0.5614684067175717,0.5298074121774725,0.5451062647010974,0.3486840694026105,0.4381149716344968,0.5335115943771157,0.5378225821972505,0.4790786072846592,0.4482793419263426,0.3969893416592752
-0.0226546355956725,0.5753355232666852,0.5926787500682151,0.5089556900543035,0.3671645780073589,0.4505258226174525,0.5349204607768534,0.5070328255388726,0.4237965071501682,0.437486623200597,0.3390426720713564
-0.1437375193642377,0.5577917510379384,0.6212316993273709,0.4982149787319972,0.2972183278659763,0.4339253856048417,0.5378053638144198,0.5346933182931426,0.4620118471694154,0.4214871667191887,0.411940047252006
-0.0513867749514694,0.582933967795893,0.6635302915038986,0.5225654758974808,0.3438035471811924,0.4734629698902871,0.4524619728558193,0.4190138666633394,0.4945318987838162,0.4592599406501487,0.4161640644303349
-0.04412205963941,0.5817000740520303,0.5999796872762458,0.506507195610097,0.3735700724360541,0.4282716029136637,0.4856650839895634,0.4546756657725665,0.5210976809390565,0.4450122244958202,0.4597623982957524
-0.0313926562809728,0.5660124597147413,0.5890468606799159,0.5120941517879647,0.3528344179712921,0.3531612959064439,0.5718255496282422,0.4848038596343366,0.4243409797416739,0.4487979035467385,0.3475755744007788
-0.0603892146990721,0.6089033600106457,0.5942690675389529,0.4888289959498511,0.3760153408251936,0.3250234977153215,0.5104918146510576,0.5456977654826071,0.4848243151431658,0.4225487999773272,0.3943596188266899
-0.0522800119719751,0.5166348975855491,0.6287531368119867,0.4720136854145534,0.3245295975022673,0.38807570845679,0.4635557193719142,0.5541525068851147,0.474208429867768,0.3055849047139998,0.4069838307121567
-0.0117831764399856,0.5467287695075449,0.659967700794635,0.487282418111166,0.3729210874234147,0.396500822564495,0.4907374947564514,0.5168790998501844,0.5040977204551398,0.4124830970638984,0.3886613457203715
0.0224485054322698,0.5820773994403565,0.6628385644692947,0.5128771691822804,0.3850272623043183,0.431624448466086,0.4764832693680542,0.5089335479128135,0.448112813524346,0.4332553757345629,0.3552946731559405
0.0176205210991103,0.557481072983244,0.6520504230890876,0.427348579645155,0.3888633182117131,0.452842939787662,0.5031350593710372,0.5429237508540115,0.4143426989239525,0.4685249952618481,0.3947040602047754
-0.1014873469051792,0.5742021036606793,0.6092983732584057,0.4717389848225241,0.4009292340001564,0.5061195277752293,0.5088709123125932,0.4883790266816912,0.4631499291379491,0.4382970550929946,0.3951410378341318
-0.0547282882577379,0.4680453405182201,0.6409673681230299,0.4965384294766136,0.2987334905054727,0.4734262292978044,0.47240138928697,0.5209789634875042,0.5359845797545382,0.3329832742028981,0.4336606704950273
-0.0946178504532515,0.5259843142864183,0.5161781394797958,0.520701894156396,0.3726965053399413,0.3627125377675305,0.3758424911829094,0.5085390713187915,0.5010617852881576,0.388325925770155,0.3708262556244858
-0.0791058290606663,0.5391134043123127,0.5812638564214403,0.5263399761430043,0.3754213626281303,0.4051181304684379,0.4155586636959327,0.5331272265518656,0.4294411251267519,0.3580576359335881,0.3809635094178575
-0.0179393541037132,0.5740905350514962,0.6440566688309615,0.5456248234420055,0.3588819306949236,0.4447775401066158,0.5042042064919157,0.5351976828335313,0.4081295093733598,0.4016304608365929,0.3774998091360583
-0.0032552602404118,0.5345033810629997,0.6523881843326758,0.5244832242696088,0.3682337233311069,0.4632896462752847,0.462091246287896,0.5454599704971492,0.4478292973921837,0.3284464751459792,0.446700704746713
0.0088231651599968,0.509625994398505,0.6408989027190762,0.506266680994497,0.3826635902640112,0.46762840074368,0.5108449099525895,0.5495432960966141,0.4511247546691901,0.3116283687235682,0.4291907002882545
0.0170585211930182,0.5560088593682833,0.5904693935270123,0.4950528047203798,0.3725892113401773,0.4523350378638882,0.5249890301632731,0.5620170084757778,0.4059845096336094,0.3990197408973625,0.4137888848548847
-0.0810627442973594,0.5616801355524998,0.6080770806636255,0.3847240581693572,0.3979894293809802,0.4644335796372202,0.5488215437780639,0.3882910926716796,0.4311315551114271,0.4472287969917271,0.4836699523411765
0.0795839887336138,0.5930575811501255,0.6188226908946288,0.3597607435026063,0.4157119469907278,0.4490197988299081,0.5780337142600562,0.4451446859555322,0.4882339669590485,0.4750264795119894,0.5493771211088132
0.0504662322489574,0.6156687420041203,0.5862135211357408,0.398110621979159,0.2520114582355655,0.4194623557854067,0.4859567450972005,0.5157830649211954,0.4217218819980872,0.4110167539187893,0.4666241843477263
0.06056829630287,0.5977242768522246,0.6254742787920382,0.4057386926300009,0.303282829844899,0.4530507787272301,0.489996350753806,0.3997617254097702,0.4276685270603512,0.3109282411844652,0.4010762273881973
-0.1262931794530218,0.5838531888460393,0.5660709473639063,0.4373258938074401,0.4142362477885719,0.4735710518604537,0.4604255013477167,0.44118393401234,0.4435394330664703,0.3874314672498197,0.450346604223992
-0.0474192540346967,0.5481011368237075,0.5837444433058361,0.4612415976744702,0.2973524185879151,0.4866065485177378,0.4931030294184564,0.4756690477047728,0.5244052147810904,0.3906759070344798,0.4831916426037653
-0.030649081820014,0.5502667544062345,0.6090040595979876,0.5277807797606467,0.3346882486041669,0.357551322239007,0.4996042608160895,0.5039282655346298,0.5259529425802147,0.4251672183795307,0.3876595028957506
0.0208835426098348,0.5707197717863142,0.6730360257839378,0.5144115620700251,0.3476567427786012,0.400228573360939,0.429318284363189,0.5747246598107713,0.513218165763101,0.4630488572612023,0.4087427933613435
0.0819959120793165,0.4630637011176328,0.6156885983258167,0.5289142489167273,0.3348355157017061,0.4623120060331357,0.482261359768614,0.4761541042514698,0.376820654678575,0.4228611346437274,0.4257116100800014
-0.0737201018143947,0.5085237799831326,0.645138734825517,0.5317159696382125,0.3414427712921425,0.4455406374610398,0.5064027283617543,0.4893142296190376,0.4675221929548656,0.4386125060735771,0.4151803465902759
0.0088133699986191,0.5809206831876104,0.6300797441039678,0.4299353590552895,0.3655922357681046,0.4475209849376506,0.5326927657441914,0.5175506688706368,0.5049267282470306,0.4844593095974678,0.357133045262845
0.0181808160287995,0.5042319078459189,0.6406218410107323,0.4649806433961806,0.3806901271536861,0.4155592809761586,0.4306162745631136,0.4764381597532502,0.5147617791241273,0.3583491534026856,0.3676199078055046
0.0529003532416405,0.510140984349995,0.6651937155451795,0.4477276100004926,0.4146265866437594,0.4575285550767137,0.5054594071837528,0.5122619787725327,0.5109790904069107,0.3205413544146013,0.3828208276023039
-0.0634124627585137,0.5662379389698906,0.6451586126135296,0.4514425466789863,0.3695627241566116,0.395323872912059,0.4341197619568016,0.54199167695792,0.5449799896434586,0.4507632867882053,0.404094185446115
-0.0023085211411718,0.540225052049727,0.654953888996525,0.4118128475877149,0.3390276914083846,0.3601336574954713,0.4835882705964487,0.5370526495435491,0.5489063633300932,0.4554055266348077,0.4219940036808435
0.0226535779753594,0.5426417617057495,0.6491451930831152,0.4149616870902028,0.3578314006715001,0.3869883257609285,0.4971116806410753,0.5365230137599618,0.4548751142535958,0.4610941613452179,0.4186649300307085
-0.0619895363813198,0.530044804367933,0.6805595390709784,0.4181106493485345,0.3584810294840215,0.4199374740330152,0.5396282005111209,0.4046228965321238,0.5004451498902776,0.3743923169020053,0.4577519129643045
0.0060010916401769,0.5468724439743576,0.6363122953142001,0.4208325093397117,0.3986656876462233,0.4583117465907876,0.5480768990773304,0.486377877794106,0.4396826669514282,0.3885280224761847,0.3693195746492675
0.0830431167303698,0.5738787928880724,0.6870786708288867,0.4503864741680951,0.3467334179280767,0.30569679734876,0.4936006998053927,0.5047784229221066,0.4872315633137166,0.3086168954357901,0.4003958440839795
-0.0447763873557777,0.5405609623328175,0.692809264885534,0.4208191909898754,0.3820643797827572,0.3871251077349139,0.5115870412962535,0.5498566925158697,0.5090111659534684,0.3355690789202309,0.4006097840519407
-0.0163127322304899,0.53458424444474,0.5817454919444709,0.4330811599397983,0.415763584280073,0.4261635096778351,0.540909056928226,0.5916837938017832,0.5489538238768072,0.3690006652198536,0.4111953087472577
-0.0008731218523171,0.5443619071735533,0.6101484039578178,0.5015863163261999,0.3197179886012089,0.4066307432479513,0.5673599291477618,0.4287264763477159,0.5134859463433663,0.4118867944942259,0.4171119053340393
-0.0146798370984104,0.5506265322558004,0.5465652651959392,0.5227027238070401,0.290507818513799,0.4447654125709239,0.3720923598648347,0.4798447093311923,0.5322386937442922,0.4749744914575327,0.507918174407387
-0.0103003991916366,0.5614185115472015,0.6146126062372403,0.5026125594310712,0.2942187469473402,0.4232726681296579,0.3738279456263185,0.3740305996019241,0.5331547743668501,0.341399539663158,0.381681972111998
0.0118589847677017,0.5544858046298554,0.6266407631798784,0.5106871760494738,0.3258332342288199,0.3453157340058052,0.4391332109010943,0.4761867208267821,0.512851950835621,0.4196963074717036,0.3889412916644204
-0.0694075167115641,0.5283454405276387,0.4770202917285882,0.4547642658504077,0.3619600222901858,0.4380517080169445,0.50793543794405,0.3796283715956324,0.5323418971285336,0.4561155898692307,0.4688307559796624
-0.0352294261063502,0.5500386419749934,0.5380687328496107,0.5086796988122516,0.3476554826180584,0.4700366001935614,0.5321959368143709,0.4523264861197099,0.5295703920784876,0.4212955864648386,0.4157553205748734
-0.1224971445724791,0.4723717722954135,0.5834408941828171,0.4768880250299007,0.4182034252794207,0.4222387291842592,0.4887862052933465,0.4839495071389692,0.4678862576094547,0.444210645334425,0.4398343968902094
-0.0557634282665107,0.5482270816542568,0.5709267822370809,0.406696914212937,0.4291333574578131,0.3629160373019747,0.520256215560482,0.5301108676400925,0.4415213387924378,0.4770717399814587,0.4198297521422112
-0.0206981306615794,0.527983301367573,0.6090126081969918,0.3789496044996424,0.2506860044607608,0.4075558676893117,0.4572876867587041,0.5509523772085081,0.4734641915660477,0.3796479912929815,0.3102680503792079
-0.0295054060932204,0.5228330276222632,0.6422687398658304,0.4357051223181306,0.3239589997021288,0.3985314852583569,0.4966396465980764,0.5770405077103442,0.4540257181860977,0.3990426336814,0.4063541644671707
-0.0278609903637535,0.5814316763016728,0.6637462434073633,0.4441447208667062,0.3704951466018085,0.3271121028403188,0.5069157813438607,0.4712842586599765,0.4758126324029605,0.4133055482640547,0.4029195999682889
-0.0162591994131252,0.4943414217471641,0.5250402183834524,0.466838247646497,0.3552133494468665,0.371817820850175,0.520514438428841,0.5169846749147291,0.4582452343509612,0.4367340423673576,0.4045156459309645
0.0346800979611648,0.5274493507437601,0.5631344016167286,0.3633590067938328,0.2506538621248329,0.3823589985911153,0.5162371735454403,0.3777301438780843,0.4218451598186397,0.3849525455766572,0.4023008561830051
0.0425880385210869,0.5724852487735439,0.6096868763065447,0.4163512772832961,0.2966750473657079,0.4310605626000622,0.4820518185257864,0.4633887262676013,0.4713750344233287,0.391388989011823,0.4245081160984076
-0.0140809913694742,0.5502772093332312,0.6202818557395147,0.4175778227400611,0.328863043815218,0.4618827763027278,0.5288820164283359,0.4805023661600561,0.4749670984465085,0.4496001932045755,0.4323565853479482
-0.1009781483809073,0.5172325554738927,0.643722318672366,0.4288575606614505,0.3409846016772301,0.4493183649278917,0.5010259706764755,0.5143883945241001,0.4942355131351146,0.5203360725121897,0.3753445676155751
-0.039788158055386,0.5334535847652097,0.6423126968168005,0.504394502851857,0.2678866933535183,0.455933813134618,0.513273930022523,0.4343902729412198,0.5058359686773434,0.4420596352835063,0.3583345861616906
0.0103102344097858,0.5940407210688418,0.6682845698042289,0.5332897028874604,0.3268107170084633,0.4284721304963687,0.5542647907433736,0.4223543862626849,0.5253564365561727,0.4754894087858173,0.3306654204847948
0.0293187545886177,0.4634692101623036,0.5947207823800864,0.4650804270025772,0.3391189782891766,0.4197501094058178,0.5704159229615288,0.4708490107667806,0.457754241991094,0.4485532754362294,0.3832429581257826
0.0522571106336011,0.506002167577353,0.5462157705983869,0.4869186812999566,0.3208909937680864,0.4262250222419893,0.4675828251162889,0.4780020480797032,0.507428716191068,0.4486192355884971,0.4240327289263241
-0.0621791699656347,0.5700638881049633,0.5834374011718012,0.4735933301229004,0.4078421310915971,0.4499126348197093,0.4741066554987573,0.5005408846005199,0.5476700995232043,0.4344461364654446,0.4213713707226203
0.0434260093705228,0.5745649689037198,0.6470622919197013,0.464445386770238,0.3990954770277669,0.4119940890399155,0.5250498834023363,0.5172457323055231,0.5385981938971771,0.3788419319667708,0.3315534208317278
0.0705602584248619,0.5066091906138926,0.6747606738747705,0.414805440572027,0.3814664434614894,0.4112362774173023,0.4804881762569888,0.5056157370934119,0.483501581117982,0.360617494532384,0.3603357884104489
0.0189315794450596,0.4836550517144194,0.6591479051467011,0.4019508720099385,0.2921810226513079,0.3911782430156187,0.5151615295829783,0.5181178086608023,0.4053326610674958,0.3736721305115767,0.4276379951914083
0.0216737995322463,0.5397465228504985,0.5952538588583027,0.388035960939378,0.3022713098763786,0.366654754424542,0.5165131913087755,0.5535887252263438,0.4939377346858224,0.4223372986763126,0.4849962190158332
-0.0660471924197687,0.5791929400050261,0.6144210994254159,0.3862585520399812,0.3670502007035814,0.3740764875138062,0.415932756220758,0.5155524955302548,0.5217861781924428,0.4361767123227511,0.4573375852861546
0.0067220131739937,0.5577692706420215,0.6072101785134065,0.3937107050543078,0.3923966880314867,0.4294263641565405,0.5367366587071721,0.5474500425970228,0.4441765040353966,0.4420220307877094,0.4875351999571142
0.0207749807172771,0.559114080336884,0.6012852785905363,0.4249619216289119,0.2721990530033482,0.4638289353590392,0.5051707647247856,0.4908024879027807,0.4632116406014117,0.4568795767541319,0.3985549319515693
0.0538295932661183,0.5482839153846394,0.6195059372861256,0.4503091594260048,0.3264354201968091,0.4150380746835646,0.5356240809014017,0.5247396158628496,0.5018892202143093,0.3943201889252833,0.3678316368129199
0.0412122571309608,0.561498907658204,0.6271603142828124,0.4308570419255127,0.3630709222336765,0.4187650395331447,0.5453735031729723,0.3961966084585843,0.4659963391784499,0.3638237374612146,0.4699898895688984
0.0444648150232928,0.5677920603119717,0.5955122832797736,0.455270446089403,0.4013946457317947,0.4318374951570141,0.5363836115610149,0.4573571959065925,0.4820140099709693,0.3755409538404516,0.4725989317561792
0.0325933148807054,0.5683649438453877,0.642063973767877,0.3904101819185747,0.3946402648786232,0.4324991890495911,0.521668220071518,0.5149210490813181,0.3550862983138749,0.3562408929118921,0.4864547189410556
0.0713478070295681,0.4692899125334021,0.6158797910448204,0.4349479638543521,0.2251712224847417,0.448839059326149,0.4185478851209726,0.4971466263787281,0.4334764176212202,0.4021981636420882,0.3355741531938686
-0.082986606025147,0.5005077726623732,0.6408693107355796,0.4645166279220603,0.250281281508616,0.4300856811015844,0.4822611578213588,0.5176821506351813,0.5027470135508381,0.3814842745622807,0.3768036273699373
-0.030698020421175,0.5039627143946681,0.5955781326244596,0.3970036431511389,0.289175507074636,0.4660451561564374,0.5284876053789088,0.5621395875686173,0.412049408565069,0.3841857194604985,0.2949054135461307
-0.0381168226034968,0.5268687075010985,0.6673443096216292,0.4438123285577235,0.3441688213126734,0.4281447305614591,0.4452794244441226,0.4384745924428865,0.4751475951624051,0.4139776679546556,0.3892668992910172
-0.060399798478202,0.5409666844173346,0.6385744374274446,0.4271535346154745,0.3940467495166762,0.3231002060315162,0.4543355810244593,0.4593334452801894,0.5093873665412966,0.3854811152193846,0.3558518323466815
-0.0308729081080277,0.556983884405723,0.6663120545350526,0.4909391523806941,0.3999505465227633,0.3583516549253308,0.5036929507461281,0.4325037336124456,0.4630516279247806,0.4382822329623966,0.3837827718969814
-0.0327195666376779,0.5776290495162872,0.6764036552889736,0.4957988362235428,0.3920326515482876,0.3450119085167049,0.3770534158114778,0.4937421473805177,0.4689628748684319,0.3826092616034409,0.3604784633711824
0.0132217332570531,0.5235157504255024,0.6726599416882889,0.5078659391880997,0.2469137577365295,0.3662052089999557,0.4176853599378691,0.5215239907103795,0.4211270689097472,0.4025798070947521,0.4226097051025417
0.0526272973912444,0.5260984050321637,0.6789264877449994,0.4791501650508585,0.344077290674442,0.416038095227803,0.4687142019584631,0.542810155715097,0.4598791590974155,0.4073845060468793,0.3619259894332027
-0.0387096137118279,0.5756471242671957,0.6225279200262397,0.4817637911298911,0.4103801647237837,0.3521027976640791,0.4851109890797452,0.4695876368548218,0.4155951663033801,0.4572006241550049,0.3621754249023196
-0.0894853042159599,0.5063635469526324,0.6073693158396617,0.4955590999268641,0.3389863207741057,0.396908360052095,0.5004318528848276,0.5225751109257215,0.4762168952719282,0.4816730873666478,0.3650422431308771
-0.0636015617903051,0.514993035118315,0.6530880485335833,0.3627458842354426,0.322646494112645,0.4593343432252324,0.4677749419375806,0.5020346353536477,0.4184944356389803,0.4472492266977279,0.395638402534647
-0.0260405393379802,0.4570055330785216,0.5543440075810948,0.3431064147441636,0.3927612425474059,0.3776065866051135,0.5474101214428646,0.4510357208445718,0.4855191505544672,0.4905073327289941,0.4096434805144864
0.0305858498430227,0.49894395827969,0.5776413297713263,0.4205392755556476,0.2841257804823549,0.3773419530395224,0.4960237086595484,0.4542423719115581,0.4996231653021202,0.3848131263937089,0.2639816218357892
-0.0020079934891116,0.4814596908339117,0.4661867773248853,0.4425875723163033,0.2703177268104149,0.4381234867488682,0.4581110839781742,0.3887329491969093,0.5208639101753691,0.3869442457014325,0.3016143319658795
-0.0388952202944288,0.4905449363823936,0.5352047474599537,0.4585247092700965,0.3502466056764021,0.3571286604768087,0.4095162926937068,0.4724731393031987,0.5115679065465263,0.4147470842421091,0.3103267511810049
0.0065563113204992,0.5553589635896771,0.543321694617777,0.4806597607738566,0.3021755710340549,0.4092713552277616,0.4933380981564009,0.514753347447879,0.4438207119174241,0.4379728966180071,0.4123018132459252
0.0341492963115694,0.5557108324022577,0.6252574202280342,0.5237417981242236,0.316256460975058,0.3974801860473843,0.5219630010804537,0.527869480448274,0.4972151140553706,0.4588032649534824,0.3268043971040455
-0.1248579702632058,0.6309673798229112,0.5734350813352324,0.5191804311710991,0.3148189392968083,0.433363797808331,0.4948289763826165,0.5029920863562287,0.5376296190743642,0.3444048288436795,0.3431243685335351
-0.0970446125620151,0.5656062502037338,0.5534646284610565,0.541425060778162,0.3303824486661755,0.4322922137229188,0.440311183333104,0.4457027817380884,0.4735746867502341,0.424384066675165,0.3954585386349215
-0.0422167883319164,0.544069739661765,0.5996087423015264,0.5764082746307562,0.34675545919075,0.3394108523733827,0.4728905325757392,0.4255471472615389,0.5171137131724672,0.46501153520703,0.3445774897264466
-0.0864240382877469,0.4960027637681233,0.5844769735080786,0.461691048622446,0.3799806571994061,0.4496904616873063,0.5247595778039615,0.4941709633984945,0.5210843922315831,0.5021183777807542,0.3874472184323319
-0.0342260202303203,0.5707364890111835,0.5808438017187527,0.4555120802707004,0.3134418816432587,0.4698779474182478,0.4708469592503787,0.4900819876234444,0.5389510268155749,0.4674315893147383,0.2900817183725836
-0.0378196601998089,0.5245768302016197,0.5721195334453731,0.4426488354728269,0.2652402887368375,0.3943554835857784,0.4942817405679611,0.5011114573256966,0.4578738652855781,0.5054716575601164,0.3635829954460425
-0.0202650557067206,0.5418470442764294,0.5801721388551461,0.3987191222033139,0.2850469188115584,0.4338284766310814,0.4982389085555375,0.49581052013366,0.394498279360883,0.3268663609930256,0.4493635847577247
0.0081794988224224,0.5542731080011574,0.5920300197845632,0.3982251638111287,0.3366897386780375,0.4080017573786811,0.5325225843525965,0.5356630911971212,0.4482235812505855,0.3603897992032896,0.4288073034904204
0.0836993101961607,0.537947764280981,0.6089032864324917,0.4771863438935321,0.3002863295091699,0.3428859642974738,0.5587632129503107,0.5257665031572061,0.4987419921900319,0.3979198959225928,0.4484934644918338
0.0005787689257356,0.5839587479979433,0.6257554235205873,0.5072317043265947,0.3458205885682827,0.3038533922716624,0.5851210344816288,0.545998631311851,0.5007409061750805,0.4273807920190112,0.3838777346556707
-0.0657911239561765,0.5726123680307555,0.6111994243526683,0.5086445669482946,0.3250350508500232,0.384773565947082,0.5029631639144481,0.4261607123974084,0.4614033214995336,0.4299411411451475,0.4186775690224769
-0.0739863499248897,0.4901945008931457,0.6312316796061468,0.5222551546801679,0.3334985161466986,0.4107242106410873,0.5066873462699909,0.45710104513023,0.5193142859594368,0.4598202525319218,0.3420139819260543
-0.0302662715797477,0.5118868915940877,0.6149945434903032,0.457808550749861,0.34923331814979,0.4408133362151097,0.512038528747314,0.4266788085085712,0.4685086571433665,0.4170706968946697,0.366766487646151
-0.0503833350282703,0.506164777731665,0.5127602976083978,0.3820808433867649,0.3606396290110269,0.4313925697792126,0.547012575246855,0.4334662518033364,0.3972802396155026,0.44243044614333,0.4083339501841662
-0.0744106796187688,0.506046425358548,0.5951699614907784,0.4853460631169297,0.3920680679012225,0.3238266105546145,0.5569128584764607,0.4679633440365769,0.4694959908609107,0.4757308781792235,0.3765324141515211
-0.0403734466383553,0.518952685415413,0.5939410323848457,0.4674096892137426,0.4145308742645027,0.3984847910052269,0.5382446994696157,0.4961249770489234,0.4553341560900884,0.3858187058521275,0.3980628978689131
-0.037292385471215,0.4782524464799637,0.6193528755217047,0.4426191397212706,0.4549468433594066,0.4473299317732411,0.4861677145692376,0.4841326888474776,0.4308860183986895,0.3905373270061025,0.4104724166024227
-0.0702580693335456,0.5283319797402112,0.6109430536641347,0.449982683225071,0.3637742373678487,0.4814256806008137,0.5322162372984423,0.4596680298558046,0.478818426691877,0.3472990999339541,0.4178256103442748
-0.0032842007248525,0.5379668958013208,0.6436288363759032,0.3848831628889078,0.2627323970584921,0.4724978171719048,0.5012230492058943,0.4609184189436166,0.4608564248818262,0.3845742797892244,0.4393653063713798
0.0133118399844941,0.5681989417265416,0.6356000405926611,0.4466730002236299,0.3039606503447724,0.4561021379306159,0.5109484397386894,0.4774817596914177,0.3952799842724784,0.3242405490795643,0.3386809828888626
-0.0363510405283725,0.5683181695895312,0.6397176840745158,0.4638696295621886,0.317888313075342,0.4644071394208787,0.4160234954993381,0.5107643115795368,0.5007802971631696,0.4214502211153154,0.3990849467694234
0.0305693762446239,0.5543188616359678,0.6502874103366276,0.4723401925357949,0.3216831138408634,0.4258847135845705,0.5002785832713194,0.4590304803424824,0.5367229688261659,0.482819300850509,0.4061242837420467
0.0669266275593295,0.576994078344635,0.6533368463311776,0.4974438520331061,0.3406256623338239,0.457896919300401,0.4972938082571852,0.514127066279886,0.4989444042603233,0.5027038927001732,0.4351804291606066
0.0128105369493588,0.5881024618958843,0.5714551655614292,0.4800807935301701,0.3706614692449957,0.3884910166453716,0.5048737510996512,0.5060181624570446,0.5113858101631846,0.4922541200826187,0.4414159565749579
0.038041141274829,0.5204819947977685,0.592785015615289,0.5103337621642505,0.3958969957429073,0.4491714081060437,0.4694063543149678,0.5506182938936026,0.4872363579869493,0.5145342671354163,0.4488841838638565
-0.0572830497693743,0.526499987980998,0.5702044909790818,0.5419933586945976,0.3839744681649741,0.4918083744842133,0.4990325680669516,0.5392533974990075,0.4909524378784564,0.4449829577168456,0.4542235041313178
0.0061643608076747,0.5092235365726373,0.5698276206641846,0.5496986749998224,0.3844408928152397,0.329651553278566,0.4358447043640847,0.5167079991060498,0.518841327698115,0.4457739872025602,0.3753100295493802
0.000872892581257,0.5492896832252754,0.6235170319018696,0.4130358000448246,0.3532034066039324,0.4230519978041938,0.4967468523973928,0.5198738751719155,0.5331761395110628,0.4653083018400276,0.3920513726007751
-0.1030234560865908,0.5573012008310947,0.6628963241109811,0.3794142401321455,0.3648749538478663,0.2698482388093164,0.5441320810939412,0.5201197340031896,0.5773977359105523,0.3293490458262075,0.4055136038461048
-0.0774424696753076,0.4843557666662065,0.5248097223812032,0.4003489593624673,0.3424394172073262,0.3249881519378402,0.5611388260229598,0.5325831783215706,0.5487309680543582,0.3556833993420016,0.4029951502178816
0.00720192720717,0.5476402993613186,0.5705032297423966,0.4426652735337962,0.3379903594937453,0.3677629420440482,0.5327944817858388,0.4668812354855509,0.4615502673190244,0.3146415451115233,0.3992664959364058
0.0076771275282858,0.5268319665292311,0.6001731552259071,0.4996763291734816,0.366252327816922,0.3796714124773963,0.5213180511464217,0.4793888032312399,0.4712399206067199,0.4170129477621257,0.4010956002950846
-0.1252756714671097,0.5450086271845911,0.5122548179929756,0.499765078015931,0.3838607708548301,0.3424711773689066,0.4769403175051436,0.5183923736740332,0.4797650529183319,0.3894220596145408,0.4084550052237441
-0.0773986869204836,0.4943170587522513,0.5475504943516644,0.5120772499284159,0.3465762116539447,0.4357293885344119,0.4965941860268911,0.5432757424801641,0.5155584736260737,0.3546212203338209,0.4974885262960404
-0.0575802148153629,0.535381553313526,0.5974571114663363,0.4699397229390527,0.3687625464587495,0.4614609321117405,0.5093478267071929,0.4645798316426794,0.537443935895866,0.4321987768747827,0.4980893036906737
-0.0934141680347632,0.4909453345810307,0.5249969486304458,0.5065905940379108,0.2875856844807849,0.4261357523702039,0.513474402587502,0.4844381752931548,0.5192907753844682,0.4397197576966137,0.4197558975818613
-0.0588023382692568,0.4771258831148997,0.5744158562556241,0.5126569177632839,0.3595971058462242,0.4354433570927084,0.5333502596756584,0.5718261162118264,0.5470858661495224,0.356013965766661,0.3923105289010127
-0.0533172526968235,0.5101315179440674,0.5940374883358179,0.456971060711213,0.3810343961096916,0.4538831817624574,0.4700175710196284,0.4928274232661315,0.4806327651691527,0.4280496771464016,0.3728166637390609
-0.0235490231918087,0.5328651727417034,0.6028933981596418,0.5114414917185651,0.3140395940292778,0.3533685421680259,0.471628468398214,0.5078452335907673,0.4899001427610641,0.4466135282887122,0.3820185188268005
0.0010230050611873,0.5573656255695489,0.5203402894778524,0.4515676441552044,0.3656542199963606,0.3813142203693643,0.516172125112111,0.5169330665739755,0.5115338725399861,0.4694488446877627,0.4578804065229252
-0.2016093566696181,0.5668638584518427,0.5908586255412215,0.4100221743505871,0.234263343201613,0.3387325430966719,0.5333263294697299,0.5374516875563806,0.5140557304606059,0.4058933779149504,0.3559152917008965
-0.1166397211897919,0.5319124366536926,0.629486726927911,0.3542939051458539,0.3715495423004036,0.3910001787603102,0.5577206021773535,0.5557933927738123,0.5294480536497821,0.4067862577686383,0.4188504008822253
-0.0602993539811448,0.5035905641302437,0.6083483004159475,0.4143326666931249,0.3236495344472778,0.4179946578276969,0.5655685624988276,0.514446786545266,0.5039182380437092,0.4462481449953133,0.3806432060424257
-0.0175293518002644,0.5048178390642477,0.6076281852546351,0.468877635890793,0.2712036423614308,0.3916961536079741,0.4523508821943706,0.5498486364140603,0.4853888761117983,0.4784241946529194,0.3951763602191728
-0.0014940596652249,0.5304153833718296,0.6224455070629141,0.4388950302153132,0.2848363279108272,0.3666423793703185,0.4399077618447695,0.5103528397135857,0.4974220825805666,0.3880542800251191,0.3839894761856789
7.794908170024315e-05,0.6026122933616455,0.6044163903191643,0.4592813176548956,0.2963437988504879,0.4040583608417013,0.4661912066901017,0.5196106090060688,0.4932811321063536,0.4091750993846453,0.367678335885275
0.0779190660196181,0.5727273514537692,0.6092976256509439,0.45950818751398,0.331815334097152,0.3114208240557785,0.4795247329505537,0.5658164158682046,0.5055258075776498,0.4807027954417514,0.3816669687975605
0.0509678716939047,0.4812609346718097,0.5256870972774694,0.4644588017302096,0.3580726828282375,0.3635894993392253,0.4707417039613895,0.4656222619472212,0.4959286446154182,0.4014571466711131,0.3998000248349326
0.0865366636940553,0.5648217866428444,0.5745321130737457,0.4863119060797225,0.413885125915754,0.4311157946903533,0.5191844417503317,0.4872510247743283,0.5080072593832098,0.408836046468367,0.4265105846339868
0.1016359381856259,0.4885392929231232,0.5757256253074547,0.5421548061404344,0.3323621933487862,0.4087782989559752,0.4286513910094847,0.5315015177896629,0.5294128804025368,0.4099076702719622,0.3761880074939404
0.0270980056345882,0.5107518948248718,0.5983835444213343,0.4988356414575076,0.3716138814523548,0.3952579279735151,0.457663913019895,0.4282065358561507,0.4871664957321445,0.4488414945867388,0.3311828993229508
-0.0098014965423355,0.5968503209046749,0.5676832537058235,0.5467352294851714,0.3754707767489712,0.4167442190040216,0.4641964346817815,0.4643175298564111,0.5046251412378855,0.4938359497354145,0.363486541050561
-0.0595654855612389,0.5430290699732158,0.6202988496162439,0.4539564460517532,0.407911724935585,0.3433089137933569,0.4967957549686315,0.4501118850040129,0.5261898442555635,0.3354505855823832,0.4486030340525845
-0.1272870492319298,0.5136879342650843,0.6161178489753706,0.5388093982987088,0.4284394541323725,0.3503138136652596,0.472374326168217,0.5138381776085384,0.4383093122529873,0.4745818922440233,0.2838619765627284
-0.0124223189076194,0.4995219216070485,0.6410102472728558,0.5197267223819202,0.1669844306400574,0.3779407533023529,0.4504940356702432,0.5567223211057162,0.4946036873833463,0.4550623039445174,0.3699796470751283
-0.027916621357153,0.5181333448326325,0.6335009635373876,0.4229207762684558,0.2567159247250606,0.409685944446665,0.4518412391733404,0.5693634177928761,0.5274338967614621,0.390718225141276,0.4729576887039622
0.0276773823229449,0.5497054480792283,0.6395758424407918,0.486964064855849,0.3190959586065783,0.4508728889474532,0.5307215470468645,0.5890916816211154,0.5089942978918456,0.4554946449157808,0.4171115070169708
0.0401335076617486,0.5690080617342588,0.6636742473951613,0.4910236284600723,0.3707995441646612,0.4509690407211084,0.5345246796041971,0.514800341064394,0.4631841364023767,0.4277515529388473,0.4657024555496344
-0.0025246890300292,0.512316557145354,0.6878325870675206,0.4884821032330514,0.3769273024563404,0.492340383333499,0.4838953987522096,0.5512735222476581,0.4680716306769569,0.3548876085153514,0.4137695988696458
-0.0387612416069709,0.5698115472127765,0.6030819528490692,0.4831913775310403,0.3518842502512753,0.3682170416251377,0.4941543001409472,0.5558032213414816,0.5125670196134207,0.4178149367763039,0.3945268385858801
-0.1465166533745665,0.4895138452144368,0.5933293868998216,0.3858879315198079,0.2578426564439253,0.3899738421365963,0.5421519988620083,0.5073325859639756,0.5462891654482686,0.3685367546239331,0.4011333283554643
-0.0949761626842536,0.5230209114838951,0.5687182848212329,0.3939630637853643,0.3152590427661674,0.4110556362853515,0.5479544252534678,0.5394689243318749,0.5227955788498552,0.3943905104955264,0.3066563820619895
-0.0351965526376363,0.5271319369358662,0.599064828550659,0.4817268698892941,0.4051141743624282,0.4272470075135762,0.5391438886968483,0.3302741160139598,0.5500768329338123,0.4202292164995582,0.359165317326459
-0.033212105377439,0.5559096930775786,0.5554553505093219,0.510723722671665,0.3630727766515193,0.4238248142261547,0.4010950735971126,0.3814638199317687,0.4312164942450747,0.3888796964550979,0.4570685180601558
0.0088854353435997,0.5522599835559279,0.5985760360706185,0.4970338444396467,0.3500274149574026,0.4376711368225668,0.4448017686748006,0.4295785956350114,0.5129703278701985,0.422935262551269,0.4685973663763648
0.0053851945498439,0.5285650973599819,0.66169000450276,0.4081904028317084,0.3542508288430236,0.4023290867800939,0.4973559760006651,0.4514956337260054,0.5277572909034489,0.4541825561881357,0.4339834575261254
-0.0206077204852324,0.5310282965973145,0.5940769448014188,0.4160278947438537,0.3416695400695154,0.4332982200002543,0.555000496475989,0.3719814055668936,0.4940331705111001,0.537028350184587,0.3095511715535482
0.0289861899262738,0.5470614816868611,0.6372430261176667,0.4929214619938393,0.3788577888908481,0.42298794451726,0.5348501164420105,0.4842477780342117,0.3792470574977736,0.4137082398819505,0.3693945316620584
0.0965729149030349,0.5228223460179209,0.6394721154927148,0.4534646883800101,0.3946374505112139,0.3640316986955018,0.521973369968788,0.492049314913792,0.4417984951775663,0.4121542417845862,0.3924561538264011
-0.0207630363805927,0.5264461816933168,0.6030312401992732,0.4119857552727485,0.3254467742480805,0.407338732958287,0.5577630936529625,0.5306155429434951,0.5235348337141661,0.4184267922653236,0.2938095335812971
-0.0157137003593533,0.5311446348794991,0.5941227688232957,0.4209265853399401,0.3523786272386751,0.4645847959111093,0.5234353995840495,0.5281811539009823,0.5259914249242242,0.3575258521253021,0.2887469842952287
0.0232141100289919,0.5682472522117961,0.6159565400556934,0.4389790844939188,0.3261513527980027,0.4510691765495209,0.4325030466536803,0.4409665235080565,0.5707085341945592,0.380403553971713,0.3217633299151126
-0.0652135507439145,0.5155859552358555,0.5456837909594324,0.3891452282584282,0.3721077747137983,0.3395999334894198,0.4972306245723535,0.4534476400399755,0.5299647933115451,0.3894993874708156,0.4145292398774924
0.0010318256476688,0.4491246117190454,0.6345795842446597,0.4340307539815023,0.3854876055799194,0.3671460234644653,0.5289010083738845,0.4809032414889124,0.5573999699270548,0.3958255668672831,0.3694963260329265
-0.0367845495971385,0.4814459384704809,0.5489800617899503,0.4255990569223962,0.2967725679337223,0.4079699872006733,0.544670274383845,0.5002431854180125,0.5801059355984706,0.2825712542919218,0.410582524109226
-0.132529644474341,0.4902423202023607,0.5155773162387902,0.3647841103589517,0.3556596840790634,0.452515141979968,0.5695040851137829,0.4241077316820383,0.4636089367480375,0.3568788828839357,0.4454116801198148
-0.0620394935178324,0.5180993394866593,0.562310489024497,0.4307557447144224,0.3914601216632922,0.4326192816928675,0.5630955211334646,0.5005589836513846,0.4901362909413354,0.3143003609797654,0.3308425227814638
-0.0290669504719229,0.5050270613215464,0.5944660650448661,0.4671505502593202,0.3532961817263948,0.367669297441916,0.5530196441053564,0.5088017052408149,0.5046963820061539,0.3908683496292441,0.3705518586329767
-0.0099131068281094,0.5288069822962742,0.6080046529953281,0.4797786366997979,0.3891190987145422,0.3968103107976609,0.4495791085009609,0.5060247242922055,0.5118787731299517,0.3742975259948286,0.4156321444865437
-0.0251099000665874,0.4998671786109687,0.6231195550153832,0.4470795716201391,0.2624596408049124,0.3463775475742703,0.4704140409587763,0.4811531883999799,0.5265882269578518,0.3959477969094797,0.3966140518719258
0.0108157753684388,0.3853081303371375,0.6503602889952198,0.5077235403793188,0.3412938643145117,0.3882633844486542,0.4833582538536455,0.5187964637934781,0.5231324127981132,0.4383666296583419,0.3331746693540295
-0.0993300136449134,0.4697243714498012,0.5921773324161389,0.5007170248542132,0.2824419908345505,0.4307475685190748,0.4951994627518883,0.4627550506553102,0.5443373278706446,0.4905370012273145,0.3646085414776078
-0.0750201901348048,0.4277700989611888,0.5742885921497362,0.4849041629235339,0.3062260368270643,0.448307621911261,0.4842486772426575,0.5066310934065201,0.4582346217703082,0.3870753749964494,0.4172985989997143
-0.0396582286891076,0.5257902306320994,0.6438545542245546,0.4145462031900125,0.3688712847618592,0.3902193205582933,0.5472768817444322,0.5135873815037596,0.4721537909921738,0.3999274616048017,0.3974893106385579
0.0119094375550395,0.5490312959976732,0.6450324082165181,0.4226113039136413,0.3937010697577638,0.4145548826822846,0.5405235714111507,0.5263506352768457,0.5514952598577404,0.4951374299496064,0.3799162963862588
0.0143660551991542,0.5334682520084881,0.6391704205457637,0.4593656435620883,0.3614957331052031,0.4440564680657686,0.5458466600357453,0.5179869925831295,0.5261168617153914,0.3652885415902034,0.4470523402570274
-0.0699451779815281,0.4586921245765978,0.6092134885758483,0.4315124177447361,0.391178547946505,0.3700305351891076,0.4513001574337012,0.4728923734757707,0.5622021926220657,0.3707037045191061,0.4001746641319215
-0.0615132928609017,0.4785579493917546,0.5802474697100076,0.4198989002128305,0.285585516987334,0.3720865739535135,0.4917223205821627,0.488759258535646,0.5361624237162401,0.4326739715228301,0.2725712488502071
-0.0934273174587319,0.3994601522997771,0.6145354545692685,0.4854554845696289,0.3369532467004839,0.41199983925221,0.5167570462202888,0.530517331945376,0.5809590391514164,0.4237612307640907,0.3771068435208959
-0.0563343123416309,0.4669952687181019,0.5436332634034199,0.459968502243773,0.3453856535376197,0.3016793771620022,0.5736106755704454,0.5148769079643855,0.4815687893988828,0.4786114023146133,0.379805415332788
-0.0493088879023039,0.5175928192767305,0.6228359114296163,0.523982440036755,0.3552291840185558,0.377266433510639,0.4725338175761348,0.4344839756158676,0.4746402324168199,0.5131630666074298,0.3869340732713675
-0.02064439087959,0.5194043596526382,0.6333310340002908,0.4402186432769339,0.3890512223713006,0.3970992644013272,0.5131380850908749,0.4415961273689509,0.4794942725757183,0.4215911382154747,0.3870269906703651
-0.0088985597066417,0.4881510611439991,0.5732038271432899,0.4985146187542406,0.3784100665938096,0.4005318069186825,0.5807023363916617,0.4553750951665156,0.456097605006525,0.4564093570000734,0.3237013582780594
0.0088897327544849,0.4891636039889754,0.6195667980702386,0.4419536758741834,0.3998133137320632,0.417362700743362,0.5599037458270645,0.4526618045772266,0.4821573875581718,0.4690618108122322,0.3309469878770353
0.0165981343740849,0.4130670827827394,0.6313871106141049,0.4756980816377981,0.3174519897560179,0.3640951886297093,0.5331819846838401,0.3490976345246961,0.4939300332289024,0.438559996291254,0.4102828410378834
0.0041669884033034,0.4594285353612317,0.6614874867623541,0.417209849640393,0.3461889176705446,0.3731297090839658,0.5633560214335116,0.4133259514199555,0.5318493405730012,0.3794302389894461,0.4507751417226767
-0.058163946551155,0.5034755838859033,0.6347900431136894,0.4579159650727323,0.2659221876399542,0.4463484724617831,0.4800518427223054,0.4832912977388771,0.548470702160475,0.4011542010486517,0.4376248797468742
0.0111277523558451,0.5404649546054566,0.618700207464549,0.4730121970414293,0.3209147460126193,0.4708739984341971,0.5536516595722916,0.513287616080259,0.5409093834716805,0.4804144552233557,0.3336302755352739
-0.0279196707222554,0.5333506831246709,0.7020189030730508,0.4726975283609575,0.3614543326258226,0.5023243721413785,0.5629502181247816,0.4733617228108265,0.48793852339458,0.3846260246328959,0.3876156455136662
0.0380377883173657,0.479811980735352,0.6981839186172718,0.5104895634424721,0.2808158910006779,0.4831695128001763,0.5188246547663972,0.5242543431096586,0.5091139546324759,0.4219525620591383,0.4256455312469912
0.0246293793386052,0.4174087006877579,0.6122694104234514,0.4687074059483235,0.3140594534555826,0.4345199641926874,0.5098349589185476,0.4809933920103855,0.5151862497541533,0.3891121766852209,0.3399132528891793
0.0696391343742566,0.4886403743597831,0.5439392474302196,0.5029085393051881,0.2566733198253745,0.4135498503811488,0.5286453800033146,0.5215040810032769,0.5057514662614176,0.4449630331603979,0.382326443200539
0.0330698626846927,0.4710553973090764,0.6141262962317724,0.4609854289887412,0.3072280128571946,0.4237783565138757,0.5396823925450769,0.4661203084829555,0.5121374652526703,0.4577552662060222,0.350721730003814
-0.0455582305679443,0.4394914883014305,0.627312517174454,0.4036183590033618,0.3745144964523507,0.4365782435432733,0.4761115872903254,0.4630477425154673,0.4725202092085501,0.4653753009719593,0.386522020684143
0.0056684731293341,0.4267590831105658,0.6277279362653025,0.4582969404888142,0.4075311363045996,0.4332046820503721,0.5037877352386271,0.4872201827956166,0.5439086443298604,0.4660036365496351,0.422208350301573
-0.0227836398267146,0.437459604013804,0.6166015698503147,0.4852503704203991,0.2905185128494517,0.2866103713593903,0.5422066379428516,0.5509595645529256,0.4436350524602257,0.4032455336188288,0.3902006747814961
-0.008116822951005,0.4815265995306559,0.6246491982925937,0.4529496077612865,0.3136198988027074,0.4177026235677027,0.55857889243505,0.4766419873185805,0.4504875273865792,0.4615909452719815,0.3964005957317311
0.0383240706039125,0.4967109169465003,0.6581396464207667,0.4290652299092066,0.2963893388986963,0.3553831711502316,0.5775637436079442,0.4522240812715586,0.486555236196004,0.4684058112033966,0.4463718152081861
0.0278371900411936,0.5423219009706398,0.6360210463717254,0.4641104846648801,0.3525663458936233,0.4011426365019775,0.6041847382247377,0.5134675346460585,0.5471256351191374,0.3912071095827144,0.3243437861619246
-0.0058163645418759,0.565679048916226,0.5361656691130814,0.4749379074441451,0.3382966578840865,0.3118512265764073,0.494381713122389,0.5275818141122528,0.3713266323580712,0.4568262686966521,0.3694141356728941
0.0207192305114045,0.5522844666930223,0.5674310511368099,0.4966840261219616,0.3505970572739004,0.4141458695164588,0.521794214915422,0.4572142062785285,0.4245992023612298,0.2675569091939952,0.4029834815232551
0.034367866929614,0.4898155642248794,0.6071159874107039,0.5035579745709393,0.3333271375728385,0.4212745991423348,0.5022375478508576,0.5349981281557314,0.4904462213119483,0.3428631480106899,0.4490069533442508
-0.0043331569950806,0.5106967099356026,0.6488194567417329,0.5290439736208653,0.3468819091658218,0.4408101164361577,0.4276322723505818,0.5579617333390469,0.5495952624887782,0.3842416373678874,0.3966156229252638
0.0077664161829899,0.5635430778735071,0.5867086483662549,0.4791321501919283,0.2743938538730275,0.4132111365108432,0.4716312184473387,0.4163656358744406,0.552191548043703,0.3307077831159251,0.3647962091260458
-0.0533140864641543,0.5546347033654865,0.6208049241605049,0.4298551180140475,0.3132537965958644,0.4568333970345326,0.5129862250160038,0.4637401868005802,0.5577378393505458,0.4089552291758007,0.3980066472042134
-0.1595707697154053,0.6078376883484885,0.6383748479153817,0.4505491539401876,0.3229224857578604,0.4612540143497297,0.5784404865828575,0.5140647166278322,0.5711104512921825,0.44173136880373,0.4132745827766426
-0.0882516539568027,0.5896132886756466,0.5902661969886777,0.4761411101703772,0.408711658506023,0.3681016164671352,0.5994526544052793,0.5455641973250758,0.5285822849640215,0.4584597770106688,0.3500087824055464
-0.0422189538431671,0.5375027258074664,0.5804479015714202,0.5005531593623376,0.4357895234842776,0.3708315077517179,0.5309997000334611,0.4828527686063512,0.5337611606637966,0.4727048494892739,0.4361200717485538
-0.0194890165296313,0.4825130664519985,0.5846011106904012,0.4920757663977677,0.2882875557779398,0.4033451206404429,0.5596383367092665,0.5287977689527754,0.5513690085505016,0.3699841147181901,0.4072912904092922
-0.095169010952853,0.4486148051340931,0.5985982073294205,0.3598975967119991,0.341740600306617,0.4028898175743355,0.5730040075542304,0.5133411729376155,0.5578952923577593,0.3718943550746254,0.4457928751924364
-0.0236711302819972,0.5117460217771432,0.5196932443163109,0.3427117264633944,0.3479189555832453,0.302461003751403,0.5600605603478989,0.4812605866284034,0.534423909116098,0.3900561474180588,0.4631129502699512
-0.0196700041424548,0.4938884589202606,0.583824515923147,0.3659255316170647,0.3592477637847566,0.3254457671603729,0.6264624181124998,0.5018648647303464,0.3789428876010762,0.2993639255577196,0.3467379653755191
0.0083126399183528,0.5459407307870475,0.6256033077747488,0.3877497507060303,0.2897593188913278,0.3573293777189293,0.5843498840309193,0.5123859400200743,0.437624308451373,0.3368294682203147,0.4169076059705685
-0.0883762828280605,0.4924935034369652,0.6509703661026665,0.4510589938071314,0.2814291604434071,0.2770666092835525,0.5406070179631995,0.500865845254642,0.4364143136065658,0.340553381898271,0.4120378432000582
-0.1015227255859802,0.524449073054312,0.6063017231332695,0.4791830484659163,0.3352121033463195,0.3442280747996019,0.4568744529647314,0.5290339728308058,0.4284307819456719,0.402868244986678,0.4695526567695673
-0.1288963408003312,0.5528725187317288,0.6016273625302107,0.5354121791324813,0.3677832093614283,0.2982333233636015,0.4649592699895239,0.4931314700677782,0.4620313477683896,0.4172234324681118,0.4548814589372746
-0.1096543749373993,0.4909294941465334,0.5063604218873317,0.3942117542321391,0.4062510104239218,0.3172537751885492,0.4658263144258829,0.5086805610265155,0.5273651489458193,0.3358575695204677,0.4273173063555794
-0.0398151587045481,0.5103761416985653,0.5500941391070404,0.308568127109303,0.3609521832815822,0.3710563161083341,0.5498780923466501,0.445968411252895,0.5300408359559852,0.3886354726057839,0.2468474306177636
-0.0405381585903732,0.503508115429868,0.5536039102944466,0.3896256789290728,0.3701895972459359,0.355135977497013,0.6206117297623356,0.4293750519829284,0.4462985423963919,0.3177083787634375,0.3489587991512075
-0.0666360621613066,0.5409053198970885,0.6176455410007153,0.4343379973631253,0.3744970652697114,0.3795660378768727,0.5817160590306457,0.4880030537338384,0.5391131905092096,0.3626871552331926,0.4266064870681249
0.007977814093538,0.5484970295322592,0.5603154108848151,0.454803837611466,0.3783039460494206,0.4280364984038063,0.5975135933234397,0.4977044909316411,0.4987288309099296,0.4520952631575238,0.4445066723310312
0.0311706891535952,0.5864525204861495,0.5963465373281032,0.4666533188196237,0.3598864746968905,0.4361554744461388,0.6051930415635708,0.449579349452483,0.4611802950769531,0.3971274461006306,0.4177429505204673
0.0261578916425008,0.5093198639588795,0.6066032915086074,0.4784616136710589,0.3504557431606296,0.4014864355547927,0.5548259426200686,0.478114533728977,0.5043087675545297,0.3966267886335536,0.3425148582318427
-0.0894856244590189,0.4345902328902851,0.517104069425207,0.4837557552108851,0.3246779694505087,0.4344261953436356,0.5386094397433367,0.5011405841262182,0.4610557681795944,0.3759628616405688,0.3832270777269504
-0.0684990205567946,0.4661602302433527,0.5625205547943053,0.5245620591570526,0.3915358966919405,0.4491227415778463,0.5698405456155065,0.4573060795767372,0.4861771289368072,0.4024003004776742,0.4108079655421162
-0.0566140195734505,0.5192513787733125,0.5833680006558322,0.4249351798452183,0.3775224394390031,0.3290802336156804,0.5608176474882214,0.4275544604920689,0.3622816757009154,0.3708278328128535,0.3559338697662453
-0.0580196055959466,0.5433736560567691,0.5654081360646821,0.3513498374188396,0.373568349643824,0.4108253571274488,0.5476823910101035,0.4412128504563106,0.4654881316336763,0.4027290392826814,0.3853654230706116
-0.0567831036452858,0.5761675218629787,0.5655080557009746,0.3646916797414353,0.3557753323245789,0.387853792945765,0.5626191268502421,0.5003064725574374,0.4788344552359163,0.3977805431924237,0.4005719281218601
-0.0772028847202878,0.5277318973289566,0.4621381843579801,0.3002129331205211,0.4240781639160536,0.241363523114757,0.5318153154447093,0.4409402364351622,0.4991625381067318,0.3481970760820718,0.2943607742194617
-0.2117253064496114,0.4002110040275834,0.5074676651302469,0.3206306774814124,0.2374636210759818,0.3378256684758099,0.5307170380096423,0.4539967778780074,0.4763854320115978,0.3325104193171491,0.3819909741450129
-0.1411858663496135,0.457680724218903,0.6104601466872824,0.3586145234678352,0.3063307170921133,0.3647428969180882,0.5800855896697967,0.456587424934176,0.4821700992256134,0.3998582617050812,0.4196788841836848
-0.0874598374258935,0.4754825954390489,0.6755032796283347,0.4489091830352268,0.3199785846658754,0.4337419889058787,0.5751195752983724,0.5066005735021921,0.536755864479564,0.4567783847796192,0.4470084873119787
-0.0017756580315242,0.5006247729221247,0.6379633292754163,0.5196920627370963,0.3302096875400627,0.4129478045793305,0.5413976541081992,0.4868617578423352,0.4876203363366167,0.5150429362800273,0.3876216337166533
8.499181787938745e-05,0.4899609351092159,0.5642826001259689,0.5098208697984162,0.3344889434694095,0.3716294292406135,0.4573390361502255,0.4995605128550176,0.4917217466957563,0.3457700066100978,0.4046003947003739
0.0170565994551411,0.4783304006208433,0.4975440613078905,0.5161066834878205,0.317202085926039,0.4381195413369473,0.5019481964539185,0.5357659441595705,0.4628114318834389,0.4096113563449171,0.3526520767547816
-0.1176382220148721,0.5100318241280809,0.4962654809160285,0.4398739324658048,0.3198899584554054,0.4591551372990349,0.5095945047792219,0.5311935168835774,0.5360011539132974,0.3116277520529366,0.459948582962311
-0.0732093953658224,0.5288091663906352,0.5549751292773538,0.401026592203133,0.2947285157159202,0.4540596605548161,0.5204815321386778,0.5318099512746424,0.5695834978968213,0.4371346255656143,0.3617749952798326
-0.0260305834079134,0.555278830602826,0.5863897532177964,0.5024932766874296,0.3328982231924862,0.3006802585385636,0.5698593292577501,0.4897170813792459,0.5858633207602373,0.460655223364156,0.3965283397426012
-0.0041959759509837,0.5837949600768035,0.6323514916641884,0.491512757974764,0.3495847018846946,0.3408056204051634,0.5459314982077144,0.5230690772915996,0.5514916600610036,0.4900005887563745,0.3873952564531915
-0.0396255647872548,0.526904576750193,0.6020088183253679,0.4317314886093126,0.3050095118258102,0.3647814392404793,0.52744571337811,0.4513970822645607,0.559220441409787,0.5162534749382967,0.4003733946273118
-0.0897306650838306,0.543478283595483,0.5623073810976293,0.4257010194473568,0.331030149345155,0.3588858746250814,0.5457984380988601,0.4665834256382267,0.5185710858113849,0.439329469064378,0.4135559431583194
0.0167967778065889,0.5116675067710661,0.5821635324393273,0.4572944968576237,0.2557633563722198,0.4021558531831205,0.5550781714818622,0.4762291740893039,0.4910543708345705,0.4613260243606787,0.4431553142221272
-0.0153791992014335,0.4736602854643046,0.6213769371474384,0.5123260070462443,0.2941166926824407,0.409398448796044,0.5496156732535982,0.482743736058521,0.5174390886648529,0.4352085192721055,0.3730545935921615
0.0136175740163907,0.5134458700908868,0.615074999243023,0.500793002660681,0.3149820737026589,0.4040451566890655,0.5539809067424993,0.4926115341657377,0.5241919657898318,0.3773858889298527,0.3737118196665777
-0.0522228426318151,0.5131465620032758,0.6512146341566805,0.4334708250242412,0.2854795753019055,0.4242958465761632,0.5741990609926346,0.5226917130239712,0.4493041426709623,0.4315849993469406,0.3916645919849201
-0.0512524308808625,0.4674697023215611,0.616667561961224,0.4431104086203226,0.3117727367663996,0.4238423466133905,0.6145527696731735,0.4521548142233909,0.469399417126394,0.4511231329712847,0.3426631637038995
-0.0888721602412205,0.5261316139681156,0.567057787532338,0.4490744901340753,0.2462895114782491,0.3890338359812829,0.4752857647305352,0.4765772218070453,0.4759565755216259,0.4113469003794717,0.4343607822554605
-0.0237604943384288,0.5372908050122445,0.5921274965270384,0.4175477299400376,0.3593928059378106,0.3106209110352429,0.540615378733839,0.5397568663995904,0.4854424862609361,0.454896896291812,0.4023078522316502
0.0216372030658594,0.5452863385125162,0.5708336697738106,0.4174977492661473,0.2572229735795528,0.3493334446513083,0.575338649510615,0.5633261235340123,0.5201809112968632,0.4727140658758185,0.450504275239311
-0.0324470493271376,0.5785044029915272,0.6080511720610896,0.4478047526324846,0.2919643905189597,0.3897352572482454,0.6158046526584131,0.4662853299417728,0.4537614448754642,0.3912435565035955,0.3812796957412421
-0.0242836916122196,0.4905200672572927,0.636598632843723,0.4848839367397336,0.2361306174201279,0.4635201134512378,0.5583808312289068,0.465650466230148,0.485142525430053,0.4416160631822109,0.4174838069701494
-0.0122190974987235,0.4997390791184994,0.6287032797516914,0.4051979038252249,0.3169715238761153,0.4636375784813199,0.4636940663394631,0.5074234833658327,0.4935614568287918,0.3976379413324463,0.4445271562689957
-0.0367322563297469,0.4995508730286435,0.6537522358134652,0.3468418589069402,0.3685712450075743,0.4164465610088804,0.5001853623937258,0.4630254916208993,0.5047257411453299,0.3939993770234047,0.4143394140129091
0.0022588549572207,0.539123972758711,0.6085745118958644,0.3905163508209384,0.3831479773125688,0.4370529318586845,0.4273952707125935,0.4863720769285408,0.3505827595386357,0.45783199300708,0.4368834922902977
-0.0121874952253097,0.5699767886719688,0.5640138154256142,0.4324489887716176,0.4360717538267381,0.4421900818504064,0.4812030584746897,0.5169594915040314,0.4508038828647203,0.4672256761791937,0.4150957816411315
0.0537041415645392,0.5831199700940015,0.559255151024627,0.4401153467521588,0.3975964135257716,0.478602237020136,0.4819474915608064,0.5301104319922723,0.5236358698653317,0.4692352292734584,0.4269680116772201
0.0179278115396322,0.5265909858262638,0.6070636512128186,0.4416357739588995,0.2995796885717614,0.385749043749901,0.4885472187083957,0.4136428196958212,0.3779488698525033,0.4156924542707534,0.4475119107297793
-0.0487168240028005,0.4909478745575223,0.6229546415904532,0.4178739310085111,0.3522968920295865,0.3950369954318639,0.5282307552399216,0.4606993764579618,0.4135642939388478,0.3875739688811107,0.4546118846634481
-0.0292094233448157,0.5182974547841133,0.5565905972246571,0.4491751891528601,0.3546429373566779,0.4064464095204696,0.5959419418844472,0.4881941006411907,0.4433020900232775,0.4163358776604792,0.3956839063790732
-0.042625961186858,0.5471408515495392,0.5883889322230716,0.4654496487235634,0.3292914720627702,0.3894171849020745,0.5455987105562493,0.4928486044496658,0.5074708578966327,0.3901863081709112,0.2146188508981359
0.0282257430743373,0.4645398737953033,0.6392098696554855,0.3514127699151307,0.2663394301504972,0.4346034825421461,0.5636132511822025,0.4842029398569398,0.5055748914623343,0.3102097541236288,0.2332572243295789
0.0713003181358011,0.5317699582805466,0.6516002117366795,0.4096403220820314,0.280224338967284,0.2961658241876646,0.5097972430484274,0.5297253800290576,0.4937477755335602,0.3410609451206043,0.3225713273753992
-0.0396372244016632,0.5232671154563083,0.6254112102547978,0.3618706224788133,0.2976923244650707,0.2997443028952821,0.4901484143595626,0.5070427191735182,0.5162294765882334,0.3315002408851834,0.3100547297954919
-0.0050004613454357,0.5781814020183409,0.6092628098652324,0.3690476804142762,0.3162682315184629,0.3480888119303836,0.5416174959709087,0.5387480114383287,0.4830235290265014,0.3568192455667204,0.3727822324212422
-0.1206308306194085,0.5120029074613842,0.6111759666972711,0.433302230848965,0.2801138359367876,0.4261953809318584,0.5529839196856317,0.4654110754384428,0.3873063848695858,0.3384805589601181,0.4319103589802906
-0.0478035027732047,0.5389080448379975,0.6396251727123997,0.4346325703946307,0.2969810590915318,0.4327305942203664,0.5589691461997373,0.3921361533246142,0.4341468677978122,0.3066772352369424,0.4204912890802034
-0.0960985139689486,0.558936228967837,0.6028540947196326,0.4500116503173277,0.3359449409551309,0.4585365166639974,0.5570287247170532,0.4548031501235896,0.4259302273022358,0.353392222917633,0.4761702278379011
-0.063360038581916,0.3518780284209115,0.5050683121347442,0.4602897156977814,0.2145047093119948,0.4027580935483178,0.5823081586649379,0.4605435413223303,0.4839033711788095,0.4305055868588436,0.4631655692322756
0.0248592223110471,0.4728730620317096,0.5473387649028942,0.4292005468678302,0.2177364699142943,0.4200950456684907,0.5635123765754645,0.4946311774080891,0.515039777731644,0.404243949234387,0.515076454030358
0.0779354315857508,0.2458504248487453,0.344648137490834,0.4317075648499561,0.1914319559039431,0.3242709084964048,0.5802579591363562,0.5139662913662123,0.3940943171188393,0.4069300316684762,0.3474029286783985
0.0959067803105768,0.2561716454094444,0.3741868838916791,0.4131138886429827,0.1889958689660436,0.4127086879812864,0.5540214826872525,0.5912878677596805,0.4624733139955225,0.4826219942006843,0.3790243033147085
0.0990393307341536,0.2236637193430237,0.3904334701296094,0.4071279272113113,0.2010952036221068,0.4168429798597652,0.4740899985029181,0.4900622901806692,0.487271646590355,0.4308093272665948,0.3965927974820504
0.0867319043108004,0.2429940037604083,0.3886864580874845,0.4158197622698335,0.2152907550343788,0.3110509362692031,0.3819734912651892,0.4490770566446468,0.4067845647142279,0.4165187595984523,0.4176748324598832
0.0969913781424969,0.2595731308650392,0.3830504289158158,0.4225554790352324,0.2566284311250627,0.3246449595457363,0.4714240533852148,0.462331894205384,0.4902953708587011,0.4567910676174601,0.3423964851845128
0.0938884053982271,0.2568848105946117,0.3972210045539792,0.4172722165788187,0.2446763172627297,0.363164202514857,0.3554199630433907,0.4875046032804375,0.5100518049914307,0.4580208977079911,0.3492108952116636
0.0922786131422921,0.2549331295576105,0.3390451201501546,0.4265935996184922,0.2597124068675013,0.384786752620003,0.4041144876035781,0.5180663244255113,0.5136117050063673,0.5022340442855562,0.3324107119335565
0.0834037379359028,0.3425946429261042,0.3930998547515969,0.4016844222623666,0.2241882168388811,0.4345493035463956,0.4443929883624507,0.5174105974679581,0.5345748813366124,0.520924164678201,0.3765232696789599
0.09564778099021,0.273599539960528,0.2176553961698201,0.313927466957751,0.2035973515548777,0.4574337639803364,0.4924596715309669,0.5177423787044269,0.4940273638806907,0.4545938688848145,0.3798195843823659
0.1043293095669445,0.2887232600009946,0.2624300498938751,0.3648898247361525,0.1906137792582735,0.4429734385996647,0.5020197014624024,0.5461848976877702,0.5406916468220266,0.4647295279860099,0.4729308904649721
0.0984895232276627,0.2933494618334434,0.2711471299258194,0.3462275791900429,0.2411208587164344,0.4085331416561582,0.5592054852406011,0.4350286059803048,0.5167412572481044,0.3508951211477468,0.46570948499913
0.0987692200798347,0.2695435479737941,0.3066590548804481,0.396565479045832,0.2530096152711775,0.4217948532200101,0.5923517943254105,0.5175833254090151,0.481059570620937,0.3847008122300432,0.468413492296012
0.0918176225605877,0.2617916257312065,0.3153137375538372,0.4024677327055416,0.2781535423790117,0.2878565246164684,0.4602859368421437,0.471600847221827,0.4406013512082107,0.4138364968916823,0.3091960732268883
0.0953813820505835,0.2430982631616788,0.3177597924190393,0.4239416680511502,0.297227435244148,0.3671458141668469,0.4622591938915277,0.4868280230025964,0.3775196528487712,0.4387116948272163,0.3570325544146145
0.1008734661900483,0.2601557367020414,0.2288962133604144,0.3909301648376705,0.2700678941236902,0.416866350303847,0.4465651776740718,0.4773773700498044,0.388139144107699,0.4831409502863463,0.3625691637307411
0.057660689387367,0.2700683684570085,0.2060877233278805,0.3645236381304285,0.3399046459757744,0.3701083158011548,0.4714874749244345,0.5101269015339155,0.4546856600659866,0.4134366437462858,0.3522876910269261
0.0690280691938881,0.2709836250584795,0.2678267745164471,0.3521954900354681,0.2569614314586728,0.2751567897077435,0.4375303223334018,0.4141139494310455,0.3787468577485827,0.4197270451109298,0.3762025297327725
0.0361875839375045,0.2075922091601761,0.2880300707812506,0.3618937734387604,0.246844966797669,0.2979061726925257,0.4590844631884185,0.4237503563688309,0.4558231167542395,0.4804658015440848,0.4256784895945346
-0.014374396641803,0.2170538053638406,0.3134865262100503,0.3579133077216302,0.2621020552847113,0.3376491871016228,0.483758273050772,0.4813381224938169,0.4385565330966331,0.4253195475611771,0.335433609945772
0.0199470989470477,0.2495243442611227,0.3267229113792206,0.4063971486410551,0.2846449579856198,0.2658058407332964,0.5185265603310878,0.5213771216714819,0.4394892134474252,0.4407341939821963,0.3705006953473863
0.0362638391752409,0.2274272664066374,0.3449902132317621,0.4176047935503539,0.2874918704094559,0.2934073142315915,0.5383320992376022,0.546766930177137,0.4862308570940306,0.4706358403200426,0.2975913026142998
0.0639986497042252,0.2616441317499126,0.354838679032754,0.4249214099607327,0.2702960005844528,0.3474905222681182,0.4318203455122686,0.515185384871822,0.4890198950161503,0.4168815791923725,0.3577878253139522
0.0522236451637614,0.264978567299265,0.3323457328538277,0.4534727395738894,0.1819108569550236,0.4187871463010703,0.4659577563370574,0.5041228880371098,0.5103858234993552,0.5176502683397467,0.3611678119544843
-0.0571429368738622,0.2606698693786467,0.3398979334572339,0.3450823156058662,0.2657497143814336,0.2750741323881607,0.5126707489874135,0.464882458915107,0.4854358353691441,0.5331213091750786,0.4086603964784596
-0.0382722803122374,0.1982804672320874,0.3589570709280257,0.3723270811453514,0.2725606294998601,0.399312253085454,0.5285158098290215,0.5032643625106181,0.4791391263622097,0.5531894511005421,0.4487208783744771
-0.0340733493912357,0.2222463143739104,0.3604975551540871,0.3818829014402626,0.3018569556250031,0.3356386030304524,0.5363340263598271,0.507308415593073,0.5805917112387329,0.4061864623304027,0.4880271282508805
0.0522057852962888,0.2783116421697501,0.354964263138375,0.4034912415628062,0.3243487929874845,0.3708828606981005,0.5225356060714825,0.5270097670667808,0.2936076793546356,0.3901964107383664,0.3153863070759093
0.096664450576968,0.2987128021965572,0.3629376308083133,0.4497197468960875,0.2924147151296066,0.3907356588726086,0.558321385800862,0.4604341529995544,0.4358115273338743,0.4475290176211461,0.3481496159567816
0.0033281245420455,0.2404771640332051,0.3264588158844266,0.4504416911176249,0.2845286020939605,0.403462294806008,0.4717587930629133,0.4826865319813161,0.4865558115605466,0.4828038448513963,0.4325492837958798
0.035239646256652,0.2727580661819383,0.3249792626325744,0.4747969762557265,0.260957258255405,0.3870145605269764,0.4759274721419418,0.5314879005768016,0.5118715113051807,0.4871599529047832,0.4017218533006432
0.0692302438686015,0.2761027672010006,0.2516455372784539,0.4219639666902097,0.2726856232423606,0.3568925404352536,0.5278819868433315,0.5749748803895504,0.5320367091228195,0.4881162748350875,0.3770693489699179
0.1009618871147841,0.2809171517629159,0.2720724798672477,0.4469332169319314,0.3090764099265114,0.3304873000792118,0.4877220943313247,0.5636568166341595,0.5429426961255666,0.4891402721894579,0.3572381853722169
0.0758429777984212,0.2697049153661396,0.2804208990975065,0.4030422405251695,0.3361466723714246,0.3446607022217294,0.528196111910266,0.4829204713706695,0.5154569421185351,0.4580782846940706,0.3236624475697507
0.0805048958495208,0.2055363381942625,0.3241736707491207,0.3681360340661194,0.3601370659443943,0.3836571300278714,0.5458656419042269,0.4934669606707805,0.5314305655131385,0.4153546545148871,0.3307527765780951
-0.0709461349755694,0.1768856293255158,0.3334480325375457,0.3698132956854321,0.27481716115288,0.3949427675239869,0.5806136782271806,0.4389148926340325,0.4626789936958189,0.4192138269658494,0.3676836878882349
-0.0446479977971541,0.191472715167407,0.1957596853929113,0.4066602885365757,0.1572667250202054,0.4052472328095832,0.442570022325642,0.4833443342187988,0.4389817329139336,0.3368643117664088,0.3457236986001389
0.0516145765024419,0.2194181865494855,0.2755593191340629,0.4626664127105234,0.186627287244003,0.2994192272377676,0.4800009952161541,0.4998106810582362,0.4795457157616766,0.3990982805599568,0.3349778634893733
