RSX_CAGE_0,RSX_CAGE_1,RSX_CAGE_2,RSX_CAGE_3,RSX_CAGE_4,RSX_CAGE_5,RSX_CAGE_6,RSX_CAGE_7,RSX_CAGE_8,RSX_CAGE_9,RSX_CAGE_10
1.0,1.0,1.0,1.0,1.0,1.0,1.0,1.0,1.0,1.0,1.0
0.2155532431179329,0.3383145233252671,0.6541169120451356,0.5586458552520652,0.288714214227942,0.2527999702130909,0.3874793386569649,0.3117970837870686,0.3801886982654703,0.3687026854488588,0.2129353786469244
0.1330933759613589,0.3246149936819072,0.6267811454631057,0.5282213322405035,0.3426289786231982,0.3138680934633658,0.3728192585110526,0.2634899558724017,0.381624362777248,0.3857273273644812,0.2613601197792508
0.2000957106223149,0.3378977377807559,0.6127563534035101,0.5989002707784467,0.3493235890829202,0.2340869229304714,0.4380011451789648,0.3525835253394621,0.3767833217630764,0.3728726970535951,0.3012124800186926
0.1722449580919458,0.3231604154232139,0.7097553390915469,0.5787630105015984,0.3410937809430896,0.2507422848082868,0.4556587730162459,0.3591165271577203,0.2849817707811526,0.4399825805298878,0.2886280044711183
0.1489041967968886,0.376620603839025,0.660874431584216,0.5439659893265609,0.3652979817431772,0.2722240557714231,0.4094423516186323,0.3399156716753557,0.3455102987479244,0.3890321936148964,0.2073857114267937
0.1061344599412461,0.2451256280133095,0.6537445853665247,0.5745118705264468,0.327135893000942,0.2706984716742672,0.4269534473004999,0.2828441258840674,0.4408313194513535,0.4327523672593568,0.1775004146135379
0.1972623049052021,0.3388198367415167,0.618985411894493,0.5566347611270478,0.3736648709092082,0.2778650235759771,0.4279298219705515,0.2823013554176677,0.3277249352964915,0.3684285816337823,0.2607820549235791
0.1894536742813576,0.4181061126343012,0.6579852258552314,0.5493740658871972,0.3086984227879533,0.251177751730173,0.347441907351928,0.2895886205675054,0.3478755400955606,0.3751876230651002,0.1674873639004893
0.1922878990313469,0.3245423964170466,0.6801953630716656,0.5615140712918129,0.4291294258066869,0.3083948306844132,0.3713841477611834,0.3718054943975841,0.3744351503917064,0.3926107221193787,0.2067908456598995
0.1068147419291605,0.3119868989336111,0.7222387122488897,0.5724883191645234,0.3886477317543915,0.3008953641066157,0.3973705584966659,0.2951271479136643,0.4202874560387771,0.3973438591248118,0.2725202502507475
0.2258793022486317,0.3731984336695472,0.6581425574173506,0.577161622107051,0.4030426707446992,0.309586450449609,0.4870691676477578,0.2859624374771793,0.3337185853097179,0.3893176316895179,0.2159893411357213
0.204045508429044,0.3682404732085337,0.669212809853872,0.5463308399554473,0.4147641893787986,0.2917381992979047,0.3932340609554654,0.2607422592669425,0.3410339810519089,0.3977695044489361,0.2134744248986175
0.2045418221339735,0.2768898708918376,0.6615724269038235,0.5149103096096495,0.3889147320111721,0.2563048267407846,0.4050462499853486,0.2703213621867499,0.3284976842640014,0.3905987730358516,0.225062945089675
0.1364986439318293,0.2452232742008228,0.6634082841646498,0.5376000135723302,0.3727712687570157,0.2792427158809653,0.3991055988132728,0.2391449487131452,0.3643437438373529,0.4200917275525672,0.2315285528373485
0.1769537252114516,0.2632718812399831,0.5075687400177914,0.5127495376683481,0.3760701254003932,0.2735656640800164,0.3842348748656228,0.2452718756355816,0.3567456791215704,0.3449598836118883,0.2279180538576597
0.1414293522680921,0.2837615013187149,0.5646769039328658,0.5157838095955954,0.3657250033494698,0.2978345867039803,0.3972606163364693,0.2594967215667023,0.3591828701382316,0.3075910013767459,0.1765048761610451
0.1497609031806048,0.2134187620896085,0.5885743923048284,0.5027910984938376,0.3862546717319113,0.3047382619080681,0.4035872804407314,0.2712566791917982,0.3854655898226685,0.3400907963326901,0.1956978581365304
0.176269335064864,0.2703477314604545,0.5266456590989744,0.4868479189950223,0.3653452206786389,0.3074177984309587,0.3889308964515925,0.2557524039740817,0.3331065635368836,0.4071719122239146,0.2091495084942872
0.1457945928963303,0.2810895782361843,0.5190610120004879,0.5064346797035165,0.3251898665802209,0.3266214194681359,0.399463715705539,0.2345742403196594,0.3337499831398289,0.3962500778911626,0.2453773171693258
0.1904932954369046,0.2923114219392102,0.5424665701131774,0.5253269498398587,0.3430895678925783,0.2914270371344768,0.382577335038596,0.2627223910837978,0.3434766485056046,0.4334469543361485,0.1647978936727692
0.1252401205846859,0.3334603333825079,0.5415710769981648,0.5414771754986226,0.3381115747615915,0.2933894634443113,0.3661389136596273,0.2640390646105861,0.3611564590891055,0.416610538703238,0.1912232826791926
0.1380912679635727,0.3731955063091722,0.5211163503216589,0.5157239229011129,0.3160832492919384,0.3078355593944192,0.4099355141535372,0.257904555521958,0.3751820960822305,0.4192677638050036,0.2190128700903686
0.1526019489229871,0.3730594543023611,0.524637263463553,0.4768170983469144,0.3652247746990679,0.3007097339726207,0.4215822071464157,0.2392659629882402,0.3837290299153471,0.4204893402128759,0.209690416912852
0.1235991654114221,0.3393949181799632,0.551747121242697,0.4852301786773554,0.3389157683133809,0.3187835630269823,0.4318894474880134,0.2958824409067858,0.3999583469005423,0.3896254339931218,0.2366009007375744
0.1330358277710377,0.3343234774945686,0.490153026552926,0.4498699003297753,0.3396444897154852,0.3049336705795002,0.3721350280691272,0.2883198877669154,0.3375601437840054,0.4215874825536661,0.2465832043729289
0.1171440601156399,0.3354697780740783,0.5223975495626858,0.4802623715898667,0.3210169676467885,0.3100444434156202,0.3936080626231818,0.2979252560175724,0.3581247726980859,0.4247930719311874,0.2872459094233254
0.1699799614485072,0.3396166597002401,0.5343960619928627,0.5094236004532167,0.3322137662565452,0.3106909683208207,0.37538375655297,0.2985253196053238,0.383980238534226,0.4302975314155681,0.2466760725471585
0.1713693491120667,0.2737356577001361,0.5423520601930711,0.4658254462510153,0.27754423707632,0.2732489758446113,0.3885751555801777,0.2280864193655258,0.3735929596931807,0.3862800573764707,0.2612931277531671
0.1318183080180504,0.3203479121010384,0.5014722643886643,0.4686475650346405,0.3051682903553762,0.3136545845797621,0.3695365179036032,0.2707019355475265,0.297448387224499,0.4254625463945378,0.2736427950864699
0.0438545357273963,0.3284354922620953,0.4697976865345493,0.4468286506341147,0.3369733254477235,0.3406349449060182,0.3863037223916681,0.2917538351632934,0.2901881430291195,0.4144794716969069,0.1987257179316796
0.0848455696128635,0.3067686502401907,0.4937888513926865,0.4731451560003362,0.2528291176919075,0.2382753667574932,0.3545075973752293,0.3285690816242047,0.353037197235726,0.408827020481351,0.2003405830190858
0.0866002025440559,0.3035124264245304,0.5326697072184979,0.4402522313865009,0.3038231064948294,0.3005903605249824,0.3657849307520201,0.3400787580695517,0.3529272333447449,0.4206289997736503,0.2294123154411078
0.1061558737206172,0.340157409995322,0.5463718027041526,0.4619908236567622,0.347466774339927,0.3264991109511636,0.3906045179423066,0.2916754611379469,0.3705184129010782,0.4138708627278176,0.2371736917587398
0.1043472718079343,0.3199180056219409,0.5565620574501937,0.4554209780485936,0.3187706504257694,0.3098846461357935,0.3792626080148144,0.3143682084175939,0.3721205914608229,0.3833373327241072,0.2481546555447676
0.1205683849182117,0.3152893721915654,0.4696345190865851,0.4164945177489054,0.2969826131308797,0.3232783150708446,0.3952542100140248,0.3011286489464764,0.3346218137404274,0.3620096877563688,0.2670939430560892
0.0641488517137184,0.2969246696705815,0.4618789940313146,0.4005015668369815,0.3249298137737219,0.3188617269909271,0.3089626008215261,0.3107611337300775,0.3256877949082143,0.3851777300927089,0.2672696379556005
0.1084294567540159,0.3244509765175828,0.4843211927237705,0.4325248936595055,0.3342368863837632,0.3232928749412547,0.3214217905587706,0.2949620720739823,0.3524790329910104,0.3750947073782721,0.2482024733757396
0.1015100008007454,0.3114999486174539,0.513574912941252,0.3857490127924118,0.3441547321554641,0.2930566163095974,0.3448279827884443,0.2966597868449087,0.3521459541104268,0.3893631050784858,0.2596428045647249
0.1082606862125571,0.3140970903104173,0.5221869941160431,0.4264763550290497,0.3074680759355709,0.2757499627436163,0.3518722101789573,0.3092427738807231,0.3546200426785941,0.3852904235707548,0.2394655555663171
0.1282923103357203,0.3230937455222397,0.537335856688488,0.4284117255956992,0.3152786028481985,0.3064979088504167,0.3649901954793411,0.2912379139254282,0.3486473256910904,0.4142147745105515,0.2565029314061605
0.0815753714468553,0.3379366689885104,0.5416885669032634,0.4139377321329726,0.2834999630276412,0.2616795679688801,0.373409333949405,0.3094789054865984,0.2918581529932691,0.4447901903441131,0.2587450400286871
0.1178099472930172,0.324404660451035,0.5584448652934699,0.4430786262716091,0.3049772336512612,0.2647981906364118,0.3815863195203067,0.3243482075309964,0.3387206640369065,0.3437139122432547,0.2537147779114082
0.1310407229179268,0.3347844484890926,0.5411031056521188,0.449638610223046,0.3344013798971618,0.2639870683524598,0.3815268824221625,0.2869653032118057,0.3492964871662396,0.2982517622911186,0.2298234832131473
0.1213940726240971,0.3253482875970361,0.5569519543829657,0.3636208074802141,0.2781346885539471,0.2859431018804955,0.3400375930436894,0.3210974653033126,0.3226818176268229,0.3548078847380316,0.2680471870465261
0.106626536409024,0.3159890728516287,0.4933647686476398,0.3624676690160669,0.3115623780977788,0.2996189221738194,0.3644752102796183,0.3226388250872337,0.244245717798293,0.3601387687063982,0.2622068987085553
0.0699465564411001,0.323877747235863,0.5078012533760778,0.4281923088769568,0.2917606632782716,0.2394393075154819,0.3427399517962998,0.3365760968703905,0.2855942365314302,0.4099940575993875,0.2393301871491542
0.0756645781779978,0.2632762021856308,0.4804803010933181,0.409593089619637,0.2678506404623932,0.2473815354917791,0.3817014097384883,0.3235134607548314,0.3033922844165136,0.4331794004546139,0.2497688577844969
0.0893543919272399,0.2731268627503116,0.4976925030881467,0.4411915913155888,0.2695759673697181,0.2813703503877937,0.3880751250346493,0.315756644352127,0.3382562149884053,0.4463622910629423,0.2280327324431759
0.1162439701483376,0.2818479302376868,0.5169114002741557,0.4235771882221723,0.2852600489438591,0.2933731353125839,0.4032511103323067,0.3482540084041812,0.3086717989260958,0.4032791313699784,0.2859303374116267
0.1465307441540977,0.3170973278381724,0.5293241501652683,0.3931695292738808,0.271059746523032,0.2789017396080366,0.3550891486943321,0.3330425090658087,0.3422894822415723,0.3997859114227171,0.2559673824948018
0.1261766103913048,0.3329518184032687,0.5467673481599418,0.4280793856270344,0.2414902171090702,0.2409607234042283,0.3948122926282001,0.338353709954939,0.3483112656777705,0.3638715651304816,0.2637710026245236
0.075091885970294,0.2882111869383981,0.5728983088920645,0.4139492602070055,0.2731408834047437,0.2675146032419667,0.3848353158650881,0.3074233176092907,0.2863624014125754,0.3801829969223101,0.2311176402506284
0.0962829762424296,0.3122716402519496,0.5707180938865948,0.4492829962072697,0.2606557353959994,0.3033461581192269,0.3314122764692721,0.3214092004553401,0.3164059349174333,0.3571338837875385,0.2219871369698816
0.1174717758276201,0.3154080724905822,0.568135145761832,0.3971890739803502,0.298745913611629,0.3017572607581159,0.3565803593632171,0.3333929291195571,0.3333154086239752,0.4132557374788391,0.2144488962713485
0.1288657642332678,0.3178193170209975,0.5006027832386184,0.3645192043339623,0.3139193811676053,0.2994983016076029,0.35295838520948,0.342187700791215,0.3418356683966038,0.4056700749586325,0.253969947686176
0.0914894193933156,0.3118202705102363,0.5006849668821192,0.3742009888089942,0.2688144807966857,0.3286845011532556,0.3147814281443011,0.3449253020008225,0.3356835597229805,0.4096388656728106,0.2544931395173121
0.0925144044199032,0.2878464002541772,0.5333283311374695,0.3856876413739644,0.3330198239450417,0.2468170230880551,0.35605499424566,0.3520268671835012,0.3580751321975074,0.3703430897972089,0.2719540131225466
0.0870383655983117,0.3173464240871433,0.5433401514001079,0.3810549593028212,0.2965702650784674,0.2763855612822729,0.3941838700888924,0.3166166277474662,0.3896453679789925,0.3948429153214134,0.2749630599384585
0.0761240812020137,0.3349794157957043,0.4788193309549036,0.361225658359482,0.2254941193652595,0.3174443495858188,0.3467579147833247,0.3226982546730308,0.3407135366675197,0.3931271751860808,0.2354155048725109
0.0890471132475763,0.325555472592726,0.5298445950720461,0.3737500964785284,0.2575127351704299,0.305032327197655,0.3700531052335989,0.2977145029317015,0.3522603047088913,0.3809589993962929,0.2413585913194927
0.0766977134171233,0.3290764617960277,0.5393107517645395,0.4038196431451483,0.2464198824293091,0.3124568810137856,0.3759736463165268,0.2973252214681243,0.3397534718084745,0.4027912744550122,0.2517077718642467
0.0111710529697233,0.3311217219023209,0.5623189719917911,0.338820135817423,0.28779160744791,0.3368221400227436,0.3945343894982615,0.3135131308168468,0.3300476071780361,0.4459589113828431,0.252720659742322
0.0598157579036279,0.2946828146157502,0.5401866976965477,0.3630443720981355,0.2590936173544785,0.3522186058988434,0.3928995266482889,0.3123084866567759,0.3406906467871863,0.4084810640754431,0.2555564474000781
0.0883575429552051,0.2980978870669661,0.5254755450591947,0.35651004059373,0.2876152876928318,0.3217764351801446,0.394212320196286,0.3388181063801521,0.3448465925513969,0.413294027445003,0.2609413951271904
0.0068969552696482,0.2510995745772768,0.4856053574818184,0.3794820108652198,0.256345963229373,0.3544885755686353,0.4048393713012455,0.3269462061193454,0.3716545829408765,0.4189235713270877,0.2045853047883929
0.0634918416785874,0.2780673067340332,0.5049540698648148,0.3927519047849401,0.3078071575186165,0.3583761795311464,0.4049360905986501,0.3041896362580126,0.3576430530543225,0.3597650342188465,0.2430632579960934
0.0866376918552703,0.288964323672759,0.5459020354088729,0.336543534023041,0.328827110795836,0.391005309304378,0.4102086773296146,0.3256198400564059,0.3013531213923036,0.3526740223000863,0.2525254340152436
0.0969895196012775,0.2839098439010781,0.5616501657668089,0.3385602363942954,0.3390610978716194,0.3917394559165177,0.4034367437546764,0.325767103497048,0.3239951969067024,0.3653773625910425,0.2498440273745641
0.0291597495914037,0.288724757063978,0.5572099971109802,0.3826134948400905,0.3262500958660763,0.3967517319296144,0.3511827810573354,0.2955713104277195,0.348852057123958,0.3826874407132199,0.2174307242436619
0.0750514214115115,0.3116405936053888,0.5458590728884585,0.3860399146273648,0.3345891671586187,0.3404832652480269,0.3669483825379909,0.2565116643053893,0.384866257080896,0.3837760867236466,0.1873983915800784
0.1106659604063169,0.3341022467343298,0.5285943524673102,0.4228832354383531,0.3062026066929733,0.3488049014637429,0.4011087551809457,0.3363202606601633,0.3382018576947209,0.4133655220847582,0.2336838722295574
0.1170024306747794,0.2743891287039363,0.5775693551942146,0.413604901499657,0.3429450142939784,0.3134399445044658,0.3689645727721014,0.3233691694579886,0.343716990202308,0.3781090882061271,0.2388568105932643
0.1006409546073359,0.2991258146538293,0.5559303946811189,0.4425611146131528,0.370311263985418,0.320488659660156,0.3564708346211024,0.3233108076033804,0.3351659698084659,0.3886142014800502,0.2695886097672989
0.1023508780642827,0.3158782221595734,0.5276970865166228,0.3799818764733188,0.3033417121516569,0.3351789952006426,0.378045077397306,0.3453548423954568,0.2712110767830488,0.429878512301717,0.2023674824335428
0.0779457538493011,0.3250364967316055,0.5684378740181698,0.3859810297009191,0.3178436866407997,0.368877435306556,0.4079591986783491,0.3028038553404568,0.2844963571187104,0.3769322282930957,0.2209187909639278
0.0106272408985823,0.3318594584027506,0.56224363566944,0.3910799694587866,0.3397993537772479,0.364693967796912,0.3916898851064712,0.2874072903687116,0.311873363019201,0.3602487135962767,0.229118047876117
0.0474370645299751,0.2917830115581691,0.5440606392167009,0.3942646145933172,0.2866065997368284,0.3518354636144941,0.4006397297155007,0.3246712882749967,0.2864980541823547,0.3753128106728456,0.2656302859772396
0.0808136674488903,0.2896455052546699,0.5552996379441772,0.4033050963949964,0.3147976040372678,0.3642989980823561,0.3847409590861071,0.2733521837653466,0.32463957060489,0.3840626307779327,0.2479655113881445
0.0617664427645321,0.3044503778644964,0.4771626876184149,0.346343238066894,0.270366890874309,0.3191806474895036,0.3605007338095531,0.3199265526991241,0.3467836435398794,0.4067078829421237,0.2531473153098221
0.0702481692108515,0.3188650405674277,0.52336643257339,0.3278202138014071,0.2854406149455947,0.3292611264056872,0.3662570549841794,0.321773685699793,0.3513200504221618,0.392605994798019,0.2206244590033421
0.0753899875545451,0.2616429384617528,0.5366139978813897,0.3844632877694734,0.2872921982850148,0.3456870626113998,0.3670236250973367,0.2666981369636755,0.3610105470393558,0.3539723967102702,0.2494207342402163
0.0478942022163528,0.2711515231669336,0.519559109241507,0.4148588923517321,0.2778164195444832,0.2787135855269949,0.3510444721211998,0.3031712982351519,0.3489627141400877,0.3275693545726808,0.189132689827242
0.0364330101373554,0.2745865959096688,0.525237027095822,0.3982005013552249,0.3252519747290226,0.3150323578648348,0.3449891243738866,0.3304964120723466,0.3573980575479151,0.3717977116043867,0.1977128173161305
0.0465869814172723,0.2444359529337762,0.5036472175275704,0.4061634339279701,0.3787224295746577,0.3119457208981062,0.3430630992420879,0.3452720246599414,0.3400690035149128,0.3808735843355373,0.2113277875825771
0.072625061517351,0.2713032590982042,0.5448116938530676,0.426714757844636,0.4097003536264909,0.3418990775489157,0.3166782920721516,0.2923339864551793,0.3585116588556877,0.380963670908493,0.2421265198364965
0.0926895653828147,0.3107557612416923,0.5835584051920586,0.3331994814268449,0.3551027319092958,0.3776784801810101,0.3514479594331233,0.307701201146948,0.3702446517428521,0.3339976111220867,0.1996609750597653
0.0387671932565143,0.2949490573608448,0.5236845910837501,0.365890529891787,0.3405907999650404,0.3673699458548605,0.3607762761248198,0.3319927398596265,0.3281651660340523,0.3580801462247021,0.2465067049343884
0.0577193267724443,0.244865062643363,0.5320303628467835,0.3479981419812349,0.2897590174868987,0.3822561431792133,0.3372988236188411,0.3672234513468732,0.3249484299145664,0.3632394758605883,0.253318780542328
-0.0093967881856935,0.2694155883544973,0.5179043786550869,0.3872746798623228,0.3281433538854663,0.3800816779993833,0.3397108581040567,0.3398351962168581,0.3154432162478016,0.3662093264739,0.2496601085314683
0.0353677852743084,0.2808263351505765,0.5651578360324957,0.409136631329896,0.3544502619457522,0.376601325960428,0.3263344042957036,0.3404562493222182,0.3607512093867058,0.4052487812777737,0.2874499792077392
0.0587103249341575,0.3081245749255441,0.5172894230400277,0.4475806008764761,0.3299048678623928,0.4058433325082876,0.3557290145888366,0.3314570920724389,0.2524420643776167,0.4222301814711283,0.2666357233526922
0.0677017063796824,0.3150623366187919,0.5683496316621457,0.3678059566501373,0.3587358644251184,0.408285644351403,0.3760723555044702,0.3505588690647825,0.3025979453646007,0.3361247262157043,0.2139137327948755
0.068208920373254,0.310079199649069,0.5258517003074101,0.34983649518783,0.3605257357710435,0.3943776576049501,0.3393116355383349,0.3704569208792044,0.3137503097749893,0.3706367506352804,0.2233060076320391
0.0229425991769271,0.2745426292640974,0.5138272531370818,0.3200950918970893,0.3519759274046558,0.3176786143372322,0.3779000400439513,0.3150331211108458,0.331575000778834,0.3852056270531613,0.2349749817793847
0.077824409259689,0.3011480410681603,0.5462131537542965,0.3457012147958522,0.3648004388100053,0.3687358550024711,0.3808237065383216,0.2870178757308759,0.3045041611170791,0.3530631400547769,0.2044013742472894
0.0812759777673734,0.2920275859810851,0.554079233928231,0.3663109319253771,0.3545496548736609,0.3668851212471626,0.3968876096094566,0.3289240993727875,0.3093762734802012,0.3793584446455376,0.2202573506758819
0.0490423911568106,0.2980204586420931,0.5730495156706858,0.3766737267363078,0.3696715334266484,0.3762968510138758,0.4013647256495358,0.3246506903642455,0.3451769711512953,0.3965102382844738,0.2295454626587412
0.0389082325760802,0.2877590806413795,0.5497167634818629,0.3824353879853611,0.3561333054202235,0.39092075692263,0.3549664107831321,0.3401837154981695,0.3371961062551948,0.370869218404864,0.2188526651379045
0.0558102954645872,0.3001195632866612,0.5251698727930081,0.411093541121883,0.357204505626285,0.3600698874336016,0.3156770824900263,0.3636299425782121,0.3468228717638896,0.4010956269103392,0.2597907879847333
0.067310389748779,0.2999587801988133,0.5480614878859502,0.3491582534998126,0.3768883116154683,0.3661274109950284,0.3388959035376832,0.2847719637036187,0.2814568031119602,0.37368530240074,0.2473223394515801
0.066746122992595,0.3089998152208705,0.5566666431724344,0.3883861469967263,0.3189101940639336,0.314173374956335,0.3396294839427072,0.3092102015496244,0.3515641679524501,0.3159460764076427,0.2659808947995412
0.1079453583748614,0.3314251708836245,0.5478826440447486,0.4292532077794011,0.3333799874839822,0.3048658958333909,0.3582142868664802,0.2671800186995328,0.2759203555943704,0.3838885330347389,0.290242973534406
0.0549214932098793,0.2910295362543615,0.5381673569100625,0.4051345468406717,0.3412531211563046,0.3205724196693507,0.3644842526682015,0.2687137283348446,0.2811651938800354,0.3804953696720015,0.2339999367473381
0.061152749752604,0.3145903678167756,0.5492556837016032,0.3767311794550496,0.3709208734024406,0.3699997678574851,0.3524073827266973,0.3202789948309886,0.2885324335776584,0.3568932009478698,0.2140209802966753
0.0631375396644819,0.3152290350101547,0.5463668315136059,0.3490882906865237,0.3724192291195125,0.3877769499635607,0.371936280517942,0.2653229432186767,0.2913549794380239,0.365678789924436,0.2345568673451123
0.0769866531932388,0.3398947354284449,0.5169430198158385,0.3702226681489101,0.3743518244140429,0.3919514393785401,0.378826761492418,0.2974921356431849,0.2897209413195079,0.3796039095322296,0.2514187467827912
0.1118236663788502,0.351378213750111,0.5612365594363192,0.3712445940920672,0.3661599051756158,0.3999357686762649,0.4038156470643321,0.2854079845383371,0.3259328956400512,0.3822714124863268,0.1950428796571503
0.120433518695222,0.2855318452039096,0.4656638058692128,0.3486008515343559,0.3752907934964912,0.3609639876159077,0.3876579891147963,0.3028500779588934,0.3089995767984074,0.3558105227540841,0.2262378137375325
0.1080208461492215,0.2972713648487387,0.5158736830103426,0.3572812659148671,0.3841262342411764,0.366717598981698,0.3933153837143603,0.3105894448634886,0.3136910785085675,0.3873580823764652,0.2425338214917571
0.0862089088764195,0.318692164165354,0.516475548703599,0.2279557015799168,0.3721472607679336,0.3366906937241769,0.3674102024095821,0.3263411142458218,0.274914533235957,0.2966658460264776,0.23484590132285
0.0164612419419741,0.312644856769776,0.5254424375104115,0.2910954494066711,0.3676496433258517,0.332495911330024,0.3960881520784111,0.300995995669842,0.3214909799367524,0.3532611814979492,0.2062415670414845
-0.0093397434257903,0.2880608664142855,0.5277000880044966,0.325681090683536,0.3685931209224489,0.3064064219185973,0.3995810041420169,0.3305454423676274,0.3053139389123954,0.3683826226511532,0.2556833223803557
0.0232836407245196,0.3009163929012673,0.5572745861999026,0.2509514671744449,0.3821929957170571,0.3113463209516967,0.3845776725661983,0.2906152573553781,0.3132675375275796,0.3257933766832879,0.2701243056562573
0.0559153205493188,0.3222485166888039,0.5675123695321181,0.2889380173094834,0.3974902085167014,0.342455843103868,0.4052283234316554,0.3098911153188389,0.3374151882048137,0.3840841988813458,0.2468863312985858
0.0697830254608548,0.3065231896051634,0.5531111656041391,0.307442118662624,0.3866318424321406,0.2347390241566158,0.4138581160921976,0.3120371846596933,0.3469684229392495,0.3876731950117323,0.2512204818872777
0.0702499535751694,0.3446824771515633,0.5269070864933069,0.2911278870186047,0.3722779297637831,0.2465464733224754,0.3112897268295551,0.3110828223587984,0.3555622153426589,0.3733750113861461,0.2709549628858223
0.0302093331589584,0.2482536057953597,0.5402989454684612,0.2965531609474054,0.365868384491604,0.2482922265818521,0.3223846795605294,0.2988840049045947,0.3177758827174539,0.3818034604249213,0.2653019279690973
0.0659245245067034,0.3096696296139331,0.5523136249753202,0.328914788469598,0.2968013135750488,0.2637909643709752,0.3800962620030947,0.2996232269995366,0.266479929013949,0.4152249405793303,0.200856803892064
0.0878665201664434,0.3037206001062276,0.5544381629264319,0.2629289062857103,0.303570187329259,0.2404452196492247,0.3612274033610969,0.3079602250512698,0.2804504682523894,0.4221533582712117,0.2252694347182813
0.0287967199311191,0.3423574547357552,0.5328705059696722,0.2693674129729084,0.2633959889862943,0.1408248597925124,0.3964312860746933,0.3055645371741331,0.303186092905674,0.4288430511750816,0.2129295772432195
0.010931584364735,0.31191238872143,0.5486802014900637,0.2770176498123998,0.2387460254151773,0.1586669854599723,0.3859149584013529,0.3232565276431347,0.3233082961757033,0.3681824848957477,0.2254056366428479
0.0210114118063504,0.261706204118581,0.5587234474239835,0.2873777567136191,0.2478694614954005,0.1595998901429209,0.3571864022874633,0.3257647420958549,0.3308586940381439,0.4008823775867101,0.2038958191972515
-0.0076197620527528,0.2708976941741114,0.5253052614360344,0.3194911339898008,0.2605943702555336,0.1850083194952453,0.3632678530677359,0.2970300305864302,0.2999682191805959,0.4130406207441652,0.2396935984988281
0.0186905801832728,0.2844548623944324,0.5261610979892596,0.2943547311331691,0.2723839562258862,0.1505488449934416,0.3615661981703113,0.2948470874302942,0.3019791704325977,0.3642335288025174,0.255878480159019
0.0227703313719964,0.2975723377760891,0.536102281633956,0.3010285950998023,0.2776301585182782,0.1643712290317356,0.3860329476430241,0.2774498403569067,0.2577103232801123,0.3560034311171304,0.270001603266558
0.0366612200256468,0.2854937350980523,0.549234523864917,0.3022503590871696,0.2794144893245803,0.1994839953328587,0.4166910484978953,0.3006867363020366,0.2829715675837448,0.3408991666901478,0.2653127980059763
0.0277011513664289,0.3115091040281569,0.5450145623089293,0.3218354884018593,0.218539375578981,0.0837662216397248,0.3635236619776211,0.2769632303130114,0.2806938204006889,0.3478245136035619,0.2687725337952618
0.0017142208833828,0.3204591693933907,0.5297361293442321,0.2587512147048688,0.1715632065555587,0.1043874064705391,0.3708746395827978,0.2593697534608793,0.3081218553588594,0.3353692850625777,0.2616628911693047
0.0113666902854254,0.3017120113652483,0.4724389124433498,0.3122257865888593,0.1837416754882022,0.1181908307704352,0.3876645677171164,0.2821662703681152,0.2966619607040974,0.2958399946878582,0.2506437372589875
0.005640860177446,0.2971478555441411,0.5157834752308268,0.2980988657967994,0.1956955478915178,0.1237151307687158,0.3717563546193812,0.2709977721806665,0.3135037007916235,0.3173438044364811,0.2393984455400605
-0.0005885785308035,0.2752092228816609,0.5134960657244031,0.2607528724556804,0.2149721483771102,0.1033791144785895,0.3723942154640521,0.2636846587581242,0.3381850998779774,0.3007972052942423,0.2310475665890464
0.0350058300725377,0.3149645780514858,0.5538825364069195,0.3116125013178288,0.2373852152687342,0.1096606833465433,0.3545872692452098,0.2767170354105835,0.3460557691225709,0.3298051567584453,0.2379817652661266
0.0271446457467526,0.3155022094709162,0.5344109039113908,0.2493732895206043,0.2308108890082231,0.0906678657692627,0.369133394122361,0.2651073681563398,0.3600398457333316,0.331520794387551,0.2020617206026835
0.0016713664265833,0.2859726602812199,0.5466455136405879,0.3083212314059999,0.214627477437308,0.0517319028833148,0.3599901930153781,0.3023706050355146,0.357028463769717,0.3438384782937393,0.2054428519709651
0.0102962874511667,0.3269859832710373,0.5587221673044187,0.3169806452732145,0.2257630267496055,0.0905279676748342,0.3322407348313385,0.2482339567180622,0.3433906102342148,0.2963245725274427,0.2496476651418211
0.008116458118432,0.322727163530091,0.541573476350122,0.3443594168310315,0.2539847898691453,0.0999128114855509,0.3632430566438511,0.2512746053915387,0.3708096783517496,0.336456490869641,0.2308793123714975
0.0226364661460982,0.2936919207373458,0.5041359977865725,0.271545970705897,0.2739187196413905,0.0803737956711339,0.3209058912465551,0.2631869891671787,0.3659813196966358,0.3383530230023651,0.2326226092532118
-0.0616535192031222,0.3067932918407306,0.4410928147449686,0.3149176372761033,0.2498311429952925,0.1357590257744576,0.3445600259876419,0.2812391140678704,0.2683437616541813,0.374818878507788,0.254491527594472
-0.0080346152051695,0.2966185367064398,0.5062967009394035,0.3309768888170437,0.2289259287878447,0.0909431495782116,0.3683274814944123,0.2935661511432941,0.2883835759053476,0.350550484070852,0.2370709831128536
-0.0041811630976185,0.2975392771657352,0.527644402030248,0.3047445856084008,0.237950261908861,0.0997310557415795,0.3523068207132385,0.3045954158954361,0.3265817446518962,0.3668664046164235,0.2506114973314799
0.0077114368012409,0.2809372235805205,0.5342430472593938,0.3258626553833852,0.206942162465132,0.0761848608524491,0.3646303239538873,0.3197810240093037,0.3294414650527256,0.3493455503700306,0.2402330559762685
-0.0418738820746581,0.3053090116217326,0.4752703496725137,0.2893025088324621,0.2074996849657639,0.0817669579343957,0.3708794675449762,0.3071353295552057,0.2949987115081607,0.3518948011733499,0.2327164623238178
-0.0183956335526658,0.3348417367380805,0.4874278216776945,0.324105929138124,0.2433540892106955,0.0979624431751555,0.3910572284026306,0.3075128320349315,0.3056735407707742,0.3526328898008005,0.2428736886008065
0.0094127897974871,0.2935924268912598,0.504755808270934,0.2510649162743554,0.2204381450193518,0.1294404859318478,0.3914696988943945,0.3131566893328021,0.3191043676433511,0.370551880352403,0.2581828978580741
-0.0025320954746221,0.3158787291431533,0.5161855877576451,0.2826383512491416,0.220485567468246,0.0481860728359446,0.4023291061291054,0.3123148065968802,0.2858951595212717,0.3633621400815507,0.2628011430865742
0.0288071882849031,0.3191803894145268,0.4780504833915726,0.2556558770263613,0.1976999370241418,0.0920759733453263,0.379291773354096,0.2967427303009026,0.3015865472418633,0.3496057232580516,0.1688859115200379
0.0027618525310857,0.3087881431305553,0.454802454389836,0.2788536190722028,0.2417591935563625,0.0716523660226362,0.352578799099345,0.281985599670373,0.3520992025346787,0.3507419997042724,0.1819400188166853
0.0209878786680225,0.2756881893914341,0.4795563683980999,0.3194295614998407,0.2584343948539501,0.0920326456723025,0.3654556362035129,0.2706912531699664,0.31796219345381,0.3268847577188855,0.1880871089201698
0.0331575434080701,0.3084406079791215,0.5009407578009882,0.3370881495169655,0.2615389317360871,0.0832518321296363,0.3533875341607099,0.2461364211714946,0.3216867965758016,0.368302035125423,0.1904259587051656
0.0203798315385546,0.2588228403974646,0.5088593177830977,0.3425618247248598,0.2463675245891244,0.0373404489649802,0.3367725483591243,0.2678980017159046,0.344949918083611,0.3717442936015368,0.2164163386839117
0.0089505383584809,0.2915919701882422,0.5142902027940586,0.331991221511809,0.2704262024442449,0.0637309635220429,0.3594466545670757,0.3009396372094201,0.3355100022199072,0.3154947549499861,0.2078993212241883
0.0328697158691574,0.2943528781464288,0.5342903101030987,0.2938804941499132,0.2329707865501081,0.0780733015393648,0.3767827580036004,0.2436824563624305,0.3375531454866378,0.3549600586410907,0.2027699159108582
0.0369362859924955,0.3204012878690053,0.4966965750477392,0.3212873403355207,0.239088090414332,0.0978634301396943,0.386301594496419,0.2861072981370432,0.3380253420084561,0.3415497567259255,0.2002618447463719
0.0069244756222729,0.2974834005085465,0.4479083624886258,0.3224972274320387,0.2743247998071423,0.0928298450770016,0.3648296438377098,0.1965530940708443,0.3162936508762232,0.3165956025622258,0.2216574451839322
0.0283317184367514,0.316974544410474,0.4697028284900805,0.2986068226535051,0.2096032789546766,0.1307642355446088,0.3743632535549641,0.2538527976527755,0.2840840264817731,0.3411143645282007,0.2252108592012763
0.0529102917687836,0.3399364442342668,0.5059810735290337,0.3044811805374999,0.2294717334255829,0.1331977640462189,0.3870514046064874,0.2550140911485907,0.3013553314950468,0.358045918098434,0.221588903732936
0.0234751378059712,0.3483402723966395,0.5025679292121151,0.3026745571410901,0.2298354249537054,0.1228384064424309,0.4024233695232572,0.2353642189852784,0.2723471815759498,0.3753610571452818,0.2315268952106904
0.0135288391380591,0.2876950402286757,0.4872705594015027,0.3131363254055541,0.2587741322808295,0.1098899487128615,0.4098620638312567,0.2188936289289922,0.2776975065172814,0.3788259526053675,0.1699014292628846
0.0397144590221265,0.3240384092335455,0.4915002351237952,0.3262989785245136,0.227098502315669,0.0835391201551242,0.4290445627090242,0.2306301102252509,0.2935348719150049,0.3561154155525158,0.224252503460756
0.0244522383630072,0.2853869681902156,0.4996552927125093,0.3352081009942748,0.2193436181245676,0.104341039910488,0.3728622966530573,0.2405044181127254,0.3088923273922569,0.3113919644181167,0.2061570071693711
-0.0363500156513195,0.320135169309279,0.4765372033621009,0.3204658763084227,0.2382325967756001,0.1606821435802249,0.3905480987802768,0.2767693955077616,0.3221575107129496,0.3288465183581471,0.2165909912351068
-0.0311075036621808,0.2432370741672686,0.4969642014189648,0.2982636013407089,0.2599167856236322,0.0876887525490987,0.3475314575509049,0.2856713806617168,0.2907253807487432,0.3573335097590202,0.1857407029346346
-0.0164196795360209,0.2551911742286775,0.5007232566934664,0.351138271318408,0.2702164399486333,0.1115179284649859,0.3924610669244452,0.3051845923268723,0.3196886702810769,0.3688390740070281,0.2427737729285915
0.0020738402182768,0.2674753763521792,0.4455742473386301,0.2985615885137515,0.2586071101848393,0.1445103529323149,0.3287671613457478,0.314235306899461,0.3455131695900236,0.371665227944416,0.2296247824522094
-0.0240223879071102,0.2489769756672924,0.4611252108827804,0.3090921688124177,0.2642455983562518,0.1264845236261019,0.3589400709187291,0.3228365119142047,0.3118984882292087,0.3918029500829819,0.248806622328273
0.0052332286548288,0.2253100911019247,0.504454650338151,0.3057137597647826,0.2461133807434362,0.0870190668458502,0.3605348912445498,0.326355483056203,0.3379093842289597,0.348407447482765,0.2373909520030606
0.0126640206559336,0.249720519246173,0.5045946848030428,0.3338801925767382,0.2774435233587964,0.1142055347724311,0.3699604732765578,0.2548145184672838,0.3557475371731466,0.3829153380389232,0.25533623132535
0.0217143075135592,0.2522760787040731,0.5252628062201579,0.3528090365135755,0.2559114667441513,0.1222360863332792,0.3749824779430633,0.257042802299509,0.3445500369132079,0.4018350133452844,0.2693721473006999
0.0334406608633378,0.2767838741151764,0.5101593047640062,0.312973644713923,0.2787792821150284,0.1014983393450029,0.3827497518193672,0.2603803135873059,0.3620292574813766,0.4171898725473099,0.207877885802284
0.0484025404857097,0.2944854438112987,0.5468901678371898,0.3484273544369187,0.2617878804453134,0.1011854486568392,0.3638550433708661,0.2553004590430594,0.3311098833551786,0.3654546797301405,0.2148477176855052
0.0171962733605119,0.3013257802692279,0.4737754832202204,0.3197918001558358,0.2996483877643066,0.115665054918904,0.4064428260770998,0.2432223030775095,0.3287011564848224,0.3701377214436816,0.2360489642758109
0.0300597851503261,0.2361090113456851,0.5081637755967935,0.3148589488925455,0.2875259696052319,0.0756831154907576,0.4026084511194528,0.2729999713557178,0.3424308247895956,0.4030381724448203,0.245839039616223
0.0592126563941886,0.2697406453967231,0.4571869424377218,0.3110188919139069,0.2750398580395444,0.1022325923185471,0.3881860679672352,0.2793139669055792,0.3613488801263621,0.3773436489544616,0.2513421606815336
0.0524560428058969,0.2733388878817288,0.5031647134105508,0.3479137175214396,0.2766743304990744,0.1078691882085058,0.3781711099461776,0.3023961305026906,0.3321294697595358,0.4038475643287365,0.2376052746070149
0.0034187087487317,0.262944416295485,0.4666608581232299,0.2957177254667096,0.2593558549300906,0.1299545164101342,0.3976269652546847,0.2915267966746322,0.3498666915054417,0.4146400962176754,0.2364282215806576
0.0078228845165419,0.2796148022034326,0.4888711385797544,0.3356037417686029,0.2118049904293767,0.1353958372166082,0.3612689915493968,0.2564554842129519,0.3642173405789644,0.4399355314267722,0.2193963380280347
0.014345898901729,0.2964128653052622,0.4375667288735693,0.3257673345896676,0.2531685995624799,0.1073825132772315,0.3577377246591793,0.2896810768452934,0.3479174762253279,0.4217715059336718,0.2308654799466831
-0.002665416326508,0.1511695576103008,0.4791502378439647,0.3458462743738135,0.2673538613137081,0.0842830508352076,0.3635144996142195,0.3108095612605627,0.3185910295912226,0.3739111388093463,0.2314159175082443
0.0050968723824427,0.1924675104234214,0.4965040232232027,0.3163087664007941,0.2189482258345924,0.1198718129767577,0.3819505138355035,0.3155798911471131,0.3394405984948462,0.3798018277822541,0.2624503000203971
0.0265444031952932,0.233129851433411,0.4828786795370288,0.3092668118532731,0.2452356714417787,0.1113229716508094,0.3835300939541231,0.2593393214658426,0.347496619548292,0.3988709636045054,0.2693053021951729
0.0352192579825768,0.2360420052645409,0.4944379889128011,0.2934975544869963,0.2584296968272112,0.1127164754872785,0.4070610000110455,0.2489905029091973,0.3514606142237259,0.4177992040530446,0.2716200386656423
0.0430274800606073,0.2602580268702144,0.498956221738163,0.3063758051275311,0.2597546179465516,0.1426612493768126,0.4266213949002014,0.2842482959853437,0.3495942515451374,0.3848343420210887,0.2669121744985383
0.0232757872884547,0.2285675523233891,0.4550584968619045,0.3208689757642462,0.260197802656292,0.1463175201341069,0.4081494728943477,0.2520855189581427,0.3530700967925203,0.3340404461092616,0.2700933872627873
0.0274527058450011,0.2268721807657487,0.5051818250183489,0.3218835861659267,0.2401059833644891,0.1268813801926949,0.3071575082714663,0.2701470673501205,0.3468362682568469,0.3582446928714555,0.253159340180651
0.036671278043941,0.2560917064830026,0.481926522815181,0.3338253826641841,0.2000917535549418,0.0569793155304397,0.3491914600231321,0.2979141744561006,0.3754760568609382,0.3903816511477912,0.2553555529591184
0.0515061451364036,0.2696911438389258,0.4914556787615578,0.335895309050744,0.2214313442585619,0.1084047926833891,0.3556048516323461,0.2949701598835769,0.3993468892117561,0.4090739818780197,0.2324199885587989
-0.017507393917508,0.2811637353160964,0.4854668940825885,0.3372384410944835,0.2573560134961595,0.1205609798406238,0.3687409365629632,0.3158739291172256,0.3600962855687217,0.3751693372434959,0.2137004404046393
-0.0002949355619733,0.2807171071497553,0.4855017806115479,0.315120397548043,0.2454608864092853,0.1076217794871906,0.3844044675060543,0.2918365171450107,0.3545726986510684,0.393533556224342,0.2381411937631787
0.0187597676009668,0.2664973901821737,0.4814769749029992,0.3144119369250859,0.2672338619953479,0.111825840094447,0.384247665896438,0.3068482745481568,0.3225530541961846,0.3968526671816186,0.2768811307539059
0.0307577576742656,0.2836918446136776,0.4447602486172416,0.3151431622927311,0.2765444254202647,0.1131351306805959,0.3525627858003332,0.2928604512587729,0.3559962295080418,0.4190702471700858,0.2435093605840937
0.041877395396047,0.2607711802094916,0.4346956706509987,0.316373128771265,0.2452403885944891,0.1099493853354355,0.3868702255418538,0.3054346319258728,0.3318703872520603,0.4207534945211109,0.2447230832603857
0.0314009945697381,0.2765643198092323,0.4881241210416768,0.304539607719747,0.2700769381026952,0.1122738914082818,0.4064269418221954,0.3459165043544182,0.3609121336288889,0.4225095240265707,0.2107221069771443
0.0352921241156709,0.272409238081551,0.5120104271898259,0.2989747754777987,0.2843449088253152,0.1415425804175897,0.4112580453539346,0.2611114073085157,0.3511595047626593,0.3826423312597158,0.2206245913932976
0.0469859880260176,0.2347070402937848,0.4939825044853991,0.3009830933600234,0.2449667577652514,0.0576873120836334,0.3519100903400074,0.2972172149376568,0.3418919527169662,0.4130215903123715,0.2236140894536366
0.0111849995403037,0.2396804825613222,0.5155638158836163,0.2747983356003716,0.2428208408871526,0.10623141484181,0.3950460175349003,0.3027275309860048,0.3497618179778687,0.3525880586155787,0.2669549654044727
0.0355265833448422,0.2852695321638776,0.4409587924147372,0.2795847390132714,0.2594899428857635,0.0712181036436224,0.3078316766143469,0.3144647162236094,0.3623214457412461,0.3821399146831062,0.2669707949667044
0.042016317907579,0.3043942320431638,0.4619835714601719,0.3042214864329703,0.2722429610350905,0.0883902902612232,0.3394289077787587,0.35878506348541,0.3836503311440525,0.3748130156916568,0.2563859976104344
0.0343368039910311,0.3174469417618561,0.4883392381491374,0.2269416344259016,0.3028767740113356,0.1130178553805371,0.3988805478108103,0.2814243826676459,0.3538927660225106,0.3879656107973507,0.2038604544193802
0.0430217482318094,0.3211952357186359,0.4061663562307224,0.2609810940628325,0.2529509407775929,0.1220525145632238,0.3750210745407494,0.2792236663874543,0.3223091139691006,0.3928545388996158,0.2090063037778728
0.0308941122333162,0.2373979223939255,0.4528052960928876,0.2640898884541742,0.2452339758219458,0.0976153513703825,0.3894486737931204,0.2958044373295577,0.3417981853342035,0.4093785300540626,0.2309618665234676
0.0359712706111014,0.2771995282500168,0.4586800592347741,0.2749266153787934,0.258291142846254,0.1429652413969994,0.340668673163206,0.3219342801367768,0.3254500837457985,0.3750231360831956,0.2216333120106478
0.0415966278354025,0.2632340891004736,0.4432810806216068,0.2856726881635105,0.1708322454829222,0.1093159746751538,0.3823019322771449,0.2950391736133745,0.3544513159028497,0.3870097922677047,0.2482138349837864
0.0499974427524529,0.2871030231443849,0.3929447777869195,0.2941561206351698,0.2326139089287704,0.1195671791724386,0.3868132420040206,0.3277115855084203,0.3750769487456018,0.4021382139925875,0.2218418822493555
0.0299948565386756,0.2801177321520895,0.4240235287840174,0.3192079776763304,0.2511025553767645,0.0990201772976311,0.4044453285894944,0.3457641825671341,0.3887000770371304,0.4058220522077979,0.2210213110875243
0.0500561710077865,0.2741680467192425,0.4511170496590534,0.3121791722120396,0.2568391590144411,0.1150929978460987,0.3964028256391769,0.2794131974606612,0.3955746715804626,0.4078181382765702,0.2126921951996774
-0.0278002827965806,0.3020610435696174,0.431540655257383,0.2581933441030228,0.2648200834964384,0.0990517976504408,0.2902701978064894,0.2984223362272367,0.3731594069992858,0.4222392702865751,0.2129796302433407
-0.0114398097455843,0.2976190594419017,0.4180507733581341,0.2946576231059194,0.2291358002225531,0.1086092508197582,0.3353041225165171,0.2854233040849863,0.3490049915499859,0.4071459672063037,0.2451916253092147
0.0111324615763509,0.2764288340559258,0.4768001700848571,0.2643765070261531,0.2710150654666267,0.1161188912399354,0.3838408838046979,0.3002369404374104,0.3276295402195651,0.4220190778047962,0.2668431832616101
0.0160827381005152,0.222320850323881,0.4831630840487007,0.2762183073930759,0.2516244602612676,0.0877771442990877,0.3561973814998038,0.3069867177516769,0.3553653209712313,0.4376871985491692,0.2681006178298829
0.0028250796797274,0.249502260427444,0.4792468439858418,0.230277459683336,0.253621206907302,0.0586194910143961,0.3973606262788478,0.3106228283795341,0.3301748869013763,0.385366961465915,0.1992050752386523
0.0111052645126595,0.2533165162668719,0.4899723601405717,0.2432451101374343,0.2790807874506633,0.1016557940266698,0.3925030791604,0.2906365090653137,0.3441067735055529,0.3896402103877469,0.2163351769979346
0.0183944324705869,0.2584916869089297,0.4986452530955651,0.2985958456646036,0.2731623447353548,0.1379969899771658,0.3928397806841945,0.3261570718154603,0.3435717370030482,0.4088113475026922,0.2236146126131082
0.0356399569680093,0.2802520621176564,0.4447762719934492,0.3195100787374048,0.2824141652828295,0.1007408218288261,0.3723802865736706,0.2774734979240183,0.3135260629883594,0.4297174356844645,0.2166511836335349
0.0185771655594718,0.2095799430649339,0.4779047971161039,0.2820360698850893,0.2741215105939153,0.1107369212009532,0.3701740095443943,0.3099923254413047,0.3350104951287144,0.4291776579886893,0.2182480610030827
0.0214459079354145,0.2167144179056158,0.4189757197139209,0.3027577586480203,0.2801393150073285,0.1020260555488217,0.3533884218796796,0.2870947279402278,0.3148599409311249,0.3947769969455397,0.2254427711435631
0.0287688896652388,0.2216334520203424,0.4575504968289073,0.3116284592921954,0.2858534143173392,0.104189349952306,0.3794741397955923,0.3356826102087547,0.3435923267621938,0.4241155333758456,0.2223032322741271
-0.0048369506237628,0.2814376343060411,0.452493831116205,0.2880973577409158,0.272947583661376,0.1070878418069487,0.3370159538603391,0.2985690756334921,0.3547156533113292,0.4282497725671684,0.2129023445037113
0.0377459619361007,0.2938255844716245,0.486918554415264,0.3063755818075618,0.3139905531997576,0.104005718418648,0.3498268668982296,0.3133086982043093,0.3571837660084629,0.4333719229709467,0.2362690246230552
0.022437973124809,0.2279675897841486,0.440641129206177,0.3095014810463787,0.3035427667840389,0.1391113479139516,0.347386436177956,0.3161867897372366,0.3553260367401232,0.3542479769539469,0.212630656430416
0.0193973797884439,0.1359786124456656,0.477506043515762,0.3459378590475221,0.275040884557951,0.1441597690897686,0.3884858933493468,0.2923464855299151,0.3055348308087461,0.3755854670580564,0.2237901519098498
0.0243365036963943,0.2308956349925816,0.4459883819477055,0.3381370228292622,0.2838688069281958,0.1491798197836662,0.4028510797568785,0.3000147105952702,0.3500192135852636,0.4102978035221568,0.2317662867852783
-0.0255871471750148,0.2412808977817292,0.4585359470713177,0.3195410608755853,0.2877282364223986,0.1398250603316133,0.3961664806737972,0.2281970873308216,0.3703921997116127,0.4141642448138488,0.2325393534991588
-0.0090102459417043,0.3013478804756853,0.4637571076159893,0.2998367116164893,0.2326128761134895,0.0943772831460537,0.4020466534892418,0.2811834316030764,0.3430864399775732,0.3808174718714934,0.239507266293659
0.0124347209988081,0.3096328127550279,0.4672595108563664,0.2897434800691851,0.2710584373828943,0.0863544858504092,0.4131596116328795,0.3258761052719865,0.3596525283774249,0.3995291789094685,0.2594796286122693
0.0144443610415416,0.1959946585654905,0.5181426268185328,0.2773199419077062,0.2975881367663407,0.1105831581212124,0.3741969246987136,0.299861458933759,0.3397843380205518,0.3742213509515444,0.243805655536515
0.0145345105635753,0.2361593640318048,0.5184493175995435,0.2383843911012101,0.2616441355424435,0.1201316595795508,0.3972661822398111,0.2588126602124548,0.3592725880992947,0.3960251677216781,0.2683178767163703
0.016472000806423,0.2453993267698078,0.5069452432193133,0.2744020567011931,0.2726127308250636,0.1050266209633055,0.3696818658492356,0.2902244919607513,0.3180595665605982,0.4125560089903599,0.218448728949839
-0.0195263572047682,0.2168757763582623,0.4975784859737407,0.291335051670779,0.2953822814064162,0.1274541805088062,0.3715106434740526,0.2726783755707394,0.3470183508855378,0.3846962980100102,0.2465899687135843
-0.0127286992620553,0.2381572346629958,0.4080260290461494,0.2674353482947523,0.2417383441891695,0.1041693889093644,0.3690411235433478,0.2955716875157003,0.3792330278796857,0.3936613682532879,0.2567841813301121
-0.0135970745469684,0.2693188435238486,0.4664047399370585,0.2350710344524224,0.2625837413573525,0.092786703652737,0.3918612952981807,0.3173479006396293,0.3032000584864296,0.3911042530795698,0.2728531406909475
0.0052400541226181,0.2855799157251128,0.4500655831587223,0.2703046715057207,0.2739705007319464,0.1086957595995427,0.3743402059368051,0.2727465065257793,0.3363963201574277,0.3539040570364977,0.1826692229286527
-0.0275713098202524,0.3038123345737494,0.4288012420394622,0.2877022667009984,0.2962697419459958,0.1496860247242666,0.3278022228834602,0.2831116946351331,0.3390705271842728,0.3874587827714138,0.2055170921372033
-0.0150291190930414,0.2214578884266803,0.4714828098569436,0.3090931319846244,0.3003458077367833,0.1428293015944288,0.3585561338539167,0.3323028117473162,0.3588033742882092,0.3991060000434751,0.2232241613338544
0.0043435044604468,0.1913907453288973,0.5155484583849774,0.323005000683209,0.3098014505995752,0.1561203932766517,0.3810921585072194,0.249700743328448,0.3792668023871011,0.4126996651656441,0.2365833901175851
-0.0265207226062719,0.194806209617148,0.5015226133291094,0.2630304861547988,0.2987956060994964,0.1242815060940211,0.3256669068494403,0.2688509103325925,0.3720460031586851,0.3820320912260361,0.199373285480187
0.0100716431509105,0.2472317356714391,0.5087630387245776,0.2728611319226591,0.3165484531775816,0.1509747928821098,0.3429595751406382,0.3097453846926228,0.3790241926591918,0.3658598983365642,0.2065872549019486
0.0132575433368968,0.2481226996895316,0.4569558243270397,0.2557743566629086,0.2944103504798488,0.1605324082679024,0.3745643719967878,0.2893302681322506,0.3787766681713641,0.3701398027092372,0.2289390086380403
-0.0379548995913381,0.1924446288153022,0.4905950038727443,0.2210361808667023,0.3141180121665137,0.1551806226649869,0.3743029198314753,0.3017078757880914,0.3925953334653162,0.3938068373305158,0.2487465466042314
-0.0141188953839517,0.244215846516789,0.4989943264231186,0.2580051010062065,0.2889108183597426,0.17962251797784,0.3906671140340125,0.3062366707659297,0.3622147816226171,0.4056324247347548,0.2041241405881891
-0.0158875589340569,0.2519494311951354,0.5306021743951101,0.283220948007258,0.2973690798194787,0.1750192873249647,0.3531683459799433,0.2887603515888166,0.3678079935627024,0.4077288774371062,0.2113906013217077
0.0003214708251627,0.2937457703889539,0.4912264441843283,0.288602685343778,0.2014717671663457,0.1760967448963701,0.3468096509390187,0.297169095345271,0.3372711074561165,0.3951726698747371,0.2398029726872692
-0.0538634559143474,0.3106121961365992,0.4942101544213935,0.2782228954699142,0.2158206930769836,0.1679916140628098,0.3741070977475194,0.3144604970944735,0.3151705844388144,0.36926083735953,0.2725193178638919
-0.0400254120173372,0.3151752845609559,0.4338397103124874,0.24392615497553,0.2484557031938286,0.1594229219036983,0.3326590381893802,0.2781782984618409,0.327139225918913,0.386817109029283,0.2661480733847095
-0.0171198303685818,0.2937551746368567,0.4633837629012541,0.2538271979354616,0.2106848456632064,0.0610855429076815,0.3531271333183685,0.2642625977496735,0.3321326737066391,0.382106766428531,0.2672775034983597
-0.0021730546619501,0.3053734587820914,0.4893916622963876,0.2640705698440427,0.2189209806058225,0.0968660330245771,0.3165927265862889,0.3003022715873149,0.315430046317684,0.4056779832201201,0.2711395798191732
-0.0382511411458485,0.3058204240962599,0.4919613827072027,0.2825451080718152,0.2304400880703871,0.058301199393637,0.3425300116091463,0.2862693949507496,0.3291068054163906,0.4151466859437209,0.2744652066743739
-0.0287466812883598,0.2995699876072844,0.4820374858008906,0.2878756409725639,0.2249788676758778,0.0658673992700523,0.344099793775776,0.3110559405734135,0.3283163586975079,0.4024496356897611,0.2698516850093816
-0.0041115937793525,0.3231012665274826,0.5077837092414649,0.2515430373910456,0.2422516321587674,0.0820484693909604,0.3679498226666398,0.3249306159966336,0.3325413460430854,0.3614456462005563,0.2604318037281588
0.0077796796911773,0.2831627056805614,0.5089430518647126,0.2365776166891358,0.2370001766570051,0.0855800820460032,0.3865082221114299,0.3342243829703736,0.3286948301820162,0.4298135163221149,0.2925472242317508
-0.0348853197142467,0.3028985640034216,0.493011460741361,0.2783128109797619,0.2470033506920266,0.1006418818040861,0.3172243395557063,0.3100922842446225,0.3421786052213345,0.4103571588524028,0.2544623148817627
-0.0018416775690899,0.2969387533769194,0.5205199035767647,0.2854237451905758,0.2366519146469389,0.085421691550309,0.3655330758592339,0.2961305813950957,0.3408516109704068,0.4315570679964294,0.2666415950815308
-0.0299036421541253,0.2945250051820193,0.5290179274158935,0.2894137114164397,0.267257071317045,0.1050906240219901,0.3688517659248164,0.3304355714679379,0.3570065308211165,0.4048109507173896,0.251207998365413
-0.0313992864525054,0.3150146863250835,0.4995598237181303,0.25222329430083,0.2836405234641798,0.1075557635814884,0.3795708724987054,0.3396428045500026,0.3581992821590757,0.3652625382096167,0.265909424899734
-0.0078857328126106,0.2884847907063574,0.4479713881130373,0.2732311221132513,0.2499332027771027,0.1123453213369146,0.3578244804107829,0.3341585567297528,0.3330667712299259,0.3985776323929057,0.2186819447016189
-0.012876914057731,0.3060993234988972,0.4720786869289221,0.2859210460991452,0.2784712200863802,0.1014114928195844,0.3751914765985163,0.3167146163810521,0.3422320161232494,0.4020059453441872,0.2491773139556512
-0.0667244721399019,0.315167606369903,0.478765082668775,0.2603996866322428,0.298131236026919,0.1076593751345083,0.3712750352826375,0.3282446945953992,0.3162690282898408,0.3823793401047226,0.2772221311209401
-0.0561725727694658,0.3190494166459414,0.4766306606779266,0.2670863297720672,0.269439540742773,0.0250599348811027,0.3765429246363725,0.3319297486967,0.3283616677704488,0.3977748767665363,0.2824016421703309
-0.0389627529597922,0.3096180023939961,0.4160272661319531,0.2127949539872043,0.2391347855454664,0.0530284834657085,0.3245094832629148,0.3386485700046273,0.3578093471114889,0.4007834238709122,0.2657916196754787
-0.0547705410674493,0.2929006064409576,0.4478305197371093,0.2629060119070369,0.2128945612122224,0.0742422330536441,0.3591304072641029,0.3260956295119713,0.3206779125332045,0.4077729985153139,0.2245319227120457
-0.0388605559557924,0.2977310961663748,0.4483159798201522,0.2913322418845436,0.1878181013111504,0.1015908385740265,0.3734313654749736,0.3271568000261423,0.2913657800712323,0.3880088217641362,0.2344364632153144
-0.0634474305001874,0.2979924667797129,0.3929575877944299,0.2714178544598334,0.2183284556450017,0.054385259280423,0.3382792994299483,0.3232487402621141,0.3245022865657352,0.4090054301782726,0.2510057413843364
-0.0355383330410255,0.3127097001073609,0.4050176750180314,0.3081668426728642,0.1952763546198637,0.0584795188094231,0.3599261279037071,0.3223316369664393,0.3637070655988746,0.4218021976224111,0.2378615802798239
-0.0220136096280153,0.3133954363707194,0.4256225778944594,0.2876117666641871,0.1867852613211808,0.0789435784812057,0.3874224943179344,0.3270487257891044,0.2975244053258401,0.4287646375249864,0.2568444260656373
-0.0517687887871157,0.3402747545200912,0.4407284428054262,0.2248268444275196,0.1894058665053422,0.0735471948296521,0.3829161605269914,0.3303338289193123,0.3399053102849975,0.3657513499315954,0.2788222879262083
-0.0294599067371991,0.3413628561124497,0.4666738935312257,0.2392531567750353,0.207813064682981,0.0889274549979673,0.3716898876771546,0.3434389562497232,0.3576084361995874,0.3690148131138721,0.2876432347197766
-0.031006468548839,0.3446236697552958,0.4598970611779103,0.2509815569260583,0.2127959907270895,0.090489802262945,0.3629316593618288,0.2494864771246633,0.3315569139507793,0.376272780949287,0.2818915471759855
-0.0059481381912211,0.3424928699162254,0.3922210359269646,0.2479879564026226,0.2160547384129554,0.1263350478211366,0.4035174859589518,0.2846245923765024,0.3341590727843267,0.3717501272652416,0.3053583612715378
-0.0188071873510942,0.3603579528640956,0.413298088183871,0.216760464892402,0.2302496922921795,0.1155220242855625,0.3940370045994039,0.2994945388481997,0.3625650362556407,0.376205358745196,0.3077972641361999
-0.0502213329897731,0.3331847375134316,0.4296045949810876,0.2357549487301164,0.2137777668611691,0.1221871293475023,0.4010047120412898,0.2968252843470446,0.3641460329035036,0.3823957124012948,0.2964578251058942
-0.0201684579391694,0.3517637762812219,0.4370450497849175,0.2455334919657297,0.2272028515056803,0.0837752705854884,0.3761539478103501,0.301216500140251,0.3808211286923212,0.3923478534460312,0.2633355709354945
-0.0015417585478834,0.2946096468469101,0.4282644641954738,0.2419568044260769,0.252964707128063,0.0871653455288226,0.3624715341213991,0.2960242168491053,0.3344019333351301,0.4298708373641462,0.2807779649352699
-0.0530533422511492,0.3055205400447703,0.4205458981104673,0.2149711324667861,0.2745425012773966,0.0696943664363038,0.3780330852845291,0.3043616060368986,0.3249968581875633,0.4338903130604602,0.275238156764079
-0.0248308771184818,0.2551204136666201,0.4005707961995357,0.2312542445078066,0.1986226875690064,0.0823407436801755,0.3783048425908764,0.3073572556932162,0.3530401970952321,0.449171330354142,0.2718990392140833
-0.0261275124040403,0.2741549466365823,0.3884394647190342,0.2317991677775558,0.2313092260156182,0.1032150202914185,0.3970633826199706,0.3105017563301605,0.3671766294679739,0.4232246161445613,0.2791095696143469
-0.07007120022737,0.2705428503591801,0.4015904880934366,0.265710853149032,0.2368159380440966,0.0983840973369592,0.4025067921458377,0.2946706109526599,0.3705503142012541,0.4032556124934624,0.2854456343002473
-0.0599121729111175,0.3030911953146193,0.4016710296970204,0.2560176355283449,0.1790872881701532,0.1257326082346452,0.3255232353685032,0.3175827556691956,0.3298555254431511,0.3321389011366514,0.3066195096444705
-0.051266241061629,0.2813436498244053,0.3772391672951832,0.2068845088790862,0.1874483818047098,0.0933817294510097,0.3433838098284834,0.2731346602973516,0.3258074999705326,0.3452277613331458,0.2616681267023004
-0.0313918655009251,0.2726017390856722,0.4204903764472325,0.2186004911021539,0.2037164374872704,0.1071320248778195,0.3630119523697067,0.2973886762514838,0.3128720301930678,0.3789311694334342,0.280809355166824
-0.0297480474732216,0.2512008850718896,0.4125271693558958,0.2345452214855626,0.1700808793941698,0.1254815622739982,0.374736490400062,0.3032340825255696,0.3272302733711115,0.4033018836986041,0.2782013626940024
-0.0237579772693422,0.3008279756861134,0.4121898818655509,0.2433059470022132,0.230758573768743,0.1173707408058243,0.3735997428835125,0.3207122527256629,0.3421520469120606,0.419462473227363,0.2555607118820446
-0.0326819187206283,0.2947022742103796,0.4083899512610042,0.3224504804256599,0.2395989118479941,0.1181994298287793,0.4087191219252584,0.2788770984950071,0.3450695007333924,0.3936989819385137,0.2605747124673071
-0.0268870042862008,0.2549615564452737,0.430886764790737,0.2156606328761509,0.2325985476044647,0.0670017744402456,0.3648296243676786,0.2943201362998665,0.3688390913833423,0.3970742969088979,0.2772330240400326
-0.0199628113293689,0.30835311550943,0.43696220133174,0.2344377219407213,0.2406238606315047,0.0687811913896747,0.3936738011605671,0.2952339390772976,0.3799078100334582,0.3725159292185246,0.2294403990677971
-0.034168869570434,0.3279740292439066,0.4499276635725047,0.2481683293514367,0.2494288594667101,0.0681942693865492,0.3801664448810372,0.3364731970084129,0.3970765410205575,0.3970519953983847,0.2431096169956907
-0.0518813168095383,0.2860888135631825,0.3863956370956794,0.2829029129004534,0.2367888658840055,0.0954845852679029,0.3523882235647234,0.3010996179251967,0.353696079475529,0.4029994788923392,0.2593860465157045
-0.0657512042641916,0.2850291252194007,0.4242931095304983,0.2411295999156056,0.240740097915083,0.077080799384599,0.3782133990334606,0.3288238825901136,0.3579717912591551,0.3847006933628722,0.3079153797873805
-0.0480753341756594,0.2978425173098453,0.377752698469073,0.2633907994011077,0.2411114045483244,0.0250777696079902,0.3809840772034583,0.3136922192690521,0.3777322770893769,0.4028558525551702,0.2827250969729751
-0.0305123205971883,0.291258586615948,0.3979885422056638,0.2233613344033748,0.2276611045059341,0.0534705194588994,0.2480464999199237,0.3064567924342197,0.3415006034172606,0.3983015273538819,0.2415744937819414
-0.0493379140422209,0.3085789121534234,0.4057287840621983,0.2496512929917679,0.2276530321767804,0.0654630680978244,0.2894163680327865,0.2756957048580435,0.3628152428632989,0.4126991783710355,0.2492186841220406
-0.0727583605405462,0.2473079347050422,0.4186732317259533,0.3037500033269258,0.2364254978325473,0.0977243138812778,0.3263762973447935,0.299237465538734,0.3683255455995771,0.3783894387691855,0.262739908464733
-0.0595626916532345,0.2946761029565967,0.4150873114363612,0.3068727677432484,0.2417859705334315,0.0642645463041892,0.3428371199657812,0.3123649414743402,0.3430730191037544,0.386858216879134,0.284149068152801
-0.0613720438487217,0.2622540566924904,0.3749722986061667,0.2513898546816343,0.2332679609620623,0.1042525367272261,0.3594880558583888,0.2959975661746315,0.3767907720343453,0.4069358216080061,0.2744450675947183
-0.0496975547874254,0.2725744407426539,0.387622697053359,0.1825259771801586,0.241046508727072,0.1174880882216097,0.3692660217748959,0.2990226188521744,0.3709519603119062,0.4038249075242411,0.2171640191096431
-0.0484766195839304,0.3235537064400504,0.4072844084544126,0.2195584671180732,0.2202439314823531,0.0961953292812182,0.3730520644372502,0.3031242135815225,0.3360558233395999,0.3608906187666666,0.247132465745733
-0.0524758743988479,0.3106337650245171,0.380295515218239,0.2494959159703531,0.2355878183383419,0.1039441566278188,0.3926132178778251,0.2790545266976296,0.3481326851743201,0.3874293269897179,0.2507010401260897
-0.0459755857597646,0.315964856424101,0.3837728754237176,0.2638373884241579,0.2313247726220705,0.113179771837835,0.3690444134671733,0.2659023085179003,0.3495553582493179,0.3550133768018843,0.2684084857054385
-0.0671463310676658,0.3182569258559701,0.4008423155623479,0.3023660431401652,0.2094554330328084,0.1173692341012187,0.3543072866535344,0.2812408810799289,0.3480347409453316,0.3775017906491591,0.2860401250651476
-0.0484110044975271,0.2912184935555482,0.3932407972443261,0.2552349212010931,0.2328599578946287,0.1097957046312331,0.3526466353088195,0.2942226933248047,0.3015729308230289,0.3963098788936001,0.2896873423186328
-0.058265481073958,0.3130527027138462,0.4073635792320188,0.2594133345067673,0.2020781808054913,0.1107680456573441,0.363769442576988,0.3060157571965112,0.3007466113919669,0.3444834664176656,0.3103102721260251
-0.0571305047095529,0.3148054150958318,0.4008871119080053,0.2458911400219845,0.2080313535133225,0.0880162839821147,0.3734642961587247,0.3336625353173201,0.3199659193859941,0.3266501917055803,0.2957387049384333
-0.0493220685602253,0.3142843996030978,0.405071217860786,0.2547649655762459,0.1968036002588491,0.0987984006379115,0.3687991391048614,0.2791630693787088,0.3380912030184937,0.3727636069971797,0.2646560659212864
-0.0449958894577936,0.2419152957949734,0.3556757669998648,0.2184013485547455,0.2162736961332165,0.0873254230669207,0.3346810317266811,0.2944725903730502,0.3066107860168054,0.3855312652818347,0.2192364833397441
-0.049738103782602,0.2390483327651199,0.3287070489051763,0.2233772556023571,0.2488115175587122,0.0498769764895732,0.3401509333771727,0.3228526367812907,0.3417975532452972,0.370387004274825,0.2360573220342797
-0.0351304357868231,0.2599890748178629,0.3205771506827619,0.2320235096495909,0.2593041895685721,0.0737193568029349,0.3401576812171735,0.3259411063533721,0.3364503656914072,0.3514152195523063,0.2626729837579569
-0.0281070089850632,0.2534158940580799,0.3438973670721932,0.2503232854939806,0.2443201981194078,0.0797427332076058,0.3616101559408634,0.3186540015852322,0.3393597479910283,0.3725572299925309,0.2764446654344775
-0.0221795291033614,0.2721844227646167,0.3483177668963466,0.1861843325255259,0.2329974206236712,0.1003668178801419,0.4117316634512717,0.2573421654495146,0.3317239129066708,0.3994082019024136,0.2840255246288109
-0.040138146737236,0.2902124225122832,0.3135379366391549,0.2216431590900144,0.2100896853997564,0.1132280606852254,0.3480746628011777,0.2673039893028436,0.3321336109801221,0.4023343923156232,0.2162094126247129
-0.0665551007105597,0.2762693269969342,0.3566533402407433,0.2212384959099188,0.2498754985672953,0.1254355086191643,0.4015355263921046,0.306387147663567,0.3321684099605005,0.422645148199672,0.2198465307018659
-0.0481093057494384,0.3013386553114968,0.3901746475472337,0.2300039175391027,0.2017086838573089,0.1410289112434163,0.3978916930648419,0.2893642875654263,0.3431930031287508,0.433867881264149,0.2411810746683058
-0.0640914464472117,0.3323644871697192,0.4075712165675568,0.2251892215009252,0.2306123799190751,0.1020044061932223,0.3755453854051466,0.2944621851148502,0.3363783994508534,0.4441035593654984,0.2410437455872652
-0.0706102670506156,0.2349599504890711,0.411889705907062,0.2880195168871683,0.2268094327928383,0.1261182464135155,0.4003706664680067,0.3011978708409568,0.3417006617026955,0.4335321717723349,0.2630523399184712
-0.0189672058903816,0.2403836441043542,0.3152059683156907,0.3725493604000682,0.2414671472594252,0.1224190114389225,0.4012162384912721,0.2898200500805919,0.3099537083553854,0.3462868517430218,0.2641614460495821
-0.015674297397476,0.127240759389585,0.2544140811111813,0.3880105626285092,0.2575091973433371,0.0858311875910352,0.3615151470920225,0.2835117081132603,0.3190747269527914,0.3988665733406412,0.2603574634384501
-0.0532010729180735,0.1501023954144643,0.2204459587102076,0.3959572802801897,0.2090390443914975,0.0924064418048467,0.3753241269664414,0.2975439723389006,0.3378859441611566,0.4064892021877055,0.2110002588328079
-0.0675906650236277,0.1739849147048047,0.2503909007618535,0.2180104625805339,0.2500869823425765,0.147059553768523,0.3958610825614301,0.3234268831705501,0.3594900107870812,0.3529204306900914,0.2211529391897349
-0.0678086120622319,0.1333796329264013,0.2720548470947498,0.2237463996199658,0.2538450726034964,0.0676247894225712,0.366142386297929,0.2934981960480414,0.3195089026005672,0.388840986104882,0.2430929496078291
-0.0609373056905278,0.1261747502735803,0.2780315786158667,0.19532057154521,0.2676360318974775,0.0838809011087012,0.396731658132351,0.2895774570077,0.3271953823908327,0.3984220870248619,0.2283308398917128
-0.0703657532197654,0.1452336953924949,0.233873482639381,0.2610145325971043,0.1729410034086455,0.0756383624074187,0.3787627098350386,0.2703801221607955,0.274997884589671,0.3406494915297479,0.2553906936110271
-0.0619186837683953,0.1775341364625066,0.2465206804409335,0.2800167196270876,0.18508714344954,0.0573680920870611,0.3481219533780801,0.24691944653144,0.3023406600891737,0.3569232680219757,0.2740774563892295
-0.0530960492311961,0.1918002053286492,0.2327157336927441,0.3188065354036477,0.198863446552183,0.0886917857420796,0.3605311200521633,0.2778546462981686,0.332410391202609,0.4125757156040032,0.2301384862702762
-0.0581738077594648,0.2139228205354852,0.2204183105900985,0.1669454584701847,0.2097627451720507,0.1109369970383452,0.3988581109868864,0.2925114297812847,0.3583008742307521,0.4197989522191715,0.2070673237283624
-0.0580083873565032,0.2253927647425091,0.2324443943289205,0.1671352934200849,0.220311709329069,0.1147658128070436,0.3950288600362741,0.2907381196852548,0.3412500745415828,0.4064861217775298,0.2155731365502108
-0.0757875880113514,0.185734384720814,0.2217790397216002,0.1109837546174426,0.1359539856924516,0.1170278296454032,0.3504702033284519,0.3013103034972025,0.2903496202384447,0.3588819301893381,0.2280538593344196
-0.0799732246981104,0.1905546704137795,0.2020320657242822,0.0885688101794937,0.1648737677139655,0.1557929498771236,0.3885463052530647,0.2624159408648104,0.3238447845111548,0.3627809353943629,0.2498142962688528
-0.0956273384066488,0.1164378764919411,0.2048054924184091,0.063550291117457,0.1881579262595576,0.0683743758905956,0.369098376976438,0.2992450209187242,0.3106049847378496,0.3887740214785092,0.274521553786879
-0.0877088422957181,0.0519447058838441,0.1384021069953639,0.0705179733014924,0.116418144886581,0.0320398357451942,0.3973577672989514,0.3209396040289969,0.3273643727597056,0.3271447952371016,0.2529734821601568
-0.0792824789894134,0.0340965103052681,0.1431103020251372,0.0618339185359821,0.1356361934528103,0.0411122600915813,0.3712079203662892,0.2666348896689471,0.2965286510964782,0.3521295909601842,0.2414601992251161
-0.0762138226692112,0.0446429742475316,0.1243163851517744,0.0544360086862495,0.1835111713519574,0.0350837632606307,0.3719167532797232,0.3097985824072078,0.3251398928809101,0.3715226073423798,0.2458888266013665
-0.0713863276607835,0.0463795322801287,0.1350501634945171,0.0655666393470947,0.1539096610657665,0.0676814655485965,0.3487711085262485,0.3115894551808595,0.3669220131839428,0.3340518716092295,0.2785515066374507
-0.0699963446554717,0.0504313863971049,0.1308569881523235,0.068672526748817,0.1181510014986995,0.0670459997568194,0.380144182513433,0.3231760956786008,0.3269649149039507,0.3275171287505696,0.287026489464801
-0.0663227116210174,0.0632852964769633,0.1352188992369975,0.0576101700813798,0.1102580837173906,0.0831274854562144,0.3889358240278452,0.3003568781162959,0.3356528982361461,0.3545340250998757,0.3173473038183018
-0.0654554025527046,0.0631207028763844,0.1355414515151239,0.0422292674039222,0.1318065785937412,0.1442134881498888,0.2669711972158445,0.2958701404818518,0.34752082871113,0.3822328706508527,0.222465844442347
-0.069825660537084,0.0731834711128525,0.1446726454676487,0.0485542014563591,0.1369999721835182,0.143263871852864,0.3228087453023858,0.3007620339639825,0.3468733062969708,0.4025542075555075,0.2729489977102653
-0.0735268638349056,0.0883233380957524,0.1296840770872609,0.0372955635234966,0.0763644530394379,0.0917677954054248,0.3615605417879609,0.2607403314319564,0.3299560450940619,0.3993683556285964,0.2983152707200396
-0.0659378514607162,0.0819416741673702,0.1327132701601955,0.0512529154938096,0.0820638932441657,0.1194357349870297,0.3873722760897574,0.2773203175504266,0.3391777783505958,0.3888443884612644,0.3063703231934962
-0.0715598720139998,0.1028477213866378,0.1417322579928508,0.0539627414716765,0.0914146538988587,0.1450009913337876,0.3540444107500561,0.2890302583997404,0.3309579050006453,0.3852213210287554,0.2375706807443157
-0.0688704925161046,0.0281642267988648,0.0857096027425631,0.0999743295841814,0.0819124234143417,0.1874548911914952,0.3939691670638889,0.3269698868151338,0.3669227736531897,0.3966041551065715,0.2541679787638666
-0.080596803481848,0.0334270299848893,0.0677760439768093,0.1203842675109483,0.0790388716876185,0.1076622598417667,0.3852037411109291,0.2432023300039493,0.3271762718415247,0.3799009449370798,0.2618570798497097
-0.0774897344888153,0.032635967396979,0.0778894790081163,0.1391667981612684,0.0877773809469569,0.0761107917558036,0.3677849510524289,0.276684499012765,0.3517265753686863,0.3864143380348885,0.2795552507307889
-0.069686487867067,0.0265921733701529,0.0849588246482374,0.1445844876286995,0.0631431658901459,0.064379430599696,0.4034956703204708,0.3043892570726253,0.3696694063053242,0.3979173317157981,0.2250511910935779
-0.0702962339517069,0.0242828978979692,0.0886679872981573,0.1563847911170012,0.0771814717803401,0.076943825305543,0.3705323571660353,0.2801744235547302,0.3558792946443629,0.431048279488942,0.2470776650809808
-0.0650031509791404,0.0125747622938099,0.0880084649358276,0.1405233456260046,0.0897805492828776,0.0804830026807396,0.298333429283437,0.2894879013200626,0.363158349764983,0.3459137433051966,0.2517634283522618
-0.0684157111969785,0.015001704600836,0.0882463139417882,0.1455271154199267,0.1463439131878819,0.062252632166146,0.3476653906555333,0.3107122398659623,0.3864626188538755,0.3778453672287185,0.2764580268764529
-0.0667672052028123,0.0206359394385314,0.0893471881351588,0.1491657654894774,0.1473204578327799,0.0936435783499566,0.3538157302587372,0.2826603413296372,0.3341000887332934,0.3693057831803982,0.274592804649838
-0.0827675914546093,0.0199826891846288,0.0917563153963923,0.1472963666208899,0.1639175558681509,0.0620573515663241,0.3761708534787066,0.3037947414419999,0.3496900384368433,0.3853703358797773,0.2511137841055026
-0.0786429466705039,0.0218614066121724,0.096047572625052,0.1612233346984919,0.1401560691800855,0.0843218107238495,0.3709703316618618,0.3021030472037446,0.3586696407026415,0.2736370551851387,0.2725367776612353
-0.0837561721893325,0.0164296474677205,0.1059505674247555,0.1693224245132613,0.1249388170417114,0.0884092770466033,0.3778733605280177,0.2932287637561294,0.3630830607044409,0.3027184157908473,0.2411743565415379
-0.082926720121961,0.0135066019731044,0.1052908131149849,0.1617055023090304,0.0754202063876467,0.0887142018567618,0.315339286757914,0.194806880443593,0.3934169591334415,0.3485856687228816,0.2387106513766252
-0.0698113058086318,-0.004950931000234,0.111770836327083,0.1711944316382307,0.0793574950122121,0.0664677471388784,0.337476716793166,0.2283569038924437,0.3726012890596633,0.2850504806416883,0.2636518522841946
-0.0609158779383146,0.0386731496558239,0.1211609491612825,0.134014331206423,0.1157442743820071,0.0744549999585128,0.3489180375780867,0.2688692916996842,0.3655372399918768,0.3285896204434862,0.2707231147817532
-0.0680221192264903,0.0491241634575196,0.1281784103341,0.1484882206851651,0.1083165069399151,0.0516824822153697,0.3648766785484191,0.2919152262160907,0.3946484936370689,0.3556188028418294,0.2390438486102147
-0.0560711858944201,0.0524779854898956,0.14207883988723,0.1551701315865591,0.1279890423486781,0.0737277827131358,0.3899977206279235,0.2212493923934699,0.3929943721359706,0.3362574009431981,0.2378079282265795
-0.0575390601539526,0.0685392935714676,0.1925332022787702,0.1602896768984534,0.1080317399409649,0.0888885091845426,0.4114590292764145,0.2489895181322814,0.3369663067151751,0.3416809572242708,0.2566066706433851
-0.0401881083967603,0.0898451867794433,0.1897735765788906,0.1879994181692269,0.1375249161871972,0.13623811099597,0.361175214265183,0.2400272125884152,0.336750816413338,0.3525209170037725,0.2593472022037837
-0.0284153996588172,0.09926334001821,0.1838334605752832,0.1929115073196458,0.1882443066953245,0.1295377198468659,0.3418758717156923,0.2638354323839298,0.3482923094407996,0.3688754282612482,0.1954850753223107
-0.0328388397756654,0.0938122956314164,0.1476406472955622,0.1932809187154738,0.1974447237720897,0.1415862762251109,0.3925525728659815,0.2494716850528636,0.3702795313206234,0.3989897904266049,0.2180529756326831
-0.0756910566054541,0.0609616595136478,0.1370176574700182,0.155062227706056,0.1807071623695436,0.1453659704907489,0.390621336024308,0.2747143480297523,0.3548783901645105,0.4061247879116364,0.2336228740588745
-0.084250060376336,0.0658160118031958,0.1286806047244926,0.1652454097618105,0.1465645056208748,0.1320912728000856,0.398593785276672,0.2787477196567352,0.3829529623651522,0.3144463375292937,0.234752559715846
-0.0919691886594787,0.0681686493061168,0.1249495062802012,0.1662101460952905,0.1647097944922829,0.1048120864210957,0.4115291344330423,0.281997986455745,0.3793074499249723,0.3455018734511078,0.2540499865871746
-0.0897377100701335,0.058544530462388,0.1166339037031722,0.1818809961258402,0.1998418005250964,0.1781851571521001,0.3871971927243662,0.2443670948189948,0.3870751852398369,0.3582193470950487,0.1954468406473391
-0.0862706830398422,0.0657441635118404,0.1184449762734862,0.1852807114103483,0.2213714993502945,0.1330474789502979,0.4110640916541062,0.2715105813520821,0.3825269346022255,0.2606689573147837,0.1945013042264862
-0.0853689086105379,0.0706817472132282,0.1202588501274493,0.1831605643234823,0.1519924885452063,0.1098070777213955,0.3561591069016644,0.2604909637644647,0.3271633832916586,0.2996418936755389,0.2086539325346599
-0.0837017657353807,0.0721013072729484,0.1116162887695907,0.1793451486586703,0.1736272558077974,0.1374308791960813,0.3757994933715652,0.2660916022776132,0.3400966635488197,0.3284896434937031,0.2452338278219519
-0.0834894236050096,0.0633386785950579,0.1085795687215156,0.1664612599452708,0.1831119899352462,0.0895123045657686,0.3758165629172325,0.2739890434074106,0.3195250450447648,0.3572640808776042,0.2620876301946437
-0.079260950782111,0.0668890550351331,0.1223670803573392,0.1747726360093866,0.1806506416165129,0.0945228461398975,0.3773864015137427,0.2865248146635243,0.3165307182335263,0.3649646954196408,0.2192159039093244
-0.085660618133784,0.0705910018712523,0.1242633052260785,0.1893894753547945,0.1807249548164374,0.095863058976019,0.4127409707555153,0.2891887275381627,0.3531680927993159,0.363532075403529,0.2258536455547848
-0.0821799985131797,0.07197058088727,0.12943066322085,0.1993362939589175,0.1867347837171032,0.0950095980553953,0.4143510937055736,0.304659890008026,0.291566530145263,0.3464191116905708,0.2054554497249306
-0.0764181341610843,0.0766537012224298,0.1325835356153734,0.2171493578315605,0.1555205795530409,0.1251451018110683,0.3717443706826536,0.321910332385237,0.3413279080336686,0.36918990707173,0.230906809791663
-0.0745232983227611,0.0614852541808598,0.1290889500836721,0.2004296795874131,0.1725867933348601,0.1423432349218595,0.3972295597006213,0.3097896087087286,0.3418674146173813,0.373286352096966,0.1852501372844877
-0.078028722170237,0.0661267106405702,0.1347427967080007,0.2113255260027314,0.1677968854457564,0.1292220614194663,0.3830105235578366,0.3310670621873467,0.3560322940307813,0.3620061117664765,0.1978041965906239
-0.0815552110965821,0.0688719047620113,0.1122852040074642,0.2096930547923182,0.1963936943008236,0.1544323374825445,0.3742207382824446,0.3003653226866155,0.3235899659574934,0.2999325914857831,0.2054383754692392
-0.0877642427727412,0.0714711603166603,0.1085662012434772,0.20154742147513,0.1829883879109541,0.1343637243123047,0.3887291514025831,0.3061314161888429,0.3329726983395116,0.3049102667570488,0.2231931350599321
-0.0810499645803023,0.0597040567495008,0.1129883982491564,0.217592144202341,0.1652937079050789,0.0918087034725066,0.3558781722056477,0.3231843769953784,0.3467637867657732,0.3309846503397001,0.2294699434392515
-0.0811410549179621,0.0649382583176159,0.1132730844861068,0.2130499305715496,0.1543462842853967,0.1017217137689592,0.346002342373237,0.3093940263112196,0.3529453275677939,0.3058537811115538,0.2323715034035501
-0.0832291268241624,0.0569494301931887,0.1138468011079627,0.2185412040102176,0.1544331336955875,0.1204359820256288,0.3636324286241562,0.3262241248283359,0.3564552991881555,0.2897151474088369,0.2344202553558761
-0.0782123998895752,0.06136166116838,0.1174187757120496,0.1983463874094295,0.1571287144181762,0.1319103575008063,0.3640730522302636,0.3109122219094699,0.3220044662222647,0.3193857556853534,0.24576224286973
-0.0796472194286532,-0.016185456606915,0.1305257430443315,0.2056983183786341,0.1446940519492761,0.1167980917829322,0.4000693894720715,0.2901101349951245,0.3281957106785166,0.3014899443028417,0.214553084514296
-0.0723233626625788,0.0274959323612424,0.1160641878933937,0.2128100700631134,0.1618328486279235,0.1334639044695222,0.3696828328147272,0.302705154681305,0.273980934186311,0.3341833348676235,0.1842279121020895
-0.0779469041829412,-0.016888214566791,0.1359018412161854,0.2233266045757963,0.168152693028914,0.1281390309757986,0.365700482308805,0.2765100390833041,0.3018467046452832,0.3621440795454519,0.2139954318816529
-0.0734897276790048,-0.0135249954271394,0.1443314114200343,0.218007523201556,0.183875268876802,0.1343950669718466,0.3981045728917674,0.2997793336959355,0.3382617217202176,0.3535918302459208,0.2365863959029087
-0.0667402538941195,0.0086359532106133,0.1807528544162352,0.2296007809258074,0.1578143596069704,0.0490164141894689,0.4212120588596063,0.3207264809523807,0.3454645251942896,0.3635551580974717,0.2057667353207297
-0.0674033509742311,0.0069583478336866,0.1557069862257201,0.1715726111374872,0.1527472197441467,0.0377409106708054,0.4362254225273911,0.2827335427381992,0.3669446023961918,0.3947337624566568,0.2131285915685643
-0.0737961484880683,-0.0022945540905706,0.1620535986469879,0.1785445092790771,0.0898037349928911,0.0435617711959113,0.3413180692025073,0.2289013893374039,0.3224844294180872,0.4086548611371258,0.2362624718141029
-0.0743697867123776,-0.0021343996797089,0.1465219662862849,0.1723183611301603,0.0904867872436184,0.0490785636388772,0.3642599987334752,0.2418745490064026,0.3338295900600423,0.4238143675451806,0.2340092081115723
-0.0683151175154525,-0.0137636547657806,0.163856852735287,0.1574599298726287,0.100056391004914,0.0557585055138833,0.3401183967159247,0.2933800007252565,0.3391074443645938,0.356135713621009,0.1937677805026655
-0.0685461516964581,-0.007669751715237,0.1696571160460683,0.1750194547777091,0.0942187577194929,0.0411342773269191,0.3477418859012057,0.3107096512556798,0.326272716216358,0.3310382112822074,0.222026854230294
-0.0672478637048597,-0.0076128190695579,0.1832699016084931,0.1923008813897707,0.1019317697585631,0.0378330647242691,0.317945777862849,0.2698818018745457,0.3566204390289086,0.3758999021942532,0.2387635490475314
-0.064531390151912,-0.0104046677346247,0.1847263091382756,0.1996734094177223,0.1272284598088525,0.0272423108821121,0.3612634520664944,0.2867505673381976,0.3641612851428288,0.3216532875464732,0.2172197598552109
-0.057177214615628,0.0009205386724338,0.1760169989308384,0.1889596698478491,0.138058323744676,0.0451422629284555,0.3807730154695981,0.2913392468385666,0.3971981557973409,0.3572227121390025,0.2289380136484963
-0.0496052746271198,0.0038559879177426,0.1793601154199575,0.1835375904330408,0.1506929324369991,0.082812415684653,0.3629604520770028,0.243594977982411,0.4020410863722103,0.35219478145504,0.2353174387954028
-0.0412400027815573,-0.00443644006402,0.1759284508204257,0.1721564811452639,0.1201642847973967,0.0976902254354799,0.3412706740282472,0.299304593028616,0.3786191124116838,0.3718155251543212,0.2343895137783976
-0.0523095999165633,-0.000233688867005,0.1716021196944866,0.1810838818279604,0.1366594817781963,0.1127907455952249,0.3545667964132978,0.3123084202214239,0.3702253484132521,0.3853700656721998,0.2059067126493184
-0.0674757523829254,0.0433183708329769,0.1282935255439217,0.1804003717957494,0.1540303237283122,0.1002144848504369,0.3573054539293034,0.3142518957751911,0.3489429624944504,0.3039335241291942,0.2294865160431094
-0.0691908455425947,0.05664694903547,0.1210582013017419,0.1832637136283318,0.1652992370984256,0.1052529589045625,0.39909188643432,0.2276552729618873,0.3586350657659393,0.3489012289194233,0.22471147353017
-0.064778712662835,0.0688543884169987,0.127024343169252,0.1904636184690316,0.135996789779447,0.1069003646462583,0.3485362659532516,0.2287041276898055,0.3495260430079105,0.3538900475622508,0.2363615779307578
-0.0580066330008916,0.0749846186337204,0.1296352994452859,0.2062189375142271,0.1463330274362419,0.089422721163497,0.3456091723697658,0.2300350101036867,0.3758908782506117,0.3750963519813812,0.2550972017994027
-0.061682878850721,0.0729410996168103,0.1348102465919337,0.1916100027474116,0.1527531065680427,0.1047879192270306,0.3623235187883298,0.2733962745685009,0.3768026235753748,0.3033752661037254,0.2723940177255538
-0.0608130585648089,0.0786125516681502,0.1280068618099839,0.1885774007363709,0.1215190954347244,0.1203743334223739,0.3864349781893768,0.2812056740414546,0.3513882874803481,0.3465934806588466,0.1983395403545432
-0.0629549030032912,0.0797023624847,0.1365704638857736,0.1926509190038332,0.1303370188679773,0.1473481739391217,0.3649758000889261,0.293415579365847,0.3465233304012447,0.4103801088593813,0.1838251085753845
-0.0646029251295618,0.0806729698563949,0.1364600282157776,0.2199631695871211,0.1384882787105134,0.1295360319316826,0.2964323974439911,0.2467341367315748,0.3472852736891605,0.4000628165947972,0.2010215384758967
-0.0627329525623795,0.0824827345423092,0.1349872317412498,0.162176256347092,0.1120090927693487,0.0968036792304728,0.3215747899899785,0.2702739386921055,0.345083547364054,0.3941310540268075,0.2255249899854545
-0.0775443826286144,0.0781315020519283,0.1372947900192908,0.1736463897165917,0.1532939953507557,0.0846602633070779,0.3445556620333484,0.2400709419134206,0.3346634576957367,0.3850729838624601,0.1826589991065143
-0.0887537978673034,0.0733798119686431,0.1353936610443017,0.1641653273453586,0.1644412603432077,0.0954284870080167,0.3817807498127893,0.2510317594011397,0.3638499315950607,0.4123975176771814,0.1897343096338876
-0.101724020616717,0.0748697692653712,0.1434443414382663,0.1771439402060031,0.1823769909933069,0.0765755729166498,0.3473138049013156,0.2193872153186873,0.3505736844654945,0.4127602310763143,0.1874121411966191
-0.098453620013478,0.0662574352118594,0.1451901995241714,0.1630747590803383,0.2000046712497679,0.096394240709326,0.3475803371121665,0.2239767409990299,0.3624776317758391,0.3886756779375655,0.1974326564890902
-0.0936942144993673,0.0682876472003599,0.1480353033591737,0.1708242023643109,0.2388660374891082,0.1036703481239187,0.381392688960433,0.2460916973923281,0.3830375923584519,0.4105079543796227,0.1598659293284451
-0.0892929934423051,0.0666917929632449,0.1399406174679155,0.1829905965882151,0.2341818551920035,0.1105703968748855,0.3031989740541779,0.2707707129126774,0.3639937821987736,0.3766718433465273,0.1699805854546567
-0.1046639584517578,0.0587551849191202,0.1435428703176777,0.1872983697294053,0.2221576445613762,0.0765474056138813,0.3408835617033872,0.2854877679631318,0.3659369681738559,0.3947567295040657,0.2152699180769057
-0.1118742746671448,0.0634727869256114,0.1392384771323743,0.1746807659593663,0.1979313575118648,0.1058887215670738,0.3530769549109694,0.2467449897496563,0.3744980937019587,0.3971120185634631,0.2308138850519112
-0.1060982999711916,0.0681273839600095,0.1487230778681082,0.1973574894313589,0.2491733137615773,0.1395300995100189,0.3700172068602332,0.205267394126332,0.3838818513218155,0.3553995880186852,0.2367349878330575
-0.0990456425801019,0.0755229033512382,0.2081797237939144,0.2363249189491385,0.2563502537262751,0.1278250567538693,0.3819263808686619,0.2307201302152264,0.3315319216522296,0.3877070462819029,0.2164065746076351
-0.0968620263924875,0.0830286328776582,0.2641156036503833,0.2598506762761535,0.2036878371793576,0.1529914129471691,0.3267984778944001,0.2668893216236038,0.368388935927778,0.3608689759882836,0.2178346492809815
-0.0815708490873791,0.0872416651643168,0.2888133913065437,0.2655515111866682,0.2157051287359134,0.1185063269997878,0.3376627899418747,0.2467211360017397,0.3689641263709453,0.4093623947584542,0.2257630434737174
-0.0763178861748041,0.0711659425494691,0.3139920648735496,0.2809112419209437,0.2320199131864681,0.1407350920170097,0.3572502083413867,0.2217149193521762,0.3731162947982225,0.4147786643450977,0.2359551607290104
-0.0811975800865752,0.07541810881718,0.3299833081891357,0.3116702134786155,0.2502989125202779,0.1419812271572363,0.3797751346398592,0.2220727619795867,0.3535217086289414,0.3916885592190364,0.2202317921042382
-0.0813259578938973,0.0613595756804963,0.3133719297411405,0.3159373784739814,0.2649706659140039,0.1383033616333484,0.4326980174671188,0.2577069219039132,0.3752758207408747,0.4046495025362865,0.2124539526034258
-0.0842118029411182,0.0666071488157226,0.3479109722002791,0.2838765848704876,0.2122116333781125,0.1712594164863007,0.4138146775097738,0.2955460737873966,0.2913778253244459,0.3847256870171593,0.2153982182068018
-0.0808087925757968,0.0635715546920039,0.3198917032621811,0.310055343881092,0.2261101506115182,0.1703300776725476,0.3936348634292296,0.2328511259592052,0.2967227570518796,0.374213668146315,0.246269230171839
-0.0796967347803085,0.0710308964995829,0.3310902996380467,0.3240228216295089,0.2060220627867651,0.1200822273457104,0.3973341509003659,0.2646233008265204,0.3279361473326396,0.3902959220587956,0.2261323846597008
-0.0875120289312872,0.0632568944278579,0.3158882525379911,0.3487697852575065,0.2337681172216597,0.1005593313034508,0.3848859696783477,0.2744225600299166,0.3171947297083418,0.3994959204681936,0.2398317654762554
-0.1004522681594437,0.0695985421961036,0.3179105139759334,0.3499922780423352,0.2582590854849127,0.11577645262248,0.4087513113983391,0.3353827870674521,0.339453301054795,0.3823301217269112,0.2310868298649417
-0.0948018664957327,0.0509151175453474,0.2507766403980764,0.3642834908920708,0.2437322351051619,0.1203952766536921,0.3827496041607525,0.2885527634264657,0.3417645848684788,0.4035402175955423,0.1817867050340103
-0.0879133408857139,0.0674952369302652,0.2669755244975459,0.3254285188289659,0.2628215919801715,0.0712841693967624,0.3959505685267104,0.2540461664541935,0.3166026414818953,0.4260972368675143,0.2293806825008873
-0.0910275691704297,0.0799039127716131,0.2125831260347885,0.3479407792701525,0.2678016579952569,0.1120386640389856,0.3962184056692138,0.2757808454242423,0.3380114064433608,0.4406809456934165,0.1963428211490691
-0.0908880109383615,0.0844848976493621,0.2381031378723123,0.3582588520283474,0.2679324044353186,0.1360046414963565,0.3812371811519308,0.2565187829249293,0.3060158205742389,0.3285081174762547,0.2556136607327762
-0.0883193201478567,0.0672307790134594,0.2749569587140435,0.3355152625082934,0.222504799418034,0.1197569993178811,0.3851892075738916,0.3018933645779296,0.2713439346120731,0.3523592370368067,0.2659309742020542
-0.0814632706527974,0.0772518457877848,0.2937246844814102,0.3192916242977667,0.2475228212777512,0.092507385212524,0.3220193220573341,0.1909147383500395,0.2868191551562373,0.3864210215582888,0.2191960393836516
-0.0797913149735273,0.0602671274535126,0.3006212667269907,0.3057453465377603,0.1789622067726093,0.1096768781713888,0.3582296756064902,0.2232118391021264,0.2894646059139135,0.3301785250128078,0.2425368736650922
-0.0930260378264492,0.0622394715257154,0.2931897806899655,0.338926930010248,0.210426969656202,0.1180602204010847,0.3897002928855878,0.2719208154499956,0.2768093337302781,0.3526806007837227,0.2407156535675348
-0.0892711624635708,0.0607474487271912,0.2880341446938275,0.3512505864294647,0.218385637505783,0.1351288997216254,0.4152040081704451,0.2951795723854006,0.3242112307672752,0.3812727340440173,0.2052300351557512
-0.1078099458255704,0.0634964006280933,0.3037995068422122,0.3431693156048074,0.2284168873106846,0.1157985263641138,0.3179529441462232,0.3198862351166224,0.2924307594886346,0.3679694260490129,0.2091294018139829
-0.0932286017929655,0.0622804899482295,0.3324311693409442,0.3523835966802601,0.2406491894208376,0.0938163981789576,0.3668699250647619,0.3591040078281646,0.2792495454643042,0.3770723902589513,0.2276104831990067
-0.0893915501684795,0.0682744359976487,0.3352539461890439,0.3440848069578993,0.2235259041342191,0.0945414989922954,0.4004547805073895,0.3188888690617187,0.3248501870521851,0.3850829224247736,0.2225855373800623
-0.0837392443852032,0.0641815544840753,0.323061713093369,0.3520303068796896,0.2152684252517606,0.109520982514655,0.4450129864603198,0.2864873765746182,0.3327119510625599,0.3420141158277827,0.2323271522940376
-0.0959070501775944,0.0689862163858779,0.3267176651205817,0.349265084653993,0.2200512668009103,0.060008301943926,0.3793382794198431,0.3104114600512996,0.3447505139485163,0.3401379281944293,0.2310304942272388
-0.1022236579720039,0.071371666844735,0.3461461750823226,0.3305752908766221,0.2249415320017574,0.0684527068307235,0.4023263446624388,0.3292659620997672,0.3103397329950152,0.3792154248271335,0.1534272021703514
-0.0972518370466929,0.0668657846677887,0.341738088755575,0.3312838302083308,0.2251251499628897,0.0435390217258658,0.4214356758100891,0.3225716594969599,0.3227800169167827,0.4241554316169345,0.1855798220923032
-0.0869687403510112,0.0542982346724735,0.3459660994118134,0.3087198588942912,0.1923200677518479,0.0790558345712839,0.3982893378086942,0.3372022846703315,0.3652862199747176,0.3155692978742435,0.1620746888695397
-0.0883679521738089,0.058852537803651,0.3337704680781791,0.3351014734195863,0.2326531719857162,0.0993456511523018,0.4023604127180401,0.297032605744136,0.38198296660247,0.360610631493363,0.1597632839537223
-0.0922393100083538,0.0599212052242768,0.311537581328529,0.3291382533684647,0.2334661652238027,0.073003761250837,0.4326122240578741,0.3055796018118581,0.2809166036205738,0.3982965983917403,0.2090644630420747
-0.087863854578683,0.0590223535605578,0.3027246194187422,0.356885679478599,0.2394600254444141,0.0923811851370746,0.4049255867161138,0.3232827979815482,0.3202174910214794,0.3263933089275459,0.1945550973134011
-0.0847060837256218,0.0592094305434141,0.3170236912156912,0.3643345826726556,0.1877712304238611,0.0929477650917561,0.4254366047872697,0.3193816760071244,0.3563123580224061,0.37772012372419,0.1523791797140178
-0.0866466007964956,0.0556361466066532,0.2329472814751854,0.3393537631513149,0.2172644950410193,0.1116558229659317,0.4165569241046545,0.2832850131548581,0.3190908501795272,0.4084842111640263,0.1985783832849371
-0.0964687561085086,0.0588894241493492,0.2316809125174158,0.3558246872207378,0.2252893243980192,0.0940682681605547,0.3620738987442272,0.2969802436437575,0.361781890038145,0.4113676648287862,0.1806245527785499
-0.1042305382806764,0.0417596860403121,0.1989721072123277,0.3530829947090625,0.2328496467451679,0.1253159366082559,0.3736078307823113,0.3537383902662365,0.3756068109266361,0.4119227149172536,0.1903528369877327
-0.0912228473928684,0.0443740129169889,0.1749181333085702,0.2907807981235979,0.2587600069904671,0.1399566969542469,0.4036632655189244,0.3136053184297529,0.2877855822709736,0.3685470197741215,0.1941588240817026
-0.0869254952545462,0.0458611019857507,0.1548672749401157,0.3084183975625774,0.2563420012840801,0.1103297101211416,0.4148607566520077,0.3361179323914957,0.3177217722342201,0.3481767151815225,0.1721680471761044
-0.0822467704868338,0.0472508755930054,0.1147801593902167,0.3220089047933742,0.2597591521451955,0.1499381017111671,0.3853237644026875,0.3482775045080372,0.230059987213503,0.3835282377814586,0.1783018950797069
-0.0720102069512116,0.0526017136700963,0.112692650012288,0.3266368565761433,0.241497954759656,0.158833631504247,0.3810905119953692,0.3073159451502635,0.2376684273915416,0.409145462579775,0.2197357553214304
-0.0848691797686293,0.0316922096591707,0.0880907766387064,0.2931053439098811,0.2489643625097481,0.1251909515932621,0.4348190320570871,0.3424355153938975,0.2961489685256074,0.3455473321660974,0.2242053029169169
-0.0802408059909885,0.0332712715447399,0.1020296364756469,0.3338777037381965,0.2305033231320112,0.1189448162535022,0.3501669838834204,0.3444706790605089,0.2976921263795467,0.3460999727558982,0.1081125239705977
-0.0514227358026003,0.0561892505457706,0.143059538143762,0.3784823034061525,0.2123487036737003,0.1249187100317891,0.3973540351202979,0.281596238250852,0.2783505596926632,0.3595836753295546,0.1426999893144388
-0.0450307173639582,0.0821599817179447,0.1768262946002441,0.2990216716294837,0.2515881588612878,0.0756196343428547,0.3939288204359696,0.3297392720791351,0.3016243329716431,0.3821943188353365,0.1560278999269247
-0.0432258817542914,0.0835294540573073,0.2139741026267595,0.3119301241414191,0.273078587427604,0.0863632567583415,0.3992646347296202,0.2849474153846202,0.3083841315512725,0.3856255195946854,0.2169264535216451
-0.0876038803869329,0.0418954659529644,0.2593675408734409,0.3096184045713198,0.2384274291296245,0.1201248583550534,0.4150172299789063,0.2904242691985621,0.2513278613413458,0.367443364966821,0.1764607393735575
-0.0670565258443909,0.0364326253080359,0.2964526249592555,0.3122348459752037,0.2544571411704387,0.1288091417113888,0.4516845661012834,0.3044530585540677,0.2992753750410485,0.3800699139758068,0.1770109226629189
-0.0938175035606061,0.0374890030056972,0.2562046051787361,0.2700198679045859,0.258746241256123,0.1330407883004816,0.4611167789846502,0.3210059650710477,0.328344807826165,0.3723539977504163,0.1249250692704363
-0.082391481386839,0.0516215232068761,0.3098096805852635,0.2831699465620854,0.1706591990592233,0.1527951497619241,0.3693923979898779,0.2787361059214326,0.3360237152191165,0.3797881244261871,0.1318271174503262
-0.0695376014563526,0.0517727044529641,0.2817070206139665,0.2912435791314038,0.2012680212517205,0.1639416521913293,0.322584810127438,0.3174526547537697,0.2545723357325353,0.3857378126324313,0.1150346278332328
-0.0610009383590321,0.0622702075308332,0.2488648712045068,0.2474392489821343,0.2159130976599365,0.1694464134016832,0.3743817204256154,0.3244854821469144,0.272717280875509,0.3423525839444159,0.1409820093711571
-0.0758540615343183,0.0622978212676456,0.2671730724676544,0.2520034859717132,0.2519253515427617,0.1382291768566906,0.33113622965454,0.2701117765081749,0.2288087637216256,0.3171503547191182,0.1411631943324672
-0.0715413242994727,0.0853682939043777,0.2730469834192244,0.2555518565707868,0.231496085646687,0.1766562695476708,0.3638565141245432,0.2214400530441111,0.2714087923704159,0.3047996769845426,0.1947121865007993
-0.0466350549148822,0.0930026520002719,0.2739955007166578,0.2730274644646632,0.2611150627604348,0.1376660215988835,0.3990156307273107,0.2447373124699474,0.3269357196885705,0.3189770513677587,0.2075752401634352
-0.0821776504489979,0.0808034681574518,0.2515609201463838,0.2763178332741288,0.269572101543825,0.1304740331635559,0.398759159551727,0.3079333940678742,0.3331203615154288,0.346426869165741,0.2100527218614792
-0.0642231774846377,0.1038803397512538,0.2651382720773377,0.2741946971927392,0.238694669624646,0.1729635174830793,0.414604303924219,0.2861082668596297,0.3554831252611221,0.3807766005478541,0.1698489379431412
-0.0732363305557179,0.0933507888670948,0.2174464595455696,0.2752055246650492,0.1995806737886011,0.1429416897623566,0.4057824022097496,0.2660355683730857,0.3207478676469379,0.3717508221066976,0.1656769142353706
-0.0607138378684547,0.1033486184903019,0.2451868574794682,0.2608447250249949,0.21680643456572,0.134774027951822,0.3695508805943132,0.2759337279253345,0.3559464091789134,0.3109064935174327,0.140711554071957
-0.0615501875280073,0.092310579418873,0.2524740707930075,0.2242711255601197,0.2697217865899068,0.0855775210962095,0.3853795042907473,0.3100411053135568,0.349687161710068,0.3323074844510049,0.2017723647360068
-0.0841645182378481,0.0891777642487985,0.2858385525275236,0.2119988243060179,0.1925632150163843,0.1071023888941351,0.4051972090693235,0.2480078663092075,0.3438206926917626,0.3425370183676187,0.2164955557070276
-0.0785664180406152,0.0924563659744884,0.2976569559124201,0.2296992430376667,0.2296090198531705,0.1448223654743313,0.41521830884552,0.2781282819293876,0.3009993035467045,0.3717435229706241,0.1736838683023279
-0.0728689804557055,0.1073284913072455,0.3008521948016477,0.2347306186428248,0.2571002246803864,0.1508342834898704,0.4079061078108035,0.2905687705548478,0.3218794163353522,0.3884995715188387,0.1866647413269714
-0.0987919778437654,0.1122778700288563,0.3013505943894395,0.222741196868223,0.2497732381091266,0.1526433723065315,0.4154102098101873,0.3006537146242857,0.3439554574324208,0.3864689790168794,0.2080777664063778
-0.0644913730469188,0.1205463849497459,0.309413217705759,0.2355214174370211,0.2284631806903022,0.1563293136445205,0.3601784705845894,0.2338955514300032,0.3557195938975693,0.3557715650049421,0.2179855629857606
-0.0366829772725329,0.0848689579311145,0.3128114859149035,0.2142195268705543,0.1922628832290919,0.1651605843197414,0.4020672765600476,0.2888476662169033,0.3621748826097489,0.3569058482468802,0.2403110828170524
-0.0826284076073419,0.1095914115712109,0.3180247555267922,0.2534318618505518,0.1966851212705629,0.1426214366307428,0.3918905737471774,0.2926897065896257,0.3559756153288854,0.3582484414190021,0.2429110885724342
-0.0552892559527975,0.1056009476205123,0.2729235443379079,0.1843218585524135,0.1962165115460151,0.1391353545341395,0.3894065993357495,0.3038306522629495,0.3671032194421428,0.3396989598328347,0.2091840638018876
-0.0705351303521662,0.1258197633411993,0.3029644453595889,0.2949782422129125,0.2190239193102308,0.1485677140622184,0.3783554329467838,0.2726119230168496,0.371970972543841,0.347190688044223,0.2387468612175987
-0.0631037581395888,0.1325949115359578,0.3341728234681368,0.3376392531648448,0.2431678118394349,0.1490762187292979,0.4175292765965366,0.3047757618781594,0.3664057358834834,0.3745007254168739,0.2169037249865116
-0.0830367477137881,0.1406662171208085,0.3427096546325637,0.3630082423585783,0.2049399538165702,0.1486867031807585,0.4453877547001793,0.3061378146448293,0.322133428890995,0.3782390190304321,0.2216048192563088
-0.0300918295322333,0.1594489520503012,0.3801842088312473,0.3892160464560174,0.2149131881739369,0.1440429683840176,0.3457099220907031,0.2380724976692033,0.3511288208417551,0.3037502934289938,0.2541061326279554
-0.0270392682043867,0.1617206886696329,0.3895869339205702,0.3843083132925,0.2237583031786565,0.1734751323380172,0.3577294964768709,0.2786584031964438,0.3572065751942608,0.3200727944543232,0.1997081526707791
-0.0526559152812827,0.1821219978631289,0.3515625745518962,0.3089635902506045,0.2410891964405921,0.124052042624231,0.3708549401957146,0.306040444724367,0.3701176780111146,0.3044667476461817,0.2324837128478336
-0.0786013585195295,0.1946253810826929,0.338148481334021,0.3015061836147154,0.2515262044654409,0.1486819081522602,0.3815181958900111,0.3173221954657328,0.3789547431913509,0.3500553558351115,0.1920088853937415
-0.0475949580779269,0.1472921471616274,0.346195964500654,0.35268089292182,0.2658906748482702,0.1273422300789616,0.4074211783847634,0.281659592207771,0.3842758649739625,0.3647686350800526,0.2192766692880887
-0.0669559362238424,0.1613733802120063,0.3198608584720422,0.305743188894565,0.2510148475490252,0.0958327141521451,0.292326698923135,0.2866438614193673,0.2992376189796337,0.3682964821538386,0.2012358167368936
-0.061809224134489,0.1758816469166332,0.3410473331846044,0.3154746917328765,0.1763329839012914,0.1170799168515684,0.375167067070154,0.2422915312197399,0.3040128176921881,0.3566445309613672,0.2072461470819452
-0.0682558221873248,0.1825879652232474,0.3512122280432519,0.3327384920032604,0.2475628136807732,0.1008612063863671,0.3716505616061281,0.2789092410536098,0.3207525514819723,0.3020566202829642,0.169018308197322
-0.0900861973865971,0.1855691185194584,0.3742166257228331,0.3462681232510468,0.2755790320223272,0.1348819159430976,0.4044924954878633,0.2739110464223542,0.3522899054115799,0.3592499914078874,0.2223113331485739
-0.0711689230630926,0.1841404108398569,0.3329832777840959,0.3116761418515105,0.2324813304139147,0.1042057631919759,0.4015757682991456,0.2616683194554763,0.2687533259450628,0.3900030489557237,0.197864737659718
-0.0643187526673624,0.1867206612259782,0.4059166489145646,0.2932439200197106,0.2761976539600788,0.095347279893305,0.3782409169208059,0.2620104576507762,0.3284639247157659,0.3525065702261952,0.2198580798349264
-0.0637746245729792,0.1499383210190344,0.3723914566421642,0.3042308407956953,0.2677034995655015,0.1241622753646312,0.3254482376745869,0.2590762655458156,0.2650134049191254,0.2801058588006995,0.0967780404553838
-0.0581911614191249,0.1333560135345389,0.3245780863861808,0.3383850687929226,0.294094469857823,0.0659057516325193,0.3580434697343619,0.3027277093454144,0.3207832919910139,0.3278327065833129,0.1769684113773644
-0.0947098110253478,0.1578874983737457,0.3552308818069829,0.3185715457584925,0.2682520797803279,0.0808918496142419,0.3816601928634784,0.3128935400865569,0.3279264231592427,0.3670784084119279,0.2162646351805016
-0.0563025160600553,0.1777700294933531,0.3601529858489379,0.3482187436254509,0.2523959814810788,0.0884233218051361,0.3993742537014925,0.3309346771014283,0.3415408807628458,0.3251544369467741,0.2473368797800392
-0.0537561736874869,0.1601474862021936,0.3006054233204165,0.2957448119983134,0.185886824703113,0.0644561005368006,0.3110477878398572,0.2775602419404792,0.3333942315479463,0.318446601989332,0.1658066185132103
-0.0666697362955665,0.1554896739369862,0.3069426739179266,0.3513979465805393,0.2477616169751358,0.0931287770638464,0.3672729371311839,0.2906189200628486,0.3451053208803522,0.3373279188756111,0.1999705793936518
-0.0517790384215063,0.1306608455857741,0.3045067835380471,0.271412999772991,0.2626429014500793,0.1073160018342847,0.3689724258141684,0.2163521331312597,0.3628023723510565,0.3578721625279498,0.2164177177913425
-0.0858416058212427,0.0587444713730698,0.2156837900214911,0.1913669441277653,0.2455908728282721,0.0736141443361972,0.3146282978820836,0.2492759570350809,0.2656228975562351,0.3372812303528253,0.1831785454770918
-0.0781657745566761,0.070757730251377,0.2350842046879369,0.2253684857313772,0.2176023043327838,0.0733571549446524,0.3051140098311996,0.2173258028529623,0.3109323806240436,0.3256100726391785,0.1631128646100417
-0.0735298111337807,0.0803553599534176,0.2498606079341533,0.2455142996406641,0.2322009218718067,0.0629490622474578,0.3527252033130584,0.2576042140711801,0.2974434897241323,0.2966213264466785,0.2070528991780392
-0.0538380462348789,0.0445500896038138,0.2819404633786431,0.2676346754757572,0.2068507203748808,0.1307279753275176,0.3496130417558847,0.2500589323815823,0.3655881571702858,0.3378260329146137,0.2317416228992922
-0.0836102511583084,0.0777675564623331,0.3058948189731238,0.2794787817485276,0.2187751267024927,0.1461139592040339,0.3615494440087418,0.2169840044798896,0.3554706635618051,0.3769648649011122,0.2604722313304193
-0.0696789847775496,0.0539285918166679,0.2507374476009052,0.2503263058676688,0.237143629852931,0.0850348965540522,0.3821079035871547,0.189965214578869,0.3277365010467787,0.3042687267335413,0.2078617325429312
-0.0567992392384563,0.0718956697472403,0.2630620259688374,0.240395795729234,0.2424220138937783,0.1189842020385279,0.3894247023144152,0.2301655204702571,0.2109636320649041,0.2956010760067941,0.1429569377099059
-0.0489710385991313,0.0845862534001981,0.2676622753745947,0.2897952956787739,0.2302866196033186,0.1518215546491745,0.4055193642566662,0.2958081134609364,0.2812448307195142,0.3498538639703891,0.2219084881451109
-0.0488982511514555,0.0598528881009736,0.2995805869826952,0.2976082524379315,0.2317905951043051,0.1157905840548148,0.4090084155641449,0.3088996460730306,0.319222067448625,0.3511421057579733,0.229395078480953
-0.1000434299997309,0.0861733821396623,0.3219991559249379,0.2642723273088611,0.2491573089570132,0.1570519204566294,0.3322778793700785,0.2655947533882926,0.3577256866458363,0.366595902052218,0.1789757215753094
-0.1031380373912685,0.0888538251319739,0.2981389575714474,0.2694679737603975,0.2511324405608866,0.111646241187175,0.4126346345676055,0.273695751691279,0.3137041535445831,0.348158909319206,0.1930870254003371
-0.0844262172228979,0.0922363158144246,0.3133457480623133,0.2585640395063946,0.2762134288847666,0.0869871237156581,0.3654694751450397,0.2192973714331763,0.3133493689171497,0.2799610233350766,0.2029011470372968
-0.0928983463007757,0.1099681184298145,0.341276207017936,0.2865783919012313,0.2404261327431253,0.0983753537860166,0.3979616339421533,0.2884086315701625,0.256653125947924,0.3257326766457392,0.223318168936795
-0.0758941513050485,0.1147525522914799,0.3009117171929868,0.2380448084861921,0.2534287859808564,0.1316743355901874,0.4001087982312705,0.2955585385505955,0.2703822947516465,0.2941412108013975,0.1303971043205072
-0.0499183341134318,0.0813823242405465,0.3430923505188651,0.1923649464232539,0.2124226014850701,0.0916873323265288,0.4182758283711791,0.2314370515618057,0.2979484034063179,0.271053658743615,0.1918690944876268
-0.1025454769645772,0.093030875679709,0.3839433425750029,0.2422802348919064,0.2224284152912718,0.1092510839026833,0.4322627506499649,0.2881934387529932,0.2618932276928743,0.2812893539945645,0.2088096605050049
-0.1048421730358075,0.0931456653750863,0.2427344370295884,0.2241492211174901,0.2534166370977077,0.1093915475646639,0.3623021580762228,0.3096078415684062,0.2857383065216617,0.2849088619848727,0.138254828083296
-0.0881019136781769,0.1008593643368312,0.3618874374590413,0.2571839186380404,0.2598941908584276,0.1365096502863606,0.3728325789126757,0.2772295608072326,0.318942390718282,0.3068219809361685,0.1677093085907424
-0.0909217712939031,0.1605633838334752,0.4468907287829741,0.3618296721905217,0.2949291390761838,0.1508826527613957,0.4088810398175591,0.3169968587758049,0.2965942726418455,0.3315705223093794,0.1715962700846142
-0.0584118945993369,0.1656915950766188,0.4512928839045351,0.2991724128271981,0.2469617956385304,0.1229680617631535,0.4179549334270483,0.3382002833541845,0.255024040382676,0.3589160050290316,0.176377923055762
-0.1006866043771529,0.1066367012996983,0.4546580284124205,0.2475816906912849,0.2710557977633892,0.1243245932146329,0.4409927139154455,0.3338517025857797,0.2856891789290033,0.3412171845711249,0.2084949956921483
-0.0818743321845896,0.116275712811345,0.4750022496487425,0.2633672478063583,0.2457086745301341,0.126995542332203,0.398983903161521,0.3392015154217374,0.2894666628385469,0.3464028087130466,0.2447826371535691
-0.0652658696423564,0.1708996109768105,0.4807275516835623,0.3229613332969778,0.2100561946576233,0.1327463007716447,0.4011204913970725,0.3620291768024093,0.2207263923408486,0.3490346781202297,0.247355251475758
-0.1149966672318838,0.1001024536538538,0.4127207552611255,0.2724729425611112,0.1647838164576655,0.1553489403117448,0.3776914755913327,0.286277141937915,0.2912125000581522,0.3636823409040466,0.2027176256443295
-0.0909406411560196,0.1556695248398877,0.45751787703844,0.3655003797444466,0.2150519004775167,0.0777606997841672,0.3996889561474724,0.3278576641411273,0.2979556469940647,0.3655945509490897,0.1804196494049485
-0.0826499405173222,0.1770963122909049,0.4044866526979701,0.3916119563957516,0.2117793310480436,0.1090560964412467,0.3719834727901108,0.260368886362806,0.3248243413028635,0.3232845850075396,0.2322002265795966
-0.0699354632247351,0.2013320415964449,0.4292547364090275,0.4079364540189937,0.2343554783505754,0.1170326348834986,0.3802761705534976,0.301881417476234,0.2735323125453962,0.350958742266357,0.1998112023310947
-0.0665868576286239,0.1250857130201111,0.3999748155710905,0.4257055790615701,0.1957631202204532,0.1298753565169305,0.4122643879835495,0.3271860898053562,0.2748274415559905,0.3036652254048394,0.2309630726995876
-0.054208570107869,0.1387629685890624,0.4066303116503483,0.4316772303811947,0.1908450617098778,0.0860786355864488,0.4583508056659269,0.3418635324288618,0.2968292369704648,0.3186351106079121,0.2488101787038988
-0.1217383211221356,0.0984568289017384,0.3198950030385357,0.2908472366266859,0.2245725583878217,0.1123026341944741,0.3510983912558019,0.3062373444702247,0.3373578489324007,0.3539003835373725,0.2416581742942231
-0.0936312370499394,0.1060822428352812,0.3436601425265261,0.288226164874407,0.2475719906344077,0.1302217625962188,0.410201502638957,0.3451760565920088,0.3082754843403535,0.40106586000646,0.2577078724852776
-0.1188333762275955,0.1540747526642255,0.3558510817140962,0.3716200466841208,0.2497372692776165,0.1397596598279265,0.4618572920437909,0.3464670728217446,0.2613346453160908,0.3387605943188104,0.2215283356672233
-0.0707793863648222,0.1689068281347791,0.3729968099927929,0.4007490367079939,0.2562825017948141,0.1400256397605665,0.4054934894481869,0.3488492357423643,0.267172275010541,0.3463236730887544,0.2364111076329406
-0.0166996515368126,0.194961679665148,0.3644314783819862,0.3786013967527071,0.2785001351504277,0.1460136268278285,0.4166020547253914,0.3173378600379646,0.2871342952310294,0.3377499215384213,0.1364582082998906
0.0252157900722353,0.2400752436856102,0.4557023710247402,0.4367413261858293,0.1841590360554129,0.165010465837819,0.4203923357301428,0.3154340309677215,0.354306103714183,0.3565270325562962,0.222970844995014
