RSX_CAGE_0,RSX_CAGE_1,RSX_CAGE_2,RSX_CAGE_3,RSX_CAGE_4,RSX_CAGE_5,RSX_CAGE_6,RSX_CAGE_7,RSX_CAGE_8,RSX_CAGE_9,RSX_CAGE_10
1.0,1.0,1.0,1.0,1.0,1.0,1.0,1.0,1.0,1.0,1.0
0.1934847265648077,0.4053054156402192,0.5269924470789666,0.3885860369321577,0.5377707870707416,0.2472365905103718,0.4762116580903067,0.3817338692119414,0.3420817518696216,0.4475839545617932,0.3635459619698004
0.1502502851151966,0.4757762595864031,0.4750659192772493,0.3037991901244299,0.4788032838329655,0.3211731328564517,0.4869507816308126,0.3957673035037143,0.3733501639349511,0.4423644633959881,0.3539438798851271
0.0618841103597557,0.3523727736439611,0.5705823402622348,0.3444747515724388,0.4316390744470916,0.2715728513464086,0.4899129007369348,0.3801694677669423,0.3680228148957954,0.4108958933520927,0.3421143555671021
0.1314634852475096,0.4334119337768728,0.5884239649362809,0.3019025749616977,0.4756582615409794,0.3186323021396189,0.4738946376837699,0.3842107333956496,0.3440010076439053,0.346922676909159,0.330649918640356
0.0771554776627287,0.4571703982127801,0.5394035840255585,0.32216128810494,0.4496027512894089,0.3040341050017492,0.535518665955944,0.4013471799063371,0.2676559185282926,0.3159997658493524,0.3353014048893917
0.1035447004874663,0.4254402007596207,0.5334100730284342,0.3106104432465505,0.3878247213468438,0.3203813915454329,0.5087408857176351,0.3726075089237494,0.3379817211444275,0.4166432895078203,0.2717708613662074
0.1352011098722186,0.4090870025102663,0.5229320859874058,0.2876737922352255,0.4485309164887998,0.3127807544392533,0.422258136162554,0.3580438009187889,0.3865420599119618,0.3892115180314302,0.3331654893109018
0.1007099067621202,0.3961968698954726,0.5308598155561152,0.3783976763579445,0.4435485566388812,0.2937900172538181,0.4022726990806903,0.3094515008078418,0.3934586880710022,0.4038350218210462,0.3084451460107665
0.0768026857585003,0.6287096593635685,0.6170440332154924,0.3903178662073542,0.3921217426552838,0.3166750291763064,0.4594969846770964,0.3515718955165268,0.340862048653881,0.3553623438960016,0.2885670885500003
0.1479596764409206,0.4201240877781954,0.5508926798927064,0.4102064574565242,0.3469738012158814,0.2863081528600573,0.3902058479116007,0.3911387279040138,0.295269771001439,0.3608006081207655,0.2727162518198501
0.1315135756937716,0.4088626794296993,0.5178749481368445,0.2687065776594713,0.4158137917450893,0.3359945645078196,0.410015669576537,0.341292716717709,0.3379163562636194,0.4173263098214873,0.4177082227017581
0.137729078131453,0.4109180853810174,0.5468715050382533,0.2732440253219449,0.4090690806320073,0.2618848688330613,0.4291636997538386,0.3680110471469067,0.3755332824445092,0.3737846824839041,0.3332043982678063
0.1524774182275786,0.5198776244292294,0.5832293857384444,0.3281151845426904,0.4181994608341869,0.2620846277341659,0.43161572887094,0.3561302645500173,0.3361548037298357,0.330321246008789,0.3059238799058817
0.0950179230575198,0.580423124215573,0.5878249508289356,0.3552655318970753,0.365832899227721,0.3026494654357481,0.4339967858485691,0.3740981271096883,0.362855362067902,0.3434736614552195,0.3235210996186288
0.1093610968293305,0.6072433123794394,0.5926505946325399,0.3757906814181033,0.3786415610872633,0.2938757600373637,0.434180182455443,0.3807844768355378,0.3717723157828767,0.3533823430538944,0.327554467239384
0.1314966331190727,0.6353972608840635,0.6141384488763132,0.3855892877629898,0.3655163799355859,0.3159000305960912,0.4101005493732151,0.4078351273705777,0.3129941387364046,0.3904166305867214,0.3424052656919484
0.1166721849403999,0.4160099448826884,0.551330022255213,0.3039036295344403,0.3107186969138099,0.3173396540253627,0.4269165274396774,0.3811253753033519,0.3453066481146072,0.3757021555939371,0.3605424010731268
0.1729590003027152,0.5395433131808918,0.568807411112171,0.3517737965940776,0.3788682691096207,0.3214235569796489,0.4306078728913453,0.3814250608284686,0.3232445153036641,0.2728051488683462,0.2961397748250688
0.2142851242995592,0.6071848637461822,0.5975173096884776,0.3784164977506499,0.3631343582957685,0.3269909960100155,0.4083536432102613,0.3444969667156226,0.2916646594122,0.3531436070896532,0.2892591799928837
0.0793289695723475,0.5695367577515185,0.6094468712953196,0.4167822793356351,0.3559118048971565,0.2400842327226354,0.3681414040040655,0.3556484757963171,0.3153008778164957,0.3285447617332399,0.2957765078992976
0.1061297797189254,0.5110043843348592,0.600182681671066,0.3032477560266762,0.3342391585877229,0.272991504682408,0.3921070564996828,0.3166287970536982,0.3396171153815988,0.3433537242033447,0.3305274005568996
0.1536987578523728,0.4159234716734729,0.5899979127669762,0.3057903295125026,0.3527707910367639,0.274780529442906,0.4128717666285389,0.3653495926845885,0.3532360469049329,0.3807910770633324,0.3493092654737063
0.1518077912662001,0.5119234618541255,0.5625061123548776,0.3340593447075479,0.2962488216940849,0.3101512916818113,0.4579016067246931,0.3422026239776473,0.2534646451384852,0.3697310470192497,0.2992381700562431
0.1121474019290636,0.5745983057918895,0.581593957772005,0.3732703162661001,0.3647825865973686,0.3295146948860439,0.4061859138334843,0.3667957234681752,0.3016491993875551,0.3710223774831871,0.2846585720972089
0.1283040768357517,0.6164213571866881,0.5889503686605362,0.3838462381433322,0.4016430157805163,0.3288645297074626,0.3973375546992533,0.3782919038180142,0.3450056686442468,0.399418210907404,0.3039208788584778
0.1290495449493847,0.6411290574553509,0.6212101597106342,0.4027963322354675,0.4101598547662044,0.2960931304910316,0.437702288092726,0.3837740810147729,0.371595157420013,0.3546217429037179,0.3162128546857529
0.1378077528003556,0.6571360571603977,0.6240631781672005,0.4097042372817971,0.3579694103392413,0.3186555876212912,0.3782714617220434,0.3851795937930228,0.3810372420695144,0.3790005365823068,0.3258840184069596
0.1581658259785,0.6375444910275712,0.6377488722787781,0.4104858262169717,0.329836676135156,0.3292285144705829,0.3846106317903789,0.402087579036757,0.3622535577705499,0.3498179293201449,0.3061168619690232
0.1468461197681921,0.6473298888523225,0.651627673655097,0.4105561783897075,0.3847060090226807,0.3251027758192585,0.3676064038550344,0.344186953686215,0.3316986435785063,0.3791123545865105,0.3109578181005697
0.0421922848290966,0.6408184283020573,0.6091460533719267,0.3506919087992509,0.4020351966886152,0.303352444014796,0.4019651311861417,0.3214040253217061,0.3641592779599463,0.3428443468668577,0.3096584706981346
0.0973047927447642,0.5492935244071703,0.6179530239338455,0.3825929546299816,0.4478567457351661,0.31978162102636,0.3988736104785687,0.3613220484694183,0.3829962653183514,0.3649206327541121,0.342296966549091
0.0999820623928647,0.5164332398017483,0.6265274262560869,0.3944536004249686,0.4180489604078937,0.2658719732810365,0.384209885684525,0.3822732905472742,0.3367120603064135,0.3818207468044134,0.3387159183745067
0.0760743866167215,0.5711067507539502,0.5497194681093805,0.417724502878025,0.4526251316965124,0.3040478931936772,0.387542222816728,0.3732714315678391,0.3755727404981355,0.3862530918033008,0.3164540222720057
0.0897613824891851,0.5948818242368754,0.5654123740704009,0.3735102631690081,0.3468796772497606,0.3113447894656059,0.4241065107519126,0.389620693217044,0.3870740565499186,0.3612929698625813,0.3411438297571255
0.1207467485912941,0.5543724987768263,0.5888140918374303,0.428248549573295,0.401541544285815,0.2766499999331926,0.4277305621263247,0.3880688452458347,0.3634323055265046,0.3842666465033424,0.325078494188838
0.0816159140862421,0.5552339224984559,0.5534486809511194,0.4266341291539837,0.4232272768867674,0.2797985582291031,0.4042102749059257,0.3826081078721766,0.3672648797319264,0.3899924906349659,0.2710142448861175
0.1160686636962425,0.6137395633760289,0.6136874460440336,0.4142665416234311,0.4331824728707619,0.3454702862802499,0.4047165708985629,0.3875132818040849,0.3804029105607265,0.4089464417220551,0.2937369823846585
0.1413848461453898,0.6190352736137466,0.6199466426107458,0.4445075691096652,0.4225429767349699,0.2895004549127314,0.4070325897002305,0.380231483892355,0.3320373109443263,0.3365381432223396,0.2949773171184054
0.0605026556231363,0.5521922360132342,0.4933968836688432,0.2806079687262863,0.3029280598403975,0.2926122087548991,0.3730935573239144,0.37989851302508,0.3322269595295984,0.3575937122958431,0.2953200955789144
0.0961748900764999,0.4568653916848554,0.5253232915431467,0.3023549105190568,0.2633018488345273,0.3345760343591771,0.3935759779710931,0.3637783638281052,0.3145977551758011,0.371925887696182,0.3024454784376432
0.1081032457978538,0.5127024028052118,0.5777936680898448,0.3586618782377746,0.3597442535006795,0.3552717646848066,0.4066403095628823,0.3443554272845429,0.3564842523206177,0.3040444274861652,0.3110035794921106
0.1563904225234174,0.5826916531300854,0.6077281315572546,0.4018574794819011,0.3984207182335079,0.3253980734870028,0.4420782473594666,0.3914249536633745,0.3790859752410601,0.3187706348122887,0.2610647023059637
0.1000452622906648,0.6123433313090504,0.6054238033015499,0.4404834967393896,0.4212452853131025,0.3139397070724448,0.4546945421781619,0.4158777278194905,0.3006921358811455,0.3268558679705903,0.331830092385114
0.1503592577321293,0.6231655579135527,0.6090550435005404,0.359034013790209,0.4143016433296861,0.3224791260415384,0.345382231706569,0.3137983366452836,0.3534533629721601,0.3219713033182678,0.282589656305287
0.1618220316343793,0.615713412369898,0.6377596691036532,0.3866687918830904,0.4257725874534693,0.3236748235351833,0.3578343102399671,0.3357267571101684,0.255542972081278,0.3253645181683858,0.3291452058038175
0.1607902467684605,0.6237677284195948,0.625137533042513,0.377376489271281,0.4072871919993497,0.3345723803211219,0.3985198163362126,0.3699495900249414,0.2856662450744223,0.3514938249916908,0.2807025847152087
0.1266355913333159,0.6182025147763318,0.57996203479133,0.3841131005006516,0.4505479476344313,0.3094364299134949,0.4238330083477961,0.3709560496047784,0.3556239583447151,0.3581415611908244,0.2712801572698783
0.0947776672491805,0.5663948309127117,0.587014823823531,0.3577515092284977,0.4049137279555611,0.3117902450151001,0.4315734049835839,0.3909065120686368,0.3441982360127962,0.3502303612454475,0.2917282557604869
0.1025110529672782,0.5710864404441918,0.5949321277926921,0.4035282569188266,0.4196380201413995,0.297968389626784,0.3925329521306201,0.3595353439480451,0.2879001537219421,0.343403014638936,0.3329087714506373
0.1185238209767283,0.6167982482467584,0.5754587405251014,0.3927418817044401,0.3447168575940792,0.343363422813505,0.3986743549103171,0.3716052500900572,0.3101830905543987,0.3438491608401449,0.2965799556558474
0.0849637883421436,0.4492114465950677,0.5834265841727184,0.3335070499618718,0.2831633188047734,0.3296000213989743,0.409301246725143,0.3891946381477964,0.3429602464645673,0.3555841332367812,0.2867537807269644
0.1350207989576345,0.5460786570927687,0.6056619357682842,0.3852098763238343,0.3500449272544978,0.3076083035025719,0.4511692532740535,0.3683220250229192,0.3245586639390452,0.342758146553291,0.3054580499511376
0.1466398052552532,0.5922118634768565,0.5951173710014867,0.3642056762276121,0.4175889673697268,0.3059267941869933,0.4284170693000438,0.35554489603231,0.3149844570315994,0.361120596581315,0.3240261582544038
0.1493751150406803,0.5425735024587878,0.6106864010279074,0.3998017223537577,0.4019438251099887,0.334350665033191,0.4344510385165923,0.3863997568864857,0.3417507741195166,0.3409619263372827,0.3334580263258606
0.0917569680722576,0.566894664732147,0.629248963767999,0.405022506530364,0.4064185718969514,0.3417830148509611,0.4347373814854569,0.4011653687912471,0.3471289300039377,0.3263267512297785,0.3092099718083783
0.1210666687519159,0.5929563712796018,0.5818864878428451,0.4197384447733134,0.4408420712012841,0.3281800297445815,0.3868703817955908,0.4126354742072103,0.3560272394615315,0.3090192368693334,0.3183407777935009
0.118594073221893,0.5999272198626205,0.5858516065991635,0.4495177258280848,0.4166550777596841,0.3476347427846131,0.4289001098718897,0.4223846390005016,0.2997093302983469,0.3080479565457629,0.3261699447518442
0.1447992860723481,0.5970509052877575,0.6175162696592615,0.4428162888990386,0.4194151365745622,0.3241794180512243,0.4345931410339813,0.4408786732601732,0.3114200334638791,0.3230017426929805,0.2277187616598323
0.1090348360270983,0.5601483650836123,0.6236729207620622,0.4030255505427546,0.4209954614487768,0.3191368772973245,0.3793824249768561,0.4282971867294931,0.3325300733147706,0.3014028427940247,0.280074064922267
0.138846305971898,0.5437616176025701,0.6360601766538547,0.407412287927922,0.3369228119883182,0.2808379163442944,0.4162034130993625,0.4325081216882328,0.2734037925371525,0.3305303745466577,0.3220686975532595
0.1426421637267359,0.5594294037360396,0.6261160074940939,0.4223176509949651,0.3813403867773853,0.3219385957638823,0.419662510210721,0.4097878865359932,0.3087411980490748,0.309020662402253,0.2134281597980105
0.1399440912118916,0.5608548815216062,0.6359718959527756,0.4154392372268792,0.4387946710014097,0.2934299644966783,0.3633426263738196,0.3888209244453152,0.3114660325045866,0.3360102397839085,0.2473746608792657
0.1470415689147849,0.411084992932114,0.5791844072413488,0.3609752475080302,0.2741545843151634,0.322094477227509,0.4075301256205185,0.4075583701830643,0.3260666456239774,0.2790078044199441,0.2839662581895584
0.1736511133890281,0.5187823526852908,0.6102772505004359,0.4016930792664644,0.3381833384904131,0.2857046956487477,0.4480031875222908,0.3723741499444416,0.2701221680730619,0.3189214219516605,0.2735985320176814
0.1368368217944524,0.5518582648060235,0.5984184017520026,0.4056655312941667,0.4253742225021448,0.2868945477382222,0.4306321969972307,0.3905436326805829,0.3091028580053186,0.327045326874296,0.2981122578866331
0.1627908125988949,0.5849096099185191,0.6007521461733012,0.4326491269018827,0.4178586921963061,0.3050088826728613,0.361501896301742,0.3833726195928563,0.3352171498350171,0.3063844300155764,0.3017020396856159
0.1174580749866731,0.619134787271089,0.5801485511429091,0.3755722715671488,0.4524799541534594,0.2474522399387497,0.4087805830351736,0.3892929934981312,0.2673265612397285,0.3301923598078865,0.2616072680130398
0.1066814577483259,0.5979517179366041,0.5837898540410199,0.3819520291204116,0.4084959309714122,0.2974435293870326,0.3732356325184308,0.3794700185329562,0.3084175031483007,0.3189213957225046,0.2760839446812076
0.0946045038724467,0.6010329853761736,0.5836473884898322,0.3861866710371051,0.4212045361703681,0.3187539491434359,0.4093610503462193,0.3840908749119608,0.339290953718586,0.3357130253103684,0.3403608262968094
0.1149074113834124,0.6101033335933128,0.6227137962965306,0.3765412364113433,0.4263907373743975,0.2871116907875246,0.40982259491045,0.3429624090307973,0.2991289054784423,0.2815685761365561,0.3163354766742858
0.1344225996083872,0.6248043501068555,0.6293318186607809,0.3894690902604629,0.4447359848825325,0.266337123595351,0.4118018544509515,0.3894216770599417,0.3133006191907332,0.2987249457245395,0.3515668823908192
0.1343214143768907,0.6550249685292829,0.60305585273546,0.3963331952764882,0.4609836489601613,0.2666443007580153,0.3645733060251818,0.3630541967810493,0.3366046081462893,0.3486459967032297,0.3273090987030301
0.0860841963861513,0.5276212423873761,0.5479175039308644,0.3831530309661846,0.4631551211277799,0.296549721363625,0.3927293500850241,0.3772745758582252,0.3209419800799101,0.3336791541383151,0.3026392182670429
0.1114582084261245,0.5505932617030977,0.5785129114776135,0.3636390895482796,0.4713130929956671,0.305290613477672,0.348456857778893,0.3466909999035885,0.3025087121995369,0.3519601746407278,0.3023190248379575
0.1232057526179854,0.5693549518606207,0.5349687719683414,0.4076988452222813,0.4239304360425134,0.3197622985799639,0.3946498018324185,0.3836050940513881,0.3244207759532993,0.298630156926501,0.2403837764251211
0.1503221032041448,0.5901852226627606,0.56966064360164,0.3736220659930419,0.4606783547493085,0.3370193279175733,0.3807479391671556,0.3888242647371467,0.3546126024095372,0.3041768014358864,0.2862724511859222
0.1513451318257031,0.5648672835243422,0.596829910609979,0.3735373079510007,0.4411524562696549,0.2589597606671076,0.4232963533700475,0.3238790423332693,0.3152596702971521,0.3203267962881077,0.316977815220497
0.1581562702707927,0.5965654945360787,0.6141503247185816,0.4085313239912967,0.3963620885459362,0.301987379243641,0.3719840328161982,0.3452727807150881,0.3242160751698138,0.3382899215706615,0.338953112779834
0.1475782627975876,0.5982081017615708,0.6305077031253309,0.4154345981444341,0.4087972562276285,0.3080964252247881,0.3987287063805306,0.3564696530056194,0.340485275579284,0.2692940962032694,0.3097835743430823
0.1317457483214359,0.6184138544070812,0.5721656844547635,0.4236813349140625,0.4241560195371443,0.3385242860172078,0.40060947542799,0.3574610844882825,0.3219066172796601,0.3124851725723745,0.3434515106322525
0.1925582618637082,0.6405828950053759,0.6041316014750926,0.3636768948152629,0.4080065830345168,0.3318397828903537,0.3910599252819449,0.3784007030041753,0.3474394656758663,0.3452344998614397,0.3427636437268738
0.1296708515964809,0.6448166744684678,0.6240285448498677,0.4033312766517049,0.4047397519484067,0.3389677957282233,0.3802942249825585,0.3667913833631933,0.3592988020145705,0.3697786670100946,0.3230355662381745
0.1148655526548146,0.564033351749103,0.5741047753960019,0.3853878707182564,0.4272943841243525,0.3187791177639541,0.4043269240643172,0.3726084417168531,0.2913569243868015,0.31636796338548,0.3265402542037149
0.1447520468411357,0.5820238063405154,0.6072965347959699,0.3555777415254575,0.4288415368612592,0.2901657092524125,0.4153574578703595,0.3098544083634333,0.2651913759095782,0.3118409502222883,0.3695482722852006
0.1735134753031056,0.552997625183353,0.615929821661569,0.3603837054502091,0.3847562446610271,0.2592900034265256,0.4300061649575426,0.3246161754283831,0.2880169621258601,0.3432443826498339,0.3293524217771031
0.1547174383895681,0.5759697274143836,0.6310841760760548,0.3804490716749533,0.3627452207882927,0.2842591595748371,0.3968666911789309,0.3430753897068713,0.3468144873502511,0.327040973806896,0.2411980241761746
0.1223158892763399,0.5707604441380423,0.5772266798869736,0.4151946127044691,0.3923225263729011,0.3415221005889127,0.4339279004150775,0.3479315570910072,0.3601958505983916,0.2836824174665544,0.2958907406529867
0.1173989198757198,0.5554826603283617,0.5668850059114422,0.4015391349455466,0.4101263230698506,0.3050548276086942,0.447187359667198,0.3513181041231982,0.3271429536722897,0.2247057766732951,0.3284570234845929
0.1257909533833749,0.5918131974095021,0.5757509785733985,0.3140321891839774,0.4264006626080192,0.2834865620902487,0.455205309162449,0.3665612930546245,0.3608965301174592,0.2393666242709483,0.3110727400276497
0.1029342982142467,0.5854876918040373,0.6094594325149056,0.335677190658763,0.4230780597189998,0.3260088745967269,0.3856207491278377,0.3253161721267813,0.3284028895913763,0.2888173714700097,0.3274432576571222
0.1144394826024145,0.5718061531527855,0.5889845077080483,0.3524744082212546,0.4220138122327543,0.3497809973737915,0.4020228411703926,0.3502263438610041,0.3360691084122821,0.3051810954999439,0.3430036888230943
0.1508797837257514,0.6086396907516484,0.5953245341724915,0.371596200349377,0.3982994686428202,0.297366433060833,0.4041939886517333,0.3586920223309979,0.367450917064592,0.3262021751741075,0.333896238329243
0.1679394072145348,0.6404220362051458,0.5907732226424491,0.4031528284801198,0.4162743424369322,0.3255145867441708,0.4090483104934693,0.3592726821542107,0.3593237710652653,0.2769877956226138,0.3344209833940148
0.1843063091522983,0.6375726165997012,0.6208329230495114,0.4039722940624796,0.443320476807498,0.3432316975499044,0.3926815901380512,0.3851362272472627,0.3792908831632172,0.3279699897277276,0.2493756187212467
0.1134828999556259,0.6461620723772148,0.6607270070497858,0.3930407488231015,0.4010890900400023,0.3344707773225175,0.4074333461484654,0.391465717457672,0.3706655353640604,0.3369742405704573,0.2725403566755472
0.1214936855619453,0.5516473311694825,0.648285661744711,0.3968205083322099,0.4221893502862456,0.3052177684018635,0.416862726355601,0.3766434750678587,0.3078985967419315,0.3225505918524192,0.2801031786554923
0.1624958491947191,0.5962925993245114,0.6042025560189003,0.3751042167647957,0.4510524382547679,0.3429667653286463,0.4423944184042916,0.3838247601333018,0.2810337667337219,0.3289845160379165,0.2976007935262783
0.093136208596373,0.5811724319330311,0.6087756278652311,0.3859619997244655,0.4477924456555673,0.3450431467767917,0.3910541219452319,0.3470148646169879,0.3146232600788673,0.2700059485420729,0.3326600422979507
0.0630123936249289,0.5915561694990797,0.6100433047126504,0.3734536389625876,0.4843894938374866,0.3720620104386914,0.4156315201228069,0.3633156640328364,0.340371790761758,0.2802296558960399,0.3341292049365016
0.1080571745300745,0.6218951234638681,0.5243702255357584,0.3456785512545404,0.4236021923184301,0.3196270154604551,0.4358515473363458,0.369021786045227,0.3642486420813895,0.3501516074350252,0.304806181609383
0.1228036625215978,0.6279743539356717,0.5689729650246513,0.3870821957190026,0.3807418731893894,0.3155288487132548,0.4049095581491669,0.3320351473043308,0.3553492156734912,0.3471599725244901,0.2986528516142933
0.1239043975994887,0.4723199279964478,0.5839702827251663,0.3902972049837486,0.3880853132715333,0.3077173116605195,0.3654213976709404,0.3404281025855018,0.3411261226568833,0.3473211949129267,0.3380340958473612
0.1279979526373113,0.5409130608791142,0.5875859248281972,0.4044114918218173,0.4063057499930153,0.3255722175680823,0.4303757860720868,0.3253628390724076,0.3680865801613778,0.2507979974306764,0.3058327867826423
0.1115629901286456,0.5898423840394676,0.6040509454341505,0.3863512641906153,0.409263332550485,0.3497292291511019,0.3938523505274945,0.3280189839091431,0.3137108721393804,0.2804222348906292,0.3032605765614413
0.0685460894515133,0.6088314919954035,0.561664505650056,0.3804297367523644,0.4153802165454509,0.2785097096925251,0.4265506696477353,0.3693347421441353,0.3309108122096501,0.2730656522807243,0.3113493901223849
0.1065845586741017,0.6149418176179737,0.5971494163361317,0.4050384855879063,0.3403219162357633,0.2986082150756344,0.4070011093902512,0.3726123442454449,0.3347757818038385,0.3219018570063074,0.340975114846489
0.1340097688438095,0.6086590334810176,0.6263607981790229,0.3720091273088965,0.3498235735118893,0.2835355198021762,0.3713178172300477,0.3232149281413792,0.3424212698956527,0.2934032508630028,0.3254512980586975
0.1434872203734299,0.609217228698356,0.6057499710464873,0.3872126594473544,0.4002621356975605,0.2910771218191161,0.3731803059571001,0.3666944890513889,0.3308810717975086,0.316248290919073,0.3160467647468072
0.0682102657551977,0.5592883749792418,0.6011838945504953,0.402471195922892,0.3514029151189864,0.3154672391434577,0.3622651972683179,0.3857657392742838,0.2654101785082033,0.3549503645790544,0.3248995338266099
0.0903524462278218,0.5794882005354163,0.5816012999083383,0.4055362701480809,0.4110648525833897,0.2783263941415979,0.3992609690004646,0.3932137848224872,0.2919349463265167,0.328324585501521,0.294215990334864
0.1002190345757343,0.5625613202117158,0.6019506319015386,0.3923731390684297,0.4295559855391044,0.3168234326947841,0.4322017668792192,0.3666048108747672,0.3059545058342845,0.3548825194685917,0.3130580599900054
0.0912040139299664,0.5833181086958857,0.6092735750697162,0.4130681864450198,0.3399936914009944,0.319779239241135,0.4337635006568086,0.2880041721089009,0.3172988719867428,0.3469357788726833,0.2457091876807165
0.1220018938607398,0.5814272516089525,0.5874427159982332,0.4116075757459124,0.3642191914460649,0.3116352211592623,0.4038236217937422,0.3152981689682287,0.3053122432968589,0.3491197388967563,0.2778110371242324
0.1654453767074366,0.5849134595792045,0.6374177112235719,0.3882502122699887,0.3871203494948555,0.2808218491303891,0.4049208585132708,0.3319108221110726,0.3171828414888629,0.3661123845706608,0.2363085176109671
0.113266892747959,0.6080838018025327,0.6304433466631599,0.3817200505737724,0.3827525260920295,0.2824174408885465,0.4152766447074453,0.3474666891437181,0.3895235650648811,0.3590607243279916,0.2817797823471639
0.1252496416852569,0.596789779202483,0.5921596742505786,0.3824866281144923,0.3852386650902935,0.2899335986163573,0.4084476646848451,0.3329015458644065,0.306102511612391,0.2881122437302365,0.250570769284063
0.1531560536069593,0.6116467534499159,0.5948674610828134,0.3301760948272249,0.3842577037857654,0.3059649476412517,0.4366855226478419,0.3354850491116796,0.3288808923308159,0.2829265216023685,0.2663739217190006
0.104461063406855,0.622494454197788,0.6278871189081963,0.3797219536669388,0.3871612865422701,0.3348870400219101,0.3881629098423874,0.3612260605946392,0.3459171713301346,0.2787108521551769,0.2824978777505802
0.1208950871595427,0.615315170591506,0.6029451024162015,0.4076837184060781,0.3195553344156974,0.3482960968126105,0.4199124581766449,0.388544598420811,0.3506029574328435,0.3044413098320573,0.3072185206648043
0.1362387839992409,0.4924663219737112,0.6164508887903866,0.3541788422935349,0.3855801043755213,0.3483969721945692,0.405411135374411,0.3971757566937369,0.3369558502778823,0.3225293477544424,0.2886870199621401
0.0843988658499564,0.5425393494742602,0.5495777034788998,0.3400887217055466,0.3904383701922215,0.2944126918488087,0.3884399892221251,0.4068714203128525,0.3667363927209726,0.3037204397719237,0.3077050588257041
0.1369923220851862,0.5723209260406044,0.5820632508702003,0.3444421690165714,0.3668461532915349,0.3174225923674408,0.3791299978050871,0.3875728510019843,0.3024842253128054,0.2623695500648834,0.3084511193243477
0.1488261759260912,0.5830005356332029,0.6019907219096177,0.3693489509503739,0.3950003264838551,0.3195367933882352,0.3657296687931303,0.3688763847939869,0.3089062646200429,0.3004609638882616,0.3180085471950328
0.1619462314611271,0.5939117118084494,0.6036284120151257,0.3848527474986443,0.4100408803288841,0.3288321502133219,0.376552811552292,0.3596530880826944,0.3652807416198602,0.318435771642897,0.3497042230581108
0.1385965488876203,0.5607421048966987,0.5790825857909182,0.3956950641055426,0.4075623612072283,0.2671078396280704,0.4119444204759704,0.3286521555815105,0.2784194167670915,0.3221614153514202,0.3172273229233222
0.1397079860912575,0.6047192632628106,0.5860962468073565,0.3528473660106328,0.4239764162404221,0.27514885757124,0.4569653536913516,0.3480640894436487,0.295491668855844,0.3367325954824587,0.2703897175931271
0.1420272583810635,0.6246035486926509,0.5934087880744972,0.3814562140066009,0.4190390519388193,0.3091177280254462,0.4654915616324458,0.3414952679792069,0.2634273076008976,0.3166490459209196,0.2892194188514289
0.1487685688731449,0.6111155199384538,0.5844895524835771,0.3978725002347492,0.3705783224786418,0.333924666069174,0.343442969923461,0.3351494924282081,0.3258432647301105,0.2958065483118323,0.308680361999992
0.1109664333755116,0.5852160512798276,0.5920007291296349,0.3986098114060293,0.4013992671229683,0.316023984632805,0.3495147949665449,0.3636981608269202,0.3460984684779178,0.3349388775170536,0.3141451731033113
0.1214831157467795,0.609096226780261,0.6144063124498953,0.4067000511547243,0.4463122853178388,0.2957266909453649,0.4115105130689826,0.3161254005263831,0.2984069927567848,0.2747603681322089,0.3192001317924087
0.1359272865111667,0.609076497383969,0.6091709841580794,0.4147915046207843,0.3804359212166769,0.273310841800192,0.4099562717184214,0.354261056479375,0.2951276466947466,0.308932433267734,0.2833934585647993
0.1577977370899839,0.5443996287563101,0.6151400812639565,0.3766229044190908,0.3822675081447034,0.2959496173335866,0.3285740533415395,0.3619439354431721,0.3137752609014923,0.3388550812084984,0.3038219475184856
0.0725018844378156,0.5975506075925776,0.5990140717075445,0.3731884307405785,0.4189615260699712,0.3053818706337127,0.3659865204831136,0.3601394374348087,0.3362728571929979,0.3489873347842822,0.307532309447833
0.0969624263850603,0.6213297458275229,0.5649390533027047,0.3825500052743056,0.4240603773902808,0.2632059888295174,0.3822344880045778,0.3168196838942116,0.3485090806578531,0.3182897947717007,0.2997489192639491
0.1171658546825027,0.544904858947631,0.5842489642136133,0.3978954397940902,0.3930821018611677,0.269449190253331,0.3900084410332597,0.3332370623322244,0.3082760062272869,0.3246784034190507,0.3239629926088995
0.1521904084514269,0.5475250915856673,0.5786984697549946,0.4123543658668003,0.4416450944034224,0.2757616152256191,0.4104330746192232,0.292041456353434,0.3151330143586994,0.3505369764286293,0.3326992599472846
0.0464163925963967,0.546597657740475,0.5465461869440135,0.3878576383841,0.4433762734256645,0.3015844744679861,0.3487457823747768,0.2938185222306282,0.3489706050705358,0.2854360509157641,0.3335999203677309
0.0985508514742658,0.5879146206981334,0.5637625248510001,0.4083359575657601,0.3771303383230054,0.2901652464987885,0.3821942207149722,0.3157358020839732,0.3397625668793207,0.2958041396223635,0.2771356544932012
0.1036892406559648,0.5714067793659076,0.5782255095911562,0.4427260863320064,0.4081552279692038,0.3120768447020237,0.4106100966142857,0.3515869381300542,0.3666204311461716,0.3255360642459966,0.2526922821623379
0.1405056671431526,0.5811864216186029,0.6055171427660939,0.3913597133241636,0.3769756253482816,0.3212763130935643,0.3813469343913732,0.3712125874164668,0.393745758820988,0.3402769177402963,0.2661955576203602
0.0946217248981132,0.5265015146546885,0.5621554739202641,0.4052523999963396,0.384722670134188,0.2837061479749582,0.4254244968527571,0.363483499270443,0.3758144558367331,0.3037963582392123,0.2931326559966102
0.0394820014361641,0.5883901676515879,0.5846998521213159,0.4162949063796748,0.3756873074474864,0.3187460797754282,0.4270561274730138,0.3316252752064512,0.3517289557417965,0.3463634250353985,0.3242372383663939
0.0733369010932448,0.6061483704908337,0.6061844014461717,0.41737080443811,0.4027857944742117,0.3278485557258093,0.3763895957222203,0.3278594975160064,0.3141818490704808,0.3571665538702774,0.3023340272559995
0.0534254289849449,0.6116027482522328,0.5359633446686589,0.4249738528179074,0.4055669926019543,0.3169902695874677,0.3783811100597515,0.3383914224496508,0.3688693244967333,0.3700137685438215,0.297900878141459
0.1031470553865013,0.5784665558667328,0.5546593301215538,0.3937445079120992,0.3774249345613463,0.2639580274462729,0.3979772602760262,0.3635306647918047,0.3701741146253575,0.2564302385230032,0.2984002128132296
0.1225760912967755,0.6294736756359831,0.5940169601729997,0.4016552493160042,0.4213129214821016,0.219242729860235,0.4043330206914484,0.3797265830362175,0.3879065487640242,0.2928675103692097,0.3292766648813858
0.1013187134019477,0.6028028848455956,0.5957209539431443,0.3756548250912412,0.4372172460451287,0.2716129848121698,0.4364742779645053,0.3537783166666775,0.3530425149198706,0.2831584532519918,0.3485241960671294
0.1187116494477708,0.6325087509052167,0.6036729504593351,0.3923370330621863,0.4556773010779495,0.2485026806777593,0.3482532798068843,0.3435473272058453,0.3291818035338489,0.3466282597577811,0.3505379516643667
0.1547597976249548,0.6561318512615806,0.6234401952955297,0.3453894914779276,0.3867733885640257,0.2616096663575646,0.3602381319807787,0.3407049264230856,0.3603568756059931,0.346455514619177,0.3569790737455367
0.1160999873406689,0.656267313059424,0.6157357442469618,0.4080242790300507,0.4057820232682043,0.2788113388546905,0.3856385057588682,0.3678425093269658,0.3669324159008634,0.3284621428479227,0.3410787475896447
0.1383759018973813,0.6497688887196219,0.5711731933878224,0.3712237877697073,0.3772264953176507,0.2947267430679314,0.37415229497479,0.378554740431947,0.2888184458826698,0.3403115155609614,0.334277997908704
0.0502820327969764,0.544077717779545,0.5688367226411067,0.4172516196156731,0.3850255386074709,0.3012156446881068,0.3882386656570596,0.3266240693148075,0.3398483704750788,0.3505004991780552,0.310812389945144
0.0879465983206722,0.5831891005803238,0.5536855888821496,0.4254190581619118,0.4462449002977305,0.3028468615981195,0.4236156684404417,0.3405344948226312,0.3548187976909559,0.2771869057048983,0.3155510856264997
0.0922114696075014,0.5971667855281992,0.557187103065719,0.4133059560296771,0.4626729686662529,0.273772746654612,0.3923606032669922,0.3708214719766777,0.3665203045403749,0.3299589365000742,0.327559419009402
0.0672495194356478,0.6170199612599103,0.534125473077522,0.4167838709084621,0.4783119777646616,0.2891037352791202,0.4077247064843797,0.349180124409479,0.3284895149994268,0.3333327917813228,0.3586577665958322
0.140825512612122,0.6113148438957746,0.5769715106774007,0.4236648432372725,0.4224007148696761,0.3174648989382735,0.4007804950793335,0.403853157743092,0.3417081749705009,0.3420009461089551,0.2807583070633062
0.1439988419902076,0.5771923714745633,0.5950502952292838,0.4085098711501065,0.4172318779353578,0.3305363790516503,0.4041497547645815,0.4040079294698166,0.3523971677093704,0.2961662882112639,0.3068034867123257
0.0976376443409858,0.543681711518413,0.6076644130382384,0.4124685381090175,0.3628333169414957,0.3420588848451049,0.3570220766862022,0.3694232943468808,0.3765744930385551,0.2988739030874956,0.3238137941416387
0.1215038068472746,0.5443762083279948,0.5772509567611329,0.3701249574217612,0.3449996238313202,0.3572339861886918,0.3715205410831882,0.3743167088062467,0.3333935516402054,0.3197476091270581,0.3401765941317134
0.142756897930232,0.5694098800290628,0.5873335239446102,0.3976535116209173,0.3999209785378232,0.3384204874510731,0.3987070285288515,0.3534342718218753,0.3498883751700392,0.3348679552578447,0.3635451414627513
0.0565027431277688,0.4996889389675021,0.5291420186894219,0.385840585172282,0.3808433117769871,0.3545533573176962,0.371085200621137,0.3218550688774577,0.3319204827894866,0.3590861823583781,0.342095626029451
0.1069953746270931,0.5281848616062074,0.5585719988614969,0.3653658354674467,0.4044268081208581,0.3293144197887163,0.4194947298706284,0.3769087542722912,0.2965830895145457,0.2974682014403443,0.2960899799833022
0.1319229832516295,0.551336942201333,0.6239450267586102,0.3691062668778672,0.3835395250175638,0.3342457800889676,0.4127319977555702,0.397219535132876,0.2978492885453236,0.3027576742646575,0.3006408893329908
0.1464125423196782,0.5802232958898823,0.5751271597420664,0.3895103643465133,0.3938920440065181,0.3264818841293697,0.4246799029276665,0.3569012119309891,0.3001599804386671,0.3606661428642909,0.3186896501136397
0.1506634900041227,0.5012820549480428,0.5863843172111095,0.3765864678277967,0.3969781091584153,0.3068867565850154,0.3690298219751137,0.3395911237939149,0.306475087156123,0.2909484313454307,0.3374335452394397
0.0993282621473246,0.5465992292555399,0.5883914442115974,0.3728326053748571,0.4126591452567585,0.3418508871304229,0.3866619968804951,0.3445579435365131,0.3156667810971112,0.3370229454787423,0.2990103476725215
0.1074229446556332,0.3446313555427507,0.6016274041303669,0.3911606636315453,0.4143412467573912,0.3453181617415951,0.4546601034517947,0.348475126404683,0.3046773104473212,0.3079116322026902,0.3179691693480494
0.1207556816073189,0.4594187059060973,0.5945016913646066,0.3902417055134382,0.334032415670401,0.3558641296136778,0.4228573432112762,0.3773075890964985,0.3378617234983812,0.3427371999548557,0.3323747206646713
0.1142974556571752,0.5708601845213233,0.5895616567078092,0.4041686355153885,0.3694819940546618,0.3437174961896795,0.4317716586835255,0.3367894003341804,0.3260613559069025,0.3261597078563263,0.3289974843696522
0.1188333938166229,0.593172567218551,0.5792543142850785,0.3570054958182839,0.4083319792387325,0.3612284261985701,0.3784557951272477,0.3617920908501323,0.3444373974055755,0.3374751544682282,0.3472701868143674
0.0890203225181672,0.6087754785503074,0.6186367496030749,0.3111403037266679,0.3840600382886401,0.3163090540081187,0.380416926673085,0.3568867566584958,0.32224802174468,0.3252539054905725,0.2713663746336275
0.1462138909022689,0.4740131712163555,0.6472287238063266,0.3423380334364633,0.4027782494310483,0.2669806036680985,0.3480698730812578,0.318088671227667,0.3541643485407476,0.3492467151678798,0.2953847290406252
0.1646469477510548,0.550450298294898,0.6350699725360289,0.3685140756306324,0.4076687645513929,0.2863283405452297,0.3884172546309127,0.3514590686808295,0.3168949214886536,0.349899562666188,0.3274107465442386
0.1387011328951531,0.5691051250442498,0.5520764969569982,0.3783113874846997,0.3955637727228917,0.2802169829986319,0.4288103313266174,0.363410254742558,0.3258753653431368,0.3620411945133238,0.3488151848495285
0.1047668371820845,0.5993145587835398,0.5610724749473132,0.3839918815725388,0.3544472635332088,0.3124848457237649,0.3910775645250547,0.3272150221186853,0.326781339392277,0.2950032747472188,0.3076762272054138
0.12144910141459,0.5785242636792247,0.5568156462917772,0.3794195532698018,0.3645932288162261,0.3579251748902872,0.451142854350831,0.3182515967313791,0.3094802271824524,0.3565457546233219,0.3126689801691906
0.1166884877896469,0.5965449802582543,0.5730910835655461,0.4044935014349065,0.4015316213226654,0.330575786621611,0.4799779417701826,0.3107143167869571,0.3012777583250791,0.3301042807346498,0.3314619873135382
0.1172596930891071,0.6147540116038701,0.5879081574563313,0.3742237236708161,0.3241786699160677,0.3280389959577511,0.3964137020479236,0.334502764755088,0.3086702175184145,0.3481772854407003,0.3192023350984345
0.1099077397905163,0.5506376357023554,0.5898391840703443,0.3870196134244233,0.4051102729288729,0.2871668182389455,0.3738439710959703,0.3478090501547295,0.2884317965681564,0.3164681737021784,0.312323651118463
0.0576358087919323,0.5794995229046673,0.5910002185276504,0.369261752004496,0.411698360711395,0.2470038183693793,0.3887356986763949,0.3272362689586908,0.3200082014322783,0.3406053199442235,0.3236827244928873
0.1063860404951039,0.5995259671846132,0.6138698910923812,0.3693706447071194,0.3952782410474403,0.2673366068164167,0.4046069138998863,0.2723180777651129,0.3026065157933372,0.3534759750513176,0.3327782462043036
0.1419019043506831,0.6285375849319115,0.6173803153807103,0.3969927356448385,0.4208113235478684,0.3178720920509025,0.3397083724528667,0.3287120569816196,0.3532685270193405,0.2973068639805394,0.3388054955240824
0.144082819758217,0.5580067002711063,0.5989267602161902,0.3964032457183789,0.3940298733247443,0.3360485057397472,0.3823063231482622,0.3463977154465333,0.4009312895161635,0.2752961513737702,0.3418499573035999
0.1451957862167684,0.5528304106564282,0.5823192237163943,0.4106900663924319,0.424242992296707,0.3229899787363502,0.3532541136763338,0.3284062785035422,0.3079538030299673,0.3185067203849029,0.3227961334186552
0.1222130365696647,0.5909099229805658,0.610549659842891,0.4150619684793318,0.4393659744723684,0.3068448094772474,0.4083812427030957,0.3506468261646607,0.3411681790767908,0.3583427822805018,0.2853938702720262
0.0226043252411171,0.6068131165968185,0.576119457731415,0.4224389966145826,0.4485061639174917,0.2916689333092608,0.4259128329152285,0.3666756270123195,0.298134989395783,0.3558449318947263,0.2795990920891316
0.0540706072084139,0.6052137400398665,0.6066001687943532,0.3495298788622789,0.4357706731420199,0.2835631468425963,0.3680354961167337,0.320848267856428,0.3669183763340197,0.3409661570445041,0.3063149745966077
0.1028855735027289,0.6099517210819817,0.6151474261879684,0.3675962749595876,0.4481906861545959,0.2930267514082993,0.3893538229317008,0.3639663814528517,0.3961471585112813,0.3341579666564235,0.315306677056325
0.0976786541731783,0.6181059028405049,0.5922646917881335,0.3797380301926743,0.3971421843123284,0.3035367697805473,0.4025804583755907,0.2974929823775148,0.3603079080870195,0.338736733239537,0.3610023264959077
0.1640704494648042,0.6003363128130478,0.6205312928354516,0.3830873863401738,0.4188844172837443,0.2827044206675176,0.4331333314744753,0.3314381120118309,0.3344554436907506,0.3216451998075557,0.2828698832399845
0.159042593427673,0.6088190303464919,0.5719012532729261,0.3310165597631455,0.4191830512737702,0.2829960059444893,0.4430274809278253,0.3536980474547841,0.3664932435453402,0.3107534785286574,0.2989924847734482
0.1437527858557351,0.5412209892205601,0.5892845693307515,0.3305887783189219,0.445465527222727,0.3185894656327029,0.3745713907484511,0.2708656951637139,0.2734264293844327,0.3341136525271762,0.265400736284055
0.0542260738977579,0.6029081479001275,0.5742073927432353,0.3434767390689093,0.4414411506583162,0.3304489956289569,0.3483577167050007,0.3442407669367088,0.2948493060722498,0.3349991336178455,0.3116797934491997
0.0688120437681229,0.6207637992218137,0.5509229834716941,0.3872858184760783,0.4519046565055851,0.3585349126715452,0.3630260749923597,0.3436350967596104,0.3217043901260525,0.3425724590721068,0.2995799584121956
0.0969113344737279,0.5365672764534934,0.5819106844637485,0.389845709602647,0.3555921520945319,0.2994387289691508,0.3923894608689162,0.3640006809457434,0.2860225813429686,0.3332057118497327,0.3053157169012803
0.128838440361032,0.5963679801211524,0.600343083777344,0.3984653845370431,0.398239866394609,0.3057745737422401,0.4432398901666391,0.3212736548031968,0.3324157816212613,0.2764880914158081,0.2859744411382004
0.153814345157594,0.6092808088122015,0.5878037567226096,0.426088095607082,0.4076516985958756,0.338644938213537,0.3992428658332337,0.3410102787445705,0.3369996842118458,0.2902840667082245,0.2848493322117846
0.0972298540576209,0.5545049366551823,0.5867790090606599,0.3375159525890371,0.393762137027894,0.3036460382733432,0.4027733296033197,0.3364638038467776,0.3242467714557542,0.3327972502774536,0.3400045849826213
0.1428633099712117,0.5933977049374458,0.5824489244261009,0.3657411957148387,0.3702279813869543,0.3202416618529842,0.4023854334676064,0.3687740225652892,0.3136623961825878,0.2901312037631435,0.3199456751125005
0.1600274704439692,0.6014168865775198,0.5945449439389989,0.3851326742504309,0.3738098461756485,0.3100949824910452,0.4458663087914487,0.3633753651750477,0.3133275763526354,0.3185599776051089,0.3116119193212749
0.1072672784217899,0.5738373004526446,0.5938826684456107,0.3757804119130695,0.3844316336873584,0.2980593690260916,0.4162553600151918,0.337558706319373,0.3051598705846807,0.3344157040327375,0.3170648091569558
0.1188581845053221,0.5837176437598789,0.6244697622803999,0.3845614386428319,0.426268504797797,0.2819007531068526,0.4011951889987403,0.2820163620498999,0.2659319844935216,0.3059922383169481,0.3116489191306049
0.0871626409598575,0.6003749154343323,0.6015004338077621,0.3865473412299045,0.4253865127812357,0.3097779923171662,0.3849372541465212,0.3453844092019552,0.2887756082530991,0.3136030497785125,0.2971674259513602
0.1363617892486122,0.6081864065319407,0.6146357761725627,0.3361435551596668,0.3623764198808302,0.31270693123227,0.4321474324954471,0.3657444824920788,0.3167762553283685,0.325558382162702,0.3099409992581179
0.1361482292904841,0.6388262340113409,0.5577795784783008,0.3474459077962032,0.3943196738615386,0.3414138406131646,0.4506816611502169,0.3213150578455825,0.3382027184965163,0.3365413227089342,0.3273689823673469
0.0802968473750824,0.5900934386573496,0.5908916341342829,0.3760167258726333,0.4079583449346441,0.3131349445979701,0.4130235942314021,0.3378598901865899,0.3089419668699679,0.3071272091959312,0.3492608235439002
0.1180399425161918,0.5556453097302327,0.6087386400367898,0.3890465674238936,0.4319578429543808,0.3577864576318981,0.4141664099941906,0.3061099861312872,0.3142528144149603,0.2760542567766898,0.2920844829094431
0.0200141428884503,0.5782012659460227,0.5979996439261125,0.3968544889473466,0.4049308487765169,0.3145373708965736,0.336431661779526,0.3222808456311636,0.3118393195039171,0.2916156296592747,0.3090221552689889
0.0781862703318553,0.5628598978677026,0.605127406226509,0.3549314545050957,0.3934601485710395,0.2800990175677865,0.3706884711396344,0.3412222407760358,0.3496562760921172,0.3040236425904262,0.3145190688635801
0.1064966476134376,0.5952032085995004,0.6167772211706929,0.3731450856262623,0.3911205367516042,0.282596038355096,0.3937014798083487,0.3701012418437552,0.3730835769486809,0.3313822517246201,0.3183430625022428
0.1223212239883888,0.6092121261916421,0.5624599651007464,0.371551459581734,0.3281191612968072,0.3160518524437853,0.4071390137220749,0.3740127707031176,0.2662469303175073,0.3786638463817481,0.3107791119947911
0.1161360066485431,0.5876148268241987,0.5399160374833447,0.3724487778595883,0.3624397543816177,0.2919975917174601,0.4087949479741303,0.318219108444564,0.3022418868146688,0.3906869250987707,0.3599074191169624
0.0984300681310775,0.591874386348008,0.573650929742799,0.3351471283731039,0.3825353631073474,0.3029979407825052,0.4241025727958394,0.3454406600582883,0.3188800486808656,0.3724609385709312,0.3539625077197336
0.1304980876313679,0.5433877913894296,0.6073757574452054,0.3476654637951267,0.3891681159577892,0.332767138014139,0.4410923711264706,0.357635742461196,0.3309097354868419,0.3752926735636289,0.3190892389725647
0.0831290630449446,0.5476202063866981,0.6201682470564271,0.3525993081382159,0.414612165392708,0.3121721816098445,0.4046188517206432,0.3381260223769031,0.345650229246666,0.3294389373938179,0.2903198523063157
0.1185473528775261,0.5645951343827492,0.603587026986844,0.362867979875428,0.4115500351013966,0.2714503361355626,0.4354242016912914,0.2964546295699738,0.334628049368757,0.2537955649250065,0.3164648618085643
0.1174948333353368,0.6059198071343121,0.5578690473758317,0.3812103973234992,0.3408305262187466,0.284235570777864,0.4380973388574322,0.3441934963605964,0.3547860477949953,0.3176893091755168,0.3322511480572867
0.1519022544284128,0.5852810923565999,0.5944221624194901,0.3626649756156546,0.3594925509746081,0.2953199228074551,0.4166736373112218,0.2708387654913487,0.3151825592001911,0.3204232562185344,0.3330541871058387
0.1072236666248961,0.5876250970743145,0.5803463195685319,0.3620220276633822,0.3799174794875274,0.2713928924627092,0.4500071744921102,0.3205085420548285,0.2754223333413002,0.3274058765997872,0.3397373159477778
0.1354821735018032,0.6022733657850556,0.5980389300748314,0.3529945560750111,0.3874259608075466,0.3035858574712674,0.3775979105770226,0.2968517048445384,0.320792140446396,0.3464900209815638,0.3032341328449943
0.1570117780501069,0.4622881733566552,0.6071453170858312,0.3631666194169359,0.4178619148996868,0.3284788701651465,0.403125761508976,0.3225775911171337,0.3225261047385071,0.3518361749330519,0.2423303895069278
0.1646886755435305,0.5091789086773109,0.627535404087537,0.3804819721050839,0.4235027240694169,0.2983939891469511,0.42659626492776,0.3423933258332544,0.3503134214974929,0.2964452904085782,0.2832650559768493
0.1165174194176884,0.5148786090022172,0.604007887773025,0.3443803386304798,0.395069969431665,0.317568633700221,0.4641791454459265,0.3696511296355479,0.3399290429681005,0.3067429462258874,0.2751927134232635
0.0933096068969442,0.5486693708741022,0.5437576223519728,0.3823748336940493,0.4024853603819722,0.2620219047228542,0.4414531834884367,0.3504742254070375,0.3951579848545052,0.3245875940704749,0.2940550460860106
0.0547874690269568,0.5651412617719924,0.5624608716032319,0.3830048790557086,0.4063888496716686,0.3099895544084481,0.3871831946411814,0.2880777249101045,0.3796102545949791,0.3422861605503202,0.3156665057886477
0.0311428722884788,0.569228804061703,0.5403477139646253,0.3760271647915076,0.3969285420313854,0.3202109807398945,0.4110934664440506,0.3446679239161765,0.3414644162133103,0.3412140835117266,0.3276160310959307
0.0791605511912284,0.607331474455599,0.5682166877944732,0.3832681152922466,0.4289798785899737,0.3260196008948984,0.4001855910744318,0.3093942313524767,0.3541504647904063,0.3072250201643753,0.3469282623017033
0.1045497403834276,0.644138664274982,0.5958057219053663,0.3894830576748581,0.3615532169687245,0.2835546264300677,0.4470596513602979,0.3463025781400594,0.3345758775166034,0.3426610766529683,0.3025968847381117
0.1034814594029059,0.6004121619689557,0.6185021345329846,0.4201446115375531,0.3712133661275458,0.3478348550598432,0.4345003676219442,0.3463102247994312,0.3726838265650988,0.3655226215814346,0.3505625627135058
0.0803276208521526,0.5935146572433745,0.5717786270073707,0.409251550867646,0.4012655610580761,0.3447858330571304,0.4694272635387346,0.3238725935698053,0.3772175369737228,0.3454434593634328,0.3385041933960514
0.0991893886377011,0.4786518430378603,0.5163764907699591,0.4310912193209749,0.3897858743507562,0.3455190264499403,0.4784934593647626,0.3469238385321032,0.3457844640880801,0.3222397256103206,0.3594585149842018
0.1028997639501302,0.5359925573508368,0.5346963953045134,0.369325246006713,0.4162869867673011,0.2490843763101274,0.4660744440338683,0.3800704093095564,0.3543248138337203,0.3355009182347994,0.3436112048654201
0.1334527597566291,0.5528172945432033,0.5771429870572862,0.363125181437066,0.3314344456506925,0.3048540085992476,0.466305923898544,0.3494559574395436,0.3048038612842571,0.3048190982213762,0.2335069998792822
0.134386244509723,0.5621092092328208,0.6004401523288745,0.3767010962277696,0.3897562721695495,0.2735028466722045,0.4538285355954271,0.3727940451890114,0.3388613318946191,0.3119547103470146,0.3260068746474523
0.1041510486721887,0.5719762155640566,0.5869065794648166,0.3875306063895394,0.3955901591950087,0.2491336166427612,0.4095347803861718,0.2989072798932903,0.3645436372914158,0.2761262851991134,0.2881065587380212
0.1300323773747926,0.5834303996309314,0.6092899004279029,0.3826691223715939,0.4066340823799041,0.2970440307505314,0.4314236864441513,0.3533101418269679,0.3703135280962077,0.2806929277825472,0.2972912800461937
0.1450661739596441,0.5588628352980751,0.6161066209477246,0.3480781386354223,0.4045168058200941,0.3058433601733543,0.4291239660849917,0.3494597586681032,0.3574690536576807,0.3034336332263752,0.3039881536017036
0.1518398649229842,0.5611861672527811,0.6223132995465432,0.3110010707707225,0.4155338516297521,0.2519236289859682,0.4517260276824658,0.3148640574439518,0.3722087114976136,0.3056421017962896,0.3280381938846781
0.0283939625345432,0.5639943145549173,0.4986208138486567,0.3542862624724248,0.386145534546062,0.2546565293206696,0.4542255760485346,0.3075599774820937,0.376764855429833,0.3521837932104772,0.3453734778200417
0.039011763323346,0.5645819663326632,0.541050553835988,0.3706850311084939,0.3974972779850393,0.268414981174446,0.4179695081958683,0.3282883145618923,0.375901443599732,0.3668757363872796,0.2586771018800876
0.1103924616773311,0.5754544865833078,0.5764684455166417,0.3441260555746536,0.3832327952047238,0.2960449485174,0.4358361936635756,0.3468449052318052,0.3916702793973876,0.3832765714223662,0.2776475239314154
0.0642922024788938,0.625012680317182,0.5694606044654227,0.3789335026923831,0.3860661169791977,0.3130751685982951,0.4582768518954657,0.3650224199425967,0.3805859254488736,0.3963353645468255,0.2592050210139129
0.0753371763369361,0.4713165868911645,0.5725288195226915,0.3647396393994468,0.3947781830522419,0.2684494479388944,0.4477711544369312,0.2695597380487061,0.331076147594491,0.2991267005769673,0.300218056471877
0.1125083656709476,0.4828151723780977,0.5581732344111593,0.3167368412943553,0.3964111102624886,0.3080196710186841,0.4359484947597168,0.275687039502938,0.3497328036056425,0.3282812437586644,0.3202185660360865
0.139197040740124,0.5723210664188232,0.5670946809638246,0.3572013538720926,0.4071951726545679,0.2915931381718358,0.3888072512544838,0.3439102780979067,0.3511681111757203,0.3017522695015867,0.3286891753830233
0.1102387767883988,0.5881477462775027,0.5709577614013137,0.3695917708502019,0.4170794573157319,0.3094645579604881,0.4184533241654711,0.3618131325444321,0.3628755367966742,0.2898618603103958,0.2774511532584176
0.1254923216378082,0.5932092373381606,0.596649699973334,0.3874647694403884,0.4283844283546062,0.3267558847035829,0.4221176857508667,0.3740111117942172,0.3335920057701215,0.3295874484603857,0.3103630333087943
0.1143730826752086,0.5767847189426972,0.6016269293106111,0.356350749292662,0.3452260941921958,0.3263589131258427,0.4278075182226087,0.3091573294934406,0.3011446234172025,0.3379895105362305,0.2740042763033493
0.0617520965717338,0.5785347837624456,0.5682872718498461,0.3074055357118461,0.3525068575744287,0.344680770907542,0.4431341808974979,0.3378224100903552,0.3547596478791514,0.3718509217743064,0.3084631342320407
0.0654437836129179,0.6100226140884256,0.5323608889582607,0.330652770030213,0.388629719100427,0.3153504578688804,0.4622352906873136,0.338533066608717,0.3907638091512618,0.3507533430937449,0.3295287749041067
0.0760232953441599,0.6245210958562044,0.5484175181260831,0.3779692265100564,0.4162569254505153,0.3146101885263764,0.4511674454613982,0.3954709275983366,0.3841229944317287,0.3596778410768317,0.3819087137283206
0.0876753647856843,0.5391068642221293,0.5694080568877181,0.3783321397206763,0.4163849998018684,0.3327579654857606,0.4640945459990411,0.3092304566380405,0.2945182774706443,0.2428875162409014,0.2786478170261906
0.0269001355746361,0.5859163811775132,0.5983658817207105,0.3608417854279381,0.4204485393577687,0.3422376145819796,0.473822258700737,0.3607108366923649,0.3312352061917401,0.2670727241247685,0.2851665965998475
0.059612384905449,0.587342599087622,0.6058283009045333,0.374342878713397,0.3983546963787345,0.363786217745423,0.4210678217757242,0.3368285832020082,0.3692941232213234,0.28386865080281,0.3114573917438389
0.0848597404618448,0.6027003665226658,0.5556570305050902,0.3662204008351092,0.3710413464372801,0.3755940053215016,0.4303717174669194,0.285761017145603,0.333314891140809,0.3102967079561655,0.2915940895467204
0.0747497122447659,0.5428372891999464,0.5581676764875132,0.3536033065097552,0.3711403655990618,0.3078439629284325,0.4468839637267981,0.3339959718960235,0.3313594662649379,0.3125165708715102,0.3128647272123404
0.1085067883219764,0.5932104940119707,0.5920928628717362,0.3782810419640054,0.4086785655105472,0.3045178392063762,0.4261044537712442,0.3358016054430847,0.3814784503381561,0.3208062472987821,0.3269792104601806
0.0936839997096522,0.5301250481552008,0.5887559329805009,0.3438078777616483,0.3833055844522831,0.3197156908257719,0.4173773481205732,0.3653956205773928,0.3267411789364201,0.2699988614143512,0.2948732759689706
0.0902580994000937,0.5528420714475724,0.5616868576593814,0.3489719099708447,0.4217203889914335,0.3594496215584907,0.466251193921609,0.3239289719021402,0.3413366982662438,0.2987211575392672,0.2607539365227756
0.1122755939495761,0.5899581908678353,0.589423206651343,0.3714249633416697,0.4021475620233639,0.3582841162285142,0.432529140537821,0.3394318640103178,0.3941159661973558,0.3402055699037747,0.2932873552407452
0.1197596025573185,0.5995972429967571,0.6101667080247271,0.3662024318914412,0.4142212626522766,0.3368605852801494,0.4539500174227311,0.3578854228173309,0.3692673033247174,0.3260236104431935,0.3112738297738892
0.1185234065456181,0.6196929263263822,0.5875607936231741,0.3309099818490793,0.4211217326928537,0.3497350216256883,0.4708361387653991,0.3415184282423047,0.3527264936030473,0.3604188853117244,0.3132013346539979
0.13656578061363,0.5435745693306959,0.5820308293034583,0.3648613505094846,0.4212626744476976,0.3655807946814869,0.4597613003969724,0.3488831615743296,0.3530917078633919,0.3653197584079688,0.3265571982202185
0.0550570065029797,0.5768773434869052,0.5728659192423754,0.3726096703523267,0.4448087922132792,0.3463683396929699,0.460297773669553,0.3621656991484323,0.3175001548252312,0.3296959421839583,0.2960629267567237
0.1013298652195491,0.5856707510467498,0.5779719305871933,0.3569498425018056,0.4068523020476308,0.3536024047922477,0.4556356637091713,0.3623413931755331,0.3285825126111163,0.320476135405301,0.336313637848066
0.0820249062300398,0.6016194305410312,0.5652204985808301,0.3146433772801098,0.4429948024971862,0.354694929981724,0.4063703585901848,0.3491291372328107,0.3435616973652278,0.3259994866635505,0.2802966116696483
0.0769610222549333,0.5581010634020824,0.5378327156510062,0.3291864599167191,0.365561441083134,0.2947874802111104,0.4604242291268488,0.3556198781782752,0.3398365051322284,0.3328464254921546,0.2519323867993622
0.0812245248512301,0.5182534559317232,0.5498627846762093,0.3378104825150155,0.3691584172543943,0.3044494669028378,0.4616942079183822,0.351916592713274,0.3436573840154681,0.3260208129927017,0.2662388567335205
0.0902351036449443,0.5533828724731431,0.5985925443787105,0.3255971476012687,0.4312148023707524,0.3157481361164892,0.4450169327994744,0.2942050402675411,0.362177070583212,0.3328298356969063,0.2815935339096409
0.0603851671596441,0.5680020915019215,0.6093081676022203,0.3342075194236792,0.4033912783189228,0.2554225412362137,0.4484459583470668,0.3407977110908611,0.3631230286869367,0.3354494208413529,0.2383954051578331
0.0183732075929023,0.5849547415724707,0.5745797120559158,0.3414921402148582,0.4288824489657252,0.2747003161367465,0.4055839447389867,0.3542791116678671,0.3296619877318095,0.2799426176827221,0.2283302354946179
0.0521447688519166,0.4507407724795955,0.5592820128241219,0.3646306894746274,0.3707618269475444,0.2904251241245283,0.4134039798362484,0.354670318470433,0.289653083417955,0.2955209120887405,0.2743134293668455
0.0207881766378365,0.5347443584700569,0.5610551112005626,0.3523874993860312,0.36236004740717,0.3199971396691717,0.4195651589726899,0.3407663611558716,0.3107685375969346,0.3324996585579111,0.2772183965468637
0.1051066703543568,0.5140291873011132,0.5741480317907317,0.3848923722433083,0.3834707325455436,0.2908918854046933,0.4414519732354504,0.3069543748499188,0.3312996273801799,0.3388594118081859,0.3149292327039042
0.0614235668595648,0.587860375596998,0.5748085517792607,0.3948676299154264,0.3796116541866225,0.2996768710057881,0.4651811503100063,0.3310730651645156,0.3568119247604199,0.340070726947537,0.2537367171310074
0.1198382049211469,0.4696960846820425,0.5776030004029161,0.3949527414242674,0.4020355685910524,0.2976027734439038,0.4375175978474868,0.3387750989065049,0.3503237398002032,0.2985602174391843,0.2998526365094315
0.1333258894402794,0.540817159626593,0.5739544579841421,0.4018913253264384,0.3562686900971038,0.3074673007288749,0.398000030994751,0.3274799076800764,0.3134960358959163,0.3259933149260804,0.3009250731616796
0.0932732839648329,0.5624804676979474,0.5935150742888484,0.3296122866504601,0.3738492338927183,0.3340008730520808,0.4149723160619685,0.3316142768254516,0.3620806661922902,0.3520552029061655,0.2843322249492521
0.1191837363159375,0.5702884453399213,0.6057872986684987,0.339965477078095,0.3777480674134201,0.3192271450610291,0.40896707791097,0.3350898069554163,0.362739148855593,0.3423869925199536,0.2911604603530378
0.1048285229742607,0.5840737364039079,0.588473524540615,0.3688888353355845,0.3646351971968019,0.330217066916415,0.4347419658018111,0.3243138505831192,0.2875846802590658,0.3539238709875755,0.3020598495286021
0.1253149007286682,0.6153339610996664,0.5903114430728511,0.3501857649608916,0.3965300306912478,0.3489119940283586,0.3645367698634851,0.3418387520070226,0.2966700180857625,0.1753440419735675,0.3255552197024052
0.1297883694942047,0.6312392549094139,0.5697201261186443,0.3532530154503309,0.417992942296454,0.3089147304577609,0.4070370648625516,0.2960279293671078,0.349039355111324,0.2458340457358699,0.3423313447679452
0.1567967539774014,0.5358906227884013,0.583364161570045,0.3974554647176561,0.429250707045153,0.303985474876824,0.4265227289205929,0.299819778112525,0.3626165331357652,0.3232006049156357,0.2719006155253344
0.1312667219326032,0.5939087128976657,0.6126233998954528,0.3441016111511633,0.3861621929054645,0.2814178111439603,0.4536092168706539,0.3613066328195379,0.3706144798434608,0.3437126340645952,0.2550963416050758
0.1546647820140822,0.6000966650759456,0.6189697247243949,0.3551960864576832,0.3508042083164048,0.3134443471129285,0.4293488956836951,0.301369005042382,0.3511040209256085,0.3123688175374867,0.2760934768555915
0.0763199031751059,0.5707270866134654,0.6088759888807548,0.3525220026990469,0.334921800398388,0.3280258037208157,0.4392942137570135,0.3322418956810413,0.377437169769851,0.3353753827793969,0.3120626276376556
0.0882613063975376,0.602384603577585,0.600418870557904,0.3222999871021937,0.3567179335281288,0.3039302385110831,0.4537446900181295,0.3675451103182025,0.3378419393476145,0.334322656029229,0.3223215995344063
0.1198449940352928,0.5791617879933543,0.609823664260658,0.3459071527573598,0.3756311712374527,0.337757962389945,0.4648835267543577,0.3854667630228242,0.334947834962028,0.3324965968459645,0.3352627377109535
0.1097069188134389,0.5841345940852947,0.591411637338736,0.3679647032018978,0.3866890294295787,0.2871195719100241,0.4373221357769608,0.2725257455651969,0.3514056464522737,0.3561237612275096,0.2880442983186563
0.1138900176091834,0.6047342508510152,0.6023760601916164,0.3294084453382872,0.4227851226168098,0.3274405556669099,0.4368723555138701,0.3326807816603514,0.36545956430992,0.2843780302082553,0.3017929680828878
0.1261936831295363,0.6065523516467307,0.5597752509582506,0.335402669881656,0.4023535216174844,0.2968466636054371,0.4723432602674125,0.3332484519231082,0.372569683314441,0.3094792550182967,0.2741075104161976
0.0846294138651043,0.6116219528973947,0.5896540265336315,0.3705607695909506,0.4374136413734304,0.3332254261315436,0.4759295588762813,0.3556323084491111,0.375536365923504,0.266703532740152,0.3106547746709028
0.1071337746653754,0.6313590293507885,0.6150671943007906,0.3614595510356319,0.3870640600095305,0.3206655759762505,0.469703609791292,0.3199350723233898,0.3952496195955689,0.284581417956449,0.2883459310864925
0.0669613267109481,0.5458627564908415,0.6275109577109151,0.3974840297854559,0.4525419712411009,0.3433315813384057,0.4881544553940152,0.3348222009927288,0.3401332077422935,0.3192007662245419,0.3120963775175032
0.0788754441675632,0.5838937687968766,0.6383912789047503,0.3688417550524433,0.321943114104689,0.3446574580956537,0.4589438754457222,0.3320578560538241,0.3783599655260022,0.2907963562218431,0.2998171928314256
0.0931563728971257,0.6165240829250047,0.624193057806805,0.3655296027675181,0.3872991347154045,0.3131669058721276,0.4910573324466241,0.3073756964424887,0.3412583301111117,0.3217663617490383,0.2671802852085732
0.1049310810893046,0.5926912770955364,0.5983104724798584,0.3175667871154816,0.4006273184567807,0.3365361846027712,0.472142402692355,0.3429915877161003,0.3843008052024539,0.350255892936444,0.3155631973421443
0.0835412898262264,0.5848645851453749,0.5872816313233555,0.3635988373377155,0.4009105605125185,0.3442218793636665,0.4190902808860913,0.3759999615745965,0.3944641094790482,0.356520164006524,0.3176666299345774
0.1059000947373254,0.569786143341345,0.5475249454643702,0.393242360008926,0.412511365777119,0.3329898763310039,0.4462765109343733,0.3575790096840429,0.3537011426890925,0.3629550650871003,0.3232468509989402
0.1349517066492959,0.5764557208577257,0.561667051638826,0.4027408145800236,0.4153985096319363,0.3581406716863711,0.4217247254682921,0.3505043234020772,0.3171728924217583,0.3612077527742812,0.299882768027632
0.1163397516577676,0.6088246372568981,0.5446488150454681,0.4176582444378727,0.4217130053875974,0.3190139140248036,0.3774214271403772,0.3306896516259278,0.3354202625772794,0.3680531392009939,0.3121557735359702
0.1130883759303591,0.6342076149375958,0.606734623959799,0.3631911120281679,0.401713274891533,0.3263796952016529,0.4125294489538035,0.3536895123577803,0.3433876427909682,0.3609882688812245,0.3136766013141664
-0.036034873949219,0.5884707497489524,0.5367863178227613,0.2874469334777172,0.4036005647608821,0.3404321549361436,0.4430295579006927,0.386597222298251,0.3537759664947413,0.3143668653102495,0.3368276663454452
0.0144349691707981,0.550940543905309,0.5675454446803979,0.3289438369656909,0.3373060886765633,0.3372512464286623,0.4780980191465994,0.4016437143118854,0.3773817182338815,0.2100866888603642,0.3382155448127126
0.0630077971053956,0.6179739638486523,0.5887242913490391,0.3504759333495627,0.3505922560759448,0.2897804819055155,0.4493478081089153,0.2581413912384764,0.3177480876709103,0.2410723602934588,0.3355901508168073
0.0863173297949155,0.5346963226946101,0.5588417851516202,0.369811639208553,0.412837570687237,0.305583553117257,0.4224249012757764,0.3083955170908886,0.3047641149806647,0.3160736206229331,0.298644064646011
0.1162193154804358,0.5829833542389489,0.5925477531155345,0.3969422398168879,0.4300443249131966,0.2804345441026978,0.4658656601572505,0.3395237283947555,0.3050844818023289,0.3094231259769059,0.3305886871504033
0.0545049206525598,0.5869031646600356,0.5742275307458359,0.3517052299289107,0.4305034026154099,0.3325186520674809,0.3941993158604674,0.3443324877479463,0.3434640255712578,0.3420030379757799,0.3270578254547557
0.0772040963061769,0.566995902840822,0.5320064591446761,0.3545861124512207,0.3631780129037572,0.3627793148112779,0.4118964801839467,0.3415077690805742,0.320879167872541,0.3163868851850787,0.3284014009961571
0.1031287860521052,0.589244875228257,0.5493582405796199,0.3183053358752358,0.377597490030476,0.2929021311812355,0.4537497146889301,0.3437810522043999,0.3282032657619298,0.3244693396507493,0.3242327210272286
0.0815936138018906,0.5204355680533069,0.5722982436370729,0.344009498520511,0.4030058846293429,0.3323998368434345,0.4359243697688111,0.3458806477074113,0.329654148477318,0.3546408764757562,0.3092606545334092
0.0829476314247558,0.556251814702992,0.6008325852554433,0.3595827716799291,0.3684202381460708,0.3055546517814296,0.43665583627293,0.4086367811624222,0.3507495529091358,0.345001214584877,0.3471761904689048
0.0996232741182669,0.5997728233861075,0.566302159360302,0.3806692295331425,0.3942365543871079,0.2786756300590781,0.4194233577450066,0.3753335903659434,0.3417331237571576,0.3670876060150507,0.3538843454816327
0.1446306945192618,0.64248325306026,0.5600110776244964,0.3460507238898519,0.3503308364595587,0.3371766398068453,0.4343121632179778,0.3704289289734256,0.3316861582604721,0.3540180189429061,0.3290575718282378
0.099159283499393,0.4503433700708651,0.5575895829041619,0.3576074630403121,0.3649306034552146,0.2713803315939366,0.4450865526428474,0.3746834135786888,0.3360714286914381,0.2801951823007824,0.2390563995102353
0.0942986452828161,0.4954320954165237,0.5858588505159307,0.2853511009081376,0.3940050697038773,0.2970448857427363,0.4492255035134945,0.3559176983192996,0.3518596332689528,0.2740153406010496,0.2948785821955867
0.1164418253716661,0.5693293448896868,0.5563969431644042,0.315367846740999,0.4089625794211403,0.2661964455096424,0.4877571630696422,0.3243848128429526,0.3810799550497569,0.2878303545207745,0.3240362415429412
0.1377344949891785,0.6164250058488868,0.5922819506009326,0.3468827438868298,0.4024960566763731,0.28512815624204,0.4836695223192131,0.3239586831085097,0.3761591271372519,0.331038091658319,0.3607434964932874
0.1538126179381564,0.6190078989278691,0.5802984613977308,0.3462767436388869,0.3557904018323662,0.2984928471201978,0.4658671405894285,0.3317551465329097,0.3298053346643102,0.2819103619899692,0.2761414410418069
0.1414635529834735,0.6310191070248581,0.5940633485268161,0.3538778214278636,0.3637233299176569,0.3177517700665013,0.4621760642641751,0.3623070943653166,0.320035988742487,0.3157266612882592,0.3157642185512834
0.104150480319438,0.5430721684214853,0.6035407791002514,0.3198278164098285,0.3743699349055335,0.315804869271002,0.4266716633141413,0.35368127093286,0.3511724359269861,0.3256690518779511,0.3264822714558735
0.06259382174265,0.5429421965490395,0.5630774251856965,0.3154835947498358,0.3904508427294398,0.3230374269737605,0.3775576765419188,0.3193424631848072,0.359071725767318,0.3397026418936705,0.3454518458111394
0.044265287680013,0.6102586333523561,0.5686282044058077,0.3740355183561777,0.4042802277638207,0.3319791750606424,0.4084352998002623,0.3471178255453108,0.3596422869024187,0.3040464278917562,0.2973846961008634
0.0918676231725609,0.5805679782523933,0.5892412752852502,0.3368418440690096,0.4171565790439794,0.2918914282797749,0.4224613263601745,0.3542496825165467,0.3456907493548987,0.3355639089292191,0.3111706794064669
0.0825247513710498,0.5713520368846129,0.5550862112818754,0.3540764162247389,0.4006062371058835,0.2926204516874907,0.4363921470613443,0.3487954704202064,0.347865198348916,0.3465975358321155,0.3132423045516904
0.1043129737515317,0.5699755107998185,0.5391542145471894,0.3784435442407717,0.4127184666474225,0.306373741320697,0.4080029898339253,0.3409006784942512,0.3613638889712994,0.364352577424238,0.2410335534906668
0.1223048349336488,0.5699831065176497,0.5649044555355212,0.3637049617827581,0.422196597477519,0.242688126593822,0.3755385757785979,0.3409073336303594,0.3617295380171637,0.3262943128549795,0.3132194326645398
0.1462084970792256,0.584957307830511,0.5964624679125627,0.3871130691319018,0.3957060572610483,0.2555258420843757,0.4084764638571571,0.3473880880442167,0.3636882034276172,0.3673223356169504,0.3140158240695921
0.1085284235518155,0.6128179409231371,0.6034283758582148,0.3811243919939868,0.3987064062627008,0.3018306291891206,0.3974691692746995,0.3642081283265707,0.2862449957794674,0.3121357766966834,0.3286665084531945
0.0469039724666228,0.6227861655051883,0.576626663978025,0.3314731923970862,0.3506453494339746,0.314519382803916,0.4331776114620077,0.369886084482014,0.3131314946224951,0.3401151812657773,0.3338628483619651
0.0817554310256938,0.542477000782134,0.598747718785926,0.3685640364439959,0.3591378236367291,0.3290184709817705,0.4412459036844354,0.3744253614978013,0.3436432106783748,0.3196261363993733,0.2779872365251464
0.1104089839768057,0.5809727260908829,0.6053109900626,0.3430364794723066,0.3656054146665679,0.3535503480862646,0.4122364114250319,0.3616686081402351,0.3532323490178182,0.3076665702538577,0.2805765814250621
0.1219652660470592,0.6217352967024651,0.6061724169515247,0.3505758258641048,0.4104686602956609,0.348883368070845,0.4291301364085069,0.3568299152899063,0.3250915594585395,0.2970228258341307,0.3085423080755802
0.1156870668819168,0.5186789090267955,0.6178851708990887,0.344956306458116,0.4352209072698525,0.3513592377761425,0.4198484481910092,0.3430322407567802,0.272450889238207,0.318900933007437,0.3107140548231684
0.0895055665318613,0.5145131681122507,0.5625735706962077,0.3844995008229757,0.360326140828106,0.3219359934656087,0.4062642819082925,0.3522606719452223,0.328937188135273,0.3363310669513628,0.2623972215683276
0.0703450843638881,0.5562627953544335,0.535766304771604,0.266810602530138,0.3687611129467036,0.3202680705067681,0.4514181191440775,0.3825070342891039,0.3550896041797218,0.2824118570385782,0.2806240180936709
0.0686247746980898,0.5695260025630252,0.5472769272142362,0.308412239064035,0.3697295439420148,0.302290270024636,0.4737008286772085,0.3616728630849436,0.3505940808107863,0.3098091249221496,0.3167538533903552
0.0893374946406951,0.6112730500111294,0.5799420192979866,0.3468957465175569,0.3766969764662493,0.3081854168304095,0.436479744338469,0.307503188267844,0.3462500940778474,0.2476506920882341,0.3294741254016732
0.098620631301519,0.5320187809135405,0.5678545798833592,0.3797172601278888,0.3813661368830496,0.351902983233363,0.3762545058559966,0.3093014081603482,0.2811257633436761,0.3001327420477883,0.275918712183428
0.1309572174406387,0.5468730248700097,0.5960154379574658,0.3507283284995491,0.3823915202716977,0.2864603594899054,0.4048219955735757,0.3101653942223765,0.3389842723224897,0.3249059855530206,0.3117154130119002
0.0552051920334865,0.5656219269339472,0.605421281421181,0.3526043490783286,0.3477483035963055,0.3265935777075863,0.378850722904226,0.3050734745104875,0.3677515189417239,0.3528331484178958,0.2510284448999298
0.0628348136207816,0.5669517313699497,0.5877873652744388,0.3904871777750452,0.3884167342552161,0.3285874711029442,0.3959366846908488,0.3498711899101663,0.3412188071670811,0.3367366778282115,0.3117152099949068
0.1123281860567517,0.5921479711790316,0.5692514322377232,0.3304115553251792,0.4110341099207873,0.3145873120018811,0.3829620347514739,0.3714656348213985,0.3989151249069917,0.3487379500162485,0.3362181279524376
0.1173229641898338,0.6184942902297256,0.5838277494986852,0.3560523103267962,0.4438383252404563,0.3235413511757107,0.444242493493073,0.3327613417083395,0.331239322661263,0.3069296321363425,0.2906558748522998
0.0843627754726902,0.6443182814882608,0.5522138149312164,0.3473765205551058,0.4409592192700614,0.2849594429284722,0.3963089642882348,0.2991062283987894,0.3456235061071143,0.2730324251652191,0.2961791636337704
0.1065229429645286,0.5927476311813085,0.578940260765537,0.3397894340818876,0.3466060538428196,0.2703083683606738,0.403218061666468,0.3409122477091011,0.3639306243285533,0.2983756908911199,0.3071586986806311
0.0546772418595032,0.5916879490318542,0.6023651178161922,0.3412024954657843,0.3932113037873075,0.2939043510917754,0.441260711057213,0.3480124116238748,0.3881929773807488,0.3259129243066285,0.3210997227603774
0.0941281433822917,0.5986605876509394,0.617767499630079,0.3653828734792314,0.4034810065104853,0.3043816764952288,0.4524026040328307,0.3694089231212188,0.3015190767529286,0.3077524606557341,0.2070209259760837
0.0953447232909621,0.5815465934916244,0.5574101821327988,0.3760040281484982,0.4066983998873981,0.3395541319085211,0.4532758553212034,0.3283294073389755,0.3021992914546028,0.313454186247101,0.2865722301235526
0.080365753825486,0.612210186670739,0.5851400853257047,0.3768110014582483,0.444552145078622,0.3295117883974891,0.4593104754676949,0.3397022505165982,0.3089125392559168,0.3396701933130129,0.3133595863332405
0.1212347807912959,0.5959269282242574,0.5617600623060415,0.3864725019942309,0.3916400293729823,0.3044370897138392,0.3983540123639976,0.3434744152797119,0.3440817634013843,0.2976535508422046,0.2608643583582382
0.1043545235277514,0.5593784397299111,0.5414364885998958,0.3957488586112497,0.4515649748515624,0.2611743292282806,0.4369502584265213,0.3511457998233109,0.3628263523319845,0.3295473870507577,0.2910178092146415
0.1171989741292445,0.5981795269302654,0.5712616617562711,0.39699539411403,0.442979178102948,0.2826135686450813,0.4372726103300498,0.358627715286256,0.3465063313719192,0.3312676549262605,0.3317197557616478
0.1191866295203378,0.6158144948772926,0.554259345545133,0.3461544106350889,0.4152613479526184,0.3060627818341583,0.4364453979460481,0.3564229309471388,0.3741519085872868,0.3422422248891212,0.2568630551795124
0.0502242718470372,0.6031549116550528,0.5595208636033905,0.3536884418115112,0.4302589523462755,0.3264706163049963,0.436864111983225,0.3627709830841908,0.4016593104723419,0.3674373399016122,0.2606273331335888
0.0984049696244016,0.5959234400997772,0.5844830494696025,0.3777553206081866,0.4270995436121105,0.2917426076574656,0.4375991466712671,0.3837905659403563,0.3979848570339562,0.3608913410878384,0.2927953503665008
0.103478747049967,0.5978115572927453,0.584603760616932,0.3802909444582739,0.4323911742299081,0.3282394250048775,0.4527444519657483,0.3866398228460663,0.32979230405657,0.3576783652684154,0.2846197211326212
0.1071009410367153,0.6201484766120731,0.5951946785557538,0.4002617620328654,0.3849147527420221,0.3034434556563075,0.4770988948626885,0.3789638944931069,0.3460094059887185,0.3638811322208415,0.2851236043509432
0.1228918357577902,0.6228066480372608,0.5923332940375907,0.3921819583409384,0.391110779784563,0.3468846502032546,0.4486365795529934,0.313115240414115,0.3076938540666302,0.3122170882185711,0.3004842540271966
0.1049978290732883,0.6393657866912514,0.6236833716256711,0.3639874035700872,0.400225739716091,0.3169007756313949,0.4852063815479744,0.3394306924650019,0.2905801547064043,0.3180240790532097,0.3351591627975692
0.1219684476281238,0.6179694983802837,0.6166423619699511,0.3707130487753374,0.4300190519685197,0.2381045913845582,0.484873162096183,0.339425784179016,0.3257868136259673,0.329607199615178,0.2965951806726676
0.1335389194425765,0.5006092916760864,0.530360424309763,0.3356642790276253,0.355371069956174,0.2926280301339246,0.401851706263523,0.35168235154495,0.3389797664096342,0.3373065000106111,0.2788655901810741
0.112608644677779,0.5278472916489122,0.5739800089540235,0.3499301145060778,0.3943260561977872,0.3043159972433334,0.4066645396699165,0.3650527424213153,0.3283591337796364,0.2920951568580683,0.2915429054560015
0.1252045069121373,0.5890528605999328,0.5800775782376745,0.350959572864738,0.3371004458128215,0.2980467835117119,0.4275029982080908,0.3491800287131705,0.3045384520232531,0.3260293173582694,0.3012297655905344
0.0785312393659511,0.6067899574579245,0.585644592435446,0.4003479007505647,0.3909931552180414,0.3058407506355149,0.4280817940276008,0.3026847644016733,0.3292527620697502,0.3653069706925994,0.2939309895527459
0.1242856936495322,0.6234326331313311,0.6179573693234092,0.407235666731086,0.4016904486792263,0.3077855562196073,0.4293374956345339,0.3445263084785273,0.3318561710127435,0.3666260482572818,0.2647869965028814
0.1740402588228122,0.5994509833372089,0.6315954410643703,0.3579110640012513,0.4344390246461183,0.3276533517659128,0.4351063689875004,0.3036476377559126,0.2671021436243278,0.3808374147437133,0.2733161664546584
0.0844803681639821,0.580155823987008,0.5983705878700132,0.3719856381652502,0.3840410202673833,0.3335750960313821,0.4710483533228655,0.3304127310997227,0.2877101500204183,0.3198069742072728,0.2627859594021876
0.1122667750807591,0.5739158664744022,0.5605197112151947,0.3563281761567623,0.3850258060851042,0.3338534530572684,0.4424605696125206,0.2774864348795432,0.3024729729673911,0.34547606776745,0.2839981306015146
0.1393641543326193,0.6143947037689018,0.5810594753032678,0.3842272487836593,0.3420098777123764,0.2869608457651467,0.4274232779750959,0.3294440566924335,0.3568301027364802,0.3031945643921691,0.3428117245397303
0.1291686658497907,0.6008402837581539,0.5909668581552852,0.3775108539441759,0.3452830628759958,0.3145778737333791,0.4528043060601553,0.3341084393350831,0.3638773386203137,0.3284918018219029,0.3104785438068663
0.0843516837405509,0.615386314385582,0.6127943780535352,0.339324469731838,0.3799462327198963,0.3192666106221359,0.4713790544303203,0.342343413952684,0.3318664861452806,0.34096823500543,0.3002286783835339
0.1096531764274548,0.5702168181015294,0.6125378415908632,0.3481506184546199,0.4014130007003826,0.306740831880934,0.424714626953952,0.3269289615985067,0.31674488961057,0.2993054302262523,0.3362072191026488
0.1365691953369193,0.5630470231316438,0.5461955404488442,0.386508086177834,0.402389102879882,0.3029749337673793,0.4117761484961713,0.3443532257618268,0.3476843125832519,0.3106583865487462,0.344454003095058
0.1126236821453208,0.5733717429491485,0.5731136141658937,0.3965777678942983,0.3851659456206688,0.3270461215417934,0.4251498094050334,0.3613458876828393,0.323126559977698,0.3286292179255536,0.2638125587742966
0.1151874661436762,0.5835715648454587,0.6015182980361018,0.3761566140112003,0.3944169791219848,0.3298150128267252,0.4677492989220628,0.3006838510373185,0.3186604242521221,0.3422790905509783,0.312141834607311
0.1360630234855497,0.5974010264852656,0.5715043009416627,0.3480270024734371,0.4304610010201815,0.3515607809531524,0.4244688059200147,0.3310342386158631,0.3406477358240615,0.3321581631136596,0.3019869036595918
0.1342312427064292,0.5423135952767872,0.580015340135337,0.3464633565990605,0.4305223438715044,0.3523630685507806,0.434554386692671,0.3110880449992552,0.3634083459906613,0.3046282379139064,0.2493651910258903
0.0855274571437797,0.5721560432381234,0.5590755816804702,0.3712525228734191,0.4337676810704926,0.3067827158522082,0.4652848729189178,0.3524466327044819,0.3775319816585684,0.3283436804896318,0.2936786873566643
0.1022123684687024,0.5769174032124827,0.5614056560290479,0.3566203679822793,0.3924142971161766,0.3180011049328886,0.4617450779597434,0.3924347857926625,0.3358759904401659,0.3349358871418663,0.2779639258999613
0.1294563004049194,0.593062267761509,0.5605843138499874,0.2945037124557841,0.4170551338111964,0.3442462708101972,0.4813642606061447,0.3430269250145212,0.3145111566655605,0.3414033011870554,0.2882705001009201
0.1321245986331984,0.6123915080037767,0.5793658360795548,0.3275702252732761,0.3779343817364591,0.3534983949434822,0.4369678546672945,0.3376312702785172,0.344374197738973,0.3526861079600204,0.2849044446108003
0.1660829759380794,0.6186401429822042,0.5964182388703243,0.3516903251119871,0.3916235785228842,0.3405370359534124,0.4406341282864802,0.3794995621981524,0.3516797673946303,0.3669117845703729,0.2735474752452981
0.1730674799684658,0.5161535795477187,0.5744079767873391,0.3613260845141548,0.3984437716040947,0.3377091822426323,0.4705567708235934,0.3956119406931603,0.3221431821604393,0.3182896935268144,0.2932237151560083
0.1023675911234799,0.5364722534171794,0.5998057776263849,0.375004867216424,0.3014681835849692,0.2916574154957162,0.4902478865163254,0.4022741200777099,0.3385694674860796,0.3247117665880552,0.3325399042666619
0.1152196991991739,0.5738014481433741,0.6080575757713911,0.363527993833788,0.3591457505105387,0.2969068524273475,0.4569193016284128,0.3349983086562885,0.3445115817897827,0.3457215879979015,0.2860096690090178
0.0751862998774287,0.5938720437608394,0.5656637283005972,0.3848384138595475,0.3733737717401577,0.2975977850286843,0.4651386480557207,0.3437319520085168,0.3699013694768179,0.3497933990855758,0.2923495715605387
0.1117150718466631,0.5793103413286145,0.5437792258272967,0.3747014828443129,0.4013096593154523,0.3249421036380385,0.4904990322328761,0.3600348293708248,0.333984102888076,0.2731101596629087,0.3267306068340094
0.0753174457548236,0.6047433606210804,0.539608543777368,0.3511957155867852,0.3939540519087457,0.3351771211240099,0.4221032292249295,0.3571091008227582,0.3692947075271363,0.3015930076843944,0.3597328771712086
0.0466650158722473,0.617636573659469,0.5799105325021843,0.3506353435663484,0.4228165810670081,0.2860139196162898,0.4932116578414337,0.284169831891002,0.3726311365494587,0.3201867549151063,0.309429026402451
0.075453628885731,0.5698145282198847,0.5863290237391159,0.351706048009052,0.4191079360653332,0.29508488248235,0.4592612116207337,0.3246018941499617,0.3376686262428109,0.3187466751306722,0.3017099826907936
0.1000425825639899,0.5899196032524651,0.5726905720718917,0.3347491377799192,0.4240957470468224,0.3092538308994637,0.4506541150143013,0.352770512408758,0.3160262719111508,0.3224591571705313,0.3116402655657609
0.1025856349263021,0.622209532379496,0.580850760175897,0.3830753528959875,0.3750454635090592,0.2938443021170411,0.4611675884239593,0.3773054855583549,0.3437102538808798,0.3296457345652028,0.3167996842134238
0.1488248523662708,0.6262482872726246,0.5934325201568995,0.3433235895397353,0.3818579114868442,0.3067098457554,0.5007983610130844,0.334210701277706,0.3501266947802141,0.3291274616410729,0.2794325224516721
0.1257390097758947,0.6064988555420309,0.6014310122293811,0.3590520795981642,0.3600099411026909,0.3209141760130303,0.5053352944291527,0.342048372747096,0.3234858526045761,0.2731783030382832,0.3225353269307689
0.0278069329432762,0.5998527271501392,0.5648292023590247,0.3202701822707097,0.3737942930471123,0.3330463810885925,0.4217370353626408,0.3375762340792058,0.2885583884259057,0.2396071624488569,0.3331178685801004
0.0463983305372303,0.581028733388999,0.5908055599392199,0.3516057594170619,0.3850137651457932,0.3215615605209888,0.4482915629257876,0.3477697838500013,0.3179863043494189,0.2446902512268903,0.2880201541802551
0.0764502354108075,0.5381420130455925,0.5861176795701522,0.3971839748000879,0.393650128207883,0.3392240280348077,0.4665774666284434,0.282665179422567,0.3251085415675395,0.2640736947669373,0.2905472859443045
0.0794491833928105,0.5807030974813181,0.5820834478498925,0.3538542809337305,0.3609157105726818,0.2852779420901754,0.4257666008220667,0.3494212849149293,0.3527356677971388,0.3156009470464147,0.3289470199757854
0.0811205712633254,0.6021619229891367,0.5889184537707561,0.359056712441812,0.3608109245758085,0.2340371391015212,0.438263030255877,0.3773776535976814,0.3011014171371073,0.3534772964591542,0.3047504537340406
0.0649538202153042,0.6085852891938169,0.5752302069699067,0.322671171037257,0.3809128589547929,0.2795050552772403,0.419896146484471,0.3291890669537853,0.3212254374854792,0.294667964214331,0.3092636381428623
0.0962822313395802,0.6231189859948719,0.5960869623134315,0.3178614866623315,0.3851759093274843,0.308424212939549,0.4328792794243223,0.3024435915326848,0.3065923328054705,0.3358270089063666,0.2210266034170614
0.1006300785999988,0.5129364254117142,0.6057881235514861,0.3479387213085892,0.4012813711528607,0.3225013873913203,0.4660057878426966,0.3346115069908638,0.3395525164238362,0.285757952348548,0.2392588472170136
0.0929561497067796,0.553150912455243,0.606650101327725,0.3494377588246606,0.3825874655608116,0.3340461391740903,0.4703601329908103,0.3212180393283754,0.3578684837211088,0.3098744193895761,0.3095717620637833
0.0600273522526207,0.6039922985955908,0.5772980848287281,0.3164690875229666,0.4085764742826184,0.3386856290386741,0.4744430290358484,0.3514046229909766,0.3495313626744318,0.3076293537435202,0.292502684233399
0.0466181253864252,0.5966891877184916,0.5824434830147559,0.3424090833242125,0.4213785629110376,0.3576857811658137,0.4712912174287691,0.3484780236063507,0.3402918112028599,0.3165322297301384,0.3587087463361476
0.0907165162733852,0.589476700108585,0.5833663660568196,0.3426352564623369,0.3893882852365504,0.3386416011115805,0.4752845559721205,0.3255005123549427,0.3482963219498661,0.348932505064676,0.3623972993490403
0.0954447000858577,0.5606711226552591,0.5892009980655206,0.3579844414348045,0.3970982698566768,0.3334623716440355,0.4905657299938589,0.3466067766096016,0.3075549977790665,0.3452342925938576,0.3008837434871982
0.0934775815578742,0.6001106650220386,0.6035792574148091,0.3605277439452979,0.416515756052454,0.2796703452481183,0.4965313935413672,0.3354188095181132,0.3178087428325739,0.3175605909096557,0.2475796240720895
0.0521829057307299,0.5612547385919382,0.6105080349693626,0.3926444011116695,0.3737143479658442,0.2802277811360844,0.4490938938760769,0.3019459899681013,0.2586090520202039,0.2929175059527528,0.298126808375981
0.0759202970081106,0.5633116328318881,0.5569009570227104,0.3840706896153657,0.3367589343284458,0.3127388697394032,0.4162652679822455,0.3046865172902969,0.2906611355130865,0.3104865085361789,0.306501326966301
0.0457042904254486,0.5601811675559937,0.5505481676324083,0.3579134614853132,0.3627529453948689,0.3230471521909204,0.4643622465861123,0.2651173072890439,0.3339700500319986,0.3108700760918987,0.2431781496519871
0.0624919430402104,0.6182220907277393,0.5541657484637901,0.3086113971797341,0.4105453508639346,0.2659916002716073,0.4550296607956304,0.320974958787366,0.3466721166517068,0.3234437218538606,0.2943749087248254
0.0605928313273146,0.5394614547650507,0.5691624352833882,0.3154927741540969,0.3557377712806711,0.294424981157956,0.4871294851822567,0.3572160846273131,0.3088521966373105,0.331383978484226,0.285226654391258
0.061611071238697,0.5683819378956828,0.5813559199713382,0.3263960570585402,0.3401973066134562,0.2954404004825889,0.497291958293573,0.3063032854434709,0.2738076769437401,0.2913269226732348,0.2830906323197682
0.0869466330550575,0.5800944877017966,0.5771819524801448,0.3368496690337232,0.374874352139007,0.3233517231195086,0.4463876365750252,0.3365592253771525,0.3088941112115879,0.3217353563995203,0.2871377140298482
0.0961350856439398,0.5628386927522355,0.5609709756329102,0.3549848717438476,0.3808536177922085,0.2562522209749274,0.4282658940695224,0.3357418943580338,0.3388794309819805,0.3768625696275085,0.2913791882884642
0.1321791915714731,0.5635173923365905,0.558516732915347,0.3351593406764564,0.3957264240149824,0.2927832400819648,0.4303852039341718,0.348202314967863,0.3384535156805102,0.3088612419023029,0.3224446005517044
0.127884884754364,0.5959252288035001,0.5677555704860897,0.3625834228232814,0.3708894868742786,0.313833443252547,0.3944435286372417,0.3629336282146044,0.2424643020042092,0.3910706611106972,0.2930643815309139
0.1315073039639243,0.5797594761957929,0.581700095139787,0.3794840621464991,0.3706291869137241,0.3297712423215974,0.4133966948172604,0.3281174783505478,0.2893571543265345,0.2799469406321703,0.3349598645207072
0.0753688212597539,0.5582466964263171,0.568993436958602,0.3428212525596051,0.3920668383288295,0.255135463634232,0.4399956504413346,0.3433902439278861,0.314181069347951,0.3177223543612616,0.3486692896111442
0.1065849024138899,0.5860893444465387,0.5681387205104507,0.3579274978624163,0.3876271603281051,0.2892402876649811,0.4546866642332993,0.2991493001751469,0.3409466797891703,0.3392907908112526,0.3371191658783476
0.0685738033307643,0.5440259464759927,0.5743235836228234,0.3726067050178835,0.3928038773516862,0.3248329841332595,0.4625648252192216,0.3132953453664867,0.2954721307293969,0.3295694369441508,0.2921236029230937
0.085167388646595,0.6105602482577337,0.5980244086673059,0.3717496130010478,0.4030248256654306,0.3260272729716278,0.4636697591270252,0.3381267809875716,0.3257835599327031,0.3159836023999937,0.2275213954863455
0.0342410504592654,0.6182026729673343,0.5854717334458025,0.3939524795934428,0.4136174627288925,0.3237106132974651,0.4722232377781952,0.3129625730284686,0.3501039091521384,0.3214696210848032,0.2624017724434286
0.0716014020454718,0.5533312001758398,0.6019263568700335,0.3907227236459897,0.4304559186787139,0.3135300145370519,0.4416205394177607,0.3243618974281734,0.2605948876900995,0.3050459674221096,0.2716618177147472
0.0055887419348624,0.5421357825762402,0.5817453123663698,0.3992276122028022,0.4419240230041249,0.3255867088607278,0.4383124896874313,0.3325476973514713,0.2523904018519056,0.3005701473435169,0.3085698956563995
0.0574292684404964,0.5660070627185747,0.5848956307440646,0.3316423305273505,0.3747640709042811,0.2340931350203589,0.4191617228275691,0.3182031784838223,0.2964759767700947,0.3306285120503188,0.3198737604528581
0.039898124116228,0.5838658031074092,0.5710657878242806,0.3653453295982162,0.3254098716887707,0.2734034287885594,0.4729316926397234,0.3560072027521062,0.3310465411437727,0.3439096179493272,0.325514623988612
0.0579599895488382,0.6204517641760261,0.5549861501866539,0.323564033211132,0.3651790531851555,0.2929411957637927,0.4743482623486285,0.3301706675686772,0.3386419169156567,0.3411057400310716,0.3112238579999788
0.0781867758475144,0.6268874468768876,0.5754989738409391,0.3395256409247091,0.3694987237976495,0.332442385072479,0.475706862138209,0.3654369906233382,0.2869806964075469,0.3058220756160267,0.3326431173111877
0.1116527334801402,0.6328501068565973,0.588354298508367,0.3538758441221316,0.3795971535923057,0.335208644757391,0.4846701828816409,0.3697896603760418,0.3380625711186199,0.3354990671362174,0.2928877214339216
0.0538565470384513,0.5894034698108863,0.5859360928367632,0.3296819574648704,0.4143282734369974,0.3460204565543294,0.4557591334760189,0.323782063669541,0.3196743465037608,0.3551249819956276,0.3213234931037676
0.0658350035150691,0.5571644103340416,0.6053044613977734,0.3544269982082157,0.4037150535366778,0.2477735237558696,0.4707029435535671,0.3222538115003668,0.3230573380304598,0.3171437088385063,0.3268715179410742
0.0684193084655145,0.5615764826331959,0.5501797756453884,0.3572447305033908,0.2819529458155809,0.3016346336796318,0.4829491120853575,0.354911786389266,0.3417896459253392,0.3106031997099477,0.3292547044176983
0.1197386135135655,0.5379456731703304,0.5881073419507525,0.3153601488882204,0.3160063652810992,0.2765253200314077,0.4304183749369681,0.3683800722687934,0.3287593476493785,0.3001646953215433,0.3151855673305604
0.1131012007476035,0.5509882601620277,0.5884897100772392,0.3391474879530815,0.3444812747709567,0.279839289301515,0.4222503748047047,0.3147381113743206,0.3146912749354067,0.3168483079504571,0.3161076294628406
0.0947047894132858,0.606857964327176,0.5999409230257922,0.3400793728037568,0.3476327466882294,0.274244148283062,0.4421879938830235,0.3172389708342989,0.2578124433489006,0.3400170348321246,0.3222344064939982
0.1055190159639605,0.6210950313487977,0.6014973463397688,0.3814871847043396,0.3663960668116361,0.3119570049763662,0.4713964034126235,0.3383293388536649,0.2792491256946944,0.3470551448532208,0.3294552143481165
0.1348475394905696,0.6403166951658017,0.595790478275639,0.3638144889290224,0.3675576612434893,0.331255708123282,0.4914656416667905,0.3367923381627325,0.3245775419614115,0.3250890765779863,0.318840126688915
0.1447848179005401,0.5995257128664283,0.5828172908698716,0.3033351768415196,0.3811600273239207,0.3669491716795507,0.4466170452006139,0.2384586958554458,0.2626903826764967,0.331897949340738,0.3202262193408609
0.152331273032795,0.6080775478577034,0.5876829112624669,0.3225314812881922,0.3421750106725086,0.3595339878850757,0.4523258627952546,0.3196210666481239,0.2853922979194846,0.273687671841154,0.3223084709335599
0.1217379343114442,0.6161898286822338,0.5575275287192584,0.3356875340064031,0.3704091744319999,0.3062624272091039,0.4541935946730011,0.3172384694944304,0.2917624051806076,0.3038051255438263,0.300057864275508
0.0275228754264449,0.6460197230034332,0.5882418439922672,0.3456946868410884,0.3081730822731822,0.3283505437982186,0.410875115018336,0.32020525829119,0.3078614380770709,0.3177706853784524,0.3036936697781464
0.0567801382498912,0.5922788539063046,0.5918884407509817,0.3382101900398391,0.3295343232800142,0.3380629719868142,0.4325463449277759,0.3334570772318957,0.2741706221153133,0.237302207570745,0.2724754562603262
0.0793841038079171,0.6001363193458841,0.5846288180525685,0.353915132351864,0.3665462990799805,0.2632694121815339,0.4436031585027544,0.3107666378437232,0.2958895195500057,0.2475646915293679,0.3107004445526622
0.0645268832031664,0.6124900316355757,0.6073908256501958,0.3615887726340241,0.370309753925945,0.3223362171002192,0.4755250554771591,0.3317942855474837,0.2974614506634758,0.2892586101768081,0.3222916814877212
0.1058295879620972,0.5757496423449057,0.58179293964603,0.3271941751224874,0.3656383987663519,0.3429698711620126,0.5003994553170744,0.2686308637527191,0.3112858395408849,0.2128527399294703,0.3315172416944254
0.0968736595258557,0.5711071346461086,0.6018310112814387,0.3402455027424777,0.3078117025155414,0.3502881949398654,0.5105158545368413,0.304470922185826,0.2724358985909438,0.2557276237422083,0.3455845642127118
0.0985269838818355,0.6365704437267494,0.5444470268447036,0.3241668822176347,0.3491863976258346,0.3460595585990504,0.4512412741053904,0.3051927563690634,0.3421439404371581,0.2842266874657152,0.2792842367380834
0.0599297492380206,0.6559910630583352,0.5641693739729661,0.3195960360518969,0.3396753188412414,0.3562761997442936,0.4655974972799806,0.2966452781149463,0.2752117052830097,0.2886941260255208,0.3319019018573216
0.073169243304661,0.4019423686600126,0.3974292552226593,0.2428642823485855,0.287002756582398,0.35883374248664,0.5101549077397081,0.3283791574854532,0.3303871926606853,0.3040408721166646,0.3275337049111148
0.1151638165685466,0.4874977230811399,0.4989360508282213,0.225201697571664,0.2987360802780744,0.2344235110744833,0.3866905024135399,0.3651870067518078,0.3125827159970186,0.3087089069152615,0.3234226813565523
0.1088575989525844,0.2441351711895944,0.319871047705445,0.1690060546696149,0.2455883397935991,0.2283652901799172,0.4350592734586852,0.3797199057415527,0.2619881409184745,0.2871976415278894,0.3463360188383924
0.1088951529500252,0.2386086092932648,0.3348884617508623,0.1591186516047588,0.2536915794316328,0.240640878969393,0.4384823890536908,0.3329633872457808,0.3244478326423258,0.3306347599016698,0.3521881286581344
0.0930311140242479,0.2284755308237636,0.2938936458733271,0.1560072384460587,0.2485435735221264,0.3009536962061491,0.4012909013853168,0.3143401332668135,0.3389382847069807,0.330565994320002,0.2438924748789918
0.1048188040313227,0.2400716313814538,0.284342317154257,0.1735401560786028,0.270676702109238,0.1803947412284171,0.3787916243489171,0.3372792338310969,0.3071553843812395,0.2785193149911866,0.2923514610930582
0.0844814113636933,0.2396110195588366,0.2677796546166789,0.1786881350118005,0.3113047609029367,0.2144997744351254,0.3941773664463107,0.355681150115556,0.3696134188600285,0.3319733397118402,0.2456066077675606
0.0732652677613136,0.2428748970989554,0.2813665334048958,0.1523485736465208,0.2979603676180039,0.1884933111561703,0.4065006000543537,0.2858926338686626,0.3965776222621464,0.3604183738719108,0.2288978598289793
0.0796542403164707,0.2128836532904894,0.2411715773275705,0.1620951836586852,0.3173012541732942,0.1637019256583946,0.4207263431467332,0.3416239077754601,0.3669921749193303,0.3956021544970063,0.2497920496471388
0.0803658699113709,0.2562372396629029,0.2830789470515374,0.1672566025723123,0.2872677863675573,0.2618322910390391,0.4115328189761561,0.3958841442611979,0.410584526477619,0.3741829386174251,0.2686066149077554
0.0819266014291883,0.2219223729149008,0.2989998946396953,0.1238566033547729,0.2725646185673654,0.2027251671991611,0.4225039093207277,0.3611514174101916,0.4118719273666976,0.3840867278140011,0.2747018716960142
0.0845062608980144,0.2207573368058049,0.2953572108354858,0.1455830663465697,0.2442026121816415,0.1989252409424045,0.3956482039393615,0.3823865694290619,0.3787942343376453,0.3641489486004701,0.3060592847467447
0.0832898632628164,0.1974786797532475,0.2668182862850449,0.1348735155034856,0.2619470997417152,0.1275220424893474,0.4458034598142818,0.4014227323450419,0.3055180586241013,0.2844567468969426,0.3059360632290784
0.0813267070662384,0.2001976937456345,0.2684440452088915,0.1686436522856957,0.2695954786395601,0.1502703305726359,0.3309293744144658,0.299124284942138,0.3179885694159549,0.2932015545657729,0.3248902518355842
0.0813525565071115,0.2183088966750769,0.2616001516164977,0.1838964491454375,0.2449624994243515,0.1536975683348492,0.3691690972517745,0.3197760853254222,0.2896608153719653,0.3188559857649771,0.1727562923877994
0.0838494049441656,0.2369287038189419,0.2703516196485592,0.1930871452252683,0.2643817913898356,0.1940306001135328,0.3818487793792725,0.3644359451251692,0.3278111837462105,0.2722475604130482,0.2310454409295808
0.0816877950206681,0.2464854360946435,0.2548436461409326,0.1506752529002099,0.2671281040356,0.2321755769849844,0.4145633178336821,0.3656711538004158,0.3121663361254074,0.3066978516056137,0.2727844904773356
0.0635820343529311,0.2431072385356552,0.2602283970801791,0.1483691412730894,0.2844387590182121,0.2129583743122155,0.4382705947596162,0.3975284973991562,0.3191217373245682,0.3379027794622178,0.2943934112265337
0.07019951731372,0.2350042528174989,0.2707389858216901,0.1857044269136805,0.2902799662461598,0.2529282282247042,0.442110326254843,0.3797904298403454,0.3252946390160703,0.3480941838450083,0.3101778964328958
0.0598671553165668,0.1823137356612627,0.2937657557302424,0.1923964394440645,0.2681145961551526,0.2553318056857991,0.5057187718491094,0.3685620883202563,0.3579178498229558,0.2955771138370895,0.2574689994096908
0.0478358917219606,0.1830458310770348,0.317808342482116,0.1636619731331034,0.298286567139426,0.2391863196759438,0.4505538302138062,0.3744167221086127,0.3247365255792322,0.3326038740914788,0.2325135685155858
0.0200293218631825,0.1838060564047643,0.3086611443538029,0.1173501052975103,0.3018085323811066,0.2108558771719204,0.462626108401311,0.4031675123817019,0.3636908287490014,0.2815935458457212,0.23922295597918
0.0052911459811478,0.195601147190329,0.3306175535968968,0.1514760281751934,0.3104172412958773,0.2237899138000264,0.4791103679635123,0.3912230657839599,0.3908977592917547,0.3191824483277663,0.2422632760099634
0.0207703123735964,0.179512372677275,0.2917981692720431,0.1557310570179939,0.2637461963878963,0.1805557930343678,0.4674415028371214,0.3536000869661927,0.3265216771417646,0.2150429022970395,0.2566118797859774
0.0414507700246476,0.1562603122239104,0.3164827057008889,0.1812523801003923,0.3164437553854087,0.2353821236374817,0.4767799635606504,0.3259527483583702,0.3851816760728329,0.3223366783967101,0.2916266419975838
-0.0005304055858416,0.164415347376392,0.3288263244617883,0.2084313026507895,0.3322301820672155,0.2218563945056899,0.4934125930573366,0.3399836291185982,0.4167744071992578,0.3639449513239164,0.317936489380491
0.0269929458722883,0.1337682206319464,0.3384266609957591,0.2376199140136808,0.3594482207249999,0.2373569917431914,0.4493441867292551,0.3404782795264172,0.4346349443088823,0.4374565683792709,0.325635217286796
-0.0100949490664725,0.1517287670961674,0.3544946010753025,0.2075792490358671,0.3683641321160099,0.283044564997741,0.4586407171678948,0.3587145599728958,0.4385547137491181,0.4444095440696595,0.3661630091764711
0.0415378437200239,0.1633980388185929,0.3597729790559408,0.2097410644953485,0.3324695828784925,0.2636546774757774,0.4653569991088088,0.3848878308170269,0.2631468011895628,0.3789127542350888,0.2933701429215111
0.0431902619933903,0.1657289539561758,0.3515372767191391,0.2193319358875366,0.3487398369074772,0.1756985313445904,0.4817629161581175,0.388067776042505,0.316042756219187,0.3854037733429774,0.3252425063401811
0.045967579251068,0.1659936763368856,0.3600163304979439,0.2328283844926377,0.3614178744705135,0.2018069072050787,0.4826395730126602,0.3876148984059701,0.4048891227758959,0.3857479406964339,0.3974065583999936
0.0461773701456389,0.1848841796648064,0.3431301637242408,0.2606301181250622,0.2728891661568635,0.2389704559279854,0.4432489735293129,0.3578325221914215,0.343765991094945,0.3290945042421305,0.2841654017648117
0.0678953621820492,0.1940297006920905,0.3758434692561892,0.2426123499512816,0.3253161742857118,0.2153924768935784,0.4531628332761325,0.3711490209692605,0.3152971658292183,0.309488512856477,0.3113972726777481
0.0758706472906395,0.2142531915830067,0.3796304308156949,0.2434154623244362,0.359317739672827,0.255236015920512,0.4443781842483857,0.3764594893358364,0.3286138586058009,0.3125313904393159,0.3464246692526719
0.0715672196243221,0.2235164317941194,0.3918459928136857,0.1890067139818123,0.3607717252865954,0.2606237695311472,0.4539326648289251,0.3403546448406947,0.3534382866055835,0.2946680479724143,0.3189049317223119
0.0853677401056827,0.2047198504354301,0.3253473770195845,0.209853390464587,0.3607991614916366,0.2369867797870193,0.4553108401125315,0.3096411608531816,0.3645337818191866,0.2613351108112323,0.2585139267586542
0.059510290310261,0.207825027752953,0.3030462227725806,0.1879059429710524,0.3556964787150105,0.2537546164669259,0.4864610948193862,0.3497698176024786,0.3561168018462801,0.2920127449346056,0.2937684561070206
0.0494621271950482,0.2132170054125271,0.308996073075283,0.2432126444407834,0.2749389281237713,0.2726437833288055,0.5204378639544696,0.3578122999401391,0.3290008595919065,0.3081371275232417,0.3048186826775308
0.0795910464332638,0.1719066769102897,0.3420357683592684,0.2791520495002033,0.3048531239141935,0.316693374367505,0.4733428005216675,0.3829215130982715,0.3211254585228107,0.3104333639150265,0.2843069650302021
