0,1,2,3,4,5,6,7,8,9,10
1.0,1.0,1.0,1.0,1.0,1.0,1.0,1.0,1.0,1.0,1.0
0.28592713092056093,0.0863712385956853,0.24539809901354284,0.2272531486702437,0.4111943563251742,-0.032511667647483644,0.09165301059870055,0.1643277867948272,0.05599546881236211,0.1834004886612967,0.20785696334491074
0.2762561033205889,0.23857011997278674,0.1546302453901165,0.15246250667523845,0.37057405586670267,0.12103844257709535,0.15572448149306972,0.23034979728728414,0.11353526005166989,0.11267672895973437,0.13633004976770027
0.16311347878059895,0.15302851309209334,0.262823937359959,0.250722375513291,0.27991792887985106,0.012685416039079732,0.18823393218868062,0.15481060499504554,0.08283203933041532,0.10723119506595194,0.15373424967553512
0.14006520509019063,0.26179564251071935,0.30993288488683113,0.1368140437447833,0.34903530535356564,0.11142376277545563,0.1261712590917325,0.1378047773571128,0.11671368553859453,0.051636395621318595,0.07002939977161382
0.17391864459925274,0.16257662121349734,0.2603274555505312,0.1344753908667305,0.347316929148744,-0.01645692400012636,0.2602748393825746,0.20130599360980891,-0.02875932768790489,-0.01325209710890706,0.14323632604389025
0.18046745441937595,0.14166762728942395,0.23600884948047726,0.12784188237500457,0.22858215709681914,0.004869313383367901,0.13634465727677328,0.20059905770295267,0.0845907904867424,0.15916582605477708,0.11261837281389186
0.20191403395573485,0.14620551053984512,0.21997215458417477,0.096919426638146,0.2835225715928727,0.06363016780993944,0.14535100711372181,0.1465635938649474,0.10825286040363562,0.08471393912663105,0.11971843638157356
0.18882066372911563,0.17443151725997674,0.21416342510623917,0.20834750341198244,0.34499530421950725,0.04075477587828053,0.10168952847917612,0.02622147369342311,0.13286029663831334,0.07788500423738613,0.20688662664582425
0.16886138372417597,0.4521868855184543,0.4230368385370814,0.19054020149127165,0.27306318979675287,0.09563427688380619,0.17897217719878217,0.14555366123952504,0.10508987024373184,0.012863242928039177,0.05089840105230527
0.14636675117643647,0.16876418561359224,0.21456017600504879,0.2262874643150056,0.1654862447902751,0.030237579018173685,0.13546451617444888,0.1425000368595628,-0.029946888595216613,0.04530718146239585,0.0946632649021457
0.272556284244909,0.17387578680450594,0.2782727779143451,0.07999249770554671,0.22740458362694219,0.08019182824709607,0.12552071923854682,0.03744023916369355,0.04657830182788391,0.13366835981479575,0.1957895564030071
0.2528365685354261,0.20226119769238707,0.29142936896963256,0.06103732868946849,0.1522590495688832,-0.07469823039005896,0.1526603062840409,0.09531196178398567,0.1060840863274619,0.09218175785606868,0.14241557278194011
0.2735759439535587,0.34847826645856866,0.3582878981747716,0.0848251886287616,0.21617332710435624,-0.0641384153924311,0.15458018481398406,0.0341640727473201,0.07779394130615437,0.04935233288318744,0.09551568891314088
0.22540589296144423,0.3891828282536258,0.3358920010318727,0.11096575453193862,0.15238517146277664,-0.00032993307251017595,0.0976994195012914,0.0904411805642758,0.13757519593587308,0.07992271290056704,0.13430101057445681
0.20266493895367044,0.4238373263158054,0.2746911699300396,0.12181329144954775,0.19144833382005544,0.01873301739579899,0.1075996687278957,0.14025000740007681,0.11665531107944486,0.05430468564822405,0.1539982171788954
0.2046608127459853,0.4409792816242611,0.3380316516091343,0.1385912571285032,0.1552491100553175,0.04765248883120825,0.10785556622261752,0.19828689990596052,0.01945747035585292,0.09352712837947555,0.14210934850164866
0.09325026112678597,0.139525736392547,0.27379481057107186,0.029360265683213004,0.1156650712325526,0.04425606642618211,0.13320366351594898,0.1060126443383182,0.030766523254658132,0.12145794232150899,0.14551313797623336
0.16844370931462488,0.33366117617030844,0.2942310683010013,0.0859925546347868,0.18034692940363786,0.06911466213436274,0.14826504265262458,0.11964247531065957,0.018372985615528272,-0.022527234687983073,0.1409957038308552
0.18816123174245064,0.4280027914639536,0.33778363057092775,0.14092678545430126,0.14902158539416682,0.036591596429471865,0.08096460009049279,0.14467671544798225,-0.002641156135198852,0.08789336600174928,0.14594801313857197
0.1503356404641495,0.4300411167637178,0.3310555648417,0.18235738580323968,0.06225774571950223,-0.035960754290928175,0.08958429540915265,0.12064430786133747,0.054176639974983856,-0.018011427143040964,0.1359717645391334
0.15934566854344573,0.28158194642815737,0.3433025880241322,0.14660605046599573,0.11469880872959377,-0.00533221047177302,0.10661265323615537,0.11373233034116571,0.06557324558499406,0.0065261656295718656,0.1538370809520891
0.19382270588522288,0.10314786116681669,0.2681976210330201,0.07994901534820084,0.15022212611679833,-0.02590526838328529,0.07242586560400936,0.13988030371273003,0.048914948899280955,0.08667183557617096,0.19229591857460898
0.20715720560224501,0.2627639420702889,0.27623167957561734,0.11123210364118845,0.09452135548306909,-0.0008321774314813974,0.1414708010390612,0.13487397684418811,0.015421449096549831,0.11848550783616096,0.14374638173910545
0.21700635265720508,0.3732853692850107,0.2892587364033508,0.13666537354579217,0.1538914755294351,0.04028877580557896,0.07546840727323714,0.14403301982364525,0.025601278912888117,0.00905377535994818,0.13268778372877957
0.1718222156190417,0.42356634177926844,0.31732630047775157,0.14880556418942315,0.18195407858139667,0.058524298116151674,0.05485044645115008,0.14734049933048426,0.0577446085594462,0.09458276133968974,0.14286630406164402
0.16334304250278137,0.45110162093314216,0.3619958674854692,0.16405398019176903,0.2349750717622609,0.08100529544217171,0.09809155527501483,0.11007014660348464,0.10428769534642451,0.03785916635484744,0.15964819651030315
0.10501424814622372,0.44773778012680654,0.3490947320971189,0.172808342663371,0.1647170226641588,0.11070280576443747,-0.0179564017967602,0.15606836816427208,0.13259514402763561,0.11087629538678814,0.15824481286144182
0.17366921142182096,0.4510024533141205,0.3664473391931119,0.1728139944413015,0.14002698543715356,0.09276240497134942,0.025412079854592345,0.16345598601379685,0.07377495045950191,-0.013787895081212214,0.14818168090165748
0.1763610262649272,0.4485157367284885,0.4044763759366824,0.16370515967124824,0.20252270884861973,0.017334279710265615,0.040160079384411976,0.006134496743392807,0.017283497796862096,0.05269285692174463,0.15186577525240885
0.1451139616326331,0.47776295102914756,0.2903654398484766,0.07028445873180192,0.21929285759529288,0.06473067170580218,0.09512230879939393,0.025785179792929398,0.04375550814833185,0.045361528230734104,0.15860077524790642
0.11798104395566979,0.3032538790764881,0.34712113776046033,0.12067566399907442,0.2673800540126773,0.06453373898483841,0.10006986106108551,0.05975816745268039,0.06928068006524826,0.08284492992949118,0.20193366999749188
0.1640720109378584,0.3107268458243902,0.35006234638521017,0.1359697596504922,0.27526809573537925,-0.0013946337881306132,0.06734810834961277,0.12071511443228396,0.06548834151083369,0.11981929030234995,0.2036500865915335
0.05908423305352156,0.38935032361398747,0.2870570410677976,0.15312368796279158,0.32761669492831247,0.05501801024003822,0.07913606980255572,0.13555689131735355,0.09360430051805346,0.14771416748583166,0.16243012550487806
0.10573544586643041,0.4095716646796085,0.30691354444768076,0.07107287491243064,0.14857164064787778,0.04203623872569535,0.08881281131615905,0.17326933941941652,0.1274178371819632,0.06967820280756752,0.18295863511025617
0.1303329937279582,0.18847841686300773,0.3129105742778213,0.18534589505539623,0.22747358201663764,0.014082557892587663,0.11833047906265232,0.16701069658320195,0.06767678650989797,0.10222750660308888,0.18066830835125944
0.16328683718813192,0.26662565201249855,0.2884965660747546,0.16373038748366636,0.24845046856576258,0.025856200660428458,0.0878428632160823,0.1659663331920942,0.10056196202875042,0.12286180949963359,0.15220685987788365
0.19494207428761967,0.38266462722557726,0.3652055280927963,0.15139014289296807,0.2512143206707903,0.08137605848044697,0.08684382076296719,0.05560504532250726,0.14769334984518231,0.1180513247401586,0.12403656558013856
0.20715567855429906,0.4027972641368647,0.3725418040185372,0.18408424697896397,0.2712611767442952,0.03519921366496719,0.06802158027472958,0.14383356768933292,0.07335821295789545,0.07005847732355451,0.07592958736436556
0.14058525268511776,0.3410325715667703,0.10159932543698087,0.04613223561260128,0.050582192756062704,0.043977724575263694,0.0997622802984672,0.10527603590874365,0.054460990159316464,0.09451384803332222,0.10957391704954463
0.13001765562417522,0.19331948194785206,0.1847068953136388,0.074718060788022,0.05079309263894197,0.08884762636056129,0.010449103491562604,0.06798804392600866,-0.013419309716300919,0.11271994303011725,0.11248775727026465
0.17163869759416123,0.25736309560706644,0.2711863512985893,0.11452907121313635,0.18480298767386616,0.11227170960598619,0.06508062917763999,0.07633806437271234,0.05786419476243296,0.024942579370494447,0.15593631780724437
0.1908420024158745,0.38325477911804406,0.32251177001666265,0.18184222140149092,0.26880329453431917,0.03530527867450072,0.08538982361848874,0.11242193055605053,0.07397783200791917,0.04149231710877528,0.11116034045392714
0.20725402950341362,0.455846029948934,0.3530674416469757,0.22656659139635849,0.2739474763105093,0.05838237233765407,0.0983483563373583,0.1418717675928335,0.0076174025339049945,0.07316941702647327,0.19571384009914186
0.2523899615650794,0.4593129425340108,0.3338936860398006,0.18297215946178663,0.2931720297411237,0.022778782836430568,0.0035541172425768105,0.10385660377742197,0.04692835615526398,0.023214712376013268,0.08100360955822
0.1486972055693217,0.41145344656221505,0.366950091136681,0.18254844849192522,0.30054060107294484,0.05123857683377647,-0.000574489908482185,0.13013187645653357,-0.07722238493137885,0.04299738007346769,0.12569785075051298
0.1575296912927543,0.44530222870820935,0.34439762316947203,0.1581392117641892,0.249634879772797,0.07665135651649957,0.029702127854131375,0.15180101477357222,-0.01411707690112337,0.07626609451262763,0.12324071810233148
0.1825740800787442,0.4939669447068392,0.27851123493251667,0.13193454428518278,0.3065640695411136,0.06162236814713703,0.09595469080237455,0.15760590242248,0.05146340065054722,0.09777587288704818,0.05276205534696095
0.17783957028999925,0.4090491501856595,0.2777123454557125,0.1380217136282512,0.27694703472081955,0.02465908006901526,0.009323583479741854,0.1639843234861591,0.06224715900140762,0.10225422015689775,0.08955101060378176
0.12593116318691175,0.35751099134819647,0.3228612530153602,0.16066557059677772,0.27398307670310584,0.010829418521129784,0.06463374847527825,0.018709796752696323,-0.01559652686209371,0.10375482363459043,0.13247595525569514
0.11314750385805543,0.40531159125874205,0.30022857969274896,0.16601698619936894,0.24847796072750278,0.07199145273927123,0.07546866511144532,0.056625425274170894,0.0014059678667095498,0.009446439217356897,0.1628438570892825
0.1559493002039146,0.1942385346672046,0.3229680426593135,0.12224442902675402,0.14462346760916472,0.05273377093749966,0.08198796611396547,0.08867790895421286,0.06269983982375665,0.05087522758913915,0.11103555681665218
0.21414775999761676,0.3255147801981133,0.3248109881360825,0.1440084492010337,0.22885947395629516,0.07933845763469488,0.1069880952629411,0.1030965141391102,0.03573586333031208,0.043690180304244944,0.07633249549685997
0.18092936993853084,0.40900746440570573,0.3357612147188024,0.0752133112803493,0.28328644586906393,0.03155945383391476,0.13036795317739272,0.06578424237289814,0.06251584771686011,0.08457010180847818,0.11907517250183497
0.1884420125596249,0.3410523898476014,0.3517200298300964,0.13848913397403395,0.27452503380459303,0.08314831507884266,0.13572647947777386,0.10750708879982332,0.07821852878767874,0.08351876928331745,0.12644343351483622
0.15303311103205033,0.37669859929974403,0.36624093627287835,0.14703277392405012,0.21344779945126893,0.09593121879283398,0.07787499791119495,0.12858428884571155,0.07842321465113504,0.08473076386292007,0.13521278470799492
0.19761679012967542,0.4000499396904626,0.3510714243456493,0.1504003697801818,0.2793820809306766,0.077075317773889,0.06509468045140324,0.14616305516907763,0.08418538524994981,0.09305073289742695,0.1347542553645403
0.18185535615422918,0.4304283129256689,0.3339676350941329,0.2051450177390485,0.2803790653120386,0.11291429847854195,0.12468763790366831,0.148988497383657,0.04817421411191107,0.04699554958244747,0.15201548464273948
0.19584285303228122,0.49680004724709015,0.35865524569692525,0.21828563243955035,0.3113072721124773,0.0829068553789144,0.12579044241672796,0.1620002124889588,0.022785960331242108,0.0597070602540339,0.06482113814249958
0.09497109937046479,0.292994280069908,0.3004372106935927,0.09673420411757629,0.245225467302879,0.04865124992421641,0.04455511381121815,0.18671532668449992,0.050112688427721694,0.05444611786045338,0.13757814002642987
0.1658025637565195,0.329177315315886,0.3598664643613434,0.1445908841293621,0.17293626228621872,-0.02823314821321321,0.10740456408761147,0.20594449318569275,-0.044575730093743146,0.08362629887943512,0.19096440520752644
0.1854549786639748,0.3693122233558509,0.3109845885905523,0.1798124734984407,0.22358230924378739,0.0662294870414092,0.1116005551010869,0.15709563183917566,-0.0005480320429926272,0.05438486437851404,0.028333875026597375
0.16516249840024003,0.41790810967258174,0.35550349773594325,0.19314738693647235,0.2763243334284886,0.06946038564938642,-0.02425643577281376,0.04709940904211261,0.004632920215226368,0.06675607854391169,0.08303520691800628
0.14223094211998424,0.1575044266042728,0.21431478818613714,0.1797955478644424,0.1391361738334649,0.07620652722941515,0.036293000226704786,0.10227047309234862,0.025581764418871167,-0.023444466071403366,0.11694193808142052
0.19467789576946554,0.30432557508170816,0.2968891603875057,0.18310087642571266,0.17406102540044588,0.06915422517884554,0.09611310966481097,0.1132168016012998,-0.02567821303117324,0.024194424541845373,0.10369115702247549
0.10583409070325192,0.3684394897948704,0.32180854117847896,0.18681012249166556,0.2655362960665377,0.04326310433476484,0.12095610261435094,0.16609589069291336,0.014254780223398275,0.03492650273225566,0.119899584674873
0.16623175294816595,0.40002241762566637,0.3322899319222988,0.20511674415533876,0.27108537284370193,0.06970490838738677,0.08973845214871529,0.16383118957229864,0.03800709038646154,0.047538320213481325,0.0876305794627082
0.14201637577247364,0.43730684238762263,0.31282157354837464,0.1589853661023757,0.3063710209203482,0.03167679192115674,0.1185759296503495,0.12407297722817955,0.024495420220080756,0.02957875412000836,0.07358026933283944
0.1696793024422733,0.3792567863315662,0.3239956415567741,0.15170469294107886,0.27082760002853085,0.005139136845290447,0.12824579219110138,0.16597187904953098,-0.01585127332687319,-0.006291917507225871,0.04113128112865838
0.08837629118472538,0.4262606124729261,0.28966904318495945,0.16617095935622495,0.2098178512687784,0.04117346967868341,0.06268013700037348,0.07295657368553825,0.058486652148920404,0.003950215447562881,0.1108717370643655
0.13944490266134957,0.38992269549989583,0.36713780020161046,0.15939168807696708,0.22337495926799594,-0.037065066966488217,0.05211231271805375,0.13566904482030942,0.010315577229357468,-0.011431140010165073,0.13183820438872468
0.140131590435569,0.41076790312992123,0.36584172678690385,0.15092670690362034,0.29575381517269006,-0.032514203186448376,0.05592911238294834,0.1467814942396408,0.04529161107293909,-0.010255473478054514,0.1471475744662387
0.17095772653745217,0.4624991243211618,0.2946062719810872,0.17047498285007967,0.3103492500704149,-0.020958389448367393,0.01967119402379619,0.1181042830295818,0.06148547682407496,0.05920632822620097,0.10337447856558019
0.15701448237148036,0.3183242807185898,0.2774858193093519,0.09357165135469901,0.28518509054756774,0.02532013078010998,0.04863294612657404,0.13314345055190738,-0.012065746285199784,0.0431006697684734,0.10155316224185464
0.1466272030762736,0.4014307191478764,0.28428854081176114,0.07827416655119962,0.29802185501709455,0.04370364949454796,0.0044918390490289485,0.08365670661516936,-0.010099831514908581,0.08678249726659065,0.10067862203455093
0.122292735258415,0.393182157154036,0.2317439088326033,0.165438093274953,0.20779819089187343,0.0662673729312375,0.051786808952241206,0.11707003960234005,0.030487093720184627,0.06382606806845613,0.016207590548267356
0.17585954890961628,0.4247030987270535,0.269186519721376,0.16544156626072676,0.2481887630591348,0.08598824846185821,0.004382741343133199,0.12209108546590526,0.10305783710272699,-0.005293349691067625,0.04537578804829242
0.1053191533186596,0.3965275943017925,0.3178821218667652,0.10758351562336221,0.26357176269343796,0.03898716462894043,0.08282235290523508,0.06313207361120683,0.009196842686173119,-0.0007653298317931388,0.06625981471038932
0.24614188129848494,0.4241896384086461,0.3568426641301279,0.16976243235707572,0.29341205871490506,0.07073280052165373,0.03540210753906159,0.11477295726204564,0.02756676576336551,0.04112460148041156,0.09426266931181701
0.18535315563970578,0.41577625626350195,0.3395108011177432,0.15415968354318604,0.2961393249418015,-0.016916290552438124,0.07885385775786827,0.13660838227618782,0.0564176020152837,0.03709002726368664,0.11331955651364846
0.05114150870752356,0.4339727933042442,0.29801832728194083,0.18547886434007438,0.3034845739423476,0.06951102073204103,0.08107717511724474,0.11712536385348689,0.05750714569280636,0.04298638708604557,0.1203068695780902
0.1773954179623012,0.4603301305340687,0.32766443293286873,0.12550326189069766,0.29045672455254556,0.08682309078074447,0.04619139331580676,0.10507385397255205,0.0874390591919178,0.06708952191688702,0.1357012556216598
0.2146115147151249,0.47314863854908074,0.36471258727631234,0.16627645990310613,0.2549774431000367,0.09749619398489075,0.031021919631966807,0.08970310370261755,0.08754706330674715,0.09550648005481982,0.15760220208502423
0.22988778808606816,0.40387290854295255,0.2825273899115964,0.17628673214561405,0.274866571388419,0.019581070038774257,0.04015002693283781,0.08650362316426194,0.08556883483554908,0.10150030689273229,0.10894600265116859
0.16115148016468586,0.4204088145772539,0.32840638750441375,0.09974036533593734,0.268184576324426,-0.0076786035174754505,0.07680390213553515,0.09154647688452279,0.01440253820218438,0.0358078090034242,0.1602041873280919
0.1758029375143228,0.3745698517294802,0.3564670092117497,0.10670560692070014,0.1811472114599991,-0.010186369721970845,0.07169357602223468,0.10931010884943207,0.040549472499293,0.04567495214719404,0.14203193031697883
0.12330575323234089,0.39622501648108677,0.3330405739672632,0.12120721679889647,0.16194801685956606,0.013007565807271526,0.0600767390102376,0.11798879558256657,0.11287010645375009,0.03580261544820227,0.11417413727414741
0.15742662256716572,0.3968569407836062,0.2812705994024901,0.15404704317440515,0.2001109430870972,0.08151902436856401,0.08461066663886227,0.13351088800319436,0.11809459260115956,-0.015220791683303233,0.12147892679768398
0.1796217163362782,0.408796258447222,0.30419435363484043,0.11331636749051899,0.23198948987071627,0.002952009357047569,0.08586176235301368,0.14963370212518023,0.03631678493711403,-0.06137272119632245,0.13485563596080385
0.12101341493453145,0.4146938342843466,0.3130136728417813,0.04151295815589626,0.23457219227865833,0.046308127192608864,0.11651291540836735,0.16266549342556963,0.08680357844231412,-0.040824049869151946,0.12185806610608038
0.12932885437904382,0.4189337027648372,0.36349278763953374,0.058591450639604276,0.24679241200247948,0.07792415972852926,0.051537372794620166,0.052935341578134516,0.10535980075988302,0.029924929778067197,0.15515852510979833
0.1434503240234688,0.37532436310852635,0.3196161283671037,0.10124777987462812,0.2670095317922959,0.11279240923035612,0.07208565553780288,0.0955504285377886,0.11286650992679972,0.04949228944079941,0.1615202918870477
0.15187875766492984,0.41982757020578204,0.32869084774232327,0.10418178464144702,0.20959881006512374,0.07926908554312077,0.09763907816341429,0.08648599733228751,0.1224631602694333,0.05619810470376509,0.10489310991053301
0.20831300671738828,0.4547305383964032,0.26724235658556683,0.14004933085145718,0.24325213348960872,0.06672291243496759,0.11199031417966188,0.10112744519568698,0.05597939147196606,0.019901696190485,0.10590350122876963
0.21681368093771272,0.46175611167603003,0.31020332096812986,0.1552484010721878,0.30984373281596234,0.09056389993986888,-0.003652659883497437,0.11403855705956092,0.0944803288107171,0.09599898006241875,0.10948636054823754
0.23149890884738306,0.4619840610683948,0.3643875263795763,0.12303445444278473,0.31373107408375817,0.05840899254440345,0.04307853093761159,0.14862330480625582,0.09220002533922919,0.03243485539561702,0.10462028874367259
0.1265239994964311,0.393671309516343,0.38387746769454334,0.1414430261047778,0.31105931738114406,0.09495121554848963,0.09770049130013161,0.0897672535690402,0.05765268042489966,0.018426049361623297,-0.002778465899105094
0.16520089376847685,0.43179300615249516,0.36562177324672274,0.142433424310779,0.3347251822625209,0.08953632741880105,0.12532667624522437,0.13588782948059036,0.016442613064295154,0.04661288850757821,0.04065073867257294
0.08487474065819761,0.4481374564559314,0.3115544398025168,0.11644267099043212,0.2884056035896981,0.09003670735623825,0.026449931000107493,0.03131134274356161,0.05186512375451889,-0.01987026204550455,0.10050143725088954
0.0919176982478162,0.4577467459381959,0.3027029737959078,0.10520081351665463,0.36345794959148947,0.14037679768652075,0.06932923829805702,0.07851856486959591,0.07114549066399128,-0.02193928527216736,0.09780403898328095
0.12340704245785343,0.4858746944687563,0.26817514492818584,0.10254447193166545,0.267141823004581,0.08790541533466407,0.06291942957050059,0.0846412594006579,0.0855968212484884,0.06942328134747902,0.12195385695183561
0.14768844336891365,0.4187387078435968,0.302074452936015,0.1394283711137585,0.2334031367801615,0.08270265809233457,0.0735519068271179,0.06117658011788329,0.06863284325902785,0.0908814534862882,0.08818623392066383
0.12148311784377243,0.3356324982830177,0.3204569896621421,0.14937887758598412,0.2090071743760905,0.025927272682620482,0.07485746301835104,0.08822066165747085,0.07594526906026688,0.10530023891459622,0.08953400188163939
0.13477368110412954,0.40456348006612364,0.33604615511516106,0.16170975021077683,0.23894423246577098,0.09185355301598207,0.1386836486685379,0.09346229745562001,0.11771202953547093,0.051858909049862324,0.1627817985471217
0.11684353405923384,0.41235046439811374,0.3521153619892754,0.1038281797502588,0.2626806888291733,0.11894976353498199,0.11649262452863185,0.07328344299555566,0.10791181461116638,0.028857519353234634,0.09845156209940936
0.1034008428788794,0.44078373952581473,0.3247283693453966,0.10333472426431443,0.2207741056641799,-0.0008003264380578836,0.1490350365894118,0.1082894713652264,0.05507877344614962,0.026694226660395406,0.11046921433921184
0.1384190696044984,0.3977595777817789,0.3132470268715767,0.17095229663783848,0.16696806378121937,0.006414853939955753,0.112770403660394,0.12496126036413255,0.06145841066381476,0.03336595155223826,0.15736213489875134
0.1759787357896968,0.4513358577760822,0.354765853271307,0.10860020686164348,0.19125589584949562,0.026082688380871976,0.08163910536544859,0.05633766724722143,0.06452701260214183,0.013262454616822178,0.16315915145302673
0.07187333383132435,0.45612867892667575,0.3362308265507167,0.14383281468686748,0.24898732120661304,0.0671043747224065,0.07305391011464821,0.14750715319762644,0.044892710077854475,0.032347981673480075,0.18720131085920122
0.0789041678613747,0.4164435998178129,0.2835936348839815,0.15206896010975318,0.19119249815281553,0.05216265957607971,0.05080950355802111,0.13953527108039332,0.045166625984613816,0.07808554251928276,0.10999830517593744
0.09545489464347717,0.4344890651058373,0.30035429276308745,0.13934255765026635,0.2335111167251996,0.008214136820853268,0.08044545027086744,0.05938778888642846,0.058660885131458756,0.08012249419410358,0.11908580632008517
0.07968673315641313,0.3999457060855588,0.33365789316521866,0.15034808107060407,0.25961714849762485,0.06846974198627434,0.09126966170243733,0.07850538174336631,0.058678951122984074,0.12783824624777984,0.1437917958198547
0.051828273143593694,0.4125396410673936,0.3724776508336825,0.18079976400618758,0.1770819436943004,0.061559090133034323,0.055156392830971096,0.03301837377913078,0.06424776478418578,0.026924559924755113,0.08265805817267917
0.09137691691700571,0.4179318838233136,0.29477346635841667,0.1809397788837982,0.224132226298755,0.06470998552890199,0.04429460458717927,0.09152640808441484,-0.024799053689838323,0.03180483613567565,0.08888446628957013
0.17787838668788458,0.43237276047065454,0.3821354399443605,0.08902936113073492,0.25604934026061826,0.06902122537587811,0.06268075136195903,0.09821209936104218,0.017228412372996493,0.07430755080015139,0.07300158196656752
0.14148786573369018,0.4664705120630073,0.3838695289177515,0.10281826207799041,0.25974152735084644,0.05452074265065994,0.08556763303982695,0.008198072450292053,0.12037617306231446,0.07986928350086063,0.1362595808969274
0.16660394615253152,0.4724801736109503,0.33725088195975267,0.1074578646220895,0.24369737709474076,0.030644633845129575,0.07842762690063901,-0.03150329842350671,0.014756513648929045,0.01949816188574481,-0.008172284604965935
0.1830725188227167,0.4676886603571741,0.285018717067521,0.027799910561563692,0.23076346569400732,0.06411428238997416,0.1418709048253841,0.03258705294419219,0.06097026450852617,0.02630465874026515,0.02006578511875924
0.19409997243134322,0.46811435812930946,0.35490320054937463,0.10531676595476111,0.23382719293086662,0.09041092736421202,0.13666293791134307,0.0751851772817756,0.08261241563946335,0.009691901864975852,0.0768916612132495
0.14717469615990714,0.43596525444088857,0.3291440231850147,0.14662704241779,0.1613954027154165,0.059237630873167635,0.14382412155619484,0.08324401470525879,0.07445117299568434,0.051835026509369234,0.11102386786860007
0.16420871566214154,0.29830645722552734,0.3475972477396803,0.12040693002966198,0.2292146893897652,0.07107232289291587,0.08036730786238072,0.10375707945656604,0.07750603064248272,0.07728107178247451,0.13980202837872532
0.14758133149052421,0.36891645780032023,0.2586190132093193,0.08020026308849008,0.2063856792292641,-0.027172770023055525,0.0971660143124394,0.12201010240980015,0.1043389399799306,0.030981594761891426,0.053678295636799836
0.188167810998507,0.37865677697410804,0.31635062602360564,0.030276464710902597,0.2111050007349385,0.05965937008775402,0.018024234151886254,0.11591876727709863,0.08455930389392212,-0.011607866093391334,0.07502104271205948
0.2274695610754846,0.4057833856033212,0.3283462378820893,0.08186101701920193,0.24838810817114482,0.07208325126466862,0.027426036418968208,0.12846724749250577,0.06172037529566897,0.030908833911816168,0.12332219277734087
0.2023119182074493,0.4123118542483625,0.3337361250250661,0.1043717863409249,0.24316250835774375,0.09568090442108146,0.014912564367575827,0.05776424795706963,0.10281012186573912,0.032432889785992666,0.17434340175452256
0.19924032640179637,0.35603628529895026,0.27555477852569715,0.1452612535965723,0.2635465278839555,0.03655050748383725,0.07055653116684024,0.05572292573142187,0.019444476501795198,0.01369635664703343,0.1856694163085792
0.18381278905092152,0.4105804789966334,0.3088055527884834,0.09931697477888748,0.2716856328953042,0.03250246112070369,0.10711836911443715,0.12505097203334822,0.031161818846355067,0.06062158654600415,0.08941652590640685
0.13834969148662213,0.464310990773828,0.32687975688178034,0.11567721016906649,0.22333243218889387,0.06264859778233682,0.13592136556223056,0.13917089955706213,0.043138485849030635,0.06709999897557334,0.10491732205416522
0.1371876997687451,0.41600945698668607,0.2852333287601284,0.14719399012478915,0.21061426250584614,0.07535486986074602,-0.029350938094754607,0.10108591024514708,0.08829845088365001,-0.023308518893103636,0.11287329272867573
0.0867493064689882,0.4230273819608238,0.31205334297239173,0.15567078038434687,0.24990981895718525,-0.02143382846946495,-0.01749327753446247,0.16869864545728497,0.11310969854335856,0.030606388878585612,0.12083989394130418
0.14279878840729682,0.43348739784578366,0.3313027615453899,0.16828479696988585,0.2824014636216484,0.05181551622921868,0.08503231270621861,0.10656411866568731,0.030829634087698378,-0.0010325816375024958,0.1470731725092974
0.15875400126821443,0.42985269323133934,0.33091589430215584,0.11680467770407257,0.23188668839711385,0.030205503388464717,0.09392788280645403,0.13209345162807187,0.000709825956437142,0.04747514690932972,0.07558047820883365
0.20531280096808904,0.3786061500020487,0.35430357415029834,0.127479580370565,0.21391380164621168,0.038170962265036405,-0.03874225631595236,0.09990651506094159,0.0016594406766282945,0.03699172610348238,0.07190072468343228
0.019226991692698446,0.4314389833264598,0.2690986248499728,0.130795308700901,0.24799666606419002,0.06331354386557853,0.03432145659724144,0.10908681468194237,0.02977274416988527,0.03834437037462984,0.08357957464146515
0.05272587426003243,0.46201157270176807,0.26600793290185415,0.14425031713571204,0.22566782679993017,0.032421136871938275,0.05370636158200103,0.10974330772817882,0.04308387667904076,0.0308737205897908,0.08666885671005266
0.11976311714977267,0.31481363293140396,0.3031190989748531,0.1532230480924024,0.2580345548006237,0.021680151461583957,0.11014582840075192,0.05356326051624277,0.02511225005810594,0.06439158062457377,0.12274598646578164
0.14391771387014546,0.35347295895570563,0.2732366279436868,0.17481527245651843,0.31304304887502826,0.009997615721329836,0.14895268302701803,0.014564086534315755,0.030912946079954484,0.04045284912516735,0.1378669056131584
0.15990662267445666,0.3572028147098071,0.27463535448628285,0.0741911130031468,0.2541779950661832,0.05768399033780134,0.030759696318800676,0.020080732062759846,0.078558877079991,0.038117168348295725,0.16911114977823394
0.17605432578658153,0.40425527080767915,0.2984281512165442,0.11596529670559766,0.2346712084575552,0.05402996258519442,0.059799617220670356,0.05717093450355802,0.09553450988780672,0.06101818832624133,0.07110449013763502
0.13196318108285232,0.40118335321748916,0.3209250435618894,0.1879019487985097,0.2522897199653338,-0.015053714127533237,0.07973104762946417,0.11233188978003267,0.12439835189791953,0.07373543478330342,0.07921285159569395
0.13842699286031745,0.4092681469746384,0.3437836891142644,0.11128300141508744,0.17980568781043318,0.029773488523988676,0.010914479280035402,0.06582591418667191,0.1701452499493852,0.07576116174395854,0.040101607060825
0.16172009799414122,0.3378718719752238,0.28239053714497686,0.14851357798962062,0.21641601251414155,0.04706497247201483,0.03810278547969845,0.09151664059647775,0.09716816283810549,-0.01658054576649115,0.11170615298865168
0.07879583179194319,0.4361191823503142,0.29898161891078867,0.16979848604301281,0.21599755783556301,0.061226281764617675,0.07726178147252824,0.1045549431681859,0.025988115592948526,0.047087592278014734,0.14304166295154197
0.1054887634745218,0.4181323552368749,0.3238689797218142,0.1702915924111184,0.25245035590356957,-0.025631841257079353,0.0826353309072004,0.0095503426164847,0.016078676829563425,0.05914909007353262,0.1282775857606881
0.0853432350180857,0.420048462528525,0.24813284878478864,0.14066595695972797,0.27292953487085414,0.016391656664379684,0.09817096921935205,0.07351843313950429,0.08433052163829402,0.09679636606449114,0.08706300606989723
0.12001737464608647,0.38863197801971827,0.2646032980339472,0.14311425448681414,0.2588666304890573,0.012184582658978694,0.09767124647979525,0.06753924869424413,0.08897564261144228,0.0022985515653868816,0.08206018539240591
0.1405498759874852,0.44602022783790274,0.33656499779871946,0.10303047301937214,0.2869783889823184,-0.025728026673767737,0.0994967562146879,0.1384055372078784,0.079547118833679,0.02513266202012985,0.14487691134159944
0.14121483291334722,0.4063488232237814,0.30482610082637485,0.1258538659673167,0.2962881938626244,0.044700286234672294,0.12237424678281382,0.1310397382292428,0.00495584637058145,0.005352089265172181,0.17353155068930864
0.16877255814458836,0.4619632898136945,0.3179077949638233,0.152927626044213,0.3251702076129277,0.04812065849189933,0.042141735248275684,0.10532812320807666,0.05820564602964408,0.043557542196369446,0.1243215390951213
0.18460186219535374,0.5092075204444655,0.34928502800921635,0.09219878926357843,0.285526891577509,0.026662982166085255,0.07999259827828765,0.030279804137854877,0.07584230241349835,0.06143980068928079,0.15998343861162867
0.22131673783011413,0.4583139346917844,0.33314976537253504,0.1577616123794377,0.2868359850123452,0.034599049016199916,0.055748855523219114,0.07228015834254349,0.09900542183552338,0.046188883886473873,0.1286740775686782
0.1767832633069954,0.47552869245391627,0.33542130437227763,0.14721174274761342,0.22383643052840713,0.04430843839000764,0.08513475491745429,0.08284819214312686,0.03562868404717627,0.036794880561289746,0.1408040888258048
0.16827775566710673,0.3117682776461901,0.3256880872219812,0.2131269107044807,0.20993928732270836,0.014257158114305132,0.06258940785235499,0.047870162700494684,0.07137778214333344,0.10750897121171275,0.11009744232338746
0.17227757925798384,0.39430720197900565,0.2855738995806765,0.21607124152640536,0.27307663760715856,0.05355070974907682,0.1104669989285473,0.08171327506269238,0.11224921549500866,-0.09480581933180272,0.12182916161014776
0.13220142327640028,0.41065193864417815,0.25956440052465896,0.2352001158317215,0.3038780063731519,0.06319875079472446,0.06337769851216675,0.15860620412766188,0.1405340571605314,0.02707092193954446,0.11974666273004783
0.1368394902913766,0.453547133192883,0.2418855581762173,0.1457684567184064,0.32834164198761306,0.0436317656764429,0.11560412189929883,0.16440971766804896,0.11631247842082267,0.04773221831430312,0.14827943084316497
0.21154408005211656,0.4651708939948912,0.30211285738017885,0.16221957491160782,0.26622094657115347,0.05998604397772324,0.11105269639814094,0.18865359605986698,0.10537975455210002,0.07608874685226823,0.10321687282711207
0.17548715762831155,0.4007182284393166,0.3161657602005028,0.17877630658394372,0.25374246216992524,0.07332700637839544,0.1353334467717981,0.19179902468911325,0.08670572588903484,-0.025680489141186223,0.10724736291933355
0.10763889841113698,0.3474276007685301,0.3184555057961565,0.20441207734904654,0.24394979025410274,0.05793904140894379,0.055529275130278465,0.07924195579397589,0.1271591846988598,-0.010477655575497721,0.12771346633863517
0.15219917241266462,0.3556633413119623,0.30047205771166063,0.10961011608464717,0.17368250790008413,0.11826154344323246,0.0525803986665831,0.10704527775263106,0.04521012625400571,0.025346320213161782,0.13162844442704133
0.14612939734270441,0.4236899472006398,0.3442060722104212,0.14857907873585793,0.24779533537195864,0.08930662432195278,0.08957910145832558,0.07171060833215266,0.07928683925615944,0.05606837219987953,0.1644601632211694
0.07777233794040288,0.37615293391085347,0.24653740464968932,0.15309090263817093,0.22220519660337343,0.11059967508488655,0.06658588166485285,0.09171401170861994,0.06453067956915044,0.09816917321037355,0.16194079897266236
0.141671806149599,0.38244989364370396,0.2883274841715915,0.11638145921191703,0.26253045533040226,0.11225433294096093,0.0849523924138296,0.1140181028858109,0.04763311686758139,0.05635471440816947,0.11575728790281704
0.11736005488841375,0.3842619253459606,0.35936769700758453,0.12120943988001354,0.25186770824302124,0.11602400075882308,0.09916004243500445,0.12102924895075434,0.01166778862061205,0.042584605462263364,0.11607775761256861
0.1292309675173834,0.39252738259070163,0.2738929125881684,0.16615995842029221,0.184234286849662,0.0794851434276908,0.08682660195915134,0.07119471951431221,0.006507944072459661,0.08417124212030243,0.14163863843894753
0.15279422494939898,0.3911270900104485,0.27619735087031355,0.15145075056689833,0.20281332719905562,0.0812361179154119,0.0690924989293998,0.08269223426855687,-0.004601047577865896,0.03933874406668849,0.1441956403921999
0.1520114174635576,0.3803973412534273,0.26694490452373437,0.10485875294309785,0.22783001207310666,0.12423647378290409,0.07946546840364804,0.03560787735910212,-0.0055262131924246494,0.07997443414258569,0.12595334485934634
0.12959155518106266,0.21343303168730113,0.2660736087874502,0.12857697984693908,0.25912149103395943,0.10508692034910694,0.1602678895699402,0.0543159229021441,0.008647236408022247,0.005737252182631784,0.167778323397583
0.14594842141376968,0.30720369721329127,0.28291415826716126,0.09772862166478889,0.11832959493697041,0.12272058529954336,0.06534712498249277,0.10706782696459172,0.04969908873947492,0.03656583430110093,0.15979993184201308
0.06796423286909167,0.4179104025374789,0.28776639116527447,0.1426182193463835,0.16759551249885463,0.06863746037604017,0.0781904545973551,0.07420624619474832,0.05228023231093008,0.04645671013146692,0.15395533302751513
0.10225354850778301,0.44446573845881937,0.2970590155520937,0.0875478124109211,0.231129670765656,0.08189056105716937,0.08867830141781169,0.0970931976371643,0.08433896269421193,0.03339449588520395,0.18469048734095356
0.07141236659953554,0.46104059064650604,0.34209867609994754,0.06721861726388002,0.23516407783287888,0.10347008650571596,0.03303944155924165,0.1012843299198544,0.014811590121909754,0.02035552664247902,0.0882039465202865
0.16306702267229484,0.3544866645038862,0.3667980015331323,0.10561108862938037,0.25249213767348544,0.01600702338168098,0.04853189568748108,-0.016152835159132243,0.06427408648038624,0.05241240720287052,0.13256627997601128
0.24262624131315136,0.41112684571014935,0.38502855570360617,0.1367912008236689,0.25118871846652585,0.06232027702073409,0.06227028544670991,0.04412399971645482,0.07634057615736525,0.05854634519886755,0.13988803663655489
0.17283570835768192,0.3198913187648333,0.2493195023324989,0.1464845876888582,0.25163620671242304,0.07565341986901147,0.10698361990140434,0.08682114202501087,0.07226040817701221,0.01261874805051047,0.15666632327329197
0.08486763500844197,0.39836717747251915,0.25991628868506816,0.1580582773590182,0.25376144900634123,0.08212166664364257,0.028377544707942497,0.04754101432837496,0.08778580650152498,-0.04843140447759268,0.08563179723520373
0.11235233016240094,0.3911691631052898,0.25544545469536883,0.14886989022334116,0.17716910836581828,0.11706662312339865,0.08014140473947552,0.012566814351572999,0.03263647624186599,-0.004955302091306218,0.10414289063758414
0.14130207243765938,0.4239036445280483,0.2829298606974098,0.16912437551356654,0.22472896597433206,0.08313054009021097,0.12517071579090983,0.027371376388800932,-0.006889568998416174,0.00885037099725379,0.1382741036758559
0.06946464838579923,0.40202578541385336,0.29605213624460924,0.15665773760674315,0.1676420882022434,0.020142736116368333,0.03475535593911539,0.04214758724416662,0.019300020823994145,0.07110971734601021,0.15776146081661774
0.12907056621247875,0.3149513409174977,0.26481203722560653,0.1611177976692083,0.24492156839722867,-0.04266387889623752,0.037204075943111765,0.10077927019168281,-0.033625909857196115,0.07148278394989949,0.1610721695475595
0.13480594274509033,0.3879335050285478,0.2907100580618372,0.1600007929197619,0.22800476992976232,-0.026539985248857662,0.06258265538211569,0.04127966377151232,0.05466039019895729,0.09142304755494543,0.16009860896143277
0.1673061567980567,0.4068735262182582,0.3153679573698468,0.13029587350288332,0.19046332671726818,0.02928249991939271,0.08898843171757193,0.026647122937123287,0.019420791309690294,0.09591734846471875,0.15323340255479379
0.15773423665324685,0.43826140880655606,0.2987881378793492,0.17455052272119465,0.22157734550134112,0.0576308700694001,-0.012692734786906391,0.07819963000328123,0.07466746130182497,-0.022671211085491208,0.15155116708504174
0.09464658222330577,0.36101041842307113,0.2795669202752589,0.1752924409598121,0.22959673389635216,0.07414589130465415,0.05583601904920081,0.09074638315274267,0.11015570722621344,-0.061732631612441795,0.14734515506858942
0.11146406047792894,0.3845529741237269,0.27943453135453855,0.1479861114681065,0.26602213320554047,0.09635121697697499,0.03779377972886407,0.03998340567072974,-0.025918951541023933,-0.014567530574411437,0.15776188986979867
0.14229771830643378,0.40337853803603907,0.3434652697760524,0.18544795818032456,0.27036859727403606,0.07685093304015504,0.12610604705941209,0.07585751422297506,0.04986407537351297,0.04459302922473973,0.08957964202480959
0.12586299254253286,0.38700925440099965,0.2507756926331121,0.19440167820053522,0.24033066335909342,0.008690864932229123,0.10066248474346699,0.10778266383198151,-0.028758868207812347,0.06965613340333138,0.11922847938446077
0.15341943505144506,0.3894237615809598,0.33409716870052275,0.10648516419557288,0.2528714496373814,-0.020619304939731065,0.053031424905498926,0.11348356032515879,0.07104164919900845,0.08862963249469893,0.12277657513278352
0.13960228201931446,0.4112749157342168,0.38247436019355974,0.1304156337139174,0.28760178381904666,0.011866008557388672,0.07050283495537667,0.09115320539312445,0.10988785828838299,0.031489767700168016,0.1537664363082915
0.16701650545452387,0.4071103293704602,0.25547315889535277,0.13433047449803595,0.2740832708707269,0.022449240665153043,0.07625783398232087,0.016363088154051807,0.06389111565891778,0.007950880602597242,0.18472662344320012
0.18629293824718066,0.3791545332092423,0.3067989470907078,0.14484830689072156,0.2805583815389325,0.038850217520811484,0.09668148695844836,0.08802046119635937,0.1063241009953727,0.04673803444348887,0.07146084885810824
0.16079931655051527,0.4123148458542394,0.2308849173620809,0.0816139870950621,0.22273644997546643,0.010466035475555491,0.13101749430185355,0.12491710659840655,0.16555646667786728,0.02739562775535808,0.1021249460207991
0.13656899019795393,0.40458012525588805,0.2742571309259486,0.07947795983434092,0.23223809328018685,0.060418254144663314,0.043639517219502426,0.07715225488571564,-0.018861724470096597,0.04995673499066777,0.030165767834410974
0.10102233373465863,0.4480532664140044,0.2827282408481554,0.10211864577598927,0.25311236490273464,0.09105356363656969,0.014605212943513503,0.12124668037700241,0.02481033042885481,0.03165468185922298,0.10496180746015517
0.09222257858468115,0.4021841817653577,0.2556206563931705,0.15658424373372862,0.27503087780500957,0.11954321518341136,0.02328497418200969,0.1499774608925986,0.07057288918715549,0.07653612819583866,0.07550901335785982
0.0792459484769176,0.39299808271716363,0.32251770374218064,0.1293459323682153,0.15894530777292606,0.04118593329675256,0.09513753779948354,0.08260004234691483,0.007656656230343924,0.0683199039122447,0.09980255348909382
0.11968847901340864,0.43778424286868234,0.31984219941791714,0.13379283854175272,0.20609827159701888,0.05840085152776808,0.12296138600055553,0.10245810381858314,0.031677907086699875,0.055276663065486904,0.055522467919331284
0.16183248451373003,0.4588703641409117,0.32553072352666834,0.187762060811281,0.2292752453081671,0.0652079807802948,0.09093615023559308,0.0860537539736497,0.04366502550148606,-0.0006353508403695962,0.08167092156320094
0.10037251948532548,0.4365772741306461,0.2854891368527039,0.09727283584508269,0.2014351055640009,-0.014755555488414453,0.08563314522608044,0.06886415463642577,0.05102882212694876,0.027710170464359196,0.1729720497124776
0.17122895995443485,0.4542574217515742,0.2553815035990995,0.13921150777768132,0.17014955586481192,0.03347476268027552,0.10337223622948391,0.09498368850351473,0.03635477352261276,0.044980673169969995,0.13891364811878398
0.18304425721080414,0.438035019360503,0.27394883746383514,0.1357421482447277,0.1950924020538225,-2.8454243301722786e-05,0.16511710368496682,0.12564003248114317,0.06962209501641548,0.05784072628367856,0.1444219099154376
0.13349604931966452,0.32637145049279187,0.3132325256200668,0.13601620085262062,0.24238813973607168,0.02979325149884382,0.15380769848826484,0.04433670688693696,-0.004240541858968437,0.10348169994955922,0.1596359947259145
0.17086444275626483,0.3697496088277016,0.32015199919598925,0.1405617400294482,0.28164359196636873,0.039530866112296115,0.16153596282152083,-0.0014297044700335093,-0.020817188646791707,0.03138667984308777,0.10184716255114251
0.1483880168582098,0.41958540092078833,0.3224121500305473,0.14542665641050767,0.2551641842525576,0.07332242045371154,0.048231636921693424,0.10064707231400717,0.0030662735084215336,0.034989842632651265,0.11284840096332373
0.15342070336101815,0.4467400784556137,0.3475472068613834,0.10699843333416545,0.2024499668241361,0.0879356857938759,0.12083985117071747,0.1126042486139206,0.05735411455614712,0.032634248096167696,0.140743432931936
0.16119481159557608,0.4615477889262311,0.2666311083069953,0.08233292668807114,0.22780664559594183,0.03863774905760799,0.18421002822838803,0.08489037128760799,0.07509023428370029,0.07077425613923144,0.1515766915925889
0.11664890213472043,0.4108396774174066,0.3116512073512318,0.11352966463982236,0.22731915855291293,0.05584568224835511,0.07434591298680765,0.09916358650418261,0.05701308325473251,0.04282615204058125,0.1846842060449715
0.10546637213959806,0.3263630487008895,0.31735658782361054,0.12860500188170576,0.2500084453114989,0.12204929678561138,0.08146468461891714,0.07143454471876165,0.059131839061857094,-0.020538305160824315,0.08945682354012852
0.10583489113399061,0.38977165470449904,0.3110588914467076,0.13733287865775318,0.2488187711289952,0.08347054228546302,-0.02632797539549169,0.0817974442931444,0.04330431153781191,-0.0022562563205769,0.10457023656307537
0.123893415055568,0.3943234857205934,0.32047100491676656,0.10914323033169165,0.2384303217816579,0.015018734064745302,0.015774126647894366,0.10583248603557865,0.08531286939310824,0.013462200570679036,0.15619762598324963
0.18412990672825263,0.43141009089710813,0.334093367719818,0.10835232597871362,0.25293531644592204,-0.01043443518065632,0.07237598540096278,0.11798052367099982,0.13179360510952634,0.03598287471845656,0.15062856276158035
0.18664500842867648,0.4252401489717601,0.2775579442329466,0.10578129804019425,0.22385136232999284,0.04131483584934685,0.10481987722053315,0.14223941840941695,-0.05020242748662396,0.06071531884651467,0.15733224426692818
0.17575047774968403,0.4599256969056235,0.28362912692083453,0.12379205226484044,0.2622791093906786,0.04393442771732771,0.06156909433066122,-0.010086549449422319,0.014568400377541382,0.09051278040199813,0.18684798428199328
0.13344706827859734,0.4417838057242206,0.333766637685611,0.07544006441382442,0.2548299891971991,0.06710400143893587,0.11428164129619486,0.08180172066398994,0.04121928971184296,0.03676399990829747,0.2194088486576811
0.19202900070071666,0.41670557504635913,0.3616014282225158,0.11280795530645571,0.276656339876531,0.08114868852275472,0.10250113882810666,0.09273927554327135,0.06407792561132587,0.07007470052364617,0.10879136007108385
0.14271631275077934,0.3584318535265738,0.3406951271456936,0.12614577985049985,0.3030294724927025,0.07792455892795395,0.10368425722183594,0.006596260642562968,0.0887307074329157,0.04396204554007059,0.14210370829949728
0.18243417591351374,0.41108827166565653,0.3512583961494645,0.1384716319672771,0.2555553541490941,0.053409947047368046,0.1396000314983441,0.0013105337942395194,0.05443189144876326,-0.06659115778732605,0.08241816561728532
0.15004549447150695,0.4666209794925229,0.26750404403624106,0.14750115764100097,0.16326671224747544,0.06182266103012289,0.1623607882068063,0.04138801022172636,0.10773943444727804,0.00363883304178457,0.13179614776563875
0.1772824602030733,0.3778504882409798,0.3160378427400673,0.13163873516844862,0.15103228012510517,0.08212152331266903,0.03077219300347573,0.047790544734722926,0.05861664116037867,0.041644433955282736,0.09995068501613887
0.1450433246830195,0.4012736580643247,0.2804463057676303,0.13190642418354107,0.1837772867924813,0.020262387131576614,0.12204391291483754,0.08050714394857789,0.036620074956751146,0.05058483890813119,0.1360731903395039
0.14712874195015763,0.38574623479142434,0.2993889006208009,0.08718258167675494,0.1875666985249848,0.05456494851113265,0.024979851322461194,0.07044590470364916,0.0663987958046458,0.06979993046919333,0.1424502788431496
0.13981321302778835,0.245908785348663,0.3092629741610289,0.09759839470092646,0.25260735225503955,0.09370276568220876,0.08193622921514729,0.11518265158688099,0.04087318862680227,0.08499640615739465,0.1254105751524328
0.1645876992292867,0.3359122288572194,0.3538188769727411,0.10527775105136816,0.2476594755855928,-0.015017513740065583,0.10955730364369196,0.1017965581534993,0.10010153371235156,0.0638248290687599,0.1324738653714389
0.13319422003150128,0.2995093582572774,0.33820614433525875,0.022965782611772616,0.24555802559802212,0.036453403822144195,0.15014518933748974,0.12757388316911783,0.061924486495258856,0.06984985961785277,0.1034290225569319
0.13188658791558017,0.34026589084013026,0.26596861099337576,0.0984766273523295,0.21544770627296714,0.04839932823735472,0.10792269497870764,0.0018282902354255135,0.11559843536129713,0.09209161255092686,0.12031018738898511
0.08309146090797867,0.3676318439800561,0.2796877074913826,0.13479962502062023,0.228004818629529,0.08887681638926478,0.04399592733044869,-0.04409169072444432,0.12174759173720798,0.04787893251345523,0.15059746714941402
0.09317498744239575,0.37903710547450414,0.2871425229659422,0.12397346523639204,0.24851969485643782,0.05284825348773226,0.07121122465895725,0.059453661803477095,0.03402175133095313,-0.01320239960140887,0.120653639148134
0.14384979061540648,0.41507383571130463,0.31099243827090217,0.14337892978174732,0.2753545709049431,0.08060998474442167,0.08105377076289094,0.09627832087481267,0.06234885472269008,0.025118361459815275,0.15711517621037382
0.15795889672801866,0.47637164902667145,0.3451239066036309,0.1393632987212855,0.2766239223280646,0.03866199759342283,0.15819646276983468,0.10130734012102834,0.0573173316763313,0.08251393952786741,0.130812427579512
0.16276397041825907,0.38317005341955274,0.3327804023770631,0.17595933579670217,0.21590007152134338,0.116926350609108,0.16958341087976359,0.10787844164469926,0.10713098214240292,0.12708458521024707,0.183085475883805
0.042473901004365475,0.41684616312256206,0.23755146483867604,0.18267198014626806,0.2692359935914358,0.123004129005045,0.15907615939404846,0.04874764849590229,0.11421838060630762,0.034441700376361066,0.11760607429040311
0.11056530327018024,0.37724566681770605,0.24337812622089405,0.18800729792862664,0.22074247048410048,0.01954075034688531,0.18211874046016907,0.06887152447793456,0.06377486959537583,0.013383878292305374,0.16927063445171744
0.12142483268866056,0.41147735312667244,0.2549709443980093,0.06857359016684707,0.2811884839032486,0.01662385178296143,0.10778388819949715,0.10474639224348256,0.10007921612607118,0.014403931146050854,0.179113789633635
0.1472468929538007,0.41639812748933,0.30973093864396417,0.08520164048613284,0.1197124713044388,0.07362460249233282,0.1601055350072693,0.027907871794292532,0.03918583742024084,0.01973994419078784,0.06259865623113602
0.15039660885790235,0.3336304792910662,0.31226839783089055,0.12162845306017384,0.2236131082126042,0.05862984429954079,0.16043809716048948,0.09062811149099594,0.044694557998352716,0.02422893633009672,0.1330017276064436
0.13253406109839952,0.35735256284841244,0.3383242694973595,0.12220652485855782,0.22401296080328148,0.03322815091368225,0.10846911927420655,0.04852691918675049,0.06941965600752617,0.033808033454023736,0.09950255201996275
0.14245789213436733,0.3449309039535849,0.34423486300651607,0.13076516475699707,0.2274674815328164,0.08451779586899758,0.13653029671122968,0.1058340927728054,0.08547727523425871,-0.057901783716511654,0.11960076876514399
0.11751650210154665,0.3516298563282624,0.3506143585874556,0.07983415229570177,0.25884196973029167,0.005509298910063478,0.15043362127068377,0.07297409947124311,0.09457789247604956,-0.030294478397567135,0.11455968249073133
0.13265366435363934,0.3761331222772616,0.3624740412070654,0.07823479475582357,0.2800811407506729,0.03554596511163826,0.1413899807677237,0.09722510350999608,0.13568244506214144,-0.019687174598120374,0.14204103977070978
0.05292515473790038,0.3974681524667305,0.18151784527730974,0.08404556333853748,0.21974419943830784,-0.017358807502845876,0.16959928379809752,0.008204402341148302,0.121740158457338,0.057007637917556385,0.15734723749661556
0.07169130233033552,0.4116849740547288,0.2487586948629599,0.1256481060667549,0.23835795687594463,0.008660014415051988,0.11269198812506136,0.037531636540603985,0.07559966167206299,0.06425575995800258,0.019365109959112094
0.11446353975872754,0.3428860486165641,0.2951492201871622,0.08029860694055864,0.21686204784592356,0.02888495128455356,0.1258747435938727,0.045839898413921984,0.10216069599212202,0.10778127232866777,0.08756859278559286
0.10834370987287227,0.4226206938543038,0.30045406004829106,0.1381961354353933,0.22206642874590019,0.05299336933368823,0.16758347024277573,0.08405499255206188,0.09270066202279385,0.17091503734135532,0.11808507687745567
0.09574154674467578,0.38020122335901524,0.2965572061725883,0.1472794925477124,0.23582395608508783,0.04457981813831506,0.17591367134516275,0.03634545179675258,0.03446804469787344,0.02791703143453174,0.11682641978718937
0.12814365440954248,0.39576397348719244,0.2844411361163791,0.06876378286833662,0.20949093671811597,0.056969523793583235,0.14208689825355472,0.034070873843903,0.06350823023926033,0.057855320576949525,0.11129339789940194
0.14187999265355378,0.45111381845562837,0.27864658864017894,0.1094884919912374,0.22127817601363858,0.07126573509728848,0.026315117260543856,0.09648811349075177,0.0619800104356395,0.05388873174154557,0.11441209438499574
0.06164503022787838,0.4013492083439806,0.22627323590603143,0.13291094322298058,0.25142993153449544,0.08426054433643734,0.07480791882336116,0.09557773658423695,0.04188929784820696,0.021246100726091805,0.07049222693913883
0.08147441381319635,0.44202250551478894,0.29941386091602684,0.14256059361799828,0.2533887439474884,0.08681287126662074,0.07675429648037309,0.12206804027032189,0.056132917094243756,0.04647944892322222,0.11963537680228672
0.09061142710553957,0.37917583899328405,0.32469614976437056,0.11528367710462045,0.1829294079132933,0.08443677800967923,0.14126193472606352,0.039512778828923595,0.018144189037079515,0.0730017692918028,0.12273534344353755
0.0935216227755215,0.3910832197083421,0.31842708106797335,0.054293695417680005,0.1932168887140009,0.056238023081466,0.18199821768441168,0.05133338429473198,0.08661597108321499,0.10315861717751719,0.1577126627001747
0.09990413267769985,0.40610220052937585,0.2460895416246667,0.06392856852942436,0.22803947170448444,0.0714684458054338,0.16575906004308205,0.05478841427886759,0.11905449199444662,0.08309460968420565,0.1981826406996675
0.1255971314907079,0.4510546595597934,0.27605876826775533,0.14164788331164185,0.28992727556788844,0.08479938626876621,0.18275071854486757,0.13397365553407728,0.13136576614523432,0.03914130365518417,0.18404339921477547
0.05499785517162554,0.39261234251119137,0.22998961102190313,0.12857340056867078,0.29081090591294934,0.07804231223753061,0.19385795207775047,0.08259272557551242,0.03257232722164226,0.027354047112287557,0.06880470030837793
0.05275875766631755,0.42636949369455673,0.2873080492267305,0.11641331938003024,0.19450765384038976,0.08531221988526802,0.20438679054516568,0.10298344178807653,0.07073436907592892,-0.0022516247235840423,0.0743924548896521
0.05497629650077962,0.41673145599229156,0.3232726026643873,0.14163533231486958,0.19518976128870658,0.11176808391969403,0.13894553511798016,0.08428362050117184,0.1198576539884762,-0.013867365028992685,0.13279436865411318
0.11415035468341271,0.43218434366523484,0.2888766913350093,0.09443907251025019,0.21485490203906055,0.12963142725397309,0.12372251274224334,0.033875570318345274,0.11125696086902792,0.043600675546645574,0.0966829189931693
0.1624370917658928,0.4019539926477928,0.2705207452002201,0.09118919430544158,0.19019841886985742,0.09978870911217122,0.13490863021918612,0.040822710660325015,0.1012040625186594,0.01533302129854105,0.11116465245683584
0.1643133041820346,0.4279543607492651,0.29250317980538765,0.13041347249221877,0.2480274591113258,0.03528477788395794,0.1394674381995904,0.0718256433328813,0.1397368924231146,0.03931484909376699,0.11378081790549775
0.1556995255562965,0.32044845527555776,0.3279660564917156,0.08303103974758586,0.19263304860221792,0.062289053072980556,0.0341454681992659,0.09233206692147129,0.06071491468400736,0.04867080043122804,0.09817404623153006
0.030290009667708628,0.37994760576099207,0.2707564787297445,0.054566251018422565,0.2484093328502589,0.0890975933706398,0.12831118686910806,0.022357002599375987,0.10134824384486142,0.036615420320137884,0.0849407126626887
0.040989965108660875,0.4058262231950196,0.27367405237166215,0.11961933539101202,0.2681959659067932,0.12360260555695768,0.12697380325603283,0.04278908724511066,0.13072783097721108,0.09490348959874817,0.09256466061760588
0.09791176917586264,0.41385710815847965,0.3265688291211124,0.11708108249702592,0.28084334682136214,0.05088078051080642,0.1447087459318265,0.0833834383440351,0.13717539522399247,0.07872933116306172,0.10795071885395284
0.15729127709336208,0.4275888739527345,0.26070884747233986,0.11116793190778146,0.2171949026109961,0.07628166970719623,0.1736668542464046,0.08847945668366074,0.09353390365134041,0.10703805883494104,0.13744333746131013
0.17747931229668723,0.38203437558015557,0.2735187038492085,0.15268538799263298,0.25224259804540516,0.1203471698620267,0.14375051627509386,0.10068920598148093,0.08814782202008513,0.11720478975111004,0.17069986626340444
0.06995292611213719,0.39095740172549687,0.27961571059448087,0.1274305379036644,0.29211818396160905,0.07345290536170908,0.15977288760741598,0.12844312425660104,0.0822142791967898,0.06021948325321435,0.15323759698807193
0.11691855512820751,0.4001224869403269,0.28577765097346863,0.06641799034979183,0.27641760530541953,0.1034270750215936,0.13408078316548538,0.10404077052324512,0.0925609231804897,0.049284233381570765,0.18303751360134307
0.09759338645240541,0.4088670725585828,0.26911566141125376,0.0461288953198702,0.2995555510920392,0.09269635576324978,0.1173272838074675,0.09974252208072895,0.11080883849473284,0.05927052246464112,0.12061553740437918
0.09677345311664597,0.41077199974335077,0.2071353052400662,0.06670315578657934,0.18935071607604764,0.005408509288301956,0.1580632285134167,0.10344653044639243,0.11912439014508233,0.06798769219250705,0.10215548942341056
0.1202089334931487,0.34347478886601124,0.25084055565891583,0.07302520383426278,0.2001166165345808,0.013558491326050352,0.1605277199396254,0.0388260672745519,0.10758181297088856,0.0081205392266375,0.08600224535953255
0.12438127138371313,0.36969095869380014,0.3075240604860192,0.07402696969663686,0.29635830269980523,0.031392468983412386,0.17387180866130605,-0.0037537658117289215,0.12257529837948605,0.037523514946644916,0.1019375182698837
0.1257393088036961,0.3869577106144011,0.34831240277151304,0.05471842328768662,0.25672364456133234,0.002342670606471281,0.15459625594850582,0.1007322977334749,0.09832485368507816,0.06626595320841733,0.053515007774330686
0.07676228806744356,0.3891083572438579,0.2803921500082079,0.07824400785058164,0.27485530313430884,-0.004785498247798764,0.14415626628647088,0.05425844849673888,0.09057527819658123,-0.022122379772129424,0.09056506741842528
0.09777206727713214,0.26330317345963705,0.24952150415034893,0.10431542224790835,0.16313729992122392,0.047683320758025664,0.10539647289738668,0.06797421425978947,-0.012403023365610343,-0.004032081985352628,0.09245840246091921
0.003726264168417205,0.34580464669573174,0.2520223354573131,0.08210913397228249,0.18602800740749093,0.05591913154174809,0.10212999371502547,0.012440144870201508,0.025702437802092186,0.02978411795262914,0.037259298176064805
0.11701991546601706,0.3698104913917606,0.3023336917977737,0.12006527105113338,0.19858580066392978,0.03556924379342198,0.1346252316673682,0.032814552898664216,0.06611616031590133,0.03343987473094491,0.10020923862533947
0.1400464911094199,0.41741766157362553,0.3041964329274197,0.15939576031578545,0.23935876714225135,0.07815605719846534,0.16930801835503256,0.054153759293177534,0.11657943608515076,0.04193389818736253,0.11152246346899886
0.15725924780076334,0.3365817323695973,0.2814739990996866,0.14134692741793864,0.25424721780275394,0.08410214806658713,0.1251091966806605,0.05305310917607771,0.05446661114609053,-0.018364636428354588,0.13878062589099927
0.15844437368449246,0.41839316851831126,0.2873436472644123,0.15260304510643322,0.25155077584584057,0.07730541179653519,0.1339419959496071,0.06202040064145457,0.0742889160612416,-0.0005575476268047368,0.13478453058317627
0.15064957700524131,0.4060438460407994,0.30447137579396194,0.05922646260937118,0.2508483227924996,0.09906590698991571,0.1569968891662437,0.08450574671582436,0.09698944596164383,0.04100116394242563,0.06956377490461757
0.09572643162268431,0.3823694271359384,0.30799815619693016,0.07917565681483243,0.21037710336929796,0.03525050424708293,0.09949721965761715,0.09518454843710202,0.11102945286043021,0.07350245963839744,0.09462269751875188
0.11593658458631673,0.406443130738382,0.332133255658408,0.13324486459237453,0.17727640941923378,0.07492268464374613,0.09822495418327133,0.09469898911365279,0.053050425008561886,0.06091141577887032,0.11772591007259554
0.11820722474152305,0.4326000103909424,0.3160612587372118,0.07672168001115287,0.21063431539517197,0.12132779052528012,0.09863329603098997,0.10062476636532276,0.07639089585877085,0.03112031386712708,0.09355767925612288
0.13325781174905352,0.41381484574147664,0.3034656721303439,0.09529588495960048,0.250466438669538,0.04308377757333931,0.13028280926915628,0.08848919833902855,0.10364375920429339,0.059786409990737,0.14961753006168182
0.07419696208650156,0.3893601383441024,0.3086093259166688,0.13660865105203768,0.26018734366688046,0.048010187059370324,0.14258853220303996,-0.0009184608763489249,0.11105697563198039,0.07431807269553482,-0.008521283064650801
0.11545511660018876,0.45845446416546676,0.3603958537040845,0.13797771051158392,0.26838830548987647,-0.05223800032834491,0.1468403795164157,0.0778490759618062,0.13504462826422228,0.024080197876995814,0.035908045887896325
0.11085852169709169,0.42957637171360896,0.35820022841413096,0.05843238187532489,0.20487987052331438,0.0022301994245931198,0.07331212314485182,0.03467782728200776,0.12422003140628578,0.05525302400854623,0.08723511675402021
0.02747423776310162,0.3618331148605756,0.2949744127898058,0.08417655923915658,0.19090532694918147,0.028071628039597736,0.10747770329546447,0.0923997664930622,0.10573919170542928,0.052258830620312675,0.1021608325275786
0.10095084031083039,0.421661176245311,0.31180571871523055,0.09178205032636737,0.20496872304336944,0.04494376214406752,0.1355343166925954,0.10313565854158216,0.09455169771508923,0.07979628435406645,0.09139689117277061
0.11886559295920865,0.37807510228796504,0.3339484941610187,0.12071619178480636,0.21756472001467606,0.0988806858537416,0.14711181096379972,0.11984447476661704,0.04833562948723998,0.07771225437026955,0.1274460071994174
0.11432882141677575,0.40077386689924643,0.3449364355928286,0.11186433003226302,0.23546315004995733,0.003392473348818175,0.11848130010392717,-0.019059497114987247,0.07145518279506675,0.07870496598928113,0.1218564290299457
0.08613658635450504,0.3873092603544333,0.3101002354469069,0.05666407536901514,0.2737331525825224,0.08800928361850197,0.13019180811720557,0.05428845936886474,0.09185857206378559,0.040357060197167,0.10559039926253545
0.10701935364894127,0.4248656511704862,0.2403601098269001,0.07959616365266303,0.2510875149400479,0.08322955201787056,0.1802851083595743,0.07256690803158415,0.0969496237116454,0.05555483898866613,0.11718306790952243
0.013534314286671964,0.4342366727192965,0.2681766569904656,0.11439918589999028,0.3093165630871479,0.13714159983896726,0.16507979011167384,0.08680875751752132,0.11622889061988313,0.02058784012628875,0.13329729913880506
0.06029667243479154,0.44171103931437017,0.35625547665871904,0.12134648091428463,0.19823053152945638,0.07177787924704941,0.15576656852942228,0.07183888348071046,0.1636446029403852,0.027164316078244558,0.04529991230774802
0.08109796062252228,0.35014086960299984,0.33604701474804977,0.1647671690205446,0.2752063587658104,0.10063451300860463,0.19343810679576307,0.09717723786874677,0.10405348538616022,0.05160111915361685,0.11227864628493074
0.09423890976467392,0.3849615074514397,0.36212646932608916,0.1539873446466498,0.15383854120570292,0.06071572909992966,0.11853613520125074,0.08284255091489562,0.12913671991917447,-0.06451599023047491,0.10634663724038991
0.07881021587064625,0.42560169038335716,0.3195417169911029,0.09615515347120933,0.19895599933276195,0.011028246688714754,0.15441538867184823,0.05366859875827549,0.09422127292479571,-0.0313014839168212,0.09811453302935047
0.10516203631804757,0.43018234079434986,0.352199654841967,0.04538489849049865,0.2280298745113623,0.06181042710607056,0.14996543142901345,0.09036472086751633,0.14797879431565647,0.0318311676584799,0.1474153171708299
0.10133628922180679,0.4417441895051748,0.3102889225107277,0.09971096776043993,0.2519085747454584,0.09148400730780333,0.07572869892523126,0.11606715485957506,0.1093083466828507,0.023010659604778487,0.10363924999428371
0.1282859900617092,0.4138046706057507,0.26304009409524515,0.1248240998288801,0.2649552499634989,0.10101113892326655,0.1354691028157365,0.05549175503206961,0.06444400770002469,0.07978234358304473,0.13797200721786745
0.07599738780211591,0.3535743175996466,0.27655102099288253,0.16498706267208757,0.2705573639294325,0.10280424738736885,0.11466143367793112,0.07140516698635775,0.03842336196395227,0.015997489105711166,0.09824271429443762
0.10339280435402418,0.39858580577568725,0.28038785672852395,0.16905441852701536,0.24814837794296662,0.05001904302327649,0.05026558914947277,0.04203518111520978,0.0776060432627235,0.028373762635417715,0.13296090739413163
0.11551804526401069,0.43370513000714217,0.3318521288319862,0.1595002047936325,0.26110333053790463,0.09313714038171808,0.08460070013871869,0.08533122282946407,0.08488306638081677,0.0875756693201639,0.13432442035299677
-0.01613130309707291,0.4195172519700568,0.26616412514674936,0.006424344780122928,0.2565356592195871,0.07027006526483114,0.11613783611296918,0.09163409467270248,0.09603365457439605,0.0543120115517912,0.1329738281940758
0.02925751255649512,0.39459122582206024,0.268021389526432,0.04977295493910401,0.18512597771621195,0.08779503122968563,0.16913654641517983,0.1181811310007722,0.13761521981042163,0.022665546216074806,0.13849777044817696
0.060871629711659395,0.4632850755512664,0.31636318487068704,0.06918122445634031,0.18866810533723866,-0.00015867155052614275,0.11861362010647926,0.0217722840002808,0.04043189610698154,0.008256260363188649,0.13862573430208275
0.023143382588253443,0.3308526739238892,0.25230478861495226,0.10680944575160665,0.2727682247728741,0.04782580323890164,0.11713580193652026,0.09236415158446452,0.07576111576343265,0.05674363997504823,0.06797283648715524
0.06303107872557107,0.40199976911996194,0.2933310943463606,0.14529455160509946,0.3102333709792314,0.04902052317191899,0.14292836158073013,0.12052699117725649,0.08464761687331265,0.05682977586314147,0.11867414250227656
0.07132960860951881,0.44586425834101817,0.24021191619966353,0.09513108437540993,0.28384236043587424,0.12079200715522138,0.15512335359506635,0.07297560790176688,0.10730411649841112,0.08603562157101899,0.12852049609938337
0.08387317354895979,0.4157335839582344,0.19562820007071655,0.08781197553914397,0.24587229869434055,0.14417159435087948,0.15761556189928885,0.09244816654682075,0.08302800302530706,0.03313710770542055,0.1603008387145538
0.09257122195551815,0.4733179557278234,0.2320013788725913,0.08907339877897752,0.24394071704647616,0.05516462736365799,0.17677195575935992,0.08889651988629899,0.08610239419381406,0.017466331103553466,0.1434144768589678
0.09693567959895154,0.2885694407131467,0.2745314684092895,0.12190629302793073,0.2645425744716559,0.07458655811517753,0.16049824858293124,0.09943376675381771,0.08946191459910632,0.053973752764713334,0.15702227947968828
0.10326705900221106,0.39781922099750644,0.3203895340686568,0.1385309507653814,0.21356572630669302,0.061509994032453975,0.15407640059971697,0.16559620808306194,0.1393361293959186,0.05947946260139444,0.20766781053484915
0.10882968277608726,0.40821623400756996,0.29910768150176026,0.15005885368318572,0.25306924849203977,0.05082600401358686,0.10631311388887925,0.14311752461333585,0.08208161401882984,0.041949496441620424,0.21830122784355693
0.14146920264652052,0.43882799400089023,0.26159047495642734,0.04794999575026934,0.2571060143471767,0.1068906574796151,0.13695211380335806,0.07155432495658814,0.09978211144360291,0.0676532328810353,0.1659757100436879
0.1310869759760792,0.32503018522748006,0.2524159845592769,0.0854633429865087,0.22458902786705384,-0.017840453737386228,0.14303415384590157,0.08484033616215667,0.07204543643430668,-0.07271774703581126,0.07279879437295528
0.03869096431428949,0.39161026094029394,0.309645077691611,0.03771711282274039,0.25872808617072396,0.004770405725630682,0.14578550120590533,0.07473447910107082,0.10407666247790656,-0.04472523866605362,0.1330657884553747
0.09368402170123524,0.4363403517445735,0.22329362604748532,0.07030027415669768,0.26487759681489237,0.004332542204583653,0.1882892763192786,0.023199448696540323,0.14530260254837962,-0.015186740582316588,0.11648727364859328
0.10941205531670359,0.48366949340725063,0.2894681976685169,0.12127763394174966,0.21174258168367963,0.007460164359047231,0.20336147751375314,0.01928088723692155,0.15873156154531262,0.024930011844881007,0.17151946191118428
0.13613301038874176,0.4843701461518717,0.2673643619300859,0.08195106564216036,0.22907641242799515,-0.0036995605117516217,0.18710591679801547,0.021586981563082686,0.12826104960195808,0.016738246759494514,0.09040699574653474
0.15272876984596578,0.4080247762574136,0.2956466724591895,0.10125985239595753,0.19935900340455884,0.04287076468877007,0.1966055924859726,0.10255199904084712,-0.010208388960793678,0.0574511990859356,0.10770078664530633
0.10477589312423484,0.39995145779411106,0.3274172561568602,0.07435103293791322,0.23947790165414362,0.05576878671560956,0.1284061076244269,0.07056738141549733,0.07825669223676163,-0.020720969906716766,0.12427334383435533
0.10296384394367963,0.40620327546452806,0.30318422120601846,0.07568331459766281,0.2110997065905078,0.09127736698855615,0.08133633342055717,-0.012410808329505465,0.06708449299758788,0.015817280423067945,0.17584695693112917
-0.003821098556104813,0.4603779778040881,0.29567857725205476,0.15412376358198931,0.2476791052940972,0.10656550807225867,0.1406121724121795,0.058334851127488034,0.07833226183755977,-0.06361513995514739,0.09642708163721452
0.06273062811526765,0.43512128831635466,0.3116709433091761,0.12658991581362972,0.2685208487020932,0.021729637866618894,0.1818653274348822,0.05652977484524952,0.092689294554182,-0.01414496132908584,0.11054026918654862
0.08572154171960294,0.303736548925655,0.25594041302830456,0.1190853532068679,0.2585339908676869,0.01560004924423239,0.132798911393599,0.07188820650227669,0.10218378813741924,0.03362833412505247,0.12242468387461225
0.11571244945112476,0.3268844916834842,0.22591988954836248,0.14606947223782615,0.2826561941794009,0.020637990533768035,0.0609042926372687,0.08671924716694626,0.12090087579190384,0.04402399121337008,0.09554191577036837
0.11643162730260923,0.3571860010256547,0.269887662103577,0.11724413123471161,0.3011647741401959,-0.08930872329017278,0.07423769320666952,0.08213620723919242,0.050327409022202466,0.017150307036894255,0.18515866872585995
0.15727658963387403,0.4054696895709213,0.3116917346946955,0.1454709333297316,0.2761358664509545,-0.06787953006591221,0.09777852189239823,0.08401697988958781,0.08056303080168054,0.10471044974955054,0.15454363698166623
0.04333454736547405,0.4419088359186657,0.31843172097371564,0.14540970891163035,0.2320914061103887,0.02132190189183187,0.07723380834406951,0.09715736123389096,0.05317173425163215,0.10493833687217508,0.15336234902923948
0.03816006283712782,0.42679239734701535,0.27647809116738215,0.05689242395137173,0.22852075697518612,0.0741401595018608,0.1417555341689588,0.14068867572231478,0.0745389968562639,0.07708121098195908,0.15345813090403435
0.0713991153003317,0.37256785261612696,0.33266301524166414,0.09964875409753178,0.18025089241747141,0.08735791857312791,0.15301488795092844,0.08266337142687022,0.11771815707642111,0.048969151314160624,0.09858511339973908
0.11172743363765311,0.4070488646037338,0.34205257668423134,0.09674262121729031,0.17884759420598795,0.10727818144500022,0.14422578177231646,0.045746631971819544,0.12894720801038356,0.03474483922339176,0.1145222023723643
0.11638719484360777,0.45737270408723657,0.3299676466040175,0.08429358079930255,0.25964057370180316,0.09852260615931069,0.15169472871000259,0.05942078280790142,0.0676299184207001,0.02321617403859892,0.11367458623275388
0.01995127381262804,0.3037471255215199,0.27123718270960173,0.08840648542389479,0.2773720281720498,0.10580426609617362,0.14620205722677676,0.07244541294830907,0.0327438671340799,0.04420201240489499,0.13430245691946466
0.051334828848866886,0.300817534925142,0.27206976994325266,0.1081842137087401,0.2122318741878541,0.10596915429145753,0.07068477245454872,0.08757008554840827,0.06555414925489603,0.059686739728588664,0.04686908437519963
0.03628050991467053,0.3563343285380204,0.21147465547586994,0.03270630267320798,0.23535486381969356,0.10335703237579473,0.14102626494243753,0.11648913231729771,0.08398678032211251,-0.00980094341102636,0.07711757279568679
0.044460485713818464,0.3785308518990591,0.22915662773936618,0.06278958625543335,0.23703255975206525,0.04007778819861464,0.17333681214762037,0.08731289365794342,0.0954029792206613,0.05768597409912897,0.14112070173872748
0.07561951519843545,0.4287697882418957,0.2687148105587164,0.10707837674365563,0.2292438501911725,0.04975500285841018,0.11903185548803899,0.05729371144138691,0.10677357772574989,0.08055002253572699,0.15902853594063043
0.08282327627259857,0.34891176842167265,0.2393565242913707,0.12568900844179884,0.25184207591222774,0.11165949174834819,0.06627851760405791,0.011986166157189084,0.0029269208631748245,0.031834822748835215,0.07084473797002422
0.09172256997589644,0.3741785768133924,0.2931176951131521,0.08112274306621896,0.26321146955809205,0.09458415052184246,0.09992286798448097,0.036892360067097195,0.07076560736831487,0.062127718073587544,0.13283299491202444
0.109373520216758,0.4287824500439039,0.3017958559108771,0.09890123546441461,0.24102895820159528,0.03393365474003295,0.11638710232266836,0.07913498188332203,0.10709955683598901,0.0803004889431925,0.03121874822535209
0.10661286470201793,0.43445291997149615,0.31113133195008713,0.13686369598745743,0.2542612630062863,0.03863637152846443,0.06545843239851064,0.10789644434505646,0.08652875821640175,0.034968332038639326,0.10999242622734098
0.12933847329530232,0.4425274099668575,0.2660019726437552,0.07740488018872001,0.2624464307631025,0.05389705582765824,0.052416418702679254,0.131859346480957,0.16038904882816868,0.05252915718186105,0.1402211304552849
0.05166193423330457,0.45567053028733606,0.32209605236997507,0.11660968252243195,0.2877003791173466,0.07103925371744911,0.10276215055477972,0.05907659441077738,0.09960459829968478,0.042488017128308075,0.056270325241091525
0.0700001438583269,0.467164913266778,0.24304955678381926,0.1059554575450233,0.27089390095745464,0.08216106706693921,0.062283001096683346,0.053800260128466317,0.1052031407025817,0.0040096074181248985,0.07410774809354297
0.06344079109346296,0.4148943092578041,0.2705275505203553,0.10830476731064126,0.1613750112174126,0.022345741326822748,0.07334919752407792,0.0730058213800051,0.11160033658973693,0.014299173455858738,0.09813027263448802
0.04576329315963125,0.41227142177230525,0.30594072973381115,0.09667036810105585,0.21803476556681253,0.05924226844715412,0.13267359280679086,0.06291964608708996,0.1505756138565,0.06818391599843714,0.1204828824993468
0.09529807279440694,0.43010711299024307,0.32507948174176826,0.11490274283394794,0.24961979042197224,0.08766777337832057,0.11359056661036106,0.12660023243911026,0.041885671933423047,0.05183415756830813,0.008358293470151767
0.09885060047065111,0.3911574884584978,0.2904234862345737,0.1334139396458729,0.22791050681669822,0.08757706710525101,0.1371452213117346,0.01892143009700871,0.020717895749971425,0.03959951039398471,0.09261405130120325
0.1146430434632941,0.44355214628538553,0.29901645352729955,0.1471027727216513,0.26141455408700687,0.10771065711428884,0.16813884921128644,0.054912886389496596,0.06043180130107016,0.07402037623774618,0.10609364157215645
0.1466954829937909,0.42173532971759986,0.31669010448998813,0.1074095693167092,0.17327880296530107,0.08747616201012222,0.10140085711364001,0.09017188101381238,0.09138440640619847,0.034670085088953424,0.02126933232078787
0.15376064276299103,0.4449973553479113,0.2780113464486912,0.15416715165358208,0.26962551173079496,0.017770365868187657,0.13875428400587808,0.10950004243839641,0.13381107920924024,0.07500046625237769,0.08465081194401773
0.12282410060366047,0.4574632595299196,0.2815662034300835,0.13597865264094397,0.251010780993903,0.04484583170408213,0.14341387442492254,0.11829513035842001,0.12374976620118402,0.04666565441916654,0.15107924539933398
0.117265748053425,0.4440127542862463,0.29325701394867976,0.07535643453386423,0.20013230386446063,0.07319189320773906,0.15688807066618887,0.07154037304984225,0.14000819862628816,0.08669784443415002,0.11299768771706523
0.08711702906890342,0.48752626472093785,0.304016611686934,0.08551168488058727,0.2211304828238861,0.05680794828282221,0.1704255865648699,0.08209508103544144,0.10527400693851079,0.07472027351474718,0.12416337668688147
0.1353449110351324,0.4951106340689815,0.3109822520614985,0.09677684035538975,0.26203661513211196,0.03762789945139316,0.1887253368672308,0.15094760194387263,0.13733070204642778,0.08012272258604329,0.13012313792152488
0.14846801381870384,0.3804360438094837,0.31575376659595794,0.12424559445740485,0.2802261513976255,0.07157722487953323,0.19207573813810536,0.03687529448071307,0.04682784850472047,0.011489008393631745,0.028383032639653614
0.16177235935924603,0.4054686416229929,0.3311315784590805,0.1762028601424595,0.22412265187459823,0.07207828030490168,0.22308194893734648,0.08360031042996796,0.044471180379915515,0.05390982528647671,0.07949269901650369
0.15613571458700795,0.44922396318268987,0.3168608199965701,0.18004002581520015,0.21615510691831133,0.08087448573405315,0.13904928089302498,0.010324996132062707,0.04842158884962876,-0.013643993916832955,0.11425114273603422
0.07344763892341936,0.4722019273302609,0.38284435554697405,0.12385524694324276,0.23873883211288754,0.10190554872874372,0.20619901504085827,0.03513362650665975,0.04922503244296178,0.028772673640210713,0.15593488946009892
0.11981412962639681,0.4283780695427482,0.3424649877654963,0.15491910090639333,0.27078732127956906,0.044421049759006195,0.1797110831154846,0.06432047622170994,0.07401653684934832,0.038341423378022474,0.09418189983382577
0.10004323139524421,0.40723553926642375,0.2395448987715324,0.07233322066172192,0.23980919297056774,0.07865765671017366,0.09385437040890404,0.07568803365822,0.10400170593383945,0.07211365593262026,0.11220866152624051
0.10548027802722906,0.42663576609798703,0.2837356614417067,0.10039234938001976,0.22404849480497596,0.08385874759031517,0.11152569306370207,0.07786637580015147,0.06390590553539867,-0.022209421518374878,0.13703681310778937
0.045357957076235536,0.4660106308486186,0.2901229753328683,0.10361135072157462,0.16459785321339956,0.014809797283861713,0.10324083526378305,0.11582953330296722,0.0028098218573461772,0.015052749099862366,0.13862360167431542
0.05912950102919944,0.40274361600777336,0.30850554382259876,0.14601067171923343,0.21525468887646693,0.033064469825413806,0.09026191470870705,0.09757439182245628,0.04904212557048107,0.05272959420008125,0.1515767443814794
0.1132410296727855,0.448448851159887,0.33597967862718287,0.1761548025690652,0.22870980047031442,-0.006204600818538407,0.08938949115460797,0.1282780517413728,0.07648853124676996,0.08318631475119306,0.05736155887651993
0.14555619231989625,0.3986137357548509,0.34644935179426684,0.11221846016699782,0.24039300698260616,0.029709965995774294,0.12243292011348916,0.07372806214123781,-0.07961552814718646,0.05828298702959487,0.07774861137597812
0.16323847352690762,0.4518363375026684,0.31323457758886225,0.15084353949632917,0.2522207515611283,0.018006076890101745,0.16954924653181486,0.05457262261082929,-0.027690868594841184,0.046005650276820506,0.09967701253394584
0.10935068481466505,0.39626196712549716,0.27575383543085885,0.08330318461255087,0.2524350375280185,0.0782348634108015,0.12234810011704927,0.06320642468088161,-0.009709631693996176,0.05424177879070648,0.10703056975271794
0.1446543953329026,0.46356758435053946,0.30611649442225286,0.13968601360436794,0.17492143314029804,0.03452896402141383,0.105133107688437,0.08766727015310932,0.09074141136207312,-0.02760410445633111,0.17345760164107377
0.146828587876838,0.40148735487137305,0.31575011515951523,0.1592740710235478,0.1861827922790703,0.062030913082856215,0.1211354173828232,0.09231194155402807,0.11991529651615432,0.002789770170597939,0.13675601384342892
0.10041846079177605,0.4376245512810489,0.31937896704884783,0.12187227378593053,0.1883124704544314,0.06341333702744247,0.1603247166880742,0.012402744030290182,0.044976393465775436,0.05809650901438274,0.140499152860956
0.13768268023022892,0.4046039635940386,0.33617278771066705,0.11650199057107906,0.21212657641332258,0.08314366466765562,0.11297637515593861,-0.0005174172064149343,0.05648902724933038,0.06060384400842557,0.195906428849958
0.17607328950793333,0.43165615871934215,0.2268883252212175,0.16818272126150352,0.18164794242289176,0.07491144721525111,0.052993673400511566,0.02797641455419397,0.06632855590486478,-0.040148961803758626,0.16177560015852568
0.1379744929935752,0.42189395332314167,0.28742217132507636,0.17233088192014243,0.20758179542107047,0.03952538501849885,0.09318882393134142,0.055901012228849925,0.08851615252085888,0.005612825494486568,0.10577473369769756
0.13892641557315621,0.42962775542365883,0.3300688209364482,0.11930627784715636,0.21749288735354522,0.0508165904687372,0.1576740887902507,0.00975634194300107,0.011079932637932341,0.039647380905806814,0.15090352792626133
0.06359343711765376,0.42386581498534,0.24409399970519965,0.0483427797368162,0.2537067498476978,0.08773767252777875,0.1071055807629601,0.04282316406087397,0.06482989503337476,0.01378404729227273,0.08888229291356184
0.08352583066905231,0.4027553953363085,0.2808716424854467,0.06614064582412331,0.21565180001556808,0.10393061250619802,0.11879377476445269,0.06044495635164227,0.07323076429897746,0.02808175252022103,0.03505690400064888
0.11054227421316555,0.4221357557991612,0.3132716948922688,0.09451084086173671,0.2470076850412814,0.007441181271155552,0.16568186159392134,0.11505210981788773,0.0980754751842142,0.05571611206003289,0.09430024720595483
0.10102244207607987,0.41087184423453904,0.23589062105638706,0.10798016182430853,0.21668390583902253,0.024207312903765467,0.1694910177422127,0.12058285231977905,0.022006716108691777,-0.03562823110329556,0.09930003676451732
0.12913434088140716,0.42682366547279643,0.27024157797003134,0.0289684118429643,0.23797337512412034,0.08068759892102935,0.18976127364536793,0.009296989946470179,0.04528690647512205,0.028916783086952176,0.09852575432938679
0.15549799536543385,0.4573103928678873,0.29405182262114105,0.0709289530734046,0.24417157101642456,0.09434544785365968,0.09825499762584965,0.034740584052325656,0.08324378952268288,0.05686066231553634,0.1010418359791436
0.21309804213311442,0.4668269113657885,0.3444635233966503,0.10723201202273926,0.23499341584569677,0.10870155111256888,0.1283669567111357,0.1099020374503495,0.10097866756106066,0.08005064484018821,0.035008529196954685
0.14926395544101417,0.39646314629872353,0.2744997092660325,0.11333540773987782,0.19757746004988616,0.10032404068111511,0.17101658242237205,0.11844974759485694,0.07051255941115903,-0.00031218406957742186,0.09620404318810362
0.1613005382910616,0.3794839347686263,0.3328227770312751,0.12876624584301244,0.13939792125569023,0.019828829437653073,0.2098387982444994,0.13455379623347774,0.10876036644240059,0.014572452393743442,0.1268278986866965
0.09827707842680766,0.4216044942155195,0.34649501263988247,0.08382942895009504,0.20704517670164335,0.0470376885965219,0.14877049615415108,0.04176214592410453,0.11361394923177404,0.052162096037243,0.09446130931487662
0.10530646889770506,0.4582156170318755,0.2944218049178082,0.12073315249253924,0.2236692159887422,0.06862619515352383,0.16973979724054084,0.02362698687352817,0.12767021249748559,0.06597479422028218,0.09245310280381269
0.15061830267450782,0.4552042033753406,0.30116254204462334,0.09764996328818996,0.22550216920651311,0.09940037213559712,0.19858358044830818,0.07309346273097299,0.0586780453922285,0.009716839570517787,0.14834452950665628
0.09406712153757828,0.460137270519022,0.21794888903282014,0.10081481062926145,0.2559108637824755,0.08627703222804671,0.07724351700064175,0.06505694167381494,0.12242425202178836,0.02768333745907762,0.17540733477888373
0.035717134896267516,0.39207735755419365,0.26853510586206636,0.08875365733582984,0.27288986344743776,0.029494815666146274,0.18758084518920076,-0.046401155964276505,0.07807349588797272,0.04294586152432042,0.060575757996167094
0.07436884519851922,0.42515354540968925,0.27817054023556864,0.0911518251133442,0.2192272840485427,0.033900218006613594,0.17819697748343385,0.02832943486111561,0.0887138808568847,0.07998060465209106,0.07058503760126864
0.12467070991903692,0.4487441461490168,0.277162532649929,0.08899041604148106,0.2503061521127111,0.06551159973267395,0.11844647703407993,0.07406545383659918,0.06711437136322616,0.021827033035984687,0.09892390544316862
0.1419777214795968,0.466681441974502,0.28565625167807474,0.13253352743762623,0.22411750216601756,0.07306302305236179,0.09527418248482598,0.1324024591877443,0.05234157365784727,0.06051856036479811,0.12433439297445771
0.19499597820314607,0.47806068105440813,0.30662762267023097,0.0855063734516036,0.2675864343093431,0.062499284555364396,0.20846627178831625,0.06142238852319076,0.08252665037854483,0.07834265849737529,0.11585407256367626
0.12024621974453006,0.4628532860092571,0.3457730180581665,0.09816476711314978,0.197855069623931,0.0672870514046828,0.20724617573082685,0.08468251808870352,0.08857244900895903,0.06995334998362983,0.1232786003772397
0.02253418100658402,0.4520618335004243,0.26378974677213896,0.0665193859450824,0.15753904965520799,0.1023963814363954,0.12871507809440677,0.11958051092344585,0.07182452393114068,0.07008381463427657,0.1379707004990806
0.08166649221061971,0.3217364298180301,0.2873250039610805,0.07859531632604419,0.1726728344299251,0.043082067563533555,0.1600464123148529,0.06365119608686312,0.07361248955071265,0.001900126937529311,0.14767238085301554
0.07785937375894572,0.33045466953109526,0.2900586058561009,0.12869620178888988,0.18067431193719546,0.05600598114060242,0.1784262129111237,0.0243009379272703,0.08626215686548977,0.028546979603451445,0.08959071308312473
0.10909782555651733,0.3673491262306723,0.3114287555238975,0.09104976242221025,0.1983441369408337,-0.008559513426249003,0.11094374427282393,0.08252292997563962,0.09784997117487995,0.06965060831966273,0.14304212815396902
0.07764412229751079,0.4121847843917786,0.29083471198278,0.07972028010625047,0.19914322481288788,-0.017760088860491043,0.09751325233297857,0.1089831082636318,-0.008232999430583823,0.0708982015735094,0.10335805314787624
0.07440310173762359,0.44252439633437624,0.30336183735546274,0.05393166095068951,0.23674422616550708,0.04657454837467174,0.08121505685085842,0.036221637494394304,0.02145099340272558,0.01609526667673392,0.09834728419214872
0.09584542741390598,0.39435505480085,0.3173894132713704,0.048911301901339445,0.22462735122051924,0.08272322338919119,0.10860386108247358,0.049967730830956306,0.0344126793579122,0.04672251989757435,0.04023887963316474
0.04429484528911241,0.39388050784637646,0.30168249401901603,0.06969512360320332,0.23429299906786366,0.08323357910156894,0.15963698383487254,-0.00559493419507811,0.05974626633954601,0.060386320912861946,0.06305874356911477
0.07232757932287882,0.3870840248735557,0.3111207683470263,0.08734932404749701,0.2620371960524478,0.12950148101969944,0.1333992394599384,0.0336735904764598,0.12129250444935549,0.07253723209009089,0.11264541167072037
0.1062604429968656,0.4267631620243685,0.27267456972757226,0.09165233245777539,0.2955164536765179,0.05500903028533535,0.14784059827033585,0.07577284756983432,0.05225050220272676,-0.06149625660764376,0.04532968275469894
0.039795884924510264,0.4262614863302324,0.27794972268663776,0.10967077203745806,0.28294988923227943,0.09672832821785259,0.14306829291400686,-0.004527751440613569,0.059649232925522155,0.012420506686568255,0.16439243983188428
0.05521805352305645,0.45088903386407564,0.23369694156934054,0.10649299134777365,0.19850412548447713,0.08434409649634507,0.15809070135439326,0.04581355449659999,0.06155224440850284,0.009705917445626674,0.1736230670275178
0.038914807411309,0.3109292906824999,0.2764487878621794,0.14219861464257755,0.2528700118924261,0.0941661107373735,0.1401937186192057,0.09721743596099823,0.03276015390475928,0.024747435971156997,0.09561961532551977
0.1336275964300281,0.3938614830949283,0.3187225563630292,0.08127096685410433,0.24521158260447545,0.06917189792018419,0.1806832358403508,0.055153369659653936,0.06215718418424814,-0.020781164286748543,0.03696982238443905
0.06654411269939267,0.41442088378517355,0.27245859201185957,0.10783469068567725,0.17603453465267407,0.009959906137838578,0.1653441459683047,-0.005676595557030817,0.027873878943780305,0.05055053899062978,0.09101360191583355
0.05538291132848726,0.43123639537935154,0.2467122997850944,0.12188522941417634,0.20267432975303873,0.04212503962037276,0.11698400737846737,0.022529252142610232,0.00977294101097796,0.06358963933245385,0.13624014429727468
0.08532825025326363,0.41061220772469037,0.2777398059637316,0.045164808535004694,0.18454637268597454,0.04431834612967114,0.1835193808973638,-0.06637805703696499,0.03961820174706883,0.06327180842369796,0.06002732718127059
0.082416881371506,0.4536131812537612,0.22115672237958497,0.03637098929573874,0.20995222858368395,0.022917900925961156,0.15300838986148088,-0.009133134242588173,0.06856610719464017,0.08479451844524355,0.11180213785127865
0.10070181095291789,0.39396406089578223,0.24294559086288947,0.03513965413002423,0.20824812830291614,0.06368934227371155,0.17837599587768854,0.043313689575353365,0.027395905739506565,0.0813869645495297,0.10549321399957022
0.0622124405561097,0.4266915777792563,0.27291919970122247,0.05132492880594505,0.15594801780847897,0.06096380449269785,0.2272555933157079,-0.00021211221974838155,0.017005989274424673,0.07087570404113917,0.05041469220831015
0.08195297915111897,0.3629086471050609,0.27431864321959987,0.07867188533794311,0.19412078108430622,0.015572361798720003,0.16491606368594414,0.038092225912067484,0.049877009399716704,0.0767206905522563,0.11006422142031556
0.08723183175365673,0.4163165608991053,0.28524808689784237,0.09490272794995144,0.16768569276182424,-0.025872627257755746,0.08214623504881671,0.06364865689875243,0.09008097283374979,0.11350653648307725,0.055683117989289724
0.12698656885816664,0.3569463048318111,0.2732318065341143,0.09012213526968452,0.21308602089727213,0.010331495132964342,0.15058138327181977,0.06675590999303518,0.060219527335110955,-0.004625092678939746,0.10219945424438551
0.13655945532743152,0.42998450439228453,0.2734201491505094,0.12978008212797476,0.21532245753642215,0.026436748895500992,0.03171619197101051,0.049843451385028194,-0.012298005157776895,0.10383063820240376,0.054594975538401334
0.10970276993678392,0.44384286033987397,0.2746059568305071,0.10834057899822264,0.2365435709366825,0.04329084673008539,0.0978081830832809,0.0429611888450859,0.0624137074194951,-0.008097353135514221,0.12281422490221568
0.1384238162837735,0.42241064975111225,0.26313236102171894,0.05391211626613859,0.19793332609122563,0.016117614679487587,0.16510189821257182,0.0601125626657164,0.08157291356680875,0.03525341834915185,0.11934915359239227
0.07645567032181307,0.4207182763667549,0.2355049528603323,0.07606154239873641,0.18201850888996635,0.04794843295850726,0.18861792278009384,0.04630825444947646,0.09323727588059713,0.031559924665873214,0.1330644893782033
0.09687341934934177,0.43875938065367126,0.26437994370533735,0.07276810386472735,0.2081699858146322,0.0749348524139416,0.1386403759881121,0.05809504829124997,-0.03662000890314466,0.04906120080360975,0.15094022067894006
0.1262224159773719,0.4989415022933773,0.3267116673821501,0.0860003784451973,0.2646550894440448,0.09283676017374813,0.16632861394655468,0.06525037126210148,0.025797704711453203,-0.034541560145018545,0.05086930948143069
-0.015179062778309611,0.4156217642593306,0.2710524983804059,0.1271260267659072,0.2727273845606172,0.10509930344968837,0.18536368550277643,0.04788070450172337,0.058454509833072994,-0.007858657018762788,0.031137835766494617
0.07188338612671955,0.34866199725954006,0.3004318142232676,0.13354395725989773,0.29578508886086063,0.06374096796551722,0.09685140226019436,0.03239290873886192,0.04563812835294545,-0.01844382480668195,0.07670525951843524
0.06364610907286393,0.2678266514649178,0.3123190497580467,0.15019983459750755,0.31031551836733395,0.06732813844024998,0.08859382044355438,0.04684040075404858,0.021734833253284486,0.01454806150878287,0.13378896128830597
0.10869176688249252,0.331199390411709,0.3308438047083433,0.07716920874199777,0.23548511096420444,-0.017367917446646945,0.0897088592040724,-0.0033681246709885673,0.05805806676610541,0.02322449856834069,0.14460377463221358
0.0929523394635428,0.4106567257396973,0.22947762499137056,0.11399376533419561,0.1548351667894232,0.046747066534657974,0.1771613187282103,0.07547170000074885,0.09685265574163476,0.0236416908693052,0.1769514771022952
0.07114374456117473,0.45433132988614666,0.2330728202192388,0.09475635315015646,0.20689392581307847,0.06089649535851837,0.1933623633887382,0.10195621814779272,0.09975321642089507,0.030580539123090597,0.17388004573331195
0.061602628781082934,0.47019385771062805,0.27997952626802325,0.08695248521852182,0.21617370961097504,0.09061363467158466,0.14950450535095997,0.10668296390511955,-0.012435216673897671,0.013647076715790777,0.09866932381646054
0.0820935383225384,0.4938902418887292,0.286233489788415,0.11343629753140674,0.2236923557087111,0.05139866939384813,0.1681106717041397,0.1235740758317685,0.05181439161508898,0.022059263429641672,0.10616196423668114
0.03106225305651309,0.419785710587451,0.26882598861878954,0.06341977662203538,0.2664036528483888,0.0997524922665241,0.1289084304543299,0.0808202061550531,0.05778202181605974,0.06601456921241738,0.13721136266539807
0.06454952011852849,0.3541020068297276,0.3333585115516688,0.09552698755761123,0.2731877918372748,0.06324233560373232,0.16040458355087273,0.06894587193473371,0.06562077898888712,0.04975843166260854,0.14106209409063922
0.08349897166488873,0.3771102660309771,0.24030785384922446,0.10618749568566566,0.05990513407400483,0.11286062541387512,0.17295316903605698,0.08512011180875617,0.09024570381946516,0.038983038320224254,0.08899432717637841
0.15294614095832912,0.3010860169462565,0.3067043667543219,0.03884179008124133,0.1264338293584477,-0.021254051071436186,0.18244281573482057,0.09569937593510972,0.0957709548681917,-0.016529810568872427,0.11963811507767425
0.15289204786029625,0.3476908751276526,0.2788443831274546,0.055193627521287536,0.1365927757272209,0.011102689014435379,0.1609790861075857,0.007218903568259569,-0.013049654170054211,0.030041854882043605,0.13465247749715514
0.04064103226621401,0.4406287768415221,0.31159740825761395,0.005651852008198444,0.1359834726097435,-0.049762397467206024,0.1708631884583895,-0.002836743827012851,0.0009927982422946258,0.032985925397170074,0.17135964759573608
0.07904734563731534,0.42260715765701823,0.320481237904882,0.09288193331565807,0.1634591001580173,-0.002154215205923543,0.19775121247103353,0.01577755018511907,0.018306928625203056,0.058089006867259485,0.17061349250287747
0.15941396426375512,0.447713424534546,0.30546440322507906,0.1012064476533675,0.19906860296187018,0.03547274864102462,0.17311887663613437,0.029916936772680987,0.08659868070320231,0.04927945433217972,0.1388467573649461
0.09069475536714997,0.4613325931081278,0.287962129321582,-0.005389690840949831,0.14903994108244678,0.09817573023410403,0.12949836648872906,-0.018631997755192777,-0.04383161071764718,0.057434019931591015,0.1647839884713483
0.10460364791248047,0.4533496405567615,0.29940500928659375,0.023668457592886005,0.15111101306107802,0.09438027659768454,0.14306512680395472,0.0520678957210885,0.0036213461546242033,-0.05542894557112206,0.10181511430036884
0.08986422199301387,0.442894367283133,0.24194406575177663,0.06274261332261581,0.22184166248733905,0.0734788255994259,0.14836408478410507,0.047132059667756854,0.03671383511015326,-0.0293324154048241,0.116948672134702
0.06785258913743884,0.4724652289261879,0.3062431310370133,0.07949911048776413,0.202014699842936,0.04844407370278476,0.07265388456874164,0.07767267091807623,0.055314767629766975,0.010106462630528872,0.15032859562317907
0.11955310992163692,0.44668513084654154,0.32149654391782345,0.05979580814378272,0.19942501673317814,0.08153171463340389,0.08851201272728842,0.08868214939241727,0.04695034047905979,0.02635720596471374,0.06975237101609894
0.03746263265053583,0.4529674211911233,0.2722811833664326,0.06263778946408373,0.21675634220881845,0.015311989495122455,0.10855076176112569,0.052539732343419694,0.09484748597600387,0.0771679735408829,0.12508500720158425
0.0818937620058321,0.4689313661217747,0.3084701977898974,0.07622232795673914,0.17329776876751243,0.09399044714444946,0.1554234583080824,0.07060317463410014,0.06090847598610876,0.07275678722083155,0.14831784580890095
0.13227666140936264,0.420762729835271,0.29931301289988665,0.0622088653028144,0.17417103754916913,0.10508644452820262,0.21532515133567026,-0.0046286966017953625,0.07346157146860391,-0.0014796434344024958,0.08370046566127062
0.12365120214827856,0.36115314802138504,0.3028330922218153,0.08326969831169084,0.16924023088462656,0.12363667668858927,0.17602345132534344,0.014608178217476108,-0.00042549574321718237,-0.025144094766798967,0.13134343910900448
0.121779173569093,0.4726498814266483,0.2508070281795576,0.07243026500738536,0.18587714193618227,0.10715265973919454,0.1794733875089724,0.04145104012752173,0.10168766809169455,-0.0013735575451758152,0.03348924308982458
0.04767672116881133,0.5112422577703362,0.26580841227234797,0.039957716363525075,0.21106986737548752,0.1283356225497113,0.1471399024542713,0.07838745700393511,-0.04012464767842494,0.06012216053276702,0.10352180258848476
0.1493183771128139,0.1366605772866618,0.19815634501775725,0.0635785092146314,0.17102898292897725,0.1356406308878796,0.13783441035546584,0.11261545668245918,0.03740067213253865,0.08813010113960411,0.13979088258743333
0.21726388252272688,0.28872504654221487,0.29487755690723644,0.08052437238473012,0.20469648234008964,-0.003033889184494115,0.079035793852335,0.1136428863902177,0.038803998111890614,0.0926305168257931,0.04101080282039737
0.2608048755196399,0.03979931990964101,0.2624157638063724,0.09461543770280482,0.23247192333014996,0.0192495097766097,0.08181816678945156,0.07272744116448607,-0.006404117266885909,0.07587422426114952,0.0915224570352115
0.2843607875994798,0.04076503917654338,0.2731599690124615,0.10027331149705065,0.23233788689177132,-0.002731331985927224,0.13056550988264926,0.11153857500038751,0.06849774497587213,0.10894287510538622,0.12043956111845448
0.2980799029216502,0.04155369239349273,0.25394362573176926,0.10522476321775057,0.24756082749732636,0.06251842900302293,0.05330331512807921,0.08826696145676698,0.0956678815226644,0.14219889212024567,0.009727323235827074
0.3010961748956283,0.054328708935185314,0.2365180483693926,0.10565856310703259,0.2529430670956075,-0.015480695687669183,0.01101320040239127,0.08861087378523205,0.05701842949930184,0.041994040448318455,0.06205733614609602
0.287200031104919,0.061285686660532676,0.2321148015232869,0.10296192425895624,0.28314022738434896,0.017927292288813443,0.031040208626069467,0.10036593589498027,0.08729428776649978,0.05774374210407657,0.07367639567049136
0.29204713010361294,0.0711648513650254,0.24386693646512664,0.08946104639450089,0.26956931967333664,0.008476131096470337,0.04447229864169495,0.12552634135997173,0.10099552185397752,0.07384500774502983,0.08407338056500542
0.3001865194927819,0.042042727342138916,0.15336733201763436,0.0701459176650775,0.24943242358314333,-0.020656340634307137,0.07998135447760098,0.1588052758050291,0.06943931400137682,0.09877226928131716,0.07824071375365597
0.3088260699409571,0.022614231436096217,0.19857245366650242,0.083091983471734,0.23105823470362563,0.0567818667772111,0.09843845257551356,0.19754526870244604,0.1195344887755092,0.04144817515272518,0.1061125430146524
0.29071245729498574,0.03257735799438284,0.23656097501205586,0.0831450462979419,0.23480783598049265,0.06042793362261596,0.11179532782584184,0.0366003649507352,0.13480652291822592,0.042862492185210106,0.04131787280886514
0.291683980644063,0.04321942130805009,0.24198776279855894,0.08865189767657022,0.24741005851544537,-0.035978260717273176,0.10616750506632325,0.05851132987795889,0.10737906434518263,0.024306653759909876,0.08040357837754832
0.2866187050622669,0.03297416586672272,0.23872751041189771,0.08077030153791485,0.19599598666429865,-0.13160261668732434,0.09378859877526341,0.11549831202715102,0.018202717788315042,0.03230956266454072,0.09359027399974694
0.2882187459943819,0.028006907879860043,0.23452680147300017,0.09788589357789013,0.23590862455670847,-0.051093878750953246,0.09153596836448406,0.034003909777532385,0.04304723838122446,0.05973430082168593,0.10022555658935257
0.2897757164167059,0.03510909934763062,0.23842771946141794,0.10585468485152504,0.2367419567533261,-0.02438408428397188,0.09459264560704117,0.0773090501768512,0.03414972836091625,0.08468280717908849,-0.033936672991169856
0.2902994077194132,0.034256337985746725,0.24511271066288148,0.11225096344130209,0.2597614818095215,-0.0028835874933810356,0.07751336052664239,0.14548325880838295,0.09213251738866246,0.03242728964548627,0.030632820415366205
0.28518466773248885,0.03646919234989794,0.24261858618350673,0.05821907202952805,0.25257689624250046,0.01813747546030246,0.12973276167163222,0.13892371244549503,0.056620680067548924,0.03337651686360038,0.07222373579044195
0.27210225720952874,0.033059442650555965,0.24601539208815848,0.06110551426777365,0.2510417656678328,0.05522963775864386,0.1191330843568022,0.16288258717582466,0.10709985861004298,0.08406437372508312,0.11682989376812467
0.2830679309651407,0.056890030481199554,0.22195546780852066,0.08840873228844648,0.260349866142932,0.07911133271578405,0.12728070014111997,0.17030348984940502,0.07869216978623642,0.10446733337525144,0.048199701631013975
0.28885628099998006,0.0316684611902614,0.2281755274222707,0.10396681720361894,0.15919218109029346,0.09791098789714096,0.20354890869605433,0.11490718137485449,0.13430593921921968,0.056502276746722625,0.034708416979509715
0.2847155524088666,0.031898120729389315,0.24398346021066275,0.08032388101796983,0.1672650669667784,0.1054795295640506,0.14780211728265194,0.12500451537843152,0.11446124767368045,0.0760716185043,0.03658755680921225
0.25354648519957124,0.004980635920992504,0.17146152607609058,0.07898976091577732,0.15947188805719043,0.08985844137582431,0.15613936217400315,0.13201985839967528,0.15978354203770184,0.038849558254982264,0.018141718988340307
0.26008772894832244,0.02540118404108632,0.20981311045974801,0.09842974929747447,0.13014313759894888,0.04524365733158484,0.1814154018042612,0.1634965626466327,0.16211797836563951,0.10452538675148525,0.005981176869383425
0.26967087749234636,-0.011698975091020702,0.17727140754940646,0.045699073639151704,0.12817680903246406,0.002285956930287961,0.13846756220836468,0.11793195855116931,0.023291956197298142,0.019048867547876186,0.02074821277359221
0.2681885889068862,-0.019049460599539804,0.20009780658859844,0.05173805830676852,0.13371248632931373,0.044337345730597645,0.04219649022693735,0.13075811295770168,0.10094554056014121,0.07082812849270939,0.06918345026916697
0.2786899300504287,-0.005905019279520676,0.2066249068410888,0.02343736709985037,0.14266150899281946,0.04171600359035659,0.09927312163776075,0.13211373071635163,0.11810199827521933,-0.028796173828371113,0.0914930522266739
0.30851805522904274,-0.004587152485753701,0.23580776979549947,0.07910313455202679,0.17003256605375278,0.008609687239988624,0.11114145724428678,0.06547718067363147,0.1445878317921367,0.08748260888830564,0.0767935963572174
0.32036294869202286,0.002186229373703417,0.24574662553751841,0.06253108548869464,0.20999307785290644,0.05105553119680048,0.08145430865257824,0.07100825191798044,0.14932239473544906,0.09717881441163762,0.15893703927539657
0.33495703531770465,-0.018312053836159012,0.2512360310200332,0.0789115257057455,0.1738616308507694,0.005637883858000876,0.10015556178282721,0.15020825357289874,-0.008653481309932572,0.12588546895324826,0.08948247222181542
0.3224617847635232,-0.01657776626765811,0.24298630711421396,0.08057912323511637,0.18750628147587076,-0.07519817913252527,0.14594983186270374,0.1489885125321144,0.0680755670454257,0.05406896346788227,0.14204721739751375
0.3257804747820479,-0.02018912685970632,0.2515759765982289,0.07532446297019103,0.18163826500715094,-0.03318130225561195,0.1063177039750034,0.10040249165398128,0.14727285324746045,-0.01994202619722488,0.2030933720844476
0.3044439263608858,-0.003445378787646544,0.207411330762811,0.09501981912106183,0.050778210528904175,0.02120945014074441,0.04942683512159399,0.1154635839331819,-0.02209197367957616,0.020445123276715153,0.06762614702835053
0.32444998515101464,-0.011067100179182224,0.23889282124982192,0.029179292275543472,0.11204243709759912,0.0004381808569714493,0.028793405390785898,0.14451230398574788,0.0033636006559186003,0.03826412733042579,0.07679954481333848
0.33168098306366156,0.006564678526486905,0.23519692400399836,0.05846969017420858,0.16931514051703334,0.05434892606939088,0.029443779531605083,0.17888760304895407,0.03569064359725811,0.07319010781924346,0.13892389587837112
0.33960962015264434,0.009681786859119404,0.25746074641958244,0.0737475166673621,0.17882295860793232,0.05178433294427815,0.07831851711116844,0.1573532326365793,0.0716018597750668,0.09999118353937214,0.10089892780236483
0.34332849980975805,0.015503089324448972,0.25866994691862566,0.11271935702633472,0.24202673568498834,-0.03624729397508925,0.0817564851162856,0.14705278228462457,0.0864021101382299,0.09847005367221483,0.10943836957697828
0.33473263530886493,-0.0336868095593196,0.22998129618125726,0.06361336018374579,0.23762820763027467,0.014143207149420713,0.09416934395697531,0.18442075721708345,0.09548062094154852,0.1046847916002574,0.11136382738374687
0.3147683686503852,-0.011600845154705273,0.23258291983710297,0.1108629484812752,0.27986941320938963,0.054111431071851984,0.16287797102708432,0.21122264304394575,0.11076153804661563,0.10552518334623157,0.11373821244216359
0.31452003065816503,0.01067641394949971,0.2567548877214088,0.13624232171118866,0.26172476553374857,0.10234711305465248,0.08222544110242762,0.22700931982981315,0.08237986046073076,0.07805632440767403,0.10697510943199945
