0,1,2,3,4,5,6,7,8,9,10
1.0,1.0,1.0,1.0,1.0,1.0,1.0,1.0,1.0,1.0,1.0
0.19414705931467405,0.1677068003093347,0.49033773633424266,0.32384823292406967,0.09098503334914462,0.19581121754349629,-0.006701733284300104,0.027290538161412824,0.09888456413367953,0.207901129338344,0.07795865843007178
0.26840673838338475,0.12498271664189141,0.47257390099957247,0.22785284056863123,0.19065259520552516,0.18976895154354828,-0.007987153627703318,-0.02377034892369515,0.0846548032658533,0.12709575546454127,0.03444165693968797
0.3736664754903031,0.198690616911912,0.4897378778092391,0.36997498999022005,0.15349215587262474,0.14534516542921744,0.10170448353628814,0.07659181319041625,0.08915268222161392,0.11015055555649274,0.08595157244630919
0.2722072173013899,0.25790491098563095,0.588674635899343,0.2432824631760487,0.18674757015337135,0.16371271333689902,0.13671394001419085,0.07031317054818624,-0.033095044565385034,0.22560450035797378,0.05786367868704741
0.2222247746232836,0.1963442855777194,0.5209802931830949,0.27572708243939975,0.22430670531875538,0.1506459285182893,-0.021777388933799827,0.042719377996141845,0.01751013662295991,0.0959155572117325,0.007028505623243545
0.1588919619912874,0.056285540531705355,0.4712329350834053,0.3459572727982993,0.08452738713297603,0.20003208840398765,0.08637614327446345,0.07786695000912566,0.09168736728828498,0.21782210903890722,0.06237709972832063
0.2696173543517118,0.1654827978315338,0.49978451077687314,0.22185093385808582,0.16185531675485917,0.16879610658756788,0.08297699566308377,0.08824859109467295,0.0004099762703050827,0.1304592754179595,0.043193186922512436
0.08069731317448708,0.24807800934502283,0.5128819090227013,0.27935537783139724,0.10754552620502009,0.22528813094762934,-0.042145712029554645,-0.010437594646934783,0.04563912636221426,0.10180132944488057,0.007577601840869656
0.22015910777980346,0.16575332705790383,0.5331577811526036,0.2871121205220414,0.2743577638869916,0.2265379642496569,0.034869887763649965,0.07351476069506713,0.039562850549039116,0.13355336091337697,0.06298335089546483
0.1679019997108102,0.15530668332215064,0.5779223762194858,0.283488933065673,0.14000936093777547,0.19790990913681336,0.049368104754785175,-0.005468606862748125,0.1428074158863116,0.13920656445562699,0.01866264502742517
0.22757955031107366,0.18841038757636888,0.4785883925830878,0.36010809682076683,0.19929948949200968,0.2137009472787917,0.13095814289663957,0.07782292729238927,0.08748845915857753,0.18400058966552033,0.031076543503923915
0.25241400273377645,0.16363891520577856,0.5361973919068251,0.29309145595143427,0.23297071717131562,0.15431342615287724,0.01743384372417629,-0.017634645405648835,0.02342492576270669,0.20269687941330117,0.031917831375700395
0.22186865249235935,0.08674958787834176,0.5574534467446748,0.24772932215573829,0.16736485170756832,0.1109493872448134,0.027832200049354903,0.02588976789959877,0.03667306206791807,0.1508070489231604,0.04394696971361481
0.211359563149961,0.0796069051930511,0.5684224428306385,0.23192983518173962,0.22950611371548899,0.12397717841896132,0.06519444112224904,0.010958572567069043,0.07123328512957364,0.15544357515832358,0.058072600334867705
0.23820762464095901,0.11352352123410256,0.31458067543358764,0.2573707146877677,0.20161633951357105,0.1510186250416878,0.09108423825415449,0.01760097236747202,0.04789932452638117,0.1189184884331587,0.039850420009702445
0.23011395072421295,0.130560283831697,0.37548203256939294,0.25852595249195426,0.18681367670067336,0.16599717433319738,0.09735146031545451,-0.008188628171444449,0.07082849315281206,0.09790483541333267,-0.08235092475255547
0.13963396956869276,0.12633113694381579,0.4236894235657992,0.17708654408224286,0.18970034233318112,0.1746644334062218,0.03880093438849361,-0.00414391487048199,0.09633059892081615,0.11190214459481877,-0.060415108263527306
0.19546790776715867,0.1733385722750711,0.236771486473073,0.21089647145120394,0.14365387673622404,0.1621093117485106,0.04370898784614624,0.03049407810908769,0.030448339471885508,0.17928550016243197,-0.03692854305212892
0.14935694667482327,0.16211833704871118,0.2658712664315839,0.25030226052231286,0.11614956866941997,0.1941446165388775,-0.0005994903189134014,-0.021832967094646973,0.02725766467101396,0.13102123768069174,0.0536651671028202
0.21124925743539963,0.16751060193394102,0.2604230666610542,0.2774433460900533,0.13551475751425812,0.1248323035922512,0.00840522379242464,0.014689438974941942,0.06848105100116143,0.19362805854757845,-0.0770762045402552
0.188441909399029,0.17622440156616181,0.2922421579300732,0.30399449854246297,0.15442185436268877,0.1070835115208011,0.004632596855537228,0.05435998448492208,0.10505933151785535,0.15980321872683406,-0.013862295075175033
0.15757925930432135,0.19694884652619477,0.23300319974839195,0.2838054103247824,0.07877265248205308,0.134289395737476,0.051870455281719824,0.0321056123925183,0.06404164008685675,0.17674134901046398,-0.0022388181966817066
0.2016007700294758,0.175407412498007,0.20687794429484926,0.2718542703604339,0.14324484966442946,0.12163174721450573,0.003526361591751366,-0.05535275125197564,0.08816278326918042,0.17602362741655553,-0.009829148044553036
0.2069985120983177,0.14905595983104614,0.26799534523514335,0.2392647593991311,0.14287724299692908,0.16559655030030226,0.04611272816178706,0.017754935778510797,0.11838877706624817,0.16369417453095111,0.01030345982219712
0.1412749847415699,0.1952995107631445,0.17337272049498392,0.242575429272384,0.1425763941409322,0.12664398846401062,-0.054023526986663524,-0.002005403422032624,0.06304246171038096,0.18077946483788954,0.0383593650366914
0.16360554821137202,0.14265808448219802,0.20149902864972158,0.25658836871209273,0.11298439348080057,0.1564612241164074,-0.0016511383294528885,0.04701277568748407,0.07101379694549355,0.16850958942918437,0.11226424303481902
0.14757287643562414,0.18197618336433397,0.2728814735540438,0.2935636794806561,0.12872500500127787,0.16177320929349087,0.020604199747004746,0.059786143774829895,0.07584891042197346,0.15582133806885143,0.010140406041211553
0.17263677386440307,0.1887461972585363,0.27570587153712045,0.28249987338016014,0.0321688663409423,0.10634068272894721,0.04205792800675216,-0.04002902701193149,0.03978563572468544,0.12938315692020172,0.0625796153691913
0.1313982179968386,0.18972318781602973,0.2505675420049084,0.20719964712060493,0.10120377698609878,0.1629480146604005,-0.010355681994105517,0.027281291569274342,0.03860190193935098,0.1804391584453102,0.08601785998287412
0.10028839984011413,0.1611125127699646,0.19980599983187017,0.24086914195033593,0.1329569606961399,0.18994639311492637,0.04209204019534531,0.02753425501917501,0.020302133571212265,0.16884013184300536,0.0023875638081119967
0.06795620450462854,0.18901380697398043,0.23939016719487988,0.2491257978614347,0.06404809910891715,0.14105174678534224,-0.007116560448192629,0.04666254108594496,0.11478080692780325,0.17527747593487464,-0.059290476968434716
0.060987864391898905,0.17850540300901738,0.2507085961057856,0.21239318781323707,0.1095094997893554,0.1991642788673274,0.013133785533853835,0.07283840856408219,0.12384234007180706,0.20242921887822413,-0.01932134215883133
0.09320089022302826,0.19358405701684808,0.23481266486799873,0.23049305879717358,0.17037646936336817,0.2127734144152998,0.06393038974775334,0.056971882976327,0.08579921345999919,0.16249768249772203,0.0318058691084818
0.13028740100011243,0.20549014528319737,0.25962970697813176,0.242343696487336,0.13051255465819797,0.18383815613226928,0.08768041699798135,0.06538322988928856,0.09422892284909959,0.10722164149676307,0.06160147415157052
0.15798236332656815,0.1641013643056466,0.19556026967615767,0.20153243642091773,0.10278649567258243,0.1907804580765685,0.08930335335924261,0.08029359572201757,-0.025375208888958542,0.11313849240509756,0.08828065858288031
0.08286164527166795,0.16480946800119067,0.16685416319822408,0.16052069114602371,0.14490063619914176,0.2028906770247853,-0.03639137395269835,0.06291733577359498,0.011989924987790598,0.12426349680736853,0.11887522429954625
0.11658984225502586,0.1783325798207291,0.2288712803327071,0.18338373365594413,0.12220659604247319,0.17199637785479366,-0.060336485860480016,0.004395755953732191,0.044780135569294985,0.1521992834315504,0.03398996439408313
0.14233668434048335,0.1998676887827645,0.23785806674513638,0.17630248922990438,0.13721600446017956,0.18532943413500125,-0.043317489475996604,0.005608431361751046,0.04690521369557561,0.16331422953850816,0.027021840771024593
0.1751174934190174,0.17093681986215112,0.2730399529912559,0.2216168973441059,0.10110070123993346,0.14979269833466588,-0.032393386198447935,0.06294982909178655,0.09681443957813671,0.09275294422831691,0.06723344541571001
0.1707553771469247,0.17357950530520044,0.24290425677399197,0.11407415067803277,0.07809527534371584,0.17876692987034848,0.0014208187778742935,0.08574614699099324,0.11908785308314973,0.12261843752303869,0.031223815352027968
0.06974939582681138,0.18441439975440888,0.23347722264962503,0.1519707330553254,0.08788246552585158,0.13947686767461057,0.04499346802947148,0.07940571658650562,0.00584452498769403,0.17365564588639895,0.04778344998771263
0.11306169448651654,0.20245170930768744,0.2578362820496988,0.19460504379488675,0.11103351106353003,0.1495970513632891,0.05311782081338826,0.11080774690438766,0.07168181738240184,0.11600391479631963,0.03902987127943193
0.1333937069810991,0.20928607911677582,0.2515980868183397,0.15413578522546006,0.13069622509036707,0.14680253289232245,0.00023212747225536897,0.005654539885519806,0.08071213545416588,0.07439255091747933,0.01044056165661137
0.156701215109743,0.12481606835920078,0.2595036489361446,0.140312641483147,0.07861622665368605,0.16506141518726153,-0.046771136018406274,0.02866493845897036,0.04900517604423049,0.12483185266055885,0.06524378735421237
0.05684772933529723,0.14799462922052742,0.1208182688094562,0.09139614206135205,0.13315978947592003,0.20209984788713892,-0.009112825320618852,0.06450090842995064,-0.040513819602700875,0.11641977156166716,0.0419755567918239
0.10330000536191743,0.1845246703677863,0.224541680634534,0.18552744289641646,0.09720931751122616,0.14950790387842752,0.003652509081404893,0.013039485003954953,0.013218017559733748,0.14466578060091062,0.02000599776167302
0.12358253240318026,0.15480336483805765,0.17587060566235063,0.1766993804009639,0.0579773410961097,0.17902249907632467,0.014847616237183899,0.03404075733207418,0.0022469985893850096,0.13782952363832737,0.025484635855276036
0.13821069761708724,0.13755545625465398,0.20245105058759175,0.2004147928678836,0.028401631395285717,0.1460922488223747,0.015249396608306903,0.04230468899530205,0.06871863946150863,0.18732909035150708,-0.01805669538881196
0.14849203662553645,0.12627309648644536,0.18726262609147715,0.21450596828320412,0.04542896999470333,0.14664691617411807,0.04384984633184422,0.08348426603968628,0.04085110645463019,0.09166344560802224,0.09440923353759395
0.1768852304241817,0.1916737337194298,0.2523850206611927,0.07772413095827993,0.02046160586881066,0.13368541795240121,-0.04685682129551481,0.04480561037524406,0.03695130599297025,0.13651226055351573,0.09954226297795205
0.11642862226959924,0.14610292714199027,0.26491249344916235,0.17562428603745756,0.030310551539496,0.12565691900090734,0.05006766963767921,0.028669757796185837,0.06824818295949507,0.07206396094494878,0.016140796755560134
0.10795389457377266,0.1492291454750263,0.2829814381813739,0.1904861635141838,0.06823863159120905,0.1534664470003769,-0.06661545994474882,0.03627915587887709,-0.0015210226748407127,0.13242702678808607,0.0274235341858481
0.12672850576587832,0.15187290672605935,0.29833562613237613,0.22517310402112675,0.0746844088454093,0.18590395262246595,-0.01547670190183504,0.047654052977637036,0.012528079837229696,0.12163451394825703,0.04471005785782019
0.17832717391223316,0.16586728695472205,0.31066156348284085,0.13244687620741263,0.1700663523581054,0.18743155923372296,0.01241331829232236,0.06729207235395257,0.0893495882629391,0.14383545198923234,-0.012250609934114387
0.1800650834626028,0.17856030725449035,0.1933240171681067,0.16278110413443792,0.16230892353518908,0.2082125978894971,0.022974224468954453,0.04520352619237242,0.06700961704463851,0.1569795614419903,0.042667249183798134
0.0673013624298321,0.19180355587202225,0.22847267530183613,0.16480960770335837,0.13165935962089714,0.25371279787964424,-0.009697347385245341,0.07402049861703802,0.10561259124431147,0.15913554807056118,0.055755005787133945
0.08908503525641734,0.07703513610645916,0.29487321785162746,0.14307296667549357,0.12013327405158548,0.12263549802738223,0.033652530098044475,0.07467971486740847,0.12056980862236504,0.11387405090157164,0.06466399656437442
0.1647503368639162,0.12359588952215611,0.31154011009018157,0.15221721385299,0.12766037228919563,0.14257558005464396,0.0657010713604169,0.07435458428938842,0.122411535546908,0.138501068232763,0.06525084955954255
0.08302454090788948,0.19244223650284106,0.24762086098177125,0.1432671094772883,0.043204809852860585,0.19897917839058088,-0.013155983413577696,0.0920340971565961,0.08420226501115995,0.08671239599021167,-0.010500230267369433
0.1351622427538756,0.17163835747721967,0.30532209105184277,0.15562127085021604,0.0841058248662089,0.1735217043707903,0.03393965757883246,0.06461245059249543,0.0932690417776966,0.08926225910540027,-0.0021614880777167866
0.08158337130491622,0.16802450895778634,0.30311724673662366,0.19315954977634808,0.08657263128806575,0.20550137980236532,0.06313579578788221,0.06744706154719057,0.10523324638851697,0.10776470086869622,0.02789456809644424
0.0606824257015815,0.10142637452052337,0.30577802718192065,0.15337371747602863,0.1262528854240908,0.23926361709896252,-0.011756160921695343,0.07811550330334949,0.11434797177339275,0.17319992264455908,-0.0075574491457013945
0.10429621620216216,0.14058340155667687,0.23657553086554087,0.16867825741103065,0.10465640510985949,0.24224726807005603,0.01395330752533133,0.08917464108699662,0.0853423005723836,0.16458359282069204,0.046238571245861594
0.13770567862244862,0.1599308904706075,0.25024215039468495,0.14298138587567813,0.11458397577561816,0.17003455049192961,0.03948413697791363,0.09932712602249233,0.0841261636869568,0.13207120883927143,0.03026359865757104
0.04981845530135858,0.09827704162322683,0.17583218289751373,0.1763066245215612,0.12651879279503273,0.23946337700151593,0.01954897864922352,0.0644948619911619,0.1270574227559018,0.15217490693077484,-0.03598218337308994
0.12341525942435318,0.10906540539820159,0.2112468245158613,0.137962176311093,0.160658485507629,0.2508218893605074,0.04160684172382144,0.07369995015326174,0.10819760180410777,0.07899306571157061,0.036915383013777225
0.07554437080469993,0.1322896314720158,0.26867529517007466,0.14260272283300535,0.16933850842421244,0.287492334071298,0.020930367733465214,0.08099542587393843,0.03210977784922224,0.09596571329641584,0.05687772808290963
0.12253721722822655,0.1581506680912842,0.29896370550802653,0.12349956873321465,0.19020958978617822,0.29423290657219714,0.05000047718134149,0.10554157477808704,0.03803243211289146,0.09517887389751782,-0.02646263479942019
0.08818282830772635,0.17495334113046102,0.2191868570143831,0.15353322055803298,0.1600761409302858,0.31012566460846325,-0.011923509999554164,-0.023829562479354405,0.05818714914986184,0.11307223568819863,-0.007767660132115784
0.1242329439956669,0.20216889033716573,0.23377176270848704,0.1381674087132698,0.17308710411252273,0.19168046894553759,0.0021718000539446888,-0.0029300247511518367,0.12500879300212747,0.13564360023038152,-0.06396977403397967
0.14939880639660552,0.2454788355734841,0.28096734504258225,0.19752046725297734,0.0894489458099496,0.20685063782952556,0.035710789409277674,0.09029393225748777,0.10611891979092283,0.17143082978658475,0.029387479491519368
0.08107685677338473,0.16779453009788675,0.2899702476033825,0.13900824033607836,0.14445617887182655,0.2293887214319047,-0.028215140594704695,0.0676867680392414,0.1010778942205886,0.1722456659388929,0.0479193376375429
0.11134858769193018,0.12326848791876112,0.27859083283800695,0.19464607421980806,0.2218789811423004,0.24000607372925825,-0.02352022814009575,0.09344421270389858,0.11585957986593261,0.11517037820648933,0.03169449675713395
0.17012701591773027,0.15047003944146156,0.2943311567511208,0.1808194849696647,0.09527411542205728,0.2503205028974692,0.028127016884215008,0.09639841285873198,-0.008459966661683522,0.1651591355384704,0.013987231692999582
0.1290957164734452,0.12051828616060606,0.33180909029246164,0.15938239658349226,0.12313845242550842,0.28469194831169814,0.0517399659482057,0.10773112456048027,0.006112075835503053,0.09514327814470958,-0.004163582680878652
0.07224031403014698,0.16729560891375556,0.24670340424030984,0.1863367348011191,0.13150287495580312,0.22870621391469959,0.07406610020207083,0.04424675267132464,0.03885922923104293,0.08859802721358061,0.014990831159010402
0.12257696235560903,0.18048131596173228,0.28208814525063874,0.19694029893065532,0.11185339710993289,0.23855007181618626,0.05365437700510966,0.06253901937163334,0.016654334390046713,0.10496959689773575,0.02339954405822931
0.07668913914688051,0.12626835200987846,0.22892254717220348,0.17151340477045518,0.1737018893888021,0.26195578474705383,0.045913270091117876,0.05392954723986828,0.048596549959074524,0.14149119414669092,0.031139749180837676
-0.019065383973070237,0.1567471515888434,0.17774049079480647,0.15616217936316593,0.16245189853367528,0.14128777790577995,-0.02697726213751081,0.10215647433883207,0.052341101099410745,0.1524945502083322,0.05279757826776871
0.07736336213212655,0.17244248924130054,0.24703119321252975,0.14873813986812864,0.16495802456881423,0.17504269733387934,-0.008316878979625564,0.11766987698815838,0.08928887176184491,0.09212515955707881,0.06581434747178601
0.10179110337226145,0.07898025111727174,0.27711325977632056,0.20639241843023587,0.16579599889970104,0.2059695693676098,0.021738014714571888,0.05459647728686053,0.04869557504681035,0.089272675470469,0.06858842624684536
0.07192434701996095,0.11084293769247608,0.1923082455810913,0.20898597796265472,0.11376094002546551,0.1639230777656126,0.022335870693179705,0.022696021109462623,0.0705677070293147,0.10624191092441582,-0.02152925983394901
0.0797058941691394,0.09933788505773757,0.2494394934376693,0.17539577141146553,0.13980083637079035,0.18926296490057337,-0.014255907673678554,0.07214117409389618,0.05072351078014448,0.12515737775707436,0.036900780127684774
0.08410585630542125,0.12733961132851496,0.2162933250883306,0.22004794213431772,0.17876002101696575,0.1783455067468329,-0.011117180521801572,0.07421465969668983,0.06873968334835547,0.1268029310906525,0.04806529765435909
0.09881822029732831,0.14633848754621048,0.24680618868935372,0.23797840749711732,0.23222210725499498,0.1887270718978445,0.010011731693212225,0.07256169828488399,0.09908912994948058,0.13921260330584567,0.04417423855345117
0.12234248585439937,0.17231217960734474,0.3243186473403194,0.2247283631686936,0.20957936436533775,0.2519492005960073,0.01669872380667862,0.06848219783513029,0.09923878630724417,0.09850513821911709,-0.017292405919534643
0.08201812065452951,0.10907045257370997,0.20052548531891817,0.2108315326005017,0.19579265756721523,0.26594323312846063,0.013717166984895791,0.0826289791508955,0.07493975179776326,0.11958375743178745,0.06681100574167267
0.06895485307452351,0.14475449559476744,0.26886664732179216,0.13008885573734133,0.12661018478074784,0.29829924904255745,-0.018008336353033293,0.13008642151192723,0.04697225420768245,0.122201272925827,0.08743274683493713
-0.02491632106065473,0.10748922208508568,0.2572545108924099,0.2001229858592603,0.1643280666713305,0.26875004447136197,-0.009057672253268667,0.05131682828125215,0.03315561664781966,0.14246560478864415,0.020968218751742075
0.04359233807761061,0.16814088631906093,0.3337340349583293,0.21932511057283938,0.22141695206169454,0.2985825612548717,-0.06485233880534261,0.06035624631853054,0.09417208507587638,0.17198038767632415,0.07009240681201934
0.11342887620747497,0.0944918220895844,0.2809759685914444,0.25768346198022996,0.21659188904729793,0.297840267070976,-0.027271558095091915,0.07634877935912646,0.03172933691879597,0.16159101800275835,0.08743113235088251
0.12171085174767823,0.14016282250220602,0.31662114201176594,0.16525104374335636,0.2503723709260379,0.2720179586280121,0.01941935700795892,0.08765474529375497,0.0427334992365897,0.061041024599762926,0.024979033361385794
0.0749313912515434,0.15763584710050127,0.201537747624633,0.1653527466781034,0.2164491403597098,0.2605267637671312,-0.05511427984757533,0.062374379177817324,0.037690151848516436,0.09593244246194624,0.06207598793257645
0.07906592776909382,0.13843502972357472,0.2219777291108771,0.12910418565512088,0.22686859319278668,0.23471294456602848,0.014511064733790408,0.014988470735301193,0.06081081116075819,0.13604375878284464,0.01001755035438954
0.07291604827880069,0.16997666748374776,0.2704257973673305,0.16139835141699743,0.18892783548786296,0.28210630787419894,0.02538710019796594,0.005004861224877162,0.023110457980962614,0.09566584715632506,0.008858147731170753
0.09326918574020632,0.08292897746700403,0.2879433698662649,0.19510297758912618,0.19308390471755268,0.2515002114724059,0.054142816003962924,0.06331519849959441,0.02648604581573135,0.12479922317529238,0.016068645238353888
-0.003606810626317538,0.11231896629419515,0.2891613701994131,0.21897777936099994,0.20074748294864053,0.28220870867251585,0.03085007190424524,0.05916935858643856,0.06070336548778585,0.1534473252928848,0.03734295263519985
0.02562862324417732,0.12882515191787902,0.21798131536064747,0.19296590564850133,0.1969392275010312,0.26276242814120715,-0.0149356134389053,0.08815248012501534,0.08777744472605331,0.11713320159648473,0.05965767604607169
0.06033824238503895,0.14332099863596837,0.24983954929841212,0.20060371920085418,0.15860037366968752,0.21488181799370928,0.03106663582701294,0.09928712633872722,0.07132987050797569,0.1294908338878318,0.09871491601591045
0.07630825608815911,0.0874080642479891,0.2507849334150041,0.1638047312910013,0.19792671893673097,0.2469005157755061,0.006513283815044204,0.005840437739678996,0.014284370543677483,0.11073614947965739,0.06604957426599226
0.0889428384160572,0.13160967791093386,0.25649495148800827,0.15533954002144157,0.14613000340192417,0.25084669923018876,0.02571891515422954,0.019403834559526878,0.07734001841244473,0.004227006763550332,0.09053832599672729
0.1567731979681161,0.187630329254396,0.22824356217349054,0.2047391795698848,0.18317696445645087,0.24517974935031012,-0.02116648605543779,0.02159236182706145,-0.00538214475897526,0.09458595670769562,0.11419256990197996
0.13031557630755344,0.15614102381947267,0.26218547642770185,0.215842229507471,0.1159249790626481,0.24756172959524003,-0.004051925649791965,0.029667391053749183,0.005479734936502716,0.10026404394025376,0.017277519158844675
0.10171566027952494,0.20689039686267652,0.26945030061365893,0.2144908574534478,0.1779568905612455,0.26666293681494835,-0.010237858783152302,0.09130778816410333,-0.028950556743639534,0.05318215799060018,-0.04964896401972376
0.0635483620602193,0.20226284245949228,0.29221899275441165,0.15313344985508662,0.20788678240859923,0.2834982930837492,-0.015337415762857977,0.04083650296308405,-0.016510620614826107,0.12061397877542138,-0.02361862585091524
0.14338199252258513,0.2357496808310349,0.29686107232008613,0.151811880632314,0.1990950222742516,0.28669592448677483,0.01818657409106844,0.09333814341855216,0.04660246611216953,0.11411317133496388,0.05420402555058171
0.15349413156741876,0.13533645530659308,0.2806884017675573,0.17010882927819346,0.1769502990945858,0.31300091962934123,0.04462651957219847,0.05474440439881132,0.07195241635281477,0.12956556263611452,0.012627793856297493
0.11936606846073515,0.16621097883598074,0.19366454767903665,0.11834113174533718,0.22992354716332625,0.26661114473594344,0.017064832020647007,0.0646285729220419,0.008511150962873356,0.07454107700655235,0.046147677779147425
0.13238774803828743,0.16497635736322103,0.23973048284387832,0.12002876397926329,0.252727943269782,0.2722055071781791,0.0219474663687139,0.0475639451451558,0.054439031186438405,0.09784407851668947,0.05619816130193364
0.11989804561730062,0.17898329977522032,0.24672908082571038,0.023369526037618816,0.24000800639474526,0.2715159702035371,-0.009413673099692727,0.07394521820398724,0.01589048314748195,0.04700694235695066,0.04321535491038655
0.0742227144256486,0.15366006357099926,0.2756058000888719,0.10140202986148483,0.22459278026202323,0.2639400815440043,0.023264094474881446,0.07476687334445455,0.07539632365476467,0.12484050716937137,0.04877002368936409
0.09727732880306822,0.10685773640032915,0.22309620749784734,0.16727664467973624,0.21933694740008508,0.2301537685439622,0.08597566673870508,0.07170192420179329,0.07516415234428542,0.16881890726760884,0.027839896013574474
0.10640917102730019,0.1467434891928465,0.2530538867834901,0.05582299120615101,0.23495391742526756,0.23940498001509639,0.0541748848890113,0.07556823299257702,0.10073931183459542,0.06188063203727956,0.035719684058061286
0.04682150553704042,0.18356029464476026,0.24312519276942257,0.08742869295934723,0.25197825209337715,0.2633300750519784,0.0339989680140886,0.06883029214442841,0.10833190857703148,0.10639512060483468,0.020616015562834898
0.01311736234414812,0.1601163243543866,0.2677194062102364,0.08312116677285071,0.22034389835835175,0.12250367868360064,0.06873729186053211,0.027692873495813685,0.10335505969286221,0.12014804684164068,0.023891681073961953
0.05998013155719869,0.1879889831421262,0.22189789574441093,0.08853339795942289,0.18258723762371318,0.12807588847700352,-0.018715162157805932,0.016770756723058073,0.0650127492679462,0.1229040515760855,0.003784119070613953
0.06933618763979053,0.11829314143239113,0.2682500011648199,0.11040643325913725,0.18332922919749794,0.14538522065584897,-0.009554188544146984,-0.0017079306714083402,0.08301237585151153,0.1470377095898624,0.028773241866152325
0.07466543235722324,0.20509311963913382,0.2860420187051893,0.15143451373881892,0.11748816074072842,0.17232564207463183,0.03207336062081921,0.032183356823178876,-0.004970518541995802,0.1952727757731783,-0.02196107508876647
0.08733638080865067,0.17336083443667472,0.2619128180104046,0.02534258892331699,0.13807159120869184,0.1397387925814624,0.037843071173375174,0.06611657806939246,-0.01136701640695823,0.2330535010866416,0.0016889035860334668
0.06324308696094336,0.2148357531113475,0.27783159615868963,0.05928743696347189,0.059377961024797386,0.015346713555821016,0.10499430898016338,0.0437459788541228,0.06278063244355002,0.1509040459793293,0.009621909683156191
0.053481574568287706,0.1737408096297089,0.2875039680365124,0.06510588394344934,0.04743082601739793,0.037388888465261845,0.06913931737962221,0.0464159430009069,0.07147877906985203,0.1387924277592901,0.05104255477044492
0.07269203004345821,0.1605952986365431,0.262284332581052,0.04475526455444061,0.0826286945241474,-0.03457578735716313,-0.006372722463389074,0.05033407328300933,-0.007340061931758644,0.15406655036168945,0.045750985251391846
0.059098922962311715,0.10656909296273538,0.21535665460512662,0.05806274296489495,0.10363218438140767,0.020318280113014994,-0.02604892438837432,0.050988233528343044,0.035020795721967826,0.16633049156123886,0.07921653148759539
0.11083319294915595,0.12050801170391873,0.24522769789118387,0.0862951645981262,0.09411631374580713,0.022396678850978034,0.01815570265144777,0.03445664893171518,0.07717509854495867,0.11432538508585813,0.05849301949313398
0.05294776842687343,0.15261146733917297,0.2213623394778567,0.09299415258398719,0.07225744980112173,0.03959582178214276,0.052677834101443825,0.03393663871311771,0.06957119360886094,0.12051935804093447,0.080358490987048
0.04082249632237828,0.13957447864737224,0.24759124616547934,0.0405253369570754,0.09610690039610652,0.07525856127269674,0.09022217899353226,0.043492889904535925,0.09026751312620779,0.09411008885857955,0.0955254881983072
0.022409305755185755,0.16682241603784848,0.25425317398377156,0.09452019349269508,0.009946183139006604,-0.03307172960834881,0.07465700491129279,0.060985611299822065,0.09350204658368817,0.12075611777154535,0.08840248256686736
0.02382335518915435,0.21713606068813576,0.2157224442151372,0.028844546849412202,-0.03538465945201869,0.004744554152550234,0.02291920800490448,0.019604206592824906,0.109545922499596,0.12199453861912751,0.09098685062710479
0.05896581892604522,0.20953748285486845,0.23924927229658827,0.10663476156219565,-0.016527614684401275,-0.03872231325269782,0.06325589088040473,0.04071159927990954,0.12438559491120965,0.07413870628078419,0.1185051406979893
0.08631901960160321,0.17173168541697914,0.24392427012467838,0.09975971649417945,0.00019443353736103147,-0.030766005007656833,0.07975412127112547,0.03700816618626675,0.11161044251902953,0.09781047733554114,0.09086916959657837
0.09758787511212832,0.14431424963886566,0.2602954177889209,0.06594029202654765,0.058115433665114805,-0.029716651163919063,0.08790810051172329,0.015467644343431019,0.13561067566777368,0.11130852440773427,0.09663005999241374
0.11773983476817826,0.18995852591998,0.2962072346011404,0.10938618562980731,0.06686377524336848,-0.03838768974376772,0.013560153520186722,0.06294750128548254,0.11428154776700249,0.15296240682131468,0.08311670347428596
0.13996365283871295,0.19499561073073385,0.27048086703004565,0.019579724583229784,0.07415822233822861,-0.01752430909558101,0.0421131364311656,0.009503222661043576,0.16576606732378005,0.16005972141276026,0.04386982246378369
0.1315964176842932,0.11243159310545943,0.24929412471464343,0.07027291954800542,0.04087624350157081,-0.06753906833952332,0.074876399461304,0.045838589487621574,0.16658817173052914,0.18760398055930805,0.04587152198821004
0.1361085916436992,0.16970634399383352,0.299839493540888,0.11467992854082248,0.07902952776908669,-0.016454320038289404,0.0494776428488485,0.05554409025208544,0.08908506118650487,0.1318734090360472,0.08016623128128372
0.07439362213717893,0.1419636322859053,0.26826017492137416,0.14794815037879594,0.10925554086609532,-0.03417812101838374,0.0606301058295132,0.05850697432981773,0.14975275177927602,0.154142997133618,0.0913044571963979
0.08633131367774283,0.1500151921656107,0.24210175424246203,0.07420620160032443,0.10774816099488119,-0.0735275766759929,0.044746237872716046,0.028268195027328906,0.15790682031792655,0.11056485227962065,0.08231233947880148
0.09237458417580086,0.1540470048300832,0.1789058300683663,0.11747719505551471,0.052068439385549684,-0.027383567708897594,0.0614580512017855,0.06765325451375578,0.07157308976706711,0.17529908524029608,0.1006766016435511
0.12099048025416122,0.14519126764504053,0.24799659518780903,0.11723395347157096,0.060034474894345845,-0.06806341950531666,0.1082431800420065,0.08371256333612423,0.10038697138227616,0.18641276347915176,0.06985028495653454
0.10330624985107156,0.12949834697841972,0.27597829978180755,0.06900265368736254,0.07432721539969774,-0.04156914221290586,0.09919479640881458,0.05674939820888249,0.1346768259354422,0.17965407247247756,0.08606780330344571
0.1190023370858647,0.16101625563479105,0.3146557226304626,0.0740980631474137,0.08399800379868302,-0.1290189154216179,0.10146039883426522,0.0748948988746059,0.09806039915597807,0.1857500193410314,0.08560432266265436
0.12627248881015987,0.18478673728472145,0.22397480264061223,0.037346161100190386,0.05346085013801257,-0.08717086169166925,0.03419171447898586,0.038460498337674516,0.10552516685853433,0.19953406200351623,0.08747747210547478
0.06575661821008925,0.18635700556521423,0.1962383961774249,0.10336228409058631,0.07914838031048166,-0.07497201266155148,0.101178592995878,0.05446609723731363,0.11792619848361587,0.1898934812045311,0.10084610937740582
0.10983707639980114,0.16292634702423336,0.19084053628760544,0.02982149550722785,0.03743239664712159,-0.011349144844741959,0.05864385600226955,0.04654654926510638,0.08595349387637098,0.20889985210733392,0.10507409549375038
0.12389802388984986,0.1761053362918842,0.23243907328660365,0.04430929142945729,0.06479038482290118,-0.10616187132663278,0.09398278777525892,0.045309112641431455,0.09346288438452637,0.1894135568073199,0.11651881114409476
0.15577670454750278,0.19642095975032736,0.17798974863122188,0.014125257452139358,0.04204532720844731,-0.05075076093343614,0.08047809700880575,0.024830529870722422,0.12399608330775555,0.16125926123615272,0.01545995782468117
0.12821907487765044,0.15282859006337474,0.2004676178994389,0.05178797716538735,0.0764244586885177,-0.022700373299093884,0.08881618185564907,-0.00161840812571548,0.12503191648523884,0.15558200546321532,0.03168742177512314
0.13436359595130026,0.16756141775719333,0.20075312779985496,0.08817318739220839,0.11790472195204107,-0.020648227232543052,0.0465602046073869,0.02224544385083008,0.1260530559888023,0.16190814434031092,0.05804970759669048
0.13915897615889428,0.20656744230446378,0.24016886868203335,0.11938232996708563,0.032004651132585514,-0.06332730753128094,0.03153940628469096,0.03477251329696242,0.116613097267299,0.18506677321807422,0.059090526558527055
0.14095578100418088,0.0860155727728937,0.26738121092629086,0.1220112499177289,0.05003595907803089,-0.08668550603051577,0.06859740274706799,0.055104865661757915,0.14427584475397212,0.1832643939911046,0.06251325712174573
0.13525312771082887,0.11919719462555495,0.277060574158922,0.1205243607940614,0.06555721946115178,-0.0637587560721398,0.04807280101637842,0.07854057278634856,0.1413854945487342,0.16247871799127642,0.06495554550974894
0.13648814597673914,0.13647798009799378,0.28782374594478655,0.061014957903981204,0.04375580147538034,-0.05903025818874985,0.05854596094832558,-0.040889707542769424,0.14428684330260202,0.18565511717935745,0.06923665963650741
0.13988734419026955,0.18302996760650236,0.24081921380691382,0.0772723048916609,0.049811556474671684,-0.026040449773237655,0.0352379291958861,0.022918001155662573,0.1445449710934007,0.16192309396140128,0.04220575048384622
0.07093783917758628,0.19086062634117906,0.17905374496947454,0.0909213187197595,0.08305835551652058,-0.027421085621175807,0.04983890870367885,0.025232876726327777,0.08553562816370767,0.10758262791370134,0.06337144787027066
0.09343086249423846,0.20441277624366233,0.14722514865889982,-0.01234919084846959,0.05344024553075143,0.02304570632731806,0.06392835798907195,0.05652933750538633,0.12401386065927097,0.14882731502119229,0.04310990070689238
0.1379749201829965,0.21787810072390063,0.19365748088621337,0.05675127528731952,0.07619313198134181,0.026123381850877425,0.09172248858287349,0.03460503224205058,0.12606674734515688,0.18181656206858843,0.03039098889545471
0.08632937479841811,0.1896139577827803,0.23360330543262467,0.05680456530450309,0.053832661469607426,-0.029821021870101248,0.08639037946837365,0.0452841759332866,0.05430880496580082,0.2066562683560762,0.05942466981829127
0.10189067740000954,0.12546099120137896,0.1525308227403082,0.07723533451235579,0.07702374173123225,-0.001711903666518435,0.10868454662832822,0.019249844472555348,0.0752146677399802,0.11910817789741565,0.027604906707622112
0.13584876978180524,0.1652887703687269,0.2299155770934364,0.09417986058563022,0.0330524801758982,-0.11067285442449189,0.1293492013102363,0.05651644404734242,0.10350838641635925,0.150821581209014,0.07463983726853182
0.11836756806388626,0.18624519573143294,0.24049137276989782,0.10124644811337447,0.05289376379304374,-0.059355406761326925,0.06465706710529733,0.041247957450109125,0.1370855242077387,0.13378654434887952,0.06671682863896318
0.13578205690052503,0.19887487096279943,0.24971887813815047,0.07155897169446673,0.0737862710995962,0.03957239547920312,0.03574135832549817,0.003589271301656348,0.13787183083640892,0.16098414358180513,0.08899144114266323
0.09604761038624288,0.1644499412214086,0.26582034377746366,-0.0023004426765884716,0.08413100410505917,-0.06325700411003728,0.0483328594728306,0.03596046205520931,0.11087679313811344,0.17490167577192273,0.013572540519953505
0.0856698129301885,0.13137753167906605,0.27665936776930183,0.08475788862372202,0.12144418477373467,0.0024303884752824023,0.11215996291505356,0.041985803607511335,0.08783238310117006,0.18603352827420366,0.05793005062927908
0.08838498240378334,0.14325473939536926,0.18146217591679267,0.09696884570781858,0.060947224540217684,0.03581111495420976,0.0691277624085679,0.08808213886400802,0.1213679277146702,0.1289334327302654,0.07238844446144062
0.02166864759577482,0.10926862814431434,0.2076922429220548,0.062432257665552375,0.055649522156787395,-0.022841713413615825,0.07220752249994848,0.05381253390808482,0.08464526671416893,0.14945696551655763,0.087520884531859
0.05490351017601487,0.10399415630598316,0.2573158227602978,0.06771492993684106,0.06169381060562107,-0.05636577146831085,0.0015327800160126993,0.11344944229659447,0.11900316544259248,0.13213493459342607,0.049009860056501424
0.08855745215608657,0.1297778356246078,0.18985498172153303,0.12570982675002484,0.12852043846544065,-0.003294039400777292,0.04732547349390144,0.06447357729022091,0.13909726900513342,0.17111173825874898,0.026651027016316834
0.11066668465932031,0.15419383643395687,0.24068571388371832,0.146762655379007,0.07753511670639286,-0.019872312981712326,0.054979506754205834,0.0247765608140374,0.10859893562067159,0.18576849003674545,0.07530511661341648
0.08599345332110153,0.16032252320825346,0.2275888039353867,0.11371263824195421,0.1013759274304841,-0.02450750343563009,0.06698741617645446,0.02266463836202245,0.11897187391721337,0.20159446246915463,0.007856454439030948
0.0872585156818467,0.17921628434472497,0.2668707906223881,0.1252787267342951,0.09504639952396193,-0.05774146784334808,-0.011113363893375956,0.02862623946101829,0.08617930743310466,0.1451727305654679,0.018970489254106392
0.09714465617117975,0.13846802116562326,0.21726138097205622,0.059549190645763,0.12275387421935194,-0.0429681104975621,0.04374067840984128,0.026818796327621037,0.09630279657382901,0.14081173983603518,0.04259607369006691
0.10636128924269334,0.0711055097116561,0.2648665564371205,0.05335548549886652,0.12457741036908843,-0.07810268538485281,0.05362299485252118,0.05240883203432998,0.08592960668669637,0.17056302245689475,0.06331623378811305
0.1284249086961013,0.12746603408041668,0.23808532453191575,0.06544881034676986,0.12748910051881676,-0.03740961924962198,0.0619104473574619,0.06309982789600263,0.11819313845545187,0.17493759428167155,0.07357683898727287
0.07736877170124075,0.15595944384957705,0.2614569071588414,0.09217440544896918,0.13507133923342252,-0.04142606929399826,0.07587834473380614,0.04773460418156218,0.09944071380509287,0.19448880799136067,0.04680405928459669
0.055297015281591075,0.16349178244537468,0.25331091152363955,0.04728533382043018,0.13226807721680064,-0.0008763119644376108,0.0842196721548615,0.040663432829924046,0.12242074006337011,0.18724426500656893,0.07018236202752354
0.08510103620510423,0.1410785845742416,0.25773429589968044,0.0840128320074014,0.08079523219161118,0.021267041774759323,0.09604616421276628,0.05627646446387602,0.14454984363316448,0.21296128307590456,0.0015930198814115613
0.09268634410179558,0.16876529492860992,0.23720108222378392,0.10219865602612768,0.12069056380170368,-0.014060713884533728,0.019698705528018563,0.026591276824706155,0.13460252618828253,0.21199422470890972,0.035670994068451436
0.07651132045417822,0.031696334731226704,0.25665013702117745,0.11891544620623701,0.13378157037948285,-0.010249382817921907,0.0468737339429665,0.09293133789184596,0.053247714774215076,0.15251732781844463,0.02242261872510613
0.07722947618006012,0.029254187744931014,0.24938416408293176,0.1312313583912001,0.07916608682356648,0.014067186849047585,0.06635519857976847,0.06162361869450556,0.1078715931012586,0.15015550320422733,0.07037446834064172
0.08678973945104326,0.08728066388005368,0.22616844191147265,0.09713448745954172,0.06907714266891353,-0.03872952697071527,0.0764592469477828,0.04288412337818148,0.11134130559377908,0.16501550114811123,0.08073213024165464
0.0969086507042867,0.0508200305617797,0.22846696779223413,0.06323501642137254,0.10777883151657405,-0.04114798247689172,0.10734976988829754,0.07425105851042223,0.09637119427894522,0.1937863403689949,0.08384420797288736
0.12621581533235493,0.10425440225212344,0.24535491308199125,0.04544527712147173,0.09189427049030725,-0.006576130063348793,0.11655827788692139,0.08634567281755982,0.11473807338724237,0.17458378329712995,0.08574244842633318
0.09312307399598939,0.09862284085317388,0.15967666304993974,0.10005335444004113,0.09482401476207089,0.013307913836840317,0.13032580318815742,0.04804613572359139,0.10050389426931729,0.05026779712116825,0.07147667152383774
0.09667095011664326,0.07361136428200932,0.2507098227447815,0.11671435773552569,0.11447324559427534,0.022208947632268897,0.004209705806950535,0.057549499084456,0.10276068109994738,0.11161345560345412,0.038923971585199085
0.09840947057284982,0.1074127833601393,0.22048800847943723,0.13526807761171475,0.09951938138955733,-0.09695170024854105,0.008958339193980213,0.058123014400562986,0.1515057919034073,0.15017573957847014,0.06604889289819502
0.09890942827056216,0.11166386077200516,0.228760315965842,0.14224823570783343,0.09272240363301958,-0.04224406755354716,0.03805405003392578,0.058195277727052824,0.16383642699071166,0.17604372442642674,0.025138120546518854
0.01998676806224285,0.1293185247855739,0.19823144177996138,0.12583935743362437,0.1281489548858289,-0.024984270196401946,0.1063035081577052,0.08384073989387933,0.12105818412833425,0.1465936045467013,0.006469132739853407
0.05786766393050837,0.12458501658896463,0.21716479124984783,0.08816821828064178,0.0701836315278177,-0.016212001381500904,0.09335106666815271,0.0688931322068792,0.1327886497566113,0.1866167917507244,0.04430931664868998
0.05492768939544968,0.06704087841526989,0.17891101815514387,0.07023391037332223,0.08388935204272871,-0.008373519913445163,0.04876751080802457,0.07542464882805183,0.12505255395032794,0.18797595057159167,0.07402433204726139
0.0787590371598589,0.13872905982920022,0.20127823441672726,0.09814980920006358,0.11502657672762635,-0.05698169961818785,0.05225192085626502,0.07534492927658595,0.13790936405364762,0.20133154032680947,0.049440485820121324
0.10274624173292093,0.15343440956722348,0.20401926866718065,0.08340676024669025,0.09045316275939305,-0.04073323532584642,0.119543419922016,0.08771385542619614,0.13224624819059272,0.19840084783284004,0.0694210584210706
0.08853486311960405,0.04598286886637528,0.23930859159655932,0.06187506082896727,0.1176466609088698,-0.008378162920115511,0.0635040827150362,0.11279014681252716,0.1422005992296633,0.21149829007997864,0.012682658069129679
0.12698997732371736,0.05948346180353942,0.2738823330115344,0.06289902151125584,0.12481661960578018,0.027828684071893903,0.08459282995410489,-0.07910154713747344,0.10427120001920447,0.2081953199244361,0.04469894925501362
0.10101921225048376,0.07903666342157509,0.2786978630264145,0.05650773148548786,0.10731390081541338,-0.06479193871566048,-0.015383631817546307,0.029543352175617585,0.05362048250801142,0.2235539050573599,0.0591002353516152
0.11330297914737239,0.10465559375310664,0.293967194960832,0.06743568687710716,0.11310969517771925,0.009086603055612492,0.04387776173681018,0.04591839333795812,0.08299615113994305,0.11912245083671451,0.1040500207708722
0.12969885711024542,0.16370899854298976,0.16951923139130284,0.07209714649988215,0.13522786625770786,-0.014621458908171823,0.01892788904417714,0.0601070504832106,0.09805915589748612,0.15499542318542608,0.11224991600829005
0.12771993126548037,0.18446685394665532,0.20682715351929334,0.07490301722539881,0.1358234221800958,-0.039043130543088056,0.05747338491040649,0.09449818862839264,0.1681925752068758,0.1590945961906553,0.07177705471898861
0.10024665138604723,0.22537788162732297,0.21644820076666038,0.05305411196935381,0.16081325436184835,0.00321831580433855,0.11711461597415136,0.062332481097478555,0.10697400341206001,0.17399209928221582,0.04489808639725605
0.1262481237094003,0.23814628219353542,0.19950860492446168,0.08105177617157744,0.07928380922931631,0.025296540355431184,0.08242458252318943,0.006614638900774969,0.06482209688837991,0.1838519581868704,0.023613279465625858
0.09369478587693682,0.15797701159464958,0.25838777490372017,0.07374453913918048,0.09993783100763917,-0.02810716144612235,0.107354029570452,0.06332755648844675,0.10926740459732853,0.20390166636190069,0.06874970747041442
0.11168085020226887,0.20110972511773761,0.1836480165215684,0.06787707877768898,0.11585992250088575,0.04731978330578296,0.04021794807013991,0.0930476365507589,0.06533534107298214,0.1363575953245984,0.022713765306827227
0.11707351748472934,0.14998584048178945,0.12771741268703443,0.07282165278278632,0.010758022882451111,-0.024093566492558633,0.0725678357657589,0.08661179799431214,0.1187330827947644,0.15143427767403078,0.05149390621311111
0.14645640438696034,0.18032739563092398,0.08614692654419029,0.07707842093616256,0.10994004004426078,0.0021899653254774405,0.1084664311748361,0.09630161826512268,0.15761482352280193,0.19917127751062302,0.07192962201000047
0.13496380507819,0.13094230914759053,0.14439664546507636,0.0766566335021085,0.12422867436371611,0.010095372908056125,0.11471225677987011,0.12477010906284906,0.14954510191457868,0.21550318691257342,0.033980605089836975
0.13397935041577352,0.1571179611792738,0.1743054735046076,0.03109961182577782,0.1326564143407504,0.002260731540741762,0.02756146133384073,0.020025251474885392,0.16103629471590564,0.21436092748248434,0.03401394973232172
0.09555419435670644,0.16532803559062953,0.15331582145034336,-0.021943298245227626,0.14872994261429306,-0.0350614158126268,-0.02638797937406725,0.05109485122086991,0.1555589280586507,0.21246337394262113,0.029761604416334714
0.08146451491757119,0.16835973429991213,0.17273775035279654,0.017692499043370502,0.09237571383299076,-0.015003260611116013,0.023703355531629094,0.06478117257952255,0.11810003608103815,0.1773682049831457,0.05227299779847576
0.04891116168487516,0.15983534656238216,0.20606259812272593,0.03146535803819234,0.12401830479860466,0.01136552363147929,0.06482096244321986,0.03856182314291347,0.06148472483615202,0.20521684811812757,0.059711391615103165
0.0696006479346061,0.11822555032656569,0.21415384689560762,0.04143160515769061,0.13392745934579914,-0.02016307421684969,0.06970897512831783,0.07059003424863497,0.12892881550233856,0.2343589688055874,0.049010401310021656
0.08940197756972407,0.08299247059711888,0.2086096178311179,0.017710095723879295,0.15376996058894415,-0.022006642172497953,0.10497447945819853,0.07394226025264969,0.11541321063633443,0.20055128993255075,-0.024003189269879
0.09828522296203179,0.10109717705840887,0.22593242478365497,0.018721824686212273,0.18332506734922302,0.011947155451963391,0.06766859115531808,0.08277326758876477,0.1273380031440781,0.2043258888847821,0.01634359087435936
0.11271678134225616,0.1244346206670392,0.24867401463841904,0.045350353840558785,0.10574771963001428,0.04900549374648011,0.09451441799320676,0.11372313566816991,0.1323838061648278,0.20317703601300668,0.021423532130362122
0.10257974094623813,0.10276482985482363,0.1450285209901061,0.0909500852166244,0.1772630451041031,-0.0005272243728747999,0.05180357816133124,0.019694931430993365,0.091724991728537,0.22585283147311164,0.028230646233442132
0.09664706396613595,0.09436861157377116,0.2382817308621083,0.07083908954622223,0.15589604323153294,-0.004847250423938573,0.047021459288441265,0.07398295375029021,0.12520488262223914,0.23240182015990316,0.007752457507510923
0.11446567876741175,0.0821073768669547,0.1609642148688229,0.09191890474376825,0.161691919555138,-0.035604185788238166,0.002024452236841585,-0.0073228897860908955,0.06932951926007282,0.20351782484358136,0.03814582377651104
0.1143925758179385,0.10168363673837394,0.22091928389295062,0.049690929127309436,0.12383774461483266,-0.016669440149715622,0.062078460660401215,0.09939894110981906,0.10361105416731872,0.2265888102761876,0.044523124478095616
0.04852843113610969,0.15858964590695185,0.16869754480122542,0.028319766355202357,0.11820041583570018,-0.015892195869669692,0.07177967046104487,0.07706794360852803,0.1053413286003175,0.2348574836880986,0.034214598935033154
0.11520881623532402,0.17701552950869415,0.20032701625759408,0.04683973964232799,0.20262011217615705,-0.012955374191878057,0.04169266298540701,0.043640847991066885,0.12030565733834354,0.23878734242699545,0.06265867532885952
0.07333593533466264,0.0875792065076158,0.1592871890176043,0.06396051016786394,0.1504877204457835,0.014522122284717725,0.033114690319159666,0.04856346178136022,0.12816263605784345,0.1821731839267571,0.042667625797945544
0.09983451001549992,0.021173973781958025,0.22012010080517708,0.13521828031898458,0.17102330348023925,-0.012262109688498403,0.099225439602883,0.05966449784246408,0.10508398932195895,0.17390287864422033,0.05412444889150472
0.10270920214109037,0.12030623556335068,0.1975848619102969,0.09595676739589085,0.16329452643832454,0.022123045016846126,0.12014236670528647,0.0756247260544258,0.11342356709195375,0.2236462267218483,0.06576580917074096
0.11651456954440689,0.09422920179570181,0.1946194905903089,0.09176465954058341,0.17012655201288612,0.02594536331100724,0.06395503013093963,0.025773585200484946,0.16159472733699098,0.22706111052020966,0.023824732796115602
0.16055837626919148,0.14718026097011258,0.2461218879506707,0.046613405904534534,0.13213879640128173,0.017551845131108298,0.10118753287004556,0.04966800344481983,0.1282320917178637,0.15185652296097255,0.037159803720978705
0.12085497914255433,0.16552390626236985,0.22525926308794933,0.07611097156808727,0.1562021431985856,-0.02123976711257284,0.12045290198779007,0.1097172015969681,0.14419223139859966,0.17771070174735948,0.054127667949404976
0.14097347688659173,0.061892031641602195,0.309005164409362,0.032593761508497784,0.19002973883571464,0.015956238931737903,0.1117051772829512,0.058448435334340514,0.09811517338355447,0.1855542223712143,0.05856099675975614
0.12842624098811023,0.09911848689176427,0.3150846329446966,0.013991101155218722,0.12517556585153505,-0.011380021932358942,0.0727135557510018,-0.04834107134082948,0.10524175500950192,0.15933249281403733,0.07218809722016037
0.13752481849661274,0.09418160761535116,0.26398745781163746,0.06297819720557947,0.1606024189199271,-0.02322761189366261,0.019477343882744434,0.033814402677168065,0.13240301814274602,0.1868252438402011,0.044506313275377844
0.05266594281234358,0.0770820002456931,0.24097849961905596,0.0961434888958124,0.16100458498477324,-0.009276589496988794,0.05606343046887313,0.03445106428952449,0.1446372139974048,0.11684237395380255,0.05455522089285181
0.06494483063030541,0.12381197803492755,0.13944481538774217,0.07098693336308597,0.1202695803234349,-0.049172570932099424,0.03684800629364952,0.07725095434704307,0.16597258630181896,0.15449056305199263,0.041195623809749456
0.05519160008922032,0.1568783137418136,0.22426279120319845,0.06558696175840956,0.15597742391376052,-0.042831288524785495,0.05002298808334103,0.11096379682705283,0.04742330951072496,0.13213030948082416,0.06415841780056324
0.07500786142621307,0.160416481616804,0.19511972292680196,0.11938705741630418,0.16395376159638078,-0.029963070932485108,0.01175571863073084,-0.014580386463888853,0.06565937342090132,0.1384547947874312,-0.023973401191262567
0.06894538098956546,0.12005036773693899,0.1551821385809967,0.09587874473037018,0.20691535333936772,0.0396469971632859,-0.011373979950442696,-0.0004299983339223993,0.0810881998303592,0.17893686746606935,0.002069808364398939
0.0666293676545068,0.10956943392888958,0.19985198643430685,0.12181978694698783,0.18486562851520114,-0.005568034296293487,0.03740158524805784,0.0963932689560996,0.09762102555394539,0.20328154824825367,0.016459191554156396
0.07636417075018108,0.023929079861545004,0.2690862266443019,0.14150205023871804,0.1949528370305283,0.02193098595525459,0.09714377371896457,0.004414345257156312,0.10909516762579416,0.1937880860645365,0.04005119740222807
0.038895157005046144,0.037154005697592564,0.271375070943843,0.11156576936821358,0.1888018681844677,-0.0074558849447405665,-0.054357571497923224,0.026803604091757922,0.10001893971129897,0.1862531561101262,0.041138437650029516
0.06298701409776816,0.1137688140010686,0.26340914427621376,0.13640441745257947,0.21668646944165698,0.0030729954537984452,-0.00039881609508137655,0.049231989030998374,0.08163598982689778,0.15711307232769597,0.02053445062198208
0.06510521351832547,0.11249353823985506,0.20832126961356232,0.07303927232868494,0.19537350821544844,0.010202276524804217,0.020975375407782187,0.05781716654510466,0.13421621369998157,0.16633566525669874,0.03965625158685117
0.045418567354579074,0.0500163943557175,0.26800600826232557,0.0115081768408073,0.20846615953626318,-0.016840609015564223,0.05004665700357206,0.07052857165551121,0.14433626522573492,0.1571358933436189,0.046278477318265926
0.06087722358070777,0.10063873636265654,0.22464334437135108,0.06341522598709382,0.22456912981366467,0.0427985548784864,0.08264868095872582,0.049452580855085825,0.14582439588783486,0.1802623547732719,0.02280682354209132
0.0624727051279432,0.11604868418746447,0.2650734101359644,0.08089815939514781,0.20817961352958456,0.05360828982396711,0.08029875740005263,0.0555686513098759,0.13821571673146077,0.17925536086305405,0.04339742860336951
0.0422816409520623,0.15551758405835323,0.19052602819292486,0.09908530741437285,0.10818756732065303,0.023503982740864033,0.008745999452576002,0.03670551668966655,0.09555326850236165,0.18556967073856162,0.08082187124344245
-0.09912067700113728,0.08017540260776264,0.18957893279475466,0.017419270382485492,0.11532072056430126,0.018285012422356303,0.01746776073005038,0.07325223261736699,0.11685677208772925,0.12108255039454725,0.1029735226478027
-0.01466557137689952,0.11981080273963784,0.1656411236935623,-0.01236623135575767,0.12586682530908772,0.04738391579089113,-0.07962481536650445,0.039289953207779796,0.08705040226952862,0.16163265494873738,0.09336524161061176
0.030271654967960835,0.07325161701812022,0.2154856882620274,0.039615243710649055,0.14170107856909253,-0.033567979846732834,-0.01623372185344794,-0.018214747598015068,0.09643385409843633,0.19226624355007288,0.09642542466850826
0.07480438043385437,0.11612824954269507,0.2623798577447332,0.0432870341026375,0.11346229669640365,-0.005325004947412679,0.0040039426793177565,0.042182778176280675,0.10859391775096175,0.21088499144239756,0.06793727422384932
0.07091342217729607,0.04946736332429489,0.19504458888582282,0.06804711519286305,0.16037916424996876,-0.06902706771863235,0.019189084951171494,0.026217012391553524,0.09693171232962425,0.21258381693848327,0.08517739936626956
0.04943228076787086,0.07371698357050442,0.2084860089327066,0.04985477177872357,0.14881118720111475,-0.05607489247091693,-0.0005477801571140974,0.032839454690677936,0.13373206958505027,0.19562218973202522,0.0844771209673316
0.06958899734350117,0.13213892274389893,0.22565821346872664,0.00968324733714718,0.1607837687596812,-0.02286921461347302,0.015635646955657053,0.08058839263009901,0.113113354070823,0.15937170833204753,0.09470999669309203
0.05201548116228371,0.13968638504030992,0.22844982180352397,0.0171755027289881,0.15259298000990412,-0.004582961570143332,0.04851737056155408,0.06271322211342299,0.1282176786871203,0.22245828083038938,0.13793571057005674
0.06399855880656803,0.15504990812954528,0.21534800463840734,0.047825585713558036,0.13526121020560183,0.018590112236675022,-0.007532988927429434,-0.018891326505670127,0.15618790809914557,0.19336717361967629,0.10350687001498095
0.0506960040659397,0.15463849395448165,0.22597640910214667,0.04409407792052557,0.15411510142246285,0.012611745755240414,0.046202416402343356,0.0037033469743117126,0.13308015388275998,0.22140557112790177,0.11598400020184457
0.07101854709318527,0.14067264368143703,0.21493124698854726,0.0741706099600625,0.1906052354835655,0.03700548714515116,0.048248683823555606,0.06205931522968263,0.14087538708083755,0.2440240626639711,0.06778152893482427
0.027696087557555205,0.14195817292935678,0.14086104445231998,0.060615655133739246,0.21084121634822525,-0.02385765049149169,0.056025725114153976,0.050363411989265444,0.14323886416658355,0.2098920893848692,0.07759373518562049
0.0049383841221499435,0.1014359704496017,0.14245744888249218,0.08054005655299623,0.15944303486998335,-0.00644654348638483,-0.01968803857678682,0.055094037560433864,0.12632797866872783,0.21365378848089173,0.0830257060851331
0.00884638306552031,0.1569609733921682,0.16662172254963614,0.04237523554113504,0.18779531538035715,-0.038489200014491846,0.041089846642422725,0.06500403821097216,0.13827705080054203,0.2021621485735455,0.08877749633248413
-0.018746059903765544,0.15761849083893936,0.1588901784543948,0.045403462809453926,0.2116884590166542,-0.06139648365800146,0.002186815735789927,0.05510590996247502,0.1262646028783019,0.17912822365114345,0.10590383061386757
0.009721183991662895,0.12840992467282641,0.1385579191283945,0.049320302225131854,0.2135070863278481,-0.050219479406860265,0.03109733778706135,0.1069598770196574,0.13834069829460494,0.20310422931997396,0.10163663841084486
0.02282849138477537,0.12934908100124504,0.15282278833149454,0.0025851802746000895,0.17821583920356537,-0.02892179373985033,0.020301363439162223,0.10748742200618773,0.15758375531416213,0.20322697948443585,0.07566324957670308
0.028190498035952652,0.09771398909797281,0.18034836194196296,0.039353989916780505,0.10628010700421398,-0.016388255180045348,0.025166556014415035,0.08297224713267017,0.07916701800132776,0.17731094844712705,0.056080051699402354
0.032696723070228854,0.10775485049448508,0.17779168778905474,0.0849099445391272,0.10926674587477747,0.005755681188337204,0.037783969096855746,0.08419008923718374,0.07419242282627302,0.18346075561760783,0.06458400965747084
0.002606565189829948,0.14667467411164653,0.1488401397164914,0.039661677945343296,0.13024729759712123,-0.07759240039179849,0.025212410539998436,0.04766252522861935,0.11304115324395006,0.18826276844231907,0.08097873049617617
0.012754490794795693,0.1789167732939618,0.11655628832965965,0.08131800690363841,0.06532553157175104,-0.07528688569443209,0.03521064471659039,0.05695967019211902,0.14838050590052648,0.20981517935956262,0.06978540635946277
0.02998341743748435,0.1401053465403176,0.15205031009096243,0.07842566549358906,0.09133686588890266,-0.03313274750844912,0.054851071466655826,0.04812462960158034,0.08198872142404978,0.23609497038901991,0.08270507560830737
-0.002247388878198205,0.1772460336206714,0.163593400418871,-0.014882450580192677,0.04837231124564619,-0.04967201052545801,0.08137725291105789,0.0876262275174922,0.12313906834312127,0.14558786856515588,0.11814607809832707
0.007766993038660526,0.18648794110888472,0.1783317976262993,-0.011614061668575705,0.08110132161214481,-0.03651594552167722,0.053930329190352636,0.07596666137974445,0.14162186931463966,0.16303791196108314,0.1203101146209257
-0.03321555378444035,0.1892265656292019,0.18391280063194054,0.02458366472580162,0.10663024763642567,-0.01554173024278005,0.022716316606287167,0.011902481733134114,0.115353831307391,0.15147131098847416,0.12833570111939374
0.025616084372573702,0.1983437103092624,0.10299665470849272,0.05346803168336472,0.10672121157963914,-0.0005788110534866138,0.048080698241958236,0.02916002071993616,0.13188726764965866,0.17382471580282977,0.1539028150701418
0.0015625612162296263,0.22001210182840303,0.13878439538385542,-0.015151905048520056,0.12473436495696102,-0.010976814775523359,0.053695694725724746,0.04004772336210401,0.13667081046402121,0.11915567039361948,0.11493213537832067
0.0002929595145683362,0.13514837514741473,0.15216444488306724,0.012368953971247789,0.1439728813100177,-0.0284902744120779,0.0629519524976046,0.04727094010166705,0.15170711077798144,0.1613881379391903,0.1427702693849298
0.006000341876581567,0.17102067518894445,0.1680267609798664,0.050089810884292416,0.14825886758202866,-0.04281758591954898,0.023769824565837868,0.01463639118541728,0.18347591058053686,0.19307266812319518,0.12576192732813818
0.05367678029735995,0.13786685303075039,0.16641012780261674,0.03400858496441372,0.14927485494013737,-0.03042589613398706,0.03944963138511799,-0.0038995591841239183,0.10533976331264622,0.2264265453538688,0.13817111654632597
-0.037539060844077855,0.16607897883210118,0.1326364670348252,0.00036579786448699827,0.18334254174079329,-0.016816767355295095,0.043804966535938766,0.02701492189718347,0.10750572477560692,0.2360479702825627,0.07341525913787916
0.024636779280130926,0.07394660935927452,0.14633562698883473,0.012275045779068967,0.08147971111793115,-0.01223581574472558,0.03878137209646057,0.043608228446377025,0.14432874366764933,0.24352497902588485,0.08674174655907993
0.021542062191205,0.09954814205185267,0.1149298292945415,0.02707646171036158,0.1367485321251996,0.005311240800887702,0.06388409460555824,0.07486057414445842,0.15857400324459506,0.20211333106094528,0.11038837904056785
-0.06305758718924123,0.12439464513736467,0.12728250601425234,0.07065431096607956,0.09586628629985673,-0.010864802801941726,0.006775826258980865,0.023418709763875875,0.15936333492439886,0.20737787289486648,0.0932803797744675
-0.04301355875082394,0.14693876726801453,0.09213366691809763,0.0536353617431822,0.09563586445467072,0.02750988537420629,-0.053080411533319403,0.045333802699341584,0.16258699380048808,0.10613435008161007,0.12452705324074692
-0.0066421734175665815,0.08379586952720763,0.10670784664021499,0.04714033369584072,0.10301827563954442,-0.04135351365275346,-0.0315518502610793,0.021665012510835777,0.12951156102298236,0.12290453812206519,0.1040202916080129
0.028299974069501417,0.11632519315110226,0.13515916868663622,-0.017284606697152583,0.12478315470082202,-0.028761236229227015,0.035032954884740834,0.05837041837755853,0.10442305571401467,0.2024632609346941,0.12359427955016436
0.019112261751533986,0.10816841939657074,0.16702565598215963,0.008143031313423617,0.06958256564460653,-0.02256585899169458,0.056070200562048575,0.05173453058549169,0.11887257496122575,0.18990236091465873,0.12918061638889988
-0.0130524681494821,0.15969475824716578,0.12782631802868566,0.042822688918748,0.11404469080397331,-0.011158909602216225,0.04327199451407953,0.09699445750061793,0.11925405769287134,0.22938209719835845,0.11724905175434068
-0.007663801609239695,0.12177993065196462,0.15267596112975074,0.07815619908516452,0.13383620481902475,-0.02319895157431744,0.06334076659714089,0.0023122014836465315,0.12421393370890617,0.2051870928489052,0.09586757696881809
0.033719606299503144,0.06607232342680773,0.16213869146056606,0.031243470986748047,0.15118340187073026,-0.005305983286322756,0.0742237026991285,0.01614093795972709,0.14496549221751287,0.21008581558165512,0.10385268059274701
-0.005341261522305592,0.14648149205790248,0.14358092580623372,0.05627194306026227,0.17896084672328416,-0.036060998010120776,0.06711981070818013,-0.018041019880745534,0.15924830416436742,0.15931181711725678,0.06986688891441602
0.001199975856952461,0.17657055496483345,0.1588835340042351,0.04814446275918924,0.18212120990199238,-0.08497038837916811,0.08087319608969337,0.036445769043569984,0.17795771999172805,0.18405465569985385,0.06632995357871663
0.012669577922617848,0.1767205980432589,0.10603045208223152,0.10046804258194351,0.18788275171737157,-0.07361973500195286,-0.02261169480052675,0.011282186076481557,0.13529220526989377,0.20716998056464475,0.06883679906541107
0.020532970513518954,0.15067371980882352,0.14728781476566286,0.08758574363654496,0.1562138354732582,-0.02421603700359226,0.01994502271659346,0.05704846349517005,0.14127448604359022,0.22331130430894336,0.1435263157633142
-0.022511889458416565,0.1785625092476143,0.09706238468342035,0.09900449119737609,0.11607782566740005,-0.1629513856818861,0.03836580735566419,0.07536640279699086,0.1582714189913843,0.2290818188740084,0.06298523993131301
0.004955865493300007,0.1716530771195455,0.11421381266729885,0.045980088742536465,0.13450698557424046,-0.06695195268172871,-0.0587087950631791,0.005935689910315865,0.17033857485877968,0.18995025763625228,0.08789208224003439
0.016487316934709624,0.13448738051777925,0.12664580800194658,0.047674455866207624,0.1252448136668204,-0.06218350928942186,-0.012422254493783088,0.0021321571628396983,0.17538303387089768,0.20781493425993197,0.049108262908366514
0.004580723419489703,0.09421697622435429,0.17310225797579276,0.06300247603981354,0.1418707318040393,-0.016333412887225847,0.0076146746136284815,0.048382923221909103,0.11152167521429857,0.21688418454458633,0.0569604166227841
-0.007185633404166068,0.15795792184646507,0.12231295372536251,0.09781566835527412,0.12526967388370566,-0.042315468242670046,0.06270773025219913,0.062257954061830004,0.11504138062000069,0.19218300050973014,0.09963249714717018
0.015470508761567968,0.15966216016570575,0.06131320849937464,0.07020471164690367,0.10265937614344595,-0.02001471088895928,0.029271947508045466,0.02409409442277477,0.15701632869520538,0.19642375136228285,0.11426409259545305
-0.007570261358805187,0.10326672793817457,0.10537104557168511,0.031800867562629086,0.11199449634638159,-0.01729265254843638,0.06942363957498672,0.0027655742322317306,0.16035286090764528,0.200739372408002,0.04439287991988713
0.003831231270617912,0.18955410317216842,0.14149683470695007,0.05115498962441939,0.11915579718930402,-0.009020815345705225,0.0617501252982155,0.02989549180381521,0.13258003081153913,0.12203952809506084,0.1037457891761647
-0.012032469774244997,0.16719607071545467,0.09597727114334824,0.09877268022371906,0.1435844705549148,-0.0025290881251271457,0.103762634080997,0.027492383192181728,0.17226396067560906,0.17271432143350338,0.13421798051901912
0.0016378087334287892,0.1375442820914408,0.11153490441010441,0.037914026950600976,0.1275036872786262,0.020364822511718738,0.019098261814284746,0.01373936348990175,0.17394944422344163,0.14797167254053117,0.1211670879059479
-0.0013628206711039938,0.16814638018023906,0.15262090625644784,0.09240483418848734,0.10612469138764427,-0.015833279562952805,-0.005630307795259494,0.03237729994170411,0.12510229565282543,0.1588743486148556,0.10025972493080915
0.030264822221002054,0.08368969250230368,0.15710248426885537,0.03989002072946661,0.12816392269326518,-0.05226678894668435,0.05207556291558302,0.044875300458524225,0.11849337945715341,0.16932101474646546,0.07870051366473571
-0.03549323708442602,0.1282512255865678,0.14890215983578625,0.050089486341137364,0.07542608995915592,-0.053257467033465074,0.015570399214616839,0.047742724316153375,0.09665880883579886,0.1475101407074261,0.11366369236617797
-0.0018725651161843396,0.11085179615568379,0.17527826279338954,0.06428493514539703,0.09639094454002786,-0.07132499359788301,0.046339634195387544,0.07337395617638612,0.13391366565068927,0.12380432103700072,0.12791253060049132
-0.006215223409783122,0.16075915937047858,0.15642844972723316,0.08711268943370576,0.11784087777566526,-0.031107481029769332,0.046401249038934445,0.04749448534702031,0.1450960940020375,0.1838905634952831,0.09656268639788623
-0.015494823674613533,0.10126189022399895,0.15750521055259256,0.017308011537204883,0.11997486894795531,-0.02937126679628997,0.039641231264535635,-0.005928242455058482,0.05634242995680422,0.163431764091787,0.06538176574049562
-0.0381878389035628,0.08758355166565969,0.14330476456138122,0.06762082209053419,0.14421294051510203,-0.02973151218034029,0.006274307264777113,0.045544427482833515,0.131274769363427,0.20639048170021054,0.06877969271480505
-0.01431456796635722,0.1132699968719865,0.09644279728475973,0.050325754035964836,0.1239875992165819,-0.04124916489505289,0.013781942455399224,0.05371628511889406,0.10702286931374366,0.17373033922882586,0.08522014719887391
-0.014194694898902488,0.06820163627292869,0.11989680598214483,0.04452091772587059,0.11280527338306247,-0.040939148928498634,0.035595160527502584,0.061530640323347444,0.12049593100483987,0.16739780179877006,0.04947546595177772
-0.036266949627118045,0.09387090820098193,0.11307356424313449,-0.030990642519145364,0.1163245620501234,-0.009411682650158603,0.09668479674765502,-0.02235293791837357,0.09660041003359973,0.20750117470456586,0.09014423817103726
-0.0632402705162659,0.11511403843437137,0.0851320516580046,0.005075261350483057,0.06937289805293646,0.01496287536920227,0.0452089768449974,0.011517785052929443,0.11439762276904608,0.2019623560695004,0.09275542687716487
-0.07671941342736377,0.12550081610726233,0.10831070583271929,0.025707452206586393,0.10354251133675299,-0.006590285083356158,0.09852533409355912,0.018377659375222056,0.07521303053042787,0.2149909515671703,0.08125748891802764
-0.0339829976953414,0.124921055039425,0.12490169418876083,0.010584936976717167,0.05812725573361492,0.007953767650866018,0.0152127552668938,-0.007222668399488256,0.10876808767526747,0.23722494729208202,0.09722181225774414
-0.0605499804687084,0.1530867895246946,0.13240528542890923,0.006697942727994761,0.10794967681273568,-0.03427568460266741,0.05680985046060982,0.021798077508999966,0.11579980369096107,0.252938198219622,0.08532137132792998
-0.04360594695544367,0.0725656062337282,0.15137922512860136,0.04201007130307115,0.11185949694872058,-0.014260716819850375,0.060729923091670454,0.03926149277646965,0.13784710789928767,0.21934273224269127,0.0969802954268908
0.005336629946149574,0.06270325874301319,0.15647762260151601,0.12707798955887364,0.12456445705011339,-0.009475479745572935,0.11507476976384781,0.0375640216204955,0.10526105313586813,0.14762953301070192,0.07938730034593183
0.013473511777613998,-0.04782160287910263,0.12737611138615648,0.1507517503561781,0.15862512909706147,-0.04682896833402864,-0.03030379297723282,-0.021741172558427148,0.11274584204135742,0.19414077349692893,0.06102539294040565
-0.08350696085402697,-0.0042692167423047725,0.07316590909250964,0.04324236195656421,0.05312824935922848,-0.07237397783511948,0.01656181751141258,0.015673297153114645,0.13325344948639042,0.22104637958643342,0.044297914371602486
-0.05671249868301803,0.019762584840618942,0.08051705697826209,0.044344005576605436,0.1446012271162523,-0.0022907652835345016,0.035834162339662315,0.05593007871907815,0.1635206040415933,0.10355735353467914,0.0701263374806292
-0.05294042384376575,0.028315428467072967,0.09205104145965659,0.04773016469497504,0.17213337710164764,-0.030080087280680165,0.06245402734109069,0.05764103720037325,0.17477175281988827,0.1590051137720442,0.06390457303247606
-0.051914596091971306,-0.00912658597731029,0.08807244925148523,0.05634223170106879,0.16675379870588747,-0.06872771043147048,0.09693035284192345,0.06111626418554885,0.12605865200745306,0.14348270983265782,0.06409965340301774
-0.057830017696483584,0.007261938528209613,0.08194670549521364,0.062296512635479424,0.07804707105304873,-0.05732578205762409,0.03466122035967368,0.03260269509471464,0.05226157407844052,0.09749934079779687,0.09259060878517292
-0.040379258469715684,0.010914959042581671,0.08631033065818192,0.019185271553181095,0.07248500649984999,-0.06675773764868824,0.0031474131794509124,-0.014091345273139742,0.0978695832277581,0.11757642709174354,0.1250296143832521
-0.03159437480498024,-0.00869165180429284,0.05288162165648611,0.06928894304911182,0.08260390804015716,-0.04162096654220925,0.007863831577832485,0.022695360757295252,0.1203664014898606,0.17523861956994868,0.08528844426123432
-0.03917196110239879,0.03545986157894763,0.055540228876319125,-0.01854406311937685,0.10286676362689232,-0.03451490984661276,0.05678181056095899,0.03874032121631697,0.15130125449291412,0.21412170724901475,0.003240891770554718
-0.04565006134721673,0.0498922402150566,0.05760417923260673,-0.015108419480584143,0.12585359155659648,-0.044134405916082954,0.06063711512849669,0.03986126750865429,0.15678791159985786,0.15890727680027567,0.019440399510098412
-0.04350799100481041,0.05557513305856441,0.05762515491697337,0.0020872385376154608,0.014626562240239345,-0.034821571312314586,-0.0781503968063611,0.033939943690863894,0.10772544117700655,0.11695580041144531,0.042791958511803785
-0.06501628876679395,0.012040442451331295,0.03555635590085427,0.008351473151254458,0.03732758896235347,-0.011010112975545683,0.01694388783705044,0.04525597237100133,0.12654572788729107,0.15372354391904153,0.05495198055954342
-0.0833358586237901,0.012516688578434573,0.052476918350649826,-0.03020725723309256,0.06350223465875257,-0.011144182019650551,-0.025526890286922024,0.08333167372498873,0.12428899602973768,0.19281924513136997,0.1035734645587185
-0.06857966047933618,-0.023448538245393488,0.05315593487915725,-0.033690864113530054,0.027248489193683455,-0.033151830175533484,0.05279332719440887,0.07323791313503938,0.12614650045888084,0.12570067068291402,0.037074555450073925
-0.058340984905790816,-0.024696355810079545,0.05819939338055129,-0.022688382240663572,0.02827808824334397,-0.03149354122811604,0.05380458730004441,0.009127345167082686,0.06660516264014109,0.14307952867322102,0.04394379588053093
-0.05467858008034014,-0.017089125389946617,0.0486911578285375,-0.021301704137603114,0.04751018879259705,-0.09162363089303693,0.002135336857157428,0.0619374637084116,0.11272587523381145,0.14433165218329488,0.046954819687405905
-0.04901612369584564,-0.01836499275187716,0.06721935747753516,-0.013784023925639153,0.05491057657452724,-0.06455946665518354,0.011869213339653756,0.057012226672288314,0.14562377672857846,0.07398056827046484,0.08961389813890794
-0.05035847533157695,-0.02606626878475171,0.051063604703839464,-0.013707366990524078,0.06315757751164136,-0.08412928869255692,0.03961282393327729,0.06631166463371067,0.12075175662506664,0.07814549708871725,0.09535221418222402
-0.04824845348858059,-0.02221919680059558,0.061295673098758,-0.029467645593287968,0.04007360638429753,-0.06884006832668069,0.07149021960548296,0.040809265550415745,0.1339684090283581,0.11120845205775123,0.09977498317132241
-0.05140930492164591,-0.017338355737080532,0.06206280204102516,-0.02959508405348869,0.06759363124476289,-0.00023802155231109068,-0.08108716591808635,0.058878309685248806,0.13457162276255613,0.1573370932481803,0.07571713515879919
-0.06630516958259046,-0.02594864658422818,0.06617091752329551,-0.03370654520752,0.0603501609356587,0.018785607202057474,-0.01692874524719335,0.012437664631924982,0.13935923899997749,0.19893706272582967,0.08047053012747026
-0.05898999003308215,-0.03076124543337043,0.04234084357703671,-0.029094575181276908,0.02578827372094669,-0.07087998111347246,0.034603802367236536,0.03218923021696582,0.12672653563894462,0.1594858571733782,0.10201539373516835
-0.05796119579517928,-0.034207486779556685,0.03844622916418431,-0.0014046798734320739,0.032269350084918706,-0.04617730424713554,0.054062280230852904,0.04050099001153819,0.11996308380954457,0.12919221105828999,0.10760798091547402
-0.058099061283019636,-0.025233636953974785,0.054605014768394425,-0.013166767821018999,0.03847690042947978,-0.016960310576189623,-0.0014600378428800678,0.06497526608742141,0.10048302160763686,0.15758679136088433,0.052641267017751084
-0.055880910978631196,-0.041009019171099864,0.011415905416343993,-0.00440658847463927,0.03849423777466898,0.04267906181708353,0.04926724224822712,0.050762729066434996,0.12140914673059988,0.1416920214261914,0.06776489969064545
-0.06015539257692298,-0.030933725117401813,-0.01946683071838243,0.004364608143581342,0.02824620967902227,-0.008570781479313077,0.05516703460652993,0.046175411758689146,0.09712444210667909,0.13515421851560028,0.051843550382513384
-0.058769000663128554,-0.03904192144893593,-0.015246789118746662,0.009152080901623554,0.039359565554916875,-0.07660628205403779,-0.010786693955853504,-0.004674332849300027,0.12803352918108485,0.16178828583968025,0.07966447138575958
-0.06417642148638036,-0.035917737548364054,-0.013435216626611929,-0.0013312130084099222,-0.009780063989620657,-0.060202453268564174,0.031837043623738036,0.04322077124032018,0.13765082709166543,0.183675248366993,0.04324356697572044
-0.07413525702607524,-0.03928998331729851,-0.010641535781071531,0.009507662772489264,0.015036813967942323,-0.052776106159239035,-0.011496216620077031,-0.047211840502013026,0.14871826921933767,0.2229296384914057,0.06843764891027738
-0.07101001861922512,-0.045625404848671836,-0.006104445243469559,-0.01506247074613515,-0.0054631414372439515,-0.05136169496433801,-0.04538844105140273,0.016983511681770033,0.13651866236525392,0.15710348329591162,0.06639473945192838
-0.06976099971253134,-0.04389411862351894,-0.009930317482528178,-0.007565815964224316,0.030184443540995434,-0.04098342157130638,0.020921323072174848,0.044135702525233245,0.16156268969599025,0.15166108644534887,0.07132784155161645
-0.06502926688473079,-0.04083069947157987,-0.02532365563242557,-0.0125215489630219,0.024323655792334697,-0.0403382089864259,-0.023823359386584902,0.003939802325931169,0.11819455191507496,0.17542576551315958,0.07232565666926827
-0.07145552661442167,-0.03813321059821523,-0.016222995294188435,-0.025765848223430303,0.025099504544192235,-0.07943712546339872,0.01816708027557872,0.01191406630103323,0.14867407620967715,0.17359879716748866,0.04327578863008553
-0.08204723229279359,-0.03714401227250462,-0.017175206721160807,-0.012674609061948469,0.0331688331931041,-0.10168436649784933,0.03580274807522245,0.03226323321142455,0.11367232905332632,0.05446231519335021,0.08428068999341141
-0.07613980242423801,-0.044198567843249235,-0.008507444437952552,-0.00531945066509174,0.03888076855485641,-0.09796828030280791,0.05570150047786247,-0.022765722730463008,0.12059108622886322,0.10014520529347336,0.026635835836510385
-0.0833011659573437,-0.046338972640598546,-0.01845165344112333,0.0026461312666336227,0.025170052887738232,-0.06539953606459753,0.053583310367079307,-0.014788332899020285,0.1580985138742253,0.14425005452095502,0.052026544656863516
-0.0769728916030435,-0.04214365727494179,-0.005888418768433977,0.013675023316982178,0.0315696052694334,-0.04972220724096467,0.08835096531311837,0.009110738398990924,0.1579163287722838,0.14528619163077727,0.07744556082137735
-0.09121361629805258,-0.039203901715575376,-0.004094819473911253,-0.023719467858601594,0.04669068419646928,-0.07050441357027885,0.013721555177879595,0.05724430920798795,0.15033766217066472,0.15299988738937462,0.06218316266726994
-0.08426651580900653,-0.039117477865511716,-0.017197739544066545,-0.005041845980233469,0.04293259831931889,-0.07176826905059455,0.06304098664434214,0.05885453344976477,0.1673342234591557,0.15945047797863338,0.05235520338670984
-0.06541300871599115,-0.030279983059257807,-0.02188687191900309,0.00810421137195676,0.03772462676057625,-0.05094942396842723,0.08259646534321075,-0.02614303538070892,0.1773786016485905,0.07030106701547142,0.050309266538011585
-0.06959171914671691,-0.030434739169339836,0.02591338768369503,-0.002249719015638456,0.022373799521614945,-0.04499289308269755,0.11090066872422367,-0.018010717278744003,0.12129955254566122,0.08996730316960731,0.05887964283797927
-0.07221282850144783,-0.004798655559147864,0.026076301955838474,-0.0011371577779458165,0.033723874597493986,-0.01144922657801255,0.054607412915555674,-0.023745831351572693,0.1058418965871072,0.09787535778618262,0.038544146765024594
-0.09551627855446931,-0.0009729719689869911,-0.0006897442026246411,-0.015398590469033482,0.04327208097656505,-0.03233274635775012,0.02193416743115825,0.025827224930481146,0.09813644673699279,0.15266763191420676,-0.041443112778060856
-0.10898929524957673,-0.002771485943071717,-0.020163900712850985,-0.009076824852271115,0.06833966053977697,-0.005744053651572203,0.08041693080699949,0.01956147577008102,0.13169683136883034,0.16368268319559437,-0.009372315540435685
-0.1338168146163942,-0.008913699542963893,-0.021486492466142846,-0.02287251742052961,0.07180647799834958,0.020627003988198424,0.06185711385506271,0.02688355698737968,0.13750829786664026,0.1718102581192913,-0.008695247848465284
-0.12120561943059416,-0.020062384259184347,-0.04200551106553182,-0.010224781332784793,0.03206325232773618,-0.04948876416919475,0.06653627074969506,0.022667816822477687,0.14653625557328676,0.07554239500591008,0.012552340051364292
-0.1266223711659835,-0.017893978463469944,-0.041188687908194785,-0.032192520740297784,0.035527530173344105,-0.027423411602268098,0.07774511552967688,0.031440692866885944,0.10261632901309502,0.11088134050663509,0.06269909799086969
-0.12331926167268473,-0.015625654121456924,-0.03934537518157967,-0.021529038251955977,0.07104910495163286,0.04732697655730986,0.05414020763418368,0.0011504139351057345,0.10408578546008344,0.12433069073219778,-0.0036672961366638053
-0.11914370984274666,-0.009526338215421547,-0.03554930877564877,-0.015226204487572042,0.07027364391872551,-0.0324841704124664,0.0406582933156093,0.022360460359712873,0.155459469829399,0.013632790543445895,0.007059529837003715
-0.11894588961606187,-0.0027460974833806765,-0.046728487828712674,-0.03577942978135969,-0.003256398137727176,-0.03095511182324521,0.034645469442204486,0.0035628087871614725,0.08510152678137178,0.020690970652091058,0.005572667237490048
-0.11037362137357218,-0.018585275513793804,-0.04119471112869756,-0.007144393969308611,0.04112646149530448,0.0017898005383346488,0.06387842719012757,0.010772641290072354,0.12218121671847354,0.04401025707283225,0.05143381522789473
-0.10160473130805645,-0.02222813174367031,-0.030318490896201762,-0.017229976177404887,0.075383536419252,-0.05730304848253724,-0.04711528289233167,0.028770736031729433,0.10474325582927933,0.10749742359268952,0.05358171789097869
-0.09353138089205795,-0.021294359434391626,-0.022728989226711585,-0.002216788228123494,0.06835944738291272,-0.07133607042507448,-0.0128395089831204,0.07925512760612963,0.08271968213655694,0.10325084776311748,0.008137624389992697
-0.1183096087101292,-0.019280457958365527,-0.02745333983550989,-0.009493124729717467,0.06742720920111182,-0.08366307014664638,0.058779274729988194,-0.034658416814003744,0.11170088275735077,0.13986701784329067,0.013200369714160724
-0.11256489574841361,-0.01279946826815138,-0.024730068770623122,0.009265076650526654,0.08097523706088025,-0.07870972340065427,0.07800424724415876,0.029325212664116525,0.021579440626031978,0.07386284450866275,-0.0063122732910366195
-0.12109255082028468,-0.00830719612265973,-0.022649379348200674,0.019946830171842553,0.050540567244114855,-0.01304183891234759,0.00411877796261503,0.05593949084978159,0.08220101007713232,0.08218023881399542,-0.02255104398765277
-0.11178506274285946,-0.03589918738085486,-0.02490957399438384,0.0038187019042582966,0.05950636403948831,0.036034900345807225,0.07368503530935411,0.04401768526062795,0.10704051487180434,0.1238017077079043,-0.03705260318381033
-0.10873793306799898,-0.024031613120889632,-0.02047224859004703,-0.0012509465346612879,0.025773870283929492,0.03697354869228657,0.051011852862752324,0.054341598742564376,0.153421558407777,0.06118598900177019,-0.018441649025059795
-0.11297714943908538,-0.018873914723197598,-0.029128077538548635,0.016377395123027855,0.07056729901782717,0.048771299996398024,0.03262715738628133,0.04093617704989605,0.08489150363162688,0.07304995579961893,-0.038885263465943225
-0.10952584966197179,-0.014697790386963568,-0.031183879664687525,0.01862426654193361,0.06883268971745446,0.05026121267270112,0.03845933247636624,0.055853131432850533,0.090895585826867,0.05404327058191512,0.007210802707348637
-0.11390411853940996,-0.015642978009762006,-0.03265274140706167,0.04550986306989469,0.0328603203140475,-0.006267992018860373,0.04236344672602753,0.058915025949600366,0.1227966846504463,0.06507788773102524,-0.0009648781371174827
-0.11333946824275286,-0.012387295920712188,-0.03858106741893773,0.040541841487295886,0.03991841329598166,0.002734063707083883,0.029123525244274452,0.06694294674370985,0.08121892238142177,0.06718360175529288,-0.0005620889974753987
-0.1144533145582441,-0.02308206590447862,-0.0354972021793151,0.05853587768747376,0.05523026784052801,-0.003098337831202726,0.038208825675751484,0.08562795069896377,0.11176465731216537,0.030572265201465953,0.008221093449950652
-0.1138191723205188,-0.021432540748499006,-0.03293197490258748,0.03853601216327266,0.01464384276736333,0.01859130526627594,0.03987055912764502,0.08811932035739853,0.10905112687891726,0.059092642442758345,0.0381918149034373
-0.11138683901982216,-0.016141897367116822,-0.009219944593757572,0.05519077589355173,0.026132116105549812,-0.01974834878884114,0.06450155822931047,0.02573739837647501,0.1268358690567144,0.0478588395076732,-0.028163538095981846
-0.12690991353592415,-0.011878127394781425,-0.05402278095513087,0.023727883130860588,0.037593614538204485,-0.001517603105706613,-0.029961122049567662,0.05725477615776138,0.05100769542141991,0.08822299036121029,-0.027028834615975605
-0.12170179641521725,-0.014744628308293319,-0.011358805639152706,0.05683063130393291,0.04931331931800928,0.014265350695230243,0.00915781251141264,-0.03792653811554703,0.05906880427147958,0.12296171154081882,-0.012348815574735985
-0.12309929944858042,-0.011558403246682628,0.0008588336259700629,0.06057050628125081,0.08090700704596462,0.016619538881225575,0.047114443299352445,-0.008654402694324392,0.10903712370188062,0.042118956088213554,0.012608477006065513
-0.11996108829680169,0.002579901298702794,0.0371620712833216,0.06293917919521078,0.05932353896160579,-0.014365429069676203,0.04457340678784022,0.03832258185821851,0.10983568521253867,0.09092840377426739,0.0312602467399921
-0.13385258700148528,0.005404539741257834,0.03818419793554999,0.03904626548306498,0.06439360936065766,-0.045836600829986154,0.08562283222517539,0.0308148714225788,0.09923404300707288,0.14148852988482596,0.008932312620811714
-0.12847695191477973,0.003315334734827749,0.041597270412231976,0.044797098194146304,0.032615371639676795,-0.02984644518080796,-0.026225294461150114,-0.002412642314710943,0.08787861504652814,0.1745769919696495,0.015941311690138554
-0.13187923161636017,-0.003034517353561206,0.02941834450388006,0.04096438045369766,0.011247263609275027,-0.02088250827126693,-0.023509148360303198,0.009577382423682043,0.1313088240807786,0.1878988888059463,-0.026346887126890185
-0.1251667666520055,-0.01105354050645266,0.04792790338607504,0.01991156666829245,0.023978767152970898,-0.014968922376352474,-0.062462421064716556,0.04968891301451435,0.13937639677550573,0.10824831015765114,-0.022227182632830283
-0.13109594288288431,-0.008019897642125875,0.054555529128110035,0.028985989339835073,0.03498537458062065,-0.032081346317373714,-0.0006782562442314774,0.058396358178779785,0.14679441555035513,0.10105522494900979,0.00810498320280466
-0.13100647093377832,-0.006808441151968476,0.06271295852068497,0.03254832177977322,0.021635781318772376,-0.026496671358657742,0.03429838614204611,0.05900371172839288,0.14187801811496326,0.14830050311416526,0.044156072184122076
-0.12871986214965145,-0.003555532658771449,0.05583456936405512,0.04771468057209627,0.04777760269024081,-0.023264210404007633,0.0188998038654436,0.06354639279856134,0.13507356198315312,0.03830271544740703,0.014171988243198904
-0.13637925956959215,0.004496890518226006,0.044049640413478794,0.033744315316898095,0.06202134812948895,-0.04718685798926611,0.04033867913982188,0.07109912574213612,0.16580291539390352,0.10654359490022844,0.026412365532370526
-0.13423712822522454,0.0052873316355546846,0.04410412324030184,0.03730648084688924,0.07167911960715806,-0.03847095464886662,0.03546690824047795,-0.054182858513480515,0.17521544232627323,0.10372233583451089,0.012979837955005643
-0.13411678710525723,0.00654790337090173,0.04284507896152579,0.023456028106396427,0.07190320941966227,-0.02983857830580164,0.00030659765119125774,0.020042315994759478,0.1383322951359902,0.1304512296295871,0.02686066514741218
-0.151361609768668,0.008653926762508726,0.03296253963129534,0.010217192421274036,0.08113934347677755,-0.004801852551184432,0.035603034391434016,0.043396481677584385,0.1144256964826821,0.1016550529242692,0.01862583324885584
-0.14791462445961576,-0.018792932439632905,-0.041385064563481254,0.03339736192583115,0.08647660517304409,-0.011546055282438811,0.048542055640230265,0.050047072169317086,0.10492551427298932,-0.01473375242342376,0.03640917521944512
-0.14034867431717446,-0.02224864703253099,-0.04070035318012172,0.037720672007098374,0.07858067247871268,-0.04744332828564253,0.061038093134386406,0.02434960927610933,0.14625296859463394,0.07969876114719447,0.05160275983799314
-0.13486990658667475,-0.01815729109523142,-0.04040792402226982,0.0438141078551252,0.05983589121914674,-0.034396404131719065,-0.03427390527939703,0.022476788199105143,0.13012367306602465,0.09429497539624662,0.04058217730444309
-0.13677900115764222,-0.01631325864793555,-0.04258571728006066,0.03474793189764841,0.059709105915488836,-0.012364162617901813,-0.012351671332315902,-0.028076321869147932,0.13889864510400887,0.12421811680442715,0.03790925732745178
-0.14699467143776174,-0.02461621872149115,-0.04081016944787087,0.011403638898415048,0.06582103616498639,-0.08113315777975488,0.03676204733654519,0.029552362075465202,0.1268575382535855,0.039900611656681996,0.053600179011275034
-0.14188223310046438,-0.013034844961562646,-0.060403553249115324,0.026150820108612305,0.019668408342459563,-0.05187642844038591,0.05730423740370561,0.04424069803428103,0.11888802402932874,0.10164417030382372,-0.049070786822298956
-0.14709914413340963,-0.012414070615787792,-0.05922448293296066,0.02710215068322193,0.04389896907540357,-0.020778664948708083,0.0910884879955623,0.0022321036281936976,0.11714357724989537,0.17450600713101982,-0.07405734430493274
-0.1438600669686942,-0.011606664798266804,-0.060047978801636225,0.0438758752425359,0.06087115563402831,-0.01413229730249377,-0.014847041342075856,0.015141284301237781,0.12109543383751573,0.1468862826250928,-0.04108922149645734
-0.14187301357913673,-0.005040551132988685,-0.07444445813292594,-0.0037877011614623176,0.016524445518554354,-0.01514745711711051,-0.006848382160123042,0.030203040794029003,0.07014433069280498,0.16577009959543326,0.0067048970032799575
-0.1398420952403282,-0.01063154842620955,-0.06995529040765232,-0.01388547016139099,0.06568041305638005,-0.008355633939567064,0.0065227483309521885,0.009413632050603683,0.07945134690827997,0.15031568580355142,-0.047139114496838205
-0.1297214340452789,-0.01116504486272685,-0.0656179217884245,-0.006289534491525153,0.05399331231784515,0.008294876581390432,0.026512171956272427,0.01172694514079887,0.09996030714319595,0.1751720998037946,-0.017363114830274903
-0.1470608379720496,-0.00954822315247693,-0.06469984495370053,0.004475159096168742,0.06597362040829806,-0.0530053184235766,0.046337225787457796,-0.06344893866162572,0.07270706535417375,0.18710398035216352,-0.006751396497161952
-0.14151688708908342,-0.012688438660329484,-0.09174795401126347,-0.007644168916386402,0.05894769832973764,-0.025727018062345213,0.0023977378615933453,-0.051317945228821604,0.10848615592316907,0.18969990483211302,-0.01691980917548132
-0.13773630926126945,-0.01355367011758344,-0.08590641437264915,0.0027516472541379653,0.09519730870632367,0.0003079556961541243,0.028345197499113836,-0.0034165245877477227,0.13988683812341673,0.16821938683205356,-0.04040225975335949
-0.132865973567979,-0.019069798825006097,-0.08971555154214196,0.013718105352759968,0.10472683361110567,-0.036924716456616054,-0.025293645468462436,0.013484069272215057,0.10521606033374231,0.1463092968799112,-0.0355243176293972
-0.13138041037286985,-0.019491046259403406,-0.09289841568532062,0.010769744091761124,0.1028515477017841,-0.09845174570972585,0.008530722482586258,0.009697348325927347,0.12949430303687148,0.1610081680088029,-0.0032469905265028135
-0.14559426397285677,-0.013548249230752795,-0.09278333468622094,0.003957579390511062,0.05348252536432454,-0.04444105488514782,0.042555876818009056,0.01299372966026903,0.07640250021577046,0.09262198807333816,0.006390519950217108
-0.14489285232045856,-0.009765441962882166,-0.08256712893185866,0.021654080230684325,0.10437151862410912,0.02417252774448268,0.04109302783158997,0.0064636806346159165,0.1321740993300795,0.09955630722206917,0.020044424839784948
-0.14059006195095275,0.0007531969447080117,0.011804729686045116,0.029902572565407994,0.12088281095653881,-0.006067730225495446,0.056878089484842,0.02351456127133974,0.1308063309711477,0.13383654480887724,0.01732980130487884
-0.1322042971965537,0.014866997348339722,0.07361673978549295,0.04622001314167662,0.05506190436499078,0.028099742489614714,-0.000736502489671029,0.027863525660040533,0.11217038412536368,0.12549012531013595,0.013625664411706874
-0.12904743218326659,0.030322468203841227,0.11040530837537896,0.023890209339131864,0.08979422821401034,-0.03346858352205701,0.004404315919096495,0.0354899654322353,0.11320607702655536,0.15510925366518935,0.019699112234457403
-0.12638396350821737,0.005116497128192939,0.13493644518731646,0.033972706079205245,0.1023786121256742,0.013463134198697546,-0.03462923188103886,-0.0017607233766283492,0.12399488680558092,0.12446358481003866,0.014819797395812644
-0.1226007994736429,0.009896810213354474,0.15501143248763108,0.04543733511976361,0.10341656804192487,-0.01820482060808268,-0.03051218911559106,-0.018915619226667936,0.1315727275869896,0.15201946080967504,0.018847886155106373
-0.12444645931161204,-0.009531745372408475,0.13735982695700913,0.055109215175393834,0.1383045288896776,-0.016017587261195666,0.06663314450998903,0.02805641255503809,0.16346611516423293,0.14963982537219023,0.004493220999036892
-0.11855162447721529,-0.0011380743858693952,0.17984846459391168,0.022844515394001057,0.07240448056678922,-0.006792009417930716,0.011551531135424304,0.05571468398405824,0.0980510847247529,0.1516574951069359,0.009079174965047213
-0.13635672616192843,-0.001054762542941833,0.07504233292610846,0.02399159890517582,0.09155579773214978,-0.0034771639333674807,-0.008795830976401584,0.01541218992800372,0.023755424976741005,0.14718592883696174,0.037052553365552236
-0.14577650434499917,0.0005177266811508934,0.09951777014075774,0.040792643312138215,0.08551505487155289,-0.0760948762506154,0.01954717040717634,0.027369088815106715,0.05242482853427777,0.1473506231674992,0.05551534486059738
-0.1273840638092147,0.0009909018850067476,0.09922093189644675,0.0461182363582969,0.1258865134040626,-0.0514609794485158,0.014562240407824445,0.044079548236121174,0.04096092509508429,0.14513322187691488,0.014711986563290081
-0.12657219897393374,0.01212063561276986,0.1287808655375161,-0.0005892991946223844,0.16246919860278947,-0.013711770551534627,0.0823639485942366,0.10545139468100258,0.08213471628026946,0.10292479929226934,0.027646970984572722
-0.13219784158357448,-0.0016725353791192342,0.12102784683014345,0.018223141361626526,0.14336106872727603,0.006362864761746647,0.043484829658630424,0.04031257954585289,0.08315813823365216,0.15871783497967595,-0.08644527946532742
-0.1292418888125939,0.013713481383038776,0.09833779622363546,0.016225216017715045,0.15614921285313663,-0.06033730936693128,0.02614369246566636,0.016548005460645946,-0.03162634073070707,0.1660213002383967,-0.013220739141633967
-0.12381544918613566,0.024427309960754928,0.05361490098405262,0.05658818000258736,0.10308463183214904,-0.012256496210192591,0.0073906970542533725,0.018654697108451218,0.025381433461967015,0.18496535643182713,-0.0061918721482049615
-0.12957582447758392,0.030226748060183856,0.09987326412801695,-0.0021737909097933775,0.07054325655859621,0.0035549999170159143,0.04085107411622766,0.005954790080193591,0.04578817994649191,0.018989584478973486,0.04740338710115045
-0.1333958184849844,0.016442609102221346,0.12012372290371241,0.007171171154385559,0.09960441589884611,0.00582327651926252,0.05624026601810267,0.05870388754049391,0.042919830849395206,0.053780708818551196,0.05168978072486864
-0.13806157415830114,0.02295875037235748,0.09896486195214967,-0.04719377175486139,0.15738637208367262,-0.038360222760330916,0.0029117423903958686,-0.03756045958517334,0.049747239375580427,0.11076427445227777,0.01345911490832706
-0.16337723452856817,-0.0028828885187470316,0.10061046837291115,-0.006990985058867909,0.10430547289918601,0.00029250492010585855,0.02145824506414111,-0.0025350331362561443,0.010269250450357086,0.06996371904060097,0.0525525422052649
-0.15577044190830613,0.007040618024045984,0.09296025383577491,0.05027324569945138,0.11882425662628383,0.011917492932701446,0.057920771285198236,0.05939849386944265,-0.007396393756752188,0.0856775819878384,0.07973675019753305
-0.1468470221453897,0.011433280164552844,0.09303686900182855,0.06910907780515764,0.13943133734066399,0.03591102486436959,0.08884115454380387,0.08418415406364074,0.03142671984865298,0.12008432050320272,-0.04639279999095899
-0.14220138030350643,0.015092486480176207,0.108719642276838,0.08197314100049802,0.13053850407981568,0.009991954402255851,-0.03346308494709598,0.04191847151449153,0.059366977722586964,0.07143355271108065,0.010776280397926805
-0.13282643049634538,-0.001496395681336027,0.12961035527267245,0.08658714691860656,0.14996732034166982,0.01984771555787055,0.03341902649879486,0.12697910477818855,0.03656726948105059,0.08546369371708773,0.03720531112901907
-0.12987659101468402,0.013097491787596071,0.1393667318989291,0.03292038077304935,0.16493339506981797,-0.03051562467406771,0.09394333658028306,0.09577354055808288,0.11067014640916659,0.0941665133126213,0.0037809684805647104
-0.12422660774765237,0.015204926146863527,0.1615185367803994,0.060453061951961665,0.1102745401010873,-0.01576828870764227,0.12055254457311844,0.09344114235196424,0.0753431389964526,0.07459139575950204,0.021557448094782383
-0.14117390082426287,0.018843836294658613,0.17534368819683382,0.06850819943689208,0.05396168730924207,-0.03249821814446124,0.09458552858635552,0.08610783264308429,0.08900206999793414,0.07283680639520698,0.027974253334558073
-0.1397250245586712,0.03004267970008961,0.2116939872299647,0.05710713707401189,0.03803044032951347,-0.02503839601331807,0.09316750567594562,0.04275073233461001,0.05952501833902631,0.12157938785445492,-0.09060422879731886
-0.13534178886328357,0.020125579418948103,0.18773456351145654,0.03477609963510627,0.04363932621867016,-0.028012647363313596,0.097166091269632,0.07528650172473421,0.10434299779030642,0.18521068344083685,-0.025364190243191444
-0.13528537313690941,0.023388146374538475,0.19466741654891526,0.04048172647283539,0.0948423392798389,0.00470705310122772,0.10059847588313253,0.08190998379905604,0.08766247852899046,0.04512581489788517,0.0009884918904358268
-0.11103522971681107,0.01787816990057528,0.17717154043573385,0.07635913866343574,0.14034666905427862,-0.0024002350082708004,0.06577888712965317,0.054219107847480394,0.09078047040925045,0.08419488270244374,-0.032168974169217525
-0.1537685768989425,0.01629285705992301,0.18660491422684805,0.07886678315483821,0.15331845213393486,-0.06927087527615013,0.11046841266979918,0.06491787818144187,-0.04123027951506098,0.14020406936849167,0.010520207265019274
-0.14392126237361597,0.012763998834629165,0.14958449985583402,0.04343316728996977,0.1438223952885623,-0.06686717283459274,0.04392898375831717,0.05070274593467977,0.0156426552912094,0.043449167684364305,-0.014056242549329523
-0.1226735335372881,0.016251166539288577,0.16356888005964934,0.06842335455952436,0.09384670516397547,-0.048196553289893085,0.023248150955966822,0.0628449474099152,0.05229651583690766,0.09743709622915893,-0.008515791573226756
-0.11089213906792293,0.020822544542035984,0.12157064736143816,0.07910900516819777,0.12458171436821361,-0.060400825499286395,0.028211161776674522,0.019252759839920443,0.013576897197389814,0.1407140349310014,-0.0032965224477489253
-0.12522668250147104,0.022533090488306033,0.04373304364994599,0.07622589744755624,0.1260934084348703,-0.03999558896693615,-0.03463327834254073,0.019899034667553717,0.07412655853010829,0.12882057947343578,0.0021106768232752415
-0.12249951153615096,0.019637767873421665,0.052196767078081574,0.09145863392992958,0.13181939015742947,0.008612254881005258,-0.011567121222596724,0.09216228743382054,0.10540699432762984,0.14978994892867759,-0.0011425820163029575
-0.11426729843403999,0.022939542416569696,0.003938845100812138,0.012466566705223489,0.14634599002615245,0.024002537471320563,0.037464028873621054,0.044291179173800176,0.0871194410763159,0.10332136218859041,0.01015954852411175
-0.12085869547452575,0.021625109466919694,0.014786273899140976,0.03560732584061073,0.14578728672384236,-0.05083291816152432,0.05392876343321058,0.07821603123886756,0.03523302157201679,0.1008599514231626,-0.03924877647292232
-0.11835521514640718,0.0282055089179666,-0.02276776281859389,0.021745710258137776,0.14621380683653576,-0.012456481440478673,0.03523201439240913,0.062287872906878206,-0.05871466936599941,0.1345957052038662,-0.030065866257900566
-0.0991564268041998,0.03430459699592753,-0.05159390630341997,-0.0027202636689163517,0.11162949431001812,0.01640139217605758,-0.004156602548330358,-0.008812254892878905,-0.03525280955663121,0.15999189012612822,-0.005950676219582486
-0.09197882467444883,0.018244374429597983,-0.06338999578822355,-0.001993466854444919,0.1358725943578503,-0.02162140656271075,0.08441882863741246,0.042285760127907274,-0.00857717887442736,0.10458387334454805,0.021208401311054524
-0.10129886466448687,0.023303807529043874,-0.036997276493300285,0.035833128573602886,0.1193007763468526,-0.0070069996065319565,-0.005416127380107724,0.08377185832049079,0.0036845225325476015,0.10670410381627302,-0.07983000478418903
-0.09530108734031459,0.012913987896888794,0.011116685165549752,0.042324461104948655,0.12214422482804568,-0.01749318870313414,0.005577080776560748,0.0020111091497760037,0.010587632355765332,0.11465257446195372,-0.04613246696420155
-0.07267518802011569,0.026512423686743683,0.05896213119793118,0.032312594801231755,0.09347862657108356,-0.06420830633039269,0.028836094155989332,0.04186245503007681,0.06420711669360724,0.12499377015916985,-0.09594884870652783
-0.05746889562409754,0.018517277094680543,0.09482860083192755,0.04957867092570821,0.1101530325720469,-0.028649203935968738,0.031804170562588815,0.04796606132235684,0.02880760743690734,0.10576444349396831,0.012561891279367306
-0.06390381910880687,1.7456668253188703e-05,0.13417995081616008,0.03995167868305681,0.10471267064399706,-0.007807229115278029,0.049918080478372796,0.0476164010170834,-0.007391013796391961,0.06637572572857123,-0.038077996727490696
-0.08573739618187734,-0.05137124866031005,0.14143790296527037,0.043956424895115954,0.107998805876554,0.000865970615597531,0.10858207561659505,0.014122329144221887,0.03633249720226582,0.10342250512895157,-0.022407387501669422
-0.08327891348291458,-0.06522348872133585,0.07936694043593326,0.02501512639058421,0.12242609401488262,-0.016701734408760997,0.07238891832868571,0.07301404644919798,0.05485292742759804,0.09386660403583769,-0.05246566656909172
-0.05469028166148303,-0.04151980593253693,0.13124277077102697,0.03980596414967985,0.007908942035543669,0.010634597251910674,0.0009479062117060542,-0.0014053033457473102,0.06834262466589085,0.1279288489582413,-0.04024053834209212
-0.0638349519694307,-0.04556292045749685,0.09626386409714215,0.03279207165888228,0.03132862934205787,0.026501968357031544,-0.03233657220394883,0.08122953292422286,0.027535363122793283,0.11567606544877158,-0.0592380314971671
-0.07859054235404965,-0.04313938970815977,0.08412346422253555,0.033881484609857904,0.0006576461924807099,0.027952839174141365,0.033628052820225574,0.07712181863841952,0.03501771721632688,0.053194297378813864,-0.040435967261699124
-0.08913617067268917,-0.037232608238796365,0.11591856117772235,0.06076906867390085,0.02500697234677554,-0.006185669627285664,-0.032358255957609106,0.02459947586415333,-0.04217683309557114,0.06364651191617071,-0.006725559587734655
-0.08239622334539784,-0.011264211654670706,0.14210573496830797,0.06575190318959419,0.04658364251318853,0.0456716849720286,0.01907441358360218,0.02954459565398116,0.04300509638774465,0.0739853197823394,0.009979927038046994
-0.06665259444939978,0.0025299338982265242,0.145394157430981,0.0858332826466856,0.07557823996587218,-0.020456986093058602,0.03994358180034667,0.04658589389111509,0.07273557028090326,0.07351256833087523,0.02425123317501593
-0.05321340858053207,-0.03057346417577968,0.14292933453322323,0.0608499214630912,0.08667965563496298,-0.019973818285877874,0.03842622324560441,0.09305010269073355,0.042724457708150095,0.09922649965351828,0.05740188666432442
-0.06143527835783702,-0.01023335483737953,0.13353631819260026,0.058254725450694364,0.09858569053735161,0.026605526899477667,-0.002434190247016058,0.005777950785428247,0.10320761912317024,0.10732335768619247,-0.0062036621005238
-0.06097056115620285,0.0007444478178595601,0.13963654276982468,0.06865377964686517,0.02632695368012347,-0.006835994628822622,0.024149463642926628,0.009066991035771447,0.029619013282969252,0.13708692171122935,-0.08105392730686141
-0.057999743691486985,-0.002435867609196709,0.11292792603085391,0.05647227626024695,0.011637857188144314,-0.03411834167113666,0.02522221633579757,0.08326083342423209,0.06301238443391058,0.04050294150957863,-0.056174799772701775
-0.055555158187783976,-0.02299984290943773,0.12599358141659034,-0.02758393226424444,0.10826006262952317,-0.06839917128590407,0.002715011160514691,0.062313472861803026,0.08215855584655637,0.08275631492398677,-0.011921816675184351
-0.05417534702959148,-0.01365039944179072,0.14377740071270578,-0.03454519480723838,0.00028582233769299377,-0.04262609591216637,0.043122799641005426,0.026528241142672857,0.08212933184284596,0.08493504523484043,0.0412327844240881
-0.07962431821813859,-0.008618423753179885,0.1450087041572235,0.0006635237265268795,0.05634676884635861,-0.022969171191819595,0.045883457096776166,0.02979966867681178,0.03320466741533578,0.13895900749920703,-0.08322901203727556
-0.07900467430248696,0.0006425976175110345,0.15390566623329469,0.0041601160154096095,0.0714569136506134,-0.002415597049092239,0.02845936032674179,0.032969821633687266,0.01354244061265582,0.11977019848901654,-0.04358710779959733
-0.07422030073192512,0.009671294672747827,0.16090560340015414,0.0032774153971589504,0.06281202346544207,-0.0532717035002296,0.04725504175870019,0.0026996223250096924,0.058449887026740886,0.13316636011470173,0.01731362555198717
-0.0679469303504025,0.0027717687930563545,0.1314031031626575,0.012122193567945194,0.08470593567357035,-0.03203428897911779,0.02504688470317429,-0.031122207480150384,0.03188541473040787,0.12029978584288975,0.02552401338079071
-0.03031654038622255,0.009102731895047095,0.17928432906910474,0.007970366195890857,0.019978221310228174,0.006006872310541454,0.08202581585550205,0.045982726476193114,0.0943756345990133,0.12533800477849483,0.030641226965468834
-0.08794534290707808,0.0008664874166303488,0.1155262477317883,0.008428890387199729,0.036888169270516226,-0.031587579562511583,0.03376135093687262,0.05164982093572853,0.0065057947260010835,0.1190928676121516,0.04752856365220792
-0.026344877436275015,0.007076287015745187,0.15902775010416464,0.01525913082723301,0.0414478343593618,-0.011749123117825989,-0.024961793879702463,0.0806194541203521,0.07418822231756027,0.12849473965730157,-0.04117112332757898
-0.07787663881996679,0.005840549744355205,0.07926073795969361,0.04779649382984779,0.06468343161668298,-0.03274596225109564,-0.015360557782225588,0.05201521375597478,0.09331338054963942,0.025673975680088584,-0.016872358872201093
-0.07808253806675639,0.012856499929335786,0.1202337345036247,0.051901882350148684,0.08326403870656753,-0.024346591545052452,0.03076244464664641,0.0775849866694635,0.10098005294257191,0.09791453082923125,-0.0032782271330480707
-0.09091664576941678,0.01799764477130473,0.09816349808200985,0.07229869110623635,0.06904471060466878,-0.008027737050499511,0.09324290955937166,0.050648073643630456,-0.04169706236829107,0.06893686831625653,0.01868907298476339
-0.060912772191508105,0.018850159434502002,0.14564991887202486,0.08179451327300233,0.02921693566222867,-0.029278711501281,-0.06438209531968477,-0.029102949321298498,0.027824944659931773,0.03070934202590017,0.09573020914292969
-0.046510271593775895,0.04336442952591078,0.1669370154701561,0.08402002009626611,0.06393004443520398,0.04582197315342298,-0.028317162345274816,0.015523564086551946,0.060406225038887804,0.06604754803557467,0.03475365740113694
-0.0767366317412411,0.059303834053210096,0.08780547697448808,0.07955242106321728,0.0756966550998043,0.014358793727483764,-0.011522384050897564,0.05867263898498653,0.07380465451259985,0.07634841784686892,0.10214548325122894
-0.10902498355281356,0.08166019354841303,0.07299516728765632,0.032520932864430196,0.1064581835551682,0.028785721828774716,0.019914779388907358,0.052930275686566094,0.1241744288300612,0.09462849937406764,0.06543225652883002
-0.07799302605636244,0.04622740177661656,0.13394368969263426,0.060348451185211566,0.09526852280586001,-0.01217102505315513,0.06736501132417508,-0.0351298247586009,0.10057061207051034,0.11273014323838053,0.08364368378768011
-0.10473310031119708,0.05806804704895019,0.07360593767005215,0.05280637261720617,0.10247008071108189,0.00887111103122792,-0.06167735747643931,0.026861696986408213,0.00443797111288085,0.14089998956191904,0.02417926391273124
-0.09455070843332017,0.0653762550273838,0.0889047602618909,0.02220004084779999,0.06869005196019709,0.035879002765498116,0.03006880221219809,-0.02710257801597326,0.043045035309326185,0.12075987339122021,0.06350332738719726
-0.1110037038047898,0.055289183200347994,0.1055121369970726,0.03442248557562631,0.08715144296130131,-0.007659838590164471,-0.026113063961800718,0.019314061875128453,0.07421599115169328,0.12161043558113985,0.026218589744409205
-0.09748573084099384,0.0668870796440054,0.1211634464521432,0.05198423807611783,0.12829386394940914,0.019242918504690332,0.054680068412942845,-0.04054009654417404,0.09732391400432258,0.17664456447275295,0.07702721787538828
-0.09707155055934164,0.056740332802401296,0.06157609521253395,0.02452935062978851,0.0764016809179899,0.017015403819826733,0.04728344003493609,-0.05026810188489371,0.05945077794835179,0.1968080651333554,0.056577587197999164
-0.09202521979829005,0.06790366695594656,0.12495009676280482,0.012652342924871707,0.09777966203472914,0.0033066827571773647,-0.03963554203089224,-0.046376230982587,0.0723866712330662,0.1043677274052664,0.08247116452703658
-0.09009837759374043,0.03961244827301658,0.10316560202631811,0.019456402075882416,0.0987508823949507,0.011097924373838643,-0.03479958062590768,-0.019795849611724523,-0.01879185198993585,0.07729317150325407,-0.09328560072440607
-0.09368929967955693,0.0008999264641806199,0.09425410537306876,0.04522867654463748,0.1389019745493941,-0.01667985922330349,-0.005493489068343684,0.06010532047966636,0.07430733286300555,0.08337591367767361,0.012209375857410908
-0.13226149321525987,0.019855129340981593,0.11205508156843391,0.011630133978740258,0.13919525702221253,-0.012802479244428016,0.010347048353646332,0.06992247317793653,0.08008500194490695,0.12451039902416325,0.056759789404976974
-0.09349076532547898,0.03428443353841351,0.119543678920087,0.06371350647717006,0.14271569255997657,-0.04601966142295818,0.031669414866418014,0.09611992188732704,0.05687256988208157,0.11342144883056239,0.061996305573035954
-0.08247731657147875,0.04089385311515666,0.052944416529913225,0.040961015820568054,0.05991357669023816,-0.04991923507363191,0.020297535271716537,0.08263178748616148,0.08006782616815245,0.1268540986311602,-0.01463760895368285
-0.12236480535763326,0.006354857770247097,0.02942538234078099,0.05856926010653392,0.07072023844875397,-0.011246265162886298,0.045651656879510824,0.009251845712975798,0.06447923845183662,0.1272027239784646,-0.002257407841882746
-0.05419604379841757,0.02108098541894165,0.07500335414765759,0.010832569467601737,0.09763230494120972,-0.005112720741669059,-0.026148526291481452,-0.030587035400475006,0.09478169187981358,0.11168848303779418,0.014583824796947992
-0.10852267708737907,-0.02437503055106347,0.03904768064929689,-0.03787575867432426,0.056825798564648776,-0.016444492609885904,0.0028160438523780838,-0.005704551017775714,0.02288448719635401,0.13370826863429544,-0.01133196001015879
-0.09757901286455106,-0.033918734939952996,0.04731776201522131,-0.05640611595419093,0.04377061466822478,-0.04059472530545018,0.017631123592739367,-0.008005536810482822,0.03221235924977643,0.10087746918671459,-0.04868259884401428
-0.06805503910146565,-0.023252268610137412,0.0726442040818316,-0.04430330214898171,0.08530551277942575,-0.06351566297969072,0.028153115773732577,0.010764364596663627,0.03420687121317657,0.06472136102147841,0.005584507211481689
-0.042010184914456426,-0.009263759847459696,0.091968586773122,-0.0066784016461963955,0.035583864500813335,0.015565822619364948,0.02873274834911032,0.055297357425051125,0.08119889556746981,0.09149644865215414,0.030341703082033666
-0.07481377180509667,0.0034268106702953754,0.11148827055483297,0.020436029499025187,0.04524147601901239,0.040358533804540964,0.03822301593442522,-0.0036255302740358453,0.03182770187435951,0.1304501982032265,0.07972813395945401
-0.06590005232093916,-0.04007652111647651,0.09351762907393495,-0.01959696931910748,0.06373536403682889,-0.029888246665954344,0.030672318409552268,-0.06010957111840241,0.05105040912137765,0.06695761730399194,0.1040631281844526
-0.05309684033766351,-0.0273783779087902,0.10963554695076047,-0.026014813468960663,0.08815214305730668,0.00415563347349532,0.004409886851151717,-0.025114174001622316,0.0145675869964601,-0.007644482627178608,-0.0007537199141080117
-0.0530626222899499,-0.03048045229259389,0.11359721642940711,0.005584537668854446,0.08969336847627876,0.027510455370822216,0.03328641908317661,0.05239586056280852,0.10568342850958577,0.09605270173784065,0.05860351834753453
-0.060844689477674026,-0.052569377885320484,0.13204355079948793,0.0165335349050663,0.04719002662472155,-0.021212504425197926,0.035179057156004875,0.039497893502454924,0.12478250370831914,0.11265348182717216,0.08750589324592935
-0.11793681388801655,-0.016398252835962045,0.14938090357819492,0.0325253422786024,0.07559727044547646,0.017291896139845293,0.03772446989121883,0.01028005432820876,0.09239295840212741,0.13028905833023316,-0.039815896482544876
-0.10076401152059268,-0.00727439455121974,0.08284065201512,0.054752200563106646,0.08336533114552092,0.0415669460928414,0.10658982317420405,0.033533257951767446,0.02398283456097836,0.13127669055963462,-0.011042195226320035
-0.08252015539518551,-0.020020972229679277,0.10587953952955902,-0.02290880417391299,0.10687282773007237,0.03495199034832987,0.04206608104565875,-0.01729925260887934,0.04950322456392877,0.030832871441430886,0.03269856689860351
-0.07648411298904471,-0.018247982206497967,0.13275535637665833,0.018154144888241887,0.1140683779127547,-0.0026778792631297955,0.07001550389541097,0.04095997655306184,-0.03357835740651769,0.08938110576026424,0.06147895785606768
-0.07188109315800295,-0.013718950817665682,0.11299728123630293,-0.02586537578214381,0.07597198021037238,0.018961937539567746,0.05137549461429721,0.06463251434904199,0.027511881448212653,0.04127355445937974,0.009572425502986382
-0.06865766875209864,-0.01727571066468114,0.17191598837392236,-0.00422284730965704,0.07695051780657405,0.03017736527697431,0.05898516149514564,0.03417319618509089,0.0457607546614748,0.04738022308559621,0.03585462245490734
-0.08399738412541312,-0.011267575155464645,0.17686026796169432,0.023062898811231164,0.04428956632827609,0.03235272592887736,0.07762517215452897,0.09219649265766178,0.06299835984118153,0.06188730694853191,0.017628522153603308
-0.1133222032565777,-0.031246077193586737,0.057127230644923456,-0.07251698359037032,0.06660327832187585,-0.02931817439549458,-0.0033620202319114634,0.027959254987728284,0.04766599011996884,0.06177494858417314,0.010108433812778216
-0.10455476887772178,-0.021279738066667775,0.16364657173853,-0.017596383473460764,0.048066304147206675,-0.0017171109918298864,0.016017375167539837,0.035187965892227446,-0.0253043783309199,0.09575978787799139,0.006429071687928906
-0.08708605107566196,0.03228048297953583,0.19451111560349837,0.06758818188212133,0.0792600983161497,-0.04768465000039938,0.059973833057374734,0.014755621412269214,0.013764425094076287,0.12893737348684503,0.004301317769624641
-0.04578773925357739,0.0545670106430663,0.20532783487637157,0.01853028031729417,0.059543384219409336,-0.014869241325382051,0.06262576580711682,0.08320702818430488,0.004932918011345675,0.12087501263313401,0.015452338728931198
-0.08965067869206914,0.017742085151766954,0.20508370674391127,-0.017684891417702745,0.07406484362852449,-0.008695917938939337,0.08217609251321621,0.033290639841800695,0.08999142723874377,0.1247733581764878,0.045327955475980265
-0.04031011589526065,0.006347430271559425,0.2502209975229201,0.023465191430968875,0.08787465187538172,-0.014455040849528538,-0.03908320531307097,0.021401659834990906,0.08971623270385977,0.13927435043590267,0.0719552327310968
-0.027031679854286127,0.03189054155965618,0.2508265785017222,0.0494945778901382,0.03440348286486156,0.004780176905282985,0.0028878362656571607,0.08130397371481764,0.07918578481602458,0.10592082250413447,0.08788579002281365
-0.1269426767738266,-0.0033033708599454143,0.1907904524764437,0.04193767876672508,0.0165935050303232,-0.023260714666951614,-0.05529662596978942,0.015061440496639473,0.07055585774845341,0.13038058799249114,0.058562711558142154
-0.07923682156792729,0.03476234918967485,0.23732253546507376,0.05614146327445818,0.0556184191126073,-0.010729665584421807,0.025080518618038762,0.038042746107811644,0.08957279400740459,0.14314558039174646,0.05814474486722828
-0.07317360060412312,0.04895685673039067,0.20298972141935784,0.06339024349614997,0.02975273340449783,0.023172873825685714,0.03216469729136083,0.03784607401939586,-0.02838320048251612,0.0788853272756225,0.11406234406853125
-0.059167313706541345,0.054655683766598226,0.2191507470894179,0.07948999107643574,0.057417599966597885,-0.0006698370991129936,-0.030487807579929003,0.06698976123860821,0.003951865674590181,0.10393433278731738,-0.026171721108341848
-0.04825799430432111,-0.019117121337024527,0.1871238612278118,0.08847861444559106,0.038563398096957795,0.01607975219584765,0.01907275911189299,0.09843913048209693,0.02024630036359688,0.06989552187068482,0.037603490487725995
-0.03625556983977639,0.003796360892908437,0.20582696815440757,0.09848507954260788,0.03931447630243387,-0.0022040685736636656,0.08487090727975821,0.11113610575160937,0.09623711277709837,0.0797909111545945,0.08363766241756566
-0.12063332970764246,-0.026212360078801546,0.08526547813924529,-0.020359263629990677,0.05458661803450655,0.013084288846846577,0.0396050499858741,-0.01630675070846682,0.10535077929974711,0.11943810303426718,0.05843147415561602
-0.10593320290885777,-0.023742106966992436,0.10683899373064995,-0.026065985635848745,0.07276559332892256,0.011477879532767129,0.06024447097728568,0.053429662736423515,-0.026013328814840173,0.1394338667575572,0.058038212711547986
-0.1138748389787912,0.020384620956804458,0.04700144579711645,0.019535384106810896,0.05671000560347398,0.02420952643638602,0.10394907919986063,0.07121940386216999,-0.00679056116604326,0.12195208947812844,0.0360723151768705
-0.07596610495168499,0.011672422646130508,0.10353239792401868,0.055200396965618036,0.06916051736416441,-0.017716377722480952,0.0012944037339583262,0.07542270181601092,0.04812972740887266,0.09875841459317916,0.04703132930626095
-0.01955510854413867,0.05288310448569855,0.13514469855584088,0.007864147934187174,0.035519722786030605,-0.014826607146206424,0.04917857334272665,0.04425812785948493,0.04316337904385227,0.04903017107319953,-0.0492034610787613
0.017699242511829243,0.020666791346896564,0.23097982408308843,0.04215364694316876,0.014222005307999904,0.006521975855665642,0.047246058393823176,0.04600554990539579,0.0964037815032874,0.061866621498866306,0.014966554614707219
