RSY_BPFI_0,RSY_BPFI_1,RSY_BPFI_2,RSY_BPFI_3,RSY_BPFI_4,RSY_BPFI_5,RSY_BPFI_6,RSY_BPFI_7,RSY_BPFI_8,RSY_BPFI_9,RSY_BPFI_10
1.0,1.0,1.0,1.0,1.0,1.0,1.0,1.0,1.0,1.0,1.0
0.3373784167440595,0.7609315263778518,0.6273682490209629,0.5456878220509269,0.3889117364423313,0.6663258653279579,0.5616170713908273,0.4192573025106902,0.3184885269739043,0.3708441365172961,0.2105650488634751
0.3866660808222909,0.6363760046899143,0.7787847257837472,0.581816569656495,0.5825671323196323,0.5851734582745555,0.4525596473123122,0.3557174872710009,0.2811592503509387,0.4731923042817546,0.3629796470350858
0.2283544007134167,0.6816429879729489,0.7530182153767179,0.5712224650390745,0.4044682206592963,0.6227035443652275,0.4972760879096675,0.3478121823210022,0.2201420276312769,0.3701361968136799,0.4144396936845929
0.2130680807345155,0.5827757293914112,0.6454095008555731,0.5173928576482794,0.4846320370620267,0.5764736965997375,0.4894279137399781,0.303582611628329,0.2334759934014166,0.3264713599268681,0.2535120378007737
0.3010833879343812,0.5634962408152971,0.6629426286413416,0.6919731356061254,0.4899931398478568,0.565574876789801,0.5145350101184314,0.364409962067676,0.3353884884017946,0.3744311018910236,0.4754375619280617
0.3079960834139424,0.6213923565505127,0.6552307947676961,0.5238845208522737,0.5402526611096149,0.6140552684747187,0.5100721441043308,0.3004481616780438,0.3324880814065034,0.3402192049149758,0.1748561941737147
0.2822800906004525,0.7474065395411161,0.6708383149839607,0.568051707242207,0.5109385518755422,0.5416842441070832,0.5501732749271409,0.3303508795801952,0.342184285611289,0.3772405628300739,0.3054704032305526
0.3107108925149785,0.7293657387825958,0.7180658314115662,0.5856588626363664,0.6076512188391422,0.5529665518092237,0.4643851231155772,0.192123747136559,0.1966991686879699,0.375550367716429,0.343793985550279
0.3328819089536494,0.6519029655261792,0.5836304351129359,0.6128157643962946,0.5339072852432215,0.5793549658428105,0.4259666640140443,0.330326145061817,0.3590061155851953,0.441640946420836,0.3562044296455111
0.2582795817894925,0.6756207832136241,0.6507573327486563,0.5899688044946432,0.4734039813876278,0.5691098299402718,0.4027049727475792,0.2954965242842425,0.2301380562176823,0.3596195934372189,0.393469247303068
0.301869674237731,0.6252046748190749,0.5584219953161729,0.5218568529667678,0.4876159900265926,0.6048452607591713,0.4476649065143042,0.2442309708933716,0.1658907651250528,0.3649803534312013,0.1775314719636548
0.1839342756145516,0.6814912584370509,0.6191328500331169,0.536708467660455,0.4769774067079781,0.6221890163357575,0.4627129718374266,0.2607233981726599,0.2372667309407806,0.336014001129795,0.2425576020355676
0.1897893242548423,0.6699243146490907,0.5792010706325824,0.5440319318672674,0.5156472115876056,0.6039402693510625,0.4738767871547263,0.1661204490587316,0.2848311941321578,0.3579340592143289,0.314624176471328
0.2116646751727086,0.6224709667772046,0.59018659071673,0.4347615684109623,0.473205716402408,0.5668894527415608,0.4977210409714838,0.2063125240885556,0.2349540221382914,0.3970305111911461,0.3326403603891022
0.250381572390882,0.6800882310970411,0.6433059589771628,0.5117674376455913,0.4232086631954261,0.5855294493543559,0.4179678322744868,0.3105991943878308,0.2567284332230861,0.4306515710654389,0.3933531303531086
0.2852955786328089,0.5258253566513899,0.6520062736539812,0.5703588513245142,0.4508281993155234,0.5786335645201026,0.4798389755234657,0.3469941706663297,0.2664625221481301,0.3861371667531678,0.3897513775277577
0.2688099238234933,0.5213855485979432,0.663857660939136,0.6073032537184646,0.4638272022368942,0.5788657366033871,0.3968511302919259,0.3307259958433891,0.3242902042473934,0.3866750755923626,0.3266431687895373
0.3089284283446867,0.5504550628551292,0.6402141282785573,0.5524459182436207,0.4841071785300058,0.5922092911156926,0.452514289347014,0.2746815077897636,0.3406745884348854,0.4789490250998053,0.2682874599063088
0.3481772228836489,0.6482068589151766,0.6122627361116427,0.5951171676215739,0.519895724477487,0.5794179562890214,0.4844647207375325,0.2960668587203293,0.3809135122441009,0.3283719676957446,0.2802848889371764
0.2482069316978601,0.62238116586209,0.6213690182116992,0.5533992301216147,0.3741476319060353,0.5807407282673513,0.5126439912436389,0.3020627568426135,0.3771151377927899,0.362333727766999,0.2965358721473671
0.2923201814403534,0.6796541135920329,0.5714285714243316,0.5860493393243724,0.4190205460784544,0.632720792560553,0.5208678890993099,0.2687538361964803,0.2253549584082198,0.373586441269617,0.3229281746387699
0.2809926113081702,0.5886904095348121,0.588448670022241,0.6044611730039638,0.4164087247219483,0.5214868550832427,0.6071857950964152,0.3107485659920596,0.253828881115381,0.4025389049499842,0.3140765503685608
0.3515092065030233,0.6416878765478728,0.5329891602535715,0.4540174096906602,0.4694166352848922,0.5554178648720387,0.5531515682737036,0.3474121829177107,0.3054369142926715,0.4034337700408892,0.3567177244084784
0.2735011971351925,0.6502843422057436,0.5515399373712193,0.4861505025675392,0.4869079741673325,0.619524249107239,0.4418061155915719,0.3630246559031568,0.3091831434566676,0.3740656835625703,0.2500526826580415
0.2880818537374909,0.676313809365704,0.6022255720499418,0.5065836549382359,0.4958185541450416,0.5829915574714029,0.5249877052554964,0.1658186185871732,0.3399247334987241,0.4084028501259558,0.316342104338071
0.2980413934921186,0.6774602730606916,0.6208932717181109,0.5818167103489971,0.5246192472133717,0.5636460625756069,0.549906862889802,0.2773044943601956,0.3277399511533892,0.4502026187924925,0.2893658813737438
0.2283636378903296,0.5598049653828828,0.6854509945886337,0.4755945447635579,0.4389372232260071,0.5136036471501007,0.5031889765695475,0.2976189179925573,0.2141621941851121,0.4109997716188554,0.3216099668804685
0.2965931442286275,0.6051894178764898,0.6662166793164079,0.5108832545643551,0.4744316319702854,0.5588600452601428,0.5196951763030304,0.3399177746242129,0.3075999859608641,0.3654520238861621,0.2899736785280777
0.3169395391686571,0.5944616251940257,0.5724010687932244,0.4548400131528443,0.4625355168564148,0.5743006217470651,0.4437037274039123,0.3746854654436108,0.3151855011237117,0.4052582971618239,0.3003853130901132
0.2669959856907983,0.6119815854733793,0.6040670738290947,0.4898224740664527,0.4703484656926654,0.553871581336055,0.4983534066490165,0.1877250143632399,0.3437452888080411,0.4776433734225581,0.3473565693881632
0.270456143489266,0.6623491178159278,0.608874133784222,0.5245775422408718,0.4725049031818571,0.4790677490344327,0.5345203633470095,0.2912610686580815,0.3527913198540779,0.395979675011574,0.3783149086446641
0.3069329521094009,0.619578739056727,0.6415439194046157,0.5691055967750615,0.4785104717110134,0.4427153459386918,0.4637673086472288,0.2169835860946188,0.3892678957568296,0.4302422658323847,0.3638196283945319
0.2086070848312968,0.5472199083465784,0.6165797254188524,0.4508440954324277,0.4588690698738738,0.4688591151333289,0.4830239098710482,0.300639706783631,0.3845215409510765,0.3220579600233466,0.3081689780828172
0.149550128333437,0.5990996612670476,0.6514333712839365,0.5442425965609352,0.4822227839978344,0.5253759463397184,0.5002592698465079,0.3163632931389771,0.260378035024541,0.3015388503583394,0.2081886130382112
0.2093529757644853,0.6069522568640389,0.6595156445422561,0.4406988868482605,0.4625666512823946,0.5313428414408351,0.5222840431982729,0.3777022989469987,0.246139345666476,0.4059613175506853,0.2936245669985198
0.2144573690580317,0.649544415516919,0.5666771614660808,0.5003574726644553,0.4365952290963689,0.5634983441121765,0.5066944268064801,0.2183185434198016,0.3203184442746364,0.3777298278085105,0.3064551606904077
0.242989015704265,0.6252545654600953,0.6019138752625663,0.4538767647695841,0.4820506297054957,0.5367594733229547,0.5499858580748819,0.2243899705919404,0.3385275527244286,0.3911225790401487,0.2970807626662505
0.1830316838024137,0.6323970011634441,0.6427958717175974,0.4662558214346428,0.494842113127779,0.4900411916966674,0.5721948950919113,0.2693201955862139,0.367083603226856,0.4315822939214002,0.1981357667641616
0.1905668451620609,0.5622282835703997,0.6683446407068461,0.5409247282466839,0.5062420296074243,0.5565850405145982,0.4880556265719277,0.2706995911056666,0.3710526483982672,0.4374198064451098,0.186834054884863
0.2010143134096374,0.579210930585875,0.6537291520365467,0.5657383714230513,0.4982698041990748,0.5661479082459918,0.5097696220526043,0.3215286901865855,0.3021109797405868,0.4302283089834997,0.2474925598912234
0.1211639603618042,0.5855828497907039,0.6732614660552039,0.4683923529859385,0.5341414455495597,0.5835983392845464,0.5066982370772525,0.3331319992816528,0.3437769042664971,0.3718258716506566,0.280636265522325
0.214101723243295,0.6196592336764295,0.7052531430219985,0.5090128948936924,0.4166672968523568,0.4965121872853229,0.4530961127836131,0.3335574267200833,0.3396571070194193,0.3844530253949201,0.3245501912352528
0.1680078211133137,0.6209903153497113,0.6848521031606143,0.5533982586673933,0.42210854075951,0.3561039977770228,0.4556643399377295,0.3217601484131306,0.3414521054261644,0.4274894966021143,0.3690428671232107
0.2587341585471624,0.5847759291539917,0.6481671755876771,0.5729340386137463,0.4118291310739574,0.4184494970811711,0.351827651258944,0.3282260592856542,0.3325525435206504,0.3183752946929151,0.312185690463897
0.1821048352069483,0.6353769767857275,0.6558000407530018,0.4854464052554382,0.4050696765977311,0.4501000356426917,0.4292458897357557,0.2929337005747192,0.3602396256636699,0.3448263774486046,0.1044878926306658
0.2625183818405036,0.6399182340155298,0.6338929455191775,0.5076074682720227,0.438433942974872,0.4704657464528479,0.4927346082920326,0.3260266707148646,0.3425476258565831,0.374063875124951,0.1954657598402586
0.1399364194102379,0.641329077565527,0.6465482746901008,0.4715897284056169,0.4170282840229656,0.5229288720713833,0.5409332622817628,0.338414192203995,0.3860520657871061,0.3692680663098655,0.3007152811265065
0.1715480026766047,0.6772198469402547,0.6786033515972381,0.4845169415671251,0.4240367806183597,0.5817377159894785,0.5363974351369704,0.3483309609461213,0.2714313167036398,0.4059211863644505,0.2692251937459193
0.1765619533222272,0.5545960944684607,0.6174338003297942,0.4200400894277176,0.4355620246063052,0.5493298963085598,0.5634224254451392,0.3827547059647331,0.3244798699946094,0.2623219364267941,0.2743363884956811
0.2316281267856388,0.5870773953421564,0.5728858377365778,0.4754627658795817,0.4424759392599662,0.5842790343479345,0.5679738844639864,0.2945269657968435,0.4025498656601838,0.2745349524814989,0.2916558269112319
0.2490266031337066,0.5841408895317941,0.6579984587491728,0.5022439573823647,0.475478802176008,0.5538825535253791,0.5511767813422734,0.3345356432136737,0.3775142812963385,0.3563816446317895,0.1767270575205917
0.2651524586029294,0.5980554288937425,0.645124003725025,0.4597458351979267,0.4871867963832361,0.5737809057608192,0.5520009265059506,0.2834124483566793,0.3883988824055437,0.2839883520493231,0.2198031626938713
0.2483436110749837,0.5610497409582424,0.5768810396207851,0.5388792612501455,0.4200660779623085,0.5492393938258856,0.5557739895916929,0.3217175628207964,0.3701427980273061,0.3591408153350077,0.2416165008595858
0.1987972802422261,0.5971669971436315,0.6024571364862588,0.4651106155415609,0.4466522475881953,0.4673905046328673,0.4555660296663633,0.3473993173220044,0.4125678929669524,0.352153595771783,0.3099420688413978
0.2048809900177371,0.5700591598027737,0.5764541714016285,0.5061089646660547,0.4126822388154945,0.3474386035501874,0.4744972823277403,0.2435748467512264,0.3328322599148268,0.2970034401929815,0.3157585727372992
0.2787736607296582,0.5732407021327734,0.6434364683016289,0.5379849741523631,0.4238641471388321,0.4316752824132128,0.4336632086430518,0.2881234255989091,0.4014703653708782,0.3137428923379156,0.2560420171492037
0.3300997877274542,0.5768437245757337,0.6363214396512679,0.507726922600718,0.4394900616731406,0.4066151020653101,0.4735650743917196,0.2366440228247923,0.2845551967343218,0.3870633940303457,0.1848793166839309
0.2401094342104876,0.57784414119069,0.665448981113614,0.5056411973036088,0.4494842824549274,0.4598468414167227,0.5369270172931888,0.2816325704118807,0.3386073362129674,0.4059076686957668,0.2854123909091381
0.2113545713136018,0.6262916373976923,0.6517788657880437,0.5411730391065357,0.5085105375033305,0.5127854705474673,0.429415317769264,0.3571469252365177,0.3054119571222943,0.4206129733571959,0.2991973162904092
0.2406268476657967,0.6408242243426787,0.6522091837816704,0.5542643097402953,0.4006330007973648,0.515558639340783,0.4806959699942731,0.3949021117633686,0.3239796635164178,0.3007288979686494,0.2264610459261345
0.2863930367650283,0.5247729700095487,0.625729918134318,0.5601022853305173,0.4653831096073685,0.5716090485875465,0.4722585229447206,0.3673907531391022,0.3304513874234186,0.3102366728061451,0.2223577373369886
0.2672120547943055,0.5509161832622649,0.6269317809870241,0.5177390963541443,0.4850878745656781,0.5491028047740711,0.5074983278673977,0.3661264625104887,0.3503213191908382,0.2839283894424035,0.2559079592918836
0.1978968516826879,0.5838634845123567,0.6140033474713285,0.4793240739118108,0.3656594835095953,0.537719064045184,0.5172063522804337,0.3291175526288467,0.368909210727172,0.2969238256129311,0.2578713070209343
0.2509359226733002,0.5216716908639539,0.6013711837690139,0.5031753875904121,0.3697739808691359,0.4836522611619361,0.5565218143448005,0.3398762641763772,0.2940358162605071,0.4056901729274021,0.3075745425935201
0.2538317186742043,0.532520676971277,0.591905751678996,0.5310242064371071,0.3826576071546675,0.5159801592005873,0.4617727091941252,0.3568456347085449,0.2917104961797822,0.4148572552490921,0.2179342536651011
0.3240415382318924,0.5043041966130212,0.6127235086384846,0.5350530075814408,0.4416008121834389,0.5577340993330862,0.4902195535248942,0.3215332004835881,0.2970932615826133,0.3701119147032439,0.3162333934216189
0.3351093837130888,0.572912565602417,0.5546920438624838,0.4542937445214977,0.4520789291971216,0.5691073329122425,0.4893375758291612,0.3755073966627842,0.3435811955520756,0.3690878924043632,0.3334117545748333
0.350352370608621,0.5028347933323927,0.5577030475950561,0.4887305422770033,0.4968670639941936,0.590462814903528,0.5083499478822332,0.3544485050515922,0.2359967529509127,0.3351545588504444,0.3675984784980041
0.1712884120220614,0.5250266854199543,0.5434846717258645,0.509621334890632,0.4447468418308477,0.5529051444414073,0.447898550303386,0.3490756295080232,0.3031850799150953,0.3939520672973509,0.3657281276972227
0.2034680467462324,0.5076661549996333,0.5642064971766674,0.4626731143561917,0.4897769397067594,0.5631654339236272,0.5007480146967926,0.3902778535750157,0.2628398092780249,0.4180295597914489,0.2942282706097039
0.237435979268154,0.4762081294672456,0.5961614601445568,0.5289460762150116,0.4694885091638888,0.5313785604548328,0.5784342716639725,0.3022628372543882,0.3102808959911021,0.4090324814859585,0.3256528102994602
0.2487207707537923,0.5033385340014817,0.6287791947673367,0.5536966133612329,0.4591439509879766,0.4873388587476478,0.4823759732345695,0.3729292003550439,0.3871643882529918,0.3879528784586947,0.1875976482514171
0.2552594236088483,0.5600829177084072,0.6007738529308311,0.6117757228424137,0.4696029895996596,0.5221101821962957,0.5066145571642793,0.3738553784938738,0.2590396019148634,0.4037179609714152,0.2672555807313942
0.2939992825261983,0.5694506107393085,0.6364803768945291,0.5549890453921269,0.4984243746089171,0.5313231708459745,0.411499163683491,0.3297317121625299,0.2445100746271486,0.3272177453371014,0.2928627362460448
0.1819849602142326,0.573543094730512,0.6520103456102198,0.5378503509335755,0.4859421809628659,0.5681925504672998,0.496745691687692,0.3334880043459579,0.2947846487521918,0.3479369348527106,0.3186129681180306
0.2598015785743194,0.554695552820131,0.6688216297561209,0.5648885114618161,0.5370165556305002,0.5630397390706642,0.5286821977039242,0.2906745785806081,0.2042940895239992,0.3996915810541074,0.257469890932105
0.2928794580322057,0.4373446476366545,0.6309914084529048,0.5554870633721394,0.4233252448255779,0.5839823955056926,0.4902677085794794,0.3047075501621591,0.2052580439500549,0.3964861784062974,0.244878180093214
0.2994513770047594,0.4206130654942746,0.6221439833704381,0.5553823178188063,0.5085830232692821,0.5688533143867311,0.4628201853470947,0.3312995553062534,0.260398888155079,0.417680352774027,0.3093118949551453
0.3134650738902934,0.4877855414521784,0.5019578143114237,0.4826372589443912,0.538748657923519,0.5717383574673292,0.5075799050407925,0.3736000611993331,0.3180795015740918,0.4270119685707363,0.348745596443891
0.3190082578313643,0.4514075359988986,0.5827300313048358,0.5235558560148652,0.5439129511191649,0.4958204607672776,0.5935129206281526,0.2846463131537013,0.3248937471788216,0.4429713334405577,0.323384840343062
0.2613105900102934,0.4843612216089835,0.6278835737707167,0.5202876825875107,0.5029588564906484,0.5074768470333911,0.5147361745329132,0.3026023784053276,0.3129758865903842,0.3500713501578216,0.2972776309072276
0.2703649087470658,0.5192136592240375,0.5175719823926854,0.5346263192651572,0.4077619383407588,0.5626187557959601,0.496298908015075,0.3305658601327127,0.3238622987644456,0.3994584979918767,0.3548454156520784
0.2465226742348465,0.5326110842899101,0.5878959569525418,0.4529471252102713,0.4961155342650953,0.5665285824058033,0.5014424074299095,0.3074133028283397,0.3881679640184903,0.4495813768372947,0.2560117140321897
0.1722980162925928,0.5396413757222159,0.5939324649796207,0.499920949553736,0.3973475802954351,0.5150940191693236,0.5310883314521896,0.3292463873540424,0.3052568177989524,0.3666752900819004,0.3803506818108455
0.2485628259523054,0.4993916378370061,0.5854622010495454,0.5440532307647867,0.4451424551524174,0.4826763340074595,0.5596529893436015,0.3755840536230944,0.2785574440151145,0.4162415859330161,0.3246858872935659
0.2102371849288341,0.4471553415563824,0.6099662209647299,0.5202275675670719,0.51048490326447,0.5510233324161696,0.5754790069079845,0.3168707878248816,0.3120669720256826,0.4214092794849637,0.3547386303710582
0.2397973211153149,0.4870912055168285,0.6445307473501813,0.4611148617315773,0.4498968601581113,0.561908482688956,0.5592015091107865,0.3256373013209345,0.3248738861167805,0.4266705604529018,0.3341158652997972
0.0814157649991905,0.4883797108222796,0.681142457637179,0.5175637554832301,0.4277814118663021,0.5843380226499695,0.5602404831103929,0.3528904692031309,0.2301554305722187,0.3419423482597389,0.3546175518037309
0.1280524686262802,0.4227624695833286,0.6592002022571193,0.5270868198059704,0.342759233823487,0.4420903203199161,0.6063659236930443,0.280269011287395,0.2535271343250739,0.3544329166335935,0.3685736063361872
0.1499140369065054,0.4636688529143035,0.6170178394502912,0.5124371087605725,0.4421245258152065,0.52025337494603,0.5182155516382696,0.3336042039568823,0.2741831837868584,0.4102727648881189,0.1984892841413921
0.1082576177172417,0.5345182259236742,0.585982626441805,0.5881453945417316,0.4545596105801041,0.561668947548581,0.5377044188528513,0.3744373060165626,0.28321754730533,0.292869824171055,0.2748241199593018
0.1649457311765399,0.5268777336345514,0.6102292979851911,0.5434497889590517,0.4168931884020825,0.6115951363240778,0.5568144291605339,0.336884871786557,0.3031598342843077,0.4220594723138382,0.2594635985731269
0.2331308936565965,0.5618240460179106,0.6257373588291186,0.5841772251189523,0.4512028453485648,0.6124302507086523,0.5243549554334933,0.3662856540035629,0.2790334107250286,0.4685128426822742,0.3123478470841345
0.2034428358229401,0.5015746282624489,0.6023667795329073,0.5387671734175967,0.4809876578526628,0.597134550886973,0.5699493789914396,0.4056878863805519,0.2530103334777497,0.3889078410544315,0.3729761763964153
0.25746928355989,0.5118123068167661,0.6177845511827043,0.5650614165599229,0.4893747396246958,0.5993008561811508,0.5015723899587258,0.2875303125726347,0.275111097068123,0.4430524239219279,0.3778992219210985
0.2612416484021269,0.5553755894377503,0.5835066547811768,0.4941781428850732,0.5347144652991371,0.5663647254241636,0.5321755082323583,0.333505406915393,0.3100792220826295,0.3593412206672823,0.3225240772427263
0.3005845354812199,0.5422291890322176,0.6056160550017563,0.4969158848454665,0.55293071921768,0.5792615741978923,0.5308588018698261,0.3423157755752679,0.3463605032692495,0.3713464007262081,0.2936211570770178
0.2828747113579505,0.5141887233467333,0.5884386240222585,0.4447679477358327,0.4469048008255304,0.5822688470614479,0.5682273475758983,0.3178972213377746,0.3531054613837105,0.4779109931487275,0.2940291391789251
0.1780503372158412,0.4467149676006782,0.5688361877523898,0.4925824222151379,0.3088573296844958,0.513966983952896,0.5676381111272154,0.3644117217815605,0.407461035848469,0.3923181026464699,0.2112971886594882
0.2250891135541441,0.4119367379490601,0.5867449968006366,0.5025485239998867,0.390660369225257,0.5455379093801653,0.5273278635170797,0.3429912668248449,0.2838766239415864,0.2727026761456087,0.2900277360245082
0.2659759036598982,0.4611079721836373,0.6126367331054776,0.5254382814623106,0.3600898888072089,0.5548963237247964,0.4633674710948894,0.271925007360133,0.2265778970839747,0.3759814485243996,0.329633453727894
0.2954047762918974,0.5003620310500695,0.6297033600393122,0.5170299230465628,0.4252753509914446,0.5803759817359168,0.4859483559855908,0.2944334393369879,0.2168516973486234,0.4125237923084049,0.4020442719004907
0.2476470774694818,0.5343635721625348,0.6372787829209017,0.5521332887989082,0.482805880820831,0.5333489589555801,0.5063348064291808,0.3381350213743973,0.1774894555021593,0.4459010931167956,0.3477715193447366
0.2832283850938656,0.4443391763359374,0.610872128879978,0.5261219059847071,0.2379203915303152,0.5070452201241884,0.4847768071710307,0.3831334702014254,0.2591708792090906,0.4358921516294309,0.3754140193901809
0.3224745822630919,0.4605746885249601,0.6202816443055434,0.5950457412611839,0.3315808364839665,0.5276548664636282,0.5111823937692948,0.3287876534394984,0.27301281572228,0.420531410583745,0.3050021014462228
0.1170065228644706,0.4848446746738362,0.5698199654714912,0.5107402751730563,0.4550470916860006,0.5074924589703279,0.5302216657134899,0.3072077794682261,0.2864998884994312,0.4316542388893203,0.3130082584949118
0.2219627680934885,0.5030162336430473,0.5355530116356166,0.418411364829465,0.428888934554278,0.5543772006734728,0.4503442685383846,0.2827667931917769,0.2239149997378647,0.3848643771217016,0.3705344722353373
0.2755254479283325,0.4467855701472345,0.5855733763876719,0.4614312122032714,0.4255952471756213,0.5178839836427132,0.4943808891872173,0.3046869240343322,0.3046518009495691,0.457976557171444,0.3091086464758262
0.2132168869107855,0.4862036149254323,0.6399749332237109,0.4847472174783148,0.4380656361727473,0.5412903921921826,0.5327523936419997,0.3369732798675371,0.3501595069935252,0.4227272261571821,0.3327214816170678
0.1930958314355606,0.5003622138497131,0.679327971666739,0.4425235569947696,0.4833242826627036,0.5763302690906544,0.5765533917197478,0.332407222610388,0.3264609626770525,0.4689710419331712,0.2914428051678711
0.2150418646177822,0.3870508555223165,0.6671336143928547,0.5446290441348093,0.401365792352658,0.4944385475631588,0.5030902833568641,0.3736332788589805,0.3310679549355875,0.3607148908159401,0.3522282263679251
0.2394495666775435,0.4864799054624097,0.617622265811537,0.5306625879104151,0.4438972737803823,0.4907916087551154,0.4659751046461221,0.377948302647539,0.3399207664444073,0.3821573122003545,0.1825200447966141
0.2409558145900573,0.4080029125028115,0.6432939686348973,0.5550601236099946,0.4828056377995171,0.5148925649006664,0.4951383960465317,0.3322357015237744,0.3639231829036129,0.4329866984156843,0.2642112163767732
0.3199328009084648,0.4645079127736481,0.6969215764190715,0.5889533521179638,0.4215351180012864,0.5680006260748229,0.5132470451161458,0.34336691113827,0.3668885198902858,0.3645981588367847,0.2829885147640119
0.301024430813266,0.5260340890804475,0.6094335031620989,0.4132620815223141,0.4329851360534282,0.534535966131269,0.515236832595706,0.3895700876960117,0.2895790998365523,0.3774864879556924,0.212343673233021
0.1920099242266972,0.4606256037955307,0.6137762851500532,0.4598043105883596,0.4562683866653103,0.471592802431091,0.5646616049973877,0.3896596671410577,0.3193973472016854,0.3470668606155705,0.2593007883166642
0.2336519322388359,0.3991171905772455,0.6207597064120556,0.4696762097309556,0.4877811883393924,0.5007292686177154,0.4620005792023134,0.3966465043363851,0.2960260152201662,0.3859797313369364,0.2859990059594196
0.2641238544894499,0.4692629040726186,0.6305096894780028,0.4965697786924156,0.3873861555421936,0.5168064815927691,0.4963943557761915,0.335153090383383,0.3300908008704178,0.4139511946211099,0.2952967724134716
0.3021727816236354,0.3915945594156712,0.6426854775689631,0.5111819609055429,0.4273119351217308,0.4992695385881098,0.4928660598389808,0.2610528651482487,0.3314211873602734,0.4286615287765118,0.3292324938615673
0.2455770227267894,0.459199190707632,0.5997325043953371,0.537951706644203,0.4520331552076755,0.5038847477499766,0.5575205144739087,0.2237293917176799,0.3688316413873858,0.3898738011366034,0.2757682426261423
0.1543584245024383,0.5040034628480141,0.6328698277626196,0.521341884064863,0.4725601680542887,0.5397215789927028,0.5859535844777839,0.2736628249130493,0.4436282513670465,0.4429282202185977,0.3046484236795532
0.2110536916367141,0.5237466420712689,0.6526066090322538,0.4933424652667675,0.406753725349557,0.539222611150077,0.5308987196041073,0.2374658402523481,0.2989214254758965,0.398059552188575,0.296667214069858
0.2414672077793738,0.5545908206269057,0.583689987398515,0.4614348117606501,0.4369646118692271,0.5025175897873205,0.5270224761783593,0.2083296197158439,0.3116641455990132,0.3250346302489937,0.30311938763845
0.2308400120386917,0.4665401816584346,0.5676980316938299,0.3154444835367074,0.4613027082503033,0.5549771818310055,0.5512302087226081,0.2707238150207,0.3824604727740265,0.4032693907581353,0.3046231398069717
0.1956273431764733,0.4799260213264301,0.5842774897220898,0.3931893344214019,0.421598108976917,0.5600758922785819,0.4664813610945444,0.2473162608781225,0.3521903475646861,0.3768693234384251,0.2945995237992335
0.2510143325536852,0.5247915239255775,0.6261239830679858,0.4063089243298238,0.487822198018594,0.5476662401554673,0.5393089191284967,0.3373546121729134,0.3758033274922563,0.4556017117957681,0.3281580864368005
0.2776219612180597,0.4820750231828261,0.6729902948909124,0.4765812978627776,0.5147706543859711,0.513529560305818,0.2667905717188463,0.297315284965767,0.3873207891176421,0.3654380916932144,0.2163953040912626
0.3066673832136025,0.5158420782248543,0.6256120826799706,0.4779840094957358,0.3797018925973557,0.5137163383172445,0.3029349515880479,0.2933718601342942,0.346270842218262,0.3714927786186341,0.1809546790382581
0.1764015280492214,0.5336967448538429,0.536323833358248,0.4805539448538828,0.4467704111275028,0.5089177427212171,0.3961811699396579,0.2411847217975432,0.3047856914517343,0.3933622007194771,0.2258734924092468
0.1797182180402057,0.490459082733359,0.609570180223478,0.4802471630932738,0.4604371915988711,0.4746807939450549,0.3757287962346674,0.2679548207821203,0.363387991058036,0.3625866152092508,0.2778074983282524
0.1092454844394153,0.5278102680244909,0.6471490083385714,0.51483166923076,0.3956285057230604,0.5185965352617464,0.3515352180814135,0.2216626010196183,0.3642971807754179,0.33650462424801,0.3114561444759431
0.1949036455488175,0.4508158134098062,0.605186691947396,0.5336487104900101,0.456941119061493,0.5300684612477999,0.3837337145780961,0.2557581687461664,0.3425152488365388,0.3232327211338965,0.3318899065913419
0.2652848031055054,0.3993999976375117,0.6451023577288739,0.5684238322768627,0.5014627663096969,0.5250147085827981,0.1671715170824242,0.313650736797489,0.3985556158548035,0.2804321115670083,0.3461283286679101
0.0898721114947507,0.4429650462569167,0.651219556133338,0.5713183606870009,0.4893784897982346,0.5073463982240258,0.3262667262233135,0.2109521569557184,0.4425301720995182,0.3204871655258646,0.1931379807781302
0.1498921037450958,0.4248202612927756,0.5947915644994513,0.5859903147194138,0.4363637802808844,0.4652273004169321,0.3594539223808585,0.2324429126301548,0.2634843676222895,0.3526199716266867,0.2842546800680663
0.2011873364647365,0.4424115207160011,0.6089464813173179,0.4771679375310986,0.4037000444890051,0.4927003634597203,0.339373183771346,0.3026858323722052,0.2954682709713615,0.4190447454159417,0.2964575092981069
0.2306108740888804,0.4680439158700822,0.6595330206878793,0.5331007406174193,0.4067061965847437,0.4713175180681758,0.2854018681630168,0.2705512410033689,0.3303224092597305,0.4144413953458246,0.3371511915825261
0.2707691426602597,0.5367695359907476,0.6465395328178897,0.4272288602895105,0.2937242239175569,0.4836688443234204,0.3851037511103359,0.3255087113913934,0.3757496145322541,0.4294620507244266,0.3560385632940552
0.1627164980180611,0.508351588106761,0.6460294112269165,0.4337011508585051,0.3842331152119628,0.5444817822096172,0.5001098795074809,0.3143478152882877,0.4764334059478112,0.3658098635353597,0.2817381205664057
0.0952759261615909,0.5199204786875506,0.6329110237484606,0.4796204055373348,0.4111678796207173,0.5675563782489631,0.5483498107674305,0.3564829410448171,0.388378007908884,0.3893930259494383,0.3290829839335598
0.1459292569573709,0.5741065952875227,0.5389002090862858,0.4879791021885217,0.3393183820444446,0.388618828030314,0.4182943410830355,0.3215460986303214,0.4249134862985653,0.3084147801650664,0.2595655399752054
0.2025415516737475,0.5804883764574267,0.5887502955396746,0.4927833113917442,0.3712907203393282,0.4856144163231349,0.4822617411296317,0.2895987595473077,0.3565573395700068,0.3999837182365625,0.2634994031806262
0.2318754130673982,0.4711743700664845,0.5566378146681265,0.5238661547776271,0.2820268796828334,0.5119859484535169,0.5026914235445606,0.3324790079816176,0.404328874182509,0.4160317787565756,0.2805775720328005
0.1579320244160559,0.5138225505840498,0.6099280704658374,0.375669414954511,0.3273356341583228,0.5329327636681309,0.2288466316022883,0.3665104264171647,0.4384519541872185,0.4279287754892327,0.3051390284230054
0.2156498995653355,0.5071434521082927,0.633921639620324,0.4588444515130863,0.4062896212379225,0.4247806262964788,0.2414813914670688,0.3599262317221417,0.4562379820169697,0.4477302993328357,0.2838102468624126
0.1261515038876893,0.4646283109546349,0.5742249297075689,0.4992459530970371,0.4446096868738161,0.4389057252415707,0.2680120507012186,0.3375399701673579,0.4426510523381713,0.4426296696296061,0.2820910381168942
0.1912258478367919,0.4993627502985218,0.609047444711712,0.396549315998157,0.4600770689338456,0.5294399733932051,0.4312953993975371,0.220032673372003,0.4597182890319059,0.4446148185262941,0.2950696463093564
0.1749763177147111,0.5250043562158111,0.608235742931097,0.439941690310033,0.4568257276299602,0.5033931542992358,0.4826792893632713,0.2809919098297338,0.4792135624463525,0.3638167979021172,0.308068136359564
0.1790728260818979,0.5374805479991032,0.6285816681683581,0.5166271783982928,0.4917881738453479,0.5338660273391942,0.4308355411315946,0.3116963215266088,0.4494041933909597,0.3013596531748662,0.3173624805399507
0.1879571968344297,0.4334864932592287,0.6630137997975274,0.4179797257031251,0.4318644346672099,0.5485982982330168,0.4237236694440123,0.267445668382496,0.4716884773283411,0.3468888385517764,0.3245314420655002
0.0559123180781665,0.5033740050385077,0.4958998695850842,0.4545790028547996,0.3561116489429032,0.4964065630143672,0.3006028842082857,0.2855437818313784,0.4833010752563069,0.4122441909938687,0.2509382825436078
0.1427191174599933,0.518595893361465,0.5660908484924534,0.5100763858160065,0.4366058144647099,0.5034839390107262,0.3912666670305358,0.3154241420800303,0.4268113169313976,0.3376564139103638,0.2815289944972288
0.1059946211693517,0.4868534355360396,0.5945860812617629,0.3559740747578489,0.3581690828839403,0.4820396433264893,0.4085409650214655,0.3406549469364462,0.4357549752774459,0.3490543415868967,0.2853517882483458
0.1551197744571395,0.4212496424970112,0.6097301544925888,0.4090432860618994,0.4032313964445384,0.4929049134357433,0.2804683740532064,0.2578112141921526,0.4450737759423737,0.3404783547944012,0.2085621670099375
0.207452683489094,0.4309485559737314,0.6183243509054679,0.4666617435036326,0.48010710488135,0.5428213907031072,0.3253842516227938,0.2713423349948725,0.4774639233030336,0.3607147737103179,0.234853193602642
0.1737982887323184,0.4851152093322614,0.574149359597596,0.4588447798818822,0.491383849754775,0.5646956350167999,0.4034713482173042,0.2732373122668181,0.3448571916460152,0.3206802999999443,0.2633842612806322
0.1980301554383791,0.4868535565270041,0.6217558030498264,0.431370591485275,0.472804560982805,0.5415889865957901,0.5007547619255777,0.2900390331945308,0.3910062801560323,0.3547828192190799,0.2408031794995539
0.2119002954403692,0.4889138939612437,0.7134753492256489,0.4487722832406057,0.4934462721670169,0.4640179076296344,0.45463450398083,0.3006443343440758,0.4628085870774397,0.3917326036955396,0.210868921988256
0.2214650967010304,0.4751365005573095,0.6277564216487401,0.4557411236881047,0.5037647230815984,0.5125588911359742,0.470858916289348,0.319424114328981,0.358296657025316,0.3884269998911232,0.2493766190630014
0.2009775565208938,0.4910460491255591,0.5583536165823706,0.5036555263613207,0.5071475293276662,0.525338233204258,0.3409640860486018,0.3227067922190246,0.4358435202126456,0.3598184891315018,0.288974753753017
0.1975485706311186,0.4982281790493431,0.6162288823093722,0.5579583754324937,0.4379834710427524,0.4612871529797264,0.4295283392844432,0.2151788724835881,0.4611696297913842,0.3226414503009211,0.3309580429399301
0.1082522522758198,0.4499321169200684,0.6368527438155767,0.5116402205643855,0.5112745807843857,0.4856889310395589,0.4589268864420693,0.2952461856070297,0.4326499164629115,0.3551685902746944,0.3108386368017433
0.1279138500916894,0.3316748581896899,0.6397498772748589,0.3682631579244905,0.4464664882380914,0.4870327137732171,0.5257456875417756,0.3095829557947616,0.4405053523062651,0.3721426511551208,0.3381776667448731
0.0984609819837119,0.4110692731626779,0.6081744344456121,0.4413068400358642,0.3698761554155224,0.5347736081757812,0.5423369885067201,0.3464676672991511,0.449348215928786,0.3716246831313978,0.3246753652025456
0.1180201987008328,0.4712852089188317,0.6329082720485496,0.4723885943775614,0.4374653114151627,0.5377742283704621,0.5384770207908239,0.371004648754936,0.4666009083094344,0.3925742067369936,0.3287860022531871
0.1366431549060821,0.494296767810032,0.6588709877221444,0.4905210248603132,0.475153745059524,0.5594845147544639,0.5228498789054103,0.3320650793589192,0.3663488545227669,0.4268979697889298,0.3387702675374279
0.0693586189637628,0.5154950227018573,0.6464093065431773,0.4916919594608322,0.4836196585234948,0.5777229507646873,0.5301938834892708,0.3438250381536073,0.4375236541241178,0.3737152206966125,0.339883632871867
0.1625714774826203,0.5181054277743031,0.6389042640625838,0.5550737143903819,0.4025883841305688,0.5478352368251145,0.4064957409621983,0.3498506724232103,0.4076633222303374,0.380148887217539,0.3417762616137872
0.1952289422640047,0.5467887918446297,0.6129001917545525,0.5539587738929923,0.4465673351431437,0.5689563642267383,0.4703478295861478,0.2624272382433336,0.4308173625086627,0.4006883742105164,0.2613369856842318
0.1886314019720388,0.43491703245236,0.6069501389457804,0.5547894177602586,0.4901722454919439,0.583983132587917,0.4327797260182537,0.2911432332793005,0.4511723750013411,0.4291468038312003,0.3426950414887002
0.1184150558082531,0.4805038525595184,0.6334477967719494,0.5168836760212966,0.4239036279157093,0.4231126840729571,0.5313169500794226,0.303463508272337,0.4190661644229744,0.4785248310862792,0.3448322594808213
0.1445478101009004,0.3951455909023165,0.6485756624108675,0.5022977116398215,0.3867574233221768,0.4985180565364561,0.3615834988639813,0.3683915212712784,0.4401921455732592,0.4411053281820271,0.3570772899136981
0.1163270230942095,0.3891885336874648,0.6544109480662819,0.4984787718752956,0.423587176535273,0.5615447890500258,0.4657390871806988,0.2483964700875333,0.4502860969323443,0.4529333549655494,0.3725964793788198
0.1387886376804375,0.3894929744088647,0.6424453033413999,0.505625159509702,0.4765622554359593,0.5915751185811453,0.4860425721193209,0.3256174571511251,0.3792583152591783,0.4239471001749157,0.3332307370307621
0.1122382545410642,0.4707032130601963,0.6584856328618784,0.5074959352961218,0.4552856936178491,0.5590080181473507,0.5252609441560974,0.3446777275093144,0.4309556120162162,0.400932643244434,0.3581539562319633
0.0660332711448904,0.3551980237273867,0.6222253815779871,0.5330453452630721,0.3704361298593165,0.5729553914562927,0.4654020429643142,0.3210706449733383,0.4310937326735092,0.4452523706992604,0.4207358483984057
0.0479105581205924,0.3848344605769409,0.5766152078754897,0.5505413228508201,0.4716336149247794,0.607468719362432,0.5254271756690495,0.320002871383428,0.4552756577850075,0.4519020784179036,0.4304843399474931
0.111092805928408,0.5115535600080313,0.6328999037350915,0.546976224583883,0.527156547143303,0.6200808836541128,0.4315821712782762,0.298319056429262,0.3921056780969421,0.4253972139403756,0.3421082055055648
0.1462417067626154,0.4987783427650152,0.5838668904101165,0.5546336307595374,0.5284352963177587,0.5293435746013444,0.4773363886165045,0.2942203814034585,0.423292644803233,0.4386150752121259,0.3302860658915101
0.0408660697174434,0.4889421028940052,0.52202519446751,0.5096068506562571,0.5115986322856468,0.4636567592446946,0.4287705523198991,0.368855824596683,0.4511667282050124,0.3573421625319543,0.3509919236064955
0.1153021286567561,0.4685558758466251,0.6117747111359493,0.5224062310279449,0.4192865853791264,0.5583180355628212,0.4740301964028764,0.2273378581778334,0.4110201474939569,0.3708414020785648,0.2975465085824164
-0.0070891981639062,0.4881061999574542,0.6473908324563178,0.4163875428232735,0.4328310104530919,0.5916228408267722,0.4030087291730436,0.3526238731760583,0.3590593450001171,0.4214375655349041,0.1755621766446345
0.1257245958643524,0.4607092324996417,0.6253443890573205,0.4253561720254205,0.4146696578697144,0.616265336163605,0.4893574531611918,0.3053745286524187,0.3986314679533287,0.3868862733800283,0.2788804345462369
0.1314553356318342,0.4658615911530702,0.6348389810313897,0.4728402349400503,0.4580822404326776,0.6176343309617212,0.5234324882238637,0.3416686271561436,0.3446964037441371,0.3569966350673942,0.2742911006580801
0.0926525976419574,0.4413365274575084,0.6497637501430247,0.5198124601963536,0.4867754297776059,0.6252464355398132,0.4665987111945399,0.3366583867825564,0.3753573042971879,0.3727812892614916,0.3250701985750026
0.1687395041081381,0.4705937174827774,0.6357645049638075,0.4977754459799089,0.410583983378985,0.4869243387138428,0.4420914627070891,0.3090478042665148,0.4232293297697023,0.4434131565474843,0.3496558438148037
0.2153006451538499,0.4446967566343365,0.6369277641009151,0.5012450236716353,0.4762915972444543,0.5111994537594825,0.4656677102875827,0.3116669011080246,0.4196918932888874,0.4166951929794801,0.3400339309472096
0.0749196259497875,0.4823663788817648,0.6578659365707569,0.4696673002622138,0.4918893003035738,0.5875132488786419,0.4664256583291449,0.3415020638790957,0.4763269154090434,0.3289359217968526,0.3245437156046337
0.1259586061809255,0.4687958205321618,0.684185199961269,0.5332946443770278,0.5231012170895769,0.5835057805364018,0.4952612570574052,0.3061948163701118,0.510056018431323,0.3624460933577618,0.3326472124052358
0.1796025040068675,0.4371843935586412,0.6663011033365954,0.5347392159613013,0.4325105002698881,0.5588799757673429,0.5137047071357878,0.3440688442287057,0.3581292855665315,0.4269233480119734,0.3575363442089565
0.1943746411589309,0.4405804235887093,0.6063743113561314,0.5068605274225244,0.4910404691985245,0.6281983190420656,0.4833111297046216,0.3427366658718327,0.3954271715225873,0.4602574236617189,0.242780520501231
0.1196485642694616,0.400770192953945,0.558492493701605,0.5117710463920007,0.5501145242113454,0.5988429913484605,0.5461338834234487,0.3330090184600802,0.2970052124829317,0.4949199362289315,0.2546348227975622
0.1211259946778124,0.4541037817617632,0.588756541129233,0.4169157471522972,0.418609272402249,0.5204010711354835,0.5028990589683535,0.3448668980801217,0.3541051279784634,0.3931835839549076,0.3048017962262924
0.1216475238646631,0.4904295895085414,0.5609480064264416,0.4413534944491978,0.4452327066962424,0.5354591297485458,0.5245631008840288,0.3565277206024883,0.4309808509049464,0.4201102202390365,0.3000308844071089
0.1267789760660575,0.4164427331751517,0.5997799198311586,0.4873097471684766,0.4571627868744278,0.5759260960975214,0.5536614830824005,0.3025003840465726,0.3732296924998948,0.3411171689346308,0.3323018142220829
0.1441932677916234,0.413298652677566,0.5662200280233408,0.5001737206162273,0.4090629202999079,0.5765319069876743,0.4844827342569542,0.2713961613556034,0.4346906131382583,0.4023923564665818,0.3428422494969294
0.1086125772968682,0.4598822354361165,0.5667941172177104,0.533295451967694,0.4940568696036843,0.5941790019008781,0.5111135470876839,0.251721683314641,0.4981284677485181,0.3943980352507934,0.3596263856892873
0.1448252017210297,0.4244197370717419,0.6241330363219545,0.456654865879549,0.5125210726385909,0.5460570837901751,0.4687853755095255,0.2821415723544196,0.4440216201592825,0.3627066353116349,0.3088938717048689
0.1180072999145477,0.5298063773450234,0.580243782113848,0.5097247652907937,0.4483694086115976,0.5913173961844107,0.4838251726721751,0.3179134807081111,0.4624727549502623,0.3903708438778427,0.3041827655976606
0.1597255784505908,0.5215294600829931,0.6254551150156058,0.4937846681340597,0.4899594050046769,0.6287288175183632,0.5434642065061613,0.3123414194339315,0.4746332828059509,0.338556885249232,0.2929680857615572
0.1392351866478143,0.4990828295036442,0.5974411717964471,0.4905190218852893,0.3887919974388422,0.6001351971903434,0.5242174166343787,0.3311167227764428,0.5006828033919313,0.3801542078808878,0.2960107803605771
0.1518645189680598,0.4329816541710667,0.6296976065421274,0.5069475844268685,0.4592068269947377,0.5334158183736577,0.5372870395357251,0.2844140395939905,0.5046946782979278,0.4375705273384933,0.3426408855548914
0.1412085857454264,0.4670171126817773,0.6579228711499756,0.5201277374053936,0.4988117059463149,0.5692569369471675,0.5075245161210359,0.3150458333701881,0.4590876303309463,0.461742376331377,0.3320767070098226
0.2020534435579009,0.4879319852682006,0.6272617488617456,0.5334394137421186,0.5620736063216111,0.5743512522091433,0.5113732009892469,0.3388028414727414,0.4793566708976889,0.3987513651149317,0.3088300849280315
0.163501830563885,0.4780044065264833,0.6199012028017287,0.5764409523289765,0.5637721805372173,0.5917788966242695,0.5335846363341379,0.3505837226224477,0.4897812097270849,0.3625004205410571,0.3308377589892116
0.1870280611169612,0.4285496551356079,0.5736631736263665,0.4772258386942894,0.5685816555299759,0.5365319482841298,0.500677460307247,0.116816889854114,0.4012870996461367,0.3709029276816128,0.2977790885430261
0.0650794938230951,0.4311711070900677,0.588235090707834,0.4879389979356898,0.4455744432782792,0.550127312334777,0.5302961955959373,0.245105336448613,0.4281407583428919,0.3591150505643412,0.3404711146308627
0.0645389097006442,0.4735979174918808,0.6222019766904374,0.4967565095644211,0.4803673825229087,0.5755067153005905,0.5705940309014367,0.2925172440410613,0.4704504092030419,0.3661137105493048,0.3031494239880829
0.0580871207153864,0.4881567019466044,0.6228132763493086,0.4603369109195557,0.5431281892524978,0.5251183370627177,0.5101699632505238,0.2894810248211653,0.4358478313363238,0.3547607302807096,0.2813522990658562
0.0904046062638164,0.3473952898174713,0.6307530649197708,0.5107865574521337,0.4684304807856203,0.5574981317483494,0.5309884877505795,0.3401567677968006,0.4615616122712524,0.3805052716767889,0.2400758205088632
0.09435763038553,0.4241930208745844,0.5134497679207204,0.5278652774747028,0.4727759568394618,0.5508695428600234,0.3969003476933105,0.2891367786795976,0.4681304760339594,0.3405614911982083,0.2303577317679376
0.1291003144345006,0.4959530323191337,0.588230853871484,0.492784036457377,0.42043239401124,0.5668304923027156,0.4330954074556626,0.3368685232733029,0.408803917438535,0.4062983788225143,0.2657581204344239
0.1466625515553233,0.4831521885196299,0.6025352423795425,0.4286000527715244,0.4690627815973742,0.5229061216343177,0.4857890343364052,0.2424427376665125,0.4301949482719688,0.4105614582407343,0.2805662250884648
0.1567155114259561,0.3382484349680793,0.6650530658263654,0.490364438473122,0.4521285213948375,0.5620490604806747,0.4142005785224127,0.2551752794909321,0.46317806334798,0.3425409561926689,0.2764065619363367
0.2111525116836858,0.4464088017234245,0.6838932332379882,0.4886457886237085,0.4651254275713098,0.5733973256944507,0.4952449544572284,0.3108864856105792,0.4807344974401541,0.3792294618290678,0.2921803338455436
0.213764956946354,0.4718610625494115,0.6895371123878735,0.4931735511012641,0.4963259638382845,0.5759338493057533,0.4227313346707629,0.2718411413912893,0.4280498252293247,0.4515257020376226,0.3221733569098328
0.2613383450625254,0.4945558445031348,0.6475837389397372,0.5249760390852192,0.4911138788393251,0.6074772487809597,0.4318865045146541,0.3135858955943323,0.4687161180830375,0.3779276009495605,0.312770164443625
0.1773423829565892,0.5117136051492635,0.6477641081549674,0.4790883849483257,0.4685542713146947,0.6102503412348512,0.4540563334659191,0.227310023047486,0.4064332184251786,0.3719424215706939,0.2089398675044567
0.2211873949717191,0.4963696092644555,0.6172545254992152,0.3993445014469237,0.4317036992670173,0.6115847746384446,0.4404002673428997,0.300126816157551,0.47404684995528,0.3759390732977983,0.2585908171038382
0.16411117901525,0.5157104464940114,0.5635126075061857,0.4714265173660367,0.4295670550737936,0.5793353598622439,0.5094073329992068,0.3190330891866211,0.4011235240695504,0.3816264998886608,0.2937743191084467
0.0889095004159086,0.4686647604793379,0.5935507110406422,0.4754656508913919,0.4300941043173873,0.564715211513399,0.4700133373449771,0.3801988781232598,0.4244892451204917,0.4400405332962359,0.3099298108153676
0.1300868554562048,0.4130907114730529,0.6316394849771383,0.4918303681153916,0.4466322963858743,0.605847023087819,0.4907302758054129,0.3093864745069334,0.4180689408015567,0.4402890536059498,0.2633873501960089
0.1812242032874004,0.4826488727983402,0.6437371625792809,0.5000856859410192,0.4665846410260415,0.5962371388119636,0.4713242703743541,0.36102777778582,0.4482737156951364,0.4076536609227415,0.3081065577671708
0.1953739822992975,0.4412577777973767,0.6298466935765801,0.5159733409808958,0.4769918401074223,0.4572468350161826,0.3887927446656085,0.3980794022047653,0.4956443124076694,0.4170590929563705,0.3154858896835433
0.2314374838074154,0.423767118648951,0.6132716090671241,0.5113683549949648,0.4408393786554303,0.517214189294706,0.4617903485843727,0.3860346438035415,0.3974635179862473,0.3944225375617984,0.3197591219631766
0.232355261068034,0.4067657320798331,0.5702783114007344,0.5436822928815016,0.5026896356164959,0.4600406037917127,0.4439441783677925,0.3525742007189685,0.3996906796103586,0.3929854111731131,0.3284607839948578
0.2427509950304092,0.3813704699932813,0.5966560030987362,0.5514525457348889,0.4710608754775745,0.525415773458666,0.4900841511423826,0.3667743457105568,0.4180590817273213,0.4107100693369049,0.3409884848949667
0.1572415711415698,0.4489657414472923,0.5981418035967767,0.5825353335341256,0.4344142312991078,0.5932226267592102,0.4884248885506856,0.3486070434829825,0.3760330746430563,0.420596183479584,0.2898178665789914
0.2285442061487285,0.433240229207309,0.6055909871327385,0.4426966177813676,0.38269274412825,0.5978541379451194,0.4357137287458928,0.2741463220651029,0.4187721932282541,0.3685818348891034,0.2416232094635524
0.1629085904295795,0.4499761363837251,0.6348349159093469,0.51423923109137,0.4528342937832169,0.5652260437203785,0.4722779837222809,0.3053014813711738,0.3995395341946917,0.3622675692844275,0.2725269094047902
0.0979657710809735,0.4826518119475694,0.6249319528044069,0.4352358768157461,0.3868495716775748,0.5401754202361,0.331817724015188,0.3698885121079538,0.4361253577233097,0.4042823603429769,0.2596789961668981
0.1209403097438031,0.4277999479636955,0.5967732586078226,0.4989438984823925,0.4869947653898597,0.47827388107541,0.4053323523383593,0.302784798519105,0.44070620590242,0.2669882462245209,0.3008762848188223
0.1894181014761894,0.43755278649752,0.6312564989611233,0.465830568936845,0.4393140903237851,0.5259535897931862,0.417798483028472,0.256393288778964,0.4569924834352095,0.3237842392484759,0.3211359395501214
0.1884349910651728,0.4880779639821168,0.6513358082732466,0.4066070258353449,0.4517058420529688,0.4647263142591801,0.3676499062486294,0.337372948699405,0.4699688342719582,0.3541922945141116,0.2533036744518834
0.0590205594724223,0.5005336087039374,0.645024973452138,0.4587687152554389,0.3755853012970535,0.5177868552753978,0.327091132991451,0.358627572975363,0.3954342005740694,0.3788595118362646,0.2232485704411535
0.0874525974581322,0.5241389343023157,0.5880769279220974,0.3298286039485327,0.4689330383504402,0.5259248636281588,0.4133739639135665,0.2466007872615905,0.44887243060188,0.3867521738458098,0.232855197436344
0.1166166976031304,0.3848729157057805,0.6350748533124972,0.3715039380494772,0.4673772948977973,0.5839829519531594,0.4296386688228177,0.3138749395439342,0.4819456323312858,0.4017541146357657,0.2753197275943859
0.1389547992077445,0.4186534847774007,0.6607588103829701,0.4328434000057559,0.4535911607049457,0.4298423850003466,0.3189783011934059,0.3373918016268056,0.4818524795441534,0.3281256483651736,0.2946048587393508
0.0658277991152161,0.437385299176963,0.632336298297031,0.4486112389544096,0.4915074378656715,0.4796709018864465,0.3654611291875621,0.3367763642955411,0.4848645284530698,0.3469029857726344,0.3464489688092558
0.082455796861012,0.436521526417518,0.6164169762524746,0.5379680360896366,0.478150017934305,0.5264005934348559,0.3953703829204866,0.3563824047009594,0.4797829276877606,0.3532649105309773,0.3619142235934063
0.1287406826764864,0.429216615251544,0.6267736982302403,0.5741904520737664,0.3901686554057485,0.5177700009951135,0.3427434095687844,0.1859450648906864,0.4872745954274734,0.3239394099841238,0.352040810303187
0.1427818549087437,0.5015500916408208,0.6345571243257382,0.4680250427036211,0.4386582133883154,0.5341114223218772,0.3100182793865116,0.2712170354843487,0.3860083137403928,0.3540833851414882,0.3177682471849331
0.1850138759924688,0.4783117023241488,0.6268444826736959,0.4128975526878621,0.4065710344330759,0.4356054541768067,0.3768695624460094,0.3604706427406245,0.4412092396295269,0.4058098681278648,0.2483551795421865
0.1867258377532054,0.4792880859033224,0.6371116913738044,0.4499583637706456,0.4162508539828259,0.4536521026293931,0.4057473287702839,0.3960114927612514,0.449082440006493,0.3857499144977656,0.2731562991647023
0.0571456433482471,0.5058839449870821,0.6734430213776155,0.4926655467466446,0.4490034756743792,0.5106398424513128,0.369518426055738,0.3892354337388385,0.4342751042896893,0.4123539185073867,0.3112234597915424
0.1079390682937414,0.4508204749832459,0.6799557604704487,0.4959590940785716,0.4847401963749242,0.5477295204733273,0.3805947816273693,0.3607061762801002,0.4368817894118927,0.3650440802280932,0.3190385057654449
0.131463511203368,0.4730274791193051,0.5243865313240795,0.4185050308438999,0.4056141631656981,0.5610057131731854,0.381976499897858,0.3550452977709424,0.4739485697083345,0.4399739475163069,0.2643228081906959
0.1338455063697901,0.4404385810885919,0.5392833486794033,0.440528203415558,0.4305773455971199,0.5119240872713708,0.3876439266823931,0.3845090430326317,0.4380928329060694,0.3948796811075785,0.3053866833600382
0.1536081309246392,0.4979517151579351,0.5951056577570569,0.4886096224406714,0.4413112950590604,0.5449536310159133,0.3410629287287384,0.3123722327783698,0.3781654282811371,0.3965197574805642,0.3816270817763566
0.0659628901442163,0.5053331557702374,0.5970409504426455,0.4787375454613727,0.4328058224550984,0.5063089028670666,0.3082981978980154,0.3469013073336598,0.3978046244161307,0.4306486845668538,0.3368351374602825
0.1028178314581971,0.5578981646231775,0.5921187857193526,0.5326339430568651,0.4515293257841201,0.4044629790013994,0.346810517213135,0.3183294777669683,0.4036111274641704,0.4147648362505213,0.2668149308771209
0.104248913750062,0.5424831418391399,0.5962876220247351,0.510696572084239,0.4601960441361268,0.5045847096212287,0.3533692188731342,0.2815025871786844,0.4528456059311077,0.4183326638537438,0.3066023070925961
0.1229817150220686,0.5197050559882067,0.6447913729613528,0.4484582286566621,0.4566443296712808,0.5184894714695045,0.2639252784251508,0.2993898483269305,0.4708148636047568,0.3298944223721934,0.27673872041428
0.0887799824527906,0.4884816169362553,0.6298451763180793,0.4717030993809272,0.4870042740243675,0.5086391721231308,0.3075737961779582,0.3540965205308291,0.4952617120839939,0.4079803921068109,0.2860403547510485
0.1045252343069376,0.4044079518458726,0.5501267664028452,0.4769644084098073,0.4859338164770042,0.5489600012525453,0.2915345422900884,0.3452363613722644,0.4546277627178199,0.4758837582635267,0.3163605326318524
0.0672537625635557,0.4327711218720977,0.5953404091652328,0.4833548952570978,0.4555467845694718,0.5468166380415883,0.3335451997159672,0.3859386347348358,0.3985711750542157,0.3983537012401201,0.3263052018306356
0.0789683469586969,0.4961967542880664,0.5675399044730675,0.4490204896325134,0.4546878149539033,0.5229769057388775,0.3283839397977124,0.1828842398616259,0.4270578008358284,0.5015461914895286,0.33954354232832
0.1232087320495275,0.5241120412549612,0.551389452030554,0.4567237161000009,0.42361347317987,0.5585367419646454,0.3676109785093842,0.2363173339202694,0.4358355399679413,0.455529398314841,0.3524250220266472
0.1196972001212582,0.4498875611048437,0.4840828579760992,0.4909878870029948,0.3965674916831843,0.5818487984890927,0.3700879045166329,0.3034438417297705,0.4577505367869917,0.4855684359619826,0.2558347346104722
0.1403372752377937,0.4347607851378719,0.5371841339573837,0.4778385547493286,0.4078835429801246,0.6158786541144821,0.3731887659641822,0.3179609898654874,0.4290701470388339,0.4744520888935555,0.2481552324534542
0.1405311739641017,0.4380267415925311,0.5680949957211927,0.5158908197744295,0.3790014667930718,0.5151702695360524,0.3347017699574134,0.3701105233835929,0.4389421320611075,0.3756589960527186,0.2282827643752402
0.1843305334527009,0.521931741855971,0.5817454003088527,0.549600590233069,0.4225744794625154,0.5272392421944706,0.3629662715656716,0.3555168585629907,0.454432775304907,0.3201612084630172,0.3140659078325651
0.160023867353509,0.557947859167776,0.592395798982968,0.5426191586130842,0.4772693624960159,0.5303803099031752,0.4326419314645917,0.2763915306186587,0.4522321738944574,0.3201786408545907,0.3203553021430895
0.1917843240399038,0.5200230413192928,0.544806652520935,0.5368632822049308,0.4886495646401029,0.5503595236709964,0.3538169728787883,0.2991505086940823,0.4288222265716728,0.3316458210161974,0.3275083708260143
0.1288754211785787,0.4059808912851431,0.5591391956107579,0.5003312538785455,0.5042799709733944,0.5205167553395905,0.3824692489895634,0.3826991470621313,0.3817711475596938,0.3817593217255595,0.2904407564796359
0.1778393937487233,0.4476965657765877,0.5962880977469754,0.4462228888101289,0.5175666275841605,0.4512963350582787,0.3404492382219799,0.337666407472194,0.4438568151060015,0.4319746220442435,0.2972645573488574
0.1525028145932271,0.433058971642862,0.5995007809398256,0.4782081236088735,0.4614183994289498,0.532943010082691,0.2572004581142809,0.3400793115355405,0.4513827522665146,0.4553108322071992,0.2676291989792718
0.0473281285011158,0.5013739191036127,0.5643657651029474,0.4872999425457716,0.4192767989357931,0.5368836595760298,0.3428445308432843,0.1713460556142332,0.4451145482234138,0.4466405606480988,0.2056142574162276
0.0779534801253443,0.4540382102505715,0.5906189060757168,0.4554528795020421,0.4841531888915826,0.5458716209664033,0.3660406283349035,0.2444997605589864,0.4571480513888608,0.3704119027438629,0.2951254986062289
0.0512602356627384,0.4351752817981321,0.6182147517643755,0.4800924113699348,0.4340847666357129,0.5558110460289016,0.2942037708039116,0.2958958926908136,0.4831059819461368,0.3832695757984006,0.313131760454081
0.0962000308813043,0.4206301611789544,0.6159502697979503,0.5002289530861924,0.4349485768443322,0.4959620137535249,0.3562196960181875,0.3477594723051633,0.4986008436527477,0.4181670630820593,0.3220977317309139
0.1821451936738619,0.4559476321410966,0.4471530558080835,0.5076179525002559,0.4743397557051095,0.4462887324944493,0.3681133133931402,0.3490886828828163,0.4382422761689262,0.4441033266716644,0.3425457863240818
0.1279296976294103,0.4367991351561692,0.5559545192203531,0.5454337840230912,0.4518748008680836,0.4810818704971734,0.2687870889166333,0.3513777898405267,0.4423438035055613,0.4120980909551127,0.3617793739464047
0.1544017025260909,0.437217279511639,0.5583301335671478,0.5493139148304556,0.4065110400191694,0.4862933590328478,0.3504703367460468,0.3100331831053408,0.3803546965555178,0.4567981895711449,0.3151903998826679
0.1644239402242441,0.3525989290092243,0.59440294623719,0.5014759442033214,0.4565206923056786,0.4847512224115026,0.2594006384299564,0.3737283059605372,0.4686757795931193,0.4153927723586063,0.3516720859269594
0.1718352266181567,0.4077937527821704,0.6189435163709167,0.3823105499701153,0.4072096887622435,0.4725934355760994,0.2932876307614923,0.3995890738397653,0.4872942755589631,0.4476162947929408,0.3336116436281447
0.1833931940731138,0.4454431427236537,0.6067712801048254,0.4518231695103689,0.4139828146281359,0.5079839335565833,0.3429681019516233,0.4070555510765133,0.4528201382877739,0.3754388958560516,0.2894277241136704
0.0956684989532334,0.4752790859381522,0.6076965491547346,0.5239011343430791,0.4397681818028686,0.5527403572912515,0.2492148407143327,0.2165584435500571,0.4851477083561896,0.3353469024484651,0.2843675834175828
0.0903909964884548,0.4766389660265535,0.6229240255315511,0.4585466909350421,0.5069249757777478,0.582260627062415,0.2623387232863586,0.2699541780393865,0.4915646325338202,0.2509541151094067,0.3643757180746787
0.1531550198952276,0.4887425971404603,0.5825863362905533,0.52216104355933,0.4043717918893218,0.5141522864894451,0.3340275699625247,0.3356993546417784,0.4564631604926669,0.333189494183129,0.3513435670138371
0.1534247883595759,0.5118293103405434,0.6261230878952646,0.5253591872365889,0.4329916783694378,0.4984381492745752,0.4124192259236934,0.3503974737983396,0.4658049456643065,0.3342521086501862,0.3625763471837223
0.1324601006979097,0.4460588553329301,0.6168029088207951,0.5658387707507194,0.4759593678444304,0.5400204236803919,0.3617482342415965,0.3810937370716887,0.4040453502489556,0.3651869154042965,0.3138223114020408
0.1916673188857709,0.4705883127838507,0.6245216114314818,0.5294222995535403,0.4763722125976443,0.4398111038671504,0.4175260473830957,0.3042928465595201,0.4580669960737217,0.3678574113887196,0.3349541835184053
0.0427893700036454,0.4040066538716125,0.618112634335236,0.5097594535622247,0.5150809966789744,0.4709603685033727,0.3702661353864373,0.3352140770387979,0.4435089004957667,0.3751910967868586,0.2524470506014424
0.0871896164431639,0.4894401858824667,0.6094167121818908,0.5938638634788785,0.4114182876741012,0.4898308059695506,0.3615855104540459,0.2668503057920664,0.4632439107058042,0.4607791837214697,0.2903685536476693
0.1924415181037789,0.5138565949193371,0.5797742767887865,0.5959182838185559,0.4699496876752153,0.5159654033800329,0.3825581597092741,0.3277847017920426,0.4876622890603255,0.3519315082016368,0.3344633388189943
0.1664703389327612,0.5119721100066363,0.6105859941306366,0.3909290587033092,0.3942452482603039,0.5345402195500942,0.3028175564937183,0.266248135514801,0.4394402612748704,0.3921415124420566,0.3242417603381167
0.186235169429725,0.5019506563468823,0.6464961142990606,0.4542473258591142,0.4370140735379544,0.5500304601093331,0.3512452196017863,0.2619513308082557,0.39672711632049,0.3607143315391183,0.2544666191486853
0.2209150101537789,0.4480668144693577,0.6086646915051146,0.4709172269051358,0.4783709365665354,0.5349058930457758,0.3860736265521691,0.3323672354792037,0.4496399975907979,0.3576775623671459,0.3108888999866792
0.1065814665946308,0.5154317318011852,0.5610818131831761,0.4877864602811098,0.4723876795464446,0.5475292755737209,0.3804372656896782,0.2867736879087915,0.4483887754863161,0.3739613718613548,0.2817281738503748
0.1792310889891723,0.453552854151749,0.5902757392232096,0.4977772701986162,0.5391276447241538,0.5240549989260401,0.2808524907455878,0.31696233410601,0.5047937276522858,0.379117271856943,0.2687427275954059
0.1398628449605226,0.4649399446691598,0.6090508559716843,0.4979677272779804,0.450630065620819,0.5518272065415544,0.3442914801489563,0.324934732468738,0.4946503223020858,0.3333172991208833,0.1738056629632145
0.0336477717003814,0.3637563734591326,0.529247376603556,0.4726337697919758,0.4930795956917331,0.5304310655225617,0.4150343282496958,0.2238699352741101,0.4841105571941742,0.373717800894957,0.250788177921306
0.1408272756607081,0.3927307118022759,0.5776071354835735,0.4504164027223178,0.4987808457102505,0.5358983059999884,0.3369995205453791,0.2551854691216744,0.4666769826462006,0.389204478392219,0.2769560280343597
0.1750672792844201,0.479501917322957,0.6137801806735881,0.4530000516091215,0.4668162461867681,0.4559816183357053,0.3960105441563842,0.3439793569488409,0.4721000938267787,0.4402999967686909,0.2947484206515319
0.2174724835293221,0.3711081760357145,0.5975281520468656,0.4982288744459713,0.4343335529818479,0.5320918660144863,0.4382501027307033,0.3499251341006253,0.4692039234065855,0.3553407253294809,0.3695660783877638
0.1411240959531659,0.4278665317628038,0.5742434824380249,0.4182671565628597,0.4628649419563603,0.5331692873363004,0.3630351060655447,0.3429888187359319,0.4046024466617455,0.3647378488338318,0.2494133418899635
0.1469831180544474,0.4589205938196257,0.6226452353543892,0.4372826654794846,0.5146463441590289,0.5370853924698822,0.3261919215390164,0.3900406719813399,0.4411982332595626,0.3449408297684341,0.3172969469078053
0.1427796178476757,0.4141874340151215,0.5545745962621864,0.4926026585130938,0.5240549537685426,0.4847512019870285,0.367274427880021,0.3393492061779306,0.4028457384114566,0.3654527557486948,0.2755807951418627
0.1282744956707435,0.4471880719907434,0.5378311017604985,0.4556592861919206,0.4207681544313121,0.5484101568132802,0.3754069316824038,0.1972191234938848,0.4449472765202033,0.2881212932108424,0.2738694644150785
0.1466404910909999,0.4690971905555828,0.575862125567034,0.5029214599647702,0.4808047257438924,0.542545438517297,0.3855715364151481,0.2723790409136734,0.4586550272723103,0.329977181530354,0.2594630992508666
0.1507721825521717,0.5458896932985611,0.6123268834227753,0.4603532040542856,0.5187473105535509,0.4805208653046315,0.3957430396635054,0.3284319838533489,0.4669820758946664,0.3707726055821855,0.2910057728651244
0.2083097542443805,0.4132824103912022,0.5936990748815643,0.4995714542286765,0.4430534232953166,0.5082509354967041,0.4218710377082657,0.2913856101123805,0.4924924199884984,0.3029733916059899,0.2899062051185534
0.2101367928786799,0.4538133054179627,0.608342516348642,0.5296054754497115,0.4343796601460615,0.4254995397826161,0.3311117683705532,0.3138832271191601,0.4730418373670251,0.3307759528563377,0.3495935923708123
0.2815461690185069,0.504230308321076,0.5750865431259736,0.5093339665654705,0.4377571453776168,0.5431190372682515,0.3569165892434072,0.3307163776439482,0.486138636015576,0.3777482013858669,0.3402122758648872
0.1918027896559739,0.4345532303357164,0.5612687122050306,0.534087381107174,0.4583432595774953,0.5359936468961017,0.4393132996247454,0.2868565481701959,0.496450273474453,0.3219771646465542,0.3230506986941003
0.1725966525594505,0.3983374905574035,0.5796005476364332,0.5559907951830854,0.4455351244331516,0.4556855307242088,0.4071847890344459,0.3579316198854596,0.3963610116208068,0.3058935381060167,0.2925348549466982
0.1987269867319306,0.4743490482028668,0.4960822194428638,0.4979420647581584,0.4526954741782791,0.4576569062123689,0.3908808985395224,0.3594334232027261,0.442213290062377,0.3288381966047951,0.3627256905091675
0.1502592094717469,0.5563237109319523,0.5533200210070186,0.4994213915597609,0.4112691827564187,0.5049497467002673,0.4510421398694038,0.3735646222559268,0.4662906504678814,0.3992015292544415,0.3323072217657736
0.148348576389536,0.5533559906298087,0.5109150675902127,0.4683237429340259,0.4123210372006711,0.5463636978676459,0.4647275341341722,0.2913637885567869,0.3833699090534686,0.3643149932166264,0.2996607389176354
0.1482228928708921,0.4933068016249938,0.5137919486612703,0.4892439574677527,0.428158292020537,0.5090567858789113,0.2988330851386462,0.3359299141925183,0.4222211199520348,0.3358569795957967,0.2600052880982895
0.0815387499400671,0.4629474144108634,0.56971701420724,0.3874743001383471,0.4319599047397102,0.5048829098056407,0.3183435750637922,0.2869523250858806,0.4280344957732537,0.3706355621960796,0.2838017802191864
0.1377264143537606,0.4645042144325887,0.5926770408290039,0.4753037378579847,0.3780674097179006,0.4216361405884667,0.3642447363380414,0.3349349929790046,0.4533716845330868,0.3835479285588488,0.3128734208075768
0.1121997164614312,0.4281489159648776,0.5927008474368807,0.5249105512359229,0.4123244745032462,0.4804041539265028,0.3974790453832498,0.3834700202358062,0.4826152261126766,0.3664522977519431,0.2237596386572736
0.1641218832066998,0.4505929034576176,0.6442254539021479,0.526148040984983,0.3975591277829656,0.5264041992514505,0.2915356256711574,0.4513740030145965,0.5039035329518566,0.4042794293783535,0.2341154098880912
0.1859257535449716,0.4721123078195253,0.6499037871976199,0.4939708335468726,0.4339948557071038,0.5373674540243355,0.3096250120582097,0.3937654800616871,0.484338505983662,0.3916987796470292,0.3231592952999667
0.1820157485548039,0.3351078842599863,0.5627837968453767,0.530192065823234,0.474832336457523,0.467579019389709,0.2549293973106892,0.3187870824804649,0.5450104182757007,0.3904469324957813,0.2057116386761153
0.1844380714033459,0.4295777466166273,0.5988428634699623,0.5639136578466123,0.4879603731844164,0.5088646732523583,0.2890072732057275,0.3368535725073723,0.4408395636759684,0.3964058823716146,0.2576206470658904
0.1307766476918344,0.4519612087644792,0.515514887762399,0.4821598301429743,0.5138782105460044,0.5143704247453439,0.3376579743565415,0.3239553000661347,0.4792156108606074,0.3519255088097938,0.2883628385243105
0.1772367223385206,0.4773437310379329,0.5519277312090072,0.3951185467367235,0.5310020409010795,0.5869846636999976,0.3282839160492707,0.3084450702788326,0.4814583556513506,0.3073850606699864,0.2531125065658932
0.2047893191745588,0.4702744277745113,0.5161074908388589,0.4013931995455233,0.4716062900918776,0.4793100813868877,0.3236648386473708,0.3375095919099802,0.4754485244792568,0.3357298252782844,0.2853082544585057
0.1913840167573443,0.5066393622443768,0.4947115482135265,0.3836277461286023,0.4042601265986097,0.4975546332815695,0.3419934657462574,0.3635762656071771,0.5189239945233193,0.390525537766086,0.3172665622289444
0.2229989517795747,0.5117161197677258,0.5166982885982816,0.3368711078657662,0.4091937833092145,0.4989103202813378,0.2553730622742441,0.2857242091210121,0.4090580778693918,0.4036194921687712,0.307293855465025
0.1329179503710578,0.4795483140534464,0.5175005222039823,0.380287315920432,0.4138922162875723,0.5172627222734096,0.3239381451462529,0.3056573906960558,0.4426681339438391,0.4405102515294468,0.2447459575964088
0.0611661041221712,0.4826301530814268,0.5433021589435354,0.3288747242588843,0.3469370881571318,0.542670321492861,0.3988450622726884,0.2971804278276275,0.4160008302487031,0.4848012187774437,0.2903761819258421
0.0874439463426551,0.4742177038635763,0.577148504837891,0.3666876177700593,0.3814075666533145,0.4597203575840258,0.383653613337342,0.3363526978850019,0.4161081500409852,0.4098044293819005,0.2349112610888583
0.078974902413903,0.5003564046845426,0.4792999839983538,0.4254874397842667,0.3954013567375207,0.4340486184367247,0.2852335414934244,0.3689097031621053,0.4510065883218584,0.3540777446648405,0.2600879858891002
0.1171243834416124,0.4143913954862619,0.5161462676141741,0.3639693873903862,0.4445155515726708,0.4146923419492361,0.3313696086330788,0.3163514146649521,0.4474689767751819,0.3662605633136709,0.3019166279141419
0.1279881622420553,0.3814288484774654,0.4719083096623322,0.3078175917238454,0.3254274255999324,0.4694355478056402,0.3931501628193468,0.336660621505932,0.4528126359832478,0.3246986341287185,0.2768879090536031
0.1403663222640621,0.3278128650393324,0.4829221742568066,0.3826265292383149,0.3641493263480121,0.5282466124342569,0.4036014776674893,0.3544410391094387,0.4462570776977541,0.3659011222365556,0.2776266986949028
0.1055329276670534,0.404181244822303,0.4885901175713982,0.3851253044240471,0.3756934240043225,0.5290716171816097,0.3756711320213521,0.4061122409436971,0.4627824919740403,0.3589607268149271,0.2109901977092048
0.1477060239765713,0.3852482080942914,0.5059305599631634,0.3779193944166932,0.3948098670252239,0.5467650686443594,0.3140826111296469,0.4500451424685194,0.4270890545157211,0.3806969329733469,0.2344732589359187
0.1283722471821597,0.3975061209966793,0.5255600543094259,0.4082707166139701,0.3878546398318347,0.4992964512603814,0.2762245002146139,0.4569251649973622,0.4596827026082446,0.3276386801463314,0.2752050482239654
0.1596123132998096,0.4222107688683283,0.4956119438474803,0.3945818629891654,0.2681862563575772,0.4408615844528392,0.2940852780894175,0.4442297738444002,0.4314626411491682,0.3314240045731342,0.306082257983493
0.1775065581113471,0.380721114565323,0.5236125522351428,0.3821968131609664,0.3335316484186927,0.4423273874672885,0.3653622452222392,0.4024131679722406,0.4335316771080565,0.3007696398693229,0.3361411891250444
0.1198578435583057,0.4521891380431515,0.5058063082860611,0.407220945740113,0.444185702161291,0.4324611766218035,0.3734990712651889,0.4105993476623689,0.4482357075701877,0.3634626598860742,0.3236663529097157
0.0937595117616485,0.4616665204367617,0.5173233823525469,0.4295061087352733,0.3962142605707965,0.4734548381169264,0.3700695059489612,0.333416648785115,0.4077389506863095,0.3838393191984296,0.3236291350232351
0.1126355013386969,0.3760967413658909,0.5432247715961226,0.3633020512842447,0.3722593456467377,0.3958272559823671,0.3992155650871305,0.3560419094509416,0.410844567076025,0.4303223185821749,0.2809545880761163
0.0917914199017306,0.392031150048952,0.5486893922588141,0.4018404503407241,0.3612622589846648,0.4418418177869327,0.3945913282002493,0.3708135726848933,0.4516976726782136,0.3931840530315997,0.3319504763597581
0.1348454537762395,0.3769935039695636,0.5027684689536895,0.4324399874173368,0.3777429459174898,0.4557968359252495,0.3853521749573214,0.340108576459156,0.3988871911865051,0.3991643352589828,0.2186289608677616
0.1493093839201768,0.3828201847981237,0.5254268783167106,0.4532730112461275,0.3178867475548492,0.4595274474186929,0.3795102464879931,0.3942417734394519,0.4413850338632001,0.3818478363354332,0.1796802487721474
0.1559069390228533,0.4130459944590378,0.5503710453964177,0.4701887275919381,0.3870073350412282,0.3962044404303174,0.437350022610216,0.3161763854824014,0.4889759321911722,0.3279354272075585,0.2244992913844157
0.1341100582767517,0.4466119652604327,0.5424205456489828,0.4960339172871796,0.4329683024465371,0.4626281730805411,0.4072157420944774,0.3843693833554709,0.4866554680615101,0.2592181085950661,0.2394971539560593
0.1367376791876226,0.4701838647410994,0.5587860529082296,0.5084921700157554,0.3557696274701206,0.4829224316479714,0.3759034875289608,0.3293270318208723,0.4278653706637072,0.3024624415531998,0.2961935077334488
0.1593113006259969,0.4068441952948775,0.5218317925560779,0.5424538858522636,0.4307725209719013,0.501308746026186,0.4355476570839771,0.3177198382108979,0.343379537456872,0.3847495390876791,0.3360612408640155
0.1432648000913499,0.4185425222496187,0.5426019360876795,0.5582298992873472,0.3680302271745317,0.4260427263658323,0.497307381715472,0.2721336068223722,0.393148526522817,0.3242407029435719,0.365069007179656
0.1615550651435804,0.4272249860288415,0.5732257263467013,0.4554262452576866,0.4350852700168509,0.5003857010324757,0.5525857068564008,0.3475319257251931,0.4570011399178808,0.3450618701843189,0.2761342052118419
0.1296090439696906,0.4369926188322252,0.5480296657546105,0.3941285214732011,0.4070329109042946,0.5164918818920947,0.2319772158934003,0.390814993416293,0.4569368938915804,0.3806428757681537,0.3059785722833912
0.1584439103955783,0.4365560724852573,0.5855124016011155,0.4006449753900742,0.4289843521690321,0.5360099275427748,0.291876742353034,0.336803481012583,0.45053047480624,0.2698344302954939,0.2731776502075109
0.0929717884246445,0.4496620066269584,0.5710486060600053,0.4858189499247285,0.4514793723829859,0.5504956204426801,0.3049628471696854,0.3762582155266367,0.3641523817969153,0.2588484748663501,0.3170048577658504
0.1076809941824116,0.3567643210475809,0.6097320116139405,0.5077925337573805,0.3632779475927117,0.3945306468411915,0.3751729592737957,0.3889715250124179,0.3973381868632051,0.2790606752872511,0.2126936761858852
0.1761350695289866,0.3608147259984952,0.6119150320182148,0.3951821532072009,0.4062907626321106,0.4476660743969115,0.4312305061769385,0.2638124127985472,0.4027555222764966,0.3220653820337095,0.2725336850990064
0.1922631711445084,0.4071457986817735,0.6199584157385853,0.4101053103049762,0.4776304358497417,0.4816693802233124,0.415601177634466,0.3019986078315146,0.4084908817743351,0.3244844238390327,0.275411667077611
0.215835640311068,0.4129152903188128,0.5761671676766084,0.4710164629123342,0.502477707209968,0.5302367210019583,0.2183015411482228,0.312246109237788,0.427771736824095,0.3283058560891436,0.2891325470098279
0.2244443071133638,0.3794556282760987,0.612934068881857,0.5198177649566973,0.417065056022885,0.514802403404193,0.2739494631300465,0.3278412792569046,0.4082545113102355,0.3567758486192747,0.2800837239154957
0.1976036147914824,0.4056959608160942,0.5421258294072413,0.5887070288717571,0.4212009500752801,0.4881268159929986,0.2967737143915244,0.343331728698415,0.444058256567225,0.3851669701735381,0.2142437739714791
0.1993591472048306,0.4566131128410678,0.5548396073066664,0.5770030346861164,0.4361801729025605,0.4947125218043772,0.3883690070630125,0.393438209674105,0.4316543749645851,0.3564240749519783,0.2521534970163263
0.2193791189921402,0.5082918510015781,0.5455480676128976,0.5988962638050871,0.4573935780317854,0.5186675006698332,0.4653410601659673,0.4501004957953486,0.4660740468374422,0.3632268904190722,0.3170534193029526
0.2537880110521865,0.4094525775656744,0.5140636201114355,0.5662693725069717,0.4780911122932154,0.487675342141938,0.3102578918023195,0.3602509583611318,0.4263251211202972,0.3994185688996667,0.3635828749449844
0.2144101420710625,0.3674603800642963,0.5216262370502686,0.5029168702690101,0.4682500788853984,0.5160664165863321,0.382855969676016,0.3960272162861872,0.364221270248273,0.4119359333891367,0.2844575360423336
0.1559401512839103,0.4554939184315438,0.5717248159076975,0.4009054497347855,0.4623485266037783,0.5122509542296049,0.4213053260728089,0.3743128469823054,0.3735358749911152,0.3804813412692215,0.3086222668885289
0.1839414995428908,0.4840462158411722,0.4885721289434944,0.4909269356808266,0.486870155045382,0.5272716230030008,0.440444253464996,0.3890709660517235,0.3772404839841893,0.4220311853262029,0.3106627753225871
0.2481831586471934,0.4381746003644606,0.5250573447420257,0.5030294736715754,0.4617343565439294,0.535065844998535,0.5054358773177053,0.3572286820647832,0.2960081149610554,0.3544290886805005,0.3054368318469544
0.1693178134833962,0.4419116663421824,0.5059952664443708,0.4746291024092829,0.4158902405321225,0.565354314129019,0.5288741144505827,0.4008845951000506,0.3231053070266332,0.3493388422667066,0.264123727350714
0.1999700569007703,0.406589780191059,0.5071245002121494,0.5061589070409314,0.4010009563785282,0.5571091751766267,0.4897157625929313,0.3205864021737316,0.3274220954727886,0.3991876442765225,0.3078131009712354
0.2005997082191841,0.4497593508884657,0.5231255362089412,0.5578864024278711,0.4500427112883153,0.5684305769875724,0.3882473995547396,0.3482326730438814,0.4227397010831284,0.3352592547955902,0.2356224431651446
0.2072570901323175,0.4233079726779459,0.5458774893220677,0.4879098112246232,0.487263684864228,0.6097617305474419,0.3711795786270796,0.3884468928249187,0.4239141103402066,0.3900274052489446,0.3137339507854494
0.2161208153872255,0.4393145621907079,0.5543553548527729,0.5340974946456568,0.5106721086894168,0.4990259307720092,0.4421954670887236,0.3985627265986018,0.3540458376346293,0.3991192759063419,0.3051631349690065
0.2408523182721359,0.4340668885131579,0.6069825263194331,0.5185699510514405,0.5256414863035802,0.506554754532255,0.4480447550756079,0.427008108616036,0.269739665971426,0.26190354826004,0.3019701215962652
0.2200337307114444,0.3597878323990243,0.5008281728894772,0.5181410735050249,0.5306036219312429,0.5523377659879763,0.4856341092568129,0.4350040076821343,0.3032411502372024,0.3319812996901878,0.3089561786952882
0.2383075494894288,0.3881746412743024,0.5302741466224922,0.563523706483906,0.4459570047319144,0.5405388633371139,0.4578540074455395,0.3984267548544795,0.3678466674603172,0.3034304336964242,0.2746898602626248
0.2679161781434989,0.4605796592963898,0.5397236112339621,0.5501253432508286,0.4557203026388218,0.4085748570371997,0.3418490869169041,0.3527147393147057,0.3741254754990757,0.2537390186929731,0.3089304192882947
0.248135553877911,0.4151186622392769,0.4906199302352407,0.5589275331235456,0.4644902855054686,0.4958704998814168,0.337025452641908,0.3215366786197023,0.342852046825057,0.340985539329146,0.3606531711055522
0.2554554192801961,0.4514451937975434,0.456131109869444,0.4991780624251787,0.4628153335413754,0.5069416222171743,0.3441320514602356,0.3429245405273953,0.3724246279229314,0.3155115306342116,0.3037000982622884
0.2271517893665073,0.4655496317295116,0.5292450452086548,0.4439605347313901,0.5059086024783601,0.5413323616223399,0.3566826947567748,0.1680033593375735,0.2568697972202887,0.3128750704804699,0.3395725803169798
0.2065978677992572,0.4875853107264664,0.488332169979942,0.4880638235183878,0.4546812750404769,0.4387082509426351,0.3876380308387686,0.2095469919683423,0.3030518245095768,0.3266871231372382,0.2959348826028234
0.2240911599162048,0.3868426106745836,0.4885182207475517,0.5025047069110097,0.4054098714985069,0.4794035783973769,0.3245372198741078,0.2792695899266025,0.3158438531998363,0.3786088182203638,0.3200509636426388
0.1848662998684303,0.358242972998817,0.4829182829650011,0.5170165070432838,0.4099600103261819,0.5181236580552104,0.3377320833043887,0.2041630151654218,0.3874861631795475,0.2390161960008355,0.3493092029051344
0.169630616885501,0.3902936250447273,0.5151134993926306,0.4635209482316314,0.4276698618966393,0.5785812301497284,0.3748987215123318,0.2971668201120094,0.3161172083189904,0.2909056319032381,0.3733607576762003
0.1794622969820951,0.3646812339585513,0.5255970850619308,0.4223725494072019,0.4464862438349537,0.5126914813301747,0.4344983354468064,0.3662836858900581,0.3334755312657639,0.3585689716389388,0.3746162797845892
0.2515004471511528,0.4027941740051821,0.4570427534251431,0.4501537927991492,0.4300614492792968,0.4152028844446192,0.4316275245456905,0.3373452600032486,0.3490753098552335,0.3058538777602625,0.310456285673561
0.1436424009960539,0.1477451773825873,0.4459321072477758,0.4815257942123545,0.4371644965982592,0.4341255519259714,0.4357320093739025,0.3642964591982947,0.3667450170313762,0.3745058566601372,0.3285512884748096
0.1031037099999293,0.1313510385508015,0.3595893199575765,0.4718878402437195,0.3881871588522592,0.4449700025396239,0.3612301685826737,0.3774478753182126,0.4247338505174378,0.4353488705769753,0.3705924321539247
0.1338561454116706,0.1296870035335112,0.3633757286379007,0.5123087563185531,0.3696031743698701,0.43933586201954,0.439643370541078,0.3834701747793472,0.3536802575585542,0.3458087478494968,0.3342193113609056
0.1553959574442099,0.1077204694414924,0.3720813495698145,0.4617842080759488,0.372483569849201,0.5396182835041312,0.4670383372178469,0.4119971125428477,0.2652055306971249,0.3501484591106729,0.3155925511710873
0.1671116468273341,0.1199905564395904,0.3350232739011983,0.5503126954647632,0.4432954658227015,0.4994860083508744,0.5187827273728933,0.3774543374236377,0.2010927750257972,0.382732209721509,0.2868322103807956
0.1688477027832557,0.1192951069618521,0.3777776370190465,0.5484813612511967,0.4287467339576259,0.5384772442403168,0.3413380228321186,0.3596464467321255,0.2458149635596254,0.323336504840793,0.3228920173610623
0.1376201463708926,0.0994629373793816,0.3294670722818108,0.5452233778121812,0.4539378271424985,0.5533962928866948,0.4055869182447632,0.3853334430399036,0.2931632002350809,0.3335746324332966,0.2775350638040388
0.1541332704412381,0.1231277139556344,0.3672085373150389,0.5542671855757637,0.4906108976299231,0.553486775183754,0.3710787303200677,0.3176287801182149,0.3620687239951384,0.3306099409645866,0.2845649326910224
0.1849876095693511,0.1309858431030092,0.4254145858092746,0.5213135117868467,0.3549039685739713,0.518723664648811,0.3904499302243144,0.3271176314965689,0.30578757884974,0.3459212103761104,0.3096833290717946
0.1246825171486318,0.1220591303531622,0.435137845113815,0.5714841304886942,0.3965674737870244,0.5315997463887809,0.4005916233153965,0.3845306474440192,0.3788570486404866,0.4147348537699529,0.3300192085992033
0.147587626480728,0.1304483886647836,0.3923077475309121,0.5990841184022317,0.3918615380388491,0.4792122189063987,0.3017909045743191,0.4262402981973784,0.3908702240255483,0.3681911056971435,0.3840473696067163
0.1650308144162275,0.1281687092005051,0.3816568027044549,0.5297735634946341,0.4191466859158661,0.5247112350516823,0.3961857235215564,0.3737866963558177,0.3948826654950789,0.3685828155602478,0.2969095888173547
0.149490747268796,0.1266069351251151,0.3539740013378783,0.5138138528738011,0.4269769560744963,0.5086079742562256,0.4113499684520676,0.3689542082048772,0.2463951495049321,0.3561727201517394,0.3158136070987083
0.1711215926678745,0.1357048307167453,0.2911821318364443,0.4747509214939239,0.4535963521304954,0.5330722592641675,0.320193355991109,0.3642115083289505,0.3582314584082331,0.3884605791221853,0.3691497447494197
0.1926418604441904,0.1442920050272924,0.321719749088905,0.4936462479349288,0.4290354764234687,0.5474561144593135,0.3692103914240419,0.3118041929282523,0.3591174054847474,0.420956607365646,0.4027190634262394
0.1741504336447746,0.1478272446782459,0.3413915214569456,0.4975940827271765,0.5012932388027039,0.5814252509058411,0.3828387539992546,0.3516595925355738,0.3331335674895312,0.3667955731484034,0.3321620741972645
0.1846380173395867,0.1196528722659934,0.3483479849303333,0.5429275941778113,0.5078649668410797,0.5401427792543513,0.4261843334576976,0.3647383321122367,0.3475969833984513,0.3846183302246694,0.3667179440804257
0.1882806464489025,0.1376152502140856,0.3662414244089867,0.5292551392653406,0.5139295538520865,0.4127237548660281,0.432614323424013,0.365586927702143,0.3949408957265371,0.3993062749047226,0.3906868789789608
0.1517400671877112,0.1301871055957813,0.2884421745776028,0.5622804896214211,0.4850893375222834,0.4569521282949768,0.4479172363310831,0.3002059891050375,0.3282957476087818,0.4169616100035063,0.3205055092767803
0.1454109277455489,0.127091541540764,0.2983432438116895,0.4844452105448326,0.4709499468654631,0.5082976601428475,0.4271331656860601,0.3509190075985934,0.3309253072247088,0.4149964336991553,0.34054321451797
0.1565276399684541,0.1392538453474052,0.3067835459072995,0.482924522172211,0.5057823440714835,0.474894804068757,0.4317080412413745,0.3827738890564058,0.3196129811127817,0.3097285816606405,0.3405985460762271
0.0987470348425591,0.1049773704974101,0.3093869694071993,0.5043134328676628,0.4846035475191981,0.517709474908755,0.4086525444850479,0.3680864960813483,0.3803791728062367,0.2370170693256895,0.3549858699419164
0.0855568152471957,0.1140837283665942,0.343463048873549,0.5249838307167132,0.3403399348767815,0.5080917467248496,0.4342467619286912,0.3258996918960011,0.262449081562876,0.3430555020609647,0.3593478912869494
0.0927750810385888,0.1268475554502641,0.3420315282012955,0.5322305518344933,0.4196565198880593,0.5167080095182659,0.4394361574550218,0.3592415891940715,0.2880539627993829,0.3693582951564781,0.374095247177382
0.0755078764873735,0.1186049588219256,0.3670469131174578,0.5800489122408159,0.4729024881026863,0.5316544220021011,0.3873572159872447,0.3721138141784362,0.2817170856426295,0.2996164015271613,0.4008850918612335
0.1008389588911563,0.1338228054173102,0.336189340144496,0.6088161474058003,0.4562758028893972,0.4555498657577193,0.3996998424567022,0.2755768822737209,0.3147370191765921,0.3609437455141715,0.412119387324806
0.0915682610201635,0.1260390662864546,0.383743385386015,0.615791591842002,0.448730371144081,0.4709737755309205,0.3980144830639044,0.3297980940405894,0.3838724607201658,0.3387595767203336,0.3370524629008613
0.1127560001438468,0.1080622390406941,0.3708911418605289,0.5640907314282757,0.4008157294795493,0.5254472519999529,0.4342736450002212,0.2543453642732333,0.4033938250501951,0.3222606392241235,0.1568187831311283
0.0747481085582249,0.1212615407688665,0.2898696548239935,0.541670582844226,0.4284500693431,0.5004966246680775,0.4182274495296409,0.2677135643717034,0.3915920328085406,0.3023528358891827,0.2291868496417288
0.0772210583566309,0.1338298344577337,0.3245861027632201,0.5618296609188738,0.4592199983591799,0.5423985648361995,0.3432498131374464,0.2682223888009458,0.4469930370694997,0.3666197601795888,0.2511302308824356
0.0814022426337973,0.1369065816166745,0.3441961030297666,0.5544022328701803,0.4360101382538128,0.5680598987360783,0.4156204146201294,0.2809633812310208,0.3377996483748459,0.3926003195246485,0.3342173629428658
0.0869794959629506,0.1041117593525452,0.3357456354510629,0.593622202348456,0.4688767984417792,0.5356590472247456,0.4700950514873106,0.2213427581681671,0.3438931395305458,0.3520319851435213,0.3525489054791706
0.1033021494401033,0.1052806593260005,0.3382873794895846,0.5868437176330813,0.4689177479724767,0.5009413725544133,0.4033805576293777,0.3220974430482357,0.3333467176808022,0.3332977653118925,0.3544158464933851
0.1107050340104463,0.1124096592518382,0.3042842744120779,0.563262958483865,0.4785886808256313,0.5209766206212261,0.3568220832790844,0.3286240692320484,0.3457935361529354,0.357961550804519,0.355546906034791
0.1123367719044659,0.0988512783930498,0.3168965258877417,0.569820055278536,0.452982983709376,0.5389159560197025,0.3608402698287297,0.3535618123156311,0.336223373483259,0.3529942320282942,0.3462895462810081
0.0782393326971512,0.0847647648854856,0.2945660544229024,0.5071051922175265,0.4434567390778306,0.5298488318214027,0.4189964407776928,0.341839843607096,0.3704475345373926,0.3983742037038321,0.3534922283981192
0.131064860520471,0.0889904085513461,0.335366382498372,0.5513241321597009,0.4978313525713438,0.5766931115334444,0.4226864361173758,0.291745642517637,0.243541456471024,0.3346003052175118,0.409117405576594
0.1636096091597819,0.1064571163339057,0.3573046814977607,0.5622356421757856,0.5106800277919548,0.5692707756364648,0.3968065549897325,0.2790128241923735,0.3140448396188597,0.3603595728359015,0.3812514102728168
0.1575404973512448,0.1144101389846481,0.3310723508777335,0.6026125079480056,0.4298654599958542,0.5206930597482213,0.3682369751266998,0.3076990220212016,0.3456449965211755,0.4020103103039873,0.314819612968743
0.1423559736846882,0.1133936468886856,0.3606146559368315,0.6050917168133243,0.4835509077625461,0.5483377293937244,0.3914883873927975,0.3101126098949249,0.3242741110484304,0.2755693830772307,0.3005154392835746
0.1522520917843092,0.1277378921498083,0.3904859763843988,0.5706429444043128,0.5220620361354573,0.5555648240521054,0.4154475369614585,0.3297094156029014,0.3663292597895666,0.3154460573070906,0.2344851557666163
0.1241333595762036,0.1196737603014139,0.3659506669152438,0.5422175241840044,0.4451584597290057,0.5572024667911615,0.3893917542315008,0.2280291932033118,0.4261812044321753,0.2469931051091248,0.3160633679888878
0.1037893631380732,0.1262766069138994,0.3715019416889644,0.3940484285245457,0.5121306891437243,0.5555783716033431,0.4290169153648905,0.3114737533044946,0.3166750367473033,0.293714170445667,0.3258573557518261
0.110139932825076,0.1502742410409867,0.3865439998258471,0.4600931166854867,0.4402238962609254,0.4706064372663304,0.4545259617142411,0.3231551037776027,0.3695849039120224,0.3080740306699583,0.2798398179179238
0.0733431568385812,0.1199695077440583,0.3925663440245195,0.5210915165583134,0.4969496408969645,0.5080408641601541,0.3366509521640922,0.3676006186567048,0.2813591785528756,0.3276270098328182,0.3338518004007627
0.081165279318073,0.1323624800547838,0.3796001892332337,0.5068557308409506,0.4371454352901945,0.5263083111475125,0.379912559934848,0.3499204434614035,0.249284976202789,0.3299165296687292,0.3551347917882435
0.1425015601600952,0.0937937965042441,0.3498717292975821,0.4363912847542037,0.5084063065712958,0.5474757931997739,0.2478338545787116,0.2788729115619369,0.1857442833962092,0.3178514594580773,0.3770530022138699
0.0704936428205164,0.1275437323182277,0.2683195183375526,0.5320757474883648,0.4816154110803746,0.5211235018742272,0.3498187114214441,0.2749058652760728,0.3166680000709573,0.3505939544422021,0.3906252708314443
0.0794956408103849,0.1463329596726884,0.3231630365328763,0.5571710314041916,0.462217307599331,0.5642745010593948,0.3937803094605606,0.3169484221053331,0.3079928137362444,0.3359442211985383,0.3956833671083113
0.0797337593299394,0.1552926026497074,0.3469535841996163,0.5469524648290014,0.4955136845380102,0.5432094499481486,0.4493264248158324,0.3587175095339863,0.3284013843577568,0.342668376053135,0.2087648761464952
0.1103944420391756,0.1228947826481885,0.3471278516910283,0.5749380055798747,0.4464525673231679,0.5998112213050236,0.5239989204055684,0.4041068078546011,0.3378223912137971,0.3976565875129668,0.2735161667568103
0.1017247250229987,0.146327396294485,0.3729527401972057,0.5906023754613047,0.4373957428441739,0.5367852275121585,0.5298279196322452,0.3345007323951976,0.3489207299484533,0.366000833468777,0.3624422321308104
0.0706676418387432,0.1282700427746294,0.3341844889303517,0.5355963794949612,0.4906239495189107,0.6121872634934793,0.4709436284561403,0.3629223090176798,0.3052283939307109,0.3519098986873027,0.3602377467196511
0.1149152840328802,0.1483335093965728,0.3562711778410198,0.5250697615959071,0.521876414499908,0.630499630899491,0.3735675683493504,0.4017148427104296,0.2471872598319304,0.4192009270166973,0.3624837552870786
0.1098626369741981,0.1588288984288366,0.3829491839832513,0.5593149187222635,0.5127129830677701,0.450677147560944,0.3927076819716554,0.3050866184684057,0.3425401766594345,0.4677616061816625,0.3163995182434087
0.0673782076639511,0.1318860965011053,0.4040280660440489,0.5274746586149129,0.3541771699149624,0.5207369440629829,0.4302101864591712,0.2997403361126971,0.2920685818894987,0.3951950998942546,0.288412624009939
0.1032750080691704,0.1612127678145236,0.3873867499022479,0.5502583258810048,0.379072896617127,0.4578230982678604,0.4494191556941698,0.270451054020771,0.3576528767748999,0.2969067409365954,0.3314804536993723
0.1140542244174179,0.1734423469092093,0.3687607389016994,0.5273976884988559,0.4356259985326411,0.5122977854417308,0.4796258372315115,0.3616872714000364,0.309683282980075,0.3101768496097109,0.363222045904036
0.1288695399406712,0.2883966119572677,0.3842533947846807,0.4808262286292166,0.4666787764171445,0.5304769781569341,0.4119200127920911,0.3739768829761409,0.2464855259900839,0.3574081527199375,0.2793365164413233
0.0564804464964173,0.3510637450310772,0.4501973677927757,0.5053193342950687,0.4958050837167624,0.5440166900288821,0.4223464399131691,0.2800076493458993,0.3122954434226503,0.3311332179801888,0.29384023648918
0.0947508548513847,0.3881618613593043,0.453596864279171,0.5529335269554034,0.559081339282791,0.5619395857741977,0.3730442025679384,0.3443065761185309,0.2866325948092909,0.4027920470360553,0.3258814606351727
0.0637549195783395,0.2572126771815293,0.4607360662685136,0.6069012178275215,0.3879500711150605,0.5360150293054232,0.4664738145990217,0.3844864278436765,0.3545492837675167,0.360051424021633,0.3471947529127946
0.10979830380694,0.3458503124172275,0.485792376368597,0.5944572286347721,0.4311736869987664,0.5188993221767387,0.3809879327716219,0.2837367643688271,0.3446466789737694,0.3259065209711551,0.3356564311716263
0.055079791918524,0.3576333022507411,0.4423986800834155,0.5664492517301285,0.3795627651843868,0.5539021222223725,0.3654636354470884,0.3713865159619228,0.3421728069619043,0.3858838627427489,0.2279206448794148
0.0775875400297226,0.3857643543437196,0.4331515835177512,0.5681515199747945,0.4137375022832572,0.587624279674715,0.3877423558078126,0.3654987794167046,0.2776771403245191,0.4317286787072859,0.3180537656883105
0.1032676417921613,0.3989094940956477,0.4268805828323889,0.54142400687613,0.3773875050001916,0.4738256262734375,0.3260084017047621,0.3806094015778004,0.3131750926789319,0.4228910758972596,0.2933937288529998
0.1390300959303391,0.3313324067166924,0.3826063082483926,0.4661331084151877,0.4140501608316601,0.5304628278163115,0.4099060260090252,0.2422095100377495,0.3061843610175854,0.3388883978037501,0.2342387741502886
0.1494674861724054,0.3505178915816447,0.3996110240216567,0.5391780416874092,0.5020488701540545,0.5420003440264594,0.4285536831144599,0.3139504323427829,0.3483037802770243,0.3816706467495496,0.2973975856028564
0.1755159011059844,0.3578174510198544,0.3950656526052353,0.6021627997656411,0.5488605349098818,0.5329644573164924,0.4432656419410721,0.3154164926806087,0.2249603671145429,0.2495373390345635,0.350893550272433
0.1284422770859796,0.3633220542444022,0.4189982657871966,0.5256426418761159,0.3767104514492224,0.4694567744177331,0.3463684302310829,0.3653906931252587,0.3419186393885097,0.2783883975443424,0.3350217043134534
0.1732182275915958,0.420553031824576,0.4494726411471117,0.5281380434017489,0.4219080255669501,0.5125411859236106,0.4022905516630403,0.3990429559271378,0.3152929436317164,0.3731516494671852,0.2684344911362439
0.1474270519517718,0.4241094716432431,0.393090773331535,0.5692332247477752,0.5049514673062474,0.5191766633379122,0.4307730971562646,0.3730982009374021,0.3718198839016323,0.4045710624420924,0.3482336534908098
0.1790653083126711,0.4105733968243803,0.4121089991944978,0.5282000669241319,0.5159126587292209,0.494684757262806,0.4535896579577967,0.3538798555579731,0.260849584532222,0.4257181342031966,0.1814822554726133
0.0891153317832437,0.4451586214559911,0.4894229246054471,0.5379447507273256,0.4377592475548298,0.5300848345141014,0.4745768233270527,0.2127798949480505,0.2815966429388737,0.5005540971534983,0.3127461448228367
0.1068947419002262,0.3291284631067096,0.388095798364995,0.5516861307747207,0.490552637845292,0.5383715181877318,0.3959944351685573,0.2723673687519354,0.3575966529940017,0.3332748057305122,0.3204152044784475
0.143156982498626,0.2687460050199448,0.3738770010908025,0.5554585312046627,0.5082518592520311,0.5422115617334684,0.341382817686772,0.3054203733190148,0.4385341144628413,0.3799161460666792,0.2729209117929894
0.0838785642774524,0.3144899953469455,0.4130344195793399,0.5694185755921531,0.5204918876545993,0.5807317809798453,0.376533460834261,0.3415717664491816,0.3203900449218245,0.4480581019453125,0.1906478218962983
0.1103630237101041,0.3233567754054525,0.460741395014086,0.5547695853725989,0.5292039289499377,0.520751827362772,0.4278793315055268,0.3561541577533862,0.3320446005095043,0.3122616835953019,0.2523405810072222
0.1609613209233745,0.3439869134493277,0.4924078405944914,0.5739511762650852,0.5781204007032409,0.5192528238607952,0.5014402240289058,0.4494739551529325,0.3571652032853807,0.3190782251503768,0.2878203333304574
0.1609844465139728,0.3002463153496718,0.4762979835292504,0.5637603777213882,0.5229548175603956,0.5380749006175229,0.3609329933090343,0.3063558174178704,0.3161005771092653,0.3056729760509499,0.3030646998660193
0.157281283796098,0.3240043915672331,0.5212927807505204,0.5810963877961007,0.4609301974711213,0.5523372516727469,0.3743952325920456,0.3408628361174418,0.3374695191311478,0.3397226711535041,0.2234612476139553
0.1540068986111735,0.3323050957784335,0.5467230268869514,0.5386412269865081,0.4687940326809742,0.4564055950212404,0.4500136858169429,0.2878302591539858,0.2143097536760466,0.348196677954059,0.2658241062925032
0.1847927168357443,0.3843407257884532,0.5670578323450582,0.5663387935154693,0.49221152989994,0.5280474840422067,0.4201208519661658,0.3225987453539288,0.3249605417786261,0.4472167869243955,0.2690612858510141
0.1754714379104757,0.3712191599795504,0.4720309863269239,0.5102715075543304,0.4517971417854956,0.5325712226941937,0.4510811349877839,0.3592864882271416,0.3578750277773502,0.44495867031107,0.2766324017909385
0.1519716566731047,0.3311798717473369,0.5198928356707829,0.4763884237755423,0.4719364852041149,0.4642221133426884,0.4170968154839845,0.3783403065770332,0.4110476141309874,0.4472400225367208,0.317245790593398
0.1613519967288107,0.3468832783131411,0.5654076774627645,0.4855491128308443,0.4270345429333685,0.4592174597286864,0.508177856792442,0.2660237522094144,0.3864308483213218,0.3502954216089391,0.2772555255738101
0.147066924933465,0.3669720449176792,0.5000676333509024,0.532013733251651,0.4410441035155115,0.5584884869981861,0.4866752219778095,0.3061348277712414,0.4237353201240746,0.4279128588150164,0.3002283913559255
0.1424735536454808,0.3891849454044897,0.5272020267947147,0.573192752621485,0.4645366511513489,0.5901326560921755,0.377621431068776,0.2806245793724438,0.3265894324230736,0.4146299375897378,0.330314816856197
0.1212514163776972,0.4052353402319982,0.5017605672505502,0.5161627385973483,0.4410415578503422,0.5817984557454974,0.3662111545744451,0.3431152459985129,0.263857842911787,0.350669745092264,0.3526869485831101
0.1508202807267702,0.4038795318268656,0.4751108236073261,0.5469359715889854,0.480102076921771,0.4884298974811366,0.4000474137219717,0.399764948665874,0.3419363302670563,0.3701300014149448,0.3436347042921605
0.1643707207120412,0.4134187488903404,0.4094957051789513,0.5620905992293564,0.5228262514448727,0.5089036783332255,0.4117922623695542,0.3723798422470645,0.2995834303481364,0.4220359924256839,0.2860461652117491
0.1604545758780955,0.3741556178154484,0.4473144845291825,0.5909808908084191,0.443413317750842,0.5376310830719817,0.4247993346623161,0.3572990359678321,0.3652027276971042,0.4591299974030985,0.3113174936526859
-0.0092250100061548,0.3821099609502318,0.3809291633479292,0.5087026159558922,0.4031952128116806,0.4971135678095058,0.4144999289646183,0.326352734604045,0.2117992477517735,0.3158447424525951,0.2193383624045016
0.0745543492789456,0.3674339887133656,0.4201545821896457,0.5777249374961209,0.4536291239194564,0.4259556778631866,0.4334862579078897,0.3415296991036716,0.2345834700567247,0.3127224261024132,0.150599616199114
0.1064856624051219,0.3675503532458269,0.4165962651033226,0.5857101404204497,0.494538415440107,0.5064320259534901,0.4099847111025744,0.3404105193845573,0.223886576947108,0.3910450084085288,0.1866998690879482
0.1280370395512341,0.3788347665797024,0.4371462081557908,0.5242121420901914,0.4418477136703109,0.4987504466163129,0.4128992622442297,0.3777153908157883,0.2141496629358907,0.381644453102635,0.2712660312340504
0.1599000411213778,0.3969614236014915,0.4674768234849169,0.5156678300964262,0.4966753319351215,0.4487409970569164,0.4352810691045216,0.3963154301857232,0.2077659643366789,0.4010544914984991,0.1782519939116714
0.1217692378927423,0.3985954375936871,0.5106921462941345,0.5283341949609968,0.3967602520163727,0.4629640774028398,0.3623886743044838,0.3521760779792944,0.2766489515511595,0.4398719947207468,0.2768126897202039
0.1406888505506312,0.4008883725282179,0.4384578023228556,0.4930901882128099,0.4143284358402789,0.497929829784804,0.3463009392959101,0.3349551619827951,0.305773468050619,0.4296535922715965,0.3070711744185798
0.0432678321543971,0.2731506711725605,0.448376880605919,0.5236366746806604,0.4816941463123533,0.5411355890321323,0.3796224056555582,0.3759462756853925,0.2880492615726504,0.4541395392720919,0.2067297826817382
0.0619046886427883,0.2988414387834474,0.4746444301912037,0.5345916019681473,0.4828917319922288,0.5657473653611126,0.3954238797095196,0.3188778618923678,0.2594604694098946,0.3809351645370377,0.2495589168466498
0.0765921902655933,0.2757567510487221,0.4152138205258788,0.5381640446689153,0.5254063082670205,0.5883924598165832,0.4191798772872696,0.3334002507800616,0.2020824492897245,0.4184839476388562,0.2171211717570569
0.0509338335929611,0.2959252217828434,0.4273302552461301,0.4931803356647856,0.435520205567527,0.5247558137801456,0.414694112315244,0.2024139202834356,0.2590780264805904,0.3186969941794539,0.292585147947821
0.0515634712295071,0.2989219590551882,0.5320970746542231,0.472486216473393,0.5004496965128572,0.5981733901147519,0.4268348722383055,0.2926254402952526,0.2708406118566424,0.3857971950908616,0.2694859731840313
0.0479898459718529,0.312336208456216,0.5632260392016556,0.3465789853438918,0.4130991572451384,0.5356147454110209,0.5003215141345003,0.2920770553184906,0.2562660920195215,0.3503367251335446,0.3083246336881916
0.0614150952306131,0.2491372396470192,0.4534739215803396,0.4288636774932742,0.380345102041047,0.5726430162955223,0.3586689120295656,0.3352895623253935,0.2182209730498735,0.3786463531326416,0.2785744862601829
0.0638766467535956,0.2635931385986543,0.4655178640216223,0.4921691953138377,0.4325329961973903,0.5053904912755334,0.3736151762720558,0.3213592079387806,0.2476220030558525,0.4103378839183179,0.3207559581130654
0.0912568933662164,0.3354025294862521,0.5190565873477495,0.4315359304775953,0.347392668758307,0.5325234710333493,0.3370162256527595,0.3268303845272993,0.2648942849589659,0.3854194738399643,0.3029861888105049
0.0354659651837523,0.371504952439452,0.5468007690691395,0.4090498001397477,0.3123338152191235,0.5322147714766516,0.3945540527013869,0.3048387492226102,0.2041931658717387,0.4202381937906611,0.2699869516282013
0.0506958739559561,0.3009963070112649,0.5513632925905987,0.3647441430467714,0.4138512510682457,0.5081085466488071,0.4036705630967451,0.3160600156960353,0.2344967360592939,0.4229342906649271,0.3005722998333446
0.1256241594875861,0.3235439396288329,0.2693691252070673,0.4026287984188777,0.4641996035762805,0.5134285810713151,0.4336590648468335,0.2826106247526736,0.2607528495058492,0.3548685119734448,0.3345591580159894
0.0259396125011505,0.3337813682579187,0.4764008279837546,0.307564546586015,0.4277564482118155,0.5251280484898428,0.3974774016128611,0.3395183213587281,0.2911247439346216,0.4071882639772864,0.3756030870758963
0.1059395952045687,0.3460650702131845,0.3136740474941495,0.3794987440158536,0.4240725057307096,0.5568594481151605,0.3758807190702576,0.3568927962774735,0.3009420918100021,0.4021428258399548,0.375557003762514
0.0589948196173333,0.3139273611695757,0.4544724829868537,0.3101357743769393,0.4800527795569705,0.4698287582975025,0.3560974111506906,0.3678549030770182,0.2750613496453852,0.402997797780858,0.2865653754069389
0.0451103132407214,0.2813733602070759,0.4553435421943838,0.4821828668029825,0.5034774125944693,0.4300322695421038,0.3735109693714832,0.3693815492305071,0.2504260965644589,0.4176845039731217,0.2563515605477101
0.0803325463576881,0.3639976415387451,0.3810229002949142,0.5109921960288405,0.4652514250617227,0.4520673136248245,0.4287221819526786,0.4207424973617424,0.285404685405745,0.3794635587819286,0.31441060663354
0.0541944157708779,0.3753044469345605,0.5064793244361483,0.3608849198852316,0.4284804716996856,0.5048860010726693,0.4911364143492295,0.1993806519843697,0.3072166339518069,0.4079851636007453,0.2739512645523868
0.0772478292924213,0.3061227598825536,0.5371686910355371,0.3320540183037817,0.4293145782074329,0.5325416219209929,0.4041078327716333,0.3281288068527259,0.3252435763440061,0.3844392382697388,0.2783763772256151
0.115614671108032,0.3199640187020086,0.5205916046746015,0.3129572503818318,0.4660756032787675,0.5074369722120876,0.4658336286712621,0.1919875504490762,0.2119620465345226,0.3702741932619612,0.3025539436804974
0.0995236097723162,0.394548439282929,0.3930271007294876,0.4335282586995237,0.4704115516429938,0.5258210303388936,0.4869433295460758,0.2555448796602468,0.2384591505454366,0.2889605237537471,0.2222504514339576
0.0530062248730367,0.3823306505357268,0.4848326471713231,0.4475185629540394,0.2868313216797236,0.495908942197845,0.3571806185656939,0.329840600020883,0.2533945536943025,0.26801847613319,0.2512586478066048
0.0129243721772693,0.207343130425249,0.4248170733171979,0.4572141490695656,0.3188438433738028,0.5333934980872869,0.4372869592271568,0.2652926108154345,0.2506235217628912,0.269819005355341,0.2713741300964517
0.0507356130688598,0.2501710787221277,0.5158560277896305,0.3129222574891457,0.3400778001623142,0.5052331249032017,0.343099775084623,0.2726025805154899,0.3244053105277488,0.3439590880940433,0.2566851467549274
0.0944560806690378,0.3179791829392487,0.4599597096536899,0.4150825585188731,0.4121245199499683,0.5541086466622773,0.2929683048758557,0.3118446984573869,0.3410930935656093,0.3791916308404599,0.3174125619993274
0.1056693871702514,0.3421409116879673,0.4325251918614102,0.4206925557264834,0.4585554415918274,0.602561439440492,0.3317129892574793,0.3355262294064262,0.2642224870415785,0.3758800247796744,0.2525566999105208
0.1069496951784054,0.3881099530874717,0.5250705277137485,0.4681178491446962,0.4394192187614975,0.6074352926965287,0.3490249147680461,0.3383318777278694,0.269253343766593,0.3670876305844416,0.23425022626927
0.0348082745354367,0.2380449528274577,0.5142988397904908,0.4749097943140519,0.4776137175349595,0.5169208810029433,0.4620057965343843,0.2909500605236885,0.2234435877308595,0.3587286456339127,0.3277984267945182
0.0838849847864755,0.3521392486017597,0.571649490634677,0.3373833968430111,0.3944732379737642,0.4543730867671481,0.5977967118342558,0.2616363284985904,0.3078521765494909,0.3557197941956015,0.3751121643813128
0.0346742411781594,0.4117656299519551,0.3735023426694867,0.4227301098329081,0.4188912710773874,0.4887321243728178,0.5158925893144373,0.3700475897408858,0.3641970888104688,0.3963286246009731,0.2092802570905341
0.0268089395885439,0.3218843481350729,0.4484173562557071,0.2938364113345295,0.3678598251443729,0.5088920408963984,0.4861756674749144,0.2689829681376373,0.1647766434088411,0.4287426381871631,0.2416025617054665
0.0161367472930871,0.4175031479883794,0.5461764002581567,0.3999893080057775,0.4137759908436758,0.4968223022928733,0.4347545835893447,0.2815732074393267,0.2820099030804086,0.3141403350141605,0.2903363923672769
0.044125083702001,0.4051393194256633,0.4561229927147798,0.3765217926189204,0.4422860824503687,0.5053264420385237,0.2785969154145989,0.3845729508108697,0.3573573781385608,0.3972072986964994,0.346678602392025
0.0695169064407166,0.3603557812971716,0.5031975749273309,0.377564413355577,0.4690986294127478,0.5081875712737045,0.3343873214908298,0.3468236867422488,0.2916259217226915,0.4111454787527248,0.2010794916088952
0.1384466910042202,0.3754560619144333,0.4284783152299346,0.4220546199253351,0.4258284470799443,0.538529386098752,0.4657046403541777,0.2824608325847652,0.2454675647108006,0.407971151508285,0.2585781607431573
0.0642048707595867,0.2905033818200895,0.4445899203927711,0.4248037038063936,0.40923755918837,0.4689206581046675,0.3179973999651683,0.2882950237957626,0.2672943835893401,0.4104174021243996,0.358709884444532
0.1051485081992991,0.3468985418645858,0.5336049299524763,0.4560121970719869,0.448675341329262,0.5033636158278194,0.3929427304088769,0.2997214040965844,0.2311168798936288,0.3950484606881439,0.3772324861659637
0.1347155176581049,0.3501296265602058,0.455919227702836,0.4686562583057166,0.4599680562163237,0.534933566402533,0.4066380790814347,0.1744564073234533,0.134994585568501,0.4382387310802466,0.2945406684729095
0.1901071694330975,0.4401644018273152,0.5041227875169276,0.5234761905358358,0.4800715071228578,0.5878001650484224,0.4248305696565114,0.2633863751198433,0.2079082298354339,0.3533021591416544,0.2740144895173019
0.2222070641447174,0.3738204636496085,0.5241793208299952,0.555860516694856,0.4967154545556376,0.4952921206219365,0.4208291492417656,0.3185519883761388,0.2397096491153469,0.4116915590618607,0.2744634148946641
0.0901888657038642,0.3729476692301595,0.5905211945717453,0.4458865020927965,0.4952886848145549,0.5399892245078031,0.4165706359153404,0.3262898856014844,0.2859012219622917,0.41413491372282,0.3010635479547437
0.1455247519901793,0.3786711671710534,0.5549609561946965,0.5124369686602159,0.5055167104113326,0.5538628570222852,0.1665035475564096,0.3443113732199515,0.2969804152790714,0.2841697732348741,0.1896726258906731
0.2145775695159301,0.4069066434653493,0.4552781680318102,0.4365062730887841,0.4807814083281274,0.5453951732133152,0.2056252509890009,0.3712661386754698,0.3314844799897367,0.3219384990498829,0.2408521134013097
0.2681818727756185,0.4639680979098954,0.5418330736010721,0.4785444423645136,0.5074732954119836,0.5488191492272159,0.3497914035625224,0.2929667127853123,0.3650815181200945,0.3265488374313446,0.2540604858535251
0.0865291297775308,0.4572210143227386,0.529313935802236,0.4202909818846552,0.4156120119538526,0.4921615421927414,0.3948582306098159,0.2970955533875322,0.3120298660701011,0.3709054319769119,0.2734261230304611
-0.0058067444616381,0.4669213427302902,0.4710803207512949,0.4246681838077094,0.4729213992871003,0.5069514202594878,0.3455810361823183,0.3263331611355066,0.2244071526270549,0.3715696465346183,0.3267354712953172
0.0531978406623808,0.4597612851689066,0.4819032690717336,0.4892260960335899,0.3928150831802074,0.5461748150412842,0.4407484442233972,0.3117140477006633,0.3271455322498452,0.3850999226356049,0.2911765199252837
0.1169728597820132,0.3366354499767192,0.4448313012001186,0.423880877894154,0.4592245430411635,0.5334581983985643,0.4649337851920546,0.2652715144581583,0.3570100065099642,0.394787456999635,0.2651080804802664
0.1111414520040973,0.3595616560092477,0.4954254288591441,0.4587366636510706,0.4645380108490856,0.5344276384069654,0.4190026764662329,0.2963717498628923,0.3773717658191798,0.4357291381525837,0.3085407797346389
0.15453183560416,0.3543369963244168,0.3724887147502164,0.5232393648191422,0.4979781799948709,0.6238842797759493,0.4919127001444124,0.3094436131513518,0.2921472353923366,0.4188424430859442,0.3308442006746781
-0.0415064964118627,0.230125246817781,0.3227202856466799,0.5386176466471723,0.5295102479949098,0.5070628692489808,0.5043759536312017,0.3559795111332838,0.2807099640207873,0.3870288743167686,0.2164670230984959
0.1015964543484242,0.3527206163952056,0.4979498692257911,0.3655355707790066,0.4408169925435777,0.4989855405842127,0.3900243399599073,0.3040568614169116,0.2795613164177146,0.3304004101926591,0.2260905986857927
