RSY_BPFI_0,RSY_BPFI_1,RSY_BPFI_2,RSY_BPFI_3,RSY_BPFI_4,RSY_BPFI_5,RSY_BPFI_6,RSY_BPFI_7,RSY_BPFI_8,RSY_BPFI_9,RSY_BPFI_10
1.0,1.0,1.0,1.0,1.0,1.0,1.0,1.0,1.0,1.0,1.0
0.3177439806319911,0.8162417979416473,0.562725496432463,0.4696402827295123,0.5757429075094256,0.7138149675891259,0.6209628893950804,0.424446619155192,0.5460170463745914,0.4174170011341199,0.5417407435654782
0.1486766311570166,0.7479162710180839,0.6052884572585601,0.4431636677201336,0.5705098588783516,0.5994854906414795,0.4974887291035029,0.3884967866751481,0.5931269961976376,0.2518294966220153,0.6167374913204542
0.0979105724855306,0.5200453526648342,0.5022808835404324,0.4092676673520049,0.5695875757889928,0.591397926533396,0.5039686359591067,0.3950668236501126,0.4885835417580105,0.3976545645580547,0.665252734122501
0.2036357001396175,0.54927420303791,0.6326898642051716,0.4619526717291453,0.4877305699211641,0.6125040739606843,0.6988306770797645,0.5582476786591698,0.5394583303188799,0.4726653018024096,0.6271628421791354
0.1054047672275957,0.5057004548572872,0.6323623442763718,0.4598658012728223,0.651929810284796,0.7000599762276426,0.5423475147071355,0.4190238125166274,0.4318623323384917,0.3913612645319519,0.5827032461151022
0.024770178244491,0.4697477570050823,0.594348435415236,0.3717639144306915,0.5166237265568777,0.5650660291210443,0.5974805258863644,0.4096922240516132,0.4694022584832156,0.462116316010246,0.5939633784856941
0.1483241521751893,0.4869566100047409,0.6784639480757798,0.4459891564902171,0.5957031055103782,0.5365794898237575,0.569873539593172,0.4510904175632533,0.4450291508222782,0.272707484085715,0.5988459981964863
0.2288958318176746,0.5474658751366459,0.7135249180058127,0.5296917083786639,0.5826478172022821,0.6479120345427276,0.5758590923324441,0.4741408766998582,0.4603557757929286,0.3970081244750628,0.5573949765998443
0.1596922870103083,0.4707327789324051,0.6456179426929726,0.4023225988875284,0.5351116935405384,0.6273637633887869,0.6228718771599148,0.5324018681313074,0.4895591115583144,0.3751891555617272,0.5886112164449053
0.061403085607228,0.637781312961844,0.553222366376734,0.3905992476480411,0.5572918791505838,0.5901609513251734,0.5310104009261642,0.5001239617893187,0.6160888098041909,0.4499888618579822,0.5660378121139459
0.0922074515264842,0.4926489240940203,0.5198837429936112,0.3754554552224713,0.5013291521890254,0.5503172857744254,0.5249442435959845,0.3839615640139445,0.4440785047061975,0.4668092993761572,0.523689644820455
0.1652173914004155,0.5448121053293523,0.5306106324989444,0.4166964187933472,0.5417297052888235,0.5917853067704764,0.5507623577345279,0.3644219014015636,0.4444840943082405,0.4779506915985509,0.5635135613740487
0.1237899925957094,0.587635345446264,0.5661829147783491,0.3763643575841159,0.4794741466260978,0.542861433381232,0.5561770064626355,0.4217501773851613,0.4492917246223929,0.238840500177177,0.5893136422521024
0.045081385897521,0.6109961060817766,0.5749926342034222,0.3807856178365336,0.5381140645309811,0.5655217254277032,0.5192691674039142,0.4108058874217891,0.4204162527191785,0.2738385935391326,0.6417130827088784
0.0196213644364226,0.6073626939451647,0.5296685951452011,0.4092204480679856,0.5614360520073238,0.5816220365533222,0.5650243173345426,0.4463649666741952,0.4407092012364826,0.3345163335475436,0.6464336333868468
0.068771619680985,0.6164741468345991,0.6010731402185061,0.4620354713672304,0.5278219176279964,0.4593185235902424,0.5308519734268964,0.3807911306898632,0.5013645374164335,0.3061861390666089,0.6563286786994449
-0.0297487046906791,0.5259141032288898,0.5818455874427844,0.3593925269941692,0.5495889311031181,0.5386667468168862,0.5520379874151851,0.3194262263507077,0.4910696392084396,0.3838520465704985,0.6211729973274858
0.0368720128282589,0.5648768309134335,0.6053072448106932,0.3662486116488868,0.5262754037985484,0.4977405766582047,0.5361364105246126,0.3691659687708007,0.4415310753344858,0.3947339244297866,0.5989817566466579
0.0845797746418758,0.5691364161181565,0.6379837014495024,0.4249309768226865,0.5473688583770364,0.5090812556316062,0.576431071775761,0.3385281178692926,0.4624040807931017,0.3764421937416354,0.6292202897126109
0.0532938302387063,0.5128206946028544,0.5592064705751796,0.3499098017837269,0.58360723177941,0.5364766861114711,0.472973459181095,0.3834025167247091,0.5218469562718508,0.3851944972847346,0.571819785474973
0.122038257028693,0.5337109896192529,0.6181827897560728,0.3800822090733174,0.4535472449785488,0.5440861183695112,0.4867613506795581,0.4326822667757946,0.4846157331273007,0.322505161024972,0.5387516526044067
0.0768425965149099,0.5980218041507366,0.6399507798282773,0.3592374321235668,0.5439380699986829,0.5419742748112989,0.4468228229554267,0.2774194121633346,0.4866236857690944,0.2232356493801154,0.56125819806474
0.0409057249369315,0.6334991806081582,0.5148239379261846,0.4153325660700787,0.4575966367630358,0.613084458737964,0.508987936420638,0.3732439392223934,0.5051626125043929,0.2797043824909541,0.4645678999619154
0.0511242680633053,0.574652475868086,0.6193139467696134,0.4243076943441093,0.51955367511493,0.59905228293644,0.5455983896892912,0.4018987851532721,0.4809014001706319,0.3599527847266529,0.5352389037505814
0.1506124274332638,0.6054986259356283,0.5572362629542497,0.4526136860455586,0.5493434568136519,0.5702095235681225,0.552065100830825,0.4228550681654112,0.4802593432643817,0.361634084888476,0.5426530473222386
0.1970452688260723,0.468511911281628,0.550688282991591,0.4350503505253185,0.6171848455932015,0.5837365576285884,0.4621109271597144,0.4558586126056421,0.4583925501849726,0.441322928315682,0.5650235960018333
0.1515421247094127,0.5698894687843231,0.6126855768206215,0.4731936408191714,0.6518009791404477,0.4858454145572134,0.5479287539534979,0.4167442043690156,0.471402409123385,0.4135814511777657,0.6139195430534041
0.030554275159264,0.5936016614989758,0.6098964055364863,0.4158830354160036,0.5672614649552642,0.5329633631868719,0.5824661551239882,0.3744166798363311,0.451423367124735,0.3677932757261344,0.5145513382256275
0.0488391153506407,0.5211985603452958,0.6178837819757228,0.4270420270950932,0.5381902246414885,0.489344498023586,0.4815391552505148,0.3826161365516875,0.411052099139892,0.4092004099794916,0.5315741165895205
0.0682702183977203,0.5177627087760888,0.6057504399163464,0.441509241149602,0.5853608161081552,0.5271277896146058,0.5189957748129232,0.4437249709364396,0.5059823168371083,0.2584893692445913,0.5806485554464689
0.1674957706751334,0.6018320771749706,0.5073273106924129,0.4017168924987132,0.5489458147268945,0.5413686803921349,0.4599119780250529,0.4745810415409389,0.5469556488626279,0.3004187613750661,0.5457281911572389
0.0155602878470484,0.4679235769440836,0.5292543245681658,0.4116807493637566,0.4126797156412343,0.5332996007378547,0.4337656307785638,0.4193130186042336,0.485776131767226,0.333297839071468,0.5744252054990509
0.0415653161902875,0.5059531029046621,0.581831011026201,0.4361280413671832,0.4166202269010988,0.5452444920314807,0.4931222793749988,0.4720326722117084,0.4066389402642875,0.3579675220042903,0.5421374548267263
0.1273933595596296,0.5173003851889855,0.5885626705319008,0.3969453460716138,0.4913589431257493,0.5034319724446559,0.558911600629167,0.4234350692397427,0.4461442042764636,0.3585257660127285,0.4874975635184612
0.057823727416977,0.5731251190786985,0.6020511239360447,0.3135319354829823,0.526615866571088,0.5572410406907555,0.5147447614212356,0.4394527350849816,0.4740507608491905,0.1908727613926864,0.5353025945515588
0.0766601431836206,0.6078600779886374,0.550338186356514,0.3426068251466599,0.5470142027842396,0.6001553702596322,0.5400765792097288,0.464295274524958,0.4993645465636136,0.2635773623037894,0.5826273354024699
-0.0545600180691669,0.5708136955093766,0.5927358233365432,0.4239971248906472,0.532350678480006,0.5404348647540292,0.5512294720079638,0.4666011327272298,0.4875932764220905,0.3427496323673806,0.5702333467622436
0.0405085447523244,0.6196574358421345,0.5199810338890257,0.3447840263743528,0.4715648191240391,0.5485023067244919,0.5712761283070065,0.3493235832551227,0.4539537962591246,0.3551484742829253,0.596900199670238
0.058936964557362,0.3980253068500328,0.5016895157582909,0.4094410157292578,0.49112933523663,0.5510555018382621,0.4712212968993856,0.2714280389384291,0.4825951329218351,0.2114834930942931,0.5690355295430284
0.0861991118365415,0.4954665000496907,0.5780364210638815,0.42784704292917,0.417779495139078,0.5459030534947457,0.501169303464369,0.3814154691004453,0.4215840633332989,0.2940460231373182,0.6055517579591263
0.1597010954285549,0.5731445598663168,0.5982943022486132,0.3794912043827763,0.4391220578933393,0.5378367927533753,0.5545366065822854,0.3879178377384997,0.4261015839158814,0.2695672576600408,0.4852331855470815
0.0472196819155415,0.5094168036932992,0.5731855013470526,0.3952551983068171,0.5036497127766713,0.5261408898102726,0.5539970082642174,0.3887006432624766,0.521654236639445,0.3423214280268604,0.5473006031045375
0.0083131665880301,0.580458098464897,0.6058620808453159,0.4285710831485588,0.5178160998728183,0.5771094068957227,0.5604669258116997,0.4044920894847977,0.4648861848301207,0.3674361592626196,0.5572791337253908
0.0523890162270811,0.6042098096117645,0.5361313585208688,0.3693423930651636,0.5563643886234969,0.5689738962603913,0.5747645470004699,0.4868121697328218,0.4681048451464327,0.4243654725038467,0.5549902605009245
0.012606561747139,0.6121507645527994,0.5750577542942095,0.4102728787740155,0.5595267109276099,0.5758869711313703,0.5183588360660337,0.3695216544580235,0.4979318750964846,0.3581362742416342,0.5852495461461946
0.1050025753452429,0.5590678937956293,0.583290917741341,0.313609343844642,0.5022795581981463,0.4316980589852536,0.5395165936011621,0.3837966584674129,0.4848187987280826,0.3911678397630282,0.5860041720277434
0.0463465155189051,0.4787744020078989,0.6011651019106604,0.3871061356855863,0.5481529122405393,0.5566775364116615,0.4332889075601575,0.3994274069888884,0.4949898422904537,0.4076606519409343,0.5973972426211711
0.1059890429623969,0.5323535290805177,0.552026990141828,0.4208348288297592,0.4901169530179907,0.5696810222899431,0.5047604794775394,0.359199994294229,0.4459233113485478,0.4183969792980051,0.6170046762344819
0.1419854041873409,0.6169247232615027,0.58546925028979,0.3490843004675957,0.556125705864291,0.5860312915302411,0.5367918975989017,0.3298573352139687,0.427511207478349,0.3199574216605435,0.6037313617600988
0.1250094592161252,0.5396791550679317,0.5957513874936927,0.3718354886801556,0.5043127122531013,0.523257108250531,0.5334928179324693,0.3756038249870937,0.4350251161189142,0.339064954891749,0.5162721514325032
0.1132572128844517,0.5453993678646487,0.5588624167113874,0.4122985978458656,0.5201903017372083,0.5216146582846191,0.6011385419938061,0.389236277229632,0.4549841261770084,0.3680490779200617,0.5561264066451631
0.1639846146999061,0.5562203668363186,0.5933106842276558,0.3773271835041871,0.5415896873211405,0.5427041783595895,0.4919344601739997,0.4277866944290363,0.4573086648117204,0.3200967227300448,0.5740892623121745
0.1304653304569652,0.5613547064015911,0.5967270354394247,0.381555555213636,0.5612211784637153,0.5082273220218348,0.5393476646319803,0.4164525982088921,0.471122161382614,0.3730743896992824,0.5789597472482483
0.1438123764348696,0.6102268219321495,0.6099176442954259,0.4207026957866806,0.4738063350362653,0.523710521563045,0.556292343251378,0.4235339999932813,0.471596940306592,0.3309945093478284,0.5861600830723981
0.0408102617414371,0.6606215816395771,0.5882744820093998,0.4552623922922449,0.529259802824166,0.5453120527110293,0.5753153439029155,0.382657892179073,0.4898224113915729,0.3597977065513441,0.5701285306525548
0.0919954944415665,0.5691308554157672,0.6151322779613662,0.3156278052444325,0.5123357862589283,0.5232212993602942,0.3698269559010426,0.3864353259418074,0.4842835022768769,0.3799632319523416,0.524940661312993
0.1176993389883318,0.5268743686116585,0.6358292463588626,0.3745602068665069,0.5316214720574285,0.5680118870288503,0.4192580656923041,0.4193740427991673,0.4966689295826039,0.3081452494574548,0.5480643065412889
0.1498840705863005,0.5354395594917851,0.5979544144245711,0.3585165771951533,0.539397630201129,0.4726617183937828,0.4603243099458723,0.3985740697411274,0.4985489748802219,0.3556922083253758,0.5711473785062504
0.141776251450908,0.5959145944624509,0.6567489550056621,0.2636516558605281,0.5460020809638707,0.5568483502578504,0.4860432444517197,0.3798365248364205,0.4240714036301847,0.3376894804798702,0.5337205564768998
0.0356056696899434,0.5677689651569702,0.6479969647644813,0.3320128008319601,0.5505838575931057,0.5821582050378467,0.5308300839918376,0.3825653014569626,0.4096996621115626,0.3505406013421621,0.5841768600818602
0.0177152062044099,0.6132477082810781,0.6527761521632907,0.3861281421470096,0.3713905606139561,0.5533898510328986,0.5313928725453754,0.3932177656196259,0.4809137012105922,0.346017371477903,0.5800162796648807
0.0838224794797288,0.5560755013428944,0.5657221291920267,0.3865357976463244,0.5123347086431168,0.4896235236808651,0.490560553053957,0.3559643662763823,0.4878204277937829,0.302808073049393,0.5525667005220546
0.1093536461224018,0.5805502214847553,0.5696647780048429,0.3397302099365928,0.4708402573544394,0.4970641741338715,0.5023040351352592,0.3832368006625768,0.4894787184163315,0.3918921501567636,0.5308131692439416
0.0751609118468969,0.4887990619713631,0.5715818061308577,0.3483461044928703,0.4849506576918391,0.5224966393623948,0.4926837858312198,0.3310638477919834,0.515590256748658,0.3963812623550568,0.5798023553723277
0.0507818796787516,0.4147495249636207,0.5798704096640446,0.3720713948803906,0.5293970851219807,0.5982282165778524,0.3909968877357369,0.3602254964930393,0.4332814741167996,0.3386490657452103,0.6287151165126104
0.0471161950126,0.4814769446986472,0.5432848271758367,0.4377045629302168,0.5876056655262121,0.4432666664061168,0.4270648742758962,0.3677466807244115,0.5011063145175684,0.4016134641321941,0.502163851720308
0.0226719310889991,0.5080360711526151,0.590486818461621,0.4074185416233654,0.4489409510057143,0.5137765886834718,0.5057651160785623,0.3774746749825427,0.5409959711452774,0.3496343828854466,0.5311745824268711
-0.0162402070502886,0.5532554595959811,0.6045332513762658,0.3788263502315505,0.4942899108985078,0.5248613393443051,0.4964787181239469,0.394871111230637,0.4718473199089529,0.3960117911562305,0.551380004001676
-0.0521411701898385,0.4838013094541886,0.6159807728025456,0.4113072773814049,0.5276481528452365,0.4676280956629935,0.535614518261018,0.2487803724706289,0.4351949306518776,0.4163549509114853,0.5863027075181799
0.0219478479365583,0.5320891458585828,0.5492216315378559,0.3783737715023247,0.5935558700843009,0.4994145677805525,0.5635106570263797,0.2979990470415743,0.4532452011569825,0.4197507182931776,0.5913122223556772
-0.0121361499930576,0.4499418601438397,0.592529414223306,0.3904096387780005,0.5056888486696594,0.4997463350728658,0.483596714560203,0.3918133053598686,0.4686340284378306,0.4056553237894706,0.6386613570165942
0.0601441907857147,0.4978331757217183,0.5770635345038942,0.4010188573514611,0.4414678783279584,0.4749904729875494,0.5231488526520559,0.4252384901199325,0.4735872324241954,0.3985550277518611,0.5944808164551797
0.0772011718110212,0.4524230735544751,0.5806940589698946,0.4124745884278238,0.5031031034400342,0.4858423148418157,0.5084801567854831,0.442512275085959,0.3592826241658427,0.3531014214052637,0.5480612029481691
-0.0021595607576722,0.4940551313672998,0.5897827751412988,0.3360171317512483,0.5344702151749672,0.4646382471227702,0.5093675500172477,0.4905473501356829,0.4318686423595048,0.3721536801664491,0.5903949403824724
0.0504710013367243,0.5511660734696828,0.6423811704954342,0.3757877020151597,0.4829723316770998,0.4764650622276655,0.5585372948574949,0.380083891928168,0.4399431413739196,0.3581931200646546,0.5925810716900695
0.0509695323121098,0.4859574374707384,0.6179780518843443,0.4139066769323336,0.5212955584463784,0.4827771895564211,0.5703121635329839,0.3912391707561289,0.4742676385906477,0.3394840167744268,0.6273894668342082
0.1132044717014638,0.5312786888504766,0.6021207702791681,0.431387113500503,0.533560383393788,0.4949345675431469,0.6002430507613812,0.4122443546921031,0.4917996433344301,0.4254540770041133,0.5476763598108492
0.0546364899207764,0.5119464535227078,0.6155017579169069,0.4450637428312942,0.5622848214768048,0.4733624045752235,0.4211517383673845,0.4430137516223138,0.32478782096639,0.388272832450359,0.5687088081513614
-0.0163760835264353,0.4938335648356787,0.5766749069427476,0.342968083884952,0.5111016835962029,0.4882249567476547,0.4528377983388757,0.3182416632903785,0.3899600716155511,0.3784648882480026,0.5426740739413346
0.0142818967053054,0.5062577342370842,0.6287841558038891,0.3190998380792619,0.5346025001752359,0.5034925296268807,0.487184009286745,0.4579831958820594,0.421919562557365,0.3601167218365225,0.5507966005318383
0.0296623900847757,0.4564258990415143,0.5929225982560725,0.3202970698108022,0.5372123398930508,0.531109409653657,0.5248713375933121,0.400716973017767,0.4368664854557511,0.4349267250924333,0.576330226756521
0.0793328036071384,0.5293611952865145,0.6144965549306436,0.3219429427414596,0.4514044936455493,0.6140175766933641,0.4633547915558502,0.4221229797461651,0.445308506244693,0.2562570016260426,0.5236095218514111
0.088348344993538,0.4211432901240145,0.5606485895418428,0.3405270859199744,0.4823359468759977,0.5724671986288411,0.3785664514436466,0.42984559048288,0.4311016763689323,0.3262789927289624,0.5291088374610133
0.1046833697613508,0.4921675189862414,0.5797687799436668,0.3546061321539084,0.4066507656732899,0.5294986517653798,0.4483131031393215,0.3630003523837513,0.4411711456959661,0.3435490666711572,0.5499785812185803
0.0877857539497628,0.4803706867688115,0.5923535840332983,0.3193302591078969,0.4726332506569426,0.5201514481053621,0.4907789420252633,0.3828136011292992,0.4459020142709186,0.3655320473435676,0.612957560126989
0.1072490574583928,0.4895237986098115,0.6226229378487524,0.392075766846593,0.5322936107065939,0.5128493364817264,0.532438256463808,0.3757178161505434,0.4525362981175419,0.41316623095189,0.5667879455053694
0.0810290906895771,0.5160764541037068,0.5651897995783834,0.3155857595327893,0.5015458511567256,0.453981215920085,0.4899711858023835,0.3856963026388066,0.3983162910952315,0.385175533756707,0.6330699350336291
0.0791804449164624,0.4941361031772823,0.6202250127033483,0.3952323144423365,0.5205934173420124,0.4175072706764507,0.4619120299826584,0.3955630566571886,0.4082026974420426,0.3982909311248609,0.5594724763615152
0.0734868777313755,0.5131011834504434,0.5583393794562878,0.3910617768194567,0.4239870753464307,0.473780908479007,0.497222875337833,0.4128616533064296,0.4435803659732789,0.4017871849777597,0.5932782764045154
0.1010960841926404,0.5168591516420713,0.5530873478039374,0.4735471812716428,0.4607554099693517,0.4819567043200717,0.5232948428686618,0.4130478846934206,0.4692642531260814,0.3696756567150813,0.5075493946888184
0.1260938030091662,0.4891011091500233,0.57413593753821,0.419699440684076,0.4203513258680402,0.4801806769776687,0.5849932537164351,0.2569146445564425,0.4284908019435338,0.4060087665026121,0.579677849080372
0.0094614812351904,0.477766917520438,0.5827521894134793,0.4285711694994727,0.4885438507804757,0.4237671528698997,0.4996659866613649,0.3458741168489008,0.4796088136903966,0.3689628537888455,0.5940432153082964
0.0767338529331649,0.5604245177533103,0.540087659160664,0.3725107108561339,0.4269570291911771,0.4489220395830756,0.5040003125620394,0.3900694663867823,0.3942459619536394,0.3748874076655212,0.604857502988824
0.0855594802311833,0.4700731900023307,0.5454734198963961,0.4029783848310133,0.5458662577147809,0.4573686594543049,0.4414160514347224,0.3994514556473939,0.4250861545095934,0.4148275830154636,0.6499417367442788
0.0664445123682318,0.5265347137097898,0.609663310746974,0.4255454303289406,0.582694740854385,0.5073159164741189,0.4499945728376952,0.342506859047081,0.3873734268297066,0.4505010595356991,0.5728621647357305
0.1233206289246891,0.5707276108862024,0.6184870912980502,0.4600405601772139,0.5105306732900268,0.5393697045547912,0.4777861869109802,0.3543975714427669,0.3944637020217156,0.4497320123967514,0.6036785618939484
0.1402280191201049,0.5721118095115079,0.6327324220024155,0.3172706790408829,0.511443903526617,0.5469122384008251,0.4712922604911225,0.3715147614545492,0.3793836480424102,0.3921656498131654,0.6174977817073992
0.074792681631434,0.5630752959944859,0.6534416091714426,0.3486075206996613,0.521489443121071,0.4445003791873392,0.5286301334231926,0.3735079774921964,0.4841742599719737,0.3712368156021141,0.5918878685655816
0.0852080574430922,0.4753633105523716,0.6236964088864291,0.3785913844688368,0.5765897997733959,0.399646372364867,0.4590888785525134,0.3491933668730761,0.3908177152636459,0.3604099122180856,0.536193250074279
0.0997664497246263,0.4799249408568343,0.6361230042901214,0.3824160801302148,0.4970496152607083,0.4321494746186167,0.4630436741421966,0.3735025846983125,0.4902673549752309,0.2920558942325614,0.6252093929531467
0.0553746515061318,0.4592904584073095,0.65861834060296,0.3892510242444578,0.4820165132821711,0.4704910398911311,0.4598991345708648,0.3640241376932722,0.436253329002339,0.3544437800789272,0.6260241491788083
0.0608919837970036,0.504940494895419,0.6506825990322901,0.4394455215649526,0.5014422592203832,0.4866629475561799,0.5049462745797575,0.4301361750076468,0.4522620765706368,0.4022989365985514,0.6462238699965575
0.0819481450654246,0.5276398198434564,0.6242952577432359,0.3155558364833773,0.5373978860554076,0.3436815642510365,0.5603594044869555,0.419126659906527,0.5066332671652194,0.4159642800418992,0.5356184345861986
0.1117173381444452,0.4356620071514979,0.6463214363927121,0.3127198138320564,0.5129612284714286,0.4180366903863385,0.5481675550458663,0.4305452531071548,0.4976922643993861,0.302600594510241,0.5716987270089453
0.1440674384290156,0.4731056629280286,0.6769165967135311,0.3393650336123494,0.5260206039446704,0.4383180159869473,0.5936497594194573,0.4397775668326412,0.4827524572806217,0.3114120803060679,0.5431588393192404
0.1410324579636603,0.5557731307709841,0.6200553861447592,0.3642819774298345,0.5108357662007678,0.5075497541433647,0.5556908788891265,0.4652364610373334,0.5364205055414166,0.3295188945077629,0.5753509391642488
-0.062794960158784,0.5812975345585829,0.5961404521620055,0.3719138566713496,0.5113326971191889,0.4710631588822896,0.5302970287146846,0.4027224894666408,0.4682666553436125,0.3690425437262428,0.6221652845916741
0.0113272542092117,0.4797853522355164,0.6202379051428548,0.3946118130865718,0.4642254220612135,0.5208111202592902,0.4223524897022164,0.4538529511109241,0.4702409965405368,0.4037311811348106,0.5573142767375222
0.0475115938562254,0.5366341747717603,0.6336552264201568,0.3821978232063213,0.4810630025140733,0.5552872590318472,0.4851180830097452,0.4292437427243813,0.4466273067017452,0.4145339574113185,0.5644925631430409
0.0533198229891775,0.5128600610724936,0.5838562245523712,0.3953480380436143,0.5236300574224948,0.4992355811788889,0.5272182271532135,0.3441425504143747,0.4767670519217727,0.3498706497384852,0.5506294047522995
-0.0428830272613836,0.4932838606222587,0.5906094750331377,0.256555962079339,0.5567676053535717,0.5340894259424245,0.3483744511486855,0.4195301808202634,0.4353651878099855,0.353090229102777,0.5709340283965985
0.0245842665136932,0.5166188494267665,0.6544212643113992,0.4045953460437565,0.5779949538333355,0.5761723817222781,0.4589189524826444,0.4371150029646242,0.4247824199423582,0.3670411779102414,0.6037956330008181
0.0676488659696003,0.5460119545671251,0.6521096966493755,0.40756091552863,0.4503816703714446,0.4294065279769468,0.5335816987909343,0.3940734017678774,0.4732981673122466,0.4082864514891604,0.6074749370764024
0.082202072203775,0.4632676869716698,0.5495326923399719,0.3575482578993177,0.4689876536728476,0.5045423114590141,0.5242399919222497,0.3583328079073684,0.4139872282157258,0.4375925965348296,0.5045363065366989
0.0455267099191527,0.4659582412811223,0.5676130615524395,0.3740775406737984,0.505514929352801,0.5062415933761325,0.4056568584902383,0.3880584948058792,0.4180145344664935,0.3539560206614671,0.5375037449917337
0.0340780235519231,0.5263752478996819,0.5178406994179799,0.4107000042588567,0.5644473269001964,0.5346422912885798,0.4733186465062636,0.411059763494653,0.4262702517530541,0.4064408052557011,0.5688608570562299
0.0619047519060908,0.5356378662593582,0.5945095875502244,0.3560447030639408,0.6162321534538766,0.5880336408883275,0.4880293570830195,0.4544561275929943,0.4259417880770152,0.3197293471314408,0.5952909691848023
0.0531497060880936,0.462558564720302,0.609437020972627,0.3266230908115721,0.4607782017555958,0.5929645225461783,0.5656918043426076,0.3535585796984322,0.4053216449427195,0.341870011732465,0.6262495371299969
-0.0152437421082727,0.4943241486598299,0.6312168350485627,0.3496737908720614,0.5232627425498015,0.5673986754402381,0.5156451926489052,0.3822217147426675,0.3957911382561205,0.3532860503061456,0.662359175111884
0.063304845310274,0.5438476983970719,0.6013387133447771,0.2006153289178076,0.490989276372485,0.4658556440972494,0.5626883308519327,0.3845400753160208,0.4541052246113419,0.4114334025291504,0.5821744717017456
0.0440932061371735,0.5460314566213627,0.6203571298436714,0.2729612643772252,0.5061304464911506,0.4973396934850104,0.5175427302538808,0.4118692625341913,0.4642093650647061,0.454471143444014,0.5923871309897796
0.0663906691491842,0.5519719777458835,0.584475688199946,0.3858186818640007,0.5662597966206143,0.4686863953743976,0.5262921482275071,0.3606269958988536,0.4860350948264323,0.3149971434341628,0.6079281618195088
-0.0358313860451996,0.4838380331279443,0.6031085539148955,0.4033160599646386,0.5712667447296886,0.5226446100595952,0.5682052327233492,0.4598090141564303,0.4882483630144759,0.3653776555639774,0.611852953151533
0.0395506824626322,0.5227668352696898,0.6719976534482647,0.3425619628310798,0.5403166307687147,0.440509794183374,0.4926086050835785,0.4596191936481086,0.3917668884689657,0.3790200813862582,0.6344027328423927
0.0195261362337259,0.5291231172880957,0.6471996077256793,0.3761871973358943,0.5653494494227667,0.4935186155195629,0.497293553383235,0.3357770478100081,0.4377424126121702,0.3909855987535422,0.472036334123052
-0.0329279355962422,0.5455722296761731,0.6271569840059855,0.3912887495481932,0.52135139908176,0.5364000091305284,0.5542213675056515,0.3503058188928818,0.4437447976385124,0.3175314230968453,0.5512813855672248
-0.020155281296994,0.5536220613890448,0.6279349596297633,0.3942362988376879,0.5459539467518373,0.4927410771349729,0.5289749552265959,0.3918737131111455,0.4506623003443277,0.3413630222619014,0.593906488395785
0.0184926347722557,0.5054005859869187,0.6640924696551471,0.4072489756697056,0.531656810508742,0.5065406756193794,0.5320116045606182,0.3936395626255008,0.4899995236330309,0.2881307622030249,0.5088460935387259
0.0680602765710908,0.5363719466211359,0.5014672447045059,0.317032226234599,0.4948487145385194,0.5142879094958879,0.543006307266412,0.4312141753230913,0.4439686063605249,0.3507565437763004,0.5279585971964225
0.0271740466521662,0.589383200087478,0.5644762716299386,0.3602694042286748,0.5472905502531167,0.5459496803341874,0.5657957844299911,0.4534449239567845,0.4859345103840646,0.3903334185189235,0.6086029923717317
-0.0644891692872784,0.4934290505970872,0.5776842449703321,0.3845226042689904,0.4838200658867059,0.484521883692941,0.5841470813988052,0.4957099668911719,0.503777409664643,0.4207493174591082,0.5941662855657376
0.0288839378366844,0.4853217597219458,0.5051247265263487,0.39204965220073,0.5248307789116506,0.5679238796358281,0.5780421908197303,0.4742503947918998,0.5222081827146963,0.3978710371362529,0.60559190105018
0.0455764937786761,0.51348589553403,0.5542199026745374,0.3751622949131769,0.3943471451375445,0.5493191614053018,0.4168340906117068,0.4417207326817732,0.5216457994012871,0.35343787175912,0.5487194981996268
0.0190904157431171,0.565257910301646,0.5775771538499798,0.3700449954485992,0.4874425127776601,0.4920658263986723,0.4191895072890985,0.3236605579974844,0.5187612650345865,0.3755887058356909,0.5810934419880778
0.0724081402799562,0.5918002576505468,0.572942959508179,0.3725572176197397,0.5298965126262096,0.5271890712840863,0.4489661605452905,0.3809928812739148,0.4629963027844851,0.3514055568196478,0.5904686701773166
0.1077678153262643,0.540235375918515,0.5765078877743395,0.4114304633419282,0.5125680110321279,0.5488754356397358,0.5234844705984258,0.4163332908867039,0.473475831818126,0.3239783670931948,0.5369550586654159
0.074207638943298,0.5221327020898525,0.6055231521522642,0.4253103505695942,0.5499253613455827,0.5176978851264169,0.5036977697713062,0.4458420041514115,0.4811616502064131,0.3606429028916593,0.5860292366116104
0.0906862956864468,0.3986342682484601,0.5199289803169784,0.3747985304447869,0.4740169193143772,0.5479217233399813,0.4850007590491619,0.4337609096965289,0.3494467827016944,0.3857246820649287,0.5761353664438613
0.0894654896990793,0.4512727218238705,0.5774426996546393,0.2686183501878834,0.5219056079245211,0.3883339601701131,0.4849697910446202,0.3762272855552825,0.4198034582205761,0.3160461139055424,0.60945791929943
-0.0528828567340942,0.4934557487413621,0.6449823581560334,0.3376459776284436,0.531596709403934,0.4937404112979125,0.4988349572172287,0.4004254859771154,0.4587494196291691,0.3764296961967707,0.6573220412043019
0.0346005672653954,0.5098449017190193,0.6286792747197626,0.4426491673622386,0.5432802757115005,0.5223801933037404,0.5042498213894009,0.3434537951781807,0.4614609508452005,0.4244682627856414,0.6042146981211483
0.1229123417851138,0.4905020816776698,0.5998752204588064,0.471406665040357,0.4331747770037029,0.4833403029762255,0.537690260026765,0.3827135978348284,0.4645095119341794,0.3832803754154021,0.6353845444324095
0.0810329937139415,0.5499284988825295,0.6478290583229755,0.4076384270845513,0.4745152112008592,0.5602927139712414,0.4687472161531866,0.3844801497773262,0.4356466007237869,0.4539580981864858,0.644843460653107
0.0534584756850747,0.552817073746886,0.6630454787961084,0.3467339677549966,0.5577234723091704,0.5718191263790832,0.4933467349053962,0.3909654550775082,0.4642444522553318,0.401778709008654,0.5769251595103783
0.0340860031481313,0.5550048063438371,0.6251612676278739,0.3582142523338492,0.4633080397077401,0.6206099276132651,0.5406829426519558,0.4077982247161658,0.3441919513444261,0.3824071194967203,0.546084505752905
0.0421098892937457,0.5289469372727326,0.6118285138138546,0.3269106206958555,0.5195869324183316,0.5646666304849154,0.5567722514857152,0.4590722360465029,0.3704136921397355,0.3599055369466423,0.5785132619707369
0.0432719854695466,0.5003529902019743,0.6284421595463354,0.276849263328174,0.5199844983437063,0.5789101361801713,0.500580070966552,0.2993522220869043,0.403609574763619,0.2645230002897931,0.5716548426215446
0.0598003455875342,0.5499571910351126,0.5815354892125555,0.3399275006784119,0.5485500160225725,0.3731319046685276,0.4428157172084234,0.4424348312629553,0.4480912307635429,0.3953317631632895,0.5838327303555667
-0.0042415979911323,0.4784485237558477,0.5964204849949862,0.3557283505583453,0.5920002712069419,0.4363400584208736,0.4938767702757515,0.404091793024549,0.4751114836749975,0.4029151036218136,0.5203896431022402
0.0375064954653047,0.4962264258239996,0.6265144475752705,0.35674890913328,0.4815791510865069,0.5206859731777558,0.530436191634171,0.4428962658628654,0.5012851366773824,0.3462210234717696,0.5234348891470313
-0.0002173567713989,0.5632154812084147,0.5673682782596053,0.4298561868994097,0.5000510882022133,0.4862980324427128,0.4847500077102804,0.3867979701059207,0.5242293690190325,0.3535826756041498,0.5467002989502779
0.0887184921796899,0.5808563272384162,0.6204152753981108,0.3466269337580472,0.404744802317168,0.5503394818563687,0.5203296684290041,0.3546483664620594,0.5011817211284264,0.3860102709564228,0.5757100187546931
0.1056406127000276,0.5233132891680882,0.6330987757709762,0.3724528163208009,0.4410931115415435,0.4786547322174073,0.5415085612418857,0.4648314998432169,0.4066554734843874,0.4029457360517028,0.5148927542540516
0.086148106931596,0.5601711714700666,0.5500870353215165,0.3061222073068504,0.4728868212612142,0.509351060166783,0.5572343404703441,0.4051885762929466,0.4215198973599277,0.4222189631112808,0.5355596317960879
0.1021797449185345,0.5678841365439378,0.5562895654220457,0.3095613971989217,0.5144027998267056,0.4318074631136447,0.5894856066116025,0.3773640513447051,0.4385980886767944,0.4148227979572981,0.5792727768594463
0.0193506591193468,0.5011366414931364,0.5875453047017596,0.3425781974093422,0.5196291679005637,0.5016891507621142,0.5791518061430938,0.3584787885068399,0.4628634667202013,0.4354612524433446,0.5193400099170682
0.0485234738048147,0.4964493407936262,0.6017423484441873,0.321321304120595,0.5012037675241389,0.5258429440398982,0.5362360849454794,0.3615653258243615,0.4680117729621701,0.2765012338341832,0.5963792126220138
0.0699661931829439,0.480171589685538,0.6039462894774998,0.3507639456532501,0.5158937230606654,0.5561592869082945,0.4451281066984021,0.3713086992756662,0.4876024095111427,0.3890894398497443,0.5399989554939688
0.0553888723285319,0.5495648335032797,0.6049488314593476,0.2872463807645178,0.5364346837928979,0.56007510584139,0.544698480966405,0.3641549748400138,0.4663970985422928,0.3009986898929481,0.5731744994928609
0.0029958214097765,0.4009978662010854,0.5657076972720264,0.3384121638508429,0.5754862029101313,0.5528378392968563,0.4456329406426088,0.4273336405315727,0.4726263412061103,0.3029663053092982,0.5756896974738719
0.0529681104583775,0.4492139791070757,0.581202814157932,0.2365025203438553,0.5644584657086902,0.5244258124028448,0.5065325005152786,0.4350649848394184,0.4276772973659183,0.3886962956829175,0.5465167674558667
0.0741012778249046,0.5274052150786122,0.6180639346680482,0.2940998477277787,0.522498211888304,0.5713991407918269,0.5313366996902202,0.3254402189392146,0.34639451504987,0.4050374408482431,0.5508761694722135
0.0983171499574998,0.4902090355120592,0.6030578720029351,0.3614769938618752,0.5448377574508486,0.5773490247881587,0.5097404415226717,0.3436877543038926,0.3892445873619567,0.2866830187743672,0.5189906286217724
-0.0303494559656425,0.5195219767919741,0.6184439521156726,0.3982936017314082,0.5864794940085467,0.3940106610464187,0.4636307956373467,0.3822834727624025,0.4728626235959033,0.3680849616123121,0.5027237103007803
-0.0329442699040034,0.4835369424725092,0.619004681125375,0.3487404328818782,0.4757194093909565,0.4688971318803533,0.513735658918992,0.4152568213119599,0.4903616864408281,0.3771767421479911,0.5411115692194746
0.0102358625839156,0.5211606608622216,0.6229872831373264,0.3114021290671485,0.5019710452803121,0.5249174460837522,0.5453837701406867,0.4167021449755156,0.5050951825033803,0.3815348770559201,0.5663100902433997
0.0594875828004803,0.5352080363779517,0.6235803768440042,0.3818298338046394,0.4906007452374388,0.4180471402969492,0.4766027733876971,0.4210792496747167,0.4006777786587578,0.3595498230596006,0.5765616320185751
0.1391155365498119,0.5299672304954061,0.6546036332569373,0.3430008442955504,0.4996879932102155,0.4694823489105955,0.5237793891192655,0.2430627276276699,0.4665466633620103,0.2765096295620023,0.6096749875785028
0.148920091208429,0.4805550295059684,0.6710591934977018,0.3415049285064663,0.4430341800911017,0.5166976152414993,0.4871523513741854,0.3468139784785571,0.4393000255326336,0.347642171688176,0.5831164163651847
0.0934060371459823,0.4709286354675862,0.6031756639294837,0.3646565066650223,0.5174537709975634,0.5273336034345736,0.4941091984756349,0.380007561177097,0.4084673942252371,0.3868291803107203,0.5970271647587496
0.1227590317494957,0.5424026140370425,0.6299363022706476,0.4336998830292025,0.5558260384893834,0.472344726724818,0.5139314902079406,0.3387370639682946,0.417845541556991,0.3085849005020056,0.6292929916611057
0.0903653919192819,0.5491836629060844,0.5567073506093828,0.3964393851021617,0.4723559207003389,0.4946411902148064,0.5646804226934452,0.4162253097601469,0.4469785603663455,0.3020619548111714,0.5020435395402641
0.048934995250641,0.5124971720194842,0.5477349177402845,0.3908198503477262,0.555054902308411,0.5259412843956175,0.5516538577785937,0.4168549962129158,0.4939814025300549,0.354163195750047,0.5242370376937091
-0.0562986198327981,0.4898945307422099,0.5632499145250183,0.3920584649107831,0.4020435236975162,0.5190540596066879,0.5610012836531997,0.4772995150788042,0.4941165128626351,0.4047964845701427,0.5477983911321842
-0.0078859389520498,0.5370113653402295,0.6164408409982638,0.4344989073879018,0.4422845061699385,0.5007488672418938,0.5544191868483129,0.465908773613979,0.5387737715347217,0.4341725922640793,0.4836381375631554
0.0636709841923324,0.5418443103294798,0.6272249220920341,0.4252361586368088,0.4728490793969825,0.5696748786028951,0.3797121848875114,0.4261062939795565,0.5228868054193018,0.4016462539242886,0.5011742283094623
0.0411130957635083,0.433296162810738,0.5934605604040828,0.346904701300604,0.5320839231587373,0.5509576606072438,0.4210932327506925,0.4666189079913486,0.408594433359005,0.4348327629089681,0.5605720561138938
0.0356292897117455,0.4437456252165535,0.6246275398655114,0.3768475014818987,0.451156770497205,0.5480028896558428,0.5320056573057552,0.3655803337581292,0.4487360784211088,0.4042224886880388,0.5930293763816619
0.0502693751308786,0.4485750328914399,0.6105546680664853,0.4111102413070754,0.5179027608232206,0.576262875486681,0.4474854648147102,0.403148126624745,0.4499836174789279,0.3359264380936955,0.6106632266014606
0.0420004372205127,0.4613527523938032,0.5646168129953821,0.3171555559332151,0.5549348283252484,0.4935004526045765,0.4932449235943414,0.4317078094927222,0.3992070477624256,0.4071234570695262,0.6030373196325098
0.059035529910214,0.5031635056150704,0.5828218281173692,0.3253334989260465,0.4560823470317989,0.5100325880906653,0.5180969039064598,0.3949055281659724,0.4490045782241259,0.410255436307804,0.6252542909161416
0.021844298079551,0.4164756458381914,0.6067364430157687,0.3354496436847631,0.4957232115591071,0.5012688395746934,0.4583275171205936,0.4334984344069142,0.5152446461605182,0.4501564820708713,0.5713203205106361
0.0718298784606032,0.448812600981017,0.5544581462026864,0.3940193852601713,0.5418364465755643,0.5158355162813155,0.516148608504627,0.4262292584288255,0.434267898556436,0.3276737491670756,0.5887832757631717
0.0752272162497774,0.4645756912001691,0.5738368989369842,0.4096911526707438,0.5200215641800494,0.5018445879243713,0.514069631676501,0.431441961990699,0.4105763414968846,0.357325134871619,0.6278580318279784
0.028158421490106,0.50813293338616,0.5821682936597474,0.3944813086543592,0.4667981693545565,0.4489198419820926,0.5277762199127907,0.4133370702511785,0.3990128384291503,0.3790694059119758,0.6691358899268509
0.0558040116626961,0.5240093784058706,0.5789055640952704,0.3059918775236145,0.5054408203160969,0.4899460553404232,0.5509849394233949,0.417426282221677,0.4833098422229089,0.3847907156029543,0.5464264708428289
0.1035581529345562,0.4819679887971694,0.5866531728847553,0.3792607913917898,0.5264321776582883,0.5254932006370253,0.5871289075642621,0.4579130188659598,0.4999885527606146,0.3990130841893962,0.5231306332137521
0.1073518854258346,0.513985546969457,0.6188039905883612,0.4017718040962027,0.5634908974905741,0.4457729583137902,0.5639378496382688,0.3539794333462689,0.3760754893322114,0.3757512400224541,0.5870448669674135
0.0869736908673788,0.5767947138179212,0.652490554089499,0.4296469135330459,0.5818802813467592,0.4818309866352174,0.5561793067160609,0.4103825706683935,0.4350415448227094,0.3995748448733999,0.5957169261408073
0.1018687684411604,0.5389025417292558,0.5957033358593279,0.3282610809319695,0.3972105625222988,0.466346208379604,0.6027132518881271,0.3727312424814241,0.4539580527436462,0.4043980811365848,0.5579286025594319
0.1086806817586105,0.5491235960467566,0.6026259369274857,0.3418069222866804,0.4318271141786814,0.4840571363924422,0.6002946968196865,0.411765242080628,0.4675641738779984,0.3927443766896836,0.6192013837669367
0.131064388723018,0.5889258068544305,0.5855503118400033,0.3091253024395496,0.4439901239636468,0.4995504027032967,0.5208748523911892,0.4466692316417944,0.3607403961054179,0.3133566563939375,0.6101277941986698
0.0845230016265846,0.54169006254379,0.5828288320402625,0.2356071823069658,0.4818233516704898,0.5052688337730928,0.5347959926340735,0.4332058117574758,0.3959072095213462,0.4056721121672392,0.6188631996064935
0.1337827838589353,0.5517895786033634,0.6263926176788617,0.2144946622253949,0.4076090673453857,0.5514943133485455,0.471024009068362,0.3789455828522813,0.4141620609470657,0.3697707586568429,0.6213236419939918
0.1316260671961135,0.4847933925777948,0.5906068622254573,0.3249652282146463,0.4794300890729477,0.5588526964926936,0.4931888914132032,0.4303364064597521,0.4679617974605971,0.3588215590027725,0.5290618747879792
0.0959753992443178,0.5106996830404944,0.6204850323998877,0.3379267766994993,0.5220553738696921,0.4975827456427501,0.5175988032243,0.4032210029554809,0.4814598880899479,0.4007840153227928,0.5643233926832423
0.0204277565413276,0.4083271686512629,0.5510114828584618,0.4251807627703397,0.4406088142679429,0.5304551026596558,0.548577810912652,0.4262567048722687,0.493954443063298,0.4114607940652367,0.6402991555897892
0.0619808236762204,0.4722986781559276,0.5893275898218439,0.2815409157205384,0.5124960901178718,0.5417819986831036,0.5290577925776812,0.3569346913960904,0.4978913899407166,0.4161622535857831,0.5831327390929933
0.057154848064007,0.551586880752716,0.6274485803383707,0.3606144836281971,0.4627110356822606,0.5504907941040293,0.5665445978409316,0.3693783445651022,0.4808832651325358,0.3733184526873162,0.6128637730200774
0.0164771817284665,0.5747592626362332,0.6140084023001223,0.3684972170335601,0.4724044115310347,0.5281086948176896,0.4792971603447842,0.4194214065811398,0.5410892313020903,0.4129496017801201,0.5614852311156592
0.013339819307318,0.4639510377636625,0.6493463118708581,0.2645782706612981,0.517467285154451,0.5559998853844474,0.519585525155281,0.3663807664972502,0.5273034156393877,0.3191272515551541,0.4868632106285227
0.0950488930289766,0.4908641593782191,0.5619492930838315,0.3527477360486347,0.4610120673419444,0.5450923554715804,0.5901458080104023,0.4314841821711563,0.4308186077034402,0.3802504849466081,0.5455224191809153
0.0211331754699,0.5087677298753746,0.5734926797391258,0.3976425640710302,0.4733065202118084,0.5560983088783666,0.621055308534238,0.4098088271519303,0.4673765198276431,0.3882335286913591,0.5714910054305442
0.0201774535231257,0.4120958176112752,0.6015437092598005,0.3863918470321607,0.3617684633397965,0.5634847099539003,0.5761909896271731,0.4240161801464032,0.4467229202556998,0.4130843237653339,0.6115042729374192
0.0214100994247775,0.4474144768747104,0.6038298441397434,0.3424842113151998,0.4568515085953016,0.4573285974529052,0.5789448058597145,0.3003867679633002,0.3944716850594046,0.4166487274149923,0.6505041335531516
0.0525677825735337,0.457711531634109,0.5007649650680245,0.3791342151684556,0.4787348593460578,0.4747085496415062,0.4817436521905886,0.3432423324617063,0.5141585246162352,0.3773271254290481,0.6547536670469657
0.0997032343609965,0.4429790443790142,0.5761013566809725,0.251979922867212,0.4444568072422958,0.4572986615229626,0.514779017477864,0.3758588799928688,0.3568849196359676,0.4198372608987418,0.6685401090919749
0.1383355528952196,0.4543027340396974,0.5851750704299838,0.3018040598583426,0.5663789356421078,0.4523463291739761,0.5500290312757447,0.3955552058568751,0.4501700666202248,0.3679622063217002,0.5700093782490494
0.1041026058802034,0.4820673999966045,0.6245013626537324,0.3498555567787679,0.5739376815503978,0.4646726299529471,0.5324748860358801,0.4394270864000762,0.4639122741375495,0.4499985554107044,0.5737519966742519
-0.0308308287370406,0.4944929966253567,0.5209919774047136,0.2895536236972271,0.4229130926589419,0.4502970298792209,0.480130895543193,0.2820859006532062,0.5162280094374627,0.3774543195793609,0.5560900076236921
0.0628081788934702,0.495125893507525,0.5182434959663648,0.3461566847037058,0.4536332084463718,0.4743230045267553,0.5437075418594544,0.3435305063598772,0.521537915934976,0.403158006704162,0.5432153771360657
0.0658330713884738,0.4790372378107807,0.5601218657273376,0.3465719103473701,0.5039664699009656,0.495020885840815,0.5459981831554599,0.4011976708333047,0.474736896457765,0.3700185693845793,0.5880980789471664
0.0813050573536645,0.4872644926568305,0.5943690365523759,0.3822051508293283,0.5054508699856277,0.5187879361802402,0.5590611154473484,0.4306316194815158,0.4960125229225156,0.4568684938751323,0.621737528913342
0.1053874092678812,0.5090811570620329,0.6287940836011783,0.4118001792631921,0.5318118690015298,0.5027354659069126,0.5691313190730827,0.4347230727845474,0.3935011229958045,0.4532228477363104,0.5274814272763946
0.1035735410419176,0.457721423625247,0.6271927094064998,0.3609944203945656,0.5692549178875979,0.4549237929632874,0.6391919014372186,0.4004480225108063,0.4377631747923749,0.3749334762764665,0.5440314629010833
0.1013234974138404,0.4776835362706502,0.6127967162166394,0.3353105848308749,0.543080805755862,0.5128184265478427,0.537860856862966,0.3921604878917753,0.4782093902686466,0.3775108747715559,0.5834757329160871
0.1099807718081639,0.5031221949051283,0.6323959579649556,0.3477890513195768,0.5718764105029752,0.4949598274865645,0.5468886605201677,0.4173733862215609,0.5026968470268695,0.4182932239721341,0.5585850274445084
0.134929297592088,0.4635603164717174,0.6305066431478576,0.3685119275242463,0.5259009612802967,0.402412627856489,0.5098708939612016,0.3656455286090408,0.4715902295377078,0.4226349226203384,0.5671134211808904
0.1074733796633444,0.5057217808747418,0.5593850731135355,0.3511112731340061,0.5254100101767518,0.3812850875263234,0.565953168253599,0.390360372521004,0.5024671101145242,0.4383898141629051,0.5481977049449736
0.1134564579475802,0.4758547293238109,0.568968276814354,0.3448144602446906,0.5324011859464217,0.4196487846097183,0.5707870877205348,0.4089748878521738,0.4933429485286517,0.3707605541853607,0.5933400435691102
0.0170917908240306,0.4505330409993813,0.6068071760512523,0.3263950671733592,0.5250956191599288,0.4660934802314613,0.5942281081295885,0.4042213840149736,0.3455374618920004,0.4293651056740273,0.5696127850111317
0.0551437739763731,0.4691522957614443,0.6515866289532601,0.1915933992323825,0.4997066071165122,0.4927729148201445,0.5099702550917854,0.3841742392407181,0.4081135185866343,0.4374310545377164,0.5624358177803467
0.0250772607781977,0.4541495563777472,0.6564850881050099,0.2870084448009837,0.4909233591023336,0.4560105566230971,0.5611186464180691,0.4075850933273889,0.449041137651553,0.372990142872468,0.5862365196511619
-0.0260516423874942,0.4685548887549367,0.6703328304034445,0.2327272518358037,0.511896722226434,0.5116179134197141,0.5580310038560785,0.4435015039106219,0.4931236435472839,0.343490821438647,0.5974791823173531
0.012526931774395,0.489102690912636,0.636048387437559,0.3131669917342523,0.420001190509586,0.5856982466841849,0.5383279522043722,0.2942086800017135,0.4754081752352174,0.3803471991394841,0.6629467899512664
0.0445682759536164,0.4871616481130197,0.6462040851305455,0.3431781852990344,0.5389624596336993,0.4026201062778476,0.5703648056310786,0.4022567044634708,0.5074123855342125,0.3979977434152801,0.564279429157991
0.0910580906629691,0.4325165723045279,0.6557296730224141,0.3610864790658242,0.5456191273451402,0.4557999022513518,0.588136536678618,0.2821695397372773,0.3490743882041081,0.4298875169823271,0.5179447425571451
0.1170230976426812,0.4871009757849572,0.630208592806614,0.3074298153091738,0.5580782838685969,0.4801657971867968,0.5803435540193251,0.3170178678265622,0.4074233125254386,0.4343148790691387,0.5858444952376782
0.0986188079768054,0.5038650641890637,0.630409747028146,0.332014748256702,0.5152398754113384,0.4828377367507237,0.5337302397080481,0.3607290686985542,0.4771979967343776,0.4523121843000625,0.5612631555847064
0.1408030268014132,0.5122649335124307,0.5857756406718856,0.4032485461080702,0.5217417159011211,0.4891973881942341,0.5888906365942443,0.3906475426442293,0.390165170607692,0.4808233136178879,0.5727637195200243
0.1020496719897036,0.452062707717174,0.5918559243526296,0.3789971494026618,0.507727624898849,0.4488396696164863,0.5808391241951765,0.3613945891276423,0.3984145062666536,0.4135421612307409,0.5075443114182787
0.1475163644009034,0.4789108578734958,0.6482938977309364,0.2294737357654135,0.3430773101991527,0.4775524190849313,0.5859856792587725,0.3966032832712712,0.4082199909709237,0.4160194703702827,0.6060281560968981
0.1100693274002899,0.46192126932066,0.6002824860029848,0.2598364059910475,0.4330986217534718,0.4797028734169071,0.5294650114321466,0.3945368857246052,0.4665589248980956,0.416356234166245,0.5766385960841777
0.0705934307702575,0.4579863188729581,0.6581030872349902,0.311019668792683,0.4747809748469594,0.4549083382924536,0.5860847975434552,0.3656300882091151,0.5233260167912231,0.3390275558645597,0.5186594421345477
0.0873654780559083,0.4928694043530148,0.581899924534463,0.315570358911745,0.5221673687374406,0.4825208556330638,0.5886218507963644,0.4395178679351723,0.4650045526862895,0.3399590891937954,0.5414994509383507
0.1325074132396909,0.5485546914677358,0.6243634820022745,0.3688644311630861,0.5654411713684956,0.4004356849463386,0.5382231818976281,0.4440729892474274,0.4015228189511142,0.3829491152595927,0.5517915534204101
0.1004364909314288,0.557893999464134,0.6358803597867373,0.3859306776836135,0.4640874927203821,0.435729495679739,0.5918989396748995,0.3536731355632287,0.4279263041241763,0.391060964054429,0.5732848236599956
0.0866857076318377,0.5117337246700601,0.6705302328701891,0.2375062094361294,0.5324083464857957,0.4811097137557968,0.5520964225872641,0.2627765532118524,0.4420145334897702,0.4019415237663989,0.5917134697906522
0.152561146821295,0.5218210700885437,0.6370780287538323,0.2727701306347831,0.6031573873636051,0.4930782958176097,0.5672172403011798,0.3012544694142536,0.446250137843302,0.4559225967100379,0.584035091280292
0.0829796922846506,0.4492307774737877,0.6026710281435621,0.3258122175771751,0.5489679511652915,0.5001601721100416,0.469403527799795,0.3585895966575031,0.4710977456743552,0.4146428891869372,0.5845931639276454
0.1085076971914517,0.4399038331392247,0.6219412007631651,0.3546479030461952,0.5021524884069247,0.5118795240697711,0.5661121353983825,0.4107371972152986,0.4193807001260892,0.4466308833019586,0.5640909480905226
0.1267991081093549,0.4734422091633399,0.6519042836256126,0.3457644172796981,0.5349506884024064,0.5509349411131078,0.6150178549447549,0.4205264441370728,0.4679631606130746,0.2809178824684399,0.5919386505926978
0.0451360800548142,0.4575610628226171,0.5821717060885746,0.3531033253453849,0.5486526227407504,0.4362279472408573,0.5841209459729212,0.4068125159930261,0.4788864481301463,0.2849103885400014,0.5397650317069026
0.0646726572271085,0.4886806570495223,0.527809886977853,0.3627512989805857,0.5138362082978767,0.503681784160985,0.5815238515630166,0.4178886713206772,0.442544392892175,0.3585039177829915,0.5719245283052387
0.1939983760312313,0.5160410071807812,0.5980883777507849,0.3454884813504076,0.5239564364061432,0.5602846696301158,0.530865317960562,0.4496792848783023,0.3584316594934874,0.3838436753129685,0.4984670860100768
0.0338117021477678,0.4900552809166069,0.6008542172950149,0.3857183167083343,0.4868227047356283,0.522908870896985,0.5109614311411034,0.3719475982809387,0.4346108991945311,0.389805907099701,0.5491116202686755
0.0571450922273561,0.4686007929506183,0.6080053409529482,0.3947211222808812,0.547392829917871,0.5324845166758468,0.5987381329658715,0.3925682305069211,0.4460838556078819,0.3918124841223617,0.5313388830423483
0.1455543580565166,0.5053551950632059,0.6158506597258975,0.3064898006131822,0.561070971297694,0.4862088713250336,0.590514054725663,0.3921318994730667,0.4054588695345618,0.3646794933604474,0.5668862179271718
0.1334645347787327,0.5373169352907481,0.6286759017744036,0.3530723579833739,0.5662279064115403,0.3468900820739546,0.6070669579478338,0.4367211738640379,0.4395383507025749,0.3706801570515516,0.5001030902924698
0.1040190041172581,0.4786560494534774,0.5627334585298713,0.279437369369439,0.5829338685200197,0.4284501272965631,0.5037090254678851,0.4290443356065995,0.3696379660473908,0.3147019987123645,0.5530762771573543
0.0582710683422209,0.5292443445816795,0.6246271933560315,0.3489792809428915,0.5898714651827082,0.4575256329082621,0.4633803319407156,0.4162468662006148,0.4219203462842014,0.3832622755597377,0.5812661333452409
0.063016001123799,0.5105851914481838,0.6428888981009959,0.2656907120357632,0.5177567113261413,0.4837533818964336,0.6047904937417935,0.4118308336480624,0.4263387533500079,0.4147444565781529,0.5941735937641118
0.0444949297215469,0.4661216390930667,0.6773838507443812,0.3683355225963167,0.5095189871680436,0.4897362860872684,0.4628316285028036,0.4293681850999956,0.4724504693491995,0.4214289913831289,0.6342424005976235
0.093138590329748,0.493660402515794,0.5950886870527833,0.3732306389057559,0.4747055901878729,0.4606885477871367,0.4902995711159486,0.4383071767440491,0.4070549507915978,0.3972061868845114,0.6105087505042256
0.112766626007193,0.5233667026581406,0.6113816594696557,0.3787356455945244,0.4574814290694546,0.4799023964935555,0.5277816567068435,0.4827378791769375,0.4118352047453705,0.412841747704885,0.5796472299790959
0.1188996414996302,0.5235872596675846,0.6197198074872741,0.3911096438465118,0.5300054322197845,0.5324252551116937,0.5596872263243491,0.3566469524451877,0.3186647194732565,0.4422438772359529,0.4974409652635544
0.1275476547210162,0.5335047629253978,0.6473003797740888,0.4067312962372933,0.5487622290653469,0.5143254990859607,0.5072008729647879,0.4100724181067033,0.4307541017197559,0.3439275353744879,0.6037197352500292
0.0587925061904033,0.4797697851243557,0.6599608803733648,0.3215871840188102,0.4882469981416374,0.4669243705948065,0.5332752272070399,0.3714403530488092,0.3497926981513001,0.3480197725413891,0.6247650882798794
0.0644587179965111,0.4928050844214319,0.6284316857773575,0.3193072911243869,0.5063231738852756,0.4785474629917873,0.5457992258874149,0.3937668981101843,0.4402874094490623,0.402263977387275,0.606646402895393
-0.0135173857930381,0.475488437571815,0.6496100397445543,0.3193496388117849,0.558374473691577,0.4825083216463193,0.5639979137110993,0.366521690251559,0.448957865390202,0.3487870259708071,0.641674209268575
0.0340472581485,0.474758951536918,0.4879854927732309,0.3264581238602138,0.4737616695314019,0.4690963719798016,0.5558834363087112,0.3730289066290842,0.3599050049221824,0.3530153936693672,0.6158184085644228
0.0266983604736028,0.5269762092258884,0.5778107888400249,0.2785483156267193,0.5193209466924876,0.5089102476416094,0.483582320641692,0.3788255407283896,0.4118339534817249,0.4376952257170081,0.5388195349641683
0.103630194854072,0.5846692160674827,0.622013793031233,0.3230321808508456,0.4071353359926745,0.522966801229087,0.5389350542961939,0.3547716272372123,0.3567199345748353,0.3921326922600485,0.575543736508897
0.0714301809614812,0.5425315363073531,0.6792283684545413,0.3429206842278042,0.4979589548855432,0.3723320920722822,0.5610948939929278,0.417615332034192,0.4121338315178376,0.4148536057482058,0.5545039114606731
0.1009458074054092,0.5824878023462503,0.6454328274581808,0.36985413793844,0.5280769921903782,0.4358223179235919,0.5557983840293118,0.3757735679231019,0.4165449458808423,0.325828723899329,0.5944174580745325
0.0295079092298791,0.5506776578457483,0.6260978035560029,0.3771593802981687,0.4325410596841585,0.4909490232053572,0.4991508539112773,0.4079903227214237,0.4243546121121813,0.3717589441832098,0.5784165647006794
0.0543676917660565,0.4814891063125487,0.6499666382890125,0.3671710056620142,0.4485262883800593,0.392383978930979,0.5265584923887979,0.4077073208803247,0.416405164199131,0.3795521590465531,0.551329702606966
0.0155614643989771,0.5131343039276312,0.6086676178823566,0.4062599243711254,0.5460346264470795,0.4094756929767972,0.5196594830277386,0.4690247813180751,0.4700045437401826,0.3001622613431535,0.6103511929320435
0.0587970782258099,0.5807772402353987,0.5925140523581038,0.3292453125507609,0.574634012996615,0.4627968477484491,0.5423445943042149,0.5103436583069212,0.5037813097888295,0.3391681620594337,0.4882130261889221
0.0151398825428627,0.5731730533203063,0.603046386684519,0.3440955460976375,0.6066039228409585,0.5021229811560413,0.5602373826232068,0.5168239362984347,0.4457662397659105,0.3527605274438219,0.5804503797471363
0.114623232517044,0.5721587386411346,0.6234044198863598,0.3777046479392842,0.5489529521801959,0.4556083602097274,0.5683834740558988,0.4311759674271522,0.4074619983354611,0.3757379159108324,0.5687094060731633
0.109168079930427,0.6080559426144903,0.6061783017521483,0.3892553597384293,0.5733670501587627,0.5026423294248497,0.5367212676033196,0.4328840309795568,0.4283347059914072,0.4094801000591578,0.5761923338928953
0.1139951764752931,0.5025053943521522,0.6067683409671645,0.2505477195855396,0.5312078033346861,0.5047402324864002,0.4706577075215032,0.4430337745076775,0.4162099027905138,0.4026911611957063,0.5978787540012762
0.1504001762867491,0.5314637099194621,0.60692988779136,0.3172330792800696,0.5408650922663536,0.5416359498201005,0.528062862158414,0.452208855110301,0.4740612711233672,0.406033037517003,0.6228693780331191
0.0798944434531356,0.5401382600838744,0.628252332390751,0.3523767086907219,0.5142845787074736,0.5407625582295701,0.4880574208791743,0.419685870567425,0.5257161935349884,0.4160995258844344,0.6381068102499095
0.1315498993086544,0.5780385009665037,0.5644820026778595,0.4049784770296468,0.5109259573841607,0.561296892092781,0.4512639316900579,0.2403095114500884,0.5263374254063862,0.4732476491962558,0.5650278696736059
0.0933989157912775,0.5335755814730979,0.6401640113244208,0.3291350603280787,0.5238587602825504,0.5556279297872718,0.5566713091412767,0.2982818847164813,0.5112918440050547,0.5047763166353862,0.580364999490681
0.1102837405082762,0.592846068164003,0.667147703009791,0.3743261343409133,0.4483855758601972,0.5725145172496826,0.5884231535125621,0.3153454133727617,0.4502378537461739,0.3975788509474094,0.5923992896346661
-0.1508784172711454,0.5438136117969925,0.5870928259823328,0.3260841742754714,0.5042375117139992,0.4663247714869111,0.5331466018152846,0.4111678037292695,0.4234681412536002,0.4287969757397563,0.5558306628055408
-0.0480466458856296,0.4272194829357992,0.6061250686627432,0.329334256487929,0.5448560087143803,0.5311440845144997,0.5552725152429594,0.4240954721469612,0.4242742635353886,0.3678006130026396,0.5709244584110249
0.0161465245093385,0.4847890041400922,0.6158384007170605,0.3454656519159164,0.5122388512273088,0.5207391426841429,0.5467632648722436,0.4764766996098047,0.4780927171323189,0.2928282758558281,0.5422921094732404
0.0646920762120428,0.5595980632868057,0.6187271108349707,0.3468048069932671,0.4945163465014562,0.498998644658624,0.5503163850767465,0.3010673677570503,0.4675180460157666,0.3772228056814131,0.5967851871528136
-0.0013960838999245,0.4705312966721726,0.6339132566833346,0.3102631937015067,0.5325861882155332,0.4864780711600708,0.5924847383473957,0.3386886025516515,0.5003907381437169,0.3221162337186345,0.5525161624326564
0.0603249255949547,0.4236637612844214,0.6620800928373453,0.2921070401384154,0.3284884748700407,0.5187120344029703,0.5441101445791038,0.2669093407589001,0.4638060566918627,0.3636278686040484,0.5765211286417885
0.0683651949211696,0.4600068710747443,0.6125945781640868,0.3294557843279069,0.416340841434169,0.4938887984026029,0.5896224969617359,0.3543080769432138,0.3626147755653455,0.3952933367823706,0.5951181706252464
0.019285791569461,0.4356054450494633,0.5990009018988525,0.3447168387950107,0.4997600657256018,0.4721840971217814,0.5480196809494002,0.3669839463371441,0.483441386659786,0.3722258253351573,0.5442253871898305
0.052445021848174,0.5106283975648853,0.5794475378768406,0.3817537328809773,0.5227680191525885,0.473901746108941,0.47470537193246,0.3210670163949024,0.3741410164219233,0.378488989223448,0.5683606786831679
0.1005068065431134,0.5419994593951256,0.5926391647382658,0.3855130225486797,0.5340719241691818,0.507250177895262,0.5749283827462809,0.4249641810240259,0.4196238859493928,0.3216728790088474,0.6067223563542653
-0.0261566350584786,0.5499202088058623,0.6030049758868342,0.2943206399553703,0.5590646700845151,0.4435858119293583,0.4577366287016186,0.3871825154072069,0.4301374314063599,0.381078157230254,0.623936441774452
0.004079838050098,0.5048619310695137,0.5206835312297614,0.3693644272303772,0.4862587322150928,0.4369801344337025,0.5247472596434006,0.4784305693006858,0.4863375515753748,0.4102019442569098,0.595965730576736
0.0608024020923861,0.5243082080468147,0.5362059819451142,0.318917697098724,0.5233529495174835,0.4565734318730052,0.5443208414198495,0.4209844619901715,0.3792441245142963,0.4482716371789709,0.6512745018289896
0.1006820305418635,0.5767461263009974,0.5465358543965949,0.3506598480621344,0.5356807651407691,0.4799717227719056,0.4961346802113027,0.4331044531375302,0.4219717945365855,0.4330673530024562,0.6179959870044308
0.1267338716899434,0.508566529485535,0.58225527176502,0.3120013168938624,0.5566765703190784,0.4655416777233748,0.4760753860383396,0.3562350462013828,0.4557261699207364,0.4606124560333058,0.5714604536261526
0.1095736167221576,0.4726749620254402,0.6042046444145803,0.2460520934115123,0.5043842253239167,0.514753277388683,0.539844506106057,0.3862935164587926,0.4309237406982504,0.5094009681232556,0.5653071519785364
0.0884352284809423,0.5148908133258139,0.5785335262419938,0.3071973096231265,0.4852925954733482,0.3978172797330687,0.553745824918427,0.4002468963262611,0.4951568829644687,0.4678006640087789,0.5740694957596504
0.1009766061411599,0.5325237767843268,0.6017718337651514,0.3109858826042533,0.5195894677817839,0.4476009941827454,0.5847362136350435,0.338769213677948,0.4755749672822653,0.2201338817748501,0.5842532165331691
0.100040848033757,0.5174181325535793,0.5254823029457372,0.3277741849613007,0.5590069660888854,0.3583895868138634,0.5203380418849186,0.4343939162714994,0.4673435708813672,0.2835068234030593,0.5897285722894297
0.0321174611564942,0.4422967716722979,0.6045201066100565,0.3362827489788688,0.5537813670476897,0.421981053932393,0.5641990310608486,0.3327963270710439,0.4876981374239793,0.3876554024064457,0.6197065691620429
0.0349846595836123,0.3544913416064602,0.6396301199558722,0.3269252488670384,0.4396749563053628,0.4491448592823874,0.5910517457000636,0.4166486886755747,0.5237431355961104,0.414365652253854,0.5623081481617024
0.0672133956093525,0.3971832105972325,0.5886674578752393,0.3532659653315488,0.4761838292015972,0.4844662336943231,0.5710149129959854,0.4125940101217784,0.5216095784298392,0.4147515774552122,0.565186867609057
-0.0121506548687599,0.5132161887207104,0.6263733742713774,0.2520744513054001,0.5183240822265411,0.4546894014959017,0.5886778792372118,0.4378632894720569,0.4719236917116169,0.4276819055755223,0.5883227797919527
-0.1101000963665341,0.4874787244792082,0.6389502923750656,0.3258891122980412,0.5499971121844844,0.4912276269724615,0.5489558363848402,0.3242796922021266,0.4409541054259867,0.4334864368724114,0.6013356224878408
-0.0041547235371941,0.4709868749223667,0.5422500623267889,0.3309470682803495,0.5003427304772387,0.5305142260098179,0.5279945637329518,0.3902883989510683,0.4280742258388675,0.4256929463246189,0.6137805527599296
0.1021132907755015,0.4982812724077503,0.5785365195438863,0.3479306210764317,0.5646167229146438,0.5345683145809226,0.4677133799621893,0.3911875007669263,0.4327577226901131,0.3705662373601465,0.6031216549526974
0.1311511068309341,0.4993788916758686,0.6346747538991799,0.3581564917157195,0.5985983717376995,0.5315823166148689,0.5486666037445542,0.4144308166519101,0.38516505113482,0.4209359298243589,0.5610354079812855
0.0652129637579719,0.4701231240307632,0.6417355310292456,0.367767917618115,0.3821162708381025,0.4605023699145576,0.5492884469127184,0.4617648077355444,0.434973250933386,0.3648615368382621,0.5803936146752189
0.1541530249501837,0.4506775296287628,0.6183525386674513,0.3246212884504832,0.4665289053558014,0.5060471772609307,0.5669689175972452,0.4443478845299939,0.4518216938335805,0.375705126786771,0.620458764496023
0.1263202103467328,0.4899174825638596,0.646612299089455,0.288908888085319,0.4994380030956845,0.5103789332962752,0.5706540698779481,0.3948733462094561,0.4610742555402329,0.44177806250345,0.4949447541838981
0.1580231314225501,0.4795008309617881,0.5932259620228698,0.3006892249717253,0.5150392782886287,0.5287316858529967,0.5688112790314768,0.4357911385264572,0.4958494051084003,0.3353782890739782,0.5432998157177021
0.008075674731592,0.4960189708528438,0.571309059186806,0.3131607998920048,0.5527250386537478,0.535042826789889,0.5487172782256653,0.4669459756364186,0.5185148278759412,0.3869386322918801,0.5414084847376046
0.044316405194336,0.4966717204559387,0.5773639959301368,0.3476387131455126,0.508801698767152,0.507932757271571,0.5268357188160112,0.3491522150055727,0.445888072041413,0.3528363186758655,0.6288963950107368
0.0725031053004295,0.5222949817187508,0.6419482316894902,0.368707891811019,0.3787437508814147,0.5195050492191081,0.5137712734035004,0.3824221564958038,0.4556225551336239,0.4024135323249743,0.5774934421705127
0.0366583455786175,0.399529588099638,0.694516487929021,0.3651704539700453,0.4471011819838288,0.4970228359295803,0.5160828409432624,0.3335447407425679,0.4969491318628808,0.2510979729626896,0.5137210026638748
-0.0762082134648222,0.4411282956774047,0.5607794583714913,0.3701752751021691,0.4916554636217548,0.5302983680997899,0.5337272412006053,0.3117053483006375,0.44372599112515,0.3329978171405168,0.4726287269201
0.0319499285008444,0.4419709189398852,0.6149489563530866,0.3532263231154486,0.5019043558053994,0.5249207004148921,0.5644266824195352,0.3023421120222913,0.4366335233450883,0.2973856177382546,0.5323587927526232
0.0720874111915248,0.4854174154046165,0.5961413005434635,0.3555244098885747,0.5295623220616708,0.4915924388732239,0.4836069424287291,0.3549444810227915,0.4391021334307328,0.356336668131517,0.5901512934316242
0.0275290594888867,0.4986657206939239,0.6491091859839648,0.4023087199127632,0.4612301505677327,0.3487393552475318,0.5608095603235911,0.4353818929385682,0.4578264480141909,0.4033284954035908,0.6128721440394108
0.0736918741982375,0.5090383029124839,0.6767335206653398,0.3822555162834125,0.5391522336226425,0.3828608486940219,0.5877862642410294,0.3500507664087637,0.3950391684662822,0.3575694729166855,0.6267857152140347
0.1194355304312514,0.5128081330205894,0.6670126018983196,0.327856501605383,0.606640925483617,0.4847131057912658,0.5163160968359356,0.385153791153856,0.4095857858600436,0.3822876216913771,0.5712187848043585
0.1307548460650509,0.5338395658953414,0.6024300457844677,0.2817155897069097,0.625205254359712,0.4575947412735788,0.5060181063573047,0.42673638300603,0.4472887403606655,0.2977287361209113,0.6237986911364
0.0136728416579052,0.5767079356494458,0.5901492682985494,0.3421252168206161,0.4314339351818358,0.5391516795068957,0.559765053031168,0.4434718751590888,0.504715592778386,0.3414835791309748,0.555064231758428
0.115878053305872,0.4881944596360724,0.6050320464686204,0.3545281268590239,0.5109358785139463,0.560898746663384,0.6033268683206042,0.3746594304728649,0.5172531985139709,0.3993522271755626,0.5492444242403585
0.0753085272947483,0.5002146846358966,0.5222166785892944,0.3763655214433539,0.5719544374275474,0.5632947938490722,0.5669743249665877,0.3938869360832571,0.515470754460058,0.4171200947895091,0.5764511377587396
-0.0322744151614652,0.4671144794183384,0.5949929507243437,0.4017826831829109,0.5168112336807944,0.4798991298001523,0.5214736956880933,0.4394157329994583,0.4839307410271432,0.3802671855678427,0.585980060801939
0.0309192358482956,0.4072544420705446,0.5094905008115893,0.4031721097960382,0.5127350535529447,0.4881452678652554,0.5598868275461775,0.4426896249208806,0.4812920851024174,0.3965505554603158,0.587292030752742
-0.0424352780685175,0.4064635817875344,0.5717536494618256,0.2738108824542829,0.5314125631537703,0.5128125407423061,0.5817068876518431,0.3214739366057973,0.5288566762769578,0.4105255797073926,0.6037450969518756
0.027242651469192,0.4918333470095876,0.6306981028990639,0.3086159895283186,0.5253202004471738,0.4748124609266357,0.5086638640140262,0.3706926146118514,0.4286688092117517,0.4360346575938251,0.6143724766322431
0.0573270052844519,0.4258670837108838,0.6368769773298845,0.3225596844166036,0.5033505191489579,0.485965437459026,0.5427239082671969,0.4072888234468486,0.4921142423355004,0.390954792614119,0.6208445547302279
-0.0962275244202396,0.4773368323542551,0.5788203609043318,0.3494625601561657,0.515261110655896,0.5163607072572567,0.4705264269438476,0.342096164172915,0.4449357922595958,0.3397663626342935,0.6255627519516305
0.0168323383256273,0.5066245652273789,0.6261573368169268,0.3644710880362882,0.5162851952147244,0.5357948020687664,0.549168907502128,0.3449277596673846,0.4308951438109902,0.3771834623765905,0.6364845483426587
0.1007666821652235,0.4642532242751138,0.6450461102001661,0.3727828034296118,0.5234855032520214,0.464650025837979,0.5931802603645029,0.328864948356285,0.3867307753510413,0.3828007404104526,0.5569166549411458
-0.0849781995496562,0.5241800150848364,0.5970696847835644,0.4629831935437245,0.5537978609782053,0.4703226222056406,0.611089325322779,0.4096125653478614,0.4270525978155344,0.3598822346053233,0.6430416938277668
-0.0435121443930225,0.5815503051618476,0.6283699870022168,0.4693647466255232,0.417835747109792,0.5168513694564272,0.4820352705197752,0.4342175222912133,0.4530074707398036,0.4082678278380336,0.6463704076902339
0.0153282066811933,0.4750503083682519,0.6353183436994236,0.3909358096906054,0.4506410203066886,0.4583421744437445,0.5457295475033721,0.3397274689082148,0.4695575736368645,0.4570314630336651,0.5805863140298528
0.0315996928541924,0.484350462679107,0.654406951065297,0.2507314256958986,0.4981946435352374,0.4852022304455408,0.4809017262458427,0.3915956361603868,0.4281222761814849,0.3796922233052097,0.5271237407386028
0.1248998431013462,0.5023263292157877,0.6632583158393974,0.2640010720410016,0.5197987842832026,0.5367235550174896,0.4974900814454359,0.3319664867507084,0.468655532599133,0.3219288973328194,0.5757666765211387
0.113323602757648,0.4795340985090978,0.5711802317566865,0.2664112932143753,0.5418348268994352,0.4997467601461893,0.5312659561686769,0.3796742702777964,0.4433046482739098,0.3440039934414478,0.6146581979475112
0.1439846164593657,0.4938178353631117,0.597312665729838,0.2879750585221843,0.5622984584666726,0.4336882123670117,0.4170826731736008,0.3664376713004789,0.4627019179874309,0.3753996734023325,0.6416174032043817
0.0027979643767763,0.4476539187915737,0.6155489123847608,0.321539766760899,0.5493857363300495,0.4573812972511915,0.5049352973206416,0.2962193937044989,0.4568858056518394,0.386902192517903,0.5829194888770965
0.044670039671245,0.409562899692181,0.5534965431237007,0.3695831391870257,0.5423115863572137,0.4721122791019347,0.5772017218751717,0.3277014126471425,0.5060778721373742,0.3928097825051047,0.6013839099417619
0.0686562272374368,0.464645627929637,0.5679042624175461,0.2480284751259472,0.5098251106412027,0.5074980927052297,0.6084913420721697,0.4474657908500735,0.5111004756103827,0.4065692552442292,0.6313249533716774
0.1296596358567087,0.4953333644322628,0.6098346198928459,0.2533893904142606,0.527521880613085,0.4266833805384853,0.5716702064936539,0.3469211293737422,0.5233555839741446,0.2860101798337376,0.5351794792660282
0.1105940415808896,0.4783789426137923,0.6660519542405337,0.3260426060123622,0.3989902309976142,0.4505895729749838,0.5626694047279209,0.3301278663192605,0.5401701584608987,0.3404015597813334,0.5785627162894083
0.1297919077305851,0.5137336652154683,0.6246264911163935,0.2247664879518859,0.443769736059228,0.4987814555385647,0.5851867831413584,0.35232904863485,0.4469777295445405,0.3623269212805582,0.6165979182917163
0.0411254817522296,0.537408530227889,0.6563155758538557,0.3047801170591687,0.5422271084682223,0.4203614387785654,0.5902884102251623,0.3854963549498045,0.4305551434395596,0.4153669750081258,0.6328775067555039
0.1201430731612744,0.4880563798763213,0.6703712838594895,0.3648875100820731,0.4843508795673139,0.4619798560952889,0.5424509670461529,0.4191356547856033,0.4662076447531545,0.3464708130339852,0.5797523382134545
0.1769206239412136,0.4865265865183191,0.6766489530044156,0.3432861870055751,0.4344125978877019,0.4013868306762836,0.5464620547650876,0.3932428943231062,0.5101884487377619,0.4073519116774539,0.5890431810021699
0.2459465798838668,0.4515181650101916,0.6564400909577295,0.3614047718722776,0.4567778908752742,0.4368379671884884,0.4959826627609603,0.3894639152123272,0.418799471181707,0.3181529253946552,0.5155872247132798
0.0278099505243949,0.4954859964570076,0.630932574051644,0.3159940711794019,0.4723343224835667,0.4514445895742162,0.5107145034975668,0.3131981687407857,0.436860556736539,0.3993779955417895,0.5836118100830283
0.0726702275185932,0.5373518854711563,0.6506166041619832,0.2481183060035132,0.4737412443222373,0.5272116600745407,0.5512679256857262,0.3666773434646068,0.4645896822875057,0.3889489658237381,0.5919806940577292
0.1647407456500407,0.5437870978253808,0.6613918987571257,0.3179760930366099,0.503460800131267,0.5814066892661495,0.559300809158994,0.4392199929871833,0.4847815863866772,0.4063106586770607,0.5998950175686987
0.0427881074901867,0.4785368897762571,0.5906753779367275,0.285604983636685,0.3513343197959315,0.5276382690115314,0.608478120942628,0.4414657522897902,0.4596693462253479,0.4399154212431156,0.583476968157431
0.029149763465419,0.5127592767196831,0.6012971424260758,0.3168104799226181,0.4346140713815489,0.5871721892519863,0.607667551243271,0.3384239394024624,0.4561869291487835,0.2555417176354431,0.5708078610217763
0.0238961654204969,0.5127595822878788,0.6013943636154828,0.3472962071568145,0.5001961577559948,0.6105620273918784,0.5945492970776568,0.4033671597775697,0.4860407491277332,0.3453341345526604,0.6210974033913625
0.0251204159009876,0.4418302370540851,0.5365123817279112,0.3582545973791525,0.5192149004269959,0.4614548381512168,0.5142070561663373,0.4218181760219655,0.4752285377303429,0.4469880527103165,0.6334739136040395
0.0865487877684983,0.36522693224011,0.599175312122184,0.3431406165304181,0.5265355355550831,0.4693208238339947,0.5022375046473699,0.3616434226650046,0.4857971494537556,0.3342313156840732,0.6128671918903112
-0.0358596421279953,0.4072872599974564,0.6112478011181746,0.3188232162605852,0.5544989691602666,0.4910950171306836,0.4906381331472583,0.3808640596435608,0.4462323737455197,0.3367605323053491,0.6477783659625763
0.0633470283226716,0.5111374731083294,0.5842763680741889,0.3529392713349401,0.466252436401105,0.4808397681096377,0.5245638308480227,0.3896046626313237,0.4541902864487303,0.416819648991345,0.6161803624999962
0.0280704287968688,0.5236468516946744,0.5904689056536099,0.3886333246905573,0.4847650558991673,0.4606867292023387,0.5615813085879069,0.3900614968111793,0.4125528407586296,0.3163632308734597,0.5286874842186123
0.0962531997075621,0.5293690747308836,0.5748766224529216,0.435315980625043,0.4920801640833577,0.5139858115734414,0.5236904840119967,0.412140012858358,0.4846409706674711,0.3776860718581976,0.5659313049976562
0.1353729171843768,0.4632365923391018,0.5885649607717123,0.3375495211425448,0.5446036819532593,0.5480354295976915,0.5734514540504722,0.4141572258625252,0.4258589778954617,0.3812770605486071,0.5712536540418902
0.1267995971718224,0.4989499047475368,0.5906596606465617,0.3396692883061767,0.4884380179796486,0.5802527230728314,0.6091553618919078,0.3085697084613056,0.4600750823665546,0.4530520398220753,0.5849895916567411
0.128583714449425,0.5142110814398454,0.6234687632055367,0.3181353232310295,0.4968876252531129,0.4871466611031405,0.4758633252929446,0.3447298584068509,0.4478839918030495,0.4302835972673101,0.4622203829670256
0.0523686171813891,0.5427666613544095,0.5650437256698027,0.2945883182242505,0.4083228855218823,0.430028820545305,0.4972926468945963,0.4012735321809033,0.3748618898085755,0.4382927571906125,0.4915482747744696
0.0825295961748341,0.556093467980884,0.6012644229537555,0.3123354732514689,0.4830198800152099,0.4498990830764006,0.527848854245954,0.4418290482040097,0.4431383248791987,0.4300592710731015,0.5542517682387604
0.0775997382328576,0.532584457354146,0.6124347485497597,0.3305053739658669,0.4387973432537573,0.4660080051004369,0.5786903534388413,0.4006550026649184,0.4668803012258093,0.3874672331784533,0.5909078922340352
-0.036263164389608,0.5073532929607234,0.6144071220762655,0.3487265697263702,0.5032670497813586,0.5136628482360986,0.4845841842079787,0.3641400009361658,0.4746835192077456,0.325348852241089,0.5679567735641673
0.0231626664297089,0.4331614388723925,0.6294183322090077,0.2750374793800365,0.4288274475865697,0.5398963302130639,0.5417986592701824,0.3981903286906698,0.4933499397323537,0.3504348452181191,0.6248682679195183
0.1118321889233038,0.4458669777649693,0.6074656459068782,0.3024397241747254,0.4695346175192431,0.4329692211789401,0.5264683021674896,0.4009139497951161,0.4591635029010457,0.3888464217895037,0.5782683789546104
0.1702782360994657,0.4902290786060583,0.6270063338922196,0.3053324029385549,0.5462426292540967,0.4781921377939944,0.538890523857567,0.4412707497048793,0.4711664515677817,0.3941508137097029,0.6302292802308445
0.2129073668400582,0.5280538882317085,0.6365665066877917,0.3211233803431036,0.5044199585855882,0.5381761903797827,0.5285685821454386,0.3468674005078588,0.4180448174064475,0.4405727396673164,0.6631056106262191
0.1035290309554094,0.5159686096128425,0.6465779731026837,0.3239031029183931,0.5070556372974494,0.4842345406560221,0.5715892422838784,0.3183426488486797,0.4984619589909026,0.3689438231541727,0.5286007218982003
0.0645942769648664,0.536035180044677,0.5655870924268719,0.2345342361614911,0.5180552777754804,0.4292771121424653,0.4615597206918106,0.4476024922804545,0.4860691850818666,0.3600846978840312,0.55164141493094
0.1339586228522983,0.5187521511164558,0.5627560465376732,0.261439090198409,0.5387031190786826,0.466331862504136,0.4981037706633945,0.3830285081465311,0.3849042867415145,0.368407050751005,0.5514831274948374
0.0518596608258124,0.5646067582630144,0.6038971308070429,0.3049506350770015,0.5888242750425021,0.4919188668824228,0.5069284470042428,0.3953367448999603,0.4399665231627721,0.3885420979006982,0.5739755763982684
0.0523437356090638,0.4740653971398394,0.6327013822524746,0.3214446535003301,0.5368787978119304,0.4809278614859262,0.5324647300357934,0.4099069462010926,0.458240438377729,0.4209392063343474,0.6308852791482155
-0.0037250429197407,0.4958860213458069,0.5978592396215064,0.3533245295720182,0.4963497229509224,0.4432287561810846,0.5337121466359787,0.4026647643837369,0.4293046149089433,0.3613459952716506,0.627354154614646
0.0488364258493064,0.5067772664302215,0.6583303957655392,0.2775715288538057,0.5143580044378699,0.4948721101961139,0.536806346087632,0.4171879685391675,0.4290666027084492,0.3661462598630733,0.5729730594318081
0.0494663725777838,0.4383568681154772,0.639260642190409,0.3750361575480031,0.497327496522875,0.467752371771175,0.534476093098315,0.4240543172517257,0.4456552120512976,0.3952024876794744,0.5377070043792084
0.0335263702614621,0.4608974767777409,0.671037631630846,0.3859271122091244,0.5296155461723017,0.5311425442057134,0.5307492996294709,0.3596221962248045,0.5081082664137362,0.2793374264285929,0.4968425226024184
0.1351692110652056,0.4803904022643647,0.6843684275930304,0.4187678365216024,0.5378129832958725,0.4815309460797887,0.5338951561923018,0.3903427742907945,0.4931820411605718,0.3751702995544859,0.5519757082789674
0.1163615850551823,0.4837411736281114,0.5982959104619232,0.3084503509790423,0.4932928738383319,0.5152641775265278,0.5299064757388467,0.3882345062922999,0.4846813900441656,0.3832056906125831,0.559223617244299
0.0468219750894151,0.4716098701980746,0.6091624127159019,0.3474494800072352,0.5333333476792662,0.5440707502565874,0.5142344140050498,0.3027343434723781,0.4674540451366973,0.2390872613738635,0.5513047907133718
0.0762004490304579,0.4999712762842705,0.6269802246586089,0.3343944019899161,0.5478394986822378,0.4646675680418323,0.4650673354508032,0.3499817538398565,0.5351291794320289,0.3217638356107853,0.5574037794721493
0.0078983799443956,0.5090056972052021,0.6675231964593503,0.2209661249065988,0.5257116552977749,0.4519279827926362,0.4908130416461575,0.3585072824869973,0.4776059901698186,0.1519704531871597,0.404459277153497
0.0430172793359217,0.5228130544486425,0.590374769941039,0.2696465084818213,0.5455900397325055,0.4289808507628587,0.544779162424516,0.4256943855628745,0.4822953141655819,0.3101620152608549,0.4874763415191882
-0.0230855161203423,0.4492140779694356,0.6104049198878525,0.2950058801672816,0.604583183368874,0.484653788486855,0.585633513747249,0.3954744890457298,0.5147774263365816,0.3746410616050532,0.5914570575009945
0.0797292564470821,0.4549597499329539,0.6325361008114483,0.355807322250784,0.5386099026987022,0.4766482426179904,0.563964538436792,0.3997946963879223,0.5375820397819417,0.4164907092849289,0.5781117655979374
0.0946491970149108,0.5069108806253703,0.5534313800055813,0.247656400312216,0.5615024880941215,0.5301803739436146,0.5817097265423612,0.4011668171449015,0.4677306141560281,0.4293683706864557,0.5938970280356131
0.0878237117658781,0.534255918577415,0.5767728984774052,0.3077774713198149,0.5747185212964795,0.4612707993612551,0.5125656901220946,0.3785215649210373,0.47054882692702,0.3773764092780349,0.4830270169824861
0.0268655479632451,0.5080060714343794,0.6158756161303234,0.2656956874342526,0.601597633721403,0.4689765810227452,0.5378763623625828,0.4324764722584338,0.4139956949409297,0.3935157710628992,0.5369845329348042
-0.0276412908358363,0.5050040429550299,0.6083930807055475,0.3179335983269772,0.4886748018710163,0.5233236291360261,0.538453810862433,0.286155818975575,0.3351905328431804,0.3906220748905465,0.5717862771157989
0.0810534360221576,0.4585131356411341,0.6442609518971519,0.2830686442671192,0.5034651087159663,0.494146244405761,0.5457543012074688,0.3918817732703339,0.4431448457078686,0.3585375847686488,0.6080392672025439
0.0914519838051458,0.4730389574822006,0.5565361050082612,0.3282727484924116,0.5238458747147617,0.4152700855952084,0.551444510223897,0.4369964463877803,0.4334198966556126,0.3666717006598938,0.6389834695876908
0.120709963196279,0.4779742075560954,0.6099717873094905,0.3323605874845176,0.4809509135250893,0.4754861756812037,0.4585604928438134,0.3157440042383559,0.3775842467151801,0.3895397309349666,0.6455066711388076
0.0567300537357442,0.4490772130051974,0.6116647534753111,0.2070588232950386,0.5104457593810369,0.4544389964964541,0.5206549455403563,0.3853790131926,0.4324626333510722,0.402634391806166,0.6220582263613127
0.1340000405590231,0.4720481184070919,0.555217805071362,0.2497704802470354,0.5336371083090622,0.5153407057988415,0.5109960527073412,0.4174241442298056,0.4195379656991033,0.40654962790353,0.5509430821266939
0.0963676700914133,0.4986311061616541,0.5940844912029286,0.2676463435374797,0.4813084656076715,0.4395095980262564,0.5615212355826649,0.3252620891418724,0.3967111237814048,0.376453723531099,0.5863308472843765
0.1099257691133296,0.5020517733824255,0.610946980926139,0.2720939029279816,0.488670020635876,0.3569593937749347,0.5821047829558237,0.3816222041324071,0.4355941692432744,0.4098254204463446,0.6347671594206374
0.0089765932750494,0.5027111864656173,0.6117478059580264,0.3864212550824343,0.4868127719578526,0.4162464197636901,0.6130273936325821,0.3837697098952153,0.4806993948086716,0.4525754483676049,0.5877442191384403
0.015198826241422,0.523729957640575,0.615181628610308,0.2765040793777955,0.4354648642668155,0.49555023797611,0.5894560488012215,0.3932053559706202,0.4123715827533056,0.4163910037428353,0.5506534563658866
0.0459653719578273,0.4845088601817237,0.5843982532397701,0.312962336896557,0.4936454248914005,0.5010824882160065,0.5845031815698767,0.358897478436041,0.3617116289922575,0.3578716004028906,0.5850724064892407
0.0279252733979988,0.4856737331794567,0.6222604048679135,0.3458486626920415,0.5053438301229569,0.5091982563902309,0.5662126917936645,0.299836075416637,0.4163044072308892,0.3739322704313623,0.6274100334966743
0.1158614784085062,0.5075556905107987,0.5579037777732448,0.3758189371649337,0.4797097591808855,0.5210254215929646,0.5273271897453455,0.3396060936375278,0.435418291900324,0.3828053645014995,0.5794963059919137
0.0983120046468644,0.4849365244447011,0.5844746411536001,0.3031045066918943,0.4846155532663847,0.4593975939662423,0.5194998757367167,0.3561219423101933,0.4273463668615038,0.4143241416834431,0.5111149571498819
0.1040486286776089,0.4306969727712534,0.635717882429815,0.3028440827909037,0.4871359927812457,0.3775577129033565,0.5931406244192916,0.4085675738758802,0.4029854358014206,0.4447469292965197,0.5856133372076195
0.0597724047583689,0.4505583915307689,0.6389918562846832,0.3433507414692002,0.480295841433574,0.4530457600721958,0.481469482856828,0.4193298813018708,0.4354279978202391,0.4443379460957012,0.5879321355310321
0.0330391542721406,0.468673379705609,0.5715186106883906,0.3656884271966029,0.4924483724622875,0.5124074974060756,0.457733732508317,0.4701500418066313,0.4462869761099071,0.3988131217613632,0.5946250507624233
0.0837333692042206,0.4308497174913921,0.5825844060674508,0.3268324783945005,0.4315631468472883,0.4212329028675073,0.4937472501718834,0.36494970920437,0.4673504457614356,0.3074761382989061,0.5906742270769012
0.0925322048321267,0.5100306689975505,0.6482425473398525,0.280523801493093,0.4503869911936162,0.4443028557893201,0.5339629670205281,0.3868546407926763,0.4340349718942563,0.3634785264663613,0.6334018170548723
0.0421961255518159,0.5071003740202674,0.5388735680934477,0.3466784397409085,0.4545607051272992,0.4958052420959937,0.5739798090237161,0.4323060499701811,0.4580839322600686,0.4196957412890667,0.5005571933605975
0.1050938734139086,0.473559094630585,0.5690106508445684,0.3457257416079656,0.3970817005405376,0.4888295135892166,0.5875824651374438,0.4406645835580243,0.4521253738462923,0.3190349978853594,0.5421628534344796
0.1166186766105451,0.4851960688442831,0.5488511959618241,0.3642870233667326,0.5064065330398976,0.3730798900808887,0.5924138408316072,0.4457141077423898,0.4511488771566021,0.2178705313085268,0.5083254075730177
0.1017682570091162,0.4838458736367588,0.55626828299648,0.3979282716592681,0.4577073711580942,0.430723239682442,0.5976642818980773,0.387398317847313,0.4704874262551712,0.2499388274940469,0.5757348611603705
0.1106703041708747,0.5365088411029187,0.5932861978532407,0.4124787634416134,0.5093067300435896,0.4433262883144945,0.5608357372018798,0.3145673195638951,0.4935588143635273,0.3000147421423323,0.5924215152615177
0.0016325679729426,0.4749050111304894,0.5717107384827692,0.362554409668025,0.5593348379641041,0.4759425944082486,0.5657719214641184,0.334723817385058,0.5134203679418319,0.3332473537439503,0.6004444694495701
0.0111965856488296,0.5120077998895793,0.5867961841782503,0.3786997584528593,0.4487877900179243,0.3842894670831333,0.5145906093836041,0.3156055603583715,0.4515852617838299,0.4115969738062728,0.5380356301533342
0.023039501566479,0.513379387219992,0.5954531784214534,0.3354897289320468,0.4904581054443496,0.4458911842411329,0.5549781496054602,0.3689464159414353,0.4918936845701805,0.3590524186564957,0.5925348027309988
0.0077769684880364,0.5105878150703,0.5513942095508747,0.367537354349815,0.4128495104069389,0.4503231056486713,0.5474461420627982,0.26233933120851,0.4783494201161954,0.4073096122491524,0.594318609542841
0.0956824605411846,0.452781477167589,0.5626219248754063,0.3474186553936594,0.4927575317868647,0.3652444500449471,0.5598161762382621,0.316603672691331,0.3955555344737158,0.4704872595111652,0.5873236121675328
0.0246418532144035,0.3977030707353126,0.5868445826954516,0.3794912589851746,0.5068421295193779,0.39623349552129,0.5800473920946632,0.3202941670321971,0.4629932166495513,0.352548663096857,0.5988967565144007
0.1409025790099588,0.4614578307298104,0.596589318750391,0.4164470758788934,0.5150624325011026,0.4161780436406141,0.5332126598211069,0.3507994902663118,0.3814084891178081,0.387989515356061,0.5862726869884896
0.1255252560672529,0.5032936325433449,0.640936551971121,0.4010153389557486,0.5256076812851842,0.4961461650534474,0.5504938792681686,0.3914068202145355,0.4511631242458112,0.3961580722127822,0.6011773181225901
0.0239914084126841,0.5216884743581074,0.642829614751307,0.3277569232294934,0.5440205031362354,0.5054572334404105,0.5597769043746765,0.4174422441742104,0.4957914915113355,0.4254856002132547,0.5736158834365023
0.0674398169399346,0.5201284176965801,0.6824225852501269,0.2689428192690922,0.4567341526739075,0.5071705719726067,0.501416532405615,0.3041543661140966,0.3588312273161984,0.2992753072843707,0.5340300606373749
0.033853199834497,0.4352454866535406,0.6263795154102009,0.3169710423597863,0.4715418587050582,0.5106508695085352,0.4665071367181985,0.3248047042733418,0.4639370352008095,0.3259817514478652,0.5651460897824152
0.0672973927544011,0.4871578347296242,0.5926716862207427,0.258203232603353,0.3846623207892726,0.5442708104989429,0.5513678595891564,0.3716350484334317,0.4920586055419671,0.3650276062612949,0.6165505241649651
0.0438419196056855,0.4963855338840232,0.6555824883054304,0.3432116420744077,0.4799592513758732,0.4575348516584767,0.6064554429805119,0.392400311102701,0.4679777482918411,0.399061457156307,0.6331798011173735
0.0725235549410409,0.4998197220009329,0.6047336383517675,0.3522216489236365,0.5100182205103913,0.474646988375763,0.5776052932423656,0.3218652475431895,0.4971857422679018,0.4030649885149949,0.6217145875332418
0.090814522065972,0.5160908880650183,0.6244263132408153,0.3518521579390359,0.5291582022124137,0.335663432424016,0.505756392725097,0.3670579245084132,0.4767866551111666,0.3586926628317347,0.5775372556497813
0.1155976745657956,0.478154990586274,0.5595924894249504,0.2969070785047572,0.5064904301925436,0.375010819172772,0.5365438650824434,0.2420765268421918,0.4920959791704516,0.3771602443660963,0.6329731153358178
-0.0054012323921809,0.478664204146602,0.5439795100774134,0.3282468563509998,0.4032829441582651,0.3901764469585769,0.609902460522935,0.3594355418508688,0.4065383341174544,0.3791178181077972,0.6407523892783433
0.0407301219493016,0.476317364705153,0.495952025800619,0.2780524170879563,0.4584192063308843,0.455578104760486,0.5918175072071579,0.3790898799351568,0.3568900537935233,0.2322035622702178,0.6297602440301502
0.0615476490170668,0.4341931585490244,0.5817192705892921,0.2719827680134394,0.4715829544902945,0.5017194140414993,0.5656930602287727,0.4341599772782918,0.3716720388904175,0.3537627214977463,0.6531669156486424
0.0970315385513251,0.4768342140109077,0.6109580821405405,0.281569259868212,0.4366319603628441,0.4403684609800872,0.5164560128359226,0.3288363170655251,0.4349733637190727,0.2755005137903727,0.5856641168907316
0.1093406794913617,0.4644902808987483,0.6530071566372039,0.3277153373847972,0.534532864408777,0.4994502658156126,0.5311758422115833,0.3344508314257485,0.4202182642349358,0.3136041857787267,0.5697852466002399
0.015001461517915,0.5099322082251221,0.6151301815434685,0.1886976214668536,0.5148136809940289,0.4107226793096509,0.5210733825830269,0.380778411851674,0.4135773902268085,0.3560456608806528,0.5812812873533986
0.0474871524378216,0.3946853738585681,0.5203266259937221,0.2151289545562681,0.5337649881455003,0.4584393227268966,0.5435349713716578,0.3499640059597221,0.4115494464527939,0.3639910951036469,0.6163073615733441
0.108683922867511,0.4976996424187386,0.5776820060546421,0.3158203988625514,0.4215414728527169,0.4094157943116326,0.5619381312118444,0.374275843186273,0.4435243882453,0.3837739719506894,0.4506139213300388
0.1362042912293024,0.4598003478777538,0.6208908424969012,0.3366490410594479,0.4851448531339763,0.4419665118359421,0.4720847128869941,0.356313449737752,0.4542114116642776,0.3751418786768527,0.556705832766943
0.0567991959380916,0.4720989460555401,0.5868443620487566,0.3815523469530785,0.5083756047907146,0.4022620773421327,0.4960504392913104,0.3886454303660252,0.4640839568736635,0.3464543859051827,0.5815512542074983
0.1182078175334692,0.5207671912319892,0.5879116785543939,0.2336213340002786,0.5632644102686442,0.413320364250209,0.4346286590222852,0.4150792923873613,0.4367724263409615,0.4133796134808506,0.5638417919496796
0.14113284240264,0.5579886121807162,0.5964518226784863,0.3074051049604596,0.4942847685335902,0.4415744252202003,0.4783601649399572,0.3961670172489155,0.4777948186458564,0.3414368091505781,0.6016474305038981
0.0725904574087801,0.4474563943649681,0.6277830253284462,0.3459127969490181,0.4885561310266627,0.4559239034671095,0.5119362412745826,0.3264084568037608,0.4763396242964853,0.3694219482804449,0.5664165039292401
0.0248547855487015,0.461807545330468,0.5673795970920297,0.3661071986983584,0.4401077782992284,0.4592619788469657,0.5301731527748238,0.3930882292256904,0.5153451294964854,0.3758134202107486,0.6130921888502207
0.0990443459691928,0.4625060333552226,0.5732041061907669,0.3144117860503633,0.5299217079455665,0.5005833911793272,0.5385540408799385,0.4044437778495979,0.4928406113320808,0.2871334875163732,0.6180960490540304
0.1128354680744,0.5101725098992286,0.6335441180428669,0.3632556120117153,0.5124101234644917,0.4141117063190405,0.5078280652872289,0.3791036635559695,0.5328271953642891,0.3272074530171886,0.5500281522773255
0.1210052359658865,0.5130794729521535,0.6393750619919413,0.3861218231975953,0.3657522641927319,0.4438224019337799,0.517740154825397,0.4060649202743521,0.4835246791063271,0.3819054319918119,0.6160330604640523
0.0179945476781554,0.3783354388017658,0.5957638081879275,0.316289180351085,0.4364528730082327,0.4533472873093662,0.5325222709734164,0.4204103976573855,0.527861488921689,0.3408112202935775,0.4798741443189495
0.1089688403986474,0.4532666808304738,0.5706702136314749,0.3376249945475272,0.47346902562947,0.3934062120882478,0.5514938924186394,0.4321163533776223,0.4933111373181116,0.3828259222243738,0.5501184950055655
0.135339142451224,0.4884727527007572,0.6175030973422421,0.3512680046674263,0.5020573263602638,0.410675723062181,0.5773890104365029,0.2889514303370556,0.4558406388614022,0.3194449106671003,0.4274475220823728
0.2018558361609626,0.4816716695965865,0.6522736134307054,0.3753784012809866,0.4846729887791752,0.4698793138864576,0.4726720556422755,0.326653587179691,0.4718182983958773,0.3636549522128959,0.4327057304530092
0.1486221253667684,0.5298885703795811,0.6224012742530939,0.3850798199762822,0.4282436792620155,0.4682681575089266,0.4932425456960617,0.3446930666428438,0.4396014263729341,0.3800742240968388,0.4560693123834607
0.1251995106203422,0.4739213468699728,0.4154975094290045,0.3825898249354539,0.3414230691460626,0.4732341940967212,0.501590999557979,0.348970287347219,0.4203978840433834,0.285639390813981,0.4170943308564306
0.1342271219401812,0.4305965275056409,0.4278630037598202,0.3753160830373302,0.2989575187584535,0.3960064565895849,0.5099555504312703,0.3939166962310315,0.4302083597133312,0.3173023224559279,0.3092184893169483
0.1011431691482227,0.4222347683529042,0.4400910348815499,0.3795014114993022,0.2662121199483848,0.4500139804985328,0.4606534230930747,0.4294408636041884,0.4977893656589295,0.4056171237438346,0.4214703969022619
0.131020199548474,0.4089528138077492,0.443439913159967,0.3872778835563812,0.3018949157586423,0.4964761965235008,0.5147276264736143,0.4252733956232238,0.4053229008804579,0.3254553183278261,0.3948300010757394
0.1329029174554971,0.4087631825487604,0.4434594895533622,0.3826674300094032,0.3304711590980561,0.4501761471095131,0.4457881144457717,0.4074168307133161,0.3179957809375628,0.1356019824446703,0.4078546557647936
0.1272325057478116,0.4189077295299387,0.460855313876259,0.359113240855145,0.335264006954217,0.3799643902457755,0.4636692816748518,0.3893595440064035,0.3813633929586945,0.1919520891169372,0.3383632244299894
0.102429600528542,0.4515385363996806,0.4808082705905605,0.3722612796552703,0.3705526467436256,0.4555164480561393,0.4764276829402623,0.4163380856220515,0.4170670041048674,0.311088730466341,0.3487511088704176
0.1696891160099935,0.4713658916702886,0.4996987546143506,0.3755740617582203,0.3495295433021873,0.4843740045571523,0.4367663190571959,0.3729182300382101,0.4390842973576264,0.2423692329698902,0.4079649671838481
0.2051354195061378,0.279917878698079,0.4754781461590965,0.3642827743294784,0.3753477934175165,0.3572249193099274,0.4956906012547107,0.2711075985482856,0.3889697979837294,0.3044917455605587,0.3497904180029507
0.2186463970434281,0.2586850794000027,0.44561270652281,0.3798260506180942,0.4229600359323676,0.4589604388417585,0.515123513765958,0.2879023168973872,0.417952206771111,0.3584984253314061,0.4012122588795427
0.2207490053548214,0.197803662922709,0.4511150535441265,0.3646449138192243,0.4349026531657161,0.440218878351807,0.4813624479609931,0.3728764742201321,0.431272067122504,0.3778468973709734,0.4578932024915544
0.1900279150240691,0.1850092422531484,0.4530549164448629,0.3854211675938276,0.4521132122646246,0.4848675651313527,0.4986194625227055,0.3531586149511188,0.4122518940103454,0.331264347674483,0.4122080960183628
0.1952023689938744,0.2039021990076187,0.4412685788608325,0.3936546837005002,0.4658210649772415,0.482594447828957,0.2912413516295717,0.337542344510468,0.4526931812922508,0.3451397216027473,0.4531420013098186
0.199704080369434,0.2198980187090143,0.432999325692792,0.2988933771985204,0.4568742131352644,0.392737795663874,0.4036973523768806,0.3072046267705396,0.4880607979638507,0.3665255959258314,0.4430192767482564
0.2222913564904838,0.2384044092943989,0.4336225984706566,0.106864563220289,0.3746111213858412,0.4389014074472017,0.4479332034400623,0.4095028075172116,0.4586907539210573,0.370053732338627,0.3745747402803409
0.2534908061799956,0.3376699435644061,0.4518193459081995,0.2279956999091939,0.449588601810736,0.5189966798742225,0.4635409023072766,0.2326890080859715,0.383396143813757,0.3095077467095497,0.3119350104224269
0.2222047780604093,0.3536307569841521,0.5202871192413818,0.2812440370283098,0.4246420610947992,0.4322902349521378,0.4663876967170061,0.3877132535150741,0.4215057210804924,0.3616130839342867,0.3492220571901889
0.2417253807230883,0.3640974565312803,0.5509070264805883,0.3476773887382413,0.4997541078051889,0.4813568986713495,0.5132563220874354,0.3712474179636964,0.4301489470049139,0.4150492593651644,0.3524983557000204
0.2122153948785252,0.3808700051315726,0.4442302191830778,0.3525202958973803,0.3693122678805673,0.4657169833264268,0.4147953672676558,0.3566886033758146,0.347535963857725,0.3621168691869653,0.398625998345137
0.2061243112050803,0.3649430515401637,0.4791554516093111,0.1994275211444925,0.4235952853335588,0.4674321607604798,0.4411529265211149,0.3761126006682603,0.3937648470608462,0.281203264085885,0.422363324374767
0.1127848159019415,0.3524810480127036,0.4640762280821566,0.2470806241745508,0.4367835618663543,0.5211215723982676,0.4744032754284465,0.3781881553853041,0.3961547128497324,0.2461339454557696,0.2821574601592965
0.0811463206467309,0.2867018375092903,0.4098607570381889,0.3330389483431532,0.4856739942906434,0.608014908944452,0.5310142005624529,0.3448323067345539,0.4234136507977898,0.2539395480509184,0.3945835131109769
0.0942963228917725,0.2995110600930994,0.4308669062739165,0.366170468740132,0.3790349906904586,0.5889095439412184,0.4770472140732391,0.310343023524145,0.4723154327460732,0.3388317089640413,0.4135082058776987
0.0626517354039387,0.3360150719823642,0.4220599788125044,0.3671574695449072,0.4643738887146301,0.5931961427697056,0.4492545721946464,0.3922150684029927,0.4786612841788735,0.3360971078115043,0.379961796750042
0.1098568689945055,0.3518940209999678,0.3875277663493478,0.4801961066643386,0.4866949673426167,0.4811779354611387,0.4590350630393536,0.4230290622416202,0.4857491821981654,0.3291014808886659,0.4170458182043072
0.1150121706103378,0.3769265002342979,0.3643226377662163,0.4135142691243968,0.5202722768793704,0.535470062013391,0.3727133423584324,0.3696247191221991,0.5263866205779302,0.3691949753121784,0.4047503222342419
0.0989398356584075,0.3773177053250104,0.3860229029701347,0.4416019870170492,0.4636884514390256,0.5676949985298916,0.3891866746013244,0.3107643030173893,0.4059894885116284,0.3502925446478176,0.4106541475618457
0.0487448886732927,0.355219714747897,0.3958299942840149,0.458185904154762,0.5302875731736582,0.5843630278464296,0.4587936733935106,0.3602468456619031,0.4016663542238104,0.4161825471334509,0.3235644188789753
0.0598738635730481,0.3790562208215299,0.343381640944234,0.4847403719961944,0.5682012412553139,0.588400723252094,0.2880198951153339,0.3775202580561962,0.3554289794673037,0.3521177379113842,0.3672898699132013
0.0365475679857118,0.3398323470807463,0.4324460592472509,0.4472675974593692,0.5018346375154535,0.5914781091251058,0.3419601132679805,0.3954113243496635,0.4079018680799607,0.2905084144303759,0.397022835314796
0.0409801844326997,0.3115313709315722,0.4374236468464187,0.4946320093622863,0.5319715269359238,0.6131420118728955,0.4237140320549807,0.4302174394856296,0.4023792191109743,0.3253910026282098,0.3769095917624345
0.0499115668834703,0.3136786071615344,0.4242769734940915,0.4332904743928602,0.5372559658829867,0.5944943269971217,0.349423613341852,0.3590209455409144,0.4206543614252613,0.3650251612438352,0.3776079643579463
-0.0024658200038834,0.2901303685069187,0.3620729310797379,0.4511480053273384,0.4529520156126894,0.5393796088974878,0.3282296588565269,0.4590659251268112,0.446248566627441,0.3112103600441354,0.3310048201919014
0.0264633683523755,0.2978990247269865,0.4167592695858286,0.5066613326624952,0.4421713117049545,0.5615353369919729,0.3562257654717623,0.4371501389346671,0.4571020293283635,0.3944865136523784,0.3837369364210228
0.0796543778816368,0.2478205233032132,0.4324214427866686,0.4596993003255147,0.450878686271015,0.5872494734078708,0.3827113638186383,0.3631365364469788,0.4424202524536672,0.3828830627283193,0.3822523004151861
0.0393109550117259,0.1843449026770108,0.3754870036792858,0.4653518722819859,0.3579296752111123,0.5746523080385417,0.4025946329618181,0.2815292915913585,0.3671765869058956,0.2472324501247587,0.2945875250543187
0.0320466004665136,0.2324912753700798,0.4258839715107925,0.5380671777094276,0.4094938616937476,0.4855653928200547,0.4687060865603222,0.3475933063243333,0.4075509698189291,0.3242684466375678,0.32305212359563
