RSY_CAGE_0,RSY_CAGE_1,RSY_CAGE_2,RSY_CAGE_3,RSY_CAGE_4,RSY_CAGE_5,RSY_CAGE_6,RSY_CAGE_7,RSY_CAGE_8,RSY_CAGE_9,RSY_CAGE_10
1.0,1.0,1.0,1.0,1.0,1.0,1.0,1.0,1.0,1.0,1.0
0.159307853450952,0.6939554276051317,0.5625324356132719,0.4767396686343513,0.4890371205611254,0.5426591843644606,0.4764665715591126,0.2328596935637745,0.3460888049190374,0.3616825071987102,0.615267549219493
0.1597817837571576,0.6039573290756736,0.5122670689319004,0.4685473245086987,0.4860490905441332,0.5546799193194094,0.4251140619530091,0.2029493320422541,0.3360680071036057,0.3672428589730231,0.639152703999802
0.1326997448858001,0.5617897678124844,0.5300751696469583,0.4450688805673293,0.4916784654258008,0.5819385002707455,0.4829763626909927,0.2339420233085532,0.3010546801072821,0.3211767027365309,0.6220829440351009
0.1273646568292392,0.5585391457018802,0.5038304623821805,0.4443450052138902,0.4774122831795939,0.5398330043473943,0.4693040385115181,0.3071039994335872,0.401750568790966,0.4119910908512391,0.6216897644020758
0.0891303491529017,0.5255955370773052,0.5146152546904539,0.4570984519827469,0.4646349152922136,0.5281424760828025,0.4872018052367143,0.2605021950982287,0.3759150330487893,0.2907477466350372,0.6070269751071212
-0.0015992220108251,0.5353431759813826,0.5518447654609778,0.3828127632292978,0.4991094990393021,0.564057732866033,0.4588614030198207,0.2664094916545997,0.3842966720182412,0.3222754307626581,0.631711311465854
0.0710336579544328,0.5570698045995494,0.5080122295987444,0.4354318631510959,0.482766829128619,0.5494248125834454,0.4812775712749959,0.2566383387735089,0.3610444389271925,0.3281546397008915,0.6103914377136203
0.0688055543101516,0.5860627119906233,0.5267147671165988,0.5029816599502434,0.3678551890534083,0.5375105999529088,0.4713902427806285,0.2732629694872502,0.3515452531990229,0.4012952030478326,0.6274061573669989
0.0916479485391607,0.5329787281123081,0.5268577468527068,0.4307974270099085,0.4620290472836969,0.5337608920819968,0.5029513091796233,0.274198912640355,0.312628136901639,0.2478573971332457,0.6219575247618465
0.1059320284264536,0.620218875268458,0.5568561270709714,0.4036365322161214,0.4890788582049502,0.5857113326663117,0.5162934466384007,0.3224087244283914,0.3825388291682514,0.2971676136471053,0.5716621971215854
0.0795728056094591,0.519921794382548,0.5473339969873489,0.4251968400025508,0.4834515956238108,0.5623200686914199,0.5064246297710112,0.3049639882586109,0.3137914426862796,0.28073784738883,0.5914413999270861
0.095591703057648,0.5185684692964616,0.5077468882312562,0.4271408319067467,0.4604828838789424,0.5821901633972429,0.5180456880747668,0.2699718673374118,0.3264156118826868,0.309827988746249,0.6050092947387913
0.0601354160322474,0.5323729123305583,0.5083882422047155,0.4480615840090172,0.4556797407231948,0.5967728313347711,0.4637156152493201,0.2742108387376518,0.3475235324235786,0.2788999265891711,0.5719659332568565
0.0622573758620028,0.5674730710072147,0.527024757962549,0.4125614707416747,0.4253776088252136,0.580813797884934,0.4790363107190333,0.2677592655636769,0.3344854072102859,0.2516142137221513,0.5869467225033399
0.0358860176063049,0.4635550855335891,0.5049288353264216,0.4201841490693423,0.4442975305488271,0.5262821905734077,0.4567243558148871,0.285560882386233,0.2738629637936339,0.2911704468628004,0.5749814879322448
0.0849454545076138,0.5198323171689078,0.5173816181768303,0.3973027418695607,0.4716435924328723,0.5505724371448844,0.5267763315896431,0.3126278291107245,0.287443502078298,0.2924348602924437,0.5934549116238934
0.0368527216044891,0.5178160015466614,0.4591069520794984,0.4058924727543489,0.3874224908159407,0.5553597256293242,0.4469692496401901,0.2420714645705622,0.2679496019644639,0.3125851069644558,0.5832316879999913
0.0774406656883023,0.5252665876109255,0.4855147044090571,0.4309410042095541,0.4267317740163831,0.4932971218401212,0.4535958347692683,0.1798917749269468,0.2331345968735865,0.2786773877400018,0.6052318807220298
0.0876904337090805,0.4922569995597821,0.5129786312743712,0.4679079819889304,0.4495945095112905,0.5017933591423229,0.4772284202670388,0.199514753098717,0.286439412130952,0.2440170985677567,0.6183222079345563
0.1042709162445924,0.5135010201164816,0.5170089427731654,0.4156618759116057,0.461637452839666,0.5024199722183987,0.4515313591766444,0.2482347264207874,0.2621945488179275,0.2307096478193116,0.5777484775001437
0.1122512534883307,0.5345038868596748,0.5027556058796452,0.3642536289260015,0.4100536307059992,0.4715801020194497,0.4741052358316077,0.2370956240534507,0.3166010790812538,0.2651118169138753,0.5875241699891315
0.1031073247993559,0.5583692899781065,0.5268071552069845,0.356600371410212,0.4252214730073131,0.4605377781810603,0.4518340968184018,0.2003649919458488,0.3378250298366512,0.2672728008701273,0.5805706377486939
0.025285571528221,0.5490208458912754,0.4221458319158421,0.3954591006005546,0.3827977918707058,0.5085311638824718,0.4707539229950976,0.2272432285116846,0.3315745966134496,0.2239187050915599,0.5684408337166836
0.0324741498541045,0.569587405893545,0.4577134099549654,0.4257491876593196,0.4157157390296373,0.5161005321353587,0.496496754143391,0.2411725534389439,0.3150888876247682,0.2636720422993561,0.5920822612031116
0.0568300855901137,0.5022837968036628,0.4861166899416084,0.4316558603391729,0.4013883661891776,0.5132254597214164,0.4096658468579477,0.1643738107331993,0.3184594410481543,0.2659176309161941,0.592358066657376
0.0471261654735451,0.510396829235835,0.4956254699722792,0.4401403893594628,0.4297425921218475,0.5270590195327047,0.4268256337963153,0.2265929816182149,0.3191882412495237,0.2817526156145861,0.5502508723398686
0.0568921774756604,0.5100575335957578,0.4762433362216423,0.3943297348843837,0.4522419846507342,0.4535824265079657,0.4590507753208372,0.2301982126214307,0.3394065413753532,0.3054404693198813,0.5830542431244401
0.0720975270121152,0.5520045585874358,0.5107850585036402,0.4080172574700504,0.3922618276840415,0.4791164214594249,0.4882602953979216,0.2388764378454288,0.2893119765444312,0.2989243077800231,0.6096566806742104
0.0726634588230992,0.4817568952005124,0.5187590875289052,0.4090515259064259,0.3891113051856762,0.4802679624753867,0.4714042601156944,0.2272287886312707,0.2875471522757219,0.3003183762626243,0.6141056020273028
0.0812431984475201,0.4905686594780732,0.5136625874741236,0.4286194404282218,0.3980584434420642,0.4458371167950227,0.5105200555907763,0.2549003339921037,0.3163890248827747,0.2677780371348252,0.5618133767073806
0.091188944449682,0.5524142011237563,0.4905516990991413,0.4122782577739375,0.4279807985614191,0.4714106288514889,0.4575658942502979,0.2515993290302483,0.3070045958288145,0.2929260566269468,0.5741313150734978
0.0918530861449854,0.5122120262970156,0.5280648791253681,0.3889997971490753,0.3937426025684492,0.4724430835859144,0.4528338019913902,0.2616947927923519,0.2919265859457023,0.3001887689041831,0.5618822434412013
0.0773983019380817,0.4881367887983617,0.5412796450462518,0.3628946178654417,0.3675249159660669,0.4782223800678472,0.498838377142965,0.2564426905422322,0.304741532902301,0.2618402910187105,0.5649307080053649
0.0522863147327506,0.5002080792183108,0.5188319731216352,0.3833315639920489,0.3821939434670018,0.4993310751573713,0.5090710969342755,0.2269265282842582,0.2618292610759378,0.2688529207873673,0.575985940287624
0.0726677460490174,0.5207867459108948,0.5500740000963299,0.3761598855685044,0.4333912531772415,0.5032910516232069,0.4942324433787199,0.2160687145209229,0.3277348344860294,0.2314853231529315,0.5780430886301758
0.0844032226030798,0.4992560752656828,0.5255730566623454,0.320871862369576,0.4521323306422771,0.5058957951275886,0.4916737152894717,0.1930855161882796,0.2831261933284269,0.2431750947972299,0.59524487043093
0.0310194781108417,0.5476523940963094,0.5164804832467996,0.320827163217104,0.4089638329203386,0.4565471980020679,0.4941830032360444,0.2026854914819485,0.305604945800044,0.2877639094682446,0.5859781036184051
0.0399326261419598,0.5856603131689693,0.5117328402132807,0.342561158501058,0.4309099524631384,0.4574138007793217,0.5059690145164941,0.2243964533851238,0.3338884331566711,0.2694684167755009,0.6047516316434175
0.0380358738010804,0.4331726293658448,0.4955313367850686,0.3702793640406194,0.4397884563211275,0.4891334947528665,0.5059807375970637,0.2273157377881635,0.3585129244325297,0.198442846779024,0.4000261669754446
0.0800480304942105,0.520562818291139,0.5307868132508221,0.4211302535740566,0.3673491029904706,0.4201036495359107,0.4816402549389535,0.204122237783271,0.3648501041804904,0.2584722818006353,0.5110937428496465
0.1173619578670186,0.495698463067649,0.4653506337392198,0.3436260377320212,0.3860133951785294,0.4392663924814948,0.4817814682950676,0.2004183105336591,0.3177031960996331,0.2303726633215966,0.5313628932335475
0.0370361983342826,0.4874645102137765,0.5133707912525609,0.3543793125819231,0.4360164734761378,0.4423726466245778,0.5159456758921803,0.2068465775389544,0.3177387592118494,0.2372331265968212,0.5738523165895594
-0.0064961818013038,0.511774881381412,0.5182594495748944,0.3811407001585053,0.3680669111171773,0.4658943276898104,0.4823655832464179,0.2274855146555315,0.3111356788258689,0.2581516713900854,0.5833420212150022
0.0466437894085827,0.546346953991315,0.5409781102514928,0.3942133729674531,0.3446358322084416,0.4846140425291884,0.5009453735663661,0.2708169030137541,0.2736780317646453,0.2893680351571756,0.5595980191359121
0.0040414671257766,0.5259950399238513,0.5144479690921963,0.4119413551157587,0.4186106071721631,0.4625520554422743,0.4843431376633478,0.1947801913966782,0.2802433497157235,0.3088177182137117,0.5818797577530477
0.0412270850656877,0.5352135523906913,0.5364634724380342,0.3287587000788672,0.3715325692968352,0.4629645902079028,0.4870777678351056,0.2085210468593469,0.3083259626420326,0.3319151301671683,0.5631887314054583
-0.0201114940655097,0.5455739181304293,0.5522167018541153,0.3646027201490511,0.4201858400724677,0.4630335220014364,0.4632388856852552,0.2350153441841692,0.335567140239676,0.2562004576944341,0.5542021106257583
0.0263430993255893,0.5150309323298301,0.4904103541936803,0.4013994620758516,0.453295444482468,0.5128104208212967,0.4753591126550623,0.1843023446434479,0.2596780843849209,0.3055762260844675,0.5827871501895601
0.0676908231234124,0.5437636487044356,0.4971762781704871,0.3830701627220322,0.424638724662291,0.4730483273999433,0.4840037610019662,0.1533969665256368,0.3074135905914049,0.3018121633834134,0.6131576951651232
0.1003889851739425,0.5505283661412284,0.5298052381852276,0.3827246214668495,0.4084520734888507,0.4808140020604365,0.4997686452432997,0.2100506820146568,0.2654214134715168,0.3046982132874462,0.5633915090960153
0.0672720452148461,0.4760160303839844,0.5466398277825041,0.3841102907236806,0.41933137035937,0.4340257223690135,0.5029973610345371,0.2105371032564613,0.310838840495463,0.2515620928075432,0.5687285940119133
0.0675294704932624,0.481149569269974,0.5229845213568076,0.3858601081496119,0.4217669007525439,0.4412382806061996,0.5117780743286224,0.2379078851758713,0.3491687626598949,0.2755027477316127,0.5575410747070593
0.0582282367973012,0.5019816480343924,0.5251780611935015,0.4107883227852882,0.4422543719361639,0.4572910033381835,0.4980635969903607,0.1955122754161861,0.2762239756557278,0.2691475428315925,0.5684399942177636
0.0670796339579193,0.5036563424797538,0.5342364885781079,0.3592813227340433,0.4046559458776898,0.4809177747720783,0.4848436711549457,0.1528144962072227,0.286385004132766,0.2084948614639078,0.5704656310817277
0.0349999084993578,0.5145644044371802,0.5130430551859541,0.3388631039207661,0.4247754462639314,0.4689242832568559,0.5220110942829488,0.2149373173892236,0.3256982724538216,0.2726268221592848,0.5455014476918247
0.0718703061978391,0.5442453088253505,0.513766313280205,0.3193818506111927,0.3874174450291801,0.4664449949394793,0.5198398536405915,0.2238120440321312,0.3418472656162187,0.3176664174730431,0.5624745359201911
0.0198251258613264,0.4585503306444986,0.5327836700406186,0.3355053571700459,0.4277105697572525,0.4473439999580676,0.4922914502975109,0.1532863589864256,0.3060395197683774,0.3173999237972133,0.5210233446164698
0.0605472110125327,0.4967786564494966,0.5414268691720128,0.3693686402869764,0.3771671230290723,0.458195897157897,0.4899767635961499,0.2110998790728309,0.3226300945943157,0.3320538890993765,0.534451373475916
0.0075379081702457,0.5078899988324082,0.5013173981119221,0.3585508313917004,0.4164850498985314,0.480337094862603,0.5093427300545761,0.2015438159522521,0.3015424063923923,0.2301955856975509,0.5710508733463371
0.0854853238510077,0.5039767654484909,0.5453486874098015,0.3577874717195588,0.438895685684271,0.5057886254780293,0.5152457025358385,0.221747947031424,0.3180016712889269,0.2670114582258711,0.5798238666673458
0.0693718535860542,0.5266738132006002,0.5443699862569105,0.3756369692930923,0.3701127296638307,0.442190711964566,0.5043103955306899,0.2230513929586492,0.3203923702288391,0.2795234758686171,0.5412948254212341
0.0686733485937277,0.5111121732771612,0.5064436370165555,0.3849095101736327,0.4240892780424754,0.4706649595324015,0.5184596093368208,0.1194086996093553,0.3031145025740568,0.2692570697080699,0.564066171411981
0.0908368403279223,0.5431293736067799,0.5116247149345918,0.4127661132065664,0.4367308414851902,0.4559998831755231,0.485420647330811,0.171468496948626,0.3298044147237861,0.2829595830339118,0.543490436991202
0.0698235601995169,0.5543069657846758,0.5138815071339204,0.3845746938800653,0.3924799357529626,0.4453221518584841,0.464181255992114,0.2026042546305283,0.3475829236513049,0.2749687586883962,0.5720363161003137
0.0719503197966768,0.503017071897263,0.4661545123893301,0.3956781487335983,0.4206039244033349,0.4645268760217279,0.4774294522093205,0.2239932248472205,0.3472723836705723,0.2686521621255749,0.5752869580140643
0.0524109236553645,0.4966198414078079,0.47036387449721,0.4218164557824801,0.4444448049248186,0.4564602639095022,0.491001630614688,0.1429448355026662,0.2586573614801911,0.2959036502622578,0.5763929365995715
0.1173319410316895,0.4964577862936749,0.5207020780371729,0.3983294143273735,0.396705391697121,0.4486181494538144,0.5099319255273065,0.1758148992670514,0.2621163951649355,0.2653496840495355,0.5485602977543199
0.0222877755907144,0.4723840549819978,0.5529825879324539,0.3792257229016498,0.4352490355269787,0.4379020130395907,0.4236016768541418,0.220297150884392,0.282862243520547,0.2789775133655108,0.5551740308102839
0.0623915486155591,0.4910822291955015,0.5263542337310717,0.3646861640746474,0.4376765491247469,0.4509218122873712,0.4528482603454313,0.2371403494960281,0.3291876916347378,0.3069464694062329,0.5395855549030236
0.0389787498040264,0.5097404635326074,0.5165894970421621,0.3590036060625413,0.4346788036072786,0.4586092104856811,0.484249764164198,0.2695863205604218,0.3205585621820095,0.278409188871041,0.5123798025505273
0.0482629955434581,0.416327329679809,0.5627597239581033,0.3479984571163821,0.4037860738118389,0.4664908791010609,0.442310909910472,0.2442879978406933,0.3134654548713032,0.2629065997882919,0.5309191676074876
0.0602179255300517,0.4400806564761218,0.5124511952427006,0.3480415940010291,0.424849268293297,0.4048631058036764,0.4709540212254109,0.1680795373791793,0.3175474580898652,0.2639082766560312,0.5412273617912007
0.0689046857440088,0.451789725832968,0.5045735739887003,0.3515531613288228,0.4363278477224888,0.4257133981097674,0.4888172213531196,0.1975826758280847,0.3325602989332817,0.2596824010832081,0.5095743910092496
0.0535901427199335,0.4941531991117732,0.514645202367878,0.3352208247235107,0.3740235320045869,0.3846809971641655,0.4641974122100526,0.2423983935469996,0.3318339735428263,0.2710287216501068,0.5291520787896538
0.0726209833692814,0.4877997213628653,0.5043178723635466,0.3590817018927978,0.3992424793891101,0.4332066650249557,0.4734276161395314,0.2450327616530401,0.1969830690099027,0.2563792468329828,0.5359992172650243
0.0508867599804002,0.4958048779789358,0.5058748820339244,0.2799863708996726,0.4204974438734297,0.4026109128495828,0.4699035656931606,0.2401449220781729,0.2785143163688547,0.2489732899973746,0.5451808418023829
0.0418549696303163,0.5114641408841467,0.4702042612799552,0.3329281188305945,0.4591668508766513,0.413583742616038,0.4751863085526226,0.2739334371770869,0.3031653950411215,0.2690834713786481,0.5613545993201505
0.0292580354172675,0.545145219903427,0.497095695026125,0.3273541483086074,0.457279096332305,0.4221566093390304,0.3607511263996864,0.1645048663648315,0.2421400089962056,0.2989404777925776,0.5830534789300957
0.026640431663463,0.5470256624557699,0.510210541362027,0.3516610109657805,0.4025520946287619,0.3966839985065082,0.4223112910914995,0.1872003060262085,0.2476519964189263,0.299755915140425,0.569773640426432
0.0307654826519381,0.4706114596914704,0.511951109418553,0.3634216454977374,0.4168166644303384,0.4033443450006009,0.4477402852922753,0.2107375921371589,0.2791770159826094,0.3135425272699075,0.5349500302604363
0.0203859835148608,0.4792635587913229,0.5214473316378315,0.3580232787415955,0.4469443635836316,0.4341791937519897,0.4732808643902169,0.2776775549010835,0.3273414637099745,0.3244352608478587,0.5515355714478517
0.0476527515831711,0.4852116595373482,0.5241060937782316,0.3654906257806798,0.4066503583217799,0.4539167265800801,0.4439618190382804,0.2209677997939653,0.3341574788014815,0.2977345770752976,0.5043491385729709
0.07728499281179,0.4972921696692193,0.4825475855082538,0.3592498701282686,0.4435035188662531,0.4648989579887577,0.428574621714749,0.1835092850732664,0.2789117854474762,0.2322753760374264,0.5052284839153807
0.1059295475003194,0.5132989088734106,0.5034787862255994,0.3747905885548798,0.3810559985528081,0.4498599334777607,0.445651538906576,0.2107320724921574,0.2809401561421022,0.2458065311054598,0.5219823608641154
0.0236419027384407,0.5004184584697177,0.503589106318328,0.3584289547359617,0.3909200460985379,0.4165800760623117,0.4912139986050126,0.2318781267926656,0.2823848162042198,0.2712127736796764,0.5546248919469053
0.024465304957246,0.488288662898798,0.524794841892939,0.3677811530123552,0.3948345623126953,0.4533625678011355,0.4695043406804783,0.2366653225200198,0.3167502750203855,0.3148395286076683,0.5581655140390365
0.0402344095939293,0.5090729806400658,0.5046867694191954,0.3259532218273539,0.3820882174284514,0.4600711811763027,0.4796864543097218,0.2287512784417553,0.2794648240468659,0.2368042862050404,0.5718590198507627
0.0333248913794303,0.5165858891325783,0.5050696264047494,0.2913828178248834,0.4009090913463789,0.4119267117490999,0.4810719060996592,0.1965500121417632,0.3046829734765975,0.2858147628912212,0.5041372632882011
-0.0174393145968185,0.4600988355025164,0.5057988453959469,0.3401358451487059,0.35819157268405,0.3843745957818754,0.4925259881630628,0.2018169496982898,0.3318283685464109,0.3055803713970889,0.5516492172324959
0.0273118275047451,0.4547455691932751,0.4759287260721021,0.342902709175946,0.4146210218429234,0.403615395579824,0.4509048323334571,0.223233647942131,0.3358989966190285,0.3310041283881105,0.466846602780223
0.0456244337091742,0.422201937923764,0.5152804474359319,0.3475471325446445,0.3413230566971936,0.4353018033681717,0.4669508249714182,0.2138583024684962,0.2940037063168639,0.2930542287358719,0.5250757737006715
0.04838880131976,0.4496575327380117,0.543871860259316,0.3812528883884656,0.4067601793533662,0.4425504607264078,0.4203088964634501,0.2335831088820556,0.3097085111760713,0.2930814358828797,0.5607623685954739
0.0635868578006618,0.5088681807487394,0.5025000434784246,0.352787732668514,0.3524437436712101,0.4449965562459861,0.4508504147461987,0.2465382372728571,0.3115080811727325,0.3365606399854917,0.5474083097140284
0.077089792579082,0.5175788925511395,0.5140525054453332,0.3777945782761498,0.3954544655352071,0.3955211550373481,0.4857742873303973,0.28842892935414,0.2594815702502085,0.2384529145603959,0.5524897326740171
0.0831551763689525,0.5215070919004372,0.5161188496627795,0.3488625908125609,0.4249278334416444,0.4125752330005419,0.4381385059839574,0.243933162386493,0.2941393747436278,0.2538974138447354,0.5378660563443516
0.1050594098793001,0.4775348544765012,0.5498253206216366,0.3492581847541472,0.3692013295800994,0.4364441472663312,0.4519990500418775,0.2451481038665471,0.3165474862037083,0.2966630646837547,0.4819696979279919
0.1267317679789809,0.4779136816841872,0.5496740442845481,0.3114914020517528,0.4078482764061167,0.4272075627453809,0.477220982704684,0.197299097195488,0.3035095533272268,0.2469998676420941,0.5027358050170655
0.1309864448140221,0.5069140345643317,0.5631650605138152,0.3695000424869251,0.3743292460300191,0.3930704921784991,0.4856753489163765,0.2113654801160547,0.3248730715972002,0.275203842699198,0.5196127594678256
0.1155896737277686,0.518284361570345,0.5543391657860166,0.3986296781626685,0.3929394984986881,0.395252971787851,0.4327364531079721,0.1666488643967665,0.312198522935005,0.3280482603900754,0.5424253728188928
0.1169128677931824,0.483446628080849,0.5576197111002849,0.3706139937645302,0.3914922807785956,0.4140692331479822,0.3930344579427051,0.2168430767134855,0.3474551318673853,0.3284431387661296,0.492003022799337
0.0316316426821505,0.4578964188216302,0.5505589598510638,0.3559516564723398,0.4029410147952033,0.4526069745729765,0.4090383999666952,0.2022528571224598,0.3128625973617961,0.3633545445488868,0.5157083752078684
0.0601673118897436,0.4888543401255434,0.5349345775393167,0.3775621608547481,0.4173162826440912,0.4685350107501216,0.423614801266257,0.2383813884554431,0.2772027691618888,0.2808519302271219,0.5217455596409224
0.0676023311297568,0.4630590478873949,0.5222989770658112,0.3862744475064564,0.4513955993624443,0.4214590282377792,0.464449610950955,0.2621660099835321,0.2987489209351545,0.2244826182483642,0.5146430265179349
0.0366505086511666,0.4744448015571846,0.4583413486802852,0.3275128027338438,0.438736004974629,0.4191725741662899,0.4926293019496094,0.2705649865709387,0.3330689541233216,0.2847448078098812,0.5078309568947861
0.0557106097165367,0.4961442096103329,0.4918222887235583,0.3421083339511995,0.4186143362339557,0.409919878995621,0.424285008058243,0.2426419929954526,0.2541193098307143,0.2736139848831292,0.4686352297387257
0.089084252433009,0.4982636855431624,0.5288940896849701,0.3493516039559253,0.4398764294995684,0.4471803330388408,0.4393395365972473,0.2604379866398884,0.2939898736938642,0.2250981858763788,0.5184816871510756
0.0528457008747897,0.5061338282575238,0.5435273453176186,0.388884929049306,0.4302784731981375,0.3880203007279317,0.4253511322980179,0.2704877788726196,0.3128469367569966,0.2549820526613017,0.5302916058018432
0.0665093949938945,0.5346033915043152,0.5689539994567996,0.4024952010806294,0.3812364321884917,0.3914817122342426,0.4268986290586634,0.2686091435043326,0.3393014690243915,0.2561703556988474,0.501958502964644
0.0787271090005242,0.5263734386619784,0.4737580339611404,0.3615125677760439,0.4031974973355915,0.3816458862288942,0.4505689519847139,0.2704225103921525,0.3226378148288766,0.2760915009372586,0.5134737888129186
0.0591470586693982,0.487636724124217,0.511692868052653,0.3184409352767111,0.388630777492767,0.4039670276047562,0.4709270095947095,0.1342898004393055,0.3048910312091237,0.3092915473168692,0.529441377966936
0.0729815185255546,0.487599658707918,0.5151591919741014,0.274946941544795,0.3846082636075268,0.4138773423815193,0.4227094719304054,0.1814946873407602,0.3328531078807596,0.2988737983940908,0.4922896977807579
0.061284572258082,0.4946013833397221,0.5207932767184514,0.2997350743626565,0.4195950644498459,0.4413210309342323,0.4107369355703764,0.2121647669401323,0.2739380466714409,0.2524450437903068,0.5117030134237894
0.0878873374384816,0.509788056244896,0.5293853135395605,0.3259621924589966,0.4254361564266657,0.4682415601303235,0.422445984115831,0.1613715145518983,0.2976770808650014,0.2873794277744633,0.5360637354940141
0.0182387472736158,0.4812710254006275,0.5362415396351556,0.3375794392024543,0.4137612367744931,0.4704781955158233,0.4454884797890804,0.2158937798065591,0.2703663494742823,0.2787684557917022,0.4942400010070714
0.030984745099216,0.4954553905920118,0.4748129330674238,0.3515039144590028,0.455808818900015,0.4613121730370889,0.4300328881669158,0.189283158973315,0.294138495897297,0.2796012677844968,0.5167559588210733
0.0285392443980811,0.5275232200795019,0.4893778542300164,0.3332877832282228,0.4382378944456591,0.4331707880728759,0.4566029675598687,0.2181597444774372,0.3013289609974278,0.3043037451474965,0.5287246469344515
0.0449173886881704,0.4876947141440038,0.5207990270573941,0.3306288568253291,0.4139405480483907,0.444295475046479,0.43862290201519,0.2344732966469316,0.2737070573542849,0.2834656292662461,0.5215027266961404
0.0271459933498936,0.5013405728672795,0.5289223018166518,0.2701012242000567,0.4026756270930577,0.4479075535790098,0.4783058208874962,0.1922817636028269,0.2910213532087928,0.2683783135793795,0.5030676321523
0.0566530120826397,0.5377574160604315,0.548145894923197,0.3061801531237281,0.4187962463191887,0.448171054527455,0.416223896324439,0.2513061538605876,0.2737784093449548,0.2912296295429478,0.5300336722084298
0.0846655453710298,0.5274093126162729,0.5433779337729471,0.3135088658495429,0.4187231970371327,0.4507776556721774,0.4383912618630035,0.2646837429610144,0.323605634387916,0.2911400104758672,0.5421988606735045
0.0912113806511781,0.5463107820240927,0.5305101672965299,0.3516222894933919,0.4260016081584484,0.4433243182874826,0.4370771564811992,0.2677386016967767,0.3334066738044947,0.2768100605617655,0.5460758099272477
0.0538591497258123,0.5092791509231324,0.5399141784458397,0.3565453038969667,0.4028286405834329,0.4122474022254487,0.4930054990337154,0.2284786592092524,0.2556737351706113,0.2950513873608448,0.547497613948579
0.0635162974550574,0.4663703846882333,0.5358422626879881,0.3866280006860132,0.4451595471995782,0.4393337208837959,0.4657222804204,0.2563398843393997,0.2875287786230587,0.3030161419686789,0.5193785110410287
0.066983767858848,0.4704561758470942,0.5570938690617042,0.4061843183583274,0.4063230001723379,0.426853507457633,0.431853074531655,0.2262358653907726,0.3400508478149689,0.3132369138125284,0.4920854323473494
0.0598148663849119,0.4845499496283575,0.5172294261002953,0.3956361939107853,0.4349139857477412,0.4111370161256877,0.4580788765744401,0.184354553090713,0.3413915616562492,0.2887747845012656,0.4849181508833047
-0.0156384051096552,0.5106162606917787,0.4798331487416321,0.3666063945829039,0.4148683409357753,0.4177939073566361,0.4214987711933891,0.1971906254476519,0.2898675369230463,0.2557209094588465,0.4810151206135704
0.004135364926244,0.5050110198220209,0.5416847675356182,0.3815228579978998,0.3906388123550999,0.4207951270939157,0.437518176103012,0.2431234899787998,0.2978825447396576,0.2582458265677912,0.5249462771867724
0.0514032846424071,0.4755463581733829,0.542573584591352,0.3620213326164661,0.4096832745968577,0.4256418409619593,0.4741391933239062,0.2485539385620102,0.3377796599631888,0.2768297329558387,0.4665363310900236
0.0445185189556387,0.4580676846916991,0.4377853635643122,0.3772309792985158,0.4118378886644863,0.4474076770349332,0.4667653820138038,0.2220341133441142,0.3301595534922427,0.3202369199079366,0.4714508015622509
0.0602307594066195,0.4696228542422336,0.4610752970695018,0.3875328094829711,0.4249844315120133,0.47169275373026,0.4815891507806918,0.2419111577787842,0.3122032479593044,0.3275748502544179,0.5053671199178005
0.0431951367734751,0.4482554216630711,0.4967076079532842,0.3896924480979833,0.4604273899412671,0.4030889728860708,0.4816642947540375,0.225211199415717,0.3161229993700176,0.2897112830971329,0.5193054885545114
0.0576698129243078,0.4778342504939491,0.4923969698167335,0.4152189129446048,0.4341576909502536,0.41059826201789,0.4833713748362663,0.2496460305100752,0.2912262420234499,0.2833302010540887,0.5214030674007235
0.0823604227699856,0.4942647387738542,0.4892873218777843,0.3816374805207243,0.4436150695308548,0.4312362968888704,0.4894066956271592,0.2189161020257046,0.2844004319746386,0.2777623779662667,0.4771139609316375
0.1071766001286309,0.522675323238761,0.5121880098721672,0.3523271427636195,0.4437720831285023,0.4423162266942588,0.4082787766780655,0.190082470086268,0.2887745670223128,0.3053286661407682,0.475389840147557
0.1240347834323309,0.4605263337007508,0.5278325242182949,0.3939422500571189,0.4348888928417759,0.4117126880629731,0.3901135731881145,0.1931491882483365,0.3199032622588046,0.3072916953395113,0.5035589856110849
0.0083487176105866,0.4977754829132177,0.4705149347728269,0.3744807864044843,0.4050174098059623,0.4304367313166249,0.413355311447089,0.1980952069148061,0.3420016265611731,0.2528135123538667,0.5316365105206178
0.0422678462603953,0.494630793831164,0.5104100597832448,0.3891198210274165,0.4057095489681808,0.4288298422957575,0.4303733278132309,0.2283874909433728,0.3013203831617168,0.2229506996332745,0.505551781487808
0.0671928976961455,0.4498820606621909,0.533987871199745,0.3832211398186786,0.4271713233496702,0.4362825208510266,0.3870010665822871,0.239403314657572,0.3191948102469062,0.2894921942037683,0.5314319241491259
0.1260534226621868,0.4737998087861877,0.5281157500958062,0.3399261199526651,0.4215684690337514,0.4247209659049719,0.4292731284974456,0.2080106344061408,0.3448372034794678,0.3086015526603627,0.5408002957244143
0.0195466127443314,0.4868361378165015,0.5470692510125801,0.3411519357905606,0.3857853388672589,0.4613749870857982,0.4568462202174277,0.1953686446092268,0.3208926617281437,0.2405117997331643,0.5344966040319891
0.0329110094425519,0.4473863218061481,0.5001693641471856,0.3584705930192478,0.4014536737659956,0.4338543363927124,0.4678509555225291,0.2239981934543269,0.2967355681313518,0.2803565389551011,0.530243772718947
0.0705570204829364,0.4615457742507182,0.5149036124286599,0.2724044071087946,0.3938574184052291,0.4087710166531019,0.4860386606950302,0.2436036418798009,0.3043004433798344,0.2670390082068071,0.5149136896700421
0.0924339389564098,0.467368145683099,0.5381717903598318,0.3199810990821178,0.3803515453766058,0.4244098105138689,0.4980565403026403,0.223003720008024,0.3147682164031025,0.2899936993469117,0.5235619384415228
0.0680245284805569,0.4717054324895842,0.5578501166304711,0.3479088806999514,0.373677925809762,0.440542555772701,0.5042841359949206,0.1699790126488257,0.3194016450058237,0.2773676733952799,0.5333216749635362
0.0960700114215868,0.5077854311983465,0.546419796644339,0.38258719681427,0.4238438755162604,0.4694161407332262,0.4887468321255,0.2302607169146667,0.3221716628816805,0.304233048738739,0.5192305385842677
0.0250407674433474,0.5379195289947662,0.4694478443970895,0.3629896188749736,0.4279586072328686,0.4460054952220212,0.4708227931669706,0.248070815489451,0.2829277086712085,0.255084978873459,0.555172288980641
0.0438036321494262,0.4790638622087291,0.5015899530821377,0.3691568945207801,0.390242538729388,0.4660604060432344,0.4364843182697085,0.2671474725285029,0.2697596140739725,0.2764233107174062,0.5074551316281759
0.0258684888962509,0.5014249365199792,0.4514773179133654,0.3765393713897683,0.3974273617676324,0.3818266252445575,0.4520008566077845,0.2789265915981623,0.2720663586670057,0.2448856671829431,0.5130468683163045
0.0552674519582172,0.4654987705527403,0.4978623739757751,0.3122319265437116,0.4167363845982097,0.4294056945204216,0.4798637969290217,0.2176902123816855,0.2862270172520371,0.2714856605212971,0.5305534971713597
0.0797518595264655,0.4992440090969446,0.5275486853900766,0.3509902276956443,0.4144184951478288,0.4257881957585421,0.4903472772262324,0.2262800803339432,0.3679986460201826,0.2471575587640873,0.4956223812215049
0.06549566227458,0.509029761951713,0.5391307022938963,0.3358262270366265,0.4346943075381536,0.3778552156262875,0.4922576792919813,0.2522389205988507,0.3463183101972834,0.268267708931177,0.5192232814296365
0.0901350548255377,0.4607098795437509,0.5018017390638608,0.3481096670334834,0.4348054423458736,0.4161178065359489,0.4701459996394089,0.1731581310931985,0.3610317974740601,0.2392719419741247,0.5392223854416809
0.1170664935728941,0.4718724504919891,0.5013356266230219,0.3394313817900486,0.4267159582954237,0.4527201247450917,0.477776376573005,0.2027730560323088,0.298490515907739,0.2723668552993911,0.5111976443029588
0.0188276519984243,0.4310384234234309,0.4935220691102404,0.2986414497029744,0.4075268077624182,0.4729737199832248,0.4087014674733722,0.2213130046589586,0.2798052336592919,0.3077516975506759,0.531574735804244
0.073772410789745,0.4708045997809796,0.5012099979690438,0.3364766456499571,0.3838728521843102,0.421191034440834,0.4559317714765896,0.2355501134049151,0.3181974186280908,0.3158411542778886,0.5362536556369596
0.0743673767829028,0.4749419992054077,0.5295796436725362,0.3209348165106447,0.3384631847320007,0.4370628876630062,0.4603853637979793,0.2417178232476994,0.2474360615216347,0.3257486219134543,0.5397848238068396
0.0983227307774455,0.4896137440973371,0.5243014043533405,0.355303047779304,0.385229188699551,0.4483779281219349,0.4723444889844732,0.242382833027649,0.2834766282164435,0.260424738483932,0.5540081723603384
0.0896787573809055,0.452055490872049,0.5279014851972952,0.3354081279001973,0.3986510271173671,0.3931607031306404,0.4695148748619829,0.2739698316268754,0.2998685856667419,0.2705101039176197,0.5689378934687959
0.05701372645537,0.4962929069204197,0.5522334688824811,0.3447332935261575,0.4229589957915717,0.4358017182008377,0.4851143183097305,0.1925718879607315,0.3066378538825568,0.2841419878921173,0.5700137308088724
0.0566829882044307,0.4653175839153214,0.5238397604898567,0.3613748968921646,0.4203053271234596,0.4335803910004048,0.4769668291508538,0.2251268505881332,0.3310018028603123,0.2812363505341488,0.5037644527336264
0.076883807675135,0.506646716342867,0.5147696191874994,0.3345583442314225,0.4291303994147517,0.4412961579408328,0.4915056288910622,0.236117424964428,0.3439656988730689,0.3013807150176265,0.4508671619520931
0.0143531894403914,0.4743519694448815,0.5418783120282991,0.3521043016726245,0.3704670961468568,0.4475796597469228,0.4326428460659291,0.1774932598277988,0.3044703065735959,0.3035711235805846,0.4746891647318784
0.0434270831415762,0.5038282426449314,0.4639613993875126,0.3119840320138169,0.4452487189477874,0.4620851405846398,0.4306075035351631,0.2019412921291065,0.3254738102719021,0.2617128608890027,0.4767373716362584
0.0556333923031464,0.5176351162005872,0.4861474591754379,0.3302799830470777,0.4252466037081167,0.414192747601748,0.4491006037616687,0.212989859533287,0.2888988148495396,0.3330264682055928,0.5020032236706311
0.0460252858371776,0.4744395989837108,0.5004602417812682,0.3620663743036836,0.4254862296401643,0.4225800909808123,0.4683108287459203,0.2260870099352063,0.3261597284416085,0.3354181027734724,0.5153064701361092
0.081491092251207,0.4746308206312705,0.4908910219894705,0.3161481439424512,0.3801963508860369,0.468542419957363,0.478039435442076,0.2159677637884232,0.3729542215494924,0.2367090691883665,0.5239945486960725
0.0926807787704832,0.4709916944696239,0.4857499559223123,0.3326885304828066,0.4185869799495839,0.4650448342966811,0.4884988981434311,0.2367595877620101,0.3285222524971484,0.2511335287355339,0.5248680866122212
0.0699364628114368,0.4703202794939984,0.4948982463421129,0.3705793153889595,0.3950801927141064,0.3857534804810272,0.4933460628529755,0.2204622879908993,0.3241741679940685,0.2191389567875897,0.5429625653425557
0.0533808329628732,0.4765973722671628,0.510420873165494,0.3543535662523208,0.3920407920751814,0.4345993761189635,0.4087267127700329,0.2274612647582755,0.3444003259402705,0.228478990037254,0.4501561408579519
0.0732810690648685,0.496570118518069,0.5416208750199814,0.3716905018035041,0.4053142561064341,0.3893897140649472,0.4152483640312557,0.2248878092945239,0.2586646480970776,0.2960866542947868,0.5050700112625414
0.075284354694424,0.4791038386027518,0.5367454392915447,0.3874786608476873,0.4014917393924143,0.4289650964133719,0.433151553918496,0.1931490068839517,0.3027873473230592,0.3159659160668562,0.4941163477238727
0.0818178287682379,0.5022182663205377,0.5658756938424071,0.338046369795774,0.4098829724984513,0.4382062343751846,0.4480384214817592,0.2346719587042469,0.3097507299400132,0.275701730323977,0.5380659845257159
3.689583771766225e-05,0.4861031866108466,0.50402828247145,0.3405432153302428,0.4204456045996235,0.4212842283985784,0.4808952741205047,0.2443512025340626,0.2744357384502818,0.2989356841781521,0.531273777297175
0.0274712842917475,0.4987014909703567,0.4866033698721886,0.383828763596122,0.4169357703804512,0.4216958690061885,0.4899650687325977,0.2419240892104063,0.2922879761127347,0.3179246308449389,0.5365356324081945
0.0362032994598609,0.507433771912859,0.4998303055681541,0.390992048962181,0.3582805976559542,0.4146561188993944,0.4375989548110394,0.2374359351934763,0.3124449123457755,0.3221707450132238,0.492993449608837
0.0551196431433456,0.4938444666001245,0.5114027375027562,0.3611707438285677,0.390823298241623,0.3388327657069375,0.4495530504549624,0.2315608184272505,0.3259940615015804,0.3329650291392688,0.5090814029680093
0.0066250751136341,0.5042040255008794,0.5163290226286128,0.3830711994627634,0.4270303631235966,0.3844265202286329,0.4697962429231661,0.2364883191567513,0.3269392288525755,0.3275106074411984,0.5181482193637903
0.0545076236425255,0.4612470607176726,0.5028545581963115,0.3424243190516806,0.377607699487952,0.3956753052360842,0.4800723502776054,0.2674190265779515,0.3347862167977632,0.2341507976998124,0.551765412451733
0.0780873028339578,0.4152979186508778,0.5220751953782046,0.3461757718498635,0.405023652568154,0.4282793916682594,0.4958045240498143,0.1971210533466775,0.3251050508151082,0.2837230247041348,0.5145268367503908
0.0616238142022991,0.4574715836255144,0.5285180661949131,0.3179942322643945,0.4286907371053469,0.4279531554935672,0.4453509509178611,0.203266665382148,0.3325107516969914,0.2983735551199781,0.5098636968223798
0.0624377948790399,0.4863965472722125,0.5394727328052742,0.3667227532766788,0.3946034958092735,0.376608633125737,0.4796420079011923,0.2368208926755272,0.3485088948415107,0.2388611773863058,0.5374858109834791
0.0638051752943603,0.4495058979097919,0.4742824782600807,0.3846438046341338,0.4327875151372114,0.3999159866236426,0.4663976968378459,0.2256561058612603,0.334557559564091,0.2854413669319192,0.5377697337040619
0.0962507379907536,0.4817818883609444,0.5177565470314559,0.3898570999142819,0.4372631798524192,0.4176103808427788,0.4730558197709464,0.194126022667994,0.3679962959195011,0.3028837900655151,0.5159703424715818
-0.0036128647535764,0.5057667975903806,0.4985160896561245,0.3963176463003376,0.4479709780733246,0.3680193742183676,0.3695754039538756,0.2025323530949852,0.256660744730226,0.3142889332255862,0.520903460134676
0.0167447903019539,0.4779125406641623,0.4978957084516978,0.3995333719645854,0.3391352819747091,0.4116056750561763,0.4092581046483091,0.179177436991019,0.284609635872329,0.3204485284370266,0.5182418687573115
0.0353661514656527,0.5021009956080084,0.4948755107362934,0.3011830572456135,0.394671529703487,0.4132683517431761,0.4451542308542134,0.1588873005077979,0.3096583284001993,0.2577150324255832,0.5240313570176496
0.0947496129387271,0.5159247501511153,0.5066768317011263,0.3431716597681586,0.3781043927768628,0.4018865427604761,0.447615772509522,0.2546738179535657,0.3043668460841632,0.2302159817392766,0.5368473385483248
0.0833914656870603,0.5089798965555318,0.4811568926430308,0.4000492200295431,0.3930123639921428,0.3916708799554487,0.4754034728777742,0.2425987975140704,0.3200239115443368,0.2549757143079632,0.5508670565915883
0.0409599381270639,0.510233579417174,0.5007351880290312,0.4063078859735212,0.421551462346758,0.4227565694062803,0.4795269612199195,0.2445619666829683,0.3105388802756051,0.2898946664888221,0.440954209544974
0.0869937031425999,0.5255475041707667,0.5082722322786962,0.3862350717218569,0.3354714116206602,0.4275311033432901,0.4975777436559675,0.1885207977836493,0.2912258657702337,0.2479172131631481,0.4859738324979075
0.0815622699165285,0.5334149935060859,0.5357552188282682,0.3451160603012549,0.3425567539715785,0.3723105167038987,0.464101815587875,0.1717220873560438,0.3133700056769358,0.3149101615715898,0.4863146445820354
0.0960213826203444,0.5489846099849415,0.5278433990200306,0.3153670181180815,0.3618821429064921,0.3822250320211024,0.4268816685607401,0.1792010144079232,0.3419880627995159,0.2697946043161505,0.4976552874404912
0.0543889592088309,0.5568375702395583,0.4612691177067846,0.3017476502085833,0.3753365489187086,0.4031372202761564,0.4012047513260325,0.2340729255787257,0.2641243442674615,0.2590784056185579,0.4938616086521439
0.039278850385345,0.497027394313245,0.4699320163818268,0.3228848909714227,0.3275697340188378,0.4301385472662634,0.4176632627707096,0.2256901336696404,0.2870171870672117,0.2836215403703037,0.5005628986374704
0.050789803433781,0.5007476558316191,0.5123800348786423,0.3318607071609712,0.3743029334698181,0.348089082185163,0.4348803572266008,0.2257576021554438,0.3162857045488928,0.274236004064494,0.5063695892357969
0.0634202551423347,0.4976717379420728,0.5195178406872879,0.3322719427445526,0.3791963846958148,0.3910216095738253,0.4451160788344593,0.2444677723479038,0.3193614032981258,0.2822427923046676,0.5189466222928976
0.0715124796213454,0.4346632411552963,0.495701993856437,0.3548515365092828,0.3894031328864347,0.4317499699796968,0.4643484781364813,0.2747819536687637,0.3409348009400575,0.2894649311464687,0.5464309866900605
0.0738799046221682,0.4617314773095077,0.5322734245066436,0.3032901529948419,0.4048558980728425,0.4051663050481653,0.4621288979586936,0.2313520483684586,0.3320184769124371,0.2758819486807394,0.5650657899882982
0.0603726629199233,0.4940633808477084,0.518703356829544,0.300079113274607,0.3665727130610587,0.4201351869031869,0.4579883129675984,0.2003116945717198,0.3064186387682751,0.3125853798711269,0.4936187994343421
0.0544605807143877,0.5167885410743905,0.5164863623494972,0.3108103432973935,0.3747431432284106,0.4454897000174943,0.4552985790890497,0.2418887882484356,0.33209037547278,0.2512330756303792,0.4982385119951591
0.0233376661866411,0.5228858423009057,0.5123143017022974,0.3175363825544907,0.3695142715740008,0.3959635085860163,0.3911958966499354,0.1779813233552619,0.3593291332057339,0.2647478684128402,0.4910524222670293
0.0607760744128283,0.4769361673585476,0.5139871212335411,0.3226209805171949,0.3728207474170288,0.4112017419738075,0.4140848555841507,0.2440921958291696,0.3578266520688349,0.3046959102378139,0.4966741160960998
0.0608569227842705,0.5048806993217976,0.5312951157401726,0.3325169398607195,0.4073267874543707,0.3906105642770169,0.4264393268589879,0.2188309844059683,0.293584439108302,0.3270314092671808,0.4609383434821858
0.0475982773911653,0.4800563239753378,0.4759469653764642,0.3533200154141827,0.3563153052638043,0.428546100109843,0.4502234378288753,0.2281768094382368,0.320937257276062,0.3074922808604241,0.502863868468316
0.0030069343777518,0.4375878690776212,0.4751934915797063,0.3607896780397481,0.347976700859143,0.4513208894271814,0.4528008394534994,0.1178140547491653,0.3017355122762371,0.3166837155045138,0.485225829001876
0.0044656851166984,0.4678793397691376,0.5041371429181716,0.3730507635115591,0.3517813990308833,0.4596779097029675,0.4420104608666856,0.1915717318508764,0.330937986076271,0.2785980497196869,0.428548603473194
0.0100420700513612,0.4537139357680151,0.4742324448024773,0.3184147359781963,0.3642057524638351,0.4150274799102256,0.4754403614375828,0.2563027982836365,0.3378762242197258,0.2774465563900689,0.4656758170041213
0.0428368134014383,0.4579177434862006,0.4917931325780275,0.3561063074986008,0.4053637960592298,0.4056810437960588,0.46143393672457,0.1987952495312446,0.3250973545205943,0.2314925799973463,0.4645759039831018
0.0598287333598848,0.4928285799449556,0.5084819161640417,0.389272266488448,0.4025067198756413,0.4158942774069322,0.4522541335530574,0.2360012697442132,0.2735229573371275,0.2901041622277603,0.5024518429871953
0.0637142068373764,0.5136814458936474,0.5175886114734418,0.3525716788694694,0.4116673016079972,0.4154569390575329,0.4869202651707927,0.1502626553517655,0.3227727477803132,0.3049695181167734,0.4700892645619821
0.0747977646242466,0.5083572204791877,0.5262320540352681,0.3675236465219391,0.4188289360136357,0.4195073580810172,0.4931379860174065,0.1927486470197764,0.2792457281900504,0.256618895154944,0.4999399343565409
0.0178458110911742,0.5099660053599924,0.5133071354136564,0.3949282357545122,0.3800012632050549,0.430622386933488,0.4618366223186549,0.2380824248364648,0.3227414376638797,0.3157936269830634,0.4898302806055333
0.0427654495971019,0.5336096067337338,0.5132234838376603,0.343110776557454,0.4052853400780513,0.3895230060444336,0.4628737111824145,0.2338076233775051,0.3484204752283408,0.3359521337692854,0.4873961909423897
0.0651163186401802,0.4757304474732877,0.5260991671997464,0.3464334421759054,0.4106855918578531,0.3916314819592802,0.446234118140373,0.2645101631344558,0.3459597405425287,0.2830030608062503,0.4916068703315474
0.0584198847068456,0.4813591954859039,0.4694340185344789,0.364093722327316,0.4003862138252898,0.4158326366406223,0.4943317760883646,0.2593959179837898,0.3359388189180671,0.3188669318947738,0.4740369708248577
0.0072095164583688,0.488292349589164,0.4758495668334316,0.3530213107045023,0.433712758849433,0.4222584611094641,0.4521618452307599,0.1717588228089923,0.3605103562297041,0.3380371463190291,0.396883011855344
0.0381493795399997,0.5135011052380098,0.4792749496637614,0.3740117210269876,0.4365044576612256,0.4105769197634607,0.4769825232445899,0.1867948047952897,0.3175997738774562,0.3237614013879016,0.4322775368550471
0.0793429751889065,0.4628343721184545,0.5306727649933498,0.3570413571926252,0.4105382395040233,0.4221981895098891,0.4686385300815459,0.1989600932746961,0.334215723460955,0.2784661540118502,0.4832551689584765
-0.0388448175555625,0.5006796108993673,0.5393737120016546,0.3772563611749839,0.3634948845010257,0.3803056822984282,0.4851751887707031,0.2190437718418535,0.3352432502620961,0.3304400331344082,0.4581202855974333
0.0272535522535937,0.4813543020358956,0.5060581945002571,0.3214839841538463,0.3808155483328599,0.3944884353998693,0.4585884532435796,0.2215893217810726,0.33926669444822,0.2713107740340709,0.4823610692067551
0.0381403353942367,0.4656560305962838,0.5110271893938712,0.3480663286091013,0.3844454876796848,0.417402945742203,0.4663437147208858,0.2404363679464053,0.3491548031880853,0.3290238731125287,0.4838694386094574
0.0554494290317749,0.4862302533710395,0.5396230124523735,0.3122463153104636,0.3550710463812176,0.4304762301009207,0.4059258341642493,0.2489929899214624,0.3491993220902649,0.3357930490237445,0.4150126378525597
-0.03102923265481,0.4554540233151117,0.4918450913740547,0.3361403966147918,0.3989913298850225,0.392689401312499,0.4447838348593256,0.1973326014800008,0.3503124067929183,0.3787851673395621,0.4375743955863164
-0.0047095294593517,0.4387523693245411,0.5455526920170999,0.3438706775771396,0.3401685932860691,0.4137815405853685,0.4337469232186264,0.2439602210542354,0.3413874140391236,0.2405710559988915,0.4786401486676317
0.0043554162452301,0.4891886515406004,0.5289690332302225,0.3268752685980967,0.3570346597807359,0.4308382526746127,0.4878702181856045,0.2123613348049947,0.3276353054516437,0.2466498558491298,0.5192760856712998
0.036614323767891,0.4516059344346135,0.5161403349149932,0.3405181772106735,0.4249635484159452,0.4580334803337137,0.4460576055086672,0.2546814971281024,0.3055626572866095,0.2567638845760792,0.5181183689232391
0.0195393407306262,0.4822888338325037,0.5412478376684295,0.3158786700849664,0.390027310524439,0.4616987908894132,0.4589288439509452,0.1887088123485166,0.2649241632622925,0.3039162869231602,0.5448480613013298
0.0103489343747307,0.4915062515380011,0.5306522892137233,0.3370960938291545,0.4083173928746422,0.3730378735885152,0.4715031717980276,0.2197627195257447,0.2697397597237506,0.3100791579534692,0.5393148051725016
0.0485355535137183,0.430212501822492,0.5331515474289782,0.3560923971240926,0.4114362200872568,0.3996451222666633,0.4516252913177055,0.2232502804593458,0.3025019277662806,0.3157167536107581,0.5477455125941554
0.0711596662688919,0.4489734436356039,0.5379964810635676,0.3678599612029589,0.43096669991427,0.4361274778321716,0.4813835362946687,0.2724962120364266,0.3287624670530982,0.3205785671343968,0.5070416325171947
0.0233390672749084,0.4671913833460246,0.4868725425156078,0.3431641409163106,0.4345428820332269,0.4506136417159753,0.4846411737660641,0.2180364964663428,0.2982079399841695,0.2991553513414459,0.4365295087049501
0.0494318161164317,0.4950276467562083,0.5237525903274102,0.3544701568035657,0.381697823208082,0.4671379823237109,0.4397317353311757,0.2262892940955436,0.293482911182485,0.265882430309584,0.4572930502925902
0.0585529019743283,0.4048729317866176,0.501152939445615,0.3570390120562913,0.3971017536838392,0.4612117041536594,0.4686788599731164,0.1785661645951774,0.3013006341721743,0.2301715645286841,0.4765442146781968
0.0599428402270575,0.4106071800290535,0.5400184648003616,0.3200875509258108,0.3625025799452147,0.3781419253593456,0.4450156531690991,0.2238449089650492,0.3307647234024206,0.2373342510774138,0.4806900330138945
0.0514153061344991,0.484132350877614,0.5147339747519927,0.3334185270235289,0.4070174901899872,0.4144006585895797,0.4584606362472338,0.257364292792785,0.327217004814591,0.2677593399378729,0.4301371871896696
0.0598109693605024,0.4967857948321669,0.5262742188834969,0.3064853432005948,0.4175885819661136,0.4175880394923655,0.4384310976370883,0.2362913225565462,0.3260565897066431,0.3227091348052933,0.4613326836167112
0.034457251044754,0.5110620015783551,0.4921104220989059,0.3536000034935107,0.4262403042984243,0.3845728960554941,0.4524237514267443,0.2504012515830315,0.3325835156037107,0.3122286455121534,0.4632078450251138
0.0231004216269962,0.4707523417046431,0.5021440868018634,0.3110087931151127,0.3882861664339893,0.4082865878942972,0.4253897991777245,0.1738297556401114,0.342297969925694,0.3317678303286272,0.4863021898450318
0.0313945379196375,0.4453143767036344,0.4599100945750044,0.3237497126439875,0.415434473987652,0.4099210828659995,0.4446544564946295,0.2085102654083429,0.3797726966880873,0.3301783791626584,0.437940807248194
0.0822421593841662,0.4564645515090856,0.5112432990019029,0.3328303906492779,0.3881703099826643,0.4104725080079705,0.4793733793442919,0.2411960020743418,0.3322629951491145,0.2789343521988672,0.466038141325255
0.0956208854170288,0.4586842330835101,0.5306381382997031,0.3481492943848014,0.3695515239695041,0.414197839864784,0.4188767821258852,0.2634975528767951,0.2982665175931788,0.2752117274007967,0.4712303786739237
0.0358716576566727,0.4675712493033812,0.4630641513255176,0.3600706634787073,0.4094031401913088,0.458591287092652,0.4576892483950958,0.2397334077541803,0.3120341478839507,0.2451920361511415,0.4978102531416688
0.0466328524034781,0.4860421666153316,0.4949012099547222,0.3933897557622614,0.3738546512040518,0.3968192294417582,0.4335436732500756,0.2125578498596682,0.3128589865865682,0.2454140262810922,0.4763302823908312
0.0691954815941368,0.4976437871978905,0.4667607613792069,0.375446000722369,0.4138561016144257,0.4334086442906725,0.4525091270323221,0.2336114522420557,0.3494770005208288,0.2704973578851942,0.4874408368328438
0.0868481530782658,0.498924293871979,0.4899616686161104,0.3634770243823563,0.3826190935544649,0.4424661903917624,0.4142613397200023,0.2498967371901521,0.3135265335027912,0.2853407445900002,0.4954728240884605
0.045464895373617,0.4644754147443095,0.4617254649958767,0.344850618886191,0.3716923967371776,0.4033168255978046,0.4368003967056179,0.2103927578724379,0.2746810904217351,0.2806111974120849,0.4827141287877822
0.0003229854085067,0.4341725403600469,0.5119850515813021,0.3743659306373875,0.3883724332044904,0.4233752452681011,0.4578466145989364,0.2476375882283179,0.3002143040847377,0.2959509711921875,0.4510122313225558
0.0696948914997492,0.4733714548070614,0.522640806262405,0.3275034707693043,0.3915143055340465,0.4348077984113451,0.4671038858992432,0.2335299837260359,0.2783964136526682,0.3082130151323693,0.465406338349736
0.0901248925608916,0.440131310336285,0.531908996291943,0.3255371735623745,0.4293090251343724,0.374680003396927,0.4962792366482798,0.2694081789623187,0.2867176365963929,0.3111954833538689,0.4860481836224468
0.099602048531922,0.4530192109873975,0.5164973740815078,0.2713419778871819,0.4415990556701728,0.4120098562534135,0.4120269379472381,0.2483863699982778,0.292470801414777,0.3375974783011941,0.4805124065485353
0.0853708087916159,0.4712555219880435,0.5452724583251995,0.3199238415067634,0.409651615346882,0.4392210945083564,0.4642092818546913,0.2667635284861858,0.2863500682296269,0.2968825866605952,0.4938644920838356
0.0480037190247025,0.4482002229564308,0.53572639168753,0.3322040155163381,0.4226532617439236,0.4224910620445781,0.4810349911347832,0.2701115650789356,0.3388061484917931,0.2505048081031267,0.5258968109652803
0.0383563887061064,0.4691508440852547,0.5403094226126879,0.3339493501150284,0.38151269563742,0.4340259975651123,0.4269098254675846,0.2067517989337756,0.3340840087008951,0.320726611071266,0.4462396443720072
0.0550314149364754,0.4702744930867584,0.4972332213988968,0.3376426999965912,0.365028066221466,0.3940222491375376,0.4336225750516744,0.2183111597707671,0.3457983954947521,0.2654062980828922,0.4789100960029319
0.0227401881026216,0.4539822753316726,0.4588475461122694,0.3497549524819104,0.3868298879359975,0.4238566935382701,0.4372299419707318,0.2280116105104915,0.3764073333500679,0.2840369318355706,0.47539804157955
0.0050323205635438,0.4749618685806551,0.4687128722490862,0.3634713599238121,0.4141512273358255,0.4438978751715663,0.4071090977336675,0.251453541865392,0.3285122641235559,0.3022073798128378,0.4843818432000855
0.0385715607095398,0.4958635839610371,0.4731953524536586,0.3185079715540637,0.3723002683794899,0.4484049111668731,0.4272648194041899,0.2460840244868525,0.3438940362554959,0.2416708626240325,0.480182625699883
0.0590417329048765,0.4549042100284637,0.5200405732817779,0.3237639696573663,0.3872092943009996,0.4608168003912434,0.4621019049024227,0.2280915496615423,0.284331746367914,0.2772164154929757,0.4728503301209202
0.0746283620277834,0.4700974809697879,0.5306572201817803,0.356534448130049,0.4111894290773521,0.4899008932675587,0.49286405906312,0.2547216451905128,0.3090256181168194,0.3093975722567986,0.4901665557612233
0.0557193370708461,0.490116968861014,0.5114275400347047,0.2781302430159835,0.4446472742121004,0.43155621587451,0.4755574339527895,0.2625405727102967,0.3037136973456307,0.310945267861162,0.5409604946569175
0.0749999631237263,0.4612747084482279,0.5024480147494846,0.324536261406433,0.412690739561221,0.4311650247015507,0.460230041604338,0.2582085899768122,0.3309051800723807,0.2603702306005244,0.5383166872242985
0.0830201097119971,0.4825701454307639,0.5253550341773707,0.3132109555943945,0.4220109617793719,0.4369140187645762,0.4689911379476682,0.2372537123653737,0.3506190117415261,0.2942322148802927,0.4174897673296288
0.1058183473088932,0.5157954924826953,0.5345818672759284,0.3224428760825091,0.3732772668549017,0.45172095224769,0.5032663133543762,0.2114771719405333,0.2952942609878343,0.2893159999374827,0.4879100372306624
0.0452391230513338,0.4873221194856422,0.5085665863520697,0.2990650383904224,0.4025615856731162,0.4624748412488297,0.4849390104196482,0.2025821635662524,0.3509334329460899,0.2752816475122437,0.4886346109489483
0.0825219707119681,0.5315258718121446,0.5283943366045645,0.3232510001518146,0.4326864884799999,0.4686837574732449,0.4576558041103367,0.2129530652515253,0.3100217466905418,0.2777218024969421,0.4866553290028877
0.0449123743036213,0.471182925145566,0.4825610979072239,0.3700883511870978,0.4150862652507294,0.4084041954235261,0.4746562305596091,0.2690308439326944,0.339240092690419,0.2663086897934809,0.5130911123376869
0.0601766195596167,0.434622747624703,0.482619644409757,0.3444190363662041,0.3985739666360363,0.399286888692412,0.4860577877597739,0.2124361661937574,0.3161063474208482,0.256548672491179,0.4582219564094269
0.0397579708776242,0.4394275547713958,0.5053795373061678,0.3737684543548846,0.4175508198389969,0.4085032019671655,0.4461125448506124,0.2439262082484129,0.3181038901097798,0.2752808112734988,0.4659541333412408
0.0563049307326641,0.4525699544911056,0.5022363323081986,0.3612235097624128,0.4419475456639362,0.4239943107467908,0.4656010001076174,0.1828412117532592,0.3539680987089382,0.2735605297561448,0.4712446146149159
0.0822813143495734,0.5013661262233837,0.5192288459824665,0.3167438774763303,0.4089399464859775,0.422763065434784,0.4758745526862507,0.1985002658030361,0.3661803894481373,0.23173130793297,0.4774990423409327
0.0247345352579221,0.4836413777498264,0.5293383661143817,0.3474104311746239,0.3852761390160864,0.3862607274765344,0.4450670667531741,0.2118309943341072,0.3281266045233037,0.2395252092947775,0.4818076779674267
-0.0453865889891022,0.5007983662639808,0.4412301225391645,0.3362691095964211,0.4138468555580461,0.4168950826678678,0.4689496591780814,0.2023025766886738,0.3625231022908868,0.2902735165362762,0.4879673538941531
0.0054528247360563,0.4909939220813706,0.4839802983534879,0.3315289767152926,0.4353910785866949,0.4382388486678046,0.4758120389632029,0.2331873678192618,0.3579145497188915,0.2790156462253457,0.4953579995033859
0.0574883848220285,0.4983512248386439,0.513180933422635,0.3621928840049782,0.453031273892837,0.4263136403040299,0.4430165387973575,0.2228266580609162,0.3594339869106117,0.3028790400130395,0.4921747471615325
0.028385892136384,0.5075554067752551,0.5244477480549401,0.3680397039317415,0.3693306074159387,0.4309387677103611,0.4510707397675901,0.2244050952255128,0.3413707920413931,0.2808065198510283,0.5079170142601687
0.0173976598851847,0.5076531547616068,0.5333416987340915,0.3140934666410089,0.3794736518259302,0.4470258172429379,0.4266922246755845,0.2088750437564165,0.3452082185160855,0.2939241681193016,0.4522735938884573
0.0470811453151011,0.5088545332948928,0.5478346020388278,0.3639773176941838,0.3901358510616546,0.4437064930569275,0.459203177328089,0.2147487788210437,0.3443765107186112,0.3304176965372575,0.4427354332105708
0.0763478114947276,0.4950866498516136,0.5079446799324867,0.3801369239813074,0.390684708654922,0.3930618667476876,0.4732161323966782,0.1855178004399083,0.3468390247863619,0.2757434401319458,0.4939721642683561
0.0192154887199147,0.4913720382068014,0.5258028933875054,0.3357040916821172,0.4153878285094178,0.4320730814225471,0.4524285656026823,0.2127115941277939,0.3136235907908411,0.2661778985307051,0.5168385515164324
0.0534219164636706,0.4440915415356247,0.5525426128411357,0.3324911832822197,0.3943630885093224,0.4382964248549654,0.4668724449991982,0.2246680380818815,0.3314562921410642,0.2695068111615485,0.4937526076967898
0.0578619192805971,0.4570591160188985,0.534382558007958,0.3593178987056985,0.4180300710610753,0.4112931584678926,0.4634724120418113,0.2345052767389914,0.3198407957269179,0.2745094807382188,0.4374041099910226
0.0384729245319207,0.4636996389410942,0.5441370560085359,0.2922586435884336,0.4036063543475218,0.3938694465774182,0.4553292898765975,0.18584646965138,0.2903646448018537,0.3013351312063848,0.4840563577017043
-0.0347193895241944,0.502179440189364,0.5012472447867784,0.2504847693934273,0.40669854786951,0.425921823735226,0.4471231109047954,0.2271144655426776,0.3019717243182677,0.3048780330881911,0.5030274801494243
0.0149456835706234,0.5084440522022282,0.5191181304444443,0.2597523743796706,0.3726878162010814,0.444186454871001,0.4498272285591127,0.2395180139175501,0.314684399718915,0.3066918186857704,0.459056904207006
0.053853706336329,0.5090746511016184,0.5146806409560108,0.3095966656742858,0.4192665367115137,0.4693299087128592,0.4469080547940516,0.2420291764677623,0.3357044433502757,0.3186773177888036,0.4568099705190457
0.0509567881178382,0.387788461515526,0.5122032530442281,0.3337970896983125,0.4233371548819334,0.4269163070805052,0.4188414554940697,0.1846813312001899,0.3682167360480773,0.3014596408972481,0.4797195661253345
0.0191528100589982,0.4357373010347311,0.5175627886378018,0.3738159226849418,0.4229987024995104,0.3884535453820212,0.4133076946104506,0.1585356325911355,0.2928472475505189,0.2004089936973539,0.5028557321070268
0.0339063374159584,0.4598035843638388,0.5125451119716188,0.3281814973177666,0.3961104572159686,0.4095531482512601,0.4642543981543118,0.194375378164249,0.2763968050330023,0.2330850476176834,0.5067459004665644
0.0524508646104604,0.4902582101766092,0.4787324279344463,0.3456376684601397,0.449956891894201,0.3947744117272307,0.4738166741127371,0.1828302007338719,0.3192928913794705,0.2936995223505933,0.4848621911158444
0.048428239037107,0.4334585684914295,0.5173468462427557,0.3677693403200592,0.4318565802848999,0.4138359259229591,0.4988044897153887,0.2088656693045885,0.3155491812645898,0.3017475640212584,0.4864297983120811
0.0561685635695403,0.4906638539902426,0.526672129622985,0.3684793069252046,0.4027702286964698,0.4530650063050715,0.4361592223659923,0.2350346852824313,0.3347297811344649,0.3075549707050308,0.500002001243974
0.0349487326137025,0.4967096310030673,0.5081942010335592,0.3241014776434813,0.4143931390109063,0.4289058586399051,0.4198610456855767,0.2577390371338127,0.3386842396619777,0.2775411236571128,0.4452614951897635
0.03012672828827,0.4761085744093712,0.4889851732744796,0.3226986166633626,0.4279087735992922,0.410976589951613,0.4528865876715797,0.282021854605603,0.3176346205111125,0.2903285462207485,0.4505356308932546
0.0218088395562113,0.4842233166589769,0.5064696546027674,0.342911866834249,0.414504843282442,0.4276701163168858,0.454171523474978,0.2452021260936931,0.3683207396717339,0.3217507091018964,0.4742278941341395
0.0190117126928437,0.4897022970398093,0.4882097211657282,0.375076156785268,0.4003251594090623,0.4009089833339836,0.469657200267944,0.247505637174402,0.3680200603896021,0.3210210469658584,0.5286365387206033
0.017204596946558,0.4430095980680904,0.5054358823021975,0.3590772106940186,0.4589950180361146,0.3992723566000654,0.4834309111138629,0.2669730954757598,0.2704053025895592,0.2560268667375739,0.5064495552347907
0.0388269814655292,0.4581267999901061,0.4919301662927711,0.3614939873609406,0.3896810162791555,0.3637896729868335,0.4236399531099932,0.2843235595161493,0.3006277509573424,0.2647122648630368,0.4995835503446276
0.0198205167041889,0.4819446820242953,0.5019858053105943,0.3090526930175399,0.4440566990987633,0.3878053946592741,0.4520865977890447,0.2453487144056802,0.3562339798110218,0.2723464820294551,0.4875106946658576
0.054656797170045,0.4778346797877453,0.5160125676976375,0.3623294116522246,0.4459434042409774,0.3933668985152979,0.4767335738331616,0.261612989024835,0.2933835329575717,0.2834266277592318,0.5246761946441657
0.0666992621450149,0.4667186599479149,0.5282775949446192,0.3318743212111,0.4071749868336624,0.428625804597138,0.4767387440039809,0.2590091947261761,0.3197918087004363,0.298933721947396,0.5431545858530165
0.0128847714279861,0.4709959046052703,0.5196762941956482,0.3451043340535697,0.4206650285643291,0.3958281629662311,0.4922682590103077,0.2284085643504961,0.3300270316834446,0.3079303624267601,0.4449284044095784
-0.0185272382070848,0.4743540842155033,0.4697857763089868,0.3181704723307543,0.4034759162268433,0.4116014892863763,0.4942184540687364,0.1491888511683973,0.3428360132277979,0.3174619568663511,0.4979903592473729
0.0191999136591736,0.4372503158469956,0.5089446553770204,0.3208684266613038,0.3374096182709517,0.3971902450850902,0.5119486901973626,0.1995262861983527,0.3107177332916078,0.3206162299017341,0.4356828248951262
0.0246633150921049,0.4437068036038238,0.5241578293795253,0.3465542617994774,0.3943482702346637,0.3685718400506934,0.4763428219148065,0.2188360687678964,0.3256050664603275,0.2864785842085231,0.4391794901498551
0.0634835285626288,0.4522028046695038,0.5010195437067826,0.3584696901655131,0.4157485272069112,0.4170281801782545,0.430444989531526,0.1795693775178142,0.3265721534344268,0.2936602737394672,0.4697562495653119
0.0637211002267006,0.4612179078974109,0.4686223366581127,0.3275552029505164,0.3688069705053424,0.3956903911337903,0.4611460135120567,0.2031616040140325,0.3114830459491198,0.2860842784667537,0.4887043917304088
0.0816415760374581,0.4747293086128638,0.4902630086255688,0.3614377724437392,0.3708387221774153,0.4297369729867107,0.3167472634478278,0.1852251107618838,0.3231135891788783,0.319469105072232,0.452567322141053
0.0362456050190017,0.4863975638347589,0.5151451745891625,0.3357765659056871,0.359648725169115,0.3819465412112308,0.3822128104614348,0.2310602142752525,0.3380007861360889,0.3034747579624972,0.4731466538648218
0.0649309220622723,0.4771877991764656,0.5432314671458438,0.3809937297642791,0.4035496125700962,0.4098539502865144,0.4606925573770145,0.2709653944172373,0.3507204500963607,0.2558966960460175,0.5171487569788673
0.0845459083024061,0.4931127656122964,0.5496139075269183,0.3395673522425304,0.3730570473496571,0.3776921809987967,0.463296412050931,0.2520019370491501,0.2934638361412741,0.2798232782723791,0.5229161978596362
0.0920863798779726,0.4612112105700907,0.5070680619918111,0.2888943713889841,0.3727274396758756,0.3767216348539793,0.4810868660591518,0.269752069195259,0.2146648413586446,0.254557474605849,0.5012805526795979
0.0990603078325229,0.4815576391369561,0.5352669440178728,0.3099997330524849,0.3070647538810555,0.3950957756953858,0.4293399501806164,0.2698321899145797,0.2787316503829032,0.2984015302563386,0.5234760720084501
-0.0139149798308127,0.4731997996187828,0.5274936481552541,0.3653199504720905,0.3780869126255586,0.402923560365019,0.4416135764404222,0.1882482329894992,0.2882541679547328,0.3035504774428252,0.5137506680092464
0.0766419886184191,0.4437406317976239,0.5524906122600641,0.3712271421407597,0.3846187518656323,0.4147134616762085,0.4530664564779643,0.2095763030424803,0.2961776274636262,0.312859688166754,0.5011783652931642
-0.0077495201837202,0.4671716979317044,0.5543505165926744,0.3437224896115741,0.3340715761030346,0.443462351687343,0.4362977086030167,0.2251147036969028,0.3366112708024845,0.3036045757381203,0.5019880477324113
0.0303313427035283,0.4730846579233952,0.5454439928514887,0.3557657249191653,0.3916641360609675,0.4260393415121368,0.4529690097009572,0.2562824831914101,0.3170656273742292,0.3325582878790604,0.5067469911047615
0.0594009412703361,0.4836747612086532,0.535914535568016,0.3735809595809531,0.3441210628242857,0.38002298061402,0.4381815454407692,0.2223173862270883,0.3339245323854831,0.3150666441314068,0.5160660640777388
0.0721362319750599,0.4995341878144803,0.5215565448220505,0.3901085989287284,0.3854070300300415,0.3954083334252757,0.4589185834715589,0.2188692124228496,0.292438379510415,0.2385183762989615,0.5189148752144623
0.0451497700575212,0.4982321049540431,0.5372397251783048,0.3414965926133545,0.4133486082040346,0.4219746778766941,0.4214252070679393,0.2451100796408697,0.3180793042955717,0.2625747970863917,0.51012574320154
0.0454476089458779,0.4321637684223783,0.5500653362096568,0.2855353942752816,0.4108333961107813,0.3844250529728999,0.4687916353097512,0.2457440884238745,0.3321208717982632,0.2835796127506518,0.5490951018254213
0.0362460496420702,0.46992677832867,0.5011816214063675,0.3023626782768943,0.3921185553826727,0.3978582096643637,0.4544103720884282,0.2066886593475759,0.3603926280141131,0.294815441476799,0.5217806297421741
0.0701717668593176,0.4884337067825822,0.517772469592838,0.3054021584722012,0.4169098975397108,0.3978708844011536,0.3940405860753685,0.2395100562792063,0.3472198134192061,0.2928485262048897,0.5320094059442381
0.0804318278065936,0.4761685130772516,0.5122317938603103,0.3486529682439561,0.4283293875503777,0.4172768023687652,0.4196640763235176,0.2412275133939157,0.2802235999579812,0.3166607697230702,0.5384407680046792
0.0168451696619676,0.4849731371088654,0.4820475300590475,0.3298369515819582,0.3989586044394567,0.424520390415612,0.4225108934908486,0.2001870365217719,0.3378844394365545,0.3386358267822729,0.5155738624995541
0.0174039693032627,0.4437132632115258,0.4900006041347473,0.3332157322255283,0.3954803479174466,0.4299943619329149,0.446341129689969,0.2191126689062605,0.3513586832608369,0.3177003343157756,0.5233121198224635
0.047763358003282,0.494714715159471,0.4953487074280223,0.3184623670622918,0.4201088521474622,0.4038826613675845,0.4101155693320126,0.1828485506590088,0.3399841974748397,0.2918394790106136,0.48633555360363
0.0448866647441565,0.4700245392357605,0.5085943428909818,0.3209370805494334,0.4234188287907866,0.4227452561249685,0.4274257886808879,0.2326323263744013,0.3372670542361294,0.3137651445608516,0.5103328318225759
0.019195934316648,0.4702095007512429,0.5284151146399904,0.3221720236250583,0.3863022287803684,0.3492199351698377,0.4651957726500736,0.2504132760669239,0.3613427842973967,0.3097620828959842,0.545593864856214
0.0215609208186661,0.4568108666705879,0.4727008710626652,0.3539471599517489,0.3919132707886525,0.3778736117919772,0.4920783561891323,0.2520452096046366,0.3593959197821317,0.1966351004881905,0.5175302587538402
0.0438467866826948,0.4811138895618637,0.4728335899768642,0.3732092351492543,0.3833793165893246,0.3468852990381226,0.4657327475992699,0.1609278181612009,0.3123172031081711,0.2495801956217261,0.4619435986175882
0.04823372216848,0.4726030905876452,0.492747331527896,0.3260452415565956,0.3852837740550925,0.382325074006804,0.3894022933434478,0.2120144395962224,0.2646889950097763,0.2821865691319369,0.4724309741036701
0.0013162486230134,0.4705061062307893,0.4974289780728141,0.3753371614476516,0.4154464461228165,0.4248109121944706,0.435265770939145,0.2123813484454215,0.3069006265548832,0.2528519243423637,0.5063922925621908
0.0270508246149353,0.4761339670871635,0.5157361877875585,0.3886567032114151,0.4403634991946218,0.4452126369195915,0.4553429462918326,0.2279605818277505,0.3126874632020079,0.2681485720204926,0.5213603640476594
0.0316022111958689,0.5006536906726221,0.5249899778082718,0.3866260531969043,0.4035663035717188,0.425608465290484,0.4235712375935625,0.15105118458793,0.3175874665850172,0.2689750316393149,0.4462505052899708
0.0034405830305017,0.4643961883689718,0.4777312769881971,0.3748310249479641,0.4205060341017083,0.3903617302182907,0.4371274197003112,0.1998370813776644,0.3442166385576509,0.3173964621879709,0.4490839815565432
0.028661121396025,0.4674540691448265,0.5057469484383347,0.3823540098848469,0.4095195608926327,0.4163686356781381,0.4275300727084866,0.187312433952426,0.3107002724420311,0.2587608495575236,0.461029530517586
0.0259098135964069,0.4294739085227393,0.4728791421412818,0.2826040310161188,0.3428671681858966,0.4098190638514435,0.4304879473672802,0.2088410589042243,0.3385579046856725,0.2618221679312992,0.4479407303009957
0.0067675740427877,0.4554231008555486,0.4568747049380494,0.3321506244092899,0.3805998184876188,0.417036204110166,0.4641053297141886,0.1524155536492618,0.347631021113866,0.2750290545611552,0.4647297706440672
0.0220629700611786,0.4336670026358572,0.4783255733708026,0.2843753545141663,0.3962674816983993,0.4486587970041131,0.4321534789572474,0.1480653193025894,0.351085181067894,0.2969991448578294,0.5156480484400864
0.0252175610121878,0.4546954596336787,0.4732577621036227,0.3297073028475927,0.4022359882212196,0.4466204305047308,0.4513286619109542,0.2233431807240033,0.3648221286455573,0.2931097289185633,0.5106480999999475
0.0380832753750425,0.4784823612592753,0.5018973306395866,0.3093615006178265,0.3833105323585091,0.3436931873075149,0.4671996248436654,0.2644155433741068,0.3362310764963871,0.2797758843814226,0.4734792613503892
0.0739037812296548,0.4811721098486931,0.471417074449675,0.3429803416388544,0.3742903757045261,0.36455321266415,0.4750863577842408,0.2327190502149384,0.3907300499051918,0.2671804698067543,0.5036406741085417
0.0734275333431005,0.4559097785750343,0.4866726732309747,0.3797802867584371,0.3982942063576861,0.4131234967796515,0.4163320369656318,0.2312766837284847,0.3169115569232625,0.319643265286371,0.5007150324941785
0.0777644979951423,0.4709308095396389,0.4917386529169724,0.3440267292169282,0.4022572959462245,0.4012002424104476,0.4441784466245921,0.242379972871698,0.3290976827026589,0.2578926868908721,0.4751470316885712
-0.0021939149698595,0.4436677168408331,0.4542867374661221,0.3028248820191241,0.4267619040429137,0.4016282099359589,0.4743019766251868,0.2675997423104728,0.3417152257677294,0.2859807908545238,0.4856134034542286
0.0144069006866968,0.4697285660692377,0.5040850438152291,0.3246048646495295,0.3471152556584549,0.428318878466974,0.4711389709979334,0.1904686744682988,0.2914945559537817,0.2719477223698605,0.4359128105336585
0.0735131343590001,0.459830320892731,0.5352654650225679,0.3094159972960007,0.3571677692826461,0.4375079389290347,0.4495464758308537,0.2174210021279428,0.341075822161349,0.2631268465846595,0.4791390498215979
0.0371439236418674,0.4617035387970329,0.4912352010652471,0.2611267085818501,0.3669916750968164,0.4387785853299072,0.4172914678176004,0.2347048418945489,0.3446089189407803,0.2852386271528114,0.4355586358418093
0.0651762880463681,0.4909966785832103,0.4877524148611673,0.2889412794834247,0.3890311411654626,0.4572742165141247,0.4463273464423871,0.2685820981621034,0.3914769238175372,0.2947648181337057,0.4303262788908653
0.0329121136750046,0.5059205606596389,0.4909749837250821,0.301793341546936,0.3517025574678312,0.4117652822378406,0.4456631122414815,0.2263701190715915,0.3691565219618314,0.2908934946972454,0.4424078169054897
0.0411470439619738,0.5112372870989876,0.504464758982597,0.2880381365240917,0.3738903218020861,0.4397586993846024,0.441618781714951,0.253323927232973,0.3662323866515101,0.2636326378245144,0.4770485105578926
0.0634016357866286,0.5235513446801221,0.5329095692898327,0.3033808638792273,0.3445236386052119,0.4643029416343986,0.4702794982267517,0.235549119664244,0.3446592600129394,0.3237952636490329,0.527095787078566
-0.0193766766340978,0.4703839391000979,0.4763509733399219,0.3146334065684965,0.3803890879253257,0.459156338417299,0.4446275238116772,0.2004893853601961,0.3423354382875919,0.2567508424454337,0.4758177344614086
0.020425222971536,0.480253365189221,0.5026830027008343,0.3249138358644762,0.4054705814776358,0.4678884695553257,0.42484296027013,0.2029946180862393,0.3424069713822386,0.2901955345855201,0.4946224076586971
0.0339821852738612,0.4832064446001645,0.4746348315529667,0.3313061285533357,0.3964444526694563,0.4018312312914939,0.4114092444510704,0.1938625294653772,0.3550896398283309,0.3313164373517843,0.5325947274332616
0.0469909716412451,0.4593656478419819,0.443631330561302,0.3469280035535691,0.4036742941508972,0.4031863072103427,0.4347320427342401,0.2178804408154803,0.3624560703644903,0.2386899473672678,0.515858846020186
0.0490065576764977,0.4621063837730825,0.4851347470454667,0.3743114900849534,0.4248776937032658,0.4213956046685769,0.4364332711531339,0.2215838710679311,0.3617163101384531,0.2452395477408274,0.5120812478539905
0.066026958955963,0.4812837607553811,0.4842239315168029,0.3679971184576644,0.3420703263635944,0.4310147602884597,0.4509233923944542,0.2369921027993426,0.3222787632258144,0.2859590730851888,0.5177452760347943
0.0125891818311337,0.4374021597815559,0.4952964056592165,0.3607722226649965,0.3979392531580488,0.420042799701302,0.4708626289403849,0.2340447547192795,0.3529602946799761,0.2717764757472746,0.52261719486279
0.0457261880501008,0.483163493466322,0.5005671758529704,0.3643563146584849,0.3577141111338225,0.3926751641864477,0.4775855685001781,0.2298900171964097,0.3540269369313955,0.3064496972608783,0.4620361512844124
0.0592592716628753,0.4832097713311103,0.5238119216007542,0.3482320949676228,0.3701401905952918,0.4059834894090088,0.4207317329962166,0.2089316865773281,0.370482426521419,0.3378876251438835,0.4659030154713641
0.0729646860325612,0.4877263115523927,0.5171295433114453,0.3513750383808524,0.3624425169015098,0.4188210245237271,0.43920990746067,0.2238243392101165,0.3810439151182828,0.3174840209323907,0.4655192374686455
0.0548781569923507,0.4879073016110183,0.5273361249663082,0.3294088200978483,0.3367141606492036,0.4208963503333962,0.4501283030932759,0.207119343122391,0.3699665193254701,0.3230584641730978,0.4227075624425001
0.037820160676819,0.5051325049476582,0.4459335862216835,0.2911118590472024,0.368577077672537,0.3795530893388359,0.4617687784208155,0.2242792111214354,0.354764478789884,0.2530480009668572,0.4776845432789198
0.0773202896749742,0.5107857291535001,0.4882417865530078,0.2961503883667961,0.3878574730599228,0.4007449036442322,0.4715814940264374,0.2186357279229416,0.3500636433905536,0.2745103921822692,0.4848652802537166
0.0226978787901801,0.4772382280204668,0.5158240262143571,0.3297196346242255,0.3870717147296754,0.4324498748586948,0.4335305656146954,0.2278300623415817,0.2979580210275135,0.289512724663815,0.4660086040349978
0.0551516093648505,0.4910844102236133,0.4861726117178134,0.3788084757762123,0.3904520187241629,0.414643000354468,0.3981528986717138,0.2287962958074554,0.3249679612873987,0.2987236153993584,0.473098473574375
0.0451314285023099,0.4657678821037168,0.5179082865542011,0.3375402728850933,0.3928539550475352,0.4345622914913155,0.4370527385975323,0.231317362201117,0.3509396501667752,0.273184267445046,0.4867457151328647
0.055033627808696,0.4644401969178992,0.5126346435786462,0.335635038319867,0.3982941246193129,0.3967231660527318,0.4401026727457456,0.2373533416044084,0.3287999274755958,0.2976702690828068,0.4808178764495482
0.0604463739318231,0.4675600210779197,0.517586584446234,0.3539814058915668,0.3989191185245851,0.4067113818165946,0.4067069305178248,0.2456506118854696,0.3784635963136228,0.2812748589310118,0.4534032714329218
0.0680636747348925,0.4778508388161502,0.5355133583276035,0.3342114651618579,0.4226650288730593,0.4184543682039908,0.4355911994740515,0.1650001041082472,0.3080984587015688,0.310105180801178,0.492916454143023
0.0542325777937808,0.4380352110631332,0.5548789285731492,0.33722889790222,0.4432597233478228,0.4223462599491496,0.4179833568768515,0.2200649210711084,0.3110079788948062,0.2586236993856831,0.429955975704802
0.0207155166587377,0.4715463635708661,0.4725863880753752,0.3207647754404701,0.3822586024689424,0.4183674440658155,0.4249517911763057,0.2200864579427843,0.3452365785217862,0.2649975631854561,0.4805337493399098
0.0363955629433465,0.4950276592316371,0.498267370441245,0.3508812371410867,0.3879304183010924,0.4169835309017835,0.428028619377808,0.236935589147279,0.270058707405927,0.2903807202763567,0.4961575843153824
0.0509471290682576,0.4804531494213425,0.5356982083939517,0.351010979412047,0.4119856734707098,0.4278744477430696,0.4596709440408103,0.2411785974125913,0.3033157827351381,0.3038677312036429,0.531322375736641
0.0761518684244351,0.4914123213644803,0.5119978173666415,0.3130063743928061,0.4391732473439791,0.3893262734652691,0.4473030018970088,0.2164581892502088,0.3758501657265123,0.2703578665411247,0.5137170545800657
0.0080388510572347,0.4759150607297284,0.5126683475808458,0.3271214118032858,0.3745825964621418,0.3936119594341497,0.4508461512383088,0.2603432368451794,0.2870130218373189,0.2964162478261882,0.4998805526011735
0.0518961692197938,0.4966856486036792,0.5428646595116415,0.3360125980445931,0.3594823552822528,0.3972078670663176,0.4614587517476626,0.2182242188014173,0.3216769097515232,0.2881892622102996,0.4734661246587727
0.0667057284039096,0.5006688897558345,0.5173395328910811,0.354069933149573,0.3837863837119141,0.3936462983093338,0.4815701177885978,0.2012095480911072,0.3738565596235506,0.2815940571007309,0.4582270326022147
-0.014873030310592,0.4641311470651225,0.5034474533163221,0.3548931651217112,0.4131591139347965,0.4404901178438916,0.4753069001648526,0.2057782148673005,0.3171199150944704,0.1940966639743266,0.354971968027956
0.0345763299500727,0.4780999490282848,0.5182087888560312,0.3641909653572388,0.4170267173697043,0.4564799943080593,0.4585042096098065,0.175379735587571,0.3176431845243778,0.2715293504670123,0.4476075391681959
0.0616325521331418,0.4874613912141152,0.5035903249637532,0.3392374353374767,0.3914810500949623,0.3957768260969028,0.4525329750078323,0.2142451939659802,0.3292127444548933,0.3159824768520324,0.4680162536898978
0.0452079538695485,0.4857502881277004,0.5174544111829698,0.3426212688723578,0.4015956854343158,0.4007190437233425,0.4350039529731458,0.227259089385905,0.3492943049368183,0.2622448245861599,0.4054864914276002
0.064088977004546,0.4967937492854973,0.5396477314396124,0.3292742338794622,0.4265840874600098,0.3817679947078084,0.398810251362704,0.1510868208650716,0.3528393585999613,0.2933436748064387,0.4650829779212588
0.0253674207001176,0.5050391514381125,0.5452262800273205,0.3340875383010901,0.4273670306386751,0.385976472398352,0.3937229814970077,0.1960573933511498,0.3280861954671006,0.1582057531400728,0.3494708801626742
0.0662628702844353,0.4853863106507315,0.5463996582150565,0.317369941584972,0.3685974369795523,0.4003091227954894,0.4400594167485508,0.2117242416750442,0.3489484626173675,0.2578466605941178,0.4461216171887872
-0.0223178434652818,0.491047766463237,0.5557036990137646,0.3204904390999856,0.4276610240394999,0.425658914761562,0.452082337250129,0.2339374292440451,0.3521731467506167,0.2972875669443781,0.4885497884618524
0.0277665209895035,0.46375182897427,0.5184440263810661,0.3328101442885433,0.4311191137634595,0.4049985995256205,0.4323047295535669,0.2180525831136275,0.3867817990706098,0.2955988884942356,0.4606502007982775
0.0867568716672743,0.4673820406973615,0.5111944300852349,0.3037996355741998,0.4378144401541183,0.40682850285037,0.4579959616621147,0.2659411395303085,0.3592581406657766,0.2889600171868,0.4856054630461172
0.0975534104993938,0.4661912749764601,0.4906484258181728,0.3165168947791966,0.3730289163772286,0.3832472015886936,0.4684538710902265,0.2638087490918608,0.3603931101542496,0.2550324252038847,0.4933028084920749
0.0781301106892676,0.4761258189885253,0.5224900220727275,0.317729329467842,0.4194351438687765,0.4035903777657821,0.4701278613269996,0.2593881670582235,0.3232089066965159,0.2801349062877759,0.5238008976195294
0.0570107899557017,0.4859864538908516,0.4955805138988725,0.3203741906017466,0.3957718624799829,0.4515734818365943,0.4740056563538019,0.2327077524675709,0.2877047609586055,0.3186398088652022,0.5024838092727179
0.0333808901783221,0.441048705238939,0.5131090909644551,0.3237175351086204,0.3557486332167122,0.4088313677281008,0.4470010094918538,0.2420801794824217,0.2900085388441489,0.3214316418618711,0.5063772863913251
0.0528735950319117,0.4810088575904312,0.5333491557614536,0.329175252615607,0.3775405678541922,0.3941000214303422,0.4082813060504962,0.2213847027826134,0.3163350896860129,0.3256666283729969,0.4804965217933163
0.0658976365307479,0.4837619805362084,0.5205550794811188,0.3146517528733754,0.3946596041586055,0.3056913831590634,0.4147711279757999,0.1298542569645716,0.3346326433553468,0.2200211520514568,0.4526504066829679
0.027680734026494,0.4857272891833457,0.5202448165530856,0.2400077771688627,0.3729972574521312,0.3235672965552351,0.4282996161585301,0.1850744184713277,0.351893734371381,0.2765093188865994,0.4619394108259416
0.0396855201327421,0.5116179432870819,0.5021076624160136,0.281753336840214,0.4005366168542249,0.3456784105257329,0.4632154818868131,0.2524113881847477,0.3527005367089246,0.3069898197744313,0.4926079691026264
0.0417077115008512,0.4914279920111436,0.5070309339413491,0.2994099034734241,0.396489804277667,0.3841073188490947,0.4406302429695307,0.1938681789953461,0.2816723922589919,0.3105399499454403,0.4475848210160214
0.0781466316671863,0.4762256594255827,0.5269399983640021,0.3398868727786922,0.4157179675977835,0.3312518195961722,0.4578842316715865,0.1772636970180987,0.3456931910028861,0.3110741271153099,0.4890674108420781
0.0893807792209894,0.5039384305946452,0.5003516233545824,0.376376376392546,0.3828666441021865,0.351552285440582,0.4872638917634798,0.1918912612316653,0.3572026397156769,0.3212264428973748,0.5083466597876223
0.0209134272596072,0.4365801675624077,0.5166204436982409,0.3809280274717965,0.390913420251384,0.3859569483751206,0.4379615161912461,0.2231713601510227,0.2858429282306728,0.3224680016504124,0.4824859912568601
0.015823642760378,0.4508152000173253,0.5141620967707858,0.3162459537565494,0.418583804871969,0.3663243398553616,0.4440762909519188,0.1992505388847469,0.2722913122604978,0.2609853236573481,0.4657107609031793
0.0323097457338307,0.4775153904287386,0.481406386537683,0.3276117728086937,0.4284948797668488,0.4340098355922058,0.4462771269032378,0.1207505409783132,0.3264649206502574,0.2753995773971559,0.4620975203731564
0.0565921383087531,0.4464225587592316,0.4828139689828283,0.3161661646666449,0.4272813749961199,0.3929379484909107,0.453190051493516,0.1807314271272026,0.3662624192733549,0.2975717986986538,0.4769998914707715
0.0783854719223045,0.4879754702728301,0.5019163622101148,0.3123351196764057,0.4254016453181706,0.4397363732408925,0.4754666760246119,0.1975601734133737,0.2649179573413429,0.3451732871961124,0.4785441415401621
0.109455753098904,0.4220242900118131,0.5065227293418653,0.3304534443695207,0.4257684418732833,0.4093489900554575,0.49147057338568,0.2493523355582892,0.3044775749196784,0.2904015895393438,0.5098291209006607
0.1126717620649543,0.4740199526531593,0.514833758193699,0.348314237532018,0.3931988854210106,0.3926295515845291,0.4312966454332477,0.2566512233027306,0.3161410346691786,0.2844205402941151,0.5213811197476649
0.0506757704327535,0.4333181999648168,0.5230092383554472,0.2994858633881109,0.3953572864708288,0.3780659178480455,0.4452273575410495,0.225283537681595,0.3120340017897619,0.2754824620737051,0.53449586368872
-0.0065480206416439,0.4612604441157288,0.4926151094555694,0.3309156269307498,0.3371882366514107,0.3684700941840153,0.4627915149244418,0.2242816649210954,0.3527513860785107,0.2697158752427936,0.5176505205602226
0.0548102406902437,0.495597851398697,0.5254093125334889,0.284234335406467,0.3860554519537642,0.3591377420042383,0.463890743172648,0.2156280116312926,0.3454687091241168,0.3031663187749706,0.4756290528858988
0.0529507898965125,0.5019350937155314,0.4352490505466668,0.305160191148731,0.3606800257963918,0.3939644781629792,0.4432014831821482,0.2259485259704432,0.3085976075231174,0.3085600286909868,0.4362508788448077
0.0908098127453506,0.4649853644362886,0.5043081131115366,0.3163841428377517,0.3722908888040154,0.4104220378938346,0.4535409361497322,0.2479497306888081,0.3267880849493549,0.310730260514106,0.4489780553995908
0.0998675244655472,0.5050186099554493,0.492653071028822,0.3422513523004289,0.3822971083876623,0.4093452613093806,0.4336042064828712,0.2644955034038543,0.3214442041343403,0.2891154354445828,0.4525996147309261
0.0166906956733635,0.4637688102537936,0.4907401828962522,0.3526496448945413,0.3971698916029528,0.38017148530573,0.4129279791690726,0.1780779416306361,0.3236990563430659,0.2788121878848938,0.4721499366703241
0.000657594479616,0.4807345916598686,0.4958219539734306,0.3342314974535281,0.3657780159193219,0.4088270614555847,0.416357211886988,0.2333152264967998,0.3590238376768302,0.2818521882036645,0.4775911053011251
0.0420242169510193,0.502060098399212,0.4838342435131825,0.277320220345166,0.4166757962921804,0.3897875246371727,0.4216840685801984,0.2494337660905955,0.3103116260105018,0.2860082680103884,0.4953795583561812
0.0157706764143953,0.4659009589104006,0.5080290155588195,0.3091861230589485,0.4248395405567605,0.3453700808912128,0.4312737827478944,0.2043647914337606,0.3257912766765489,0.3075579041277956,0.4514809711708219
0.0165167988892239,0.4003905989531188,0.4661235934583281,0.3190632346856404,0.412313137630061,0.3608946843166978,0.4646794337948027,0.2077323737547255,0.3494702000354547,0.3163050365815595,0.5278931647497953
0.0269598552116612,0.4459061529974377,0.5058658190707693,0.3242836731760431,0.4315014871389161,0.3701026980642708,0.424419580690791,0.2179734469105671,0.3472045415121341,0.2793696574558463,0.4923172675994885
0.0599554854861831,0.4946927274246645,0.5075068015612982,0.3551601246121058,0.4041760494176462,0.3866780601927645,0.4397486307888522,0.2270754382926805,0.2629880069137225,0.2906775642713566,0.5003798206034884
0.0767024936365347,0.4857466705411479,0.4967188908833735,0.3604443651080652,0.409977172218899,0.3656790983343941,0.3885563302235675,0.248522061026788,0.3225904859400313,0.3090208286316932,0.4763439242929856
0.071016195959236,0.4926416885113223,0.4927339076862491,0.3466340690818663,0.43885582786223,0.4281856875089425,0.4313336693224462,0.2257286051490676,0.3287932403008849,0.2732408002102485,0.4750149911721544
0.0766256206001142,0.4970000429717525,0.5385445761148587,0.3110124980872998,0.3810739913887419,0.40681632396855,0.4475619115353462,0.1993983639685729,0.3340018555314148,0.2992738501234496,0.4864179508772845
0.0438604143450477,0.4925054492450944,0.5302531850504781,0.3359960595199311,0.4000167641610486,0.3442453560999907,0.4804608220554925,0.1480056068586899,0.2630713114836377,0.315010346088647,0.5112192240363187
0.0547036994173836,0.523091849866394,0.5192088382834619,0.2834978134072931,0.4318358259488324,0.3757252330858716,0.4390645352571082,0.2001222647969235,0.2887024626573181,0.2404091074630583,0.4106656023952728
0.0182093073098126,0.4693557748029625,0.4967467112755528,0.3001865657375349,0.4155764162058734,0.4056214794531874,0.4515554204083689,0.1928007922930363,0.2996475856374915,0.2845656137478972,0.506464967231135
0.050551893364464,0.4643596585770577,0.51757015629371,0.3107598388508255,0.4217257169080365,0.4123843576622334,0.474753386292543,0.220581870261401,0.3414343127806127,0.2783133168883767,0.5416294577510623
0.0609251130975208,0.4533435163402459,0.5240571907007232,0.3176175657484984,0.3717358838489212,0.4239906088363108,0.4241420185713163,0.2589170772412823,0.3441047540154539,0.2391567542399844,0.5605041046875767
0.0624494904139417,0.4696684684252423,0.5077373132369182,0.3324953281114228,0.3844440812309397,0.4228232249482646,0.4538956740577612,0.1850061144193309,0.3600155176678398,0.2671953775346189,0.4291716402574256
-0.038156932030983,0.4820674889673499,0.4737797768568971,0.3610598675215503,0.4064996895021723,0.3746965947758865,0.4260600674465426,0.1937251883327249,0.3359651758141873,0.3076887367040906,0.4539978124048154
0.0185909260218198,0.47822609652129,0.5153245636058812,0.3593510754953072,0.4129696507071131,0.3864697020979933,0.4281779463737537,0.2279936216423535,0.3310329973341783,0.3138007639771385,0.4448448957906497
0.0629224297301361,0.5179404925719855,0.4983406039712594,0.3584433988620935,0.3709151726888674,0.3888920329860751,0.4591933324284727,0.2532724238746987,0.3420524264647223,0.33590926519003,0.4983419512417941
0.0255779481249503,0.5004354186930735,0.5297301106409065,0.3363831391112414,0.3982903839807652,0.3806935326241392,0.4604763817045919,0.2235924873342733,0.3140173935611611,0.3332379199669281,0.4606777699611249
0.0440552151337285,0.4584067207243902,0.5209093880575796,0.2983531542155385,0.3859255277809109,0.4099647682373882,0.4721709531963492,0.2370578678378017,0.338349683072393,0.3419044259213583,0.4899058273007161
0.0497481026585526,0.4807584553360305,0.5141427620196386,0.3007325524122001,0.3564842994865531,0.4127645541781113,0.4755744499092717,0.2298334790609101,0.3459645809241867,0.3260726404739328,0.5029688398206125
0.0521994634410687,0.4871333857389088,0.5145424570995853,0.3145661378541462,0.4023356453085,0.3704559953963659,0.451354672736449,0.2813576020384488,0.3387264663419612,0.337823422012514,0.404034064516915
0.0774908787240771,0.4893212109861824,0.499247289557313,0.3235250993598624,0.4069104755744045,0.4099491856821236,0.441229937285646,0.2917047880071777,0.3292830938873029,0.2585839991090757,0.4364068263693534
0.0727029582383875,0.4971833100341123,0.5181012159229377,0.3424507750211067,0.3719272900459071,0.3913166042222857,0.3826497014909357,0.1821341574718894,0.296106688474656,0.2748747098999248,0.3990736890301578
0.0574228034212766,0.4671959374694934,0.4937739180837555,0.3541639236154177,0.3841653015131325,0.3472277852019925,0.4095307918159023,0.1800061718872981,0.3322971249484734,0.289174803996057,0.4363816761468533
0.0708706265728889,0.4515120580189598,0.5254343517677607,0.3555696964669207,0.4211773513140138,0.3842310927745932,0.4539292074512022,0.216673607780517,0.3450500552766007,0.3093605915488213,0.4440089742188569
0.0465971754696766,0.4832987238006778,0.5072373347278155,0.3639185855997766,0.387099559837598,0.3994990680108774,0.4432362381296011,0.2506032537992932,0.2775120837255575,0.2876780752111594,0.4222274458519888
0.0285098342767061,0.5165808799159533,0.4634619646403821,0.3236703525269321,0.3949241294475911,0.4102300861941809,0.4275772837234318,0.2535433528794251,0.3224447278985585,0.3001968785839456,0.4514274093616141
0.0352269750703713,0.5267021643971639,0.4745486457538153,0.3378152401749607,0.3945351107373963,0.4268754614573377,0.4172994212920959,0.2436955218931592,0.3230212650187882,0.2573453485695252,0.4949004070903934
0.0007043262951087,0.4690091362790883,0.5119936653579564,0.2896188804944755,0.367014744202947,0.3970018805648374,0.4418402838250461,0.2215216215655254,0.3447314244999207,0.2849123693725655,0.5149432227545776
0.0417259897687317,0.4869792921677263,0.5188461749634867,0.2982681237602615,0.3405381373318763,0.3800980769082717,0.448667157349564,0.2383260845281212,0.3465759141870345,0.3181353778212872,0.5044877584252339
0.0873367129510835,0.4210593025318053,0.5361397877241731,0.3212755697977479,0.3913480900773278,0.4171610125806237,0.3923399158819564,0.1917590572932209,0.3809014843371501,0.298580372031613,0.4584967931476595
0.0876487544287156,0.4659342549097974,0.5148701622584233,0.325321318970625,0.4084582468188107,0.3536067660391379,0.4050611699647405,0.2393811441413153,0.391381258463429,0.2911211116546518,0.3823925136454362
0.0756376817743944,0.498961011186034,0.5369497545489159,0.281508872670163,0.369181367645237,0.3941067395108855,0.4296054864742816,0.1938942186780023,0.3599096139036467,0.3188478891001441,0.436135108897793
0.0149017935546185,0.3950777470038549,0.465749768366219,0.2633757197930531,0.357774605425299,0.39080646492203,0.43642082504578,0.1993953161957626,0.3618241579202466,0.1982907807567156,0.4026942294251344
0.0147476052829719,0.4524379087412517,0.4979028083616964,0.3118369059641661,0.358493502644239,0.3906206146064032,0.4469556654659507,0.2029558970251335,0.3128952795139029,0.2798824417521009,0.4255739165930999
0.0218687766318562,0.464849543543221,0.5045519293089484,0.3270633428964935,0.372086451600068,0.3765819769131174,0.4239063463357588,0.2252391994402005,0.310335034924065,0.1619620469845612,0.4154510797106167
0.066338528136458,0.4802947554466287,0.5338038011089086,0.3100869929110127,0.3560858818204931,0.3887953636702458,0.3680580763445722,0.2386598154678576,0.3063765204727833,0.1388137251584315,0.288724023271233
0.0675854924431118,0.4750244271839402,0.4757778043510369,0.3384944346167305,0.3742459407394569,0.4263575164860018,0.4166717794559514,0.2398103467994735,0.3118398213192377,0.2339109256014975,0.2352657155007675
0.0312386615122692,0.2856089558505182,0.3551799989686203,0.2922069073856562,0.3119812612638117,0.2755366819101223,0.416622312099449,0.2521921269880057,0.3401940205270512,0.2476004057341804,0.2098900007319385
0.0306317206698684,0.2727927743743931,0.3524153937668955,0.2747358053523787,0.2824727182478742,0.2943390272962911,0.4079836097183953,0.1965726192067981,0.2847867821218337,0.202874638538968,0.2577408439016161
0.0404105821977951,0.2731570842043559,0.3536553685474518,0.2840678256504387,0.2566127605068846,0.2820615102535638,0.4121280522192895,0.238765287964073,0.333510141048368,0.2388868109259571,0.258870227018307
0.0486780084872937,0.2737164523004246,0.3166403185911586,0.2990548793796604,0.2993829604690265,0.319246772592255,0.4121716902466084,0.2296273264100853,0.2587842225554241,0.2307799521000709,0.2524369238584506
0.0409376166905632,0.2477116758865828,0.3174656384953015,0.3060031519368233,0.3332536837670202,0.3480791664359894,0.4543270435575072,0.2207841678421635,0.2624293944659084,0.2441102107326078,0.2310280367590673
0.0296312802979109,0.2506333733960719,0.3268435234318728,0.2858234671736331,0.3767656807010359,0.3382027765628093,0.4538704375179661,0.1580514641480255,0.3264893086635922,0.2350059544017686,0.2253321461070217
0.026749812834733,0.3082845647655764,0.3770650144752412,0.2578175106459445,0.3643124672489816,0.3601588824495273,0.4636053252277893,0.1855505175207808,0.3070963300499098,0.2657194038170271,0.2694967234857784
0.0371023054472159,0.3599979290623963,0.3946517929536439,0.2476740999983503,0.3085712547447672,0.3752536650037155,0.4008602327454058,0.1719426374430738,0.239939277548865,0.2079578158124866,0.2883700973548729
0.0475802585498545,0.2417568022581238,0.2942521124521179,0.2755517355714136,0.3485855600591208,0.3264305614743075,0.4384972445964184,0.1773719948432571,0.2675179981366705,0.2297807947594864,0.2322930983337812
0.0503284059591728,0.2330783624761331,0.2999851149761975,0.2958117331873647,0.3668441915351514,0.3796458444641609,0.4600858092676366,0.2075756662797166,0.2973430894636923,0.2361992125850716,0.2960228036747596
0.0553744634627184,0.2302655907304948,0.3064559119851518,0.2785127872186941,0.3682030268951951,0.3454292395586788,0.4710263180740839,0.2326125045362124,0.3024541909704445,0.2388498229860691,0.3164224970012563
0.0602404438231973,0.2333852600569909,0.3087539348143352,0.3014231137808395,0.3772848174453511,0.3508633717283873,0.4381240319061463,0.2496146202073981,0.2892761614311674,0.2533339809533754,0.2651101249736322
0.046958783360939,0.2403734358642134,0.285500817946709,0.2922356225009526,0.3835694548301058,0.3078771754114104,0.3295648324497366,0.1946958724078855,0.3044502540938464,0.2275293347797788,0.266247750915232
0.0625284035272594,0.2547179081253317,0.2869835785649034,0.258807635545967,0.3915931939371861,0.3403441173955128,0.3704014989943071,0.2165835372521591,0.2872040751009271,0.2672389239022746,0.2135555866250125
0.0643675752975401,0.2317193310309711,0.2969525393611993,0.2522699049962938,0.3092154095467723,0.3598096256172676,0.3912028101930299,0.223438747480821,0.2927658115470998,0.2516106697846367,0.2379291300102884
0.0734611953895906,0.2659979240507135,0.2944229514196722,0.2768910990029918,0.349083958901942,0.3827567811883421,0.406306951485282,0.1552064376876294,0.2712599069780382,0.2558879018947236,0.1968471562025492
0.0734359051973893,0.2838033176238764,0.2911229276274593,0.2889229671014963,0.309714699630616,0.3489600943993748,0.3905113199663252,0.2091423237798969,0.2713262270523753,0.2588266020850052,0.229946744573712
0.0443258542390585,0.2408033609352893,0.2177337039627395,0.3398391328980057,0.3702208949180098,0.3808872845863631,0.451484370025639,0.2406386099167934,0.2302023007055283,0.2770867135947146,0.2520914683615289
0.0430181207825785,0.2463694181026193,0.1882268402203441,0.2516949292176999,0.2591984435126416,0.3925757724445046,0.360447554119787,0.2554481632137854,0.2157346319623587,0.2836254492509317,0.2462330293581879
0.0383496701751177,0.2644722605055065,0.206000343115982,0.2356682708934596,0.3092635953194365,0.3884445726164489,0.3920470836069446,0.2159194169597449,0.1929063855123939,0.2988830241977221,0.2951973648091878
0.0438512754318414,0.2234209384740039,0.2068273821897079,0.2534026330894856,0.3388299376275227,0.3962334557099554,0.4519613672004818,0.1936811322554344,0.2290569405029502,0.252455955878718,0.2507070237067879
0.0469379196672936,0.2427104885434188,0.2135729679071675,0.3015775569961975,0.3808437853724096,0.4609974660746473,0.4596248468921218,0.2223945742891266,0.2367053227461709,0.1973729099004492,0.2521333067528938
0.0441498975732163,0.2425339440829478,0.2250079256864683,0.3294338986385146,0.3486590143128256,0.4122030592612039,0.4455366510160324,0.2368865634006718,0.2538762415809678,0.2667701157893065,0.2872352204792888
0.016588434982367,0.2479378125534725,0.2258648110589013,0.3508909607331147,0.4249222130813957,0.4413868616059895,0.3954164786159229,0.2729909406738929,0.2320230736022082,0.2693667945839472,0.2959398946602399
0.0536426164040551,0.2770600279169057,0.2365910212786902,0.3770836338822076,0.438203886546324,0.4450763967267189,0.4053642477581514,0.2087171957894294,0.2680749110564906,0.2945655885782872,0.2656166506436914
0.0702167070672807,0.2883406514647881,0.2289205828344743,0.3995474424511586,0.4778244660974353,0.4589070008017808,0.388967927493358,0.2090128694441216,0.2745996627148546,0.3052823554139715,0.2737165585171086
0.0743018353703744,0.2587868130194811,0.1894947256670039,0.4023480249520266,0.3983929664977372,0.5121089187612635,0.4056462866480242,0.2080413055387702,0.2929206472577109,0.2114463915406272,0.2901343729204371
0.0804668924953995,0.2653496905699923,0.2192131546856032,0.3887497307894832,0.354575766532966,0.5354216711831742,0.4253325403415297,0.2491083332403598,0.2627273884234508,0.268397890136892,0.2793829219436045
0.0899527541924402,0.2767362163063163,0.2482894228582335,0.3984560807655346,0.3652646966074496,0.5008164959134332,0.3355261788044255,0.258435681377232,0.1864876677000429,0.2428141140647142,0.2440165974137181
0.0590099811727583,0.2730026699807231,0.2553717481940637,0.3590357765679681,0.3193555149541365,0.4839174988085533,0.3732380284397397,0.2832019091808785,0.2437185499864901,0.2016401011320095,0.2445949872271059
0.0853630842374502,0.2852956591219227,0.2333715555497017,0.3552632718785952,0.3649709163092121,0.4598287948028068,0.4212588320891626,0.291035887140387,0.2696908167145723,0.2374594174589905,0.1566824143564678
0.0759878613265367,0.2722481199338728,0.2383609348369808,0.367674637914453,0.3704154602675276,0.4838091672716533,0.4650484245428191,0.3020107866182254,0.2409128636570026,0.2379931707070451,0.1862752147057635
0.0784673103354423,0.2837406515818151,0.2456246313790706,0.3599396979214041,0.3512196664541637,0.4851077779591122,0.3813225244250539,0.3052508529715299,0.2911944124881636,0.2242835914539758,0.2096781501611526
0.0800464967291518,0.2316867701001384,0.3133971830988311,0.39110722091183,0.3272720947342665,0.4666670583972352,0.4085935416846626,0.3337262014481398,0.3013106259028661,0.2451155438703221,0.1555096361674792
0.0690305904453895,0.2356422094054041,0.2954172520330532,0.3709181100809608,0.2936135092523715,0.4237924123082807,0.4154784994407358,0.3110972170602748,0.30555431472883,0.2631714002635101,0.1948879397692839
0.0587075791224482,0.2144176174740134,0.2512139381510628,0.3477406231431073,0.2596789377286791,0.3991090935984162,0.4285248642159012,0.2662222824139124,0.2321144742708901,0.2666456594171484,0.1922880349612391
0.0776280646895297,0.2129485202702895,0.2990982915184812,0.3736716847925535,0.2858928172623919,0.3790224099695284,0.4138069467701451,0.2791526196446358,0.255227415477207,0.279827538680589,0.2355719907133966
