RSY_CAGE_0,RSY_CAGE_1,RSY_CAGE_2,RSY_CAGE_3,RSY_CAGE_4,RSY_CAGE_5,RSY_CAGE_6,RSY_CAGE_7,RSY_CAGE_8,RSY_CAGE_9,RSY_CAGE_10
1.0,1.0,1.0,1.0,1.0,1.0,1.0,1.0,1.0,1.0,1.0
0.3004059422674987,0.7080916876974626,0.5669665419645623,0.6045611807841149,0.4192459457962718,0.5168098467660792,0.6924330878958868,0.215546413532197,0.1677069759011835,0.3068938944203845,0.2005667583859617
0.2023156780952847,0.6562550719720024,0.5416304687058893,0.5404195745641649,0.4073760961069348,0.4759291576813619,0.6730830586926017,0.2491288834946105,0.1278123034258229,0.3381986227978136,0.1781192091301356
0.1894359354666841,0.6730862556073469,0.54574952144381,0.6138482294808353,0.4112504464714642,0.4820471541868832,0.6955236477607133,0.2153999912997799,0.2656793849270686,0.3872843554639832,0.1608226852545995
0.1762212524661975,0.6853654788741611,0.5539468635892828,0.5997027137208133,0.4427488623040896,0.5294738012578769,0.6509811641683595,0.2229638143824309,0.1994654184829975,0.2905245419683452,0.1707578017953857
0.2445378281844496,0.7019717041158312,0.5850113766493684,0.5521204149426573,0.3525351248063286,0.4552089790840711,0.6995753600492197,0.2430335247208231,0.2616256149254486,0.318385395834644,0.2701689774033273
0.2053603408176822,0.6549556409556911,0.5338992895867456,0.5678468322066024,0.3511888036607604,0.4576606084316912,0.6900418077371893,0.2092613445710031,0.1662324680041559,0.3476932685845841,0.1003604787195804
0.3141173201732727,0.7032280197267511,0.6149743647607292,0.5425047820598304,0.4293014741739205,0.4660078068304902,0.7268083461004391,0.2109301999474735,0.235235220029291,0.3062555096967465,0.1659614679845275
0.2291667458873028,0.7161031250011165,0.6044971509226936,0.5757250460779095,0.4458602560908171,0.4812320667462119,0.691429803337048,0.2056680399863074,0.1186675523112378,0.2323829572266305,0.202209297532578
0.1920579403531829,0.685284763486423,0.5981084569555087,0.5692156284663415,0.4381820293298047,0.4794866358918805,0.6536744651135832,0.2583746743632753,0.2045709616071379,0.2898677064573673,0.1607297419029746
0.1747218491500675,0.665048088214199,0.57153389173313,0.5745987430670748,0.4240583346792437,0.4656762913709346,0.6437989551688016,0.2232450979615898,0.1591197272800371,0.297034597114205,0.2256631303796062
0.2209844406964741,0.7242981182069268,0.5589664320527383,0.5369169424820182,0.4032200245059431,0.4880590022170761,0.7056173064919854,0.1438581534916535,0.135755951572301,0.3987369273889135,0.0867175787044274
0.2172442998397747,0.6047140222510885,0.5766890031382292,0.5390777109121575,0.4203056044132903,0.4542387508231884,0.6940963367365283,0.1760873926361355,0.1629957100153302,0.3196004805268813,0.1417174959271902
0.2267311424093439,0.650901991480004,0.579924842931204,0.5550376864558023,0.375554043789952,0.4715371873072563,0.6538630052515566,0.2090274981787819,0.1885840566357161,0.2791211147466085,0.1470575595015106
0.2658405602088263,0.6661695804922556,0.5863072910732239,0.5670885012511233,0.3569133196358073,0.481268346319741,0.6854487188276528,0.2359417748229358,0.2412291684641591,0.2500258223261514,0.1942943953600081
0.2408156395551967,0.6257836680404649,0.5616009012531954,0.5658310823140558,0.3778412828728248,0.4717615119673878,0.6914128935469366,0.2733949209788318,0.2056511620110145,0.3068048221969784,0.1714714069890817
0.2207933058357474,0.6487154273913465,0.5591142650024542,0.5518209703484296,0.2738760836230549,0.4937050041032689,0.6752578850208456,0.1409133238638684,0.2203886094734217,0.3461936280926107,0.1505532038799661
0.1948526034568055,0.6531374224442743,0.5796077357830178,0.5589580793509026,0.3627713840406378,0.4432314915724476,0.6766267021448311,0.2231855209191386,0.2416917680038922,0.3706114961863326,0.1986056409187493
0.1831969581680425,0.6759830287515509,0.5907305730837892,0.5630073862558127,0.3668790631894032,0.4689507066291524,0.6764981675245212,0.2691288006776112,0.2298209691598293,0.390864628523475,0.2062074826672427
0.1833742727087464,0.6638276489864807,0.5635053809393129,0.5730411331956164,0.3848834977171729,0.481708935853175,0.6631892407283233,0.2180296304903319,0.2077399848327181,0.3031433880360385,0.1226072664830551
0.1959009679040536,0.6794184946371653,0.5540970942115354,0.5860044090082623,0.3811919294165627,0.4753637966168764,0.6842029379861356,0.2448630665275258,0.1426550771874275,0.324390478117319,0.1391665783187494
0.2081150247673617,0.648951032889719,0.5570023113749856,0.5391845833596184,0.3778187473780474,0.4432489741358982,0.7035507750112593,0.2323251697605645,0.07214530951382,0.3263986281125653,0.1924328201962996
0.2135658904720101,0.6540177460542134,0.5274108181118052,0.5550529579882071,0.3653451056343029,0.4152475145710342,0.7144847422041827,0.2406602741469132,0.1182846838086857,0.3123721882423041,0.1741211689814305
0.2359802116334777,0.6374630187647986,0.5095046531542017,0.5617975333363932,0.3912023944906125,0.4347337863807935,0.7004513622582792,0.2437644517249067,0.136911503833382,0.3166040612408216,0.1857709872122755
0.229407394124552,0.6644549222603899,0.5275259171775588,0.5285244275454231,0.4028916645737685,0.4625717442274679,0.6854932010731908,0.2713321425520925,0.150090453127788,0.3245634143540691,0.168450681695755
0.145197432474535,0.670181556339444,0.5128897156414531,0.507582176565594,0.4166481043835708,0.4739203986755114,0.7009174300374564,0.2845103643896225,0.1718737529209476,0.2984569230830297,0.1443955140357193
0.1735375562009677,0.6253343040997261,0.5582890229612479,0.5392119568597422,0.3584531843681194,0.484963296152136,0.6876615791966836,0.2906475951228014,0.2027878430439659,0.3513621848776254,0.1781971012428949
0.1933989033095364,0.6152112629920268,0.5714312640989332,0.5486521984988268,0.3880793690794228,0.4434671764760843,0.7001084296660045,0.2062550249580095,0.1443435979455473,0.3376789336736327,0.1924542007625417
0.1805945696771862,0.6104056327573189,0.5454451310405439,0.4731517947956173,0.3761769944410839,0.4557469159552393,0.6952464870438778,0.2068053420726273,0.1521918933542185,0.3405991267102547,0.1873384680187926
0.1801619399181769,0.6317309772268389,0.5462332923388755,0.5252831416227333,0.377891314145732,0.4580213187880306,0.7109800710468562,0.24212006698141,0.1569208500115841,0.3545095780081204,0.1478320268942672
0.1954448626740069,0.6662060303081803,0.5214327471085513,0.5524169352607751,0.3995095986654169,0.4629999208720665,0.7244167886071537,0.1814904854206458,0.1908029673757488,0.3278998056767531,0.169710892995814
0.2016907093124524,0.6529855192275097,0.5331447411674042,0.5615475372601932,0.3883038936546876,0.3837555577520555,0.7123654139361147,0.219984299535194,0.2234843495105508,0.3152157508823736,0.1773788075565269
0.1891417055230721,0.6392357791617763,0.5439424661870647,0.497400558457237,0.3795159641990578,0.3959773247442469,0.7036534686053935,0.1634547733077223,0.2510186061181197,0.3203992065982629,0.1839866429709577
0.162782380707033,0.6581511158163776,0.5490613319455673,0.5296581781736852,0.4027594853858115,0.3775619556259387,0.6950079801969259,0.2064214402532591,0.2229414470789077,0.3213363149576147,0.198377012700732
0.1637085951087596,0.6908317822770399,0.5428836174886009,0.5743091337670665,0.3905212724962286,0.3772337001243896,0.7030725264582236,0.2477618251653984,0.2172189757145446,0.271415886872792,0.1649774373313943
0.1941352239962939,0.6264011451672332,0.5495047303016904,0.5285912976330499,0.3345764916201737,0.3955486261829989,0.6967004013372304,0.2259907636149217,0.2243941909151194,0.3219210954601177,0.1979888695386485
0.2186767315806224,0.6484475386036698,0.5555671720718369,0.5089084823066613,0.3997660458112679,0.4058528286291286,0.650730950693456,0.1261671784437772,0.2072557813456221,0.2717002109912362,0.2228637894092607
0.238792599480868,0.6351687189496305,0.5301838560939374,0.5226789272594277,0.3882609009165455,0.3762600134379044,0.6657678962451614,0.1824572169150622,0.1985124592710029,0.3324366577882235,0.1912973010850804
0.1808570410657211,0.6182347887403734,0.542376729526699,0.516059585595791,0.402189000484094,0.3562725633618647,0.673977262077694,0.2237538741825426,0.2165931591873445,0.3333711717298649,0.1517511108266025
0.1833219786202686,0.626152709423294,0.5710391282766163,0.5365661395040662,0.3377245954527559,0.3819629946904077,0.6794410331085362,0.2005009262662456,0.2047573966951585,0.3535151280152808,0.1412389007017068
0.1947423316584982,0.6460674513339039,0.5450179805801237,0.4482313873081144,0.3771000421550947,0.3893846639902337,0.6493750735771991,0.2225310976265215,0.1790605631248819,0.3553214152293618,0.1537784940056311
0.1452307361540359,0.6372978282088371,0.5498304165394525,0.4969498695134959,0.3799910175781708,0.4090843671816299,0.5677729690547239,0.1721679052542036,0.1864729506232418,0.2996388491193597,0.0782027783969641
0.1853808704288828,0.6193359746808441,0.5654533248156106,0.5364499861135216,0.3393150152510252,0.2890477533099484,0.5971207923072069,0.2168078373385255,0.1775974734178808,0.3266895881352131,0.1113296412977135
0.1325920855277483,0.6108462335874343,0.5632727549222057,0.5482784873362676,0.3832218757223703,0.3120078565168843,0.5731299897644276,0.2601130583783415,0.1980846786615757,0.3253036901782567,0.1333635201740461
0.180717903279699,0.6247097375552266,0.5918562923968924,0.5612459956905331,0.3361444842956032,0.2912355356083017,0.6044807847563352,0.2791564548407331,0.1627652628451699,0.3116094578390497,0.1592002090351309
0.1372216258520197,0.597795912312629,0.5664859696992632,0.5284386052484212,0.3544915636579798,0.3112354188846946,0.5624751024953774,0.3004411413201657,0.2386277583332789,0.3481470803028543,0.1616314164039479
0.166785155385558,0.6366208987333255,0.5736708275928853,0.5499984449709452,0.3384363212663773,0.3779335114502745,0.5909898269553224,0.256095089349437,0.2136974951386838,0.2967681860574234,0.2003930296312683
0.1506576848295308,0.6079912780701389,0.5649675714054717,0.5211855575132391,0.3419148683367314,0.4060516034310623,0.6010935842826678,0.2321498755572388,0.2209506166846989,0.3114929169743586,0.2151933659302824
0.1654923022639144,0.6485779325207863,0.5706149501303897,0.5444968176206654,0.3505752888689869,0.4164849788663536,0.6176984858285539,0.25733226188378,0.2193943671954051,0.3323697568799839,0.1640493703400065
0.1294326945751523,0.5804099191819186,0.5273500679220454,0.5412144625509783,0.3362444973562207,0.3941362057819754,0.6449836137261094,0.2207309737072532,0.1310292755684726,0.3022470687076766,0.1671979460285432
0.2120740433239859,0.6336728157211914,0.5645362588598102,0.547043535628347,0.34396033853354,0.383090904693381,0.6633484024408772,0.257710774339515,0.1962786895279085,0.288537793446407,0.1855141964414071
0.2288684532810441,0.6578634529494197,0.5961428103272872,0.5287901427278004,0.3840075578551267,0.4114573089760293,0.6386967850140907,0.2604522590287319,0.2152839617289696,0.2923830686924431,0.1897204121672945
0.2174273843727897,0.6788724464906941,0.5648364480347338,0.5018398138552459,0.372852204721771,0.3766836914963318,0.6431934534491592,0.2115126735956951,0.2250213684070215,0.319981817519666,0.1988453952632854
0.2051103923866454,0.6910954982161932,0.5359562120658237,0.5185008848583158,0.3240951231528444,0.4068958159120965,0.6121500357936607,0.2673291002986488,0.2063900486621662,0.3239045876484596,0.1594306957078088
0.1892303950699819,0.6936509090584968,0.5555767453280707,0.5433006857823075,0.3375171748029519,0.2927621934724225,0.5855205638471774,0.2249574130793788,0.2418371601311542,0.3302688756872097,0.1734857293467833
0.1721737505814661,0.6409390070799071,0.550884679823553,0.5663863352772595,0.3877648092863159,0.3091684514454491,0.5874993926443665,0.1893658056191722,0.1849281741157914,0.2620048585684696,0.1848084990904558
0.2172454142079515,0.6470289563208855,0.5595093033659948,0.5412736793537749,0.3470900210444708,0.3627236282800408,0.6095390554221616,0.2207408932920534,0.2006100859570935,0.2850493278699171,0.1710627744079387
0.2241434231966401,0.6675799766576587,0.5576923481639389,0.5551901664508749,0.3264623294391143,0.3274934517449687,0.5362580862182768,0.2342218710056905,0.119514272481348,0.3305133394836721,0.1224265746548343
0.18448149565229,0.6436946724481281,0.5259108749070242,0.5266417800079731,0.3439469111448194,0.3580854895945197,0.6173831355689618,0.2064189314663297,0.1426280146593612,0.3087301955150073,0.1862906232587152
0.1913464420484578,0.5763641915540545,0.5458683622405516,0.5173258103487681,0.4007154977124147,0.3826922685110479,0.6526281540622874,0.2160413401384175,0.1094535163776343,0.3296468229024589,0.1978522870223987
0.2051604616498519,0.6406734522228869,0.5160973580293579,0.4905716854770169,0.333921206607755,0.3991550537589379,0.6516077676857679,0.2243704037196077,0.1576221347461661,0.3424266951859865,0.1615819974012552
0.1977808636866171,0.6210337419607631,0.5319329526804505,0.5356341357836188,0.3435559880114562,0.4297164881469104,0.6423702889736401,0.2410046959989099,0.1691840957865564,0.2821146617828636,0.1159593549777218
0.2203216308519499,0.6347563542778528,0.5136483432971296,0.4635147366421592,0.3932009108885064,0.4218517674739432,0.6649351834833839,0.2779502840294824,0.1518497170873229,0.3415917163629308,0.1719976806540718
0.2335151861977579,0.6542968262441136,0.5355850439545413,0.4943946588110535,0.3523557621017316,0.4016878904841897,0.6747204490705374,0.2499689824508763,0.1960299823478639,0.3174316374600717,0.1898669854765381
0.1416071964537982,0.6094627834006913,0.5195523250310157,0.5092523121870541,0.3867428109021444,0.4021711904344555,0.6821534743911868,0.2712520449037801,0.1563270725635645,0.3389970918865446,0.1993940711365767
0.1944070823995091,0.6488546167003828,0.5023562618153131,0.5614386060808908,0.397462363328961,0.4083401694639758,0.6815830686674476,0.2437760247275073,0.1454332766855027,0.340980818355671,0.213621982705379
0.2302714927537401,0.6754958752712112,0.5467055580454208,0.5546833846697325,0.4026132575650203,0.4280471869322576,0.6996927889153775,0.278577068879775,0.1570992550017368,0.3310695868094233,0.2340487583303602
0.2524106024504957,0.6832704199102059,0.5048158331728108,0.5352184044863115,0.3853248044463869,0.4054628949567172,0.7082237321329272,0.3019519328185801,0.174129746340555,0.3203965692917375,0.1894233019124734
0.2264020030709637,0.6499619943104101,0.5344082877712657,0.5547107229130208,0.3933268872324864,0.3721959105783964,0.6974764116113565,0.3074645175495748,0.1799781185242761,0.3268883096187033,0.2036513508617576
0.1677575793552307,0.6025637652914813,0.4780588898555614,0.4829552412313326,0.404053268614603,0.3875405589964948,0.69044124056004,0.2860326744220904,0.1524450298927971,0.2625033405204947,0.2059703460464787
0.1787759284373922,0.6242072234133943,0.5107469053537633,0.5011280496414725,0.4168180020526411,0.3606966122214534,0.6741782332612063,0.2277278092513335,0.1726998674851447,0.2974045046343085,0.175005299186405
0.1852941018732095,0.6246988345635262,0.4976391351857832,0.5202550820123576,0.431427787867246,0.3783527483366533,0.6956308514807324,0.2315408171827145,0.1122104919786917,0.3191221590187079,0.2018987191700806
0.2241003105784971,0.5829979678935511,0.5252437080429189,0.5180555323716368,0.4214027682085459,0.3800934144765583,0.6232650375671561,0.2759391738045643,0.1570812934396281,0.3037748444015756,0.1312669022683584
0.2048216497514218,0.6050809890906281,0.5260295178690213,0.5428847571390245,0.4487917990634154,0.4131077181252859,0.6453109758631521,0.2391690058358566,0.1451220950283967,0.2742684948639984,0.1550506010059734
0.1996176003425337,0.6112649391146298,0.5495229362292272,0.5538316616434877,0.3610653210580969,0.4167066517799251,0.6602489825650186,0.2910224537182931,0.1604129580843147,0.2875135317169259,0.1485560958976164
0.1962550764253957,0.6474174638209458,0.5440523665564913,0.5105625338361823,0.4055019260662776,0.4127607382430816,0.6909182010877701,0.2753665664240662,0.1660175339889018,0.3129779833168737,0.1806789606154169
0.2085513640801261,0.5785809784483157,0.5443624982594971,0.5388244893285156,0.4239757699098435,0.4420897186490202,0.6810357045114801,0.2373128207276151,0.195548281952881,0.2863461426935516,0.1644531635558114
0.2328265826819161,0.6191519716352822,0.5185294882090096,0.540842316294279,0.4130905597789489,0.3654685504815659,0.6131126056212253,0.2391302738831359,0.1902164266980099,0.2875838403556502,0.1812381152822158
0.1790569019755844,0.6491738088173027,0.5278656654017617,0.5333382677959023,0.4255503104108357,0.3510798093365413,0.6188027790434629,0.2674046904883365,0.2121388940977709,0.3262577583895641,0.2028964694606466
0.1890294082201737,0.5880618185379214,0.5124030308085514,0.5059961417764557,0.4377147212939873,0.3942524208558771,0.6640722397993866,0.2327650186308059,0.1861947625441474,0.345877569286012,0.1644617316352973
0.1923152006466409,0.6233349630923043,0.526142503508962,0.5412030587974839,0.4580608586318874,0.3957589029860043,0.6836026120527345,0.1759657970073041,0.189135225246034,0.338567965571895,0.0918373586332965
0.2061493665220998,0.6385065589584862,0.5281622701633504,0.5542484181962424,0.4299798612343174,0.4106443390451532,0.6708906302997373,0.2033196500849435,0.2027866364054092,0.3409602889518127,0.1325659239434011
0.184557259247643,0.6078391459163044,0.5360353068522514,0.5281736205764963,0.4295117927998296,0.4114870017738978,0.6756645230247003,0.2289926994341328,0.2438071620232735,0.3613546184490332,0.1634569224974441
0.2085502870132431,0.6099469120971333,0.5248876033385309,0.5246223075425941,0.4493771125507719,0.3936419350724759,0.647580409902984,0.1997572642829503,0.2091242975252312,0.3360189103500723,0.1563939937344845
0.1799210654611398,0.6064334932865016,0.5072018316839161,0.5429938075573666,0.4407817779361749,0.399352144390395,0.6694989003640052,0.2786771680483712,0.1752979095766937,0.3510207787741238,0.1937906454191637
0.2141628774773055,0.6367638537581155,0.5381515999945857,0.4929330299332431,0.4555870952710616,0.4242297266535412,0.6671382855482285,0.3018460546236712,0.1614559160062083,0.3001830368104271,0.2213069228017541
0.2495199609591401,0.6529158456848997,0.5405175586630789,0.5103506520897506,0.4751128372691979,0.438906591175792,0.6749225574567546,0.3106486695787595,0.2021085848483906,0.2876403076587139,0.1524160075194036
0.2520446693149374,0.6602843116293762,0.5500973384415486,0.4895720950132554,0.4656543897960356,0.3969310856491597,0.6780351262466785,0.2413865570681292,0.206892448977589,0.3076312068963561,0.1889594525282925
0.1473167704578253,0.6470086137338439,0.483001937530755,0.5099451506609854,0.4225347414559133,0.4064329589020758,0.6843638306480552,0.2520799893091541,0.1861225938416894,0.3320122592858606,0.2063815001191321
0.1614525502397972,0.6184711939369929,0.4868901596587072,0.4864359797698181,0.4247973783677155,0.4135851362061966,0.6764905487878381,0.2547157976617274,0.1884963411219097,0.2701139378738502,0.1983648601312359
0.1826876637011314,0.6271262550001758,0.5060752247647623,0.5253652360564747,0.4617081486296863,0.4133179688807319,0.6604063253161501,0.2191705392500204,0.1937190326580263,0.323078946551707,0.2157890233454062
0.2123844966975241,0.6552651142657524,0.4956597086257403,0.5361602128566942,0.4545016830260164,0.3924286300191441,0.6806788570691147,0.2712207466619346,0.1965413302606476,0.2662526809385234,0.203054345800297
0.2094117538097298,0.6136399731775035,0.5264022132173831,0.5145019015817638,0.4376883367363856,0.4138598561733108,0.6943756175648429,0.2849241148870933,0.2169593651609611,0.2838582566630001,0.1530020696002716
0.2516290265671441,0.6493077190456424,0.5488477418194109,0.5346848067356081,0.4500006580116681,0.4256100441514885,0.7021690895734265,0.2673486644723893,0.1899383780302269,0.3163237541074241,0.1809686152815285
0.2263850715710551,0.6073817678542259,0.5603041432374771,0.5398814765049408,0.4427767545695683,0.43459010196678,0.6828894177946628,0.2900324619325182,0.201428023935463,0.2842845863745951,0.2038000555310143
0.2381952296743485,0.6222805932249367,0.5700220497841473,0.5561717001687809,0.4500266615165447,0.4174952813340042,0.691446569477036,0.2514605361195101,0.1529741330106096,0.3075842253359837,0.198088215994301
0.2359893305906899,0.6219789678983456,0.5023829875224902,0.5445343421115835,0.4224152776965568,0.4024560349962884,0.6864289718664076,0.2190145078212117,0.1441718508631638,0.3080728700613019,0.1740197864266437
0.23607945451695,0.6467486554875399,0.5035241122631451,0.5034604070560357,0.4395991755934059,0.4302588333001332,0.6374168005336328,0.247046748960292,0.1831554436377068,0.3387155265569339,0.2062304700646289
0.2459854725314013,0.5867332401627094,0.5148253027824761,0.4952948690096075,0.4432625540059792,0.3988605631880514,0.6595598032448471,0.2429334839933148,0.2039312100395799,0.3680134684636409,0.1946858386518697
0.1945276449928477,0.6001976452336736,0.5424618223819118,0.4946197333969556,0.4283973143671822,0.4273444781388299,0.677663062793078,0.2112570019245571,0.2450449810244236,0.3628585899479525,0.1690526359438309
0.202089007194799,0.5171206099503494,0.5340380429189717,0.5204786922705589,0.4560713055384338,0.3965075744152024,0.6928759852210622,0.1647844915557285,0.1601869909317337,0.3399576901738856,0.1783244988510871
0.1859462224794986,0.5383910560758585,0.5425501818161478,0.5308812383419594,0.4467900496824832,0.4337506396084216,0.694905430061197,0.1939820520048649,0.2026713466183592,0.3232842675993874,0.198273983563008
0.2201072550415522,0.6076808530732243,0.544454543337056,0.4949309905105599,0.4475121787503305,0.4409906636278625,0.6434816784426289,0.2324883336331014,0.1467277957203422,0.3202469460328246,0.2031944929301278
0.181794975960426,0.5716657099593507,0.5563060183269466,0.4997825900342428,0.4144638991695467,0.4456325982893784,0.5946775357046112,0.2463240368119003,0.1863432273141722,0.3174910079693445,0.2277042812995949
0.2373119547644328,0.5682877962345988,0.5602951420497153,0.5342189995980343,0.3870686671931543,0.4125645612366523,0.6256209098396027,0.2770388053359606,0.2015548978292289,0.3264893518640953,0.2245641416169213
0.2456886635368186,0.5909925116898159,0.5433092350697875,0.5442072068664705,0.423950000934293,0.4119923521449171,0.6679050934290436,0.2252601085666698,0.148228531532032,0.3378540198479854,0.2437688975976244
0.1775904198176233,0.4947116637538906,0.5301527737142526,0.5467081584411009,0.4332152401541501,0.4145612849829804,0.7029640677443443,0.2394054235207256,0.1948652445835194,0.2937854447799355,0.1488551479400116
0.2356262113768557,0.557617334691552,0.5196172632627096,0.5383738473337433,0.4425373745101035,0.4546997617964781,0.7060214727052047,0.2579530779571554,0.2218545313121297,0.3149857819828205,0.1958928429591149
0.2616729149491935,0.5787504468205052,0.5142788512628378,0.5224072927545331,0.3998317820362611,0.4662315546263926,0.6521859664726398,0.249787407183439,0.1977655460931875,0.3429128396707603,0.1873987182622088
0.1831398347816049,0.6240747899313149,0.5322494518529854,0.473037544930571,0.4233812069369198,0.4173076414273843,0.67046428840759,0.2616836255019337,0.2364629994284404,0.3218919330803115,0.2297768199591123
0.1952444973395423,0.5793726062243857,0.5464926466069853,0.4833235378630982,0.4441337056748573,0.4529986290810768,0.6611450201031652,0.2668703161647211,0.1925537448481485,0.3487053747837517,0.1775766500217069
0.2285910230987079,0.547523243567682,0.4880898238423661,0.5161292423181412,0.4552542174154442,0.3660220936046061,0.6445486339993063,0.2918277894018623,0.2075464106290816,0.3586685074969573,0.1918518092309797
0.1655159980876037,0.5696590520309444,0.5063076059726421,0.5285642440032989,0.417498366363461,0.4078316079801857,0.5862592619358156,0.2152414372973639,0.2148066396852622,0.3341119552596059,0.2584444479723978
0.2032276181573081,0.5911029226255741,0.5216768723457325,0.4964600616713254,0.4382720969870463,0.4337635951183597,0.6154501517091298,0.2651684721156465,0.19892304334145,0.3635208730230894,0.2203591311744267
0.228331608095211,0.602129331644884,0.5272188762210634,0.5227591258191898,0.4519330970970833,0.44477707534532,0.6265616254761228,0.2808806148752468,0.2306866466080435,0.3295067475007331,0.2209685456980769
0.1425346154190956,0.5839220734036108,0.5036728328006518,0.4893484496814372,0.3904594362275002,0.4468212137414789,0.5723890317129853,0.2844197742990553,0.231284504965356,0.3050885227955235,0.135778297487421
0.1614407523297935,0.6048068009036759,0.5133775123172424,0.5134226832382272,0.4323676208282351,0.3882075596399255,0.5599282526340228,0.309327713793846,0.2625354196946119,0.3140261435264309,0.1512080661855726
0.176584230631719,0.5850756633180338,0.4586943008980705,0.4833986510315813,0.3988523721216948,0.4146523767018357,0.4923691634633796,0.3193215215981575,0.22333102542925,0.3465338149981963,0.169028440304515
0.1944226939172301,0.5860876797717038,0.4676645678250691,0.4970409578384569,0.3723108916942579,0.4211025979675881,0.5151341258205878,0.2129175255493049,0.260872371606799,0.3563985576304048,0.1645891011440873
0.2095812538349696,0.6201411674257481,0.489431851010436,0.4918502954019884,0.3641927682870344,0.4218739470469234,0.4902323081422935,0.2440149503068565,0.215951625907722,0.3131669327111381,0.1723606027847863
0.1733397737292793,0.6233364833895605,0.4704403726628656,0.5002335454009432,0.3213178171434809,0.4156621361797599,0.4515168084729091,0.1767249936496287,0.2371336259314842,0.3184849723057062,0.1816497917400157
0.1782809220110618,0.5546803273593378,0.4849002862511659,0.5112173625859846,0.3278003152163065,0.4169057185197103,0.4727564026161027,0.1917953923055738,0.2451156019082097,0.3683180485186774,0.2327209484712652
0.1328891755220989,0.595943833449994,0.5172942499290589,0.4556358619540921,0.3156667889645123,0.4310884144423589,0.4623582999147737,0.2053299118848125,0.2198433914750721,0.3690424648825884,0.1833753208788033
0.1550704113268906,0.6127276003380483,0.4729960903928791,0.4906787800290529,0.2922823040605238,0.3889919241947786,0.4089749195678677,0.2186491191037976,0.2173619871941149,0.3022887726835767,0.1972756123203886
0.1386211854869409,0.6213467341673997,0.4925884552786138,0.513184155726315,0.3059841834830124,0.4029148843464987,0.4195776688600188,0.2044366786147722,0.2517499160980195,0.3239467716549774,0.2213433529655631
0.148836037743403,0.6214863787713447,0.479394724988521,0.4735554538249659,0.33228715004432,0.4068202916163299,0.4433015438227914,0.2158577090544457,0.2872547857625809,0.3626759543057215,0.1669260589110511
0.1623716792195241,0.6114563911074872,0.4583413687711741,0.4958350894524262,0.3451368711515356,0.4528945369155237,0.4547009011616886,0.1985416891160793,0.2890194364664269,0.3627916080405924,0.2000939876306558
0.1890366808251523,0.5557218563483035,0.4819525908601564,0.4829564376204026,0.3067004143358218,0.3542241291490862,0.3085504946082882,0.2241825583847473,0.3088683129737324,0.3137114878728213,0.1982056721228999
0.2000838246844516,0.5262896065706058,0.5169330708508082,0.4654233563929923,0.2941996059251357,0.2959095119190009,0.3107700645481434,0.2364084174899441,0.2918092348935459,0.2796887008045876,0.210832132519195
0.2282741369932221,0.5891181185003957,0.5250453947886258,0.4795681136654179,0.275521407204513,0.3409698080272783,0.34666522299086,0.2141304648575405,0.2844213115790813,0.3104124901458647,0.1787293782032899
0.1694726535164889,0.5863759739044146,0.4722463375914136,0.4854554720021329,0.2896695576796489,0.3412680243103042,0.3035848981217807,0.2610210806212008,0.2774353222364855,0.3082622244256882,0.1953432357845504
0.1797597718330199,0.5586096087471814,0.5051031941782373,0.4867818366289707,0.3175686038004607,0.3479692712755855,0.3024082114281788,0.2310623389842302,0.2927969323316132,0.2918769431111542,0.1736306246801297
0.2071678988322389,0.5718038735947765,0.5071489146192651,0.4726661252968559,0.3246033995303275,0.3443250881432762,0.3048141895136206,0.2356167783322153,0.3171072239103653,0.3153277891188014,0.166455549167772
0.2131927593915127,0.5773910621340641,0.5084543606165892,0.4661143185340821,0.3392497261944314,0.3232920842027653,0.3295873409878052,0.2640125338511259,0.3161593127805455,0.3272866801227516,0.1842044962661031
0.2184246788188019,0.5883087300168882,0.5000268848487063,0.5054393896223137,0.3484223356462709,0.3374884075918616,0.2991766047253938,0.2483139919234685,0.321411298063962,0.2811036375162606,0.1678738706906641
0.2053341592822905,0.6045380113894341,0.5020111544387631,0.4923565741761917,0.2747193652297493,0.3514207473247157,0.3294811965039856,0.2661665118299842,0.2982048851860365,0.293432747078063,0.1846933068659632
0.1082338393036514,0.5556022980380335,0.5132121638459846,0.5023744734202121,0.2989932626034132,0.3637551915400022,0.2947578739119405,0.2348664472025901,0.3100013125455033,0.2806382280912272,0.1701513190363268
0.1700499985538491,0.5866948150195588,0.5313589846822766,0.481457292199536,0.3208946502576301,0.3275377794911044,0.3112067372670681,0.2264159306451623,0.3284601791957797,0.2880327612693291,0.1737305321423964
0.2102550203776368,0.5739594820444757,0.5261887452328494,0.5012719265648453,0.3284382861426786,0.3268086790191913,0.3144703071105058,0.2188801448233681,0.3306462009684772,0.2901710379753771,0.1944562733498151
0.2039275965380183,0.5774884741543418,0.4694902213763646,0.481589458086194,0.3277687722140862,0.3557368772194473,0.3627316727419188,0.2647801339185299,0.3506033024152591,0.3116913108315309,0.1901599453063136
0.13853270002427,0.588127219773724,0.4838073062990393,0.5051544676698186,0.3489344105439974,0.4061496940065425,0.3651875323961944,0.2803825263017638,0.3474230096510134,0.2797413138904551,0.1620933528378875
0.1814909967281343,0.5821142408223562,0.4802063193166553,0.4778711159188382,0.2770519171768472,0.3536945563848545,0.3182324964080011,0.2907656540817677,0.355681665726594,0.297916715925869,0.1768428030730908
0.1956311814951798,0.5856611474515048,0.4844125592008178,0.4776992719296127,0.3181712684426577,0.3790626918451237,0.3844920891042778,0.2312074462964778,0.3119530213735534,0.2936854808825037,0.179830253118765
0.1572302476041161,0.6087111221312685,0.4902658065097467,0.4951488744200339,0.2931857280032096,0.4038392084558512,0.3552651415072396,0.2568568720659363,0.3321528878318596,0.2953340058765584,0.2032417055509668
0.1955851531249707,0.5994759101076986,0.5048208084264216,0.5052070851185613,0.2585505329705686,0.3851392773595116,0.2718707158407337,0.2716305402687693,0.3629991941409225,0.3133116438188817,0.1858120891673453
0.2080833222734805,0.5895411226470354,0.5198444790924575,0.5295347308482964,0.2969495378083725,0.2938608569534818,0.2659639834022146,0.2980726229844134,0.3700671021042468,0.2839952399967568,0.1739824898355059
0.2124832359622068,0.5523181031445367,0.5046546389964462,0.501278451211726,0.3283357429562261,0.3016632291632831,0.2685193893860137,0.2793416042109577,0.3775188556252441,0.3076440828307306,0.1736254695820292
0.2200220818330167,0.5567384493905505,0.4876089864721497,0.509249185986695,0.327059297427142,0.3500344342497741,0.3131200573461291,0.203932668827069,0.3580258455213747,0.3212033801026978,0.1969047573047949
0.217649942254493,0.5730992452713644,0.4900139020174636,0.4732245517321151,0.3361959060833334,0.3706216230464342,0.3602229167048189,0.2346291107629486,0.3091453481961723,0.2942588020481586,0.199613383519932
0.1856637722456099,0.5765281218558602,0.4871212044335524,0.5040717291773135,0.3092635537792321,0.3228013547580395,0.3256099536638492,0.249348309951196,0.3225660435553559,0.3066852890578337,0.197450717895322
0.2015101698513909,0.5790840005070823,0.501217547142129,0.5033518340504778,0.3466336014815506,0.3449619340659833,0.3316461652095485,0.279148058971302,0.3317862900494878,0.3037842111039148,0.2078274423194984
0.1568102540200795,0.5969984821975559,0.4768158549212747,0.5117493758423113,0.2600113385881297,0.3458414553061754,0.3463402760035324,0.2494422906214825,0.3397513072125876,0.283237571143829,0.2043148931461965
0.1503470554348634,0.5298549369151356,0.461410720823818,0.4952714151572744,0.3246124597329729,0.3151568305066322,0.3761208764993182,0.2515943075377465,0.34353198209793,0.292419222453986,0.2193313653410158
0.1604590119136595,0.5354728543989078,0.4749370104566407,0.4502801318987774,0.3266223765413009,0.3167330172445032,0.3035496287474034,0.2643332885033108,0.3330427990816303,0.2919726542934928,0.2153079840919179
0.1858159255454326,0.5575643095032721,0.4874647679161012,0.4580669604516197,0.3292158453333254,0.3525036566302288,0.3166690139934568,0.2017773892409877,0.3490971426985779,0.2773562445847627,0.1517917840801468
0.1859015203913113,0.5683889938920892,0.4977389750661885,0.4766469196322229,0.3517763834487584,0.3681117561668785,0.3365996658206535,0.2647989527987348,0.3559787625696465,0.2883641335008435,0.1668350359800751
0.1497842853211962,0.5919652069869109,0.5006144028766882,0.5156843565388389,0.3397784462071431,0.3775920944452428,0.3936757293106008,0.2533142360883871,0.2907780910028854,0.2726829563884971,0.1918900459793505
0.1650033333148525,0.5859323380210726,0.5016098213387076,0.4905651586513727,0.3134047893123911,0.3685779453983318,0.3992271955437734,0.228336364533147,0.3164887494741526,0.3043082425664477,0.1693851057344669
0.1246299341695074,0.5474399257097229,0.5171953816146824,0.454604721154919,0.3007570024772018,0.3331927962915976,0.2810731223138062,0.2308297636581003,0.3200179623597509,0.3093552611297334,0.1773180480261575
0.1584241545824392,0.5755306689496333,0.5088839776860921,0.4762256374553242,0.320854631782021,0.3146612043783351,0.3286181819015134,0.2710542609695379,0.3132793274291224,0.3149166186033177,0.1789411030906514
0.1532110900478662,0.6015813280744713,0.4916329142247047,0.5029361193835074,0.3126400396216538,0.3406116754019002,0.3458670086493208,0.243101279022762,0.3468888366281686,0.2557421025408203,0.2128223978153082
0.1715482060568802,0.5711600427336515,0.5177327000727128,0.4834153045396287,0.2975615291640795,0.3533004695777173,0.3815369558688165,0.2001256672825088,0.3540502677583105,0.2786546902151763,0.2027748834940747
0.1535034208233347,0.5599233922721907,0.5183983573968092,0.4890208932868716,0.3382001820382902,0.3534396689657027,0.3714685958327648,0.232217939511451,0.3503266166996526,0.2865942972722751,0.2047469731280116
0.1501266068904071,0.5727255640858002,0.4669233598482887,0.4886118323874857,0.3657668769709862,0.3705627564400443,0.4021602416024272,0.2263167521371065,0.3335328749533835,0.3009044839520157,0.2412203407704208
0.1982788978237258,0.5544722097288821,0.4780535350074556,0.4919048977709786,0.350734055732493,0.3748122304895663,0.3845702820363864,0.2406510432205987,0.3327628967298117,0.3171833059649438,0.2276208598032979
0.1904835085856383,0.5249775973043463,0.4826334706420762,0.4936836810844548,0.3102206769587707,0.3976205548426822,0.4025405691472548,0.2510192989640724,0.2944856673173031,0.3513621684212351,0.2677997334538611
0.208651064954119,0.5338861855926798,0.4730771987911759,0.465614326188976,0.3434392797299822,0.3903145405309901,0.400543329400451,0.2530624533522985,0.2782371271669502,0.3705642958883444,0.2614077870269351
0.1875614342722783,0.5509195956802324,0.4749513235563741,0.483175086308288,0.3732855899953473,0.3796321075636288,0.4351593198180669,0.2244336688092174,0.301239841132521,0.3256146877442686,0.246809040615703
0.2074936059454121,0.5586271726216034,0.4458508004621093,0.4712757854375236,0.3624524691938475,0.3688373612656781,0.4378673680343719,0.2332543985366866,0.3095623492712208,0.3392416215845434,0.265895613715967
0.1819561784203869,0.5629179193300604,0.4708416298144116,0.4786092922938272,0.3663913807677235,0.4055502425418077,0.4483252795425864,0.2363649708112306,0.2812533043207805,0.3475104723951961,0.2628967621237118
0.2000483125707758,0.5013668577303837,0.434313203085326,0.4744091073187119,0.3570837969944952,0.4122236172254816,0.440674303251684,0.2542578950647222,0.2921937979955246,0.3551235452112534,0.2817626644611972
0.1720717400630295,0.5315389606671717,0.4790373938593356,0.4174351992910949,0.3590465030060731,0.3966950400453702,0.3904125762083972,0.2837725284422849,0.2666073542726099,0.3707556348299462,0.3001606907933493
0.1861646755242716,0.5085920497482787,0.4520405050122584,0.4595626792564938,0.3390122487458741,0.3649573437932116,0.3980970904084285,0.3234408326800435,0.3012239572386548,0.3801508368038541,0.2958722944015876
0.2007889428611051,0.5322410272987306,0.4553792595124556,0.4806573409845975,0.3438892570730002,0.3525271994724898,0.4323028447757462,0.2639111072824829,0.3008687595537756,0.3859308050558456,0.2975578829995154
0.2219605655858197,0.5605482121281604,0.48009805551462,0.4740812613379999,0.3265607625499159,0.3760393056068486,0.4441146637505345,0.2231798795159132,0.2916213811062142,0.3897277266724543,0.29059371428707
0.2019168995686049,0.5704328804453381,0.4853326548967848,0.5002899259677969,0.3052436893968501,0.389688132353832,0.4488060352269012,0.2636454949480135,0.3072312130860512,0.3285021476472846,0.2998209649410807
0.2027025828395593,0.5388746709147391,0.462102182555082,0.5081924081962155,0.3233092405684301,0.3941094712542357,0.4365432393687332,0.2691872118987045,0.2743150657180276,0.3384789431913633,0.315738651582225
0.2056030479953083,0.5609642808444548,0.4657240349532811,0.5009451678668224,0.3495133410780969,0.4158607479927305,0.4397915074823522,0.2706887937419741,0.2869140068367799,0.3589670568235285,0.3183303627090744
0.1664828629628381,0.4730004765271297,0.4827009712591342,0.521811294214565,0.359178269889395,0.4169445698481159,0.4518112839643292,0.211292545031072,0.2578775004271187,0.3331671554038546,0.3068484309871562
0.1891143096045244,0.5044050488293822,0.4606176032649771,0.5270528392054887,0.3388239047299723,0.340193771937227,0.4241585386927451,0.2292539510535887,0.2690283340839678,0.3534210964496774,0.240220803155318
0.1980293335181003,0.5347851194025007,0.4611710773080645,0.5141032122084496,0.3500755263290559,0.3759341607082856,0.3771917856102967,0.2450725717567053,0.3120501832547205,0.3566394400685791,0.2234422924642516
0.1966680242348001,0.5396074016047588,0.4844393919132551,0.4986096146826873,0.3509876074436271,0.3943013963059468,0.4390347551099767,0.2535372587728539,0.3330554411747501,0.3450728952873031,0.2740793751300374
0.1918877135443051,0.5471055652452518,0.4697296330745535,0.471131914056715,0.3372618621604164,0.3914482462619742,0.4306968019538675,0.2745645169385107,0.3008565839448856,0.3284324221412631,0.2717378302296496
0.1864973933483923,0.5580688714652087,0.4629052142408319,0.4797910618552514,0.3159970907702312,0.3977997890336644,0.4170362644288659,0.2498868842800252,0.2765774983768539,0.3530893951958656,0.2921705537730651
0.1758429577692302,0.5050261832948245,0.4772313744537276,0.5074085338568723,0.3229926402453998,0.3783808235600599,0.4106001044502637,0.2611941052931794,0.2855920162070407,0.3672176768730433,0.2962321887116139
0.1439922622076332,0.5247355821247005,0.4776866490884217,0.487712815463421,0.3350378054569747,0.3963477649137705,0.4097668778873561,0.2355316228888511,0.2984752250667559,0.3564873141153449,0.2823845764186772
0.1839998077638767,0.5404239818189013,0.4622385347406014,0.5124836084491371,0.3534701057280265,0.3726034665157353,0.4318240650855566,0.2115214052185546,0.2935701759040133,0.3871498992316374,0.2918123938418162
0.1696186759597299,0.5395783372384712,0.4713337800192727,0.5234969290779257,0.3466976225617152,0.3915294591876587,0.4447183205778158,0.2537080199813936,0.2666943723407177,0.3579069475266684,0.2982373051331438
0.1663302819875051,0.557878312075424,0.452125066219848,0.4601850960470214,0.3744880694475759,0.42373482553114,0.4654291090841428,0.2235516863006925,0.2862005021622302,0.3589612242912526,0.2911616746249074
0.1504403772199728,0.5703362983676148,0.481179720915738,0.4883757636288607,0.3848721926680497,0.4037544886313295,0.434544911228745,0.2583670423266657,0.2913329133093598,0.3660364339950629,0.2876507611798904
0.1789911851942003,0.5435744971692312,0.493955050685351,0.4874743800606831,0.3768954570508779,0.4127419166764979,0.4343352308740468,0.2600542142041038,0.2739275305814098,0.3722843624954447,0.2899085351163902
0.1476990798054308,0.5219415136478999,0.4451792166584399,0.5015382522609653,0.4195455277502232,0.412099997167019,0.3573475444107938,0.2278263718483151,0.2938903793942998,0.3519778977874091,0.2180902487513072
0.1841008400389366,0.5246503466915409,0.4703292027804205,0.4850803445665385,0.3908406106232422,0.3644502315671824,0.3647672085131528,0.2567556851106508,0.3081671223827815,0.3567561309174157,0.2490848423472721
0.1746858716585775,0.530389099046332,0.4456113012912773,0.5154756011549665,0.4012284357059995,0.3915027832889466,0.395390597209071,0.1608162015316004,0.2944288259631873,0.3123879479629074,0.2754304706302939
0.1825176181572681,0.5170377346933326,0.4657446797760987,0.4441702380869038,0.3605749316048369,0.411531873255374,0.4582031922925469,0.2023541658334569,0.3219440113359514,0.3461145401705381,0.2674453569241152
0.1777639286220785,0.5298639532155487,0.4765503902155161,0.4434335088160246,0.3550255150571269,0.4027254067875749,0.4013709133742753,0.2395904262384073,0.2755959296702352,0.3426302400634666,0.2732577745223704
0.1744865541852418,0.5082552752119875,0.4070549248046974,0.4711720290655743,0.3380102203201588,0.4110203465773981,0.4299977932512752,0.2663498895017377,0.3348124884800613,0.3545497784013985,0.276032532188974
0.1264032336362874,0.5141705559582899,0.426335577955496,0.478671079464348,0.3625186793501445,0.3834893028084369,0.3950959452277229,0.2636404319684064,0.3298285402452937,0.3594974576625136,0.2358975014715426
0.1462159976750857,0.5404798278860372,0.4478125294307749,0.5023540979982919,0.3934432029716435,0.3765281933639067,0.4334064503044346,0.3051355417709706,0.2681968553135467,0.3607560140699624,0.249811865934543
0.1927479473063568,0.5427811336240865,0.472431472364541,0.5091926573982796,0.3659951048899929,0.3861228642644961,0.3924133852920476,0.2683975469027286,0.3100447057564557,0.3366462191433204,0.2535763340610573
0.2287264662601728,0.5503134672359318,0.4714572410093561,0.4885847020227816,0.3259153122459348,0.3833650930169134,0.4279543550893,0.2835234362367383,0.2915395067899257,0.3401757576859292,0.2379516719642176
0.2443472491255737,0.5635252112976529,0.4773485108895837,0.5001742539013584,0.314395740522583,0.357590249129517,0.4308885183403667,0.2926761415586616,0.2918959172455344,0.350639657955443,0.2636777840031007
0.1676557237763341,0.5431257662932281,0.5014456325253416,0.5170440373660453,0.3381439690563139,0.3672421331964854,0.3703675981445112,0.3036392487359698,0.3060580901753377,0.3589763318171662,0.2468273550399594
0.1859971240732924,0.5575331888469965,0.4546420494884616,0.5065871584694532,0.3537853946925454,0.387875777020356,0.3888355805694267,0.2364292598053911,0.307523983352103,0.3519736507262552,0.2819390349062595
0.2165458431811442,0.5637311156239403,0.455912543576123,0.5205502730252858,0.37096050140043,0.4102121775287733,0.3949162215310972,0.2594073996356975,0.3489046558087214,0.3584972733852758,0.288312289997105
0.2410889647123503,0.5222477494670088,0.4722306401676595,0.5091444765744112,0.3711152752937255,0.4001435111243111,0.4223527219580202,0.2713437670607824,0.3295652768702398,0.3649812425504847,0.2901501668295511
0.1677498894990369,0.5408523023906211,0.4728945649217086,0.5163458512780552,0.3611373966873438,0.4104680068718718,0.4222194728037821,0.1995479606761525,0.2896901776598767,0.3015632216586789,0.2975157194119899
0.2243977844532957,0.5487827746718141,0.4810554063427454,0.5338051317380652,0.335252129674843,0.423709741888528,0.4429480364524311,0.2621591052733412,0.2900027324284095,0.3421937247564285,0.3124917578797656
0.1450189252961636,0.538820508870264,0.4151188629077047,0.4967105724953777,0.3459789594890175,0.3857668278789954,0.4743894448547872,0.2821561553131885,0.3135300086008397,0.3422269316877802,0.237184447478723
0.1675701577885349,0.5553360366452043,0.4475339819977745,0.4838250069845694,0.375585021483854,0.3909968698468027,0.4629649204945656,0.2567826619022408,0.3309948140677288,0.3731905861204905,0.2505649826919577
0.1636537485962739,0.5264876024709898,0.449317353981979,0.4931804946070335,0.3169786444762052,0.3917849430336598,0.4164545256561145,0.2457617662606937,0.3043973633298244,0.3835582384844838,0.2723589107101202
0.1710764228833334,0.5563527778535238,0.4520432430291151,0.4961707541681608,0.3275338257677336,0.3709754226151985,0.4218033525985487,0.2518429843061812,0.2777471299268609,0.3824040921376033,0.2381557144421976
0.1508506841879915,0.5504671574873075,0.4540693812991582,0.4876004043871975,0.3675999530125629,0.3841214056993828,0.4317668344343507,0.23297349377616,0.2744529857714968,0.3733347988149963,0.244901726317876
0.1760181952807567,0.5542301749614749,0.4463911817640695,0.5097389583411894,0.3508890110801871,0.3782959304374951,0.4466909863697004,0.2827167578309144,0.289416813755378,0.3517791334424509,0.2624151128904084
0.1971236791566663,0.528098755093068,0.4260266796898748,0.5391866999501815,0.3273225654035706,0.3925705727799503,0.4532395992818095,0.223667549774564,0.3269285226164085,0.3528220759941692,0.2792691888242695
0.1759763828015088,0.5544798754733294,0.4510486474027872,0.5369680977399164,0.3255744834649061,0.3817851271067484,0.3667143716710669,0.2268610895032579,0.3376156861349305,0.390857732877529,0.2664822880460675
0.1890420368998155,0.5710318933039544,0.4161554724132748,0.5401287274782999,0.3405017415901284,0.4021718258760417,0.3800441039278743,0.2636109038444255,0.2890460080436439,0.3318908798860042,0.2907535595687862
0.2282116331737044,0.4946733326629969,0.4404250485104252,0.5105774938013139,0.3749037364134092,0.411559380193629,0.4434441093147746,0.3071526347064074,0.3183770320864551,0.3424001470107567,0.2785171634244485
0.1996051326599466,0.5184910300018022,0.4686137983765666,0.5064549044623463,0.3965350460399568,0.4088492984563021,0.4593773768938384,0.2345398952089026,0.2810786842651765,0.3576223153238639,0.2592027992867728
0.1611159824438548,0.5163833409034154,0.4503275578629931,0.5200379675753359,0.3990141620084984,0.4191028979909549,0.4708183406018609,0.2644013655545759,0.2942790978529778,0.3580298647402495,0.2685571630685436
0.2041907351443161,0.5693600635884086,0.4547248857676588,0.5225214743435563,0.3663827266816208,0.3599433704726527,0.3833917224867643,0.2414293756853168,0.3007586351911906,0.3244524807405361,0.2717849337657086
0.146403973629434,0.5587022991645747,0.456835419605567,0.4965315040649047,0.3733025486191109,0.3800854504135951,0.4236028482957341,0.2803219439125557,0.2640073994282456,0.3552359378760724,0.2459165379713598
0.1921715711117214,0.5345456919017784,0.4618324632336106,0.5043559281290809,0.3415769534522286,0.4009743599006812,0.4250981051042129,0.2529726438737475,0.2864325077426926,0.3662042237896821,0.2586680389112989
0.2040288635816254,0.543924200242422,0.4670234198908513,0.5237255441507151,0.3125315726261633,0.3529443738651077,0.4358075074380994,0.2532128733221923,0.3096506979647238,0.3856042409762349,0.2621268736888443
0.2215151573526572,0.5548260037293888,0.4524706513811696,0.4890186465562547,0.345772174246202,0.3706017858307773,0.3556937453273849,0.303888927628154,0.3309068816462669,0.3771278635078955,0.273099855036089
0.2226047785058907,0.5497347265589826,0.4543955644201539,0.4934373137402059,0.3489458487157018,0.3749858459074178,0.3898833485023824,0.2476353627452681,0.3134271028191349,0.3830574890960547,0.2765830497066947
0.2072126740079606,0.5226801595693217,0.4444840348307016,0.5041782842605405,0.3310952131661723,0.4000934734084219,0.4326468425432327,0.2229283067215695,0.2609573460270761,0.3934578199958545,0.2852690750371361
0.169260486011304,0.5308862326341217,0.4864324790367603,0.4774715890096503,0.3376428929372342,0.388550757153303,0.3918552890544408,0.2276224562705051,0.318736616616859,0.3597537868644535,0.2845964139471971
0.1941237924017096,0.579496230710143,0.4257059910010199,0.4907816367454457,0.3440021102785399,0.4310042049307858,0.3808577896350512,0.2297342181167505,0.3381069007899638,0.3050294130792587,0.2619113866590195
0.2051090657465391,0.5746203541515933,0.4581480271073078,0.4920783530045812,0.3605548637867043,0.3995429088430991,0.4196503302102969,0.2586218565430512,0.2951574958830921,0.3469251640986355,0.2665505387777366
0.215218606470531,0.5613291876095039,0.4702133244731834,0.502865772782463,0.3737243055694794,0.4165927394314542,0.4245978792933071,0.2732770324222289,0.2986181241515666,0.3586836124571869,0.2704914594513942
0.1509719444554306,0.5131525384725728,0.4571238259486536,0.5241243596972517,0.3738060008987893,0.3783235827362422,0.3284891997522495,0.3178316016586596,0.326419349255992,0.3625392077751083,0.2662845855796348
0.171070336154739,0.5232309958641262,0.4580240453750742,0.5161239189104038,0.3724720039470077,0.3808115764518946,0.4187895568319321,0.1618589006539256,0.2547804823230967,0.3227847938295853,0.2822202498319695
0.1689148302217084,0.5574683917662623,0.4640393970404716,0.5170528758059574,0.3631456504714266,0.4042645320367833,0.4232887637106696,0.1774088727753296,0.2848840184175465,0.3488201967700599,0.2847256509600218
0.1962564900299606,0.5677210633254868,0.4779544104166536,0.5087636129771156,0.3679020769987682,0.3736212467207455,0.3694372584475865,0.2174815098897462,0.3082059812088433,0.3520934436778034,0.2955736906619837
0.1974086332003444,0.5544359840003487,0.4614411799537251,0.4583163110709767,0.3696299182424384,0.4007220007795773,0.3739793424002241,0.2307889191166529,0.3120754701865872,0.3564952806195153,0.2777648844374304
0.1809385197100707,0.5753335821875118,0.4516685821595023,0.4751290637785127,0.3745009547633545,0.4132349787924169,0.4577896962058026,0.2193289669171322,0.3107930552392287,0.3489985463000915,0.2322619469870016
0.2129152248303316,0.563821080661528,0.4447340571454158,0.484224478927555,0.3820433463589682,0.4291215133709545,0.4744739062127037,0.2365019241719131,0.2751670052132989,0.2892038636118907,0.262664236412872
0.2137907618260963,0.5535218970694071,0.456866385951899,0.5047279726323879,0.3793728219515452,0.3958079240631403,0.3737163338092061,0.2398051770218383,0.2756732220646963,0.3442325012347137,0.2674402271090669
0.1863733759931985,0.5576698120845125,0.4293662275144891,0.518011309951222,0.3903158598034471,0.3895538625606607,0.3000454165605275,0.2499290439512112,0.2833120130310742,0.3177946279737006,0.2838124731651311
0.1858977590632356,0.576828231361911,0.4546133806413988,0.4950239057823537,0.3931526361582265,0.401555407226054,0.297859497404418,0.197944816911252,0.2859762003814071,0.325816587705431,0.2863599631049033
0.1728011426831545,0.5399742598816077,0.4811524556091515,0.4973362718831231,0.3541997675090771,0.3957308257872181,0.334629541751333,0.1974371420844751,0.2854024244911435,0.3325087842705458,0.2960326591969061
0.1766053588545622,0.5877139013648731,0.4833306659431453,0.4733554961385479,0.3400714053658401,0.3978463623766939,0.3397569358530516,0.1996439729310718,0.2957099968309385,0.3376545160394316,0.2785777638677003
0.1855816686327158,0.5625570884530255,0.4916055376451809,0.506530793382693,0.259556267911688,0.3517234107494283,0.3777745879247776,0.2179167126774241,0.2842209241145127,0.3534688330623174,0.2136426998876323
0.1859797451445389,0.5505602238907357,0.4817236747403674,0.5252741963462958,0.2951659030303352,0.2452517301933843,0.3388398967993009,0.2152699549197428,0.2923366253789481,0.3587746758492283,0.2323389031933627
0.1710946738202139,0.5641033694189139,0.5034258326395732,0.5412931610778265,0.323427923030994,0.2896562946185119,0.3112437142860312,0.1934724460283946,0.2389031862232515,0.3667175172826435,0.2534544227549046
0.1801695682811895,0.5443901383429138,0.4973453243089301,0.4715317542124573,0.3495547289457987,0.3369340401993,0.337753788328633,0.1783824167991025,0.2567965000804214,0.3803829259280457,0.2254571963229654
0.1235241895152607,0.5451957603982007,0.4920545422582863,0.4733129785693396,0.2888060395793689,0.321207006044143,0.3670009966050429,0.1944143604567616,0.2730092047036576,0.3973207458669405,0.2342128111432169
0.1686724611620899,0.5528866554502689,0.5053186772119663,0.4951432724756609,0.3451464397322108,0.3607904045052385,0.3203423126415383,0.223927127899107,0.2843956709156623,0.3979373767152735,0.2469945568580727
0.1731245675072864,0.5393309034540688,0.5102387908371737,0.4985705015782432,0.3669332890238272,0.3560835644126179,0.2283300169134083,0.2683452436431415,0.2321204182345833,0.383172262363777,0.2523747015999757
0.1497052746007142,0.5206514227879407,0.4925643327671065,0.5033012451939269,0.3412128419464,0.3474222543923265,0.2592425200488603,0.2573740036825529,0.258227109342095,0.3737729120018609,0.2315120789061313
0.1592237885764948,0.5353352920457605,0.4963058389405749,0.5226909449534773,0.3636440753508915,0.3406799154581481,0.3020333405674666,0.1770427114099449,0.2706690171783916,0.3992650022919096,0.2271053807546197
0.1538925737051715,0.5788992848762278,0.4971837826535665,0.4643321768819899,0.3595179759177783,0.3819495165854756,0.3342572925796947,0.2124262965775773,0.2759104841628732,0.3582748780901133,0.2793092034149844
0.14924245136779,0.5533178349300694,0.4975252906956388,0.4505426305668056,0.3662246762941382,0.3331212264969476,0.2994461287654643,0.2578689991430966,0.256142488254056,0.3555119601975667,0.2735279757898683
0.1440108025584381,0.5669037087268474,0.4646609883253988,0.4712183686036578,0.3802065075622635,0.351003708191329,0.3246455125562284,0.2783923827425437,0.2646749120928876,0.3684668920017764,0.2555999918473529
0.1474827814020703,0.5819965505941573,0.4529303527572063,0.5109656583195135,0.3686235506021704,0.3860758772879955,0.2459570351756886,0.2871400672857007,0.275278786143477,0.3759204133092446,0.249329525936372
0.1152816339963132,0.5947381472491302,0.4837555851720301,0.4883256771535579,0.3773878584676876,0.3708700241437211,0.2985327939623077,0.3083399994945991,0.2772836375265098,0.3850232585889904,0.2551065143760007
0.1530497278413976,0.564320076645401,0.4979226192740167,0.5035292758694355,0.3910654930621333,0.3667358057734604,0.2234579589680357,0.2360842758713515,0.270706277557835,0.3914725946408184,0.2669489390424592
0.1832552244122916,0.5752266025164001,0.5024935479073285,0.5267868921125121,0.3606769006906912,0.3793694441365975,0.2699971909247106,0.2398147221017824,0.2782041303998196,0.3820836208593345,0.2807829522398063
0.1440847324183294,0.5946499387818441,0.4847827286448653,0.5123292890383957,0.32954855885021,0.3385358570618234,0.2376125189924089,0.252969795015861,0.2999902163750689,0.3407904280957692,0.2208321552094424
0.1567338557194905,0.5964242581677834,0.4695959861884405,0.5037201080748799,0.3423989977150175,0.3527131502931877,0.2474490115009911,0.2532902166458395,0.2569719639356926,0.3470624500154509,0.2281320803969277
0.180092500350106,0.6049603973556441,0.4953801107130491,0.5058065636134644,0.3529073093655006,0.3563154613352796,0.2138418602865364,0.2739298121806085,0.2740620679393971,0.3547310447709776,0.2417972308896169
0.1943598319254664,0.5451051851127335,0.4893132841617147,0.4589327785293961,0.3001365127212761,0.3214499150131545,0.2270473087927343,0.1674264836231107,0.2987005573252751,0.394223205337843,0.2435261520380175
0.136820756604849,0.5965036597913551,0.5013532428624304,0.5065484100561768,0.3461001529430646,0.315273789205607,0.2671595357309244,0.2068153515439235,0.3132624329792313,0.3377863743459809,0.2396637519856375
0.1382280264798403,0.5796120791722573,0.4685911619076587,0.4899706043027685,0.308949695602032,0.3333082312649774,0.2963426268066318,0.2345926068609827,0.2514443127984111,0.3546904777148806,0.2478144020516177
0.1625076313982965,0.5962558396180437,0.4713218319876933,0.5076812882684218,0.3220860491041716,0.3376365863666056,0.3244018186205298,0.2770541975590915,0.2895937347481293,0.3607325878259713,0.2320531697898089
0.1899457207239111,0.5263507495780677,0.4744319952446987,0.5124782451276704,0.3098781356629976,0.343314701924919,0.2114395948286578,0.225300333213098,0.2969851449227766,0.3709129535322112,0.2331587581540729
0.1327259827068353,0.5724884336932187,0.469257219449016,0.4558474066870993,0.3267674365307867,0.3682806585740403,0.2385464697226853,0.2475261909642469,0.3089940287367513,0.3986498755306632,0.2056855030091817
0.1519318463670962,0.5603457102933274,0.4294239398606834,0.4698918131216003,0.3550318460401886,0.3270018335016155,0.2794217432327674,0.2041133629397465,0.312562392434964,0.4092373334947194,0.2077609960018042
0.1210782682634978,0.5707870687240741,0.4440036742444418,0.4941966787594926,0.3354169872590478,0.3611200739293358,0.2580742124963376,0.2405908426157532,0.3033007957693177,0.3871229098321325,0.2318977833013029
0.1346437965719403,0.566568195505562,0.4553415614727868,0.4780631563095107,0.3473544652392806,0.3677786282463161,0.3257924140086496,0.2454541125298489,0.3233578324435417,0.350165546192716,0.2096317594095858
0.1478795985629341,0.5681688112377203,0.4633319727773656,0.4882241535159691,0.3463831928139319,0.3482620138283998,0.3327582689992385,0.2911645859481001,0.3257587467596666,0.3675420173429679,0.2385752265640244
0.1736337498696898,0.5828229214923198,0.4617626232494838,0.4917965783537017,0.333043105871308,0.3610868842461218,0.2180365872306556,0.2875653318292864,0.3227103298150603,0.3785469846517083,0.2492433043167258
0.1637508324838612,0.5824185417366914,0.4791471216344681,0.4722275996631851,0.2938682400459158,0.3277571760805065,0.1859832458785447,0.2888242508748852,0.3227499326493369,0.3878877658737951,0.2502626499693521
0.1686599661906856,0.5269910136049065,0.4776861742113763,0.494878735338347,0.3380253551101273,0.3254536654497943,0.2510069128798151,0.2826529012477506,0.3078290743449348,0.3552924942316801,0.2334715336694666
0.2067548727720626,0.5355688615459537,0.5049886399451421,0.4606047561158612,0.3325222636300416,0.2893561626678809,0.2282106664668084,0.2781184829094792,0.3183537061253169,0.3736566682501764,0.2433141897526206
0.2052675927119777,0.5352242958410611,0.4489916893582649,0.4891013666190869,0.3144827870956301,0.317521709896992,0.2406641291003085,0.2271775690702084,0.3183436101889252,0.3738484142894955,0.2467647981487348
0.1647282310127164,0.5527578530920803,0.4541661248749316,0.5267980967254003,0.3410433085231014,0.338692425342968,0.2413709984443439,0.2618759013682872,0.3048910255195912,0.3619282062491404,0.2574732694782104
0.1559578176445914,0.5845877583408011,0.4615203789573553,0.4708445966866159,0.3424266784735654,0.3613124327428417,0.2425475416536921,0.2361413117066168,0.3194243328152572,0.3926531619777875,0.2626640587611732
0.1472831987989119,0.548359495649372,0.4768601144121231,0.4889482670379637,0.3343079583243462,0.3640628671746366,0.2824819405013463,0.2666984812624999,0.2984581543477964,0.3268992547106969,0.2566850109866282
0.1749424997091829,0.5411637409616834,0.4792973929896125,0.4881708008135536,0.3497340032495598,0.3173181147936189,0.283343866473876,0.2768272397406004,0.2830628241422855,0.3695135090688258,0.2510883502668302
0.1844104279447955,0.5767785063651254,0.4822120199345593,0.4934998193441373,0.2889317638830546,0.339076170454002,0.2943392759216476,0.2927963673739372,0.326239595048628,0.3635942686127819,0.2536244179761476
0.1542882139421391,0.577481550090284,0.425702929090657,0.507839995289247,0.343640610669105,0.3665416311742546,0.2658323297546132,0.2734867913552822,0.2592221269440303,0.3561584996838927,0.2434292263499822
0.1601247477880648,0.5360473011243965,0.46699245309951,0.4630758903085226,0.3218404372681068,0.339204720242909,0.2893528840164616,0.262590592964277,0.2692317729936481,0.3397278692597607,0.2579191613041166
0.17886082870876,0.5562351834363127,0.4746197339122415,0.4623082617157719,0.3104862485620653,0.3531826550083445,0.2452586280243528,0.2538424963006713,0.2899450350137149,0.3743281676624633,0.2326774915434135
0.1561065665937306,0.5332385626016105,0.4296095394742854,0.5164314638904756,0.3382434061502558,0.354640255678627,0.2429142004028541,0.2338563268352197,0.3097565113247194,0.3886299435877667,0.2396354548301784
0.1825538386708944,0.5471013660906616,0.4466592830762397,0.5198133976585252,0.3488533948909534,0.3426251287334899,0.2596419123677966,0.2432112213207911,0.3167471378599877,0.3889808857714324,0.2269978226894176
0.1697026114404837,0.5486037732062375,0.4629210839589167,0.5040199287922675,0.3514001908831571,0.3499103879725915,0.1119074003578627,0.2629192012929613,0.3084116519628977,0.3696207505142437,0.2392642094332623
0.1802729429887758,0.550878422038872,0.4627582132832422,0.4474396435083755,0.3192558346550138,0.3658681226427313,0.1467347887667132,0.2471789513663582,0.2979817235893242,0.3843390439689151,0.2489661530843123
0.1983430610300643,0.5306126686680614,0.4432000281719701,0.451932124182924,0.3225064119489295,0.3134627961361373,0.2345518041088508,0.2597436596861071,0.3324904046726892,0.4143840260516443,0.2250217633034984
0.19663488219581,0.5545424351209286,0.4637960233666501,0.4531172744153694,0.3101098373551086,0.3321020618750254,0.281778938877501,0.2309121246530185,0.3246368975007284,0.3254195163526154,0.2277243609543152
0.1574726153408985,0.5548510215300828,0.4628895703145094,0.4697777058141206,0.3409130442598737,0.3539522308450371,0.2906841013875963,0.2458704662025694,0.3344533039987752,0.3468755757166271,0.2354764291927268
0.1503502762397922,0.5574418006375428,0.4655616185495361,0.4886937808544191,0.3558364196455125,0.3587958540840316,0.2975824688860825,0.274830729411319,0.3331557853323556,0.3267096973821079,0.19870421575396
0.1283401449214229,0.545883951483792,0.4428694874155588,0.4831172083476722,0.3704356264299641,0.3458673486591941,0.2687456527353705,0.2376785323353341,0.2957102309344585,0.3569057732837435,0.2252729745914375
0.1596387067332679,0.5721452259459593,0.4579356455332644,0.4614077420673348,0.3233306923269821,0.3474830862519337,0.2813292926089029,0.2204169805713664,0.2788643589820577,0.3498180566609213,0.1974399734608899
0.181906641593988,0.5489441928674986,0.4758957143445526,0.4161882783873714,0.3452972108110137,0.3491630196051589,0.2724084127558248,0.2498610766995806,0.2855432703396318,0.364626584531142,0.2340354149185972
0.1987432712410024,0.5536716740340966,0.478710837744529,0.4470253965111356,0.2972427527038053,0.3158281846472001,0.3229462680373631,0.2083538372333033,0.2935494325560766,0.366172777899051,0.2798951160208612
0.1812348401022382,0.5753404905380901,0.4753463209990206,0.4557770125151262,0.313598592902338,0.3333383280959729,0.2579432351630304,0.2036436541498622,0.3044339924871516,0.3645972184013286,0.1800637670997305
0.1395040555451625,0.5352775390406965,0.4471680324155059,0.422833987386787,0.3262981253510009,0.3424409660462451,0.2440099233483198,0.2284738429578304,0.2846646967137161,0.3746520631822129,0.2221673845849951
0.172377350299333,0.5309763743608041,0.4625847095455229,0.4656198073911731,0.3306389697770865,0.3404678467439018,0.2739181119532611,0.2337576446369134,0.2826934778453472,0.3334602225640155,0.2298126180807698
0.1869933763037378,0.5519571627996784,0.4671848312718117,0.4688832642168479,0.2968724959242068,0.3731013385788415,0.2778323978280764,0.2270442405405378,0.2614000123103927,0.3519971288986668,0.2089729265628478
0.18389493589046,0.5588207437662764,0.4789694653969674,0.4637906622439626,0.3274529103754124,0.3774945303325339,0.2827340490928779,0.2346398811626978,0.2644193839827912,0.3774216726828972,0.2348100154100456
0.1367315888013744,0.5421546686561494,0.4510798792674539,0.4728263304556019,0.3392181244721107,0.3973244637993611,0.3158265215495475,0.2644569036047712,0.2951567972775837,0.3735940550329581,0.221346164393013
0.1542561898258047,0.5589013595532188,0.4023057305215844,0.5088703740558642,0.3201288844203425,0.3803247321750764,0.2611774459049006,0.2393992998430497,0.3051554131615147,0.3535494916797717,0.2288111369268263
0.1773774576895796,0.4665868806770136,0.4343348924931127,0.4904058373238601,0.2717361583339659,0.3401163996646436,0.253447731383266,0.2646744895699993,0.3037499554428893,0.3771015389965106,0.2450358910340865
0.1685314991066597,0.4944453370722593,0.4153350473849316,0.4436506309461373,0.3068539007591908,0.3741412259364205,0.2869339312863714,0.2708624725880861,0.3070308116651796,0.3570445766197093,0.2350382875956143
0.123427719933679,0.5046270267059711,0.4093339996257053,0.452838222648206,0.3081201257761081,0.3760203626329307,0.3102596634435777,0.2291947742509932,0.307608547018258,0.363965143422548,0.242408972556515
0.1504818171332793,0.4732907426565713,0.4179182536423854,0.441528049920832,0.3250892273882425,0.3248342072764811,0.2221716572811059,0.2864450059263986,0.2834330183298065,0.3839372785114544,0.2413027053683901
0.1548233383415821,0.5021952042992701,0.4165314964052786,0.476392399688528,0.3542092027321799,0.341361430448673,0.2633472543020037,0.2978776836415802,0.250946328960941,0.3933899020628919,0.2747915899171111
0.1559763621296925,0.532904852063707,0.4254100676483647,0.4805878422685903,0.351568044353848,0.3604307365940384,0.276269790816685,0.2347539061862027,0.2802322828204705,0.3767164724825022,0.2208355011935633
0.1598943474172414,0.467586534321825,0.4310649011743157,0.4684914602582464,0.3923906173789542,0.3774424868336237,0.3016313321410406,0.2374089354845564,0.3031474234500695,0.3622253215863368,0.2320461004721927
0.1734959567298926,0.4552428315831026,0.4360443117875777,0.4330318982899342,0.3080463712299222,0.3575185082622384,0.2670201337139476,0.2495891389391846,0.3051098594148606,0.3781547608554384,0.2354752809732961
0.1698549402333084,0.4237160212440883,0.4599814549578802,0.4711578486144727,0.3419425953012264,0.3636430821886736,0.2842562674871551,0.2740849622853445,0.2835679791712902,0.3523769084772519,0.2379282630882413
0.1859225505263465,0.4578470709645898,0.481048092950123,0.4977892163854794,0.348710067269509,0.3624544056347534,0.2670704525327133,0.1397639859656027,0.2992922013462742,0.3576147051250448,0.2526129648173963
0.1715744746771661,0.3947115227396978,0.4996059434177808,0.4740426947178953,0.3527847355069977,0.3790637646394192,0.2515489232458733,0.2017773376773398,0.3001475115324306,0.3761586457487941,0.246021484316932
0.1742393163618894,0.419443056829339,0.4701876394892185,0.4758906776436892,0.296792753694565,0.4048073774998768,0.2486547812776261,0.262162545039069,0.2640892603152701,0.3768864050142819,0.2441885558346316
0.1807485607813312,0.4213611518437684,0.4633444339440402,0.4396447555461528,0.3124942815834651,0.4131151501430763,0.2762985394005808,0.2869658763030113,0.3063883558610168,0.40054620163679,0.264535503813981
0.1717999838155559,0.4417407372816216,0.4776481754361967,0.4354983675851938,0.3266419631455322,0.41488517706021,0.2852517283253262,0.3168757914661618,0.3174716972352961,0.3323981774807987,0.2621642599362905
0.1692313971276398,0.3834677657034837,0.455914817279116,0.3862344769605635,0.3276571037644521,0.3118846786275778,0.2469707334937198,0.253235991034239,0.2653874902366531,0.3595366293109605,0.2159004330041331
0.1864632235126717,0.4006544077521481,0.472583820328572,0.4468755190909192,0.370963119403654,0.35360460726637,0.2535493819773495,0.2766552477199512,0.2841509847092123,0.36059041497464,0.2085445562596484
0.2049621602451649,0.4118785715077435,0.4840777500043575,0.4370578143229689,0.375819665711027,0.3827833096211799,0.2397565620348043,0.2928277103503566,0.2649297049131994,0.370322223044721,0.2202021283511678
0.2116606821170023,0.4570901612786672,0.4731821215072935,0.3514869067488989,0.3215587629213994,0.3297918667863526,0.2399321378537188,0.2877750190257823,0.2707429404002722,0.3551893792149717,0.2103045773357135
0.1880775208700445,0.4197921954656212,0.4319505579433096,0.3551315990382193,0.2955563665600321,0.3471342159432973,0.2456737959749104,0.319430133154709,0.2756312424494103,0.3538766259620459,0.2243171925184077
0.1966312802847498,0.4441003489482171,0.4408307044176461,0.3693643334995803,0.3062522872754866,0.3525910839772447,0.257629666175601,0.2367598675665474,0.2749264428555179,0.3665893123862476,0.2397040762146057
0.2002302302905572,0.4333482928401365,0.4510690774516177,0.4362203253115277,0.2822103202130175,0.3638504767471247,0.2795052305705129,0.2741028323307308,0.2993783489064829,0.3670567710083977,0.2176477175473104
0.1632381744456499,0.3993658922904819,0.3987265563031946,0.3944079544985266,0.2837300846707953,0.3173942434986876,0.3220905488945957,0.1870443240417023,0.2992439189468447,0.4053988278576786,0.2183190382777052
0.1306427287014297,0.4189185579183504,0.326075828627405,0.4036091069050613,0.2411278883536194,0.2579214231593327,0.3279687951014003,0.2081173229196243,0.3029649220261536,0.3096996037661702,0.2252075910968033
0.1033295295780774,0.3799560517617141,0.292870653402558,0.3986452918832546,0.2268279830756211,0.2550176336038246,0.2976764783135783,0.2473047376596628,0.255804915791697,0.3504038453377646,0.1887031017854125
0.1230827549802121,0.3895614209048853,0.2986018235520629,0.2712350366536586,0.2272294722855739,0.2445431171057569,0.3333816743553268,0.2301198907383976,0.2927267804859577,0.3504044802721892,0.1874798959658859
0.0964568569003722,0.3734712038861437,0.3133047240623674,0.241744541191441,0.2092213375104246,0.2892137489710302,0.3441427939165528,0.2471547411473513,0.3078096806059222,0.359455112324792,0.1768172385331237
0.1059622850534177,0.396749132312172,0.3158473973710829,0.2565764214577052,0.2159374250805157,0.3088951887698333,0.3216296228258337,0.2888090005758201,0.3649130499847816,0.3564960213620661,0.2074401896989609
0.121604581343106,0.4103930400132646,0.3257551003878856,0.260554335116205,0.1725639672343254,0.3444799424264005,0.350487722306619,0.2668217211103662,0.3585804403682747,0.3093618616462252,0.2239156692379197
0.1252595416756247,0.4072885072890999,0.3129868227142336,0.2615915828240859,0.2067645114037102,0.3437425614934254,0.3247234673988509,0.2793784822276637,0.3622409371110907,0.3264072636270004,0.2131144001761538
0.1208518166569051,0.3710129488210031,0.3380031754432577,0.262512186692069,0.2085698601974545,0.3232778574506947,0.2230253993327689,0.3053702571554748,0.3307180155092165,0.3460016345251875,0.1859684356429805
0.1313283947007351,0.4011770877782298,0.3456036304151427,0.2628978768751147,0.1790577540304595,0.367572132715196,0.215746804935491,0.3100800183521278,0.3486817251798256,0.3267067522504733,0.2270275429530661
0.1249334460826375,0.4156201078839519,0.3178540880727299,0.2694676132998268,0.2361925614116825,0.3261389287458967,0.2615384119775134,0.2591718693291444,0.3488986683653734,0.3350926631807405,0.2189113933462173
0.1382059810353635,0.3810000270535927,0.3426368454087494,0.2642747043459907,0.2500077738417404,0.2885961659832973,0.2713835200597974,0.2729256372911106,0.3720430350929773,0.3465479420100173,0.2331238355921414
0.1390545968079394,0.3983745998116726,0.3498744221958783,0.2691562991237806,0.2390641636966686,0.3012666527650092,0.2989249892466447,0.1720773158551915,0.3517181333870844,0.2981617493533601,0.209353895079389
0.1378032477275553,0.4077370751008159,0.3629973514310872,0.2485180078198298,0.2556142383808291,0.3169100294754617,0.3229623879812845,0.2226359877470509,0.3540850234775347,0.3405952246665674,0.1542153171217822
0.1343792797564499,0.4018732838613384,0.3699112218347299,0.2334507009251872,0.2636062912399883,0.3026932208286937,0.2466403695569544,0.2236310545585215,0.3417348881576684,0.328379786078482,0.1780288573596161
0.1408871692876115,0.4132727182101997,0.3467022670678015,0.2369695138999819,0.2752106078502599,0.3081123266330701,0.2936890687628966,0.2557177348297655,0.3587662729120517,0.3310646217201573,0.2083888559801251
0.1521274502959819,0.4149537457681051,0.3528862186152732,0.2372706406621926,0.2485693602206815,0.3211996918874221,0.3028254633464081,0.26299275718132,0.3652003538180549,0.3427772691072894,0.1955695206926564
0.1616016852830795,0.4262319787715687,0.362667440386484,0.2336400357639071,0.2681851785677525,0.3162831979076951,0.3351855419396049,0.257447999438876,0.4005475735830242,0.2949502651291955,0.1978760580144597
0.1551125493191995,0.4121592395017476,0.3837910669347429,0.2408732009684049,0.2841446357973852,0.3147626743363438,0.3263379363600497,0.2823207614890806,0.3894465398531329,0.3096293840535705,0.2080237120848351
0.157221434648412,0.4264099273275504,0.3963164022118389,0.234642048401399,0.2890546953151094,0.2999015062033236,0.3874721525789074,0.2966158715237624,0.3911234323249783,0.3266845758309672,0.1933147193420593
0.1487619805903663,0.4273023714012163,0.3340789776885581,0.2453851415120709,0.2965509860414229,0.2914711708043633,0.4186351710724414,0.2490607054012484,0.3285837828506028,0.3265480079755045,0.2240917464157237
0.1329598694772399,0.4284352414331066,0.3627092898809407,0.2656717177092279,0.2916328457584793,0.2761430750626932,0.3625899157331051,0.2155036803616486,0.3413806615116744,0.3271061877929426,0.2332923416741106
0.132861264528466,0.4297593782198533,0.3715477569696969,0.2544049638093401,0.3214202384785362,0.3061055332597863,0.410450406671038,0.25889023219491,0.367637756438216,0.294668840141584,0.2364254518559163
0.1301540834964159,0.4353397036250021,0.3398714609554689,0.2895965165454995,0.2304015900254289,0.3378859022184386,0.3009679247217298,0.2224132127641062,0.366395665821564,0.3063458748016155,0.214718623402912
0.162550525697378,0.4463359726078509,0.3650691776779495,0.2945358786389123,0.2315083374982479,0.2917203417136046,0.3343870089761907,0.2483780483119512,0.3402944951838541,0.30724943179032,0.2215084207933286
0.1461208521014612,0.4517979386875272,0.3729481512822108,0.3265409984172047,0.2590121004393778,0.3467866511558347,0.2946242031181225,0.2747849518717718,0.3312078961812807,0.3238719502432108,0.2128052804939007
0.1610800945254406,0.4574719969019064,0.3855605664045008,0.3764827951576199,0.2157688427682856,0.2750434152632452,0.3122907451721277,0.3080193718725935,0.3254088868262868,0.3407486694522061,0.2051948692876143
0.1785642416208343,0.4412753367377691,0.3959961583739501,0.4109208081931638,0.2297762351008004,0.324416411762067,0.3698406202691054,0.2738331978820337,0.3389207503597982,0.3426614719830689,0.2131665989051141
0.1591174557630932,0.4292238154980598,0.3721605912045533,0.4381153257761565,0.2576716869687575,0.3164125040624287,0.4030644736559688,0.2795668246619304,0.2922754665074848,0.3164654355034621,0.1609282496522112
0.0882409595644828,0.3807902048672661,0.3914056852088549,0.4524132277423625,0.2698651522716208,0.3768235698467185,0.2898850641158771,0.2805623541988092,0.3159595103981395,0.3158823890546869,0.1832771417910272
0.0783418960303784,0.399438478113304,0.4052553344609505,0.4627556425134951,0.2896940598505571,0.3993799618447731,0.3219394783398426,0.2460606299417142,0.3098905227485516,0.351990855944663,0.1344425782067041
0.0848500557776964,0.4125229303733487,0.4208665323215778,0.4579176350739372,0.3127416739958291,0.4130578290290728,0.3237840121880735,0.290001987881725,0.3399512530379873,0.3379874177871603,0.1622300802677931
0.040940984380172,0.428106239653083,0.4145792346820872,0.5078106568751936,0.3057678840115047,0.4120270664841057,0.3941218043855303,0.3033410985646717,0.2533636410771534,0.3159258909095165,0.1675068335085678
0.0473735645629757,0.4251858107159174,0.395074482475329,0.5174946967076549,0.3211631326073884,0.4003703274102329,0.4354989342862572,0.3269299230580472,0.2725525434417291,0.3066702841452193,0.216447712941182
0.0531885555263951,0.4228494639933151,0.3943306298718573,0.5255391244240581,0.345964201307608,0.3896870205105564,0.3868273038047265,0.2061974970961849,0.3110317914422051,0.3137586401800925,0.2049054742677093
0.0656553960683536,0.4206999217563775,0.4008438603495698,0.4962249284729466,0.2979112308817619,0.3929918616255021,0.4419588899400152,0.2598849610762104,0.2840662791394092,0.3182886412360325,0.2154919903378897
0.04835518170893,0.4292924791387896,0.4062175790782314,0.5160130940713746,0.2986191461240918,0.3862254796066646,0.4253303753572135,0.2646056174032682,0.3022957813578441,0.3367780932968131,0.1777320477850582
0.0462403517083307,0.4200486585309381,0.3991856874999363,0.524096912225259,0.3221379976800818,0.4146449186031603,0.4006139015594335,0.3346541446338086,0.2222348323065894,0.3017313050524859,0.1797815507495089
0.0510098074404488,0.4266530266148791,0.3750517474273483,0.5306045106784963,0.2316519305697053,0.4116278335437474,0.4197849372869296,0.3073339339347681,0.2600817566925448,0.3341317042774304,0.1860888496004114
0.049579209127242,0.4114650023837364,0.3826653158612919,0.5173160342895616,0.2518234340292614,0.4156026918557956,0.4506246932250676,0.2566386505298905,0.2785754711473035,0.2885089875467242,0.1597527511175315
0.0198012295899701,0.3934161472426156,0.3563507416171277,0.4862186879412308,0.2597302080605059,0.4241967799599214,0.4592465636319198,0.2318758853207476,0.2865051080110022,0.2816713628129395,0.1545558696045473
0.026776119553656,0.4051074133811714,0.3782227043778611,0.5477226391380343,0.2850126989225747,0.4362669592570491,0.4475542786119829,0.2683136062939831,0.2924939465193161,0.3001869843384854,0.1968808105589896
0.0286417897836663,0.4138156157314365,0.3903264100997985,0.5291710223486776,0.3075537875593522,0.4377772521777157,0.4128668927716538,0.2867181287719298,0.3199530279872233,0.303026390225489,0.1950071164497527
0.0335774594705288,0.4099165301194957,0.3859184307673681,0.5311758987004644,0.3135185398972024,0.3939459622598792,0.398601718321675,0.2430709819756307,0.2705950978422621,0.2742073345613618,0.2075031175812075
0.0070556016043627,0.4114999344298782,0.3941787556661615,0.470508622671455,0.3176896768016131,0.3994727659763034,0.3863079695369033,0.2818538104764672,0.2603225435703779,0.2490414332775759,0.1488593070776289
0.003728185886583,0.3769739470765295,0.3864112846702922,0.4781819771684498,0.2965417316461314,0.3891334397938324,0.4040982214995898,0.2312448087616779,0.262889167009064,0.3051330747137415,0.1643102726428679
0.032608909335391,0.4024484445496918,0.3973273530404198,0.47077553012591,0.3487540831696719,0.3290926043223646,0.403135107228453,0.1164247471149388,0.2982886426289388,0.323175670743443,0.1675868253488045
0.0324001774452203,0.4138456729618911,0.394579548105558,0.4743070477962866,0.335954073175888,0.375327430296264,0.4102446071175328,0.1763986524438561,0.3159849939920396,0.3250605835908813,0.1858003660791131
0.0349200351648502,0.4168711638182494,0.335459757718916,0.4331414808425474,0.3393909395219571,0.3768622682899243,0.3140738928811078,0.2215750206491307,0.3076522209886554,0.3133927366753839,0.2133901741443924
0.0576035639455529,0.3761516575321009,0.3532399563519071,0.4552306404086659,0.2981704831140997,0.3683474205155658,0.3464028008339296,0.2122017540949815,0.3387179936491949,0.2819862175539865,0.1458961360685425
0.0247947630870781,0.3893373631635494,0.35949526472362,0.4454820838784811,0.2549132412148285,0.4037265506893564,0.3854447343065092,0.1691543421399979,0.2905166729781425,0.2941907658374638,0.1203515151981968
0.0257099949355937,0.3729003318094258,0.364666314390286,0.4655393006742335,0.2566173962508444,0.3907786671345771,0.4122721104934865,0.1652142043062864,0.2874039051910532,0.2805426753132821,0.1468936569812824
0.0315323908559889,0.3749634305875378,0.3365089789023123,0.4431179839697081,0.2507097801559136,0.3555381752938513,0.3187015254167455,0.1971883045336139,0.3118545269334978,0.2467985515613078,0.1504900519636986
0.0289317078141106,0.3793533263242034,0.3692525288632368,0.4463643520580622,0.2797067526563259,0.3498278999867252,0.3421618136241769,0.2530589346896243,0.3123629208901051,0.2544447490287325,0.1641292818354232
0.0190159582987645,0.3198023395114095,0.3712830644201405,0.4590387078429789,0.2845719963924085,0.4070155846293148,0.3882000316143358,0.2736348700497991,0.3155199905111269,0.2772711677868193,0.1657220580516604
0.0242702625608718,0.3269518256765557,0.3809400962767217,0.4778743207816481,0.2943166813785191,0.3574773423010605,0.4200508057896963,0.2957877666367715,0.3141671505405344,0.2862585748364836,0.1632073270125773
0.0586701772170071,0.3607330802643196,0.4105431445485482,0.4856812889123153,0.3265921723403382,0.3733657353972759,0.4217941182282515,0.2314528071736656,0.2370492434310267,0.2134777720464665,0.1263292038752641
0.0313861599281645,0.2245827078528455,0.3631269699122003,0.4383169614961836,0.3158687194509595,0.3160594255720329,0.4474962232646279,0.260289670906916,0.235388790980995,0.2400435162712616,0.1997421594598704
0.048563057068652,0.2435980416019195,0.3546581615337834,0.4468732767819051,0.2718837483397916,0.3345204395398427,0.3529187453260918,0.2454925306943569,0.251772185090027,0.243021720519025,0.2206269296745339
0.0398682283032188,0.2579440369047677,0.3512640252537407,0.4342049651396857,0.2447431050249925,0.3380431113244144,0.3899899739076741,0.2008781196697633,0.2597375467383583,0.28141360509427,0.2057151483050601
0.0440718148835268,0.2153200906483114,0.3574581368723474,0.4507326116985244,0.2556210566537814,0.356691240134571,0.4533694916626405,0.2281023731211903,0.2588165391189464,0.2541052845374072,0.1761643909500055
0.0368213488672104,0.2351454077761537,0.3267915421608702,0.4509821235638028,0.2778255376620933,0.3168488511112625,0.4143477877865151,0.2308851673127471,0.2243430209878088,0.2871125208167626,0.1584542348728349
0.0527819812227829,0.2365270865206918,0.3610432112032445,0.4081832796343937,0.2612272781185867,0.3325724928785571,0.3213050981608977,0.181003575937992,0.2361024261519672,0.2983105772670601,0.1682037891413932
0.0527873135995214,0.2513272147252153,0.3565747279775301,0.4181866501887064,0.2669165835294391,0.3700562177509772,0.3789397343645933,0.2283912983893088,0.2692686299489033,0.2963387074587433,0.1196728579544635
0.0353485660659592,0.2680448648130945,0.355805060874055,0.472619356993846,0.3022807000070079,0.3415358916386169,0.375623076347986,0.2397250041964761,0.2914406246492224,0.327872836189417,0.160643155321859
0.0504017573800852,0.2790733989228086,0.3562355060056936,0.4362537434075553,0.302844864232734,0.3610117673574787,0.396116172540882,0.2318031238455831,0.2906423628410709,0.3524741157056113,0.1748891151478609
0.0421519838420768,0.2810522504234568,0.3348642083479044,0.4711741214451423,0.3072482968756513,0.3431676944196059,0.3976367967470407,0.2658920250769899,0.3020120399959231,0.3532999702070084,0.1007112319916385
0.0342624616601327,0.3001897823481042,0.3294128971745532,0.4741291143970847,0.274903093441702,0.3627083270725789,0.3224264548114016,0.2287544487128141,0.282188517083721,0.2959621846362578,0.1602077113247126
0.0416832780963146,0.3116723286914492,0.3282600745616825,0.451275119252402,0.2897165712108769,0.3928916486549845,0.3582632656963107,0.2349230294942558,0.2707707966788885,0.3218984659964886,0.1645271858860943
0.0439693784101096,0.3158951478820642,0.3253324297634425,0.4554272852291747,0.2973229003213389,0.3373087761155689,0.3254957524665149,0.1167281654260587,0.2217948281077979,0.2797447282136445,0.1787235848166842
0.0474406479448415,0.3175069001930628,0.3186098447809114,0.4434566289255586,0.2989250489710776,0.3532851944650194,0.3245849394216273,0.1558210047215356,0.2729869752316027,0.3037924915443131,0.1883484676331103
0.0495703551072412,0.298965977108347,0.3357382460848027,0.4588589104335199,0.3073497752097911,0.2982247923429684,0.3456898579681908,0.1774275743370979,0.2756696395280104,0.3181829027324616,0.209283273774699
0.0333707402271809,0.3215020793741473,0.3360127608815725,0.4829718859622816,0.3235833119485207,0.3420296928045106,0.3417136001841237,0.2167283761020131,0.2429463459948627,0.2720754336438432,0.1963876297462028
0.0407606951208756,0.330110044872281,0.340034825577629,0.4839594384556337,0.3292452507244299,0.3593490848363961,0.3523093009221438,0.2332907428028757,0.2470367995775631,0.2822761305474048,0.2149165771844093
0.0455536543538156,0.3287416569586601,0.3302058284640527,0.4857530697930375,0.3122568906713356,0.328718040382034,0.3874032603088254,0.2264736562887029,0.3028432050225739,0.3024751070654136,0.122158700902504
0.0335650354729352,0.3205215924413844,0.2987968301004782,0.4913053347506019,0.2668975944034647,0.3459192908032297,0.3992964103336742,0.2516360278032782,0.297506056926429,0.3101876477246673,0.1626837429955499
0.0223409801222578,0.3118709891664418,0.2911342618553958,0.4335234144927155,0.2703488514910933,0.3749522365185588,0.3799664427218922,0.1759206621414156,0.2783728741481364,0.3209705673238953,0.1103892319546856
0.0208339338535365,0.3119003252281844,0.2878541503369172,0.4542323015243158,0.3155799886158358,0.3622697075763179,0.3863639659290356,0.1805479149510137,0.2495701569166206,0.2817963038974916,0.1619953094905571
0.0237840583503475,0.3181743290539183,0.2981119021303426,0.4733087373762555,0.3348616237400957,0.3666312336686111,0.4047891647345942,0.1723109851597602,0.2774744744461415,0.29332739546526,0.1413227540759434
0.0097468013876714,0.3048499623446382,0.2988994942788116,0.4504142393335735,0.2635080361610915,0.3956747477702906,0.2891309560060666,0.1877257252359617,0.2787947368114256,0.3170046379887125,0.1592916351736152
0.0002115154512953,0.3067768093915656,0.2941278933089652,0.4475732711298525,0.295393650545643,0.3373808553751983,0.3208666378184558,0.1970059846196981,0.3086362861919355,0.3329453751525425,0.1041314478791603
-0.0002582906688457,0.2983469622893598,0.2964736151070823,0.4618462576819335,0.3306694709277071,0.3441936237018657,0.3066823485020837,0.2147784032096771,0.3097246234392232,0.2760843547316047,0.1354166284077317
0.0016364186549212,0.3101818736597949,0.2988732159661204,0.5009968746872231,0.3587959889012592,0.3682480000723699,0.3355920625195542,0.2100394767062033,0.2317233300390482,0.2790798866546401,0.1417223447643008
0.012180689296179,0.3230536421450311,0.3091990860487132,0.5144509219007538,0.333259498573529,0.3537791441932373,0.3488335654464822,0.1903079396601217,0.2705365515759837,0.314868575846962,0.1815964148855942
0.0182827292350218,0.3097767833035703,0.2709579749633028,0.5179818393714153,0.3356003651293119,0.364516620262107,0.3152328511935152,0.2140564027619824,0.2854439075882441,0.3460092481357313,0.0651930662436619
0.0217892194824372,0.3309993817187622,0.2917750692314366,0.4790041099661094,0.3592762906358615,0.4025935736745593,0.3323394632827206,0.1830762238163044,0.2747406195096564,0.3009514048460111,0.1336400329099446
0.0211917252064418,0.3314807981234239,0.2889064378737283,0.4691344045131176,0.3659688719367195,0.3696312041102831,0.3546039435768365,0.171575929820961,0.2650613734826224,0.3093660262825833,0.1483070546440609
0.0246700116670314,0.343718557843216,0.2940090428891109,0.4045763970820374,0.332059079248556,0.3797816868507151,0.4357140278109969,0.2114212000678276,0.2723460565600788,0.3364879204162501,0.1858692793683629
0.02134941479996,0.311870802343314,0.2423504160244083,0.4775301737511358,0.3352055843096586,0.3771852158683724,0.4474300014455818,0.2363367288852056,0.2770016762562738,0.3279664993025184,0.1427031597914113
0.0243628500037872,0.2631713240975146,0.2449959847627876,0.5104342760883191,0.3576715597798072,0.3816995094154606,0.4125503380253051,0.2168258671004938,0.2445523673870338,0.3006838047286119,0.1098601539300181
0.0247602956142194,0.3078535520966391,0.2739073058736925,0.5250118735449293,0.3260654211074931,0.3957906970186772,0.4311345634619279,0.2323370209985375,0.2206325150184922,0.3051001536916677,0.1629380264827854
0.0320111079052566,0.3040429089561733,0.2577117035032911,0.5017636558806977,0.3621980947222487,0.4078395584822681,0.3881485578453462,0.2574316943621371,0.2685151684106043,0.336914749061778,0.1461673299530941
0.0368305038803456,0.3023249729145,0.2586686825452847,0.5024079619081261,0.3382561239527821,0.3959902013462364,0.4004347288811059,0.2252741090516594,0.2240605684664132,0.3137759078089586,0.156213733058536
0.0566716872223162,0.3192918681371631,0.2787072524125532,0.5008736792797724,0.3501106872248178,0.4039165628892627,0.4046958265153875,0.1270459445707641,0.2314486414080495,0.3436095068713067,0.1907328493117186
0.0678717059346474,0.2834568168308478,0.2993554144158454,0.5105608431266948,0.3299280131542618,0.4227358240280335,0.3838857114092574,0.1622727778569658,0.2439869865771487,0.3446620393934015,0.155185786993763
0.0619708142668078,0.2855527367944998,0.2621187807730422,0.5122185466134593,0.3239622649190892,0.4216109102934439,0.4119081215528021,0.1830992766025178,0.2546913372891098,0.2972778593791185,0.1768118870563899
0.0432442528466572,0.2755995260180248,0.262567611754549,0.4799653761685177,0.3250987547822678,0.4287572648584689,0.3704340354424532,0.2147510906606623,0.1780492431401603,0.2511344866090701,0.1657756933387841
0.05755376276461,0.285719612369826,0.2841516936365255,0.4817442305097842,0.3926695946419253,0.3447964248089205,0.3840991598921328,0.1464737050693492,0.1995267848805852,0.266106821006602,0.1766097456238788
0.0600660568011644,0.2675644616847701,0.2815609051959578,0.5170751306300712,0.3578910309513157,0.3897387332500202,0.3646529663546101,0.1607762824228567,0.2479620687963094,0.285089803942719,0.1985836278957599
0.0299725214703556,0.2321202164547858,0.2931046753909043,0.4843405677748353,0.3066459131892412,0.4134720779057359,0.3789923162254653,0.1826882398729225,0.1915953158080644,0.2984844864996446,0.1259504491014273
0.0414064293203558,0.2410420905394724,0.3000305805436465,0.4913667214747409,0.3146442002704818,0.3888585663718576,0.3824660079100087,0.1986139551803406,0.2222939866788992,0.310011196092979,0.1470374769519304
0.0284531038951095,0.2459325344125455,0.2988229170407535,0.4846481847268443,0.3193574643985214,0.4147231469567963,0.4143267100596064,0.2270523339375867,0.1921586593146469,0.3352340773989531,0.1583303919671661
0.0357106733773265,0.2568687864135843,0.3017865474524039,0.4329922935172384,0.3460675429402574,0.3668360527751975,0.3884228785742885,0.2168693371724447,0.2094861810168525,0.3398605765439859,0.1688319970943604
0.0458664291227146,0.267315623409564,0.3088675969051079,0.4539716934961882,0.3444862497875463,0.3514143709240509,0.4199668369174083,0.2341967953950429,0.185612630699606,0.2888307728412026,0.1911827783196155
0.024516151299947,0.2772893582081364,0.2963053385081537,0.4699185115262964,0.3260589191567496,0.3425687732951094,0.4438864962344883,0.2512128645032528,0.2080626662130514,0.2649337636578577,0.2051608031801032
0.0307626544393184,0.2535150973625759,0.2819064772289339,0.4582887961316262,0.35255628017233,0.4051919820758979,0.4297535295547056,0.2564454418425926,0.1914095192055293,0.3029634406280467,0.1354988065023938
0.0262334352818415,0.258127730330652,0.2998728408088686,0.4742044000282344,0.3300360024979483,0.3758824749542103,0.4364638990225327,0.2614066320438654,0.2197024143258474,0.2944303335920984,0.1302680928285296
0.044324046293976,0.2487362041842933,0.288017991222859,0.4746465325846559,0.3037946101624383,0.3797685519864882,0.4417321362023651,0.3058778836980017,0.1883158003172011,0.3005818592993958,0.170436155999697
0.0309178047542557,0.2501033083174908,0.2490045622241262,0.4807805212741213,0.3087613938555273,0.3773346852699415,0.4487253758689764,0.3244259368944826,0.1942675960948168,0.3398850335994668,0.2124042462009499
0.0240245649710954,0.2528116060681,0.2586729056935404,0.484875137121962,0.3112735243472723,0.4153506615817844,0.4698977733408241,0.2019023526601903,0.2155666647371628,0.3082669020012919,0.1294565848279588
0.0341756691343914,0.2610835909930883,0.2761997768177698,0.504093365922088,0.3221510758191194,0.3576203155331626,0.4613935433320181,0.2295570843026034,0.1119373958880525,0.3161326602429057,0.137992619229139
0.0407501072236993,0.2723064908208867,0.3083887770976596,0.5056249792513403,0.3014374144276905,0.3893521452714563,0.4314109681935256,0.1935961311773631,0.1702863031660134,0.320079895672327,0.160025698079921
0.0280006380657487,0.2385787628642516,0.3128276729908648,0.4750398935320748,0.2916929040731295,0.3654370276577046,0.4518590587752731,0.2156918754830403,0.1736212516202935,0.3221973347656087,0.1870784658294748
0.0462938251445394,0.2450415512186935,0.3242033617510517,0.4812455720207363,0.3209284748122239,0.3656219258805199,0.4237272465128631,0.1756349529173191,0.2312382012321097,0.2617716154636574,0.1787364931375752
0.0281810685273805,0.2422964927640839,0.3292821871858678,0.4896094670260039,0.3320378493049368,0.3793436325605678,0.4363605925454634,0.2256722361325715,0.2142491310195667,0.2844267238412952,0.1504954808568737
0.0224810598950231,0.254830636011224,0.3239921000387347,0.5007398230671358,0.2896955527027043,0.387484762922724,0.42157340762604,0.2368560013774748,0.2209156548879334,0.3209699000616804,0.1600871023450699
0.0265520984226143,0.2621770835286139,0.3202891872199557,0.5089223529526357,0.2993881735689919,0.4011973626747929,0.4135263745919998,0.2396015966212986,0.2262898056289066,0.2783311229870423,0.1071012055396332
0.0350605123520664,0.2658421893834958,0.3293970843016756,0.5157518352183863,0.3027338888769473,0.330495850849586,0.4175582199240455,0.2149472262576493,0.1812215647701543,0.3032064211950858,0.1450595944722359
0.0481080223821027,0.2295313614883883,0.3453769867215648,0.4545884330012665,0.278146432299458,0.3428864096531657,0.4253326625995177,0.2407148291231762,0.216811441451289,0.3165537460711803,0.1696410780383089
0.0607007772157799,0.2376883344288675,0.3469982975428574,0.4832109344737721,0.3287677515355231,0.3815307608303268,0.4289283677473481,0.142967101821774,0.2635399043166607,0.3241227291686409,0.1751743684531209
0.0647519301039297,0.2311377556327999,0.3361807909406313,0.5192175657287381,0.3512525582188091,0.4158399542329175,0.4322688683576406,0.1872008100932408,0.2061462755589628,0.3437889257677479,0.1602740220994611
0.0565907926397689,0.2315382154753614,0.3305139399885564,0.4784310057661662,0.3598636691227032,0.4167470899407363,0.4295482808039635,0.2545574757717475,0.1610065580316354,0.2753257167861235,0.170950824830735
0.0612559015473144,0.2393099428992585,0.332457779913379,0.4944785190395911,0.276866547904714,0.3693437594252525,0.3454170705880675,0.1800137394068247,0.1994048365116774,0.2990459606343868,0.1608690937299148
0.0805758839914378,0.2346953064795664,0.336927518370462,0.4875676231028769,0.2987299868131957,0.356145477110786,0.3671025236840212,0.2016014901208817,0.2286060119272393,0.3128043355598705,0.1902547794189726
0.0749632015534657,0.228364980083018,0.3529949605177051,0.5136656417344392,0.2990581497063098,0.3668263891657144,0.4101532024457713,0.2467276316735513,0.2353132235899639,0.2883223585263716,0.1976901128481036
0.0620240853023946,0.2347367147623393,0.3528854989391018,0.518259252554131,0.302432000252883,0.3898143222274234,0.4320191439025582,0.1386203004684727,0.2544143562376889,0.2760873439639673,0.1872499568990318
0.0658297011252345,0.2240838119266149,0.3439307697407875,0.5203202350587779,0.3101176643346943,0.345034855660125,0.3740404613079769,0.1692618222846764,0.2644892302145113,0.2870340532852258,0.1204177358852516
0.0725541531055348,0.2179912168993286,0.3438346896573035,0.4978054658296735,0.2360821708524983,0.3875203965042508,0.3854867202972243,0.21107726380631,0.2198095570696308,0.2966497999332262,0.1806285395118774
0.0602178037576414,0.1949965529296372,0.3383660379679207,0.512063482122183,0.272719608801862,0.3602806774776426,0.403306607042969,0.220317335480631,0.1885423974762162,0.305411222645008,0.1676350203413167
0.067085963635266,0.206155094138691,0.3418036246583597,0.5453855454709927,0.3101938037949782,0.3702170823843324,0.4129735171531512,0.2516927027153775,0.2220591623232271,0.3343029972021702,0.1071909383181236
0.0365374071537357,0.2196491605896413,0.3824417207701236,0.5192525018215394,0.3094470587424429,0.4047015464322508,0.391563656752934,0.2281199013000684,0.2229421327576363,0.3367899017899021,0.1491095852604447
0.0280617917832514,0.2234019730408583,0.3822361111313444,0.5148888485040367,0.3026769973211236,0.4379307341513235,0.4021347600388423,0.2339158614111504,0.2323841762670464,0.3269582027397038,0.1595872997272716
0.0434476942882985,0.2077254103961742,0.2796484911391075,0.5558418571969519,0.3253585086204364,0.4167967137444391,0.4026573759376506,0.2012453039813405,0.2051726700778457,0.3130949968194842,0.1468998707170789
0.0460240600016796,0.1945481419986422,0.3008881170428903,0.5445197900521526,0.334720419337557,0.4278787235654622,0.4269605098713883,0.2329552159738424,0.2044880252460338,0.2498509357291191,0.1198622681170662
0.0449458792231461,0.1564649521398988,0.3105342328545126,0.5283137801708855,0.3735650883243784,0.4396698460151483,0.4053728921550262,0.2828298343151448,0.2283684157944888,0.247443679037759,0.1178748852841748
0.0567124426923366,0.178231367172004,0.3081883431906767,0.5528186740742975,0.3645682913648356,0.4324390746798699,0.3987118519154177,0.3066898773574008,0.1627583556751074,0.2573449435576037,0.1430455684089254
0.0719989107864314,0.1863490956814053,0.3224710968173571,0.5556363746435293,0.3324952001055869,0.4240907120304877,0.4189555157489013,0.241532028903031,0.1740270740306331,0.2700173803317609,0.1563819890866543
0.0438610571984732,0.1961558654976821,0.3281952559290086,0.5282306609137648,0.3672769446521658,0.3699781826153472,0.4118764474185077,0.2389865733616122,0.1925846590148159,0.286009128810352,0.1356915257760192
0.0332034275372563,0.1980212485641703,0.317084656279079,0.505930625681272,0.3490075741421187,0.3733891073311535,0.4393144578456826,0.2359314488903102,0.2018208956428197,0.2993426396792841,0.1698668890597372
0.0509951114452985,0.2168642179247248,0.3179171007933903,0.5063823466383635,0.3583820328108801,0.4004179108070378,0.4297675653433548,0.2529127552143042,0.1392981236380157,0.3182737227069835,0.143345308798516
0.0313446308892613,0.1854207159514434,0.3367474432697113,0.5067741157044452,0.2968364731761791,0.4209795410106002,0.4146953821257721,0.2244574554016985,0.186291928786151,0.3146120367478958,0.1792804727666002
0.0344831738490368,0.2086478527344543,0.3240433677502267,0.5121396502344824,0.321104180170404,0.4215560041906925,0.3944752390952111,0.272406536737042,0.2412743288997573,0.3160170651899244,0.1627857625468006
0.0279970475101077,0.2104738419578291,0.3447373081431912,0.5273739988724842,0.3217426882382237,0.4187713059469942,0.4484205466803036,0.2824490034976453,0.2241553340884767,0.3287842325190249,0.1332792706104552
0.0379432251092339,0.2027244165603104,0.3531654521132829,0.5128771576376621,0.3389011986832702,0.4495171138592687,0.4356250450461859,0.26652538247031,0.2077719705466445,0.3299780362388748,0.1323421096063625
0.0411620879800871,0.1786503486805303,0.377767840366955,0.533858750034061,0.3352120462323605,0.4377751389357276,0.4106250244468773,0.2606728521479981,0.2301805456845416,0.2979667544753592,0.07285953081363
0.0263525248160175,0.1868355641564632,0.3887681338190665,0.4857012341241233,0.3319857060367158,0.4320716152166447,0.4497298230519729,0.2512193421040833,0.2153148609271462,0.3101055002957606,0.1304512859013935
0.0018068494773231,0.19906652438658,0.4113151414408496,0.4922628788287244,0.3642941571908764,0.4405068368807501,0.4166562054159914,0.284340201109934,0.2168697251394869,0.2323565096004358,0.1819556451277565
0.0201637037644109,0.2109948586763893,0.3734625509760014,0.5120659517544068,0.3178730641588275,0.4518435063316781,0.3479901490704828,0.2900592588102518,0.1937690920558898,0.2545874356246163,0.1201152149855237
-0.0065838659985519,0.2110570293232829,0.3312931451642323,0.5034248481995034,0.3510697607892746,0.4527128056606306,0.3743395073040507,0.2229477879292717,0.1966814547173808,0.285177380436945,0.1240895640729437
0.0209561600420659,0.2164428326364014,0.3360679450561705,0.4388527759305322,0.3164831848692537,0.4476403935296725,0.3785389734571219,0.2313569598989353,0.0670174100500695,0.2066915617271046,0.1392105821850025
0.0285747785675774,0.1933603540413672,0.3083591526480611,0.4738575972885309,0.3214285274709219,0.4531400963349994,0.4050403151853192,0.2625020578056413,0.1244232052149765,0.2543638504673634,0.1393330168088508
0.0412362092578598,0.2154042969700967,0.3101930884271002,0.4833146097086263,0.3539985794119174,0.4006136851565092,0.3979464182590506,0.2362483816164675,0.1513316698091893,0.1803136110412947,0.1191370303980519
0.056592391736429,0.1788648458636679,0.3120621127367793,0.4817485265397009,0.3599414000189977,0.4189148713045234,0.4020906457961956,0.287242700055631,0.1670252221622389,0.2352573942144755,0.1344607665633601
0.0239502955813545,0.187582996829085,0.2999623991732583,0.4964306318835278,0.3570048152524909,0.4094831876564999,0.4446166429912764,0.2973459546195187,0.1676229624649457,0.2737490725607284,0.1452065954275637
0.0247895467613651,0.1896400526384486,0.3185995620113262,0.505314402743626,0.3277575973528306,0.4259334102930381,0.3413168365992394,0.2200636024701245,0.1927418209762815,0.2916739944945893,0.1369368545146293
0.0505460653948573,0.2178422087988341,0.3428495447010591,0.5229525630406927,0.3507975735321623,0.4317285038609463,0.3774201345039392,0.2425765455313185,0.198313372432265,0.2935258475866549,0.1643856094524993
0.0536308073014981,0.2237362487750792,0.3200417126386685,0.517986692679469,0.3631136751074479,0.4588489270045506,0.4032482280169361,0.2106896699581016,0.1864412124052409,0.2760343021041361,0.1762650029984069
0.0634708453240002,0.1975036239634184,0.3419509681176076,0.5191806033145305,0.3261952393106965,0.4288183402268054,0.3869939939038537,0.216928490387983,0.1798961711898634,0.2843281097427985,0.199125551958282
0.0326992491848644,0.2108485926216543,0.3031167183435357,0.4987456237937033,0.3444877019358499,0.4512283551274862,0.3970245092629666,0.2564746003165622,0.1290568854130005,0.3199434990324766,0.1319602078346882
0.0586127910843979,0.2167113318079087,0.296023448938667,0.5188847893651314,0.2712749229529904,0.3760383355683597,0.3961096720089631,0.2182894754174969,0.1685004573203458,0.3355666717036171,0.1919623609403187
0.0419347320864566,0.1906600035546432,0.3360913261727621,0.3527251411060351,0.2909306405655221,0.4276024490923317,0.327857799951666,0.1818443276932522,0.1613907468490161,0.311264149142071,0.2036609830023163
0.0473379941367552,0.2344356249886273,0.3420388299438145,0.3117843412385199,0.3403735792417941,0.3965165346420989,0.3609382303269691,0.1124926235101541,0.1743003985077649,0.3140103292453933,0.1751491023558723
0.0677491159751241,0.2782827313778104,0.3027175747074721,0.3941634164037521,0.3258545682184736,0.4035163302189312,0.4031214105991559,0.1728790167919509,0.1495671482082605,0.3152053593945313,0.1935791867347936
0.0474115697939434,0.2478195676587237,0.3084351741176427,0.4832043602304041,0.341181055282722,0.3923755944122896,0.3696363673746173,0.2294150459847183,0.163171978350569,0.3098726921850466,0.2009937014260597
0.0337068717065378,0.2604189355837918,0.3130522444403167,0.3810978722851357,0.3451242364248716,0.3700022580628811,0.4224634280268459,0.2157090780040376,0.1728479596153725,0.2982736746577806,0.1969928678483783
0.0556170741727472,0.2544885897821157,0.3249798022527649,0.3655708430027857,0.3345310546889665,0.3872116849654431,0.3502927391803287,0.1744470926072091,0.1427222136298384,0.3112157869610001,0.1511418054594355
0.0555511407024109,0.2174546970289277,0.3432635490374661,0.3765469457834039,0.3358148278460286,0.3935645177806049,0.3722495150958723,0.2220760740029151,0.1490651374136377,0.2271674163908064,0.1885763989764084
0.082282417311066,0.2269362922138335,0.224827706169465,0.4393411654331547,0.3556708491895554,0.4270113948138458,0.3902128559259497,0.2431490539336794,0.1764690929967651,0.2635819018676649,0.2406077884917839
0.0525354028156059,0.2429648867205042,0.3014221876235148,0.3338780434232182,0.325230751750916,0.4253367260510569,0.4213287836281486,0.2600738953532873,0.1779357552568418,0.2697751592940777,0.2364247710034633
0.0799587103322646,0.235223683888107,0.3060808065035687,0.4218166226554074,0.3563264472758126,0.3979474071134597,0.42983051701486,0.2500287967229078,0.1487638910519651,0.3091706728241463,0.1818745318762646
0.0539817876137901,0.1782803639721069,0.3414145389207136,0.3279816015886678,0.3369580590252127,0.4125373166782873,0.4243457154061831,0.1833725238206807,0.1813833120551285,0.272182568901193,0.1697385093406522
0.0350168586304383,0.235949786687972,0.3334199252497814,0.4587608877531567,0.3498908359055055,0.3802729727170242,0.378134289757721,0.2290066387443938,0.1943941432489768,0.33110560590809,0.0845675663536502
0.0761890970696883,0.2737377248593232,0.3554130429603694,0.4513988246000969,0.3656281546977836,0.438447007878432,0.3583983439380572,0.2409332767005371,0.2003053639766098,0.3216096538055343,0.1235844344002241
0.0346229851922301,0.2573969512835459,0.346185405213871,0.3784533502741271,0.3467645379196172,0.4327896509243872,0.4037968854756573,0.1841552873224001,0.1570692041936117,0.2775625352473576,0.1393846644867801
0.0402121208265489,0.2587925998310975,0.3492749273010307,0.3156717844412043,0.3357955010755739,0.3635421227103762,0.3908729098394627,0.2509289586665631,0.1608609556933577,0.3072958329781962,0.1410605761080987
0.0530589691454805,0.231495565018032,0.3421849294183943,0.3367724034797914,0.2994155498612764,0.4054456147593415,0.4142960280608982,0.1968922014550621,0.1657924356217224,0.3298940451985365,0.1569689017449443
0.07785019088272,0.2725610770752751,0.2555778202476273,0.4053442099204428,0.316116691370938,0.4380925047803409,0.3891616255217007,0.2211647169857445,0.1667667873562271,0.3307886154110553,0.1613705156396763
0.0786463603450423,0.3142970204664927,0.3059168767785142,0.3295246857793076,0.2365851388470852,0.3995773951452714,0.4219109051868792,0.2154224865165018,0.1628434670034181,0.2820057905242698,0.1284746614696913
0.0312237355760519,0.1954056775423906,0.3392562737398114,0.3412636182892434,0.2770441717743715,0.400718637114996,0.3899153094538002,0.2631835489776771,0.1690156112490546,0.298362525761968,0.1307894488208301
0.0402308351854441,0.20687782245123,0.3385632055361005,0.3135369859666153,0.2727146893126188,0.3901192961715585,0.3807268851167024,0.2502969346089969,0.1605284501370546,0.2845045218322199,0.1619724855288741
0.0711262919793299,0.2443399994202132,0.3206558886951329,0.3485958536990113,0.3219915917170459,0.4383614383938171,0.3855316269971662,0.267923248094963,0.2106974555863577,0.2828034727033644,0.1258905039113733
0.0836668849739284,0.2498604810487585,0.3384295241611504,0.368900974254366,0.3665614338139248,0.4633291253422552,0.4057803886525963,0.3027692695571486,0.2487721819012419,0.2681911827623231,0.1545457864296938
0.0247960264304737,0.2654520459495364,0.3525004484358244,0.3909274656024996,0.3915937612648606,0.4110979053152282,0.4067532699565336,0.27152961989714,0.2366475375966182,0.280973922302034,0.0971070638021661
0.0478089840398772,0.2878161107139521,0.3671509409516431,0.2441675888925663,0.2850700133930084,0.405930320967639,0.32221994994034,0.1701981817245948,0.1479518388003924,0.3043247201191563,0.1387555779886643
0.0520851246686924,0.2258585489252143,0.3614534871113279,0.3102468193614581,0.2568588836017456,0.3730618567009292,0.3810104059661448,0.1957323067890287,0.1785769919043702,0.3116981723552526,0.1294997748262123
0.0729147638637071,0.3102097156229799,0.2990256313333815,0.3891757746859758,0.3296030299713499,0.4099148299181014,0.3947038974700964,0.247321900111208,0.1821195153143586,0.3252471178246434,0.133111040390983
0.0625634197897949,0.3276049730841774,0.312019131498361,0.2768818722416793,0.2569215726879737,0.4218702656887622,0.3936381682252944,0.2645511508424172,0.1965969380005959,0.3225025594978947,0.1338472615303112
0.0198408295074198,0.3306474656083418,0.3481908506905856,0.1727688610439105,0.2785132525885269,0.4301026691009926,0.3528216835697213,0.1458746820249083,0.1990195922419058,0.2341643961729327,0.1468035958053606
0.0512963567228451,0.3587470080938685,0.3400083893857854,0.20720974957728,0.3002431056165199,0.423972870004895,0.3167940449436823,0.2016437555688875,0.2383292128138572,0.2416144519044355,0.1656577644582326
0.0570173595751191,0.2813664233391251,0.2928647729195595,0.2553204475056634,0.3003079126410926,0.3529774254816116,0.3302284828119179,0.2426818557294214,0.1781292348784982,0.285081803786841,0.1014307149652214
0.0852210162217009,0.3077192369109111,0.3046941634455827,0.3245450740100607,0.3134362559703611,0.3952289135007474,0.3627373198668739,0.2552002791264592,0.1734171952800332,0.2326552224104202,0.1379320973104589
0.0458084536474704,0.3422738063745882,0.3231572772773742,0.3605737173514907,0.3263408039179324,0.4095536152685782,0.3454821141391863,0.1998630277983941,0.2054248369717695,0.2668692175947855,0.1545580766192609
0.0709423784580554,0.3286902974732533,0.3495012613024628,0.3090826979261906,0.2908066999873744,0.4123395389502252,0.3699253526299737,0.2914421825222142,0.1763238700464886,0.317791378832096,0.1394263827597758
0.0939812238651975,0.3108863931635021,0.3579370611144188,0.2672856158201351,0.3019307469154306,0.3585265223144498,0.3573082725597049,0.2367570885989877,0.1873762830813948,0.323185303877778,0.1231120741703944
0.1180161291605391,0.3053269351455683,0.3884199154023497,0.2730038843769297,0.3418061364255308,0.3935988051028766,0.3590050565783087,0.1585989306498566,0.1429697270621134,0.2652540431988792,0.1353644706432073
0.1142414051029456,0.3265234437654672,0.3838848643563253,0.2984233782549871,0.2988232701851214,0.3388828763834979,0.3632450343694425,0.2238571034168588,0.1789238356625759,0.3089162552551202,0.1417506249003633
0.0411447346742636,0.2929783051552819,0.3970876677491086,0.3108491159123068,0.2841370067670365,0.3806746248307102,0.3677910606388628,0.2470044261898146,0.1876120419404675,0.330947792464124,0.1402483298837839
0.0706069172367919,0.2977778416882668,0.3882503317685197,0.3128021353974104,0.3240053768894766,0.3891712883112654,0.3324309815029527,0.1637772293605232,0.2038210731764357,0.2889010176694861,0.1359539786843152
0.0889553439194796,0.3245197394415601,0.3938323040425231,0.3963233504716282,0.3009566099645909,0.4234088400650978,0.3165027606115519,0.1711829141703265,0.2371959969953077,0.290897748705999,0.1932679469590902
0.0821778791633085,0.3234456348768879,0.4214999461805019,0.2746755162799703,0.327067993368421,0.4004062018617548,0.2967607750646843,0.1370634140007553,0.2415665695467084,0.3087921394967985,0.1484522560900807
0.0271423751493445,0.2440757089921804,0.2932224702568254,0.3508528249742367,0.2661941670429065,0.3474034057497118,0.3210926223060882,0.1771254340254418,0.2343550008942357,0.3137994445637605,0.1072022768600834
0.0307938783166112,0.2720813021894609,0.2894333429769337,0.426057773446316,0.1586146933599921,0.3801176405436809,0.3645910882217015,0.135132797053211,0.212743260599831,0.2936322304112398,0.1776495039687905
0.047094270198492,0.3039325816982748,0.2945696878116406,0.4317267326286765,0.2308439546669668,0.3912145726897947,0.3897168407322956,0.1775864503450193,0.2140801075355157,0.3007768427169498,0.1289343927370878
0.0234263524896262,0.2581658658440811,0.304857898378602,0.4707858077169523,0.296425926783602,0.4184413525537337,0.3924710538155563,0.2582918486261979,0.2431086777824341,0.3217130043598835,0.1580134238424361
0.0194367314054399,0.276237522131676,0.332641541428355,0.465551381664504,0.3130365881071226,0.4431551888069377,0.3969908420213909,0.2028078818685611,0.2597362433760931,0.307194917739303,0.207507159604067
0.0654010494710432,0.3412006023096173,0.2928322375757791,0.4672657760409706,0.3596356141470779,0.4734783206447212,0.4076634487807579,0.1975733421173524,0.1649240361434149,0.2812193017641854,0.2227514842879139
0.0247345950647505,0.302717776751621,0.2734893703508821,0.4948976661414131,0.3727975272137197,0.4524171822283621,0.4086373518807948,0.2659133455582811,0.1915571963397358,0.3145450881177161,0.1873624746128697
0.096553929254508,0.3901169737156089,0.396910687678325,0.3957286660445749,0.2621579934575736,0.4063840024807347,0.4046148727765073,0.2601416972650081,0.2435466224912145,0.3337723977735914,0.1557405256585028
