RSX_BPFO_0,RSX_BPFO_1,RSX_BPFO_2,RSX_BPFO_3,RSX_BPFO_4,RSX_BPFO_5,RSX_BPFO_6,RSX_BPFO_7,RSX_BPFO_8,RSX_BPFO_9,RSX_BPFO_10
1.0,1.0,1.0,1.0,1.0,1.0,1.0,1.0,1.0,1.0,1.0
0.3721342655731428,0.6974373273912816,0.7879134359594157,0.7445995951271734,0.763902200213307,0.7590238618936369,0.8155117450998203,0.7500538731161506,0.7265663733452166,0.7868932589755285,0.808644074131672
0.4086946943184808,0.6787022781570022,0.7537777467519059,0.7612839318955884,0.77032362422143,0.7553967959063174,0.7748015837359568,0.7354764783361848,0.7076995731474377,0.8007001338519439,0.8063578635948774
0.3802267686943585,0.6614862839851324,0.768105346791865,0.7585859738246998,0.7576738556499689,0.7394780340602096,0.8281575533799781,0.7767029570276988,0.7787792374771683,0.7283306454904445,0.8263656113712707
0.3606203547457629,0.6997854939994395,0.7257503942176785,0.7322826379508812,0.7893800728790377,0.7825375403576121,0.8082291861703902,0.7700858099868084,0.7976655249774236,0.7542489218198147,0.8115243926600416
0.373729085221925,0.7256972596697616,0.7501088151713002,0.7203508752051451,0.8016279571152739,0.7241543677076568,0.8236837101067769,0.8023490832109343,0.751482173082132,0.7413701487088318,0.7838874185364793
0.3821760888891467,0.6684770046603042,0.6545132969626862,0.7499982014370625,0.81558475042629,0.767900160361573,0.7834196942922407,0.7744032456312501,0.7283143608085708,0.8227122933567167,0.8164730214637362
0.3760742936704784,0.6643082151067119,0.76681737295406,0.7268551199858531,0.783349885576819,0.7896391592447634,0.8065995617026438,0.7488376357545031,0.7944308172141857,0.7771413852359929,0.7557264523544173
0.3960464914197504,0.6987186572687203,0.6957286588265724,0.7723201819136774,0.7797352992594774,0.7501772442534594,0.7685659227808929,0.7476026816825874,0.7630640205270259,0.7412611262567407,0.7740452576932896
0.3634758146129428,0.7636433875781754,0.7863537078513142,0.7218651846691936,0.7726457848671646,0.7213319520768746,0.7636730697926902,0.7608722957855706,0.7534358559938708,0.7664619877972507,0.7529630303926909
0.3738585403201026,0.6726509654317527,0.715889797000356,0.7202422259045808,0.7729048386547193,0.7973509465373365,0.7088978280405096,0.7964421712388235,0.7231980736833319,0.7171597159246378,0.789750114816731
0.387539020106556,0.6966069300238051,0.7424622258805347,0.7142237308188975,0.7971340333797388,0.7599089816540376,0.7907426882336684,0.7448839192347426,0.7466281737416371,0.7555089838785838,0.7940453484822318
0.3887874394884942,0.5840147482571836,0.7343509808945198,0.681057719817561,0.7964309747989232,0.7764590482532628,0.7925515164888236,0.7557823831583813,0.7013873817785639,0.7072577474327235,0.7963019434688114
0.3901806561556173,0.7002109827194504,0.7597225930505853,0.6245099557279308,0.7890424657626016,0.7439957151382207,0.7739965530032733,0.7632001199650009,0.7469279842775761,0.7293030803586766,0.814154982373246
0.3846545215860039,0.7109662918481718,0.7089801493446783,0.6698977403272355,0.7129812113878169,0.7547484631740768,0.7205346952067394,0.7647605915928102,0.7640901894539304,0.718961620641322,0.7973979104198161
0.3857464463379249,0.7376092121148765,0.724639193742681,0.6876624887580733,0.7493500984713686,0.722286743442466,0.7305854263217755,0.7517290239922234,0.7558308135218561,0.715003523171974,0.7630464376702831
0.3766766020105853,0.7669970316900968,0.7566184026176088,0.7002579899203636,0.745681741458249,0.7539201556565915,0.7376306247425131,0.7170719742315551,0.7391454534575481,0.7181057319673179,0.777013611158341
0.3687671938152677,0.6654027299041063,0.758689674155832,0.6879864834979246,0.7355679107308334,0.7619406172750409,0.7490301360987784,0.7334546837535346,0.7450614028257605,0.7397594703613407,0.7717031507240699
0.3786230558721709,0.7428283163247957,0.7450582593048921,0.6229674317500145,0.7588643782121305,0.7563207879665644,0.7533314805769358,0.7188890117364879,0.7205067129756375,0.7371493662275006,0.7928907054831553
0.405129794673532,0.7185580169486162,0.7528496006244974,0.653916357317045,0.7583791350839829,0.7403098420307462,0.786276406858045,0.739712935685361,0.7419733370327359,0.7563089066136579,0.770532597352744
0.4061722798605951,0.7404363421552678,0.7414971138361565,0.6689669133143994,0.7358941216400346,0.7654921441061775,0.751690816368705,0.7622175150364126,0.748790832199963,0.7665809170643241,0.7679098734037103
0.3662038556893571,0.7257531940828686,0.7490386035375132,0.7064251094716776,0.7486170751013154,0.7443690376247702,0.7789194458148474,0.7591375018603559,0.7631755524589958,0.7294872281798518,0.7980546731101774
0.3863751387085021,0.7153547252831516,0.7551409328138086,0.7312129296370529,0.7767129840290695,0.7561404756488843,0.7477986870025186,0.7706074966119951,0.7310935766497827,0.7538792266509102,0.8204079176634695
0.4022447482456135,0.7455953634845689,0.7997893753417671,0.7403067668528055,0.7691143942872097,0.7586111448091879,0.7613682730646365,0.7614344211453115,0.7409597333471541,0.7869151001220311,0.7732085491829184
0.4122600148857405,0.748129877594491,0.8041701582925993,0.664241576862435,0.7677087539842888,0.7536852683389768,0.7902866666395931,0.7132316105047657,0.7452692774829006,0.7195369086244863,0.7859234834058815
0.3868983245371997,0.7624557109689307,0.7575619478202932,0.7004909631089655,0.7510164001759416,0.7539338676079088,0.7575003638969117,0.7471261695075978,0.7522782004065376,0.7637323657223143,0.7764248081537841
0.3913523526120486,0.753665285993708,0.6235448721670384,0.6871289891000505,0.7102285109422677,0.7714406468870705,0.7679986180051654,0.7486746203566633,0.6987233025970404,0.7654142054468347,0.7830746916377835
0.3965683983772473,0.7867756706046802,0.7040269616455463,0.6793700801211571,0.7297833368586465,0.7583970226615698,0.7430752902145079,0.7496139634287899,0.745924771409792,0.7808385913849305,0.7933344033583544
0.3991190328696693,0.7884443373194778,0.7363898144755964,0.6965891086339708,0.7442718087908977,0.7721488099004408,0.7725444369969162,0.7695828511011561,0.7428148280141693,0.7565746474913125,0.7905376003758424
0.3942588166256246,0.7366360564019148,0.7514411901041548,0.7079923373351757,0.7696462680321392,0.7829123663187825,0.775374934467133,0.7635762328459114,0.7416329331794448,0.7750146528371249,0.7516678363259941
0.3776410833943137,0.7158185414492845,0.7406631595031183,0.6074059095302623,0.7608009257567007,0.7338256402999292,0.7226223236415551,0.756577242469148,0.7477835334780045,0.7558346474312935,0.7739724639878195
0.3894067910988221,0.7338910972316776,0.7022478468328632,0.6604551869500978,0.7645127809213731,0.741925544948996,0.7392474288332389,0.7296247507678553,0.7133996552215284,0.7645247478083719,0.7952703411197111
0.3770821363798249,0.7677439468474969,0.7238029638203155,0.6685283789202702,0.800326612640968,0.7249680925264187,0.7621602259695925,0.7613625284831611,0.7188140340334854,0.7766732312795304,0.8060149366791144
0.3858237530925787,0.7747174348096603,0.7348923014134832,0.6692693211334344,0.7702507019143884,0.7452974691705361,0.7603607339086353,0.7542459441361501,0.7384419880913583,0.7743762745405083,0.8220883362164917
0.3883668391676348,0.7924929959913214,0.7607288533196213,0.6454205496202505,0.7562364493482198,0.7552969276130606,0.7309431033504071,0.7663786819646238,0.7578155868601111,0.7556959023996459,0.8172919533985852
0.3711445716109454,0.6925123069901991,0.7659218002937648,0.6805489668387736,0.7602330224270765,0.719989505175874,0.7599080620646448,0.7291431149133066,0.7686247339137712,0.7649928826160179,0.7980744675180318
0.3803535794327064,0.730118769174683,0.7182002358426484,0.7094898195597972,0.76105337656004,0.7286653124487548,0.7656032890561424,0.7448663108699534,0.7887420403296562,0.7913004767144939,0.7932997875682917
0.381254513060678,0.7568918687717892,0.7282984349701842,0.7047072195888504,0.7761003704580522,0.7544032815917543,0.6858766629604945,0.7565869107431685,0.8067520681820257,0.7874257527690706,0.8034102190753901
0.3956898074985906,0.7569969760146618,0.7568637548400257,0.653699292827276,0.7757110552166755,0.7300018203649117,0.73121810763579,0.7573538611729187,0.7807267048689638,0.7724595231109448,0.7640026898496227
0.3437940569846502,0.7585189302748927,0.765301588211322,0.6786817194599335,0.7698838309588288,0.714568971472581,0.7499649051654304,0.7340850170208152,0.7956404319783656,0.7182589822441626,0.8001631173935475
0.3682329420007399,0.6703731652712203,0.7033389282457917,0.72220640265597,0.7730683293550269,0.7336633769579547,0.7198139591917029,0.7498628478251708,0.7305338936514347,0.7449005040517314,0.8030564354159228
0.3789181513183808,0.6809815135993632,0.7431222148966836,0.7060518213840935,0.7002867527099333,0.7546007938066551,0.7503316882252604,0.7446636854227814,0.7561804318931149,0.7637532821205559,0.7774485239265571
0.3636089013632461,0.7204118007279857,0.7409414546708898,0.7373678127502126,0.707356053489939,0.757179452854712,0.7793702839709353,0.7455773715590295,0.7558927485188665,0.7663380781264135,0.7633397415956767
0.3728334369214139,0.7353936551936555,0.7497082884313682,0.6826851952657637,0.7353457313996447,0.7617219901395988,0.7492500760550446,0.7390410014599385,0.7636599156288831,0.7042386413367485,0.795081135852053
0.3786524901862523,0.7548683850128559,0.7438388154484672,0.6566224714309032,0.7428174658981581,0.7351590109804554,0.6988512475225104,0.753330720926114,0.7664445653811223,0.7136965929794051,0.7732721253445565
0.3677912394391953,0.7752162465581727,0.761890131891763,0.6848478428534024,0.7648665038527718,0.7417892244161657,0.7016693837619254,0.7371152993653667,0.7456599109847909,0.7325070410431433,0.7855931070243459
0.3748938901015938,0.733871112498318,0.7696202389720748,0.7004274673484654,0.7716128347268114,0.7291248460380436,0.7472466552712598,0.738370762159229,0.738568394398062,0.7451612633355106,0.785502846899575
0.381955143602809,0.7597330616120086,0.740115172870938,0.697150596754888,0.7786611107969118,0.7064385256518724,0.7681812047951599,0.7519001371239451,0.7149594776541572,0.7533384702738002,0.7975420400699058
0.3713282359281641,0.7139193274482475,0.7175212113214227,0.7068319408964203,0.7303609505185514,0.7513603086903672,0.7758929599563912,0.7531266388315732,0.7469921123406729,0.7600327197705736,0.7818192639894268
0.3681409356832714,0.7275518597098165,0.7187970228159322,0.6416233153515374,0.7561383980064345,0.7648745831018262,0.7487342961956257,0.7536125318169755,0.7662191611804812,0.7624026135125583,0.7773098712599847
0.3712857024079198,0.7617285537806464,0.7332221749311583,0.6793601308405967,0.7302323194081841,0.7332035378225467,0.7545958438711114,0.7588117707495257,0.7716190287894924,0.7109434945718446,0.7643539933890084
0.3754289821089173,0.664507782054366,0.7387519751579208,0.7261142791658743,0.7562508429561893,0.7379638296561658,0.75719446470632,0.7687485125883564,0.7630714316187398,0.7301937349444916,0.7898332926861047
0.3661355870076712,0.6998622284998759,0.758588018345874,0.7122502780677402,0.7430181461819203,0.7400005114479663,0.7566221518787457,0.7644517511416361,0.7580020856621875,0.7373732959644212,0.7709617163678132
0.3451973600784823,0.7526495781325547,0.7804555053038287,0.6295174161993154,0.7498617834843311,0.748680512778886,0.7409749087038083,0.7586413721011619,0.6913779749145792,0.715739322572173,0.7744817046809338
0.362064245488228,0.7867621593323071,0.7948573190381535,0.6480296801498306,0.7484389884345993,0.7540514474249751,0.7147344291026959,0.7121078241201685,0.7185802678483802,0.7392294829576931,0.7656304348783777
0.3684217761506532,0.7274372205245074,0.7298235605613428,0.6741778687600968,0.7529128557763858,0.7566230589142013,0.7544842634036308,0.752050999847929,0.708681927969612,0.7169615480260377,0.7761557031379895
0.3756274273666894,0.750018799381718,0.7455864727716112,0.6292426875898754,0.7511790768287206,0.7685640662378359,0.7599718810191511,0.7402352288573095,0.7268528874865475,0.7242029854255181,0.7663861203055924
0.3771275558062614,0.7629836676747013,0.7662611284224787,0.6506110376572627,0.7660775614035195,0.727534519759661,0.7709357758346533,0.6838253230517262,0.7366415713069245,0.7409075035464796,0.7430766312710136
0.372274116627564,0.7203781756900086,0.7074715925683092,0.6693119783069039,0.7771011490250019,0.7513215975606632,0.7823371866962259,0.7054189042461886,0.7557445668882303,0.7459142450062237,0.7555766410860549
0.3740649119732189,0.7235718017676047,0.7342255345380546,0.6853799832044791,0.7424391483944981,0.7566329483631105,0.7734042622660424,0.7095990309577063,0.779701213694597,0.7468565072364894,0.7676567156669498
0.3850163121903016,0.7757798368797555,0.7762398147972014,0.7197019497584365,0.7503652190020671,0.7166982342411932,0.7809735457511824,0.7251835318413138,0.763679581034193,0.7605666585845117,0.7728870310942427
0.3785425566228252,0.763283990209674,0.734766793357787,0.7013584718456202,0.7305193711156949,0.7277785878686491,0.7759291721442027,0.7463390990054604,0.739038772841293,0.705028670523662,0.7544302230062475
0.3825430148315796,0.7908984840999804,0.7557501443254205,0.657607976375315,0.7537673032454965,0.7476246132666596,0.7430768228265674,0.7314807984341278,0.7485945511516114,0.7222935604056202,0.7894768963978085
0.3575024375036603,0.7401483175880208,0.768468527879665,0.6969291413404854,0.7525963338092414,0.7597848117554786,0.7549894032299215,0.7366515800724641,0.7392246341561323,0.727102928203131,0.7964856372859717
0.3751090878340714,0.754948667614969,0.7803975714802888,0.6950501154996699,0.7519702363186985,0.7615677808939427,0.7501602283379386,0.7197694684193071,0.7460732856390212,0.7264252087321535,0.7763640056445318
0.3773086700866227,0.7676414283179711,0.8004293687586517,0.7093400195089623,0.7549103160650894,0.7600037380667634,0.7612239822201412,0.7478921094715913,0.7255297553650604,0.7432814265030867,0.7696143699174129
0.3833067814845446,0.7701861739097402,0.7581119876082687,0.6784772695838736,0.7374529708504469,0.7627786926853581,0.7614670138645852,0.7488976911629799,0.7158819964155507,0.7431896822099359,0.763602804884201
0.3882471261134989,0.7694282302711707,0.7562557991713766,0.6900446761915937,0.7628030476888045,0.74303685112052,0.7372798439804935,0.7497149378596188,0.752261126323738,0.7536402609696816,0.7484896642357889
0.3344233156447054,0.7771619780240151,0.7209139882953225,0.6504342811834225,0.7637457506472347,0.7572528988649347,0.7383217313928396,0.7333351311348645,0.7226130573851619,0.7614402834642504,0.7480466550813292
0.3598607707485883,0.7882325824665748,0.7434550456678994,0.6595065898838499,0.764510076558399,0.7281794546017331,0.7471132212544689,0.6934321532706836,0.7298993852042281,0.7325403582700487,0.7606261451896276
0.3610881050633687,0.7746826490546165,0.7441524398659642,0.6704127378545424,0.7671600303765194,0.732986405282041,0.735332315190838,0.6879014922490903,0.7054512462278574,0.7053002907250012,0.7727724785854033
0.3794980333799399,0.7718373368093503,0.7533702698243144,0.6879227527909988,0.7489213440112583,0.7452232453649013,0.7383833890692371,0.7171098267585816,0.7262655154125264,0.725792873840638,0.7871327520767697
0.3850369935422854,0.7778990800353283,0.7796013503507208,0.7025881969279711,0.7353896432359212,0.7014956803732202,0.7521448961790922,0.7138146466717812,0.7377277718831889,0.749878007315323,0.7870718969376567
0.3936717311627558,0.7841075474389515,0.7750008067784312,0.6726437944091139,0.7454568686974862,0.6889177963233101,0.7612121165527264,0.7198658671599265,0.747493154477119,0.7233459794462908,0.7748024718272427
0.3543427734190155,0.7292105674468721,0.7596850662724114,0.7009136851176703,0.7534791075635239,0.7288859606788038,0.7657794563032774,0.7302942011727016,0.7623416337784759,0.7245595112087346,0.7857015627998929
0.3696288111428272,0.7294795959595344,0.7641957311168681,0.7072212264898843,0.7620122180250093,0.7323429231089381,0.7495013090831018,0.751378836389944,0.7465915027530622,0.7318665173802386,0.789988255793511
0.3777598383303363,0.7496965331305316,0.7428604808094724,0.7247563080967004,0.7389677392042207,0.7662311407145717,0.7593266507480456,0.7615737596998976,0.7510868026561965,0.7298586667652379,0.7675856770867238
0.3712489663913265,0.754004716287838,0.7039360895863063,0.6714003051423555,0.758769954200898,0.7163072436609254,0.7782660019028484,0.7255938370137607,0.7480695423334276,0.7371171621281418,0.7724458162929055
0.3531780754898097,0.7421874337935708,0.7172922487996254,0.6833392980270814,0.7608562950982493,0.7656056151718883,0.7467864048993644,0.7417655786231887,0.7466954137444047,0.7272743467137406,0.7814944675460531
0.368501650692429,0.7520076157618367,0.7293330150849657,0.6438592399673114,0.7416535435634207,0.7664331538489676,0.754842120853692,0.7572209024122034,0.7629630640252434,0.7285305595814875,0.754645491446913
0.3935053714276789,0.7598878364334136,0.7655451595494345,0.6959642261488941,0.7633500488370091,0.7593666327385418,0.766210790756543,0.7764957137009573,0.773695166095207,0.7379378896458261,0.7550967623326154
0.3855390263297701,0.7608231720707161,0.7813741798511337,0.6968240021334433,0.7155654349426138,0.7371438382676105,0.7560122915129666,0.7833742978158292,0.7632987967135051,0.7268332812408972,0.7665308132979968
0.4047557199884906,0.7698922994436692,0.7826233498295772,0.7061602430563916,0.7263613002651013,0.7455294566565935,0.7542168418892161,0.7585464443371804,0.7454875982898829,0.7264738457595529,0.7732258139841572
0.3343648286836117,0.7366169003225741,0.7930400426281384,0.6969575761743753,0.7537568844208125,0.7367505974141041,0.7248611326143338,0.7711032310616981,0.7209645625209044,0.7551428929602142,0.7461226192034717
0.3641601303078562,0.7465423247291634,0.7761437100553779,0.6787791447628799,0.783094359318818,0.7414913033877761,0.7626632425231886,0.7477177610714552,0.7229190093520983,0.7563651986908031,0.772289385540003
0.3674877219653598,0.7246816357036427,0.7560227101361167,0.6911119888953967,0.7845472524302899,0.7590816199320738,0.7693619359467451,0.7424942539321256,0.7329048287247955,0.763964348737038,0.7657185156887029
0.3404631743577401,0.7303917286942796,0.7785764386154148,0.717292716679937,0.7171738041538466,0.737151791699182,0.7717781805262431,0.7521607300952988,0.7340222656503099,0.7490330298002701,0.715259123770077
0.3533155813247449,0.7607568837817005,0.7593412457988669,0.6946001959095718,0.7262618637186389,0.7435811025347889,0.754993324611664,0.7457877875106632,0.7317109780509105,0.7347486248608142,0.7286308062057588
0.3643254664882624,0.7436877462199202,0.763474089345298,0.6578055955977141,0.7401671387367945,0.7591097769268715,0.7299067675836051,0.7549726257772421,0.713039045384483,0.6868725543535773,0.7895022859789204
0.3698069962238634,0.7419188656174944,0.7762370727051409,0.6795370239581,0.7259749664784881,0.7705587045452602,0.767876449051655,0.7657393860980302,0.7381183489995511,0.6904317770059062,0.7557621127337993
0.3830857454694993,0.6866061852339045,0.7756786482963087,0.6957620613477156,0.7470512000872136,0.7760589743194131,0.7693380621302179,0.7441189280106694,0.7530837728142773,0.716479902479259,0.77176570079541
0.3852126413586573,0.7106672335505528,0.7944202281717356,0.6901492869654964,0.7498969067769979,0.7212598856484415,0.7565120868270064,0.7440684123102618,0.7629873277403563,0.7215279392192,0.7719393025757031
0.3680991541923417,0.7245728241568782,0.8024660722626281,0.6624192502301235,0.7550910813119087,0.7359165264401651,0.7432165156576331,0.7673917925848033,0.7768643243400681,0.7376594895170602,0.783691417629948
0.3843664802192317,0.7475190133433738,0.7466551243794917,0.6819771159397556,0.7494189994229086,0.7410592358437803,0.7484123387205588,0.7239195575199519,0.7062144590092543,0.7189458368204267,0.7827639791753783
0.3549895627640447,0.7647372565725568,0.7160248438763297,0.685612556426853,0.7671702338082974,0.7536421626699428,0.7561044464738658,0.7431869593746943,0.7478205796538568,0.7336046194688332,0.7905473048831182
0.3415297630189477,0.7317749289334936,0.7238433398440344,0.6561121038419111,0.7776057592923613,0.7652484538512903,0.7922237866677698,0.7591652085864649,0.7805681907476217,0.6549749738777085,0.7630073767093074
0.3546852608306867,0.7103209164383537,0.7439961429136028,0.6450290882035957,0.7722219783220401,0.760452168927294,0.7840052838258772,0.7510503517796128,0.7854060453952632,0.6774076334815515,0.7661693578145734
0.3668913376828104,0.7203327052523587,0.7541915925481758,0.6589458143045683,0.7574088040883543,0.7636202987404134,0.7571067735593066,0.7552648256247387,0.7681380849283515,0.7259165883671083,0.7911065757612474
0.3759389760193838,0.7628990233852575,0.7469135186405323,0.6729533745050096,0.769653279818596,0.7784910125753228,0.7613355484159317,0.745120399486049,0.7715904483375446,0.7422717867176063,0.8010053984870281
0.3805459589355713,0.7739373029672441,0.7525259727548603,0.6990562450077298,0.7870234490465511,0.7920321269892179,0.7734184046919794,0.7514117727241247,0.7354048040256682,0.7308832280054207,0.7648353794731446
0.3661965648586973,0.783565482180376,0.7762120415294549,0.6441419383073398,0.7283635224966352,0.8032583495875076,0.7800010605699099,0.7488166284068127,0.742421649197657,0.724971776367445,0.7884477216338266
0.3403390672246522,0.7929633280347619,0.7653740195719517,0.679919344838626,0.7464447426226176,0.7577346767597519,0.7594500429059444,0.7217114391736716,0.7513018636705386,0.7430101229960991,0.7624712013368969
0.3520892073739645,0.75192081654058,0.7062549162116941,0.6651185052128887,0.7592413766349271,0.7032574346885156,0.7250494512051664,0.7571034138933791,0.7652819042668092,0.7709192246759335,0.7616604012889789
0.3699861594611478,0.7452137044595971,0.740369018649526,0.6848737673335727,0.7585643578740731,0.7368420635591613,0.7428081158545424,0.7588049975863818,0.7830903246144281,0.7385620376855875,0.7802165919824353
0.3599188514606288,0.7671745286748162,0.7601502060549807,0.6353671260351638,0.7717796438832678,0.7523936062827339,0.7289581438794769,0.7605937968402307,0.7510949134445227,0.7452774029666842,0.7732944065377437
0.3657919339302451,0.8023717299119804,0.7561050202801894,0.6141570100926728,0.7760001914021137,0.7345522561574951,0.7730438301146864,0.7664159242771247,0.7747973627509164,0.7476809925411436,0.7888023416435772
0.3654310741627426,0.7475211339956896,0.7507185189086802,0.6800294071373523,0.7817218228526457,0.740611689298303,0.7631450725498764,0.76290993284101,0.7641046074524124,0.749856061182234,0.7900280258400794
0.3673087313682496,0.7683548955207311,0.6691837481903696,0.6904499165370144,0.7507218356938788,0.7760875198918942,0.7511991811292221,0.6808787792159091,0.7631008573015875,0.6973417375423699,0.8077334344912634
0.3618174610608007,0.7366914965835987,0.7232138007689528,0.6958838366030613,0.7582191398684728,0.7021665477872018,0.7631478658091337,0.7361961734906137,0.7439825125904387,0.7398677837847063,0.7665216759853896
0.3658004762431104,0.6588179027624906,0.7543033101561346,0.6984390762693825,0.7756096571860112,0.732410787244353,0.7609840204598824,0.7516395673171564,0.7339047613252154,0.7345126375448722,0.7436581984104612
0.3731470825997812,0.6992566141943043,0.7257751604586736,0.6543898678343434,0.7723888542188877,0.7393751416784464,0.7567632359149836,0.7301258318952614,0.7344434775395579,0.7114160112949854,0.7611729680861021
0.3588794633058261,0.7197866587273849,0.7461013012419255,0.680073202423494,0.7638127009253318,0.7371158025856505,0.6850948068126407,0.7545612948650944,0.7485168640772886,0.743949641299762,0.7793000766743574
0.3712795621275844,0.7431392328287785,0.7525215115683742,0.7231405788357295,0.7476619758425234,0.7159484990131596,0.7119224387693932,0.770240459986666,0.7513345093886667,0.7303957621522976,0.7611244193372784
0.3777877716671152,0.7022624288540057,0.6731930723516678,0.7232895417638074,0.7713846278438634,0.7449433428863907,0.7543398386585052,0.7770534353726808,0.7275035860725182,0.7390650906553046,0.7690256890181311
0.3840336676697125,0.7257954139392385,0.7329413281874914,0.721595729415362,0.7784983385863666,0.7669877401693872,0.7744226826584997,0.7627488967659083,0.7502594013602271,0.7425020300845756,0.7802458742137031
0.3821474156206439,0.7298246047450121,0.7397377947079542,0.7116139480918336,0.7762371024193248,0.7604227940269521,0.7324554306252798,0.7152205092909562,0.7517880154074998,0.7595567680942219,0.7808818359486744
0.3599887782912183,0.755499702328223,0.7783348643039469,0.6973723478036514,0.7488283219904538,0.7629948032077081,0.7376163497081101,0.7452064828196996,0.7233255517225194,0.7291768067192901,0.7635566396684975
0.3690720072842165,0.7717169031410916,0.7919971323274431,0.6846205243375183,0.754693524439327,0.7534260103813301,0.7596350736598788,0.7660640405323915,0.7484811044082509,0.7316915469597012,0.7703380883721409
0.3746419667926297,0.7778070863489746,0.7737430174562985,0.7025335718865096,0.7667013214083698,0.7756849646212904,0.7640620483091248,0.7588630384333452,0.7749167380477352,0.7040444948401594,0.7718153720914305
0.3573368455077314,0.7496421707863727,0.7590859444848826,0.6792073125014014,0.7685919488543438,0.7787810062735991,0.7833670352311402,0.7334089921841054,0.7637023777971536,0.7146900179090241,0.7896946991686526
0.3579662516679682,0.7218327943021193,0.7688404756038647,0.7076656484484173,0.7744945290175648,0.7619466273731872,0.7896435443246168,0.7686982377473022,0.7583260283043571,0.7412813016732749,0.7382428012468335
0.3339157284277209,0.6915169023105124,0.7156911531855671,0.7257709325439271,0.7752279395565171,0.7514103743324938,0.7461894460554886,0.7601117034101503,0.7346839544327097,0.7364153793232623,0.7660246435607578
0.3557227021121416,0.6867260479542147,0.7483188967011565,0.6527619617303754,0.7697247271798623,0.7323624554870387,0.7533703957338118,0.7432042262104481,0.7189271480325536,0.7398884052977466,0.7340985447549851
0.3537619146450196,0.688031123238597,0.7662514861525378,0.6831994332338227,0.7683085162764745,0.7269181203587435,0.7396231376975154,0.750390299421358,0.7441464508441451,0.7210653925400881,0.7692483164137813
0.3686831445792017,0.7243585265851464,0.6993088189602342,0.6800409384102473,0.7825808652499777,0.7577251994855358,0.7269320685477483,0.7411841087841032,0.7717969253115399,0.7444248679389397,0.7922059544824294
0.3784069194157174,0.730248690582239,0.7248295619013836,0.6835455499653478,0.7948931989149224,0.760578217971781,0.729341322924713,0.7490393379060605,0.7164227942934381,0.722480321488562,0.7615243698555064
0.3842804739755573,0.7407427564501201,0.7591912510759011,0.6788369404890026,0.7651874200859684,0.7391621258858669,0.7748911949425819,0.759912623405453,0.7246727341306608,0.7313752183597115,0.7633355014288243
0.3624025597207139,0.7456465587397357,0.781199793107026,0.6695198408678625,0.7820991503042384,0.7487379985318184,0.7498235379966204,0.7177335285349433,0.7384332917816487,0.7384519782004477,0.7640585155488618
0.3592879578431334,0.7672656173962389,0.7669730193732929,0.6765282279522521,0.735195982343483,0.7429310490669974,0.7781475068044411,0.7397125673028059,0.7587454273613063,0.7269077051950835,0.775714719917104
0.354583515890849,0.6902641887312481,0.7751123070504455,0.7129974397653968,0.7579067698455205,0.7558038103169628,0.7130463492026112,0.7424448279416398,0.7729649977049904,0.6999454966267202,0.7861190196581138
0.3601134015761874,0.7417189808605089,0.7509533629442805,0.6825622616015526,0.7604875441146389,0.7527559503397666,0.7491184803994722,0.7599435497689951,0.7371160861227257,0.7302087569456311,0.7934737969778631
0.3720692670807642,0.7564895784011041,0.7836010802847237,0.5901152323165791,0.7155105449127883,0.7400846346320347,0.7442187557534902,0.7501940112952625,0.7267314905157523,0.6968576641222207,0.7780668545570428
0.3840255548001193,0.7075076486633258,0.8006094877213399,0.6347546377600484,0.7354898707478638,0.7455310372790228,0.7389275637074149,0.7424578354626797,0.7745678105408451,0.7153475622558259,0.7953645073122471
0.3872426981089226,0.7273465903001002,0.7531562957474084,0.6688932219152751,0.7420431702965906,0.7460860166060217,0.744509852114098,0.7308246597930408,0.7408120998531061,0.7383499830039978,0.8009869831690648
0.3716905044213014,0.7588202614093007,0.7898588069861574,0.6755292082088955,0.7483627125069245,0.7499068770678168,0.762817248690673,0.7304068699206578,0.7431390705691503,0.72745489557947,0.772755245039368
0.3392972616879254,0.7626362108955297,0.7656275886764933,0.6853619809815511,0.7374772894235703,0.7281411940702758,0.7310694061606355,0.7479536479110597,0.7570328185430089,0.7312500797960804,0.7958207717038572
0.3573969656867117,0.7160451430710956,0.7529575844956888,0.652382080986576,0.7357209948963328,0.7266049239046101,0.7351973954040891,0.7163620593180783,0.7283428089083626,0.7524509161971531,0.7954335705448564
0.35622241790542,0.7347523889067311,0.7420180707891497,0.6859957026106454,0.7481600932236878,0.7578568826288957,0.7398797294801722,0.7176108051390437,0.7627865173892168,0.7296765530509931,0.770646734222063
0.3672523308744252,0.7489394169776511,0.749305727125532,0.6604680047249061,0.7617079622657424,0.7207174995823237,0.7240325989055661,0.748880788073345,0.7453862337954823,0.7344091816900025,0.7895072833178027
0.3810655313325641,0.750260886845171,0.7511104489181017,0.6982606179880411,0.7235258637464419,0.7599746834548009,0.7028259899793488,0.743887627669748,0.7573759238289106,0.702299867667496,0.7954584759642285
0.3542714252301963,0.7732753929809213,0.7626934361741007,0.6932202516046002,0.7124411083750044,0.7747534843916485,0.7091684661758633,0.7563978143588748,0.7717822261089442,0.7158362221866137,0.7836332610030359
0.360809074522108,0.7828231491937188,0.7758790762989738,0.647455528936358,0.7570354129261738,0.7375388509299731,0.7307794712091114,0.7521592004734942,0.7281048436368779,0.7540118834633458,0.7552277067230535
0.3726123528555531,0.787709081267793,0.7137488522366991,0.6491955984289055,0.7655585753289248,0.756592359484954,0.7564376913360684,0.7627005700022842,0.7410864794889764,0.7694367207105117,0.7670687391118505
0.3705656334299874,0.789689296920732,0.7506572778719456,0.6847966634143875,0.7250149859110229,0.7727458337302624,0.6966966451458833,0.7425962721336755,0.7500041544384844,0.7713021572086637,0.7697053306839414
0.3432077863492648,0.7525086420035332,0.7715139378443376,0.6586691929515852,0.7515460444236879,0.7163042939907206,0.7420297458661438,0.7662004469659605,0.7598747442928251,0.7675697703259214,0.7803937332521351
0.3651143793282611,0.7449708766548553,0.7347010305340808,0.6663752603300168,0.764045407367423,0.71397723914382,0.7776641919331999,0.7639144059234778,0.7445003563888295,0.7141046472488429,0.7817594940881003
0.3396557991277486,0.7633352014127031,0.7727458107797629,0.6580831190235598,0.7495564927587981,0.7217302945024482,0.7231937571094716,0.7662272255129253,0.7471268286637438,0.7230503284477401,0.7794277556476388
0.3503249466282977,0.7833533852407097,0.7872593803032426,0.6871728676683042,0.710632091175525,0.7401152165249434,0.728497935306935,0.7377784948168735,0.7620740765228688,0.6981692804012698,0.7852742303423399
0.3548024471044216,0.7918373923591955,0.7966386503962717,0.7222688366945071,0.732815251460541,0.735937410544717,0.7294310433256559,0.7329106098228965,0.7253746471189375,0.7255718224640851,0.7970078860668947
0.3574805701967593,0.7845313071688909,0.7230974908025273,0.6306209147701511,0.7493290031897339,0.7447232279523088,0.7305994984330604,0.7653179940653976,0.7393599600338234,0.7164411428710821,0.7534793271266789
0.3518817045258687,0.7293771046671231,0.7422916937744741,0.6753943899005217,0.7579555348734046,0.7683809944268228,0.725098170867033,0.7797488884373727,0.7206547280089933,0.748389648952213,0.7808637732033976
0.355492229056616,0.7640207646889812,0.7479897526009904,0.6868235784841052,0.742573487707651,0.7661384868527781,0.7460042341788629,0.7767944477594141,0.7364615188381726,0.7546243770405126,0.7882064128681576
0.3558067566626517,0.6715538073546417,0.7488517817260791,0.7143391855577033,0.7242217864871062,0.7632479438348451,0.7466564643241747,0.7059932720974623,0.7450885736205495,0.731815221877209,0.7999279735731333
0.3459747477437401,0.7244564050965431,0.7647717030586287,0.6842556100143373,0.7587662742151802,0.769249586340577,0.7467564157360425,0.7183968887271799,0.7466376170561784,0.7323346901560424,0.7768515471688946
0.3649842361805285,0.6721833539829468,0.7735495309416696,0.7166075735423422,0.7463102400927325,0.7536296179558707,0.7082597903049784,0.7471677299569401,0.7317552568085118,0.7434848305694308,0.7840336467466363
0.3167743864967407,0.747110448670959,0.7686480479253848,0.6656616289615329,0.770848289481549,0.7559829423679294,0.7225913458028902,0.7180504950356574,0.7330296075226799,0.7377200597740718,0.7912487554338221
0.3518607896071167,0.7579770620993691,0.7574088028933739,0.6610978169833005,0.7687086916230458,0.7583026794773322,0.7489865702767063,0.7368306992336718,0.7305067018854822,0.7638041196999128,0.7501633560157119
0.3579199084128061,0.7606541468888401,0.784604596381827,0.6795690398677439,0.7574139147653797,0.7646099429656098,0.7613131611971806,0.7629874085076482,0.7282900401045049,0.7420191168755801,0.7541915989936196
0.3423536777208565,0.7109347990323701,0.7554599174976847,0.7080717016104405,0.7485253659014608,0.7536572531366306,0.7775780383098755,0.767730502949084,0.7431942564005349,0.6800998683427358,0.7093325760981559
0.3611249083722805,0.7452373735105313,0.6964473293926321,0.6701642102157432,0.7516577048652477,0.757987738426723,0.7409255281746131,0.7581535241578129,0.7330014282558394,0.7251568685608327,0.76420634701439
0.3736686219934034,0.7198276027464474,0.7314877157186083,0.6831418887513183,0.7604881724883299,0.7406887798383217,0.7474948257991545,0.7574973907901759,0.7735725442708077,0.7459271072363941,0.775622737868445
0.3612926672398159,0.6885834932169808,0.7551385601319757,0.7066699067704698,0.7656851614745397,0.7312709773557814,0.7631832287407905,0.7677294228702385,0.7870730058634835,0.7645642426554426,0.7784744883705754
0.3545414777315299,0.7144344418123879,0.7765539832308276,0.698264298632105,0.792550754562785,0.704806565911487,0.7131489721559169,0.7861418319020455,0.8015471851620213,0.7696470887380586,0.7786216876620389
0.3644821056422808,0.7207203973342169,0.7623273272300961,0.6783716941823634,0.7381417587256367,0.7390370268112142,0.7369463127402172,0.79994765693128,0.7360695137075006,0.7273991625174181,0.7888820684366298
0.3704937895585252,0.7560272921885929,0.7384108891886496,0.6761387290922994,0.7458799486669183,0.7342630326561338,0.7507718748564588,0.7004544345228599,0.7369903641310065,0.7720800314347234,0.8027606569629263
0.3494115485728695,0.7105433541583074,0.7557332304591896,0.7080123086606578,0.767143871101515,0.74960662642644,0.7537458687005697,0.7373535695910169,0.7309244802728802,0.7837193145333956,0.7371346155604988
0.3493815301426676,0.7473139351893907,0.7285723088208093,0.6951350082606979,0.7665888374791986,0.7509489824961462,0.7505939982335442,0.7453800484239385,0.7499393346989378,0.7204954685381577,0.7513789450189279
0.3547287913271536,0.6236170346747442,0.7456535234149779,0.6499664192515079,0.7375680928757054,0.7697172315927643,0.7601801412768489,0.756441255635629,0.7320955396474977,0.6986988819955303,0.7646026224991711
0.3900723885436171,0.6824039985977789,0.7527140455329303,0.6667173794541066,0.7495129383989589,0.7728491691363893,0.6947718053532134,0.7416832484439749,0.7390835346922746,0.7382709561445765,0.7717852828840399
0.3518102504081238,0.7029983985910799,0.7497845255676658,0.6869552239594959,0.7580901501924923,0.7631717210817864,0.7229007487165255,0.7593115069792558,0.745363932945595,0.7690940430047177,0.7615716510634795
0.3746675056770545,0.7231804614823676,0.7744382984650621,0.6726405631561517,0.7727331458711186,0.7681830496837811,0.7466811437164956,0.7332526370466795,0.7324388811527592,0.7433054594315155,0.765185358186397
0.3470218181278847,0.7373806528415252,0.780628190816024,0.6849520872496804,0.7319809819936981,0.7136855437801332,0.731270389705353,0.7296255067237013,0.746241991200326,0.7372050763524403,0.7802477821891136
0.3726499375002187,0.6513512659780164,0.7544538998242525,0.6932957498087073,0.7504185032966313,0.7232905433940007,0.7401325050051644,0.7043334923012708,0.7587542196653696,0.7514133788949184,0.7874276247332544
0.3575102399256815,0.7029695537886338,0.7782172119966276,0.6491573625157964,0.7579220378852631,0.7368440499923274,0.7246820461309189,0.7353038960810101,0.7469973492532199,0.7465763749018444,0.758486717062185
0.368059787955821,0.7312934315891981,0.7615987028020698,0.6394081523674221,0.757100213629504,0.7419681374227505,0.7600465257748681,0.7360258490461816,0.7347089525272015,0.7487233522543565,0.7687996008035305
0.3786149050602642,0.6808605469484076,0.7798667204534359,0.6828856230020783,0.7443075769374532,0.7352199923394728,0.7549196264661955,0.7520956667454934,0.725366664580336,0.7031358268654779,0.7900386035569307
0.3764468335299484,0.7170674909720536,0.7706119295643576,0.6258306914887481,0.7507000703218669,0.7438744773546215,0.7558805983969008,0.6981973491227531,0.7321804134268319,0.740726360451042,0.7942968379344296
0.3779449863020176,0.7183052713727403,0.7854658530473035,0.657627336565102,0.7297817875710554,0.745212416523327,0.7667094456203976,0.7432986365063405,0.7405072434789857,0.7339506365452871,0.7887660812626199
0.3656910358424105,0.7071615536447613,0.7609394669990246,0.6676783553521419,0.7206483518074946,0.7615926204725465,0.6999920164943096,0.7558885174344838,0.7287693497301577,0.7473397542939664,0.7925581302297747
0.3620376614298222,0.7101280465276425,0.7302786595241157,0.6816256811124695,0.7498452510671098,0.7511334043953618,0.7065524957091038,0.7692992970062036,0.7393942469540031,0.7499122766793895,0.7548823368649676
0.3558874384452041,0.7260704247960847,0.7457270987209688,0.6852120277593949,0.762486153682336,0.7171832691820447,0.7526548565795944,0.7061311035300636,0.7572581575062391,0.7581117922463231,0.7564882721534212
0.3475520594029248,0.7284151261905187,0.7494655160891219,0.6858233738826983,0.7297236479122118,0.7361170690206044,0.7692384130623602,0.733437535139033,0.7620407442540181,0.7199609740393238,0.7763860217943526
0.3579871591675734,0.7585668265567553,0.7314780328350966,0.7068681332917214,0.7411699402595181,0.7505562193277016,0.7098364457166769,0.7542677583168931,0.7712392805587021,0.7237473937397669,0.752274853923914
0.3369812042222331,0.787039639971479,0.7226140680679567,0.716289815403601,0.7225421462677445,0.7573621290859303,0.7330074902506836,0.7581523420749177,0.7519573337529329,0.7198065262919972,0.7630702716918611
0.3461991795805831,0.7431513719145698,0.7446818751162737,0.6233218735795888,0.7474889247817953,0.7607716115678087,0.7382336063747432,0.7656406608907294,0.7325419150091833,0.7287326318224732,0.7548678428610843
0.3632523752314676,0.7860984942746434,0.7773422268287362,0.7007248369582557,0.7181682664841412,0.7406800402405883,0.7569480805315892,0.7466339647663076,0.7570504485482183,0.7219204064555208,0.7618717063813958
0.3870834413973106,0.7276369985134309,0.7665286392445513,0.6899522512163115,0.7506774391399191,0.7379150272359579,0.7762865379529785,0.7376468294435246,0.7582248655786581,0.7427547291485906,0.780092997829375
0.3673438483807277,0.7607113337843108,0.7763608252045009,0.7108612238546511,0.7525212555160153,0.7398949978798143,0.7704468805066497,0.7414123970085025,0.7602200789364777,0.7450070973413653,0.7939993947204074
0.3668180306036883,0.765190091472787,0.75207185031472,0.7066881816215629,0.7451868594844742,0.6952742175067692,0.7664598195878561,0.7314396879440049,0.7594082882633844,0.7471044809480407,0.80235695032095
0.3207676789723516,0.768225236589495,0.739469337434386,0.6520207334120266,0.7539199834622807,0.701151076925328,0.7720964943091193,0.7225594656572467,0.7649729409867163,0.7294830139452786,0.813515615573132
0.3502118021287295,0.7591177501891364,0.7458669107037093,0.6469273086846019,0.7673573073037135,0.7265643877823649,0.8066231701393437,0.7397028359922662,0.7788844469185697,0.7553670505688541,0.7751746838231803
0.360079232124756,0.770175491258337,0.7746096461707246,0.6602686659017243,0.7786816151950211,0.756451763818363,0.7340231536932447,0.7563606568622845,0.7933099889537719,0.750009455701325,0.7944633173259941
0.3699701601367329,0.7343781611968364,0.7518899051780147,0.6634130146673344,0.7642781453006955,0.7357595433982921,0.7363518130132118,0.7652832579337889,0.7954713810413556,0.7480251397421886,0.7447284065196418
0.3747811406520343,0.7394080008769727,0.7642182145605922,0.6906589272514796,0.782266899329362,0.7552628381202033,0.7409913958894512,0.7701618282224578,0.7748732753424112,0.7363083393060267,0.7759227983704488
0.3823437755624208,0.7193974836575705,0.7858478838812125,0.6934418343930732,0.7743572767915224,0.7688937487910141,0.7530888315310024,0.7752670654952595,0.7420502850055468,0.7619878984676622,0.7799125767844876
0.3817719996666124,0.7329098829284408,0.7597597404800688,0.6757246168494343,0.7763889867059762,0.7695378049526738,0.745947496608805,0.7022576546872161,0.7513448185588387,0.7645190514747944,0.7747894436878076
0.3551778828566511,0.7308760289591311,0.741545927124549,0.665660321916748,0.7530525746241674,0.7492710706832513,0.7704125369438678,0.7028788366522136,0.7725325212551474,0.7494016270064443,0.7443745859013625
0.3739555693772382,0.7537519654386802,0.7365780255575624,0.6862523033224108,0.7561404482189391,0.7544846715319682,0.7568736414383143,0.736871717547603,0.7769746209206698,0.7327255339401189,0.7498447435741877
0.3511099864441097,0.7731563817779696,0.7367832137406438,0.688952955062875,0.7639903246167091,0.7441142532864917,0.7214981004972829,0.7516316181129845,0.7134488098638085,0.7519312397877402,0.78937445510612
0.3527640453464502,0.7278538961607215,0.6996296839587924,0.7011741236742619,0.7357616118345142,0.7426204084730975,0.7491493801117086,0.7701381070186177,0.7348162638191504,0.74097728858793,0.7467407809694028
0.3574113311615684,0.7386782355180459,0.752549098613839,0.6172570482802153,0.7369935980919493,0.7551490870281177,0.782818066080832,0.7468259939855276,0.7695508859911672,0.7631970203335736,0.7598323761500052
0.3612259359132251,0.7295982750266259,0.7887610412776027,0.636005801406234,0.7663043122692854,0.7223224164504597,0.7849492054437816,0.7268958631862849,0.7536024207617796,0.765972333622688,0.7813048444362584
0.3734637408435062,0.7386411952203797,0.7389505862883514,0.6709957478647051,0.758966085163564,0.7126601997173765,0.7865284079111472,0.7322799102393605,0.7610242244399981,0.7666803299398763,0.7654516504388538
0.3784447258005698,0.7603345397544576,0.7306893942358159,0.6794372554391948,0.7565954477804254,0.7474677217172405,0.7975120682520356,0.7410725466843331,0.7681127086114468,0.7700009891928741,0.77581691433557
0.340832296249046,0.7746814945534646,0.7550625597636205,0.6553877006975566,0.7596638928547623,0.7542289516543765,0.779556509735517,0.7789013928785639,0.7736565363818799,0.7578275291278433,0.7622986388188023
0.3537281302550865,0.7819199032300337,0.7804919899755424,0.6775976989193365,0.7478470815217211,0.7497763539946761,0.790100615857166,0.773164576187318,0.7828000927500469,0.7027130760603122,0.7731035317322514
0.3603366827569012,0.7852226231930401,0.7837053255938893,0.7050838548109248,0.7688864993421274,0.7550667556278985,0.7463845548796866,0.725290893067322,0.7383609727745167,0.7133066442905458,0.7444797002444071
0.3616200036034823,0.7370609646637047,0.7485230557226998,0.6939006174501651,0.7691745355609736,0.7217345170926405,0.7381535185736742,0.7510463540975412,0.7415733525783869,0.747996906701856,0.7730642515533958
0.364974722772297,0.7336101467284152,0.7615189995953391,0.6809195845286339,0.7779582687571285,0.7301047640321177,0.7355894445557184,0.7629438615086717,0.7552507279053393,0.7565381881423039,0.7821453008585706
0.3626204136591242,0.737209336187875,0.7139015074476727,0.6964324720226047,0.7773736264058719,0.7664646223438061,0.7177423138241513,0.7640168759473343,0.7675363957463636,0.7720283562946049,0.7858284762637553
0.3714101738006099,0.6864834173425443,0.7404145319636781,0.6611597484942989,0.7258068912234547,0.750782273713402,0.7588934685292348,0.782471009880247,0.7864305359495987,0.7500757548618533,0.7452003048390735
0.3456402569978584,0.7183180168211509,0.7649422340176042,0.6448539414454266,0.7416385346352141,0.7467116315623418,0.7318816553918658,0.7533293727101544,0.7429898533312983,0.6939050664255921,0.7940014050683868
0.358833193541198,0.67883394151686,0.7716956142302606,0.6814846577369797,0.7548053176230328,0.745930556516414,0.7700419579787796,0.7077678270171539,0.7511192381360837,0.7193507855193289,0.7898842610774586
0.3617305706312709,0.6824029068268099,0.7726158498364069,0.6826931517134425,0.7646678899076427,0.7357568594144878,0.7493425528339698,0.7348363153513419,0.7652147470427759,0.749587436177453,0.7920345646473639
0.3550102595829471,0.6846437152616711,0.7792191101096149,0.6930010530809585,0.7658199391204005,0.7501133776891356,0.7677363750172248,0.7660973804805928,0.770076702338046,0.7351017938833799,0.74434419670193
0.3755450161669722,0.7147591683770294,0.7423780766315837,0.7072072490030052,0.7852373738811789,0.772927432111658,0.7729724578125375,0.756285873449172,0.7632212123368046,0.743720225611749,0.7670731990445006
0.3474023026252552,0.7303611796095109,0.724882910865976,0.7117238752935646,0.7704375711881385,0.7582248569714833,0.7504206961473261,0.7337705794496623,0.7162443492600231,0.7796828603495038,0.7375931527345085
0.3673648956575699,0.7604966900656404,0.7337544855539611,0.6446571393317219,0.7759673948690542,0.7664905422236384,0.7580859893437162,0.7667340111777743,0.7368036898098306,0.7664058932522143,0.7592752929130786
0.3741795662434558,0.760829724703632,0.7035006275955884,0.6798066586112894,0.7350292461616411,0.7382475200985874,0.7581885915816264,0.7701541029561688,0.7302704694108133,0.7359912438134989,0.758022396988098
0.3742773807184361,0.6801098944949779,0.7273052752034719,0.7087889349641747,0.7448303304969695,0.7055178629900102,0.759508379037253,0.772270452043996,0.7261929115217185,0.7212743249431915,0.7537770575397317
0.3805543376462788,0.7213635057737179,0.7456619148617702,0.6466811066075584,0.7681040670303667,0.7369002417722544,0.781433617803589,0.7293230275536114,0.7301233472280582,0.741125143965182,0.776593129436961
0.3521689729036169,0.6506770853613645,0.7247174039693893,0.6441129388204739,0.7744502561032784,0.7549072501881353,0.7706659504136202,0.7475045541970833,0.7411467427246134,0.7262841600125306,0.7655371579264281
0.3636005926311577,0.7202224748083308,0.749949532750073,0.6369576304294303,0.7783617360724371,0.7610304341391205,0.776653739575223,0.7726652338433491,0.7676387578017352,0.7408363599191035,0.7807734039163059
0.3676023411623119,0.7406792370172139,0.7106555425164647,0.6461000428877983,0.7431509300227629,0.7355559714212148,0.7851427622320845,0.7568057961555036,0.7680089911292489,0.7497926139188333,0.7782451228535809
0.3723192407229174,0.7545232966678028,0.7231434310659082,0.6925577452317456,0.7604275158534917,0.7232886425856593,0.7134491234570852,0.7291186869192718,0.7855387711313337,0.7635214618598807,0.7856716796372507
0.385001910805727,0.7833550796853701,0.7660193807115248,0.7057647629882894,0.7788080851455657,0.7364546658807369,0.7333879488200301,0.7389688891426013,0.7464957918591559,0.7684045879161181,0.7699229976127568
0.3611177993775147,0.7863951644272864,0.7691349746862626,0.6511817250232558,0.7676659417706028,0.7442640865494439,0.7467110315809952,0.7640738089528223,0.7150711076419465,0.7403468659375056,0.7890557625865258
0.3486191359677856,0.8079174243704887,0.7451998161016027,0.6788046880568752,0.7575213803277003,0.7437884099420405,0.7789474161238107,0.7372593190185776,0.7320560475951127,0.7454605775585137,0.7830174887255617
0.3593779055591926,0.8147155797969632,0.7483296562860076,0.6896593133324351,0.7647384776999574,0.7507529749117614,0.7694583582997468,0.7299485302587816,0.6941525229653016,0.7795669561879524,0.771302213647101
0.3700566754197303,0.6929859448546507,0.7933935813223083,0.711344296672821,0.7732086188405125,0.7581390674772333,0.7216861718797853,0.7329258701538786,0.7287386225286103,0.7999112727387045,0.7795767885680092
0.387500199169174,0.7144068980111031,0.7271529516445879,0.7260395685892926,0.7803455463183664,0.7678940986575435,0.7227740955186656,0.7288944543254683,0.7397058060136681,0.7269483123813335,0.7695895218629705
0.372912905873364,0.7202641682635901,0.7658352430083739,0.7031926832194625,0.7849792865841396,0.767619660034726,0.7546237697570808,0.710976083481083,0.746789852882213,0.7405629562615348,0.7744377863622555
0.3631172463993132,0.7366276214166764,0.732415069849572,0.664544056140533,0.7563413066136913,0.71179203720747,0.7587569219914028,0.7228802574991475,0.7672620255261284,0.7420717238772898,0.7878256128234498
0.3659546268252504,0.7421459090612486,0.7392553883885061,0.6628043514612838,0.7504210280945951,0.7512246772867961,0.7633169682306397,0.7103232935968069,0.7744501655376657,0.7476611118939442,0.7815008313110618
0.3310020010991482,0.7204515542347887,0.7271169508125537,0.6752947363639947,0.7686519432306109,0.7059711297137375,0.7239704209755443,0.7202462340411329,0.7463864703801578,0.7479805033962481,0.8116782803474147
0.3431020845342487,0.7035520919640258,0.7581483910623614,0.6480435454285932,0.7632363367180826,0.7452411017104223,0.7641804936459766,0.7491803258248505,0.7691868450461592,0.7549554168812007,0.7800343163387939
0.3504751616596778,0.7117333689871546,0.7664090315224861,0.6451967828392002,0.7635253109857454,0.7401468530921248,0.7646501726296322,0.7806848461170031,0.7402543431462506,0.7372139639203954,0.7793333397308945
0.3523026696962862,0.7231949648984688,0.7350250904820299,0.6545344393504411,0.7751631946070476,0.7464065701113436,0.7630671489925338,0.789771013086006,0.7512061181986507,0.753068274055835,0.7761037877468481
0.3549352555762198,0.7431894096603354,0.7656492132090451,0.66607431136926,0.7589630894375476,0.733286631599084,0.7699865518342037,0.7031198815801792,0.7579552011598133,0.7315087280213092,0.7765548591657949
0.3234557883501398,0.6747915627471225,0.7602619943762552,0.6732519899458211,0.7896680654045916,0.6958248580785092,0.7837327026169933,0.715448280085827,0.7769117848873919,0.7116321621303019,0.8004331736712775
0.3567002010842476,0.7220249143161341,0.7551729966211526,0.7175811224372124,0.771169475548063,0.7424085803353201,0.7868443304907689,0.7665040113569738,0.7672614954177746,0.71610085144188,0.7568428984415178
0.3737096017746245,0.7237330811964847,0.7525068324474923,0.6508875966041602,0.7736497937397069,0.7472076305686373,0.794325166540376,0.7757604628466569,0.6918004259178048,0.7416633645804089,0.7803883133743181
0.3869756793182949,0.7401577258067423,0.7354002332440125,0.6570710137533541,0.739121937371685,0.7512378611595598,0.7913763507573978,0.7496803789720156,0.7232068914044025,0.7598553138976275,0.7920503379344581
0.3190584970017261,0.6656441152059103,0.7645072461905618,0.6710697520513695,0.7545642334589293,0.7420053983892706,0.7986265511986363,0.6880240400903889,0.7397316036803154,0.7485044610576476,0.805704079354071
0.3558966519496205,0.5986762822254585,0.7679188187920241,0.6706914468033524,0.7601164952499202,0.7717674485674997,0.7749165911059708,0.7115428740069693,0.7359466227747553,0.7732404788531353,0.7619753653660549
0.3497859055849267,0.6796201796185448,0.7807478643456831,0.6702259804353746,0.7550610957672039,0.7881453513168255,0.7938110755904717,0.7459138506697665,0.7496999607899458,0.7512524602159101,0.7761470240065085
0.3544557853920983,0.7008418977751216,0.7647259189738069,0.6646685908924507,0.7793638051602898,0.7459020055387731,0.7844405854855236,0.7059809175006202,0.7538381870704978,0.7396047524976248,0.7703562563303101
0.3587351731245567,0.7126359932910662,0.7829211062691388,0.7096647845925623,0.764615299669753,0.7612187078388974,0.7191533815578822,0.7018449021050933,0.7470691309466253,0.7479951531507222,0.768727746345948
0.3629444796346588,0.745146695983321,0.7923449716611192,0.7141530887496997,0.7051857809922745,0.7711695378822007,0.7611325278136291,0.712060548959368,0.7811692971140638,0.7397336481107405,0.7571346454496668
0.3510682092891443,0.7534971517441217,0.8033068944035557,0.7059134273666531,0.7195990608942511,0.7603427236852369,0.7695713578915564,0.7277153165018626,0.7566995892971854,0.7256562799344898,0.768697800777207
0.3621017316098232,0.7652657546144648,0.7314212255528562,0.6694318327372644,0.7444943291193162,0.7639721139620168,0.771251568848087,0.7473134123337095,0.7699251907050493,0.7225479753011537,0.7713743598867191
0.3619818342940086,0.7787085976101222,0.7804572848772942,0.6487125893147756,0.7646178587382648,0.7349334298020356,0.7110278653259002,0.7605016200248367,0.7585675160799198,0.7211067974481258,0.7720829214960984
0.3318914274267208,0.7282255191487691,0.7141594428762125,0.6637699819758831,0.7482383027072859,0.7371219537179282,0.7174790085324869,0.7243658579732684,0.7195984018548033,0.7394926637366408,0.7555280593518642
0.3445585650091303,0.7405699142703834,0.7367336973679064,0.6674757231008372,0.7661809077244204,0.7347196366437467,0.7493256084619373,0.7332583837706179,0.721009097731165,0.7301585489771968,0.7724216568162425
0.3465083000556864,0.738644036116692,0.7634175893880548,0.7011439449417283,0.7839207230668788,0.7443634094680118,0.767074561362403,0.7378458673182255,0.7360176876433339,0.7180250209389379,0.7837934231806092
0.3524647615977977,0.7549170116257062,0.7841858946421794,0.6594409369871997,0.7495288868864631,0.7579967230170127,0.757793924915902,0.7590116674991315,0.7350276029986388,0.7394734876659559,0.7056970541256035
0.3688459914250567,0.7369378134777127,0.8004199876124245,0.6930353065030348,0.7689317027523097,0.7430732362310012,0.7706373583027473,0.7316264044530751,0.7443771460699953,0.7124307970644028,0.7414066093848519
0.3843584018910388,0.7359643105587885,0.7784439937834858,0.7089693894121982,0.7725187367981872,0.7571855605463684,0.7488779196909895,0.7564071949273997,0.7551390920029705,0.7173904279479931,0.7533538499930976
0.3446526853074118,0.7725295283557674,0.7527829990932197,0.67179229329824,0.7827393566532159,0.7650992382045885,0.7545860519220021,0.724504820291574,0.7254893143174941,0.6998753835807111,0.7477346267395546
0.3578831459988988,0.7272024582972865,0.786108466364871,0.6755580221580664,0.7626685299467661,0.7734538339035034,0.7661485875894103,0.7504554989540733,0.7451136415238533,0.7266708054934348,0.7764019831079048
0.3606578648320718,0.7434429559680664,0.7830372155023293,0.6975427775128453,0.7661434776032899,0.7622552568640736,0.7641746499050742,0.7567593310823066,0.7715334503403873,0.7368277774240972,0.7920741865824945
0.3738108439301031,0.7600718812574034,0.7993120958532813,0.6427656648748475,0.7798502827447544,0.7652439761762644,0.7203833899752782,0.6802527479145446,0.748406492112614,0.7604730489971261,0.7894158457340381
0.3373411890377438,0.7842026320041389,0.7644068581072254,0.6681356027506373,0.7555480917814021,0.7656200286154654,0.7267315312437681,0.7192715577803812,0.7538213580046644,0.7317025870831484,0.7947888389487456
0.3422430100855477,0.7808494716363811,0.7722125029897955,0.6235514871486895,0.7671466459685271,0.7681855378401728,0.7563640358390833,0.7335381562431651,0.7402686795557931,0.7564934461913271,0.7642728061838971
0.3570918710967756,0.7848826634416982,0.7734117136252369,0.6499940578446912,0.7576082936009679,0.7708611403567485,0.7908711901948081,0.7547679550586389,0.740782825503065,0.7448425878119758,0.7851672863997311
0.3383706513054393,0.7779601246846247,0.7244692393339582,0.6748249608429482,0.7354190394781638,0.7694811145663513,0.7537228257742146,0.7665619719919015,0.75587930298164,0.7618265548235665,0.7801503353499001
0.3303251635248536,0.7288508359744968,0.762017304132594,0.7105941237627136,0.757325807105602,0.7484119356325365,0.7629104500324155,0.7873494199769391,0.7750310419265046,0.7700950009844914,0.8011629963659219
0.3549659303617963,0.7208682394813194,0.6767960760348293,0.6736137931535452,0.723280060792615,0.7356277403437135,0.7749454361146162,0.7179740409281387,0.7598295411262066,0.7601174618742211,0.7953648726639144
0.3387891632503222,0.7238450872732292,0.6959616137636145,0.6267281051920269,0.7341319319706993,0.7539330984200228,0.7865171945311396,0.7430488254674429,0.7496417360814127,0.7417039213756341,0.7611495982552915
0.3703008331637802,0.7491144766858562,0.7094632551028339,0.6362139369366616,0.7531969101977537,0.7647883520701875,0.7528224624516322,0.7199204216393126,0.7357739214844982,0.749197690468085,0.7768574628467928
0.3557651670779768,0.7364516048665509,0.7219298357975961,0.6708340674327354,0.766364316613355,0.765381482254839,0.702403511607201,0.7248968438571852,0.7383028719582465,0.768245357968856,0.7687265406035403
0.3333389982806198,0.7659369702945003,0.7422642405496285,0.6884680694704014,0.7628141964511842,0.7827111865186281,0.7341967469641943,0.7436249118428335,0.764888135602199,0.7706587021044987,0.7792142068329448
0.3358337226897817,0.6624416248100778,0.7474941717624521,0.7038115501174247,0.7350539776341278,0.7330764621942628,0.7017877536547779,0.7259141616532602,0.7416670010177157,0.7442751784130939,0.7815853411883007
0.3352111802043562,0.6911725518885528,0.7588493922488406,0.6831911755616067,0.7608397529622035,0.7512951964798213,0.7437209802556016,0.7346193499582251,0.7101651052142717,0.7668562465442412,0.7596575564148736
0.3537108398698446,0.7368534638265687,0.6981476108139202,0.6949085230503904,0.7603504311536426,0.7661342880874233,0.7892206642231975,0.7622032370794567,0.7401562655807492,0.7156836652341729,0.7785327565242717
0.3147463887878816,0.765744531497669,0.7406537407742424,0.6974592580318335,0.7685651746906976,0.7348493930925275,0.7686462235577045,0.7017170752705565,0.763609220965586,0.7556138381191089,0.7841113306364842
0.339460476743621,0.7052774338612435,0.6947707922462928,0.6785409347174467,0.7912693534476628,0.7571368230475266,0.8007598706883593,0.7267716296036755,0.7723167118105598,0.7381630697064597,0.7295023756130007
0.3428688782625387,0.7484536623231218,0.7262187250512258,0.6888845679748057,0.7834032031039867,0.7656384813527954,0.7464731505620154,0.7382632257576057,0.7473372457037275,0.7307053924393584,0.7439000387698561
0.3504853601541771,0.7374696571842303,0.7850132626752515,0.6649393333575083,0.7613954350740162,0.7145178184674542,0.7769968370818954,0.7488534453790197,0.764991349666009,0.7372465645252192,0.7539567371406746
0.3493129662873414,0.7530649917815753,0.7144287414585045,0.6805698741947357,0.7614294658474146,0.7365447708359574,0.7828697376015386,0.7402962173909531,0.7336358447456139,0.7542266657921013,0.7745619028767246
0.3536373206802513,0.7205178019085784,0.7653592082487981,0.6824318226388696,0.7668653082310841,0.7709403007893225,0.7420012436305213,0.7118319966078641,0.7118955650631393,0.7476983539577433,0.7754009534309766
0.3659102580595713,0.7334372235196273,0.7326866828078238,0.6410501298925242,0.7690528017027523,0.7725612057898932,0.7439459458977342,0.7229172342821362,0.7273779586225271,0.731459524121082,0.7170794141482075
0.3367508003103528,0.7351294149220531,0.7474534841298195,0.6889473324560604,0.7514077271616487,0.753059622518566,0.718009914314088,0.7230141811547732,0.7483742519780602,0.7442511594298645,0.7505980581713001
0.3570253816343935,0.7158136781745837,0.7632910363078167,0.6824015460501761,0.7676922829707511,0.776919077247459,0.7535191672231178,0.7287417551170599,0.7541623849010983,0.7493055680999269,0.7594799514381553
0.3527995871342189,0.705959903869458,0.7143398286671936,0.6901058685910539,0.7562996039060417,0.7256828169926249,0.7341363315682684,0.7592340572120881,0.7405222802730863,0.7204010354740128,0.7848136034295887
0.3539386318024131,0.7350175315688237,0.7357251963882829,0.6950550828407833,0.7687432640784189,0.7374712122207727,0.7362632782210836,0.7665268200726416,0.7486760405738877,0.7311843327897829,0.7664840658317098
0.3634583904140287,0.7270483637682666,0.754389211685488,0.6703318463675355,0.726003505411095,0.721101234616904,0.7418858756460094,0.7694485024823532,0.7709686799805928,0.7562858525964917,0.7890566343219283
0.3560268008491704,0.7536544296476668,0.7733586374313771,0.6283503267785786,0.7427388465672233,0.7291546415235307,0.7660783593483682,0.7725724997437706,0.7845357519287037,0.7701548680790191,0.7982307268403126
0.3600047651126112,0.7185582646877694,0.79257809450198,0.6833327842289514,0.7466235570552822,0.7348323464783302,0.728134338189964,0.7775865518081795,0.7874970274045301,0.6921996237684531,0.779586652505977
0.360364294304485,0.6968084404440126,0.7555061758575397,0.6344498636398893,0.7475381820339473,0.7429714147326889,0.7318679395552083,0.746884521658424,0.7891536845481264,0.712252754696574,0.7678550883695182
0.329694433689039,0.7109870183859432,0.7485969309311447,0.6810308570159741,0.7630042944217253,0.7617936105057892,0.7535707304289339,0.7484071847460027,0.7474787488026299,0.7110982970709314,0.7789204946726942
0.3522949764573734,0.7416184168757848,0.7794739093356844,0.7068793143511816,0.7622252285714988,0.7531674247975899,0.7964139635606532,0.7644897835838551,0.7153457446389397,0.7348684573214401,0.7831884838531609
0.3562772713473706,0.7434376510526965,0.7863223991544508,0.628186000857418,0.7631658266809207,0.7743902621254819,0.7451907920195623,0.7574773780145972,0.754111994956316,0.7536998958014858,0.7815365848345449
0.3591745835350116,0.7518122509074276,0.725854003898735,0.6502778880210353,0.7722958968279727,0.7936579618926252,0.7566010977459519,0.7435814596758569,0.7671266874147243,0.7424494964814686,0.7553863015498044
0.3675030454867887,0.722737650640996,0.7449652927208106,0.6848655133967204,0.7729429659323827,0.7645251837755725,0.7561903384804426,0.7518940162557828,0.7794603951170883,0.7548833944315934,0.7739119315686549
0.3613831659979892,0.7456571333837833,0.7658741479915323,0.6612134655622978,0.7154146820927286,0.7741689567521187,0.761437740303949,0.7537595941757653,0.7597710446156596,0.7172253747394836,0.7862335315507236
0.362551633849726,0.7553898176685769,0.7764545107477823,0.6825201620163355,0.7499887697219594,0.7313486132657645,0.7697152669057261,0.7811991120354669,0.7768656175499223,0.7398221622515084,0.7679312344327822
0.364083585810172,0.7764081816101132,0.7789181160022705,0.6793494199301359,0.7474738336022088,0.7553544008564834,0.7712721282713166,0.7003836382148012,0.774151766345034,0.740521996156374,0.7968398024734056
0.3669235826011878,0.7324801632941427,0.7430709577232845,0.6683408825682916,0.7726410996770472,0.7227568620965239,0.7213930371372927,0.7292984070956773,0.7619754405238396,0.7298491032972934,0.7796065967164562
0.3771052256860095,0.7268220782780995,0.7601882121582186,0.6395565227312728,0.7755600234962385,0.7297078376444724,0.7572185866821277,0.743199640393108,0.7560274865460826,0.7457942272207148,0.7879305576600275
0.3614669292772799,0.755688374121505,0.7209217142804554,0.6747186666684049,0.7515007615012431,0.7349398924243105,0.7463552762186406,0.7182109027578959,0.7569545083691669,0.7459214379886925,0.7977106066473423
0.3374501085663527,0.765456703969605,0.689036337428779,0.6811523318363697,0.6988298750956677,0.7426215308287993,0.7550294523607279,0.7455499024830201,0.7766663793344895,0.7453464418509846,0.7741618180037717
0.3515685742692171,0.7663885839277712,0.739442174164523,0.6883739225125735,0.7291919379603462,0.7640126779108442,0.7577724531427388,0.7659262471681263,0.7798910042143341,0.768156583129677,0.7875007380217085
0.3409598810087074,0.7789415753150477,0.7283804187977567,0.6760079709035343,0.7502553454879208,0.77590037338823,0.767050894166905,0.7218034763016172,0.7497997596011181,0.7603815029016052,0.7959213716782885
0.3439304595888479,0.7086476141713847,0.7512371859000369,0.7123276310518933,0.7486741663327064,0.7499008746587401,0.7598052895526037,0.7400408192329703,0.7444730461081525,0.7518543667186317,0.7106372091594672
0.3454594069532135,0.716290213286998,0.7064058106981543,0.6460508783224849,0.7527271321427791,0.7459327932651064,0.7315734200511045,0.7415050003269394,0.7287444194186977,0.7749924778258497,0.7309957443990205
0.3412318911051865,0.74497493798126,0.7043973630812062,0.6390928017816948,0.7766494863342193,0.7648580975180806,0.752237863048622,0.7446524746983436,0.7329688493009516,0.7737958344728068,0.7514263508270086
0.3133337870372355,0.6836649225781999,0.7603682949730038,0.6687155693658339,0.7560312614445113,0.780368700625906,0.7618042185974869,0.7458148062229253,0.7595512602472274,0.7852428005371876,0.7558235968205146
0.327419666033019,0.755459673380958,0.7213698915277977,0.6721074587570899,0.7601374492057018,0.7746027114671392,0.7243971746414015,0.757530573209936,0.7835765265831813,0.7875296957512958,0.7650780222828034
0.3473529303795174,0.7641959810055936,0.6668771615865223,0.6920419262622748,0.7842867451308513,0.7816158510381479,0.736042380026622,0.7209162594455999,0.7658194553824418,0.7392958470697168,0.7582945698135699
0.3500784528724125,0.7776564533473176,0.7312131669360811,0.7002333509200769,0.7634843846851237,0.7764236687157119,0.7545251733122178,0.7508374174435368,0.752608048050007,0.718797663228825,0.7541065252656632
0.3538910160937956,0.7225952704655094,0.7413433588071046,0.6542966258484739,0.7785381354766454,0.7673473763462579,0.7650123001916886,0.7555249684305688,0.7403984384968083,0.7326545205715298,0.7739021430298105
0.3477751929350353,0.7239233955910608,0.7432117070286399,0.6857751575898136,0.7638113052995195,0.7458261871336322,0.7685420071870732,0.7630626911491107,0.7385193344186815,0.7381008308365333,0.7999091862870886
0.3426622832022649,0.7631187960177074,0.7805386583927159,0.643882735883765,0.7589848056062245,0.7561088633111168,0.6678841212016,0.7335661460210136,0.7544564423131397,0.7378690484371985,0.761276306922352
0.3453281027042527,0.7611360815076991,0.7482933758332277,0.6482783645213182,0.7366259620879084,0.7667072219214488,0.6953059042118535,0.7361326120862268,0.7452741921452919,0.7548578429612651,0.7590566849423053
0.3548705457556,0.7012733396734329,0.7194886516041789,0.66066288721999,0.7495127258800934,0.7758216571326098,0.763492566036956,0.7361448796565646,0.7369437223558739,0.7396931322610183,0.7787415316318302
0.3559945099911404,0.6766384929756362,0.727340435549912,0.6709582316266165,0.7369650392466205,0.7413853043426889,0.7588795452824586,0.7208115108099871,0.7458686042387446,0.7309565857803815,0.7943343680240172
0.343007862321367,0.7391794126243849,0.7587155859347519,0.6857880491423141,0.7589059583936093,0.7357946595514255,0.7623120085649553,0.7373984590676395,0.7579179645289991,0.7422768953267329,0.7687229070000823
0.3443616729227702,0.729600894074456,0.7678307860786869,0.6775889626702873,0.7609307667912999,0.7593429393611124,0.7334198703396941,0.7492077513956759,0.7600434985095699,0.762555038923177,0.7822692123909525
0.3564560378054181,0.7307079838222004,0.7766773727618443,0.6337223160294742,0.7747359512529826,0.771986855817107,0.7556419022018441,0.7251552187088808,0.7315618024347605,0.7648912369181744,0.7422000334066993
0.3524961382156882,0.6728527653295682,0.7624596511727643,0.664831060440305,0.7218691041396446,0.7659310009093938,0.7540343364312927,0.7428077487645124,0.7487101697431873,0.7527762489992756,0.7487143812037644
0.373619762971244,0.731823317584703,0.7771480616294433,0.6527024668347342,0.770674180174062,0.7550157157227738,0.7601689384773627,0.7233074635480623,0.7357279781950355,0.694316480191543,0.7627358013760506
0.3450464599501103,0.7567948311509667,0.7798064260086883,0.6592383075091037,0.7345932055064596,0.7631358222496305,0.7623393696145728,0.7255917314827127,0.7351107735465839,0.7225132141562961,0.7817985273940802
0.3549499867834825,0.7672478269022801,0.7694628558939904,0.6829210342815984,0.7498656682602483,0.7603944427423636,0.7715014384851879,0.7576925563729054,0.741379345846475,0.6995042133619309,0.7600622120787408
0.3430748988950338,0.6858524692745008,0.748467469515776,0.6972313076802925,0.7768232800348959,0.7604194605968488,0.7730710524655701,0.7077838116598231,0.7492518400027945,0.7394210512769668,0.7671662285831486
0.3567539508048388,0.7178876920849883,0.7790622056053118,0.6609118978885318,0.7266105996263126,0.7212830499580959,0.766001480177758,0.720080469932681,0.7582710396894263,0.7570512568574292,0.7487165162018539
0.375972674323869,0.7330454514048108,0.770976153967046,0.689323188625691,0.7426458465475307,0.741703212219239,0.7211251015322178,0.7375967630776491,0.7708197581773142,0.7343340801950179,0.7650855335746549
0.3531911856918057,0.7584155203921171,0.772144256127604,0.7126589165169477,0.7709908568365961,0.6979804544780115,0.7309774770051627,0.7294203980821408,0.7790845045101698,0.7096168603213729,0.7780295479042493
0.3645480843735117,0.7715376272678028,0.7467705906433022,0.6743470535129763,0.7688352303441458,0.7275741181312078,0.7698891416644653,0.7165399175345488,0.7445796514547404,0.7306491119556062,0.7814827792009205
0.3540201922984992,0.7974678984564572,0.7329899021380459,0.6308599589868356,0.7370973013483854,0.731258322436637,0.7036719654949155,0.7506682581134305,0.7556290323737767,0.7466440506477515,0.7819217862447942
0.3206493081887621,0.7400394831146296,0.7307851063063978,0.6535436352776707,0.7511549021862161,0.7278074069614799,0.7491341390440696,0.7710849752762265,0.7189836705545827,0.7569192918930376,0.7883865916615853
0.3430752252835721,0.6974824817329093,0.7531077644495076,0.6633691082522744,0.7830287648076313,0.746838612925119,0.7774715144184994,0.769431431054957,0.7327333081692866,0.7213887051064287,0.7457745075438708
0.3502304787338822,0.7018804161276366,0.7378863606645206,0.6782428349737207,0.759787199784583,0.7651508791931287,0.7493217594882897,0.7090524518264656,0.7629303694917591,0.7171837899334427,0.7624987698678178
0.3635976501069227,0.7460703518682908,0.7525945811276105,0.6866007516967649,0.7635495017892473,0.7618739371670846,0.7606073936152757,0.7266271725054263,0.7770926043919878,0.7343098265255645,0.7638108162666964
0.3289055180852813,0.7624213746422648,0.732301797532355,0.6955766975686091,0.7875541883976664,0.7704523598964491,0.7124406054960604,0.7213827676294303,0.7591481561755867,0.7394117706362209,0.7568218261761454
0.3308690894581574,0.7792415897869711,0.6986488842131042,0.6866400257318729,0.7495152054716935,0.7471355482788005,0.7359889793932481,0.7335372456888505,0.760149154234337,0.7633853399037177,0.7634165569842184
0.3351596101088923,0.7132781763701669,0.7514982421408044,0.5907861225487009,0.7542577470994065,0.7603610947489841,0.7235505515522098,0.7299133013337841,0.7346624162332864,0.7763524893280802,0.7782018637353967
0.3296629414800186,0.75016816818867,0.7649987631229893,0.6200300120102773,0.7767989182491103,0.7408501644013828,0.7493564170802375,0.7471294039091454,0.7323357769619833,0.7844310845098303,0.776868355669686
0.3275884410499953,0.7560747441271145,0.6949916962154575,0.6527935507223901,0.7685839999125778,0.7440502910373572,0.7683423100606607,0.7176791240043515,0.7168643831854649,0.7692170070324131,0.7945905843421086
0.3480412370499799,0.7056053149932715,0.7180860293245084,0.7003123309795475,0.7494576101265957,0.7441973042384576,0.7727474482598901,0.7472558743334441,0.727620914357425,0.7187459603643979,0.7986206479721358
0.3608459119915173,0.7005608690234147,0.7647780515684959,0.6340973893950501,0.7639066388829097,0.7298065686465922,0.7395043941935098,0.7440000113117842,0.7142597388060794,0.7407527675680097,0.7984176260773688
0.3137241376285636,0.7407636781090798,0.7604535043380094,0.651178965137727,0.7617167720484702,0.7278131880782808,0.7647484559106987,0.7595361955836637,0.7612266166302991,0.7565875382938716,0.7594976379630851
0.3404297398111678,0.7636753477453155,0.691945536680151,0.7011169001521516,0.7783706890258055,0.7444931524762577,0.7520967814698207,0.6852073678300087,0.7615218912403781,0.7175708179121527,0.7741653899702382
0.3600223091358199,0.7723364912723694,0.7296462826153014,0.7111115100697635,0.7942260408737623,0.7262543597279428,0.7682511288932816,0.7357381490522337,0.7681473997684716,0.7455977662427382,0.7851760391980195
0.3419605272113877,0.7947582193106666,0.7634420778381887,0.7114961312482614,0.7417776208257089,0.7600970031805852,0.7608066422557623,0.723079096685336,0.7877512839319694,0.6988068096642054,0.7619188365133558
0.3492570897725763,0.791228157485217,0.7693523762569505,0.6266143153053352,0.7598039645932426,0.7303572181256949,0.7416963361860828,0.7452097061685883,0.7802217795072747,0.7158133305627146,0.7693476040727643
0.3511162804097749,0.7953739337741453,0.7732476178016608,0.6516533746230141,0.7635451921707215,0.7319097677611628,0.7686657779839994,0.7554117929547325,0.781378935263048,0.734972200510488,0.7745531325028623
0.3480450734130081,0.7820177033583489,0.7489916160367545,0.6912015082305873,0.7695958527125455,0.7489066472858006,0.7669093211657686,0.7354491656861092,0.7729682950687937,0.7358896026311106,0.8018694012480052
0.3264238690515161,0.7990612161161674,0.7505429045391454,0.7111390933834034,0.7755822556873802,0.7137200780532785,0.7538570750793044,0.7423309267060203,0.7761022217945498,0.7071713444523259,0.7312901409345129
0.3452768181970703,0.7795795754178975,0.7512648270325293,0.6468129172457959,0.7557739729430953,0.7631160498790477,0.7240634588114528,0.7316705001322423,0.7355241591442094,0.717674717448867,0.751415218333175
0.335289269882444,0.7609871740623623,0.7898114917696075,0.6645832925816637,0.7637752075697561,0.7699509955159718,0.757230245378768,0.7603056722280002,0.7471209809550865,0.7229235246375727,0.7462462754035283
0.3402220064499878,0.7906624472289692,0.7615228889251561,0.6716734398799593,0.7582546099113482,0.7419164826483341,0.7541414855415638,0.7099412368748568,0.7608731462952691,0.7343396435944123,0.759326254815693
0.3369255584260963,0.7122423923221821,0.7190982127167928,0.7048291759897217,0.7581772118980881,0.7459961732017637,0.7556269517951884,0.731103059583992,0.7864092271750002,0.7471944542333765,0.768435321740004
0.3464982895602569,0.7345007882858352,0.7450207068702156,0.7042012374780444,0.7762169292945698,0.7493715864084443,0.7567110078700074,0.7520152789363952,0.7272216794632627,0.7293661501809474,0.7635534745952163
0.3711772209490894,0.7590264172152092,0.7773109873593074,0.7009582637120296,0.7807174994373293,0.7263019779009926,0.7634467239516882,0.7047263917575121,0.7599315450157964,0.7513822611082526,0.7476273280580781
0.3735075985559007,0.7815188059717066,0.7827713978860086,0.6882800768858967,0.7819137058975392,0.7479643335709,0.7871448324304262,0.7338249671220454,0.7391859946030322,0.6904197847416136,0.7510888237825191
0.3787068939458579,0.7714582122395988,0.7668238939509829,0.6616942507635307,0.7402912328612989,0.761502963683786,0.7867709627428991,0.7358605476147089,0.7683346376115335,0.7239831996592312,0.7555786016128809
0.3729251998057721,0.7282182217789923,0.7628087429137125,0.6361672102441389,0.7666559156424698,0.7476326674024267,0.7346673118523855,0.7357898158617675,0.7828351252427772,0.7527202352165598,0.7667158822418787
0.3685720346268198,0.7074182450486153,0.742241426900136,0.6784902122308003,0.7187797442653332,0.7395682195553277,0.7670567461408159,0.7361612539134408,0.6675358583070546,0.7633199474465444,0.779605094748847
0.3558526192579303,0.705416943120843,0.7475233403495196,0.6743102100599194,0.7293946748741498,0.761855027694701,0.7613209248150795,0.7433317091733087,0.7221244143971459,0.7703798126371091,0.7951267638287467
0.3564377080128255,0.7209186036170592,0.7838688164848984,0.6485924905634285,0.7466598365385617,0.750323137315438,0.78949139347135,0.7264763247770463,0.7451939445516519,0.7391216160607657,0.8044065231153927
0.3417730182841351,0.7339497776049788,0.800919724710558,0.6918079414350835,0.7522604149475407,0.7313340669745727,0.7927611397849146,0.7187080980685974,0.7542326727784181,0.7405372197729535,0.7768744150118965
0.3598255149500545,0.7031263429216491,0.8105636053878625,0.6554436251413134,0.7635341127919186,0.762080540898453,0.7440852232503061,0.7326611600332633,0.7708954395361809,0.7388106793355804,0.7776174452881661
0.3449200927424571,0.7204367868127658,0.773869401978402,0.7038711290724273,0.768892929441275,0.729822477166601,0.7447226188003062,0.7676407779927941,0.7746719433706795,0.733085311908701,0.7783138656656765
0.3634347911134243,0.7228055371626936,0.7404429533779574,0.7015707892853627,0.7560450307446445,0.7587518363807041,0.7399547069481659,0.7645673496300448,0.7596799863765367,0.7359085411770374,0.7899847667191482
0.3327375694677952,0.7373836583322175,0.7214273756746282,0.6704162463486799,0.7491336562618983,0.770320495386166,0.7569967162221813,0.7493680724349485,0.7525474822292824,0.6971933965674529,0.785016408628656
0.3523959534764374,0.7479107921086348,0.7529814373366481,0.6762372810608828,0.7609917722148809,0.7441760152072244,0.7612836838623911,0.7507477574183847,0.7543063049184272,0.7235501695908242,0.7861684045072215
0.343208089351572,0.7225738743429403,0.7206593289074915,0.6111897209763424,0.7772183045495964,0.7531171006179382,0.7738711583023274,0.7543956292082435,0.7491117967518942,0.7428624004078006,0.7965400233240572
0.3552930732257791,0.7458773863702153,0.7615267180296391,0.6658409067297786,0.7956423546864739,0.7552550022289077,0.7784399291773134,0.7412867883991489,0.6914544426334225,0.7425400994347708,0.7381058688658392
0.35148465385464,0.6626025840572791,0.760658501001552,0.6531185010142185,0.7556480271013577,0.750141865072031,0.7490820971999977,0.7281231751061408,0.726027645364683,0.7577341791363069,0.7482613794326574
0.3467886284972723,0.731457561177787,0.7734565907954313,0.6816502870923655,0.7676975874386892,0.7503184813058015,0.7638488463349902,0.7420916957242789,0.7503145588019026,0.7601578300030053,0.7769263111409288
0.3479068193344767,0.7255764309001005,0.7315723904572022,0.6629085239823489,0.767880249976991,0.7593559753881024,0.782207418995559,0.7219765741286708,0.772745385007793,0.768098869622447,0.7951503956247303
0.3432665454259843,0.7295610530873929,0.7456398339042449,0.6253221190854301,0.7706393595597835,0.7655275774719876,0.7459398438318285,0.7188808834098507,0.7258789862890419,0.7336684453980375,0.7998511651132165
0.3437276851516229,0.7333413017534673,0.766919998881174,0.639496376443234,0.7435715041698534,0.7730930810937949,0.742239431232971,0.7411566828566569,0.7373915798898164,0.7541548663295744,0.7912540428656277
0.3542447495029609,0.7432917157064324,0.709890625017881,0.6746290751492352,0.7517391923395986,0.7764526160236043,0.6984723574999195,0.7466702846191111,0.7597827702118554,0.7040919206252686,0.8046231223227166
0.3704839367873931,0.7397859411879876,0.7411033960002964,0.6795697327974982,0.7730388896624936,0.772694452980908,0.7305862297834457,0.7388924348595711,0.744696140966101,0.7409123994227649,0.7564438597224759
0.3661875605519302,0.7267783849751762,0.7627183028724553,0.6882294176680157,0.7663847785798488,0.7554829064008608,0.7354149721738044,0.7525189403892018,0.7670911855587773,0.750294311162953,0.7684873341004971
0.3531803169752456,0.636812313595111,0.7683697813138992,0.6932789397955539,0.7451335474600029,0.7537063350042703,0.7579359036512576,0.7070957011782696,0.7149975932124212,0.719605501620705,0.772617365964527
0.3603493619189708,0.7018376879336321,0.7297249297692212,0.6843946313131569,0.7661193401855534,0.7670898201938412,0.7802763530103856,0.6989693749301852,0.7595470800892409,0.7439404498029518,0.7801523980302316
0.3352201927901233,0.7101310623493357,0.7148984767760784,0.7058938449465855,0.7505138083695203,0.755927857827006,0.7635786963605671,0.7382397442188313,0.727417554988127,0.7734417105866145,0.7931156431974169
0.3555775584619146,0.7174874777792439,0.7188900805321397,0.6858871199473728,0.7661167966747037,0.7358815565713888,0.7294131182222252,0.7346756335970891,0.70627629073132,0.7150179501797829,0.7779949001855936
0.3533340815486714,0.7299498990333185,0.7468857248170658,0.6604855363455638,0.7852223217318481,0.7452008151250977,0.7520824963705207,0.7425432663993208,0.7317546579392444,0.7501076071903083,0.7572157167383402
0.3558373759804473,0.7481033357348141,0.7686393983588461,0.6665907528293051,0.7860078048385467,0.7531177019448472,0.7631735663313272,0.7519246620727786,0.7342869467994269,0.765720175058484,0.7750769819902785
0.371856086608014,0.7522259426485114,0.7963288660281327,0.6966427401476736,0.74329670289657,0.7233559010643483,0.7614411149645758,0.7537384912009742,0.7463505248327866,0.7614302404618873,0.7804876742342004
0.3749052634193587,0.7273172602062478,0.7471933954617928,0.6744513176839131,0.7479440821834127,0.7410407495849257,0.7795462376700045,0.7685069883144284,0.7318545850137247,0.7552525137031979,0.7955719265556394
0.3849774504908957,0.7542259041718958,0.7745392736575981,0.6886544422787948,0.7564906468175201,0.7560341757347042,0.7835868217251032,0.7304881700349521,0.7491167266382286,0.751646142367953,0.7567566190884207
0.3741289233483758,0.7508728503446385,0.6865330297880512,0.6514323458647514,0.7592607679737704,0.7629637306596364,0.7363602266374472,0.7410805604997974,0.7039607255112821,0.7634973963882057,0.7810861005550849
0.3458386235171101,0.7751777819101926,0.7032828193668994,0.6720617413281601,0.7680994632501282,0.7402095521076186,0.7169160487657753,0.7362152756908882,0.740558945821878,0.7351159005524788,0.772284450560252
0.3696852782618738,0.7770857154704883,0.7172019258534905,0.6760197778728445,0.7652136475773286,0.7490957309037067,0.740105412151469,0.749820124738164,0.7622011040864255,0.7433732401738933,0.7700552768502609
0.3496108978997836,0.800751991985173,0.7385806871820688,0.6979584860044841,0.7511992980624183,0.7636869342110026,0.7428205525303377,0.7424831618886021,0.7781874065297247,0.7230011064689874,0.7805764038465681
0.3652253076143189,0.8039312173799666,0.7570829139445928,0.6374854434210921,0.7688224998463392,0.7246478612825306,0.7642363055023808,0.7329521374775095,0.7598031748873969,0.7350620579717055,0.7696693843238842
0.3401809392260762,0.7548152527700807,0.7757343837496602,0.6600901943701767,0.7698953576912878,0.7425913913798957,0.7652782025362956,0.7449968612501334,0.7403654174611254,0.7532005525056865,0.7768182749434025
0.3463818362266963,0.739912881904556,0.776164614081541,0.6241066597156624,0.7759390104669621,0.760194817072109,0.7805941007551873,0.7260562119793403,0.736459110607952,0.7680992836967722,0.7813586837493389
0.353309168401454,0.7185280877142195,0.7703928860966384,0.6610568279497939,0.7560597594491301,0.7449231981627897,0.7425331926006543,0.7434786626188665,0.7202430648475062,0.7717778177194886,0.7821365244273314
0.3377087085123514,0.7344419294256712,0.7736834145949343,0.6691090292971524,0.7333257397151757,0.7308049407056798,0.7661148198180949,0.7060858005457207,0.751336057826304,0.7781928551401507,0.7969182192657871
0.339814179927285,0.7335236477606493,0.7897135386528207,0.6987150306781535,0.7480742280773136,0.722029012872322,0.7762944717498328,0.7025288315244195,0.7477532536434697,0.7086000850900612,0.8058848493866515
0.3435499220956112,0.6905676024209203,0.8100673007104027,0.6242528289570668,0.7474239296825179,0.7361843855363488,0.7554894505263424,0.723978152672168,0.7426121937031842,0.7155520158543429,0.7858895635234276
0.3352910606547033,0.7213905960872203,0.7413922497939983,0.6814241332359232,0.7604712578252066,0.7300130187893503,0.7563547709596217,0.7253171857028518,0.7657553358577744,0.7303688393383263,0.7900189725468462
0.3330785848914096,0.773244374866097,0.7226272522557416,0.6383151735724647,0.7502411963119152,0.7710450525107906,0.7694792387194611,0.7407097855075009,0.7667386471702288,0.7250650038169575,0.7777150011906317
0.3561655940833712,0.7362743746540557,0.7537688639735145,0.6979790873841549,0.7287279709718049,0.7405234080008167,0.7082379297600098,0.7129275768420461,0.736721110116849,0.7079694654681659,0.7940153027022729
0.3329743008626899,0.7484926389024357,0.7287737504816518,0.6975061886013921,0.7092903720371483,0.745148007242815,0.7442672820359723,0.736022113316517,0.7554970614276127,0.7425431702233433,0.8052422904118998
0.3565600642435689,0.765633482295353,0.7409471147301889,0.6431054994266309,0.7272570168075319,0.7605734130403909,0.7499116655851974,0.7530256483162772,0.7487244384178003,0.7557445748297074,0.7914991725970445
0.3492022898272828,0.7191001223216871,0.7706300195717719,0.6656530299904895,0.7206648934080627,0.7844225772655625,0.7527742960876556,0.7058899493156776,0.7308397040820281,0.7470990648806656,0.7955105995212112
0.3517567448245113,0.7254367641519763,0.7143643025047962,0.7052200785015925,0.7370035832562299,0.733061569265142,0.7787058080209701,0.7257761271295959,0.735088352810437,0.7250190768866996,0.7749120669119469
0.3496960522507081,0.7506629885138212,0.7377693365082507,0.7161507813832602,0.7517671071959535,0.7457739043797498,0.7798065108449432,0.7563139062012948,0.7484099198983006,0.7495667976054593,0.7698075824623392
0.3492718797119401,0.7718434130858911,0.7241296189262327,0.6907797786885853,0.7781853628477814,0.7614816160765439,0.7666734256595457,0.7270128708975933,0.7648060500094312,0.7469845448032134,0.7761777792283445
0.3431122273609762,0.7500516509142856,0.7427946825874165,0.7083673693399781,0.7717639203384721,0.7667155605681764,0.7491158504904892,0.6897340485418589,0.6929242995877702,0.7577943095531721,0.7908179341823462
0.3545191795993123,0.7640701182818963,0.7459075573820566,0.6616890748039967,0.7688851508840872,0.7483186651149168,0.7680817446288941,0.7377974829576224,0.7213676261312257,0.7358530584271517,0.8026045930893511
0.3629980334225402,0.7484328080118784,0.7669654030059201,0.703081045121102,0.7837864269873347,0.7469051393011588,0.7862291814720679,0.7406405411685686,0.7475511017100224,0.7382508916794227,0.7879194802446836
0.3169877272796674,0.7635014123666627,0.790212204956728,0.6881639883126195,0.7658199383503448,0.7579411250506436,0.7812249843301814,0.7476811559816605,0.7764898211204982,0.7361793976760896,0.7930413975614103
0.3370842035800517,0.7397081469203634,0.7420686855965063,0.6666635221793431,0.7264682256656589,0.7145331595311801,0.7639530394435464,0.7400318523989734,0.7006644772285532,0.6777695437777618,0.7980853201732022
0.3467091104418534,0.7476814538697054,0.748736563393225,0.6906966018378318,0.7346092066437387,0.7383955364522305,0.7441074582035272,0.7520411861262568,0.7204843618856791,0.7109051293384372,0.7777047320658462
0.3317678368962876,0.7676391752568319,0.7588397845236295,0.6946549137813534,0.7628152308328014,0.7499534682000103,0.7815869536048448,0.7145497890364108,0.705104187229599,0.718675105565295,0.7660716880048769
0.3299113668905786,0.7679903596490457,0.7647083277263367,0.6830109434303315,0.7727805743434417,0.7533421405591865,0.7509426521168903,0.7429810770982246,0.75363978599452,0.7446657143633885,0.7699898842890076
0.3359865421721635,0.681784828276828,0.7363343615035766,0.5979276265891015,0.7761429755054352,0.7669475290506893,0.7648909650137754,0.6776673541220762,0.7441518306772761,0.7630552017551033,0.7516856908732604
0.3137712924499368,0.7141446374013418,0.712959626352694,0.6273881438634046,0.7696845309368534,0.7682367242599275,0.7773016355627027,0.7379581078280875,0.7430628866853092,0.7786539429584917,0.7758073663415651
0.3334542226356702,0.7077953248510251,0.7275053620412726,0.6389144198702228,0.7511997498086851,0.7842247479617526,0.7690683781855938,0.7460296436574254,0.7515139363680527,0.7492054888885523,0.7779123520107207
0.3436371455798602,0.709868844579812,0.7358804586045444,0.6685631677650271,0.7700991585528707,0.7450540599577706,0.7551244527295281,0.7471895180599292,0.7567997682922065,0.7613375173461582,0.7794429621803337
0.3428987460703889,0.72435705302819,0.7554123627336914,0.67082505017827,0.7692652413373251,0.7197032473274754,0.7845653609446259,0.7312316958364694,0.7569808782640269,0.7768276609372214,0.7879453815832422
0.3486072450938923,0.6501927221764011,0.7289727275165344,0.689263117251713,0.7773693418175255,0.7336147143394889,0.6951345263996813,0.7499100208875422,0.7550712349645057,0.7780985893948339,0.7515060749134324
0.3037120605130642,0.6796987243605445,0.7419475961589911,0.695223090951317,0.7736403311157048,0.7420770493301022,0.7577766859650986,0.750229696664829,0.7268205734947603,0.6933407941991918,0.7683377115916916
0.3372236263592996,0.7143398234992966,0.759663339934187,0.7003614477058161,0.7795577274475821,0.7434482013584129,0.7933530568386542,0.7159627166536112,0.7384491797044872,0.7191737739185902,0.782471870934397
0.3535543109261331,0.6994698738195764,0.7314040230132387,0.6363326293047443,0.7638654588510622,0.7347585699754962,0.7576691221313984,0.7172395861561689,0.7575148892861159,0.7536469128102662,0.7819439970010121
0.3344647326288668,0.7053531508002766,0.7682644272691201,0.6472160085114487,0.7777782795557371,0.772058049460546,0.7563550872625319,0.7464728167532998,0.7211675336158025,0.765079073958264,0.7944881067979965
0.3479686428331303,0.7384004802816789,0.7567199349281993,0.6877435206535447,0.7864831574201263,0.7619856888518612,0.782999899162928,0.7553445507258196,0.7421284262027305,0.7355602137955269,0.766142722529545
0.3364570023521016,0.7275157255521271,0.744825232040764,0.6394440615702379,0.7673599505660536,0.7657552605435427,0.7769008443465285,0.7355890547356904,0.758809967636224,0.7187691225386985,0.7848702775972622
0.3448179970643591,0.7487729148570197,0.7695192467153081,0.6357916229983336,0.759795475041396,0.7090190332830697,0.7161405089694516,0.7299620937050361,0.7608965825288725,0.7153362404203452,0.7240164584812095
0.3504604236652014,0.7505124163531292,0.7790401922452306,0.6908429514792489,0.751892376399108,0.74231460403377,0.7453187411514071,0.7578303826175816,0.7130569357048291,0.6882493822135438,0.7539040956545635
0.3244978579290759,0.735234966477602,0.7224568064851574,0.6982626112481638,0.7696477576745505,0.7272745493721019,0.7233672598727044,0.711803328685774,0.7521599072689296,0.7191629251128012,0.7573190694059713
0.31176057947566,0.7523720130592475,0.7435730582341858,0.7128610182636992,0.725971840517093,0.7591341497456418,0.7573361880837237,0.7388185873524951,0.7621144903331112,0.7174409208480046,0.7718743236035894
0.3352487551553553,0.7351393782952828,0.7292743873930195,0.6488436613751042,0.7561425710671199,0.7187143835770493,0.765472388896492,0.7494961633215247,0.7692409438687693,0.7292090084428338,0.7617474332265618
0.3169655162131785,0.7528046721188617,0.7096639000639317,0.6501647704820984,0.7502132946033284,0.7285376134950005,0.7767923251534401,0.7635655957984003,0.7576809421551842,0.7597853366314099,0.7444762457807924
0.3482596644654934,0.7436480553597468,0.6737966615568396,0.6638773535247312,0.776342061331444,0.756002794412463,0.7473220587374063,0.741677180302233,0.7655696252166271,0.7556535268954991,0.7340994521330707
0.349571312241772,0.7242119868029561,0.7253840608754436,0.6687542993671183,0.7497841161909051,0.7594129802725156,0.7629515883676995,0.7567467901772722,0.7731944238861586,0.7471186707443003,0.7641898943614154
0.3359967116052751,0.7128623767816764,0.7590456723650831,0.6545492237946791,0.7469246066250526,0.7666972391118038,0.7691350005213502,0.7505881093496796,0.7575041614061419,0.7340060660108552,0.7483955855023673
0.3395341840283758,0.7361903258167427,0.7708901842775784,0.6698111679897545,0.7416658929417047,0.7489582045182567,0.773167883838615,0.7429211903266976,0.7535963277618615,0.7507330984340861,0.7294727622371971
0.3250650091775038,0.7418972347672749,0.7698369870686961,0.6542299690043689,0.7064032162333552,0.7526260904597768,0.7751349023470497,0.7404252020788594,0.7628629729667253,0.767486676959477,0.7676645139671828
0.3331005433680646,0.7406453206157746,0.758463130696331,0.6898267140961141,0.7361171401638744,0.7266846974036572,0.800568155653251,0.7454939793445838,0.7598205494063771,0.7686970916122671,0.7774157579789616
0.340483103438201,0.7644649065842862,0.7443209697565212,0.6156546281235106,0.7252513730134666,0.7477844936443314,0.8051981401622508,0.6903622749644293,0.7624102719329224,0.7434804413704311,0.7878152832739511
0.3396005323302453,0.7426284132245372,0.7839897440521308,0.6599674855387371,0.7650344859434035,0.7726108341982556,0.7887741673961082,0.7193567494384131,0.7579948528152121,0.7469402221845269,0.7887589643703661
0.3553795059531643,0.7665170950736213,0.7760369250364183,0.6497819235154285,0.7801071744203703,0.7306024148095824,0.7274813616736772,0.7182856940565214,0.7204744036181249,0.7542770018743759,0.7898697892618702
0.3521806539069811,0.7542662270239662,0.7771647790932144,0.6685641409577734,0.7535353792557271,0.7154356254207551,0.7517918515871287,0.7432112117112375,0.729731696617361,0.7054158945923432,0.7528277508394473
0.3179288147435351,0.6961980166105921,0.7788283631684664,0.6882427692358211,0.7443319287580019,0.7261245671007031,0.7602826587093772,0.7657494266131821,0.7391726144410204,0.7127068256210551,0.7633772567536663
0.3087960862783794,0.725339944910518,0.7937815869880387,0.6886758604070677,0.761235907645379,0.729488251143231,0.7631546443564737,0.7730798756781052,0.732059868630837,0.741566217840647,0.7681282774192331
0.319480912627246,0.7376378097871368,0.7499533409275811,0.7160321516214684,0.7733867776099337,0.7361638508183885,0.7624148999733684,0.7724597741769293,0.7469393395129102,0.7485761140471026,0.7833684955248033
0.3359725966494052,0.7143925075691853,0.7398073500526005,0.7177916058473133,0.7605679246598017,0.7599462715622494,0.7824107467918764,0.7461460657778782,0.7436155353806778,0.7558404812990798,0.7428583249941877
0.3367016206245257,0.7294842491626593,0.7557097135670403,0.6469489863717232,0.7690766048527045,0.7763681623228638,0.7737603014023194,0.7279079875604614,0.7515860544760228,0.746266026358684,0.7668539410333719
0.2969515229751609,0.7592284638544577,0.7316763682630586,0.6804937603602279,0.772521590334803,0.7770929656198051,0.74373321876805,0.7496910655671738,0.7855966513047259,0.7560296577872991,0.7795759191295583
0.3285267577304749,0.7188416677581985,0.748922383589627,0.6836824961690404,0.748126707673219,0.7803321495014344,0.7767999985458838,0.6985843435466152,0.7296721765248166,0.7023119847699071,0.7862312961591365
0.3300719901490589,0.662971701443886,0.7629422655555613,0.6849638572607697,0.7566927025980861,0.7360913847065985,0.7885389600427566,0.7073393147107456,0.741271180206653,0.7268862318421077,0.7696169392831302
0.3229074863459781,0.7433258026367779,0.7465831254867775,0.6717032689342894,0.7636109614033496,0.7245065492742223,0.7886866601731282,0.7350205916437413,0.7545458005750048,0.7226189666810287,0.7516116010202941
0.3265653910970083,0.748476218130218,0.7536460274870893,0.6793768435898747,0.7458821720011123,0.7471141041977999,0.7915681435853813,0.7504088860443932,0.7570894818067815,0.7467646680487401,0.7841374376008228
0.3158847710210551,0.7388730719128748,0.7341955926509335,0.6056023110779974,0.6754666572837285,0.7239552215218822,0.7731600654654682,0.730802495085426,0.7576172289356666,0.7524427254272705,0.7668831396416134
0.3113029925352827,0.7531702890323653,0.7434234623095572,0.6380785852620418,0.7328046471291272,0.7437347914624994,0.7676254336825814,0.7418284093933571,0.733733293618747,0.7476489307524808,0.771845402934424
0.2655661641850829,0.5898916304076142,0.5546728939655279,0.5491007777526007,0.7011499489644676,0.7515376681414372,0.7841144890686234,0.7487739529229583,0.7521392683112612,0.7687658678974942,0.7405870271389363
0.2655472795349096,0.6002819826416288,0.5743556927074658,0.6028709467802302,0.7185516746380837,0.747940616036898,0.808810797928205,0.7551801363079158,0.737036023089818,0.7728740815165056,0.7444146944748901
0.2706273576514749,0.6009558003270616,0.6012807873474306,0.5763667099102399,0.7156402135293957,0.7572037140135902,0.6989489490868581,0.7555013538763473,0.742834753952737,0.7717411977682678,0.7663679146060172
0.2551538143231472,0.5898522960760518,0.6289776104318185,0.5985957862938187,0.6528920256557543,0.6988889329977589,0.7253996700431007,0.7543985168881816,0.7592179209191534,0.7120985851154278,0.7683488194654968
0.2525479966699382,0.5790750551677807,0.6807191339267138,0.5986529860618834,0.6824064266559227,0.7275678442502151,0.74288180468401,0.758053139863757,0.7427526470648421,0.7332092111384825,0.7647432121213267
0.2429599949126687,0.582440274834427,0.6871705571321518,0.5881327039997999,0.6605542117403839,0.7466295779208648,0.6999664514872846,0.7609751395521547,0.7567013370147726,0.7500105613494694,0.7407940231712828
0.2578907509115019,0.5494096817402592,0.7285028539550775,0.5846287986144901,0.714054604968791,0.7466692503299096,0.7172234063770415,0.7645284835818069,0.7482734322246815,0.7842501374199496,0.7686444851272555
0.2122987090188465,0.5553553802384584,0.6114956572847523,0.6005047051507696,0.6295557894585329,0.7317756732061687,0.6943688211151215,0.7449489011896867,0.7654703809598331,0.7366948988803871,0.7766619453641492
0.2081583546135814,0.4331204308591655,0.4940989042621171,0.483150118305692,0.6941964367966458,0.7320597074736347,0.6755161573218238,0.7205542857199533,0.6771865403071159,0.7269771809264525,0.7884538454025316
0.1835616174093964,0.4496053792430695,0.482491293605393,0.5512278176996162,0.6958492362551836,0.6955524972854215,0.6504681992157659,0.7402283343815061,0.7144820417455647,0.7405498850060033,0.7473113560771417
0.1868846091395807,0.4766237176013003,0.5269795663768468,0.5241408678306182,0.732375874901501,0.6597508582620438,0.6455749967993737,0.7696685340584337,0.7496997344323253,0.7500916193676741,0.7779748779217874
0.1993516991418106,0.4783299720413795,0.5667571851489306,0.4546709798739549,0.7068280084126228,0.6599948847320696,0.5348782150764755,0.7219554246659688,0.7246022935935807,0.7503814856873819,0.7735680085874093
0.212098479162734,0.4905875075027803,0.4586351152985088,0.5231785067744255,0.6752492194924429,0.6715373652536127,0.5664984016127659,0.7016167722532647,0.7349629473690504,0.7723976872864099,0.7465719698558485
0.2203633047011015,0.4938788467997946,0.3749219148448942,0.5432282823455414,0.64501662650304,0.6796678180031404,0.6288855760636278,0.7141364942019705,0.7385688751922579,0.7092138405017693,0.7607577548380327
0.2236929565636381,0.4905029031511147,0.3927212961265443,0.5547912203883454,0.6437453996202681,0.700375953061429,0.6804037734038797,0.6956650691773663,0.7247361406795204,0.6581246157276003,0.7730224771400449
0.2298007883107548,0.5101004582691154,0.4367659890472374,0.5636503343343573,0.6948846342516066,0.6965333440980368,0.7088672175471937,0.7098114597183992,0.6987759015386481,0.6973256181284697,0.7832988660504798
0.2392333281804743,0.4964529488611594,0.5252411848744304,0.6177931971491291,0.6673940481238322,0.7079611706685031,0.7190468828582951,0.6602188630130772,0.7100894148262371,0.6678127551721267,0.7811565078088486
0.214860790782058,0.4245728484286873,0.5362747142528067,0.6142064783245291,0.7095144610237667,0.7159433238014128,0.7576985771087452,0.7145367225286062,0.7396381736694719,0.7052153215717656,0.7481286425862859
0.2151776669618204,0.4014648182287406,0.4033141370088111,0.6363145826266285,0.7255786618489761,0.7208027935900807,0.7428439378251599,0.7525946371854888,0.7453376070562601,0.6972287317537713,0.7377904938323129
0.2171151684146833,0.2801204803383679,0.4867529251377321,0.5755928766923166,0.7426220220861524,0.7142182119042336,0.7577947869208214,0.7588489399299561,0.7753746135928634,0.7087363553374904,0.7499122719009533
0.241518582221626,0.3076773303345514,0.5260309491772083,0.5716680829593019,0.7611106514782862,0.7029276505200128,0.6979064468276608,0.7678120656597678,0.7621684815670096,0.7480700743135693,0.7438068693726599
0.2639362337976012,0.3555522568063987,0.5969850477826688,0.6101341975170189,0.7298791082975199,0.6757242135027154,0.7246276736680974,0.7843665012516357,0.7250955858112533,0.7417508381009489,0.7632481328103558
0.2547526357966623,0.3708792334733462,0.6013170875272492,0.6549588998486511,0.7452263337630182,0.7054374026007133,0.7515767684807979,0.6926721426516,0.7402665091971963,0.7478852078836535,0.7428915491437585
0.2625949419616225,0.3885326881769854,0.4981628012779965,0.6410207476327541,0.7507242827506917,0.7095160362332409,0.7642392512487717,0.7026139019762505,0.7322031799888499,0.7379983337266985,0.7612586380533684
0.2874922437956524,0.3947824902029303,0.5302474780456852,0.6386444610010129,0.7467164730052677,0.7457571690250806,0.7303533905819377,0.7250717202597916,0.7425042727478193,0.757118271915531,0.7641170310190368
0.2651827688905648,0.4026199759533853,0.5010916818089272,0.5902688280646178,0.7692613467705642,0.7269404068221851,0.7592483400584364,0.7230239299453549,0.747362264800487,0.6814204419946243,0.7884062280626316
0.2671649628799794,0.4638318507666722,0.5305364732110365,0.6080324813007867,0.7739110987838134,0.7426039808698384,0.747003520413035,0.7046152570969837,0.7518093159441355,0.70287085174279,0.7687002885292353
0.2816920141130847,0.4922501553831584,0.4580206005702605,0.6377269385327959,0.7639637801274806,0.7097830058520189,0.7698702902471011,0.7100424234330622,0.734998558282123,0.7102075402684841,0.7875398102729143
0.2674991634610952,0.4423678375158085,0.4854935953532634,0.6769336555175322,0.7548359502661868,0.7113720599794289,0.7328773982875376,0.7115689028506234,0.7477214882649481,0.7385936891379756,0.7988031053397424
0.280554012246022,0.4749898047610494,0.517431869389636,0.6878243452180454,0.756664030501329,0.7493061874205593,0.7508084626723022,0.741784356730416,0.7557205074591686,0.7448631619301067,0.7725653154110375
0.2994585013028399,0.4845309943597323,0.5518678926689466,0.6367225304818178,0.7506332840473794,0.7535726128138425,0.7074492502435159,0.7589449067310096,0.7147319745789715,0.711284436129238,0.7323864178705168
0.3121922041084463,0.510851484019288,0.5767426127657218,0.6478521570828832,0.7395140550276046,0.7148421623786697,0.7500604043901797,0.763310874938242,0.7382271700550437,0.7440493635247392,0.7583923655080139
0.2743253437697196,0.4684625196938687,0.6184910167393883,0.5886285419342803,0.718317105600681,0.7425141051080604,0.77653902763375,0.7385074048193038,0.743621822919301,0.7350956495013705,0.7608946222134572
0.2511591456383062,0.3392864567982142,0.6800111678234666,0.6270062968907459,0.7343015630697021,0.741458782891579,0.7340439251396754,0.7474269849641922,0.7936753127480016,0.7270018087431562,0.7325084743615999
0.2591786812252453,0.3407613047071705,0.614967702968827,0.6179022595414652,0.7549481782932843,0.7263195577030519,0.7434137321159742,0.7571657106097511,0.79387746167766,0.6945723861030884,0.744966343305552
0.2692370747103142,0.4181467348036967,0.6430949119456979,0.5125357756450811,0.6784049448840406,0.7163985739938107,0.7511284461076422,0.7652622847264297,0.7566065936996275,0.7247146783011431,0.7625367862360228
0.2920143149210983,0.4588749989870108,0.6184550099244674,0.6039698445581534,0.6946398932745161,0.7209871816896587,0.7573293484665655,0.7696279481454757,0.7396428753909124,0.7327420941398518,0.7728811034027863
