RSX_BPFO_0,RSX_BPFO_1,RSX_BPFO_2,RSX_BPFO_3,RSX_BPFO_4,RSX_BPFO_5,RSX_BPFO_6,RSX_BPFO_7,RSX_BPFO_8,RSX_BPFO_9,RSX_BPFO_10
1.0,1.0,1.0,1.0,1.0,1.0,1.0,1.0,1.0,1.0,1.0
0.3568426163882445,0.7980558308982586,0.8242917435339029,0.8435227409818546,0.7889207049241386,0.8091250642155273,0.7716210143073918,0.7252331137646703,0.7748938688409311,0.7743841875804536,0.8113663601245269
0.2936420258125886,0.784887505474118,0.7762663751444024,0.8019033193052033,0.826438524699264,0.8196863021479553,0.7491681019772397,0.7674074831533053,0.7717356828969817,0.7842592544850314,0.6976747862812853
0.3727780759501601,0.7667476797810726,0.7125495520100501,0.8319387616317386,0.8148539609471684,0.8167534290783927,0.7880381338789845,0.7625515962686311,0.777144869259249,0.7352749535213164,0.758712656273595
0.3553076652683976,0.7701294740893553,0.7657681840494358,0.821170949025645,0.7962876299698185,0.7830972004826925,0.7864567346714962,0.776829228857679,0.7453909248545137,0.8028155686319157,0.779469091406226
0.3320984245090655,0.7951702878766763,0.7831634936102235,0.8431658641334686,0.8448727856164844,0.7913453989979401,0.7772299208986251,0.7808027797450097,0.7580824623213686,0.785984220031232,0.742736861444845
0.3227189570286582,0.7301377599587962,0.7959936407482714,0.8270070369749564,0.8043177891424408,0.8170307377044127,0.7427363046486308,0.7775096445753882,0.7707258705412458,0.7618392400621455,0.775580551146626
0.3232483287355333,0.7649810889181463,0.8180276474704132,0.8062026564100248,0.8169441070911393,0.80511083620536,0.8195277737363535,0.7528145086666309,0.7323947525783366,0.7645133637070781,0.7605490377190994
0.3449720908576738,0.7864856868369455,0.7949743296238585,0.8229349513775835,0.7936029732324578,0.8157690410148287,0.7621454011531051,0.7212353787527904,0.8022356556240063,0.8031046321862148,0.7327810810284757
0.3484470255648912,0.7610582223135234,0.8193734992351108,0.8463376975285466,0.8024159472232445,0.8029077491083154,0.8238300170147659,0.8111869584045837,0.7490946731459056,0.7909273044846972,0.7432270376295991
0.3534708560766118,0.7678829464202275,0.821778625957717,0.8219405493191616,0.7773763128774112,0.8168895300243366,0.7673018778151823,0.7516625022485641,0.7596306344604785,0.7827453581828766,0.7783549232944906
0.3370941748141619,0.7934552509346686,0.7596909064440254,0.8432206175087935,0.8315476301585882,0.7839075368465701,0.7886847807708499,0.7816921184652745,0.773001409773892,0.7744903154740795,0.7561452895875801
0.3455231232614274,0.7875860226920957,0.7571966977708039,0.8278027399677603,0.8184953073380444,0.7995367763383808,0.7341791245947702,0.7847966649606472,0.7493985647396467,0.7565550417486917,0.7138929514777985
0.34268361573832,0.7619225977952568,0.7755681499644618,0.7850866680249268,0.8216789599704764,0.8041189406898352,0.7750343982130288,0.7621016433077377,0.7437668683941626,0.7759873717991437,0.7271697379282402
0.3353051224688269,0.7625624458861404,0.7972953695968268,0.791978688297871,0.814151507325398,0.8088957559528671,0.7720744533618638,0.7606690048679302,0.7590370967605272,0.7914612572238707,0.7383818330648722
0.3342569697092009,0.6425290378099523,0.7411677871994407,0.7924879752538154,0.8228817399256108,0.811153623478551,0.7732756971206285,0.759007337211049,0.767501599826157,0.7656640245416605,0.7488545874472015
0.3440340793593527,0.711818258336729,0.7665654554459552,0.8015620519016486,0.8283275529816596,0.7819188399650346,0.7774659079727722,0.7373945913603104,0.7625655008509103,0.745642848631356,0.7642178340277327
0.3459236953575758,0.7395747044724262,0.7751309606712703,0.8074103295279097,0.8270734634380076,0.799287254722412,0.7255004064844882,0.7182227548500415,0.7496822416077987,0.7630802346611125,0.7198072114025439
0.359797812180153,0.6735422474667178,0.812775218030375,0.7168941665149872,0.8279958232678045,0.7975370665603282,0.7277969385779872,0.7405041397777394,0.7265871252569258,0.784934560202059,0.7343016315857605
0.3327561768074952,0.591500861705658,0.7206683533293962,0.7462811579605305,0.8306749128808126,0.7801017206261057,0.7573716330404052,0.7509750393544836,0.7298791364550936,0.7972759215679053,0.7534762354913261
0.3513234044523868,0.6184354571940478,0.7219849423747423,0.7312329670385749,0.8254869255415354,0.7880563539959604,0.7886114525364953,0.7726836128546377,0.7593941097243423,0.7984608631967651,0.6835868853369101
0.3513113242970567,0.6103113327339776,0.7354828188423093,0.7803411994841816,0.8370882928329266,0.7919812207103819,0.7735385742635636,0.7084158939859483,0.7778638000897131,0.7727923828597629,0.7029439244429039
0.3153157741932407,0.6292581759747844,0.7298665831648522,0.7977646957530355,0.8249858126484281,0.791333682328748,0.7816395745794416,0.7578005779224504,0.7788427627740644,0.7914401490981238,0.7336480779507617
0.3459750486541684,0.6683882074224115,0.742476418170543,0.7163022988974437,0.8050349447625283,0.7675077741013191,0.7532210443986611,0.7676144127220554,0.7969375057829058,0.8113262839836624,0.7175483095712538
0.3483723127272816,0.6880949980220045,0.7465774078312497,0.7202545568944139,0.805897272437573,0.7741950432924218,0.7800681751554522,0.7906682553717889,0.7537211395820435,0.8120983132410211,0.7523283148482853
0.3516751029122875,0.6549811734600408,0.6858823742587518,0.7389368476071039,0.8088884362216601,0.7493941973898365,0.7939283834034088,0.772937362900867,0.7551776462823525,0.7592940447277796,0.7285306040276326
0.3537891831788931,0.6765959610900902,0.7223934767264053,0.7200452067310663,0.8283537642705991,0.7701411559324655,0.7629879573954896,0.7826558173093707,0.7748761943970596,0.7661041069246847,0.7598230251560616
0.3085135890729038,0.6885015637353105,0.739706118587611,0.747797615650664,0.7774458683269679,0.767916719558481,0.7808470315657188,0.7653505500234236,0.7249075757099182,0.772170746685763,0.7741826893086772
0.3164722386812936,0.5997096956729561,0.7521379145343585,0.7203372587309406,0.7858347443085785,0.7844478638552581,0.7764476699221314,0.7419689772431813,0.7407308671896781,0.7734463317198443,0.7508371647536692
0.3215963440516067,0.634848033494491,0.7482913375485131,0.6954412752459768,0.8104978504156977,0.7933261856179834,0.7747121024213465,0.753729706350317,0.7649657163490946,0.7692005568378052,0.7648264756541607
0.334534571382404,0.6580810865688433,0.6864943974197852,0.7229235145289097,0.8130100974151022,0.790654018345497,0.7827802288860428,0.76623273528729,0.7938053720292617,0.7804626221083386,0.747686344308631
0.3367493920157723,0.6142181986422814,0.7145669413313488,0.7133352502683433,0.8041011374029033,0.7870840215637507,0.7366953570150584,0.7694203573322473,0.795970765886937,0.7771389893024976,0.7571138254605476
0.3354151951091721,0.6563878339101133,0.7167592765727475,0.7242820734755606,0.8107567217430747,0.7608046658243283,0.7783647737365704,0.7918382453820738,0.7729493790582367,0.802015896024896,0.7555996074410757
0.3123318867137091,0.6184796514553077,0.7346153165337741,0.7274282512297883,0.812462044137601,0.7816981075904942,0.7658208217976992,0.8001582947705036,0.7991644691497791,0.7862153942549601,0.7708615060838999
0.3239735442957626,0.653485442857525,0.7636759283476777,0.6986095482905927,0.817997063347607,0.7716875586053981,0.783451521351711,0.7869495238103315,0.8014454579588587,0.7994946019010412,0.772678008114416
0.3258905236338884,0.654902770111508,0.7321518878564459,0.6763136461426517,0.8024437309939931,0.7813493269937697,0.7763030183084857,0.7767069452657529,0.745084157952918,0.7628026946850077,0.7751483415015579
0.3319670274400233,0.6525066962834621,0.712012768102637,0.6943636709953451,0.81260575078111,0.7424171093379593,0.784541350659508,0.7788398572946489,0.7521770659172122,0.7710965356326998,0.7893321991037733
0.3188462579979522,0.6639186456208499,0.7086594924348836,0.720098846660086,0.822790898930316,0.740984107189029,0.7550526257939879,0.7893988441696864,0.7724139149572311,0.7795136750643967,0.7413019307435709
0.2919178461885089,0.6776995399089594,0.7255111392384869,0.7220933645786234,0.8010844730397546,0.682328748741813,0.7778038084650762,0.7463833571444884,0.7703436849364023,0.7971469820841399,0.7658798336977153
0.3112291070970625,0.6260923072802802,0.7511218070034755,0.7420046118109109,0.814996445420878,0.6987899811328973,0.7726992939783297,0.7752814759854769,0.7773367773304081,0.7904388136852152,0.7717370795323953
0.3162735686749242,0.6494158649987452,0.7605007807703991,0.7042651737842909,0.8170964049842474,0.7298161283470107,0.7712450717214108,0.7817136503369433,0.7020384552984209,0.7676162749946082,0.7847033100842733
0.329082614768984,0.6565319128402409,0.7487213323233324,0.7333988179582385,0.7761935850117806,0.6861746786068458,0.7858729358088359,0.7721944294318964,0.7221877523379165,0.7867214014970358,0.7334094991224583
0.2901064840102513,0.6276808778627484,0.7649652696896115,0.7617813073117912,0.7848826774622846,0.6970080079448617,0.7634235182805332,0.7897222670278137,0.7150213078454078,0.7671176624239806,0.7363574056619067
0.3060437047726303,0.6540930620608705,0.7761704868618358,0.7460791511983799,0.7903265496338208,0.6839866648381612,0.7727760658002538,0.7632206713332924,0.730417782293953,0.7642832498067745,0.7539720347296719
0.3145386353078253,0.6704911713408866,0.7191838523741323,0.7365051578349718,0.8013251308108132,0.7283879144820162,0.7253260730988057,0.7833779817961068,0.7588115141419787,0.7923394671806316,0.7448155458376611
0.3213177758666372,0.6956393960414228,0.7375525034970523,0.6524227854441612,0.8211588454001726,0.6907810214458691,0.7384124554865922,0.7222799523260017,0.751128032290298,0.763389257241703,0.7438297764738931
0.308732370625056,0.6880017790845564,0.7529901803593684,0.6952059336349482,0.7817988148019888,0.7016135148418466,0.7566677596906414,0.7536765905429685,0.7686859057833311,0.7836138520470992,0.7612616824103065
0.276810344598315,0.6465578209969943,0.708144920888361,0.719132408876408,0.766639778208041,0.6912441731403312,0.7611829575140641,0.7460979034805826,0.7787575502782222,0.7709737050717886,0.7660141660401643
0.2796953710460909,0.6480128003701215,0.7586475780165849,0.6922708053239388,0.7525931091844078,0.7393131011974556,0.7657052381521724,0.7690362840347418,0.7724494152775633,0.7733094491869372,0.7198604011969179
0.2972751203072951,0.6771292960815612,0.7115212818484608,0.7002296580924119,0.75970534108233,0.7624163742788777,0.7495444812330929,0.7805417200008105,0.7717631193770204,0.7729768552343603,0.7597537535323222
0.3254301600610713,0.6827094981019565,0.706597178076675,0.6633970210237916,0.7698487342816812,0.7211400821285918,0.7428920908461741,0.7992631469293929,0.7630231436288833,0.7779720771467908,0.7533952675122585
0.3239948813326519,0.6976509657734561,0.7513896621987931,0.6904963627957661,0.76690345314121,0.6965453055633191,0.7532935960583561,0.7468714757065429,0.7710144705840771,0.7827761320171446,0.7377570408567163
0.2840196503852206,0.6835836391053004,0.7182443979313109,0.7084523509904997,0.7890747823869619,0.701399256646841,0.7712065580062841,0.7658453800844014,0.7507948123984414,0.7671366856173346,0.7582971448190754
0.2943620363073349,0.6591883897374474,0.7360587759278001,0.7135282145747845,0.7819024660703339,0.7022535185200807,0.7826049110201478,0.7685645915030359,0.7572785232619106,0.7570199048539176,0.764289117782885
0.2922836173433558,0.6810834572310303,0.7338486117526025,0.6604791540230298,0.7854162049755133,0.695787942320867,0.7918720997229456,0.7720970992403531,0.7740709766151616,0.757976127418478,0.7600236949321387
0.3285805687265445,0.6698772268834996,0.7347733848544613,0.6834208738463834,0.7998915467198062,0.7092619697522753,0.7580129733696458,0.7852974595264286,0.7653584510888382,0.7606295569344081,0.7570923109761051
0.3029851002872465,0.6447883550528525,0.7260752549684928,0.6914249230701881,0.7993638073851888,0.7123753664513905,0.7589035170021725,0.7768569320555099,0.7840968229391407,0.7529056391752207,0.7577401311651878
0.3107181684161665,0.6494570543922547,0.7456704960905731,0.683069663964538,0.8029100560817907,0.7219402704567708,0.7502471261101517,0.7746345393283217,0.7833858671347896,0.7767365203475785,0.7654477408136979
0.3006046735073006,0.6698822852309273,0.7272431888537417,0.666694683994731,0.7817536425210159,0.7431367349794124,0.7838875693058525,0.7601942924687574,0.7465515212264404,0.7684342906158848,0.7760086053143704
0.296716142886831,0.6784540598271577,0.7392906837766,0.6985979591430428,0.7850128847578584,0.7644705373719292,0.7736063286314614,0.7807957042978827,0.7531375876097928,0.791182404350184,0.7275771819223652
0.286036318969407,0.6389023328738513,0.7495293629650969,0.6585834768509056,0.7633206688135997,0.7633622739242657,0.7731804229944558,0.7827970543116475,0.7593996152803557,0.7868184503609105,0.7278234853221558
0.291204030667213,0.6760588329460031,0.765221161775347,0.685191575856766,0.7891319223843463,0.7755593163258787,0.7795458615544114,0.7695445017427006,0.7630438768415384,0.7928827888231273,0.7296286820446056
0.3140445808743175,0.6794413764111907,0.7638353802801664,0.6521614905626086,0.7934410177909945,0.7679297866821582,0.7840224063617613,0.7467722163066332,0.7698528989419317,0.7996670469812741,0.7133383533624407
0.2822333763169182,0.6703057011166222,0.7455976863059914,0.6664662845665903,0.8007234283095355,0.7734744017539134,0.7807770596234512,0.7572179380893314,0.7703132085131958,0.8074170426201739,0.7431441619211907
0.2949681939960462,0.6901433474845124,0.7551862379437493,0.6205745079051079,0.7797304632978213,0.7630843674389644,0.7968662331558565,0.7928605410975917,0.7902479238916368,0.7793357580599793,0.7561508871281877
0.299653793823633,0.685936529763808,0.7417844265160521,0.6694926509459034,0.7898367589255427,0.7685990268335716,0.7514798404512013,0.7796996746280902,0.7793809881353808,0.7941781664551499,0.7510369173110953
0.3182480283889156,0.6638001203436938,0.7480352404499109,0.6504069720512762,0.7716176771588765,0.7784471382534586,0.751281457428006,0.7885255680111476,0.7795110236727285,0.7807559095847592,0.7339970370779466
0.3075945777270411,0.6843418920100472,0.7665361697144533,0.6460935447271623,0.7975383711645829,0.760370308990156,0.7812375683270015,0.8045876090157922,0.7699908656044019,0.785986872160362,0.753127708769592
0.3111266524175349,0.6801291267086588,0.7636971778205235,0.6665769201867688,0.8083486717170345,0.7677220487672295,0.7836882156499831,0.8163931994333278,0.7541185853274119,0.7918357517723509,0.7321113673589766
0.2878892124458121,0.6721060155094344,0.7701780394373604,0.6991870861558533,0.8078022759480642,0.7648633480576731,0.7906180170962884,0.8010369264287821,0.7710898435568774,0.774583597104076,0.7357353995195411
0.2980518323073547,0.6739599460489225,0.6791150077831671,0.6461108542797641,0.8177971566143151,0.7719530049895822,0.7807195964875628,0.7855379338299822,0.7826486831918802,0.7848784495768594,0.7037254738375784
0.3206713491402418,0.7019725376423177,0.7105615815598414,0.7046242926236133,0.8165263765786654,0.7697813307067976,0.7650874516038806,0.7613670132411402,0.7571082206720939,0.79671476793476,0.7301996270039147
0.296465094207742,0.574548267881903,0.6935416643023591,0.7049246108143378,0.8111897825315064,0.6722000657193712,0.7668159201196616,0.7833800040694463,0.7725667064091712,0.7740962536038591,0.7438624693835933
0.3004584203321176,0.6440044453115479,0.7410572594713897,0.69270981089367,0.8181107585361127,0.7194143733949543,0.759270787030415,0.7963526125010926,0.7817415242387401,0.7928213315283525,0.7281628940642458
0.3121334972287646,0.6445730369570464,0.7003600512817179,0.7146519526047546,0.7982170131625392,0.7424077102576867,0.7835964105050739,0.7983785274519217,0.7609158173488878,0.8042836812414731,0.7575411517213948
0.2873300472026335,0.6610558843319321,0.7194755639582159,0.7106676356212267,0.7841721801165669,0.7485858950195581,0.7805732269250775,0.7802369126684248,0.7748579070060649,0.7931567414770299,0.7464088249435498
0.3029986578871367,0.6250907073118644,0.7403347106270053,0.7275288382216427,0.8038962873268674,0.7682913370938872,0.7844561780295084,0.7960675370310906,0.7661567728735054,0.7983797863131716,0.7586519991488242
0.2878210876491271,0.6537782210785299,0.749877341548288,0.7527133548418263,0.7928268007151451,0.7762060074661284,0.7877939293208426,0.7744331455603504,0.7603126345550733,0.7763982078295198,0.7474052810035029
0.2947681544141944,0.6474314552042132,0.7445532298597015,0.7559482908107221,0.7945870261345283,0.7828244281273387,0.7910485582245126,0.7712453862848928,0.7458445739926934,0.758814278592057,0.7526741255923236
0.3045628702249811,0.6420421975702529,0.7367471059764034,0.6412427630919868,0.7895641429385206,0.7864295742363783,0.7741527158824831,0.7747628473394951,0.7284477656420832,0.7906461112648501,0.7254654102102838
0.3067114919919872,0.6648547061105673,0.7468648522743281,0.6465716989901522,0.799354037458947,0.7865896752124233,0.7938505552581494,0.7607840354291621,0.7498799168849235,0.7594133011464017,0.7420219372451717
0.310785945159639,0.6802117824194496,0.7591283416652852,0.7042405751798357,0.8144178274718853,0.7728254807884646,0.8014032373634297,0.7774110145670796,0.7702244599891754,0.7730986832209168,0.7309387074292871
0.3222607772438964,0.6944898463434469,0.7461478117384176,0.6782209265263973,0.7696748030975697,0.7600349165742268,0.7574686406266189,0.7651101382357053,0.7463866660232554,0.7760000378344958,0.7485711573405653
0.3022765353748875,0.6870504669766175,0.7592642615322274,0.7325867492361746,0.7575622965176797,0.7696936041791071,0.780317741225906,0.7439710791250846,0.7619611480419053,0.7651879711645045,0.7481763319070632
0.2787240239156723,0.5724194348197071,0.7128541452384746,0.6938121370991464,0.7868044061565254,0.7184797898545051,0.7496538701337694,0.7750645944505989,0.7645550040825164,0.7698104991925754,0.7699040922396541
0.2905553408980162,0.6171368429609182,0.724525733506341,0.7453647943592616,0.7925253111689523,0.7464402463521413,0.7724033413245659,0.7709324869490728,0.7425887834139103,0.7829339760725496,0.7609825883499537
0.2992956600198049,0.6431861664547454,0.7417949728679598,0.7395180089205992,0.7773418537576919,0.7525788054434617,0.7705285879536121,0.7624107507657736,0.7677037711362521,0.7789183922009086,0.7303390145189758
0.2874605178049478,0.6710669051744029,0.6867673875868973,0.7088496953988875,0.7865206834214321,0.7536366715057343,0.778249142203103,0.7264516029618836,0.7765784679169121,0.7941454565858046,0.7452403164405879
0.2417095400660691,0.6573193922659415,0.7230620495952649,0.7402132698795963,0.7765657622018206,0.7554856419950711,0.7602435867738274,0.7443420607652134,0.7491550331788077,0.736099789911927,0.7511611946689905
0.2566778165764143,0.5947816247492407,0.7466928081162986,0.7458388672863658,0.7787415922983281,0.7592938196402328,0.7551707773343285,0.7634236442783476,0.7106403499494351,0.7513948796449681,0.7472440572244226
0.2800899580848039,0.649550151415021,0.7542217267324469,0.7490465322291661,0.7774410316458571,0.781440708771932,0.7635751741422301,0.7546018457770526,0.750306840043556,0.7760472836393195,0.7543691019964176
0.2967239319307396,0.6568486690980965,0.6787378530685675,0.7483716411235208,0.7802887825709451,0.7554186304125967,0.780094882909655,0.7710601907252856,0.7638453075125138,0.7570264536907491,0.7613566589718509
0.2820311929537158,0.6721590441008211,0.6893823320310662,0.7260446763605188,0.7821842926751632,0.7569125686839244,0.7174478328073671,0.7837039178170225,0.7379498158238724,0.780941356561516,0.7574163556371111
0.3205126742512368,0.6709645689148295,0.7199980991447266,0.7342842960234819,0.793426770456354,0.7669741548243512,0.7499223628857605,0.7791041412324133,0.7531723611014971,0.7848957146108699,0.7175356899100923
0.2904285589351058,0.6961789232009866,0.7517621253934643,0.7201582161555232,0.7624965180725103,0.7694693126933377,0.7299400419906995,0.7734767550738985,0.7474053671182836,0.7726061185258022,0.739334530562455
0.2997223482178289,0.645046499162955,0.7444171600829296,0.7261405308383614,0.7917111497719591,0.7733834940327331,0.7536366130992747,0.7153212080635867,0.7688919185315839,0.7858436624805027,0.737656393564885
0.2696278902568438,0.6702819442796515,0.7417948323180333,0.7037712359311934,0.764328146243635,0.748585549261969,0.7508577880576255,0.7342038238844033,0.7400044912453972,0.7970790180400535,0.7422578931760995
0.3077745056122347,0.6628610799890372,0.7614602151180268,0.7415171953469475,0.781797390971331,0.7674599587562616,0.7651326079439378,0.7460096104239856,0.7472233588770416,0.8121967732998694,0.7596846296108046
0.2723721240729257,0.6737964714919138,0.7300624449907286,0.7220977866785672,0.7703849521842635,0.7737732425612809,0.7798223145319485,0.7689605595117852,0.7266753516673484,0.7827311857141129,0.7769338982546881
0.2846064049026972,0.6807515643335604,0.7327399689343624,0.741851744702495,0.7747003633754148,0.7527322702119248,0.7476626563729797,0.7844964811789403,0.7288118665295815,0.7691606972912848,0.7546673300915981
0.3023951277907742,0.6910559719889623,0.6821585532932823,0.7150765730515035,0.7878590647531798,0.7643150295915266,0.7423669632088816,0.7834417569221082,0.7293175557666899,0.7615005973635092,0.7419495019632318
0.285363346762942,0.7002752527144568,0.6989656410003482,0.7338583133296901,0.781305135093889,0.6976380597377109,0.7661245370176192,0.7724598764657574,0.7640858913091815,0.7440147285115956,0.7596968950402352
0.2980940592882322,0.7030582350267289,0.7121031508156255,0.7028861975547542,0.7710423771809145,0.6866891337985259,0.7398509470064337,0.738582569631689,0.7614978907938683,0.779174226201323,0.7840970684378152
0.2948637837538406,0.6640870330549835,0.7041733207249993,0.6936195376945474,0.7730821594912214,0.6529411024404395,0.7453950555171165,0.733390922944543,0.7320197293204762,0.7745937177072909,0.7503206239676597
0.2958639389380444,0.6923421528179695,0.6934518444036162,0.6806676509410525,0.785238786086405,0.7133579335978523,0.7676603096929356,0.7577645675017031,0.7389470032122386,0.7876980295786998,0.7470945613206407
0.2909192107938161,0.6970860296791285,0.7018878074023083,0.6869482172956096,0.7796022384940884,0.7246281854922751,0.7324465733165336,0.7303137985106593,0.7242329016588083,0.7855412763262233,0.7606868587891626
0.2992007152441357,0.7121411445756654,0.7266326349164025,0.7123799327320635,0.7933042714148895,0.7544157857478839,0.765392521967212,0.7183484911296197,0.7413899883930413,0.7800993076913197,0.7262777603988922
0.3038646241427234,0.7186679867389348,0.7435478934173017,0.7437833330073649,0.7891858934440056,0.7612844568990007,0.7684077756497024,0.7075016898878386,0.7503058468815125,0.800764865106556,0.7220381302042129
0.2832131839668591,0.6415929271335035,0.7121720450748709,0.7565434963410782,0.7910541775070049,0.7601852464462525,0.773199631134166,0.7414840797680391,0.7222532624857986,0.7569548641544053,0.7197803834220612
0.3089168945639122,0.677285629349591,0.750486304356129,0.6301571795485519,0.8029713980979047,0.7021829148766523,0.7636526012428951,0.6863293304440956,0.7377306632975311,0.737952598980243,0.7663450660156021
0.2667819953085598,0.662712599588411,0.7520112141271065,0.6723358787213107,0.7763262312443094,0.6473984012928184,0.7606479838524849,0.7297946911884234,0.7454416564203966,0.737991899827753,0.7536278663042332
0.2767838780879019,0.59799914914131,0.6977690202467914,0.7161256068854079,0.7820294591053532,0.6705639074478131,0.7740166868943643,0.7236855311019599,0.7487468577993555,0.7503353572444904,0.7444287221630937
0.2713244637986625,0.6397547057682457,0.7066110769708841,0.7253130269269248,0.748324871470259,0.6676552195852976,0.7878365032581021,0.748348516600233,0.755292735106436,0.7475121175664027,0.7613305659906722
0.2744992901533765,0.6735104021248244,0.7213017941067028,0.7196329572066505,0.7703938452287284,0.6733779785656548,0.7567631733711735,0.7591522883681217,0.7445945343299049,0.7728017677957795,0.7284678194074317
0.2879396599256935,0.6736453329801929,0.7196947388944404,0.6910679451886156,0.783853417907868,0.7010958590974273,0.7802227689602301,0.7716727874597282,0.7480968782180322,0.7350905965818065,0.7492507571223624
0.2834395720967488,0.661315478640435,0.719284197759948,0.72573641933361,0.784301026945701,0.6234733057892259,0.7919219003823117,0.7928886832627902,0.7466981713832739,0.7483830194281227,0.759809258333187
0.2977688826221492,0.6934538123544417,0.7329554286787864,0.7075648358378391,0.7910242878596944,0.6301147064696864,0.733934045709638,0.7280309190356976,0.7090069550424932,0.7816894475222085,0.7317045471550553
0.2718374344705201,0.696890979632171,0.724550348347519,0.7220001125665089,0.7520858921338393,0.6516720084826136,0.7613923250327126,0.7453137697776049,0.7339030175098977,0.7663316532756539,0.7111186985001257
0.2758247194694017,0.6686926771576962,0.6840519059235073,0.7240885340171284,0.76326110389399,0.6476527900938152,0.757640902304314,0.749147811676008,0.7549592639252152,0.7768785804961118,0.7354653415399047
0.2860775311581529,0.6786905112409714,0.7074000590513552,0.7246454387359506,0.7068435749325938,0.61042030731995,0.7368796113168449,0.7681013571935613,0.7156333246547582,0.763038255590966,0.7584772154870392
0.2687316734542029,0.6852819266107544,0.7197169998616888,0.7382124794354532,0.6217863915634148,0.5138715238974602,0.7563820498887988,0.772193178078985,0.7321706368684578,0.7628583615990021,0.7067239268107154
0.2256284188189992,0.6369664581824014,0.6840273120243994,0.7523096856265286,0.6365503606219494,0.536579689236083,0.7303245982578843,0.7741040111094067,0.7589272943655054,0.7739988046762987,0.7417132274569522
0.2207593465096519,0.6586416537450648,0.6889467044223796,0.7032456840128244,0.6371608356222049,0.5544362174667253,0.7529894865060413,0.7689544399167435,0.7726031457722797,0.7146302982705898,0.731067984130287
0.2478824219039949,0.6633698667350232,0.6827666116176326,0.736436684851739,0.6464205835022295,0.5790881769703917,0.7434113576623281,0.724634370341503,0.7876200818935266,0.7521619155019632,0.6958555557459584
0.2648565521912859,0.6413673044397714,0.7116925510524222,0.7329767571910792,0.6812404589275236,0.5433984013144714,0.7551937396345554,0.7392424274991307,0.7945471965434927,0.7550801019157776,0.7252348391918529
0.2382517267681776,0.6664846136084627,0.6246811677059242,0.7257701762724232,0.6603168288014282,0.5690031384131664,0.7592871675626258,0.770747209800063,0.762814358873267,0.7595851874800734,0.727918955336184
0.2432263121450548,0.6815007864345435,0.657771022474988,0.7329910232275203,0.6638177858763374,0.5837754577228191,0.7634307558607716,0.775261276572223,0.7662183048422835,0.7726410255496248,0.7385428030973673
0.2142002741226705,0.6566579032037996,0.6764609818078642,0.751788768053087,0.6668955558340806,0.4428366402465528,0.6741167689637779,0.6907671364537963,0.6919920464724008,0.7278001350064953,0.7408503504518895
0.2188978368027923,0.6687512406520264,0.6537524501289027,0.6812584569497457,0.5987450885498795,0.4838244183022155,0.694510482453731,0.6967106596428457,0.7220737206080678,0.6860586013321245,0.6735251658825192
0.2352508879468762,0.6602922847370057,0.6717771336950173,0.7144934111440064,0.6042997150042422,0.5001202041719781,0.7269166665981994,0.6737263198800943,0.7249780540603147,0.7290102486453848,0.6919534508548085
0.213560836143492,0.6512031828815256,0.6625866924318357,0.75152484511929,0.6045914180082431,0.5183315815504403,0.7032942328823608,0.7092572111445381,0.7091369092204957,0.6599491994698939,0.6891808523404868
0.2311826774355014,0.6763944862536575,0.6591915552471471,0.6975945953926469,0.6236054869131066,0.5265900238131092,0.693495959081412,0.6750532491505534,0.7177553196400026,0.6774395000313738,0.6815269192533134
0.2438484381903283,0.6498242104721809,0.6685791719934067,0.7129681887779693,0.6348304076874911,0.5147050302412141,0.6601673507951971,0.6890161038963132,0.6872170467625961,0.6809304543721676,0.6598731094507541
0.2344528680344276,0.6616726006415299,0.6709267429438731,0.7234357863240606,0.6526845071031355,0.5154244978363349,0.6833322374652928,0.6794037782846813,0.6855594954413297,0.6566132589169813,0.672036559500742
0.2271626658335697,0.67252266598227,0.6230604065460479,0.7377380222710724,0.654223291281328,0.4998903903251345,0.6787096778480186,0.6707663200486469,0.6701706217873356,0.6681689460421604,0.6418438172053286
0.219457965893275,0.6427555390951677,0.6386858443416372,0.7343163938488242,0.674262407410841,0.5245459336840144,0.6698274148678931,0.69078376307844,0.6743446047408465,0.6820195796787052,0.67184572596274
0.2064880805126281,0.6531484486121407,0.6114742493476705,0.712379651290291,0.6861333407593884,0.5418966355211086,0.7057040030906367,0.6923216527625771,0.7166157621984135,0.720959011540342,0.6848572988814359
0.2133847103744072,0.6531118344400043,0.6098856187322584,0.6553071371479292,0.6904686376073577,0.4656544656066857,0.650209651840119,0.7034090348372162,0.6994549094798543,0.721201831621842,0.6346290411778024
0.227209301762457,0.609102022765342,0.6160075243185308,0.6783700731658211,0.6921153258417071,0.520714347690374,0.6764294512577611,0.6427343822447074,0.7173256408460418,0.7084279568032917,0.6562685711032887
0.2252963664897636,0.6428439941491697,0.6162897795947813,0.7136491039262447,0.6433227526682879,0.4694642625184802,0.688530646046956,0.6444272346313418,0.7367682767907111,0.6988135920975157,0.6642152883494118
0.2352590360431495,0.6652043461881466,0.5852558086350239,0.741328239617141,0.6512454422182526,0.4895862708553141,0.7102564581350166,0.6660732822615092,0.7153869945094528,0.7254082889829706,0.6938427806001618
0.2451562258164054,0.6524927206946646,0.5161207434165157,0.7196538300302961,0.6659780556933009,0.4827670311061855,0.7250817681058017,0.676723615168995,0.6761709062946405,0.6777460332466905,0.6940104334136095
0.2201364194897704,0.6778547214439623,0.5576172479270533,0.7231471893965968,0.6394050586362979,0.5279430518205382,0.7269150577316901,0.6920029096443672,0.6980847160640831,0.6909444074011806,0.7216456599065473
0.205395874522446,0.6385142625981077,0.5766044131538473,0.7139306106879898,0.6420056751360219,0.517753650166591,0.7331153972164705,0.6967896959982356,0.6908849780962303,0.7229502377632858,0.6738403092284425
0.2094037430909114,0.624138668024991,0.54786099607332,0.7197841135421381,0.6757452378828313,0.5455735516837801,0.7402368863996656,0.661051076799062,0.6698410803633487,0.6863499932337047,0.6533649430418715
0.2288451735799622,0.6397165924154757,0.5543304559343032,0.7081482003423764,0.6761564324935958,0.5155766911430762,0.7418620092184458,0.6978256050186938,0.6953890574622834,0.6882003951864067,0.6374693834691914
0.2154695456285046,0.5969927968244406,0.5654166488906809,0.7005832054593222,0.6416548588942017,0.5207385556881082,0.7425898456828446,0.7020643593738376,0.7183980652494087,0.7009212598552914,0.6632854743063398
0.2258848015865986,0.6419989614682863,0.5699868605816765,0.6855765582871801,0.6607136476731305,0.5350024748919955,0.7364089762725511,0.6793685830876701,0.6867630674859455,0.64779673138494,0.6603901874256713
0.2383107400409839,0.6586915144394797,0.5565261338654894,0.7175232565815619,0.678301006494493,0.5547337844105258,0.7268914096564825,0.7090089065575735,0.70192688083574,0.6603978457666485,0.6670426490356229
0.2394468444560735,0.6517552328503835,0.5517955334005192,0.7226901263798811,0.6869746989467485,0.4971449795424262,0.6887211686014744,0.7137231651141984,0.719196921069466,0.6901565244242491,0.6518563945550419
0.2178213393225274,0.6745425945766594,0.5552622747483764,0.7371040573086276,0.6820186233132838,0.5308058277812695,0.7149511786585894,0.7098060684673881,0.7391551899088236,0.699770764521793,0.6203087606669677
0.2421712821205932,0.6522089693653923,0.6267643685511635,0.7266142375345245,0.6720682156578843,0.4821699763371445,0.7252756826340381,0.7190742599167727,0.740007454016347,0.7051588010836021,0.6573663864098984
0.2159404799922051,0.6447645251284755,0.5552573588222354,0.6879510205876437,0.6666263130855267,0.5111106759038422,0.742545690360946,0.725209863939721,0.7515741407912555,0.7429827188958988,0.6399348207078607
0.2215778179071333,0.6653036748500186,0.5768229671935867,0.7150489724122162,0.6177497160196491,0.5325840641086161,0.7435268024814543,0.7220958547906268,0.7624459849364669,0.7175646587968831,0.6571191642920857
0.2162446905592474,0.6573488308016349,0.5407218809949739,0.7341384210700486,0.651674744632176,0.5247318452812045,0.749499740960542,0.7122128540080056,0.7246172357971,0.7300034577208168,0.6573428274440338
0.241337943149222,0.6453773835387548,0.5451439200293656,0.7084990305125661,0.6558882917706141,0.5623863556210604,0.764834596787477,0.7249416361826971,0.7570143731295707,0.7528152216565724,0.668528869289199
0.2329184973543465,0.6524245718660899,0.550319867064555,0.7171687003287802,0.6557085873768026,0.5688409640420249,0.7818829891789961,0.7292778058346521,0.7183931054797549,0.6844484204749024,0.6738385419850333
0.2390054778836356,0.6861796677367593,0.5528713722107084,0.717580086151003,0.6324854209220124,0.5697344686093267,0.741821392811606,0.7075241018681391,0.7168248128369534,0.7110537115326587,0.6824401628325681
0.2413598286401309,0.6767574672614206,0.5608831461223449,0.7471201450690073,0.6753683374222273,0.5702594679417466,0.7465043022166746,0.7219601909396259,0.7335579467817219,0.7017863622462248,0.6407913059712277
0.2411967201181609,0.6883388023780828,0.5307656259040046,0.7424600795356633,0.6778804472879655,0.5383217412835737,0.7710066902353075,0.7359367593870331,0.721911547086611,0.7341739351418839,0.6535051600018437
0.2098373912572258,0.6843977700820644,0.5703400479112563,0.7372575822617911,0.6888503628855309,0.5692183707673808,0.6954448677331494,0.7292018963918663,0.7262208704110441,0.7016143450501912,0.6734711163861351
0.2253079654328511,0.6142540620804767,0.5176195843324712,0.7119377262877838,0.6793724537189233,0.5944915462485567,0.7424781166267861,0.7500049357312043,0.7468273917023434,0.6422136306500689,0.6868866847624038
0.243287930561241,0.5719234778743787,0.5733680102332971,0.6851413276065196,0.7033300664053378,0.5783704672593487,0.7214156284113028,0.7382770172404796,0.7565432151711344,0.7090715178773712,0.6826337932327486
0.2128046206366241,0.5773221192296653,0.5847390071347194,0.710557067498875,0.7213504909402167,0.5776493926436017,0.7359158727941382,0.7728610516189555,0.7599901677737293,0.7485168759532688,0.7155182252789759
0.2176549738596714,0.5994239577851551,0.5217380234034948,0.6989757052669373,0.6756321462944076,0.5907016004987076,0.765522590519661,0.7440101758099654,0.6946519644238781,0.7451731562384722,0.7052476744882323
0.2212071955915278,0.6138487991781278,0.5341416422573406,0.6769634161602925,0.6777754776888723,0.5532199668983846,0.7316894740150113,0.7419009415822461,0.7393124489543261,0.7689232750125192,0.7573002172742578
0.2062471144235393,0.6335162339322025,0.5514619254537583,0.6898388990576596,0.6784821963374909,0.5628529533370462,0.7197292087831282,0.7575649684836606,0.7007909508787962,0.6867489659916787,0.7235262301305445
0.2009042059968779,0.6376027178875783,0.5816138076538373,0.7022400720773346,0.7039614340814029,0.5907387662073459,0.7320629500663948,0.6878221046884969,0.7124942103488059,0.7068950454801181,0.7407904831946891
0.2121972159930593,0.6535160443143919,0.5860890196370965,0.7081856903339718,0.6903442511745185,0.5581271292313307,0.7441535292666364,0.7089578854612679,0.6469099480172088,0.7328090766974662,0.7340679441075008
0.2299032860544569,0.6670977261100721,0.5522648694149171,0.6769318962524983,0.653683641911128,0.5678304089656252,0.7424091495313193,0.684563702608382,0.6511122829225865,0.751891243041571,0.7124285961184622
0.2098765103192053,0.6874067801827022,0.5856018262125385,0.6887717596526264,0.6700630717190613,0.582286881845183,0.7448811677179226,0.7138993168617026,0.6528275948546687,0.7681843269594476,0.7238620619312008
0.2179356140933595,0.689092875533218,0.5868653600401419,0.6263218149586595,0.6903338692693535,0.5943441805289134,0.7563504483220169,0.7342371428633834,0.6845401710582997,0.7775682969164126,0.7349608226395131
0.2151980009811196,0.629318209027849,0.5738614414575949,0.6712422674956702,0.7021867785006553,0.57486055780451,0.7681539709791644,0.7228275429902709,0.6794929290154464,0.7500871886422297,0.7357160933027742
0.2168963025872428,0.642719604159569,0.5979393342726557,0.6528872745693362,0.7055615818023799,0.5928154645889501,0.7661312073698658,0.7383728408416848,0.711495724614196,0.7151373242300586,0.7345423685447443
0.213737018988535,0.6396008704233256,0.5995678095464065,0.6843269863489259,0.6953026347875938,0.6068132008893958,0.7770799183170269,0.7620419941135683,0.7250312738456652,0.7363191786989757,0.7282816763045087
0.2106843420410638,0.64411878758148,0.5283025706540879,0.6785597899350602,0.6425937912431277,0.6018000791011442,0.7325726915828994,0.7580582725958155,0.7000214751324915,0.7411545693278352,0.7251273254346323
0.2265603873764535,0.6081254788871371,0.4842732417785618,0.6794818457786196,0.6450625365253573,0.6112335320823863,0.7602437558386765,0.7639049497922498,0.6824069500669211,0.7183421562833805,0.7272809246983485
0.2072065944731229,0.6380954653667781,0.505112588490497,0.6882946204249596,0.6861253387273913,0.5654560692462763,0.7306297703230462,0.7547608702149132,0.7037093734265689,0.7397100750118604,0.7301176960022722
0.1949821791474071,0.579383089492456,0.5508972797547147,0.6580634493988852,0.7186899624203232,0.5687757743644892,0.7576221919559532,0.7743377931139723,0.7348625314685725,0.7521452930059326,0.7494733595767771
0.1984572361053652,0.6197945544666594,0.5556002860010287,0.6822877054226297,0.6520488089322786,0.5777489816849373,0.758164139689905,0.7255418225433276,0.6892668730161571,0.7577405405729636,0.7565552505291189
0.2162444627527792,0.6351555993883621,0.5175973170538133,0.6825919946525556,0.6587478070182398,0.547803087119731,0.7653374271949276,0.7300371577061726,0.6946764965542698,0.7162856153760979,0.7518996516750793
0.2228913063993604,0.627941385723111,0.5431325113375681,0.6953717787052454,0.6876091249388658,0.5746015306934622,0.7752970063452336,0.7174046736153036,0.6835346690110432,0.744828386113654,0.7272547120085514
0.2291919062052104,0.650887395758601,0.5664359555088895,0.6782855774802017,0.714598803152604,0.6043045833870078,0.7748478492432803,0.7524770732360752,0.6953890073704032,0.7457487836751044,0.7305051961110696
0.1954258553070043,0.6399382081178394,0.5658559989026154,0.6795185803895298,0.7110898686200838,0.6147815790665441,0.8053785739428914,0.753385661200141,0.6954997841078583,0.7580966590963137,0.7522569670973109
0.2130302194380306,0.6404049263389222,0.5318983142603126,0.679260034174149,0.7028218502291668,0.6069847135618677,0.792463041945967,0.7592718545439181,0.7001542437438424,0.7247385929556125,0.7424879668233065
0.2162604495879641,0.6565094856281847,0.5873716163422866,0.6861940356519509,0.6894366247993633,0.5824567465808936,0.767968419825408,0.7452935510834853,0.7088882224847348,0.7388271932625514,0.7479983635482345
0.2082932288742944,0.6708974243427233,0.591901625801027,0.68305295235395,0.6999022841753981,0.6003994595473249,0.7693885338243882,0.7519547261661951,0.7148179707522175,0.773157419115621,0.7254869096188346
0.2133250338953375,0.676787409497494,0.6066476487407884,0.671133117710806,0.711286426129758,0.610289949504101,0.7737240866810356,0.7645581661155979,0.6838897674065354,0.7381440879530121,0.719751131180571
0.1836998728713858,0.6861937742097285,0.6123356045803946,0.6913986361794038,0.7060610161558708,0.6196669902128551,0.7523081960477501,0.7510607291244348,0.7058157052121257,0.7505172011826242,0.7438959628841255
0.1932286504573404,0.6527379929864231,0.5895047814095754,0.6618179053216171,0.7089022407807093,0.5979137937337101,0.7624122616609196,0.7541407506695865,0.6600505691072488,0.7179556663688946,0.7490582149255325
0.2152266008307211,0.6596042845948829,0.5745352114518326,0.6906674465937467,0.6882227480118619,0.6003027455748972,0.7633997988646205,0.7406128138535347,0.7065014454380439,0.7468824463943562,0.7607154059197674
0.2308437623697359,0.6539668494012061,0.538435381407394,0.6900550559693819,0.6497080220626569,0.581773240814138,0.7940066370852998,0.7530294598097069,0.6643435550078377,0.7758958635385286,0.6989596828035026
0.2189174964136276,0.6117400767008764,0.5414677788218668,0.702725909277877,0.6572385526956427,0.5859110057402359,0.7352409250963202,0.7344901288272049,0.6718934596225193,0.7425369870760506,0.718024696768716
0.2167723843079168,0.6373434918576625,0.5669165410952794,0.6824653414698852,0.7031176463810729,0.5917425029920526,0.7528461655531771,0.7375181652685316,0.6831981159570135,0.7529876448206814,0.7237725891883372
0.2243400935664466,0.638126713533977,0.5742420986649455,0.6825185327367296,0.6637942265730897,0.5807287762148585,0.7116241479467083,0.7407807044991004,0.6977809613050965,0.7452886984588235,0.7314041455364155
0.2161810421853466,0.639730836913385,0.5996341974877014,0.7000765909469215,0.661084935157674,0.6196372301388196,0.7602763511155164,0.7567491604328463,0.712921635866089,0.709737176388471,0.7149757569099161
0.2163913134989038,0.6486394844994977,0.5908530371081196,0.6942855224896707,0.6450479687155584,0.6294799017447399,0.7247110708466359,0.7642039506861171,0.649409551490053,0.7248767679628974,0.7198878624192007
0.2167291876560918,0.6111630043430851,0.5918923361031648,0.704203597593926,0.669215579397663,0.6263160539654977,0.7257168426726641,0.790313097932407,0.6968948031388248,0.6680889687428843,0.7428110973579756
0.2188237774653217,0.6347723488341821,0.5922894998922595,0.7107400233298584,0.6967768213896856,0.6325641592898428,0.7802116307677849,0.6893674448423254,0.6799229700413595,0.7108417572597796,0.7455639091381021
0.2243821585537527,0.6435995762436747,0.5473647977623917,0.7047747394309217,0.6651581267399099,0.6100327861361612,0.755669528645394,0.7272594386046749,0.6921074273847727,0.7055070390128253,0.6912763782024989
0.2135050006539919,0.6498018314717875,0.5499642613151324,0.6879319852399394,0.6656176010815467,0.5811760546757666,0.7630587952403922,0.7418923652973037,0.6880746457194279,0.7334964988354342,0.7091287252843064
0.2110673369537971,0.6416195009132393,0.5755131550245586,0.6515308945173166,0.6681607833254961,0.6005738469597673,0.7236148600169467,0.748210534149845,0.6705379839243835,0.7344750678666507,0.7189296489160941
0.2212036964324476,0.6469329790708314,0.6108947846431368,0.6759420464999835,0.6519443434482988,0.6053343454062352,0.7242503792888713,0.7317529012707379,0.678846015827745,0.725850115857042,0.7196411780942162
0.2020048641114384,0.6601868555870166,0.5586246496603035,0.6827578745979821,0.6726836830893663,0.6138981647461219,0.7438023485072168,0.7541330235857748,0.6887616247579857,0.7298512630448177,0.6918302591166398
0.22733163324273,0.6323800505063082,0.590437516459019,0.6939919920693363,0.6793041471010322,0.5954536842724664,0.7583841612787255,0.7381686409789339,0.7001581601350908,0.7349915343523366,0.7285731913107908
0.2095751317068163,0.6385937096935748,0.5938496216212885,0.676222169027519,0.6975597800200557,0.6033766889425267,0.7553506430193379,0.7060131901922317,0.6949827653583789,0.7315387656604253,0.7615439213585866
0.2111404248622079,0.6677258603377713,0.557135823442238,0.6630810721608075,0.6754159707165867,0.6162553607571292,0.7386737191176908,0.7127003596821742,0.7059898897822567,0.7453853498737923,0.7645163808986042
0.2088927263563023,0.6771503686505727,0.572732295927086,0.6869190858583498,0.6761455924596358,0.6114590091693111,0.7574253545683098,0.7279447417610259,0.7002373902565382,0.7470821668139634,0.7359383334967452
0.2166090007992421,0.651222727917641,0.5809483971232299,0.6802100556468981,0.6764510921944809,0.6186340249231852,0.7830090916062808,0.75120329067249,0.6702665925757897,0.7272845769495557,0.7490212237376732
0.2210277316941967,0.6087933128424708,0.5619859776289778,0.6566685707474607,0.6757449957651378,0.594243753229074,0.7884352052552086,0.697449586997051,0.7015040260661638,0.7349028995324598,0.7139292211101921
0.2250770056299505,0.6141999600747208,0.5841912658964339,0.6531366193480506,0.6917006442046341,0.6203043222322542,0.761537883430515,0.7408550732166741,0.7057682925746016,0.7388207507526856,0.7182601364466588
0.2149806269587164,0.6581703384345863,0.5690782737576144,0.6304753874937241,0.669923919424981,0.5928524438815955,0.7438445881222246,0.7407651632315982,0.6622804119741839,0.7522005571149375,0.7367122854105558
0.2177222595087075,0.6453087602752101,0.5722677663997008,0.6654984857394253,0.6948849822640786,0.623252410252803,0.7435706119093094,0.752767907166487,0.6732675060926111,0.7633945502487287,0.7170900217799705
0.2338462980606968,0.6350712385820569,0.5773306534219598,0.6715029317978476,0.6979212052931427,0.6249952264156385,0.7704561593122558,0.7518144414110145,0.6658914887207046,0.7650280303721189,0.7116534499070815
0.2115053063705785,0.6194087636513113,0.5951545478099999,0.6608821351408891,0.7111432768353029,0.616861514870233,0.7374519037057367,0.7715161113704176,0.6803967898379917,0.7490528336892974,0.6943828281973615
0.2007282002566323,0.6339038536092734,0.5319228137597128,0.6767684046275099,0.6213773013298854,0.637328985227299,0.7569254018999975,0.7070307338817364,0.6861455774180167,0.7388936014270457,0.7098021670133376
0.2178829636004163,0.6060093327519294,0.5623849979867919,0.6736523793203159,0.6539421994219357,0.5805666793671729,0.7535434190932667,0.7634868131475,0.6835669703588523,0.7416528166730296,0.7180736242323197
0.2156320830944917,0.6487917629986211,0.5712914973502909,0.6663183158410352,0.6837579399437761,0.5924392257065219,0.7669638495875178,0.737905455610185,0.6946947686859244,0.7704309181793578,0.7435211718952541
0.2040981217390751,0.6474974004576104,0.5840968654790418,0.6802221352667406,0.7033278916382384,0.5952594122732098,0.7467105353517154,0.7509081234544643,0.659352403671137,0.7776217734647626,0.751499618650676
0.2196948233724166,0.6560884778289819,0.6042706211537686,0.6682595015378402,0.7086629660127471,0.6143061177014386,0.7512709574429833,0.7528635696043688,0.6641411963237434,0.7424566941656598,0.747562809332202
0.196077529668439,0.6264319487238644,0.5773677197753585,0.6438197648716627,0.6865363134755781,0.5905792641429811,0.7572424002191448,0.7680654083760964,0.6812365277362173,0.7558199269605008,0.7429000959541309
0.2215564362308825,0.6400121815016906,0.5993594266312687,0.673977666326001,0.6874599053353347,0.6334349804618145,0.7765956938223293,0.750287439146646,0.7285051540751992,0.7372839380650487,0.7584442986423723
0.2369648887489508,0.6431038559394624,0.6006828173950935,0.6828661183436286,0.7018297362024706,0.6429724899274605,0.7426388652928176,0.7568954298181171,0.7125701882854563,0.7517850016516445,0.751358144963465
0.2170420157531168,0.6346694309783725,0.5428416498202284,0.6800259119606343,0.6131138515329301,0.6133575313959737,0.7557266482261809,0.7705381634259463,0.6759148151738438,0.758208534931178,0.7177102320038575
0.1860881831875606,0.6358531357469006,0.5427975583811966,0.6513765574541664,0.6300108425094006,0.6097303840783092,0.7629702626518868,0.7784796850455106,0.6927556092413495,0.7595067529805114,0.7663597641242286
0.2009547812314441,0.6361440056386386,0.5560433766453614,0.6755652189680255,0.6663447200676299,0.6267258964245315,0.7546988514785336,0.7242166023606019,0.7166646289252236,0.7077250655178384,0.7543669718953596
0.2048204308958414,0.6274163940077506,0.5617670897347646,0.6801609817315799,0.6169150920201133,0.6166344469619945,0.7639221063734025,0.7439148788230916,0.736293657228025,0.7303751002750039,0.7756111259756341
0.1960432413579832,0.6390193284569551,0.5825017655276137,0.6525039304870748,0.6492718285315466,0.6105604367900334,0.7384604992959471,0.7655488710652167,0.7546136756499117,0.7310204064735528,0.7779924464938823
0.2028206860790407,0.6261975407154595,0.5903289219471555,0.6771699619984237,0.6667606046804395,0.6023947303912249,0.7546204651627035,0.7516685853317621,0.7475804134195215,0.7241619123159925,0.769503767859511
0.1826935543276712,0.6553321827945578,0.5876049850536329,0.6432908987213078,0.672865733399329,0.6512753614631506,0.731153843817015,0.7534584090806258,0.7082407916843446,0.7246808590158635,0.7407428295878957
0.18889389944076,0.6025094396316706,0.6113368505056951,0.6734767339981205,0.683546530755585,0.6448178950526141,0.7643912571019115,0.7491651488140021,0.7454740508846753,0.7368836532747539,0.7537581968503824
0.1917202461098496,0.636355970700227,0.6134822057355586,0.6792975930306615,0.6987295322618472,0.6626393930629052,0.7354085212895164,0.7107106923696809,0.7040985647008859,0.709511679617626,0.7551452763557533
0.1764592397938015,0.6445221396390373,0.5965975013046408,0.6046738544643225,0.6956235212641626,0.6316602369123276,0.7195502197957294,0.7027092945158486,0.7028061433310769,0.7022042848886592,0.7589275150086743
0.1757415486454805,0.6406888585504821,0.5976565844574595,0.6334469959959876,0.6688409244584874,0.6320465145781631,0.7347046447550291,0.734892266432829,0.7306066400935765,0.7240657705566829,0.7492618472069716
0.1585974723315558,0.6548142970579628,0.598751293593396,0.653080030307843,0.6740022313802736,0.6657798146329661,0.7758874346517723,0.68113074472217,0.6704815863807725,0.7221668512078772,0.7407514308334747
0.1759441912368222,0.6572271671014167,0.6011955650043428,0.6535541980152939,0.6853098835265712,0.6574197962108113,0.7761954286156,0.7027522059170032,0.6970411052152121,0.7309259272500676,0.7485472809165952
0.188456028246375,0.6705308301585686,0.6141983033329184,0.6561384620615156,0.7212122092237301,0.6391024531033932,0.7418456050763205,0.7169309240263395,0.6664885569497325,0.7361708140147659,0.745719999752707
0.1855222685333315,0.6718640131600357,0.588628492098124,0.614621920643054,0.7190582736812486,0.6557624755991317,0.7575926680677472,0.6817544525674825,0.7026413929348007,0.7556485733395963,0.741223193027819
0.1995209977118439,0.6595264267206968,0.6205100128953118,0.62167703307195,0.7292576077020636,0.6553850636905197,0.7686192460973293,0.7126423320004844,0.7196427758749445,0.719608348074996,0.7521055260101492
0.187518561064439,0.6542712826675013,0.5751788184545636,0.635304963574538,0.7129721914121254,0.6676671156484861,0.7863509542846269,0.6985490240490679,0.6631329469576208,0.6569890956278671,0.705245280010985
0.1832328222754478,0.6058185190095746,0.6059306683966855,0.6810600697044461,0.7222535443408653,0.6435830657664443,0.7564021346460397,0.712671207175078,0.6700090215660354,0.7003990436233374,0.7248075288784294
0.1921777798907591,0.6524785286428306,0.4945246286776373,0.6877617245595038,0.6489302596293217,0.5782282731007188,0.6845786452830546,0.7251468871036079,0.7200642037333064,0.7039253863912458,0.6904241129217247
0.1715514449031162,0.6560210507875781,0.4977136848898149,0.683700799936817,0.6494435705439798,0.6182411156917886,0.7077648771528299,0.7465104470801645,0.7462371009108026,0.6820473032046164,0.7084896461850156
0.1783867157818641,0.6564536309456714,0.5421783656790428,0.6712457966959354,0.599069070492024,0.6476757120198281,0.6836568261422544,0.758858122060021,0.7196321372128581,0.7223462246566348,0.7061078850368785
0.1812531647010383,0.6328497979920956,0.5377471324778679,0.6465150766178898,0.6011750774410575,0.6299195590041046,0.6406117400272278,0.7804045500046379,0.7473166747109888,0.7379244216256438,0.7213730151728366
0.2196194685652213,0.661402538785748,0.5565649008398488,0.6817459967480028,0.5997702775694331,0.6108483691910818,0.6796753949249649,0.7394675373185318,0.7616351306836144,0.7606824851980927,0.7100554851984682
0.222526217376636,0.6594937089558656,0.561645280043515,0.7180884172105078,0.613572896784072,0.5738228098539425,0.6835101905003366,0.7508383224828359,0.718330629717775,0.7427021127199506,0.7194570753501655
0.220604119880347,0.6710382973508506,0.5775824072261387,0.7142763857888907,0.6023174027669984,0.5854927660050085,0.6962780731597369,0.7552401209455222,0.738110512765551,0.7112236890178818,0.6747893305014467
0.2215673148182741,0.7100607248482136,0.5995209252967696,0.7149682526934653,0.6159272509985603,0.599425254745164,0.7145873344751632,0.7614196918257897,0.7318151435183211,0.7082086499756757,0.7016595294297968
0.2131751037536652,0.6781480860672113,0.5311730788616903,0.643549037061933,0.6113808089462508,0.5885848995275469,0.729949233775695,0.7478081204316062,0.7243475950141189,0.7264808052111514,0.7210258915805666
0.2199080178004636,0.7100239299739806,0.5636925973971953,0.6889162722813182,0.6006431829565001,0.5946577479603143,0.7009629416804436,0.7172983961821587,0.7421239038941532,0.7428868504157418,0.7233033222122198
0.2221731293627754,0.6551491146695678,0.5789295447385385,0.7041122189465048,0.6221820083167979,0.6102438829459174,0.7391572447587906,0.7513798755937788,0.7351194330383971,0.7357438934391359,0.6877827758286659
0.1990023412577359,0.6630043581714453,0.5689942140997342,0.6976049924629752,0.6292094638436062,0.6509406295355195,0.7532933149371854,0.7859148863976991,0.7409204259562645,0.740776502688608,0.6900514397714634
0.2011377779486493,0.6796326772230921,0.5401971737093916,0.6834715019987587,0.6283223642337276,0.6559068402481869,0.7557164247758485,0.7817135582464693,0.7187476160320875,0.7479701859187962,0.7338525043743735
0.2093640028283351,0.6696228873185924,0.5517984249261672,0.711628483344297,0.5916475775151065,0.6625691434108576,0.7018287236977978,0.7563377067547008,0.7198054540161206,0.7463012994852091,0.7058385858847107
0.2109577952335857,0.6791216999694394,0.5784950608123494,0.6741092068681871,0.6178378789009036,0.6282587425670062,0.7218139675218367,0.7666984076487737,0.7105075759615578,0.7540520623979808,0.7133613487675219
0.197961609009126,0.6768813032886168,0.5879669418111139,0.6769043224254001,0.633419009109461,0.6273861750469966,0.7471127688182504,0.774362878943754,0.719619607916343,0.6874693601650116,0.7332063130085813
0.1720044894478348,0.671690125544001,0.5741421985870838,0.686681326638831,0.634641238842039,0.6163412481178049,0.7199949557103172,0.7450560648872934,0.735246216304658,0.730199055611687,0.7223053775588234
0.1922488715854277,0.6943427967767648,0.56021719290605,0.6502880818279079,0.6125634452144267,0.5982295554343189,0.7424700853465642,0.7756506598973127,0.741712521808179,0.7256977132872343,0.705638263865428
0.1649169177569397,0.6711504457968845,0.4715013936863343,0.6803369466407567,0.5341829399515432,0.6099793185742803,0.7555775697115695,0.7611205172239308,0.7645093389934499,0.7406994687264121,0.735221247632324
0.1866169028540318,0.6661759414389057,0.4731565970337492,0.6684046800652861,0.5584899926634759,0.6463189336829068,0.7560800818723219,0.769031935527771,0.7096540633756945,0.7236125305115957,0.7281931195079993
0.1739342924550659,0.6681024815802754,0.4742953928152988,0.622901395817675,0.5737191123825947,0.6284333989594806,0.764203459821059,0.7346373998880877,0.7189763607261641,0.7355896315818843,0.721795410709965
0.1861117125303353,0.6790385377244207,0.435162640605654,0.6628597955346862,0.5637221781500367,0.5869856538699919,0.702709083751562,0.7532201599629202,0.733204725489232,0.743297695781818,0.6677033933062325
0.1527030413791367,0.6845180122933758,0.4453042772683497,0.6666289381317854,0.5677236204756673,0.5705082012884111,0.7488036776498599,0.7606382734305102,0.6721900733889136,0.7027470490507882,0.7082534667926994
0.163686589539699,0.6353509935126493,0.4655277791171159,0.6643080557339992,0.5614020626427725,0.6026194484244465,0.764467789178042,0.7803699077037344,0.7009404568885665,0.7034565276860806,0.7464250521006486
0.1898669589817497,0.6561584683436608,0.4723239452788236,0.6731868676439856,0.5652705215195182,0.6081396821868383,0.7779988586000608,0.7876667615346167,0.7171305402122307,0.7118624301556783,0.7001261476094451
0.1874139554428575,0.6679507378949613,0.4662309306065393,0.6706114339796717,0.57721729804322,0.6285104907085914,0.7614090953310669,0.7477391542575952,0.7399436699268541,0.7437859800586455,0.7194751043287362
0.1874667735430813,0.6897742973874383,0.4816279048643342,0.6714560829021079,0.5773445543566382,0.66732465366422,0.7849849222683312,0.7656616381755716,0.7406887226510369,0.7332323269965652,0.723556121024538
0.1810889316670601,0.6870876101585598,0.4342540726477311,0.6408050312471695,0.6134643423901458,0.673207924678499,0.7098632613899764,0.7677993092020441,0.6970342606453938,0.7334986430363868,0.7363265299046131
0.1970965664663144,0.6955532435830026,0.4645284658097833,0.6410239722265523,0.5834381958915223,0.6407080813836104,0.7361176737592959,0.7149263329912996,0.7158776276935281,0.7293291014060738,0.7407665825585358
0.2035181683048867,0.7113089755466672,0.4763509970434282,0.6340448185952852,0.6032355039511414,0.6516317984054423,0.7524632266637467,0.7326515829717135,0.7197667417782087,0.7295626379619005,0.706062336422809
0.2078519978966085,0.6574696666793165,0.489493942787454,0.642327533362603,0.6011323214077026,0.6584076878964693,0.7607074881997276,0.7654477280767422,0.6786115948572599,0.7408652735884467,0.7237607698358643
0.2095761945466698,0.6270866456723703,0.502961709941911,0.6518395599307778,0.6241109361000701,0.6330837572699234,0.7398853971419984,0.769154916445993,0.6968710387798611,0.742299629363024,0.7027969170116626
0.1807242938837522,0.6632551564610318,0.4787922071677973,0.6652916975832818,0.6307442988518162,0.6005246158801747,0.7222813304183645,0.7701024461117594,0.7015032180107359,0.7277187458223986,0.7371887227980894
0.1859857079834265,0.6277086516034629,0.485252677643704,0.67344807272318,0.626635495268853,0.607060633284259,0.7405629082765555,0.7815554203263547,0.720566720573772,0.7282888641686307,0.739275793679069
0.1739325645180991,0.646227483401351,0.4931689970504211,0.5912374381888905,0.6232544514384257,0.6202208098840372,0.761745099485631,0.7088380464368997,0.7458069488977314,0.727175345924856,0.7375312414982691
0.1894495971469354,0.6528045765868484,0.4315900813549059,0.6205773562295798,0.5559549949231888,0.623173202125353,0.7736838984988078,0.774183021706685,0.7083106673676963,0.727949258856773,0.743421182640666
0.1965127869518212,0.6083570557009345,0.4252453181418006,0.6405500136827681,0.5749954319419079,0.5841526987678709,0.7905769239377336,0.7776654034954917,0.6558375266567309,0.7402208534035957,0.7468046328712262
0.203887503852283,0.6494752444182337,0.4376982584122402,0.6609381127219657,0.5889211840200272,0.5966412330536174,0.7667806214929567,0.764702455979069,0.6799807565035111,0.6987175241779171,0.7046969876732024
0.2073520180847907,0.664577213021271,0.4562542365588424,0.6630610685423739,0.5553722522348702,0.6367221692360745,0.7580628340076511,0.7388589099608067,0.7022858363811258,0.7027973311244786,0.7107062922037388
0.1746559008767948,0.6683486650842718,0.4580734035983862,0.6457866463413084,0.6038037442930942,0.60229588387071,0.734880544635204,0.7686419669746729,0.7133440044594258,0.7439699819438503,0.729410341609175
0.1864972486385989,0.5231989267239503,0.5252450161721891,0.7143809566121937,0.5812577521378456,0.6173336647662833,0.7448150552045509,0.7485163180086267,0.7346376208329941,0.7511676916793948,0.7293535830031411
0.1953284852559415,0.5959967829269928,0.5193301976232763,0.6494111057692726,0.5845856251877478,0.6214734995983364,0.7608294437792403,0.7581213446296842,0.7278119209382997,0.7131437236374316,0.7161645050606534
0.1984429298922291,0.6371964486431205,0.5029770233476559,0.6382665742973774,0.5917436311135447,0.6294509210449684,0.774939656824948,0.7587191901089316,0.7097384879600444,0.738956073384069,0.6925724618961346
0.1781464052033054,0.6477412995046443,0.5148847883289078,0.637841833725291,0.5877593567435653,0.5888060224954903,0.7818683616225512,0.7678074672187807,0.7094483837159453,0.7479805505876801,0.7277966688018459
0.1720420113764122,0.6602169724373231,0.4440275971542579,0.6750550485750288,0.598555116631384,0.6081928557942813,0.7697324034475603,0.7694397562288341,0.6625306017352994,0.7211056015492426,0.737072333288709
0.1672711710472071,0.651173958053183,0.4600076987479041,0.627810378164703,0.570814483484649,0.6295694826119538,0.7797346051767906,0.7776566375428392,0.692746340450212,0.7319439925093347,0.7575987408320409
0.1447153684736274,0.701211847796017,0.3887379473996309,0.6334973901822729,0.5718214924358169,0.5905779583821933,0.7787938881348465,0.7856982239656013,0.735842375054991,0.7109163733283861,0.7594546496332357
0.1661969900500129,0.6744094092448056,0.4263419373745617,0.6345759128233104,0.5670989048262107,0.6414760773474838,0.7168655594475518,0.780405683871195,0.7384858465070018,0.7295997337785449,0.7781285635435655
0.1821860479821504,0.6689644191549439,0.4640588233533894,0.6301163073666269,0.5759918740966162,0.6238907845387426,0.7456306601574139,0.7820649369658085,0.6983813909694461,0.7415698546779808,0.724840159960429
0.1851695069217258,0.5046048683205719,0.5193967405956144,0.7117424333681842,0.5763090759800753,0.6208187629180155,0.768304075826027,0.7517229010774104,0.7283356433784731,0.7505719992780908,0.7378344352404984
0.1645531084250806,0.5943905847074439,0.4949721416490986,0.6379775438239361,0.5791128912850503,0.5393807466066634,0.7594144475681509,0.7599427705852776,0.7323912469151646,0.7547338447500023,0.7519579171903713
0.170562766892523,0.6453997436992793,0.4497410243604485,0.6391934000354298,0.559804809299391,0.5998059381446781,0.7649170207575595,0.7638248112265441,0.7167918829433103,0.6931524596226327,0.7485707071976203
0.1857547832578621,0.6584275308893963,0.4510666467106,0.6492638103371491,0.5640929393125691,0.6186962203619034,0.7719048616606885,0.7744274717484031,0.718891637734983,0.7102192879937004,0.7382274633496085
0.1745485519106173,0.6613365495007613,0.4494111935998306,0.6191395194056212,0.5781316444306759,0.609909233903275,0.7724445779639256,0.7740658145228133,0.7444572733115002,0.6943844625327402,0.7503668793087106
0.1832358871877841,0.6057131990518932,0.4476920091949099,0.6211361389351223,0.5645705011230733,0.6296581188741803,0.7841689940629688,0.7978136602554153,0.7703533147264535,0.723426985839513,0.7402808160907568
0.1672154644895974,0.6693446974725588,0.3417779159593753,0.6349057451650699,0.5084718973625278,0.6480197944573581,0.7675557930906688,0.7377881887630677,0.7623485552072463,0.7239131662890385,0.7174213005360772
0.1701898950904986,0.6700809003721095,0.3763225337764913,0.6634466322708215,0.5143166480731368,0.6652417782284646,0.7657944674805155,0.755174236357872,0.6823277901211582,0.7208354447596057,0.7310079743598041
0.1604358430129224,0.6861171389410182,0.4117888140440875,0.6755049708902903,0.5484060362294916,0.6246017747465629,0.7620254026496504,0.750996089608374,0.7130799887237117,0.7365824072319564,0.744349651238073
0.164706848487907,0.6723416764022729,0.4286384319415741,0.6275345713157107,0.5477964932873688,0.6419581848653089,0.7351625196345832,0.7604327244030311,0.7437806612719899,0.7254332668728928,0.747058752948399
0.1607740371485861,0.6717124976921653,0.4268542806461645,0.5971706740160144,0.5492678545819927,0.6076968258024245,0.7367477994945124,0.7746897650106237,0.7697260607672073,0.7491147754484463,0.7664137527814755
0.1608141968655929,0.6421265355847465,0.3916660477383633,0.6053685925564279,0.5066782568005629,0.6323397869660656,0.7698103254255315,0.7836293793927549,0.7264374435589847,0.7497036623952195,0.7318963352476445
0.1238317934702828,0.65700544102289,0.3927573238777254,0.6632359899071458,0.5829936208801103,0.5459884845928676,0.7705817180888639,0.7256214787807246,0.7399235422618806,0.7615272349483683,0.7515685677355082
0.1125915800271787,0.6615633538337098,0.3690552461778667,0.6823424515173133,0.5944775343176694,0.5534968609665207,0.7137803456300348,0.754906008518244,0.7562280623513877,0.7271672259905895,0.7170371305277555
0.1123062792814826,0.6717895642601196,0.3727194473531988,0.713307353089345,0.6056619937706564,0.5353682166600989,0.722265515119058,0.7773454463402814,0.7083167060392254,0.7337373139889054,0.7427974981318435
0.1284510543644615,0.6658290721506278,0.3811539789069788,0.7363384421464263,0.5922053878555417,0.5470696976469698,0.7367985262920749,0.7988177683787887,0.7243405341630211,0.7550373739465128,0.7446567246513492
0.1254148364739452,0.6177160413316859,0.4075721654209455,0.6574766509823029,0.5966240815421711,0.5338593318630123,0.7832550888858902,0.7736002093508291,0.7373660898253573,0.7655447797884194,0.7446090940563338
0.1287877894546715,0.6625808406351731,0.391102877864597,0.6059755210134671,0.6136704889489237,0.5839982879040861,0.7456459687255821,0.7595067218287497,0.7294247687673561,0.7488852598073126,0.742272494825436
0.1426730637506673,0.6803209735358001,0.4298850786270635,0.664877796623143,0.6254679159665206,0.5849961841820439,0.7710276926604265,0.7540897272676287,0.7379962196855012,0.7683145129141234,0.770806125390318
0.1459817439794573,0.7073632747832121,0.4729464518434332,0.6267362772935154,0.6222685662068692,0.5627815879098071,0.7790769403073095,0.7556265067153756,0.7013690734810131,0.7910452906329084,0.7256931633410979
0.1516678786534712,0.6800885665223999,0.4710426918028224,0.6024233455106156,0.6547445389969105,0.5551120559584496,0.754319830578331,0.7600708951493822,0.7367681324975869,0.7533136927516787,0.7357845483484862
0.1405746774462898,0.5471729519979572,0.4925787592454791,0.6448832687048143,0.6627251179197094,0.5910420041153193,0.7742597244740965,0.7735351779477669,0.7422107939240217,0.7626473992724289,0.742467614735409
0.180749734390064,0.58359865722334,0.5121685101827316,0.7150521767951346,0.6643000717353056,0.553416974592947,0.7786986711687498,0.7910290065796723,0.6915750668751193,0.7101389151516267,0.7301256404520267
0.1892495504736166,0.5468962838467858,0.4749000446345829,0.7571209078144645,0.6758994977279094,0.568501003743277,0.7468182996313479,0.7756328735647917,0.7129260236859918,0.7354585495360337,0.7217491631853961
0.0999942377382636,0.3819799250682868,0.3617761816909665,0.7368522772354388,0.6202786695493743,0.5963334467563184,0.7685007858665514,0.7396599930978782,0.7565650059387238,0.747101447659397,0.7247414821261973
0.0849269111496523,0.5120582092979856,0.3735133176324763,0.4527352051827919,0.6607640980036342,0.6217876133820546,0.7724696959098434,0.7585854785836823,0.7698540223412238,0.7569334388006841,0.7473908984037647
0.0792261767416442,0.4411971365085475,0.3446317568424421,0.4538941139790771,0.6820873257396056,0.5789799512681535,0.7467119574766341,0.7826714561962931,0.7421050905968204,0.7457132849753225,0.7345891075036792
0.0752873837505047,0.4174075168038048,0.3501322595446823,0.5215902449863878,0.7046491778683354,0.5972317666103667,0.7656697764334378,0.7773835075373987,0.7449958727158591,0.7616676637525521,0.7407944204365191
0.0729115565097823,0.4605421029076199,0.2299219009107268,0.6160113642436746,0.6544249163048298,0.6044774908638924,0.7673491212449501,0.793364003213909,0.7345529015007419,0.7383542491584953,0.7591576109542462
0.0886839256945843,0.5218178464287039,0.2673372467292765,0.6423217740313968,0.6187732372773811,0.4160812592159084,0.7707523532437566,0.7407973078972633,0.7476695971918035,0.7547291318622219,0.7653713250688778
0.0856206549661352,0.5477802269540903,0.2949964943190357,0.6700335531088317,0.6116722022077299,0.450577137687551,0.7778286968625732,0.7660288558630998,0.7253912698535655,0.769984001893065,0.7684844155349899
0.083839801422385,0.5510311930671676,0.2865829332666814,0.5212901323772267,0.5801900386771036,0.4986133903153202,0.7406069889244135,0.7721975916972932,0.7262452990144633,0.7726634186872507,0.7263014669792704
0.0719341339961041,0.5640163199621251,0.295593217363421,0.4811731229741762,0.5802556121882742,0.5010810513046952,0.77039073063112,0.7923414890509275,0.7544313053062442,0.7493287527176969,0.7249455310753876
0.0585984218964749,0.476370052966584,0.245072677229546,0.4139648741250902,0.5131565687300857,0.5121343427504925,0.7292944444946009,0.8084722460372196,0.7646715938886246,0.7699935231709023,0.7318306122557796
0.06337182202689,0.5250363076179201,0.2438796778013211,0.366846041797639,0.523241460853472,0.5537741057052831,0.7390035434707067,0.795021053020154,0.7727407653012701,0.7447699621237331,0.7296901069911257
0.062446931272916,0.3789850493435945,0.2561340050989501,0.3637628732692439,0.4825689411368357,0.3942931179123667,0.7336230121763025,0.7764946905267973,0.7763976127444709,0.7527817117969154,0.7491409011933621
0.0465967977977548,0.2660962974683393,0.1972425975387126,0.3113880978431194,0.4333797405581611,0.2854672805346001,0.7784780037291656,0.7005795769180206,0.7878204723309558,0.7293569346807411,0.7395805884356498
0.0420345263339642,0.2455815959586214,0.1888132235088412,0.3120178158742455,0.4526746577213882,0.3072073893429911,0.7592040908547866,0.6689089130188549,0.7326619143608613,0.7315973525638917,0.7614137808127133
0.0411895412545398,0.2352510831375768,0.1587589208835474,0.3021920804148771,0.5060466145004656,0.333653091269286,0.727883035314902,0.6999307608544627,0.7582374644839677,0.7401832393053129,0.768770707474212
0.0308443702312942,0.236254158825259,0.1620912373526477,0.2899560835626322,0.4656849802945058,0.4006304254410353,0.732114118396118,0.7478644432618784,0.784224564845943,0.7514534248688941,0.7852106951987813
0.0355372021925988,0.2421753652180007,0.1550203765644158,0.2958970281802511,0.3968853136704519,0.4154732478427816,0.7598401816298831,0.7579031508298837,0.7743610686439975,0.712057153142633,0.6862883467259934
0.039187026996403,0.2508153128640739,0.1550017848661035,0.3061840637060535,0.345291911904824,0.4718274231438163,0.7750553335757595,0.7543597305367722,0.7607106493858227,0.7482549267646532,0.7336731101254963
0.0426223076102028,0.2646730135543492,0.165204962936155,0.3020551922006229,0.3940010267928192,0.5587156417099519,0.7398467455766607,0.771371804747064,0.7563109467655186,0.7450417663228419,0.7494983561429744
0.0480670164381335,0.2785198442585331,0.1636608404413319,0.3110573228238171,0.4323599547642142,0.5554943511416223,0.7568479585525243,0.7673501746732675,0.7688952940647414,0.748693727768035,0.7307985217316715
0.051391094231892,0.2976089654186922,0.1622705752979921,0.3132496140114029,0.3861525441381788,0.5780656074969546,0.6822054578182332,0.764223775215254,0.7694894268061889,0.7787957265698091,0.7193397973405639
0.0521588850964028,0.2990402659790437,0.152483773201197,0.2715314492757195,0.3959469291275012,0.6018442238949449,0.7385582119470022,0.6887936606370795,0.764486430025936,0.7321768899271386,0.7395720611855295
0.0555589719852066,0.31853147864717,0.1610891799560906,0.2698910020038415,0.4260888230004706,0.6000625251823392,0.7614773880734327,0.7171907003982385,0.775570781494034,0.704639843536855,0.7401454216924023
0.0517422113478507,0.1906341745684874,0.1639866745719215,0.2592251268410636,0.4482303519424462,0.5482492847744143,0.7933056141312584,0.7472929038069425,0.7445104942006459,0.7128356761641415,0.7641355192810402
0.0595708179018122,0.2088855304747603,0.174393542680963,0.2747696465083172,0.444593414692876,0.5061496602312769,0.7602510844158936,0.6938462221260543,0.7580773988773988,0.7195714714488665,0.7271768014177956
0.0558359184483506,0.2068508946593128,0.1887835493908036,0.2756464870994277,0.4023541003348331,0.4237738080530865,0.7547632107086023,0.7205322350495762,0.7347306777938394,0.7165491134754974,0.7068157179900827
0.0551737670100256,0.2050317783103038,0.175209036296226,0.272972112497734,0.4065843949487219,0.3851656986583643,0.7659848944106045,0.7381448392111024,0.7361080103528104,0.6761661664646815,0.7024543148796489
0.0599188293006346,0.2052073617489911,0.1819917017605783,0.277084561533606,0.4037324298239166,0.397436476058891,0.7719726625215799,0.7422342773460437,0.7334514743863099,0.6986846220069636,0.671179815435901
0.061801620270035,0.2038709063140509,0.1896621740887259,0.2683704923890809,0.4361484857076574,0.4584690080043472,0.784211073944501,0.7236569953503464,0.6470527553788331,0.6822253972386657,0.669212890695002
0.0720251948672914,0.2189049723521093,0.1964808133138563,0.2775141547818184,0.4818589996997517,0.3572220470569962,0.7685301874443984,0.7354896995491029,0.685330370471318,0.6973619157102781,0.6735135689472842
0.0735566546161195,0.2133688676873579,0.1943154770443112,0.2805438404874413,0.5125403735474818,0.4162669113609515,0.7643876953940482,0.6866923714025501,0.7059144837674524,0.6876075285097843,0.6351709248304501
0.0735709079974774,0.2273096849305736,0.2053134551761599,0.3066601419240151,0.5220156448769737,0.4731435001789814,0.7740653653567482,0.7197742414145285,0.6969779775638983,0.7056981360847895,0.634392426346084
0.0776027811544004,0.2326352002682833,0.2265617648067932,0.3302496729330784,0.5585342715929553,0.5027575579945122,0.7927639652977672,0.7268186023958296,0.700772428527153,0.685554433334298,0.6360786083191489
0.0782584260488752,0.243612584238286,0.2357391286352366,0.338974866957999,0.4850353977405583,0.4414682664191583,0.7699781145252139,0.6864569410330499,0.6623500782924755,0.6838915572840224,0.6504858064525334
0.0784600659764319,0.243634108368115,0.2427921700708246,0.3403786252070493,0.420025322750184,0.4472984992195603,0.5447752902329163,0.6192823977147907,0.6950490175365109,0.572432814614754,0.6069501915438906
0.086845024643146,0.2549439622872049,0.2448064215187419,0.3194681939660115,0.3933190452710027,0.3738644262709508,0.6198270644660295,0.6357072220942654,0.6996209325891989,0.5872320048499874,0.6097322046406832
0.0921347891908025,0.3294056323277829,0.2829467295043041,0.3653783645383138,0.4536612775103364,0.4890027709979467,0.6667589846755145,0.6464836627033397,0.7130989196870459,0.6380146724495088,0.6126086067828076
0.0936032445289344,0.3511569922225483,0.3023539591379025,0.3700318431596957,0.4016822173680292,0.3607174126812975,0.707208431911376,0.6528805121965131,0.6730498150957199,0.6556267125479602,0.6180381421173251
0.0939475157536177,0.3733025527272233,0.32432974375887,0.4131326728708058,0.4707815677989895,0.3985130492395701,0.7349979051070996,0.6647384248788029,0.6743105496630355,0.6297945812731991,0.624028228685187
0.0991994314166902,0.3472270440566291,0.3567180275392825,0.4199473540797569,0.4911687693341916,0.4374975789386611,0.7613099138628598,0.6838654872378418,0.6340224726237156,0.6499729213535217,0.6121216065951045
0.0978152886127722,0.3556041424547967,0.3591740647599214,0.4639807392539719,0.5253850046615063,0.5443223321933877,0.7648456263142226,0.7310830876379193,0.6748767515320093,0.6769898917878281,0.6166504467568914
0.1015395613873055,0.3611368118762829,0.3744181090188628,0.4704397217491668,0.5996325577531254,0.5614132563102978,0.7368159230890485,0.716968717282821,0.664101741245903,0.6414656571806489,0.6016985406175597
0.0803261646053378,0.3405468019835478,0.3339130777846944,0.473417437407786,0.5751299706077961,0.5351994094452811,0.7768672213982522,0.709399729163859,0.6950918266492504,0.6758838060254937,0.6051783890731477
0.0931036550536866,0.3439298417092921,0.347452481922935,0.4579899321015685,0.5767578920264682,0.5733440514702668,0.7605736397956799,0.7333201021036814,0.7250021033124363,0.7030916546542463,0.6308782926593666
0.0915486700224294,0.3385262015274071,0.2991234237786437,0.4436721380781495,0.5168947201228582,0.5831975443373727,0.7813570648720221,0.7275553121102263,0.7255412402951095,0.6920537543259324,0.6472725672879827
0.0946107472157192,0.3169060058890708,0.3057071835218767,0.4486965813821952,0.5992723278858019,0.597731568527339,0.7476324772184131,0.7079888903866797,0.7197588896653094,0.6713429838786258,0.6543722348020028
0.097194100754545,0.3134456262465354,0.3175097459742592,0.4727796704012953,0.6220500280394369,0.6495158336799656,0.712965800787114,0.7086389357638314,0.6954024789796287,0.6848386905747803,0.6268404942272444
0.1019806033764434,0.3196435482024761,0.3170632535959244,0.4802791471360281,0.6609832215817939,0.625108499443462,0.7157027230688371,0.7518310421061383,0.7079935526389893,0.6457490139263575,0.6273699737246003
0.0987380995810559,0.3149224444782025,0.3119902474266243,0.4831686505153787,0.6693253100880775,0.6315792314765943,0.7191257550080601,0.7828501087831394,0.7298569345203649,0.6734208694518469,0.5868872725757117
0.1095712157697947,0.3032378865831855,0.2866378646702051,0.4424860173760743,0.6626298922724365,0.6358239190995465,0.7377831166929883,0.7429673589718632,0.6971405562388179,0.6911890648767907,0.6140018291031826
0.1018567781859904,0.2996605691317583,0.2801651402097286,0.4305259632302536,0.6495960893187721,0.6151147557417648,0.7533320888551999,0.7432498863595631,0.7079917858050587,0.6876482326884495,0.6189928274020974
0.0917399423642296,0.303248795249409,0.2682360335572489,0.4311283766709147,0.6029541966705733,0.5819365924315117,0.7761520634369079,0.7694160064383609,0.7497508394364218,0.6923442775928123,0.6071629804848621
0.1025493640346226,0.3148207269449889,0.3038620295987658,0.4681672858627577,0.6151196447904406,0.5901516118192501,0.7818595039170518,0.7506035548694028,0.7505355277247769,0.6779068443847543,0.6018325185246685
0.1026184281478595,0.3074021402259937,0.3109551129145255,0.4721133284182922,0.6455971612849644,0.5941941830210289,0.7983498002948963,0.7689616431661044,0.6942779445476729,0.6984730878693057,0.6058781037473491
0.1102628182222603,0.3158405653183669,0.3394182555277566,0.4731182549439729,0.6380537158138536,0.5835358128771306,0.7056126363739615,0.7322881104681979,0.704506473326953,0.6866366930253687,0.6467680969337221
0.1071142684351031,0.2898325069545053,0.3403055510993328,0.478969574739689,0.6120796497901175,0.5900210853057216,0.7270532512773362,0.7549150396615308,0.733136373664121,0.7054141678862678,0.6481452907356031
0.1006329909530664,0.3034925111329523,0.3452895226497122,0.5000302133557925,0.5914932657216775,0.5798508485509506,0.7179280116012138,0.7507000041626897,0.7211507331707645,0.7140355701438575,0.6141404677119138
0.0888799455730428,0.3096695086230334,0.3340436110136186,0.4950786007143646,0.5274016239477578,0.5816772628252991,0.7427228230770473,0.7528479419148862,0.7105757134688515,0.7293130785950698,0.6267656062938742
0.0904976506846434,0.3145221618841709,0.3148827163510259,0.4649824321548463,0.5261888209840878,0.59218394261842,0.6924967760909334,0.7575930214927679,0.705816901556225,0.7044609263131385,0.6092474041064277
0.0903728115906724,0.3021907782258735,0.3202766969776568,0.4641275775510982,0.5107975788934639,0.5556734187454294,0.6946269818492358,0.761279992673781,0.71602293005227,0.7180844832942936,0.6380687795795533
0.0870511393805172,0.3179484963513003,0.329646103516575,0.4454745031536857,0.485176092526433,0.5556667255436932,0.6817700548563328,0.7560762837813059,0.6975130323749965,0.6952516365330482,0.5975362346467061
0.085365231533101,0.3132048781233491,0.3360866637573295,0.4471927735044826,0.5251464124900872,0.4957285077209885,0.7296920102975522,0.7769126940742246,0.7045869596784995,0.6737840799144766,0.6421815614674666
0.0917477490825572,0.3151427415148288,0.3463438769776689,0.4546215576849188,0.5338293665361208,0.5067438465200846,0.7333135159380064,0.7943946790895293,0.7108572368749908,0.6909289236556665,0.6441377584312937
0.0921144349014471,0.2990597859231375,0.3061523028751682,0.4283698075003248,0.5225649031925956,0.4772482945041605,0.7374690121625627,0.7621072971998908,0.7274461826377872,0.7024466660154846,0.6257462102834106
0.1003117788542104,0.3181734523149345,0.3446231081940433,0.4446412005444211,0.535833633889607,0.4515998909831115,0.7368745668409653,0.7810304099754657,0.7088393634654174,0.694391798226333,0.6392033383431628
0.1005371418215559,0.282489158594348,0.3277558612551946,0.4484549089359066,0.5516757302276101,0.4698387610270812,0.6976613031393945,0.7667302508015509,0.700061276927551,0.6986767555918625,0.6555380708000367
0.1028644409207859,0.285639743574671,0.3318062412929826,0.4554437303881085,0.5414200805219638,0.4717923190884531,0.7189018693737153,0.7173042468141101,0.7016881748731364,0.6899877337706204,0.6545717079120527
0.1050340393372736,0.2926328275290859,0.353202900090679,0.495498489174015,0.5405710468028638,0.5377360486171641,0.7051595011331014,0.7224009593508246,0.6593871085037024,0.708789607291779,0.5316409778214006
0.1051516632525796,0.3050969439291439,0.3566808048477754,0.4870883311555938,0.4674519850102576,0.4124196525213933,0.74087733760247,0.5746659426736803,0.6952865353370363,0.729340953880821,0.5812600396560893
0.0978967460340091,0.3071129966419542,0.3370344692692198,0.4890955125685344,0.449162066821834,0.4026794520701794,0.7106206551681317,0.5889061197048431,0.7062714473459946,0.7442885349979056,0.6015027555100867
0.0852205678152367,0.309384792093611,0.3262158004050055,0.455955567134038,0.4528807975225454,0.3932549300406415,0.7501084459412581,0.5902876831343704,0.7097070261952967,0.760801864099599,0.632526694463303
0.0872974309679422,0.2822283340215381,0.3092903106307373,0.4682495070743552,0.4544408722773048,0.3950648896929954,0.7118460520779354,0.6173711528108241,0.7168402238987037,0.6683665655771651,0.6106456918233202
0.0896594175923467,0.2854774146700792,0.3340421180884293,0.4736793741095153,0.4594068352073204,0.4123467919781263,0.6454919546613465,0.6222983630020177,0.7172077315489069,0.6962747676560902,0.6182295677637699
0.0942725126695883,0.3024308514052349,0.3348096382076591,0.4907750640261491,0.4686409163529855,0.4130465027007706,0.5311683487611498,0.6487853418678533,0.6864101964547752,0.7039021156393345,0.6287611968540681
0.0951471152145563,0.3034446092354977,0.3299670697714761,0.5008724668430464,0.4836644344628309,0.4254474068182799,0.634854991883114,0.6970994934634158,0.7196359026740251,0.7048114883936069,0.6381249477211963
0.0986634970954967,0.3271577457929332,0.3579758993012141,0.4719744396338747,0.4985258365391048,0.4611226751153042,0.649653125985058,0.7068592961159804,0.725631140703999,0.7125217881947453,0.6157948991867976
0.1099157992038089,0.3297455666648055,0.3718194466942593,0.4920259157479919,0.5105170899125538,0.4983346236054745,0.6804303008245094,0.7091773579262458,0.7131320551802286,0.7093673875252887,0.6197962757776334
0.1144079514357435,0.3429033647968721,0.3855240701830225,0.484880498315559,0.4994884875899337,0.5189707920897361,0.6903150503325868,0.7363694434133791,0.7320921820221615,0.7281283595460679,0.6229980072650911
0.108023383422865,0.3560005045010305,0.389711562055327,0.501139193167641,0.4695004804669939,0.5472122031784628,0.6928661089439316,0.7429733532320547,0.6915252705380022,0.7145011440126231,0.6336295597484611
0.1103099426225877,0.2986310656535387,0.3842223657810994,0.5033038255264026,0.4854473730427493,0.5243731315507391,0.7171297180155773,0.707901403539274,0.6842179151267237,0.6279868720244461,0.6377394210040068
0.1003700187117704,0.2979235600819181,0.3701789556131961,0.5098991554613654,0.4945698313629599,0.4893897376320327,0.7260900558065606,0.6158933705190514,0.7172967968720454,0.644508728656052,0.6617630483845691
0.1016244743914409,0.3010882041456127,0.3759414824720933,0.5111696800613281,0.5065466434763782,0.5288715832693328,0.6626764887761059,0.5437437799534436,0.7215561659651747,0.6425998642717416,0.6742448075120981
0.1153686180044412,0.2949511762474668,0.3870665005011532,0.523224125144319,0.5007005726045282,0.5598785485110882,0.5899253990677107,0.6002344016859902,0.6641152644910531,0.6786352634751494,0.6417574095251019
0.1150229348630597,0.2995677447161872,0.3981272504006194,0.5326710155620472,0.4981618268828574,0.5699953181423771,0.6655479642552178,0.6354346307656237,0.6897658972291586,0.6994887963672094,0.6432856440010606
0.1172424059483918,0.3046375233501741,0.3813711562631488,0.5030164900546443,0.4795154725130472,0.5752867837150788,0.6972989879224116,0.6380941411211032,0.7256898016484428,0.610912735725382,0.6266662757761005
0.1209774872259952,0.3165700200295763,0.4027597737109394,0.5149338043624394,0.4961434457772556,0.5864462133156371,0.7155555571293433,0.6881568038878789,0.6976840600253231,0.6939823585014655,0.6098181396307275
0.1137256369223181,0.3152970263099358,0.4066464696367927,0.5409555436513038,0.5166479356734077,0.5934736078306088,0.7310494777384529,0.7215679201062384,0.6416856860674026,0.7064307887681394,0.5944336093088038
0.1144324190702583,0.3217102756645227,0.4129248356327091,0.4978755626555599,0.5417972335897671,0.4943968759777249,0.7352829147660991,0.7482883439854398,0.6767384062563879,0.7169952481193564,0.5981955665579373
0.1165657389452517,0.3241628041575502,0.4156720898267353,0.5112820898647242,0.5614376679448065,0.5357618168928463,0.7404058050214306,0.752219984646219,0.680688211866581,0.7183409170873148,0.5764767195166667
0.1222723950942656,0.3260172594113996,0.4197726089333881,0.5161457863829603,0.5332157672067641,0.5502223694761498,0.7433162825935895,0.7634110191654915,0.7082321101381406,0.7356807614597212,0.6000723082774091
0.1282004419970698,0.3326474075826701,0.4236475704917627,0.4998967335774242,0.5381936085614992,0.5613440532013279,0.7041812700125403,0.7179974020685791,0.692119845870991,0.7325749886560505,0.6059348109816106
0.1256741660193695,0.3346204059911021,0.3898861350777577,0.495882381485512,0.551635477636266,0.5629275286443873,0.6910231807316362,0.7030324787786867,0.7273625254050206,0.7101661884975525,0.6150297931283633
0.1249367587617994,0.3351714037340441,0.3989844204644493,0.4891740411374865,0.5771415268543776,0.5527056720390723,0.702955701873596,0.6070333622990262,0.69616163737494,0.7312464857594748,0.6194351950306471
0.1268450919390722,0.3354559654268014,0.404334267390861,0.4840330404770965,0.5646085727248136,0.552548183248242,0.5862699662130343,0.6886968721696665,0.6268156589538909,0.7399790536318506,0.6069291101594975
0.1232444725409027,0.3329206127914964,0.4062471156339852,0.4824778747521126,0.5592018670698025,0.5601097702378665,0.5931424403526404,0.7000010824948892,0.6610018726093387,0.7575239042771387,0.624529592312953
0.124269592915902,0.336303286417806,0.4234894783433094,0.4834909113182484,0.5636969560345602,0.5830450825888153,0.6445071394311367,0.6869803291332256,0.7058995959785452,0.7596740636581638,0.6041752021375711
0.1245861810479601,0.3323902692460349,0.4165942393866664,0.4923569668231182,0.6103172204595375,0.6126077916618049,0.6050286389880257,0.6718492310499409,0.7170739276624071,0.7649376512835548,0.6153655844878346
0.125341480364671,0.3481876951250722,0.4856358198814119,0.4450581688606349,0.6027783153995921,0.5300718662442551,0.6540103294037382,0.6863301804810295,0.7201433359856912,0.7685484304495354,0.6512734841891283
0.1272195492332365,0.3576475165239619,0.5131280907547027,0.4482432030182184,0.5859163728501693,0.5728007810141824,0.6180621912899918,0.6975980779235957,0.7469532748974839,0.7461509224856357,0.6515446241841905
0.1368054475864652,0.3677869472792495,0.5709116830863168,0.4516429376573443,0.5837511137283315,0.5764381426112617,0.6731598429979775,0.5969761204822994,0.7095763911479678,0.7663444326973781,0.6232613481974043
0.1380999545055214,0.3562627064652632,0.5707406981653356,0.4769852211698731,0.6012131393424431,0.5964155973255342,0.7155248189674084,0.6095540052658501,0.6867685461643345,0.7295784765434231,0.6255984381344601
0.144266333524149,0.3683294558419373,0.559468407400097,0.4938934589957332,0.6295389020779028,0.5380530620988165,0.7304280941214307,0.6041276072213169,0.694321454661824,0.735478896951498,0.5950809027652384
0.1531114021162687,0.3554074891388594,0.5725099568490273,0.4976143934579742,0.6374502607573207,0.5440522703241515,0.7502217859115149,0.6446964113111204,0.6796004748434342,0.7454395960082478,0.5947738750326246
0.1367239560677332,0.3598150315008436,0.5824681455026995,0.4938171035625961,0.5867191886705476,0.5635048035975156,0.7441075031121054,0.673324403288863,0.6702343214093558,0.7619928405969,0.6021161217124953
0.1401001248439377,0.3779322377826608,0.4863613450814355,0.5226577610386234,0.6271766872202127,0.5718967942192374,0.7018852340450472,0.7137354361460231,0.7021279747005069,0.7138081693535656,0.6721847059304522
0.1539361725911763,0.3694446227935232,0.4609395759426524,0.5473512747949247,0.6535491485362024,0.5984199272938316,0.7157618528644958,0.7426311563614884,0.7225429600018429,0.7162924412839927,0.6563951434619881
0.1647161948942348,0.3751598089659104,0.4754246988406795,0.5784669210520745,0.7013824414212038,0.5310855510373909,0.7073145333306241,0.7105629147848365,0.7206437495352807,0.7354408258142461,0.6689381842531977
0.1617888414769308,0.3740598166097533,0.4815524419122684,0.5980950535288317,0.7152596956719901,0.56610613346791,0.7325170401279417,0.7451117411486674,0.7320337690698444,0.6955224429816982,0.6867379434191168
0.1553213145284217,0.3833490663992691,0.4871862905330154,0.6225284500039392,0.7293087830289222,0.5980398795961173,0.7024096272588073,0.7370614102695741,0.7118252629479529,0.7282272951037584,0.686513258669909
0.1451605195178774,0.3799446313708583,0.5061583323471375,0.6229792041263335,0.7429199907202753,0.6005125438024739,0.7262927569122675,0.708573814044652,0.7267305212742328,0.7463029746150911,0.6995847731426672
0.1453870589415749,0.3627004536805182,0.4667257847254651,0.608756125346863,0.7269671418316582,0.6150746341119941,0.7341725982476053,0.710533052584263,0.7205586342505753,0.7521149625075889,0.6492106835714856
0.1557919417140689,0.3521166250142276,0.5048142342024752,0.6366861801555188,0.7118846434287143,0.508495278284125,0.7102277973233818,0.7225101598980447,0.7251374435537828,0.7403780580481994,0.6614045286392668
0.1627458894065076,0.3496478957480344,0.5166442543481702,0.5845669848906003,0.652023903448762,0.5588852881628789,0.7112427998913182,0.7230908837366874,0.7290113316255619,0.7635369657683397,0.67043788523469
0.1782669079132546,0.3577394961921251,0.5470174044883478,0.5952147631310344,0.6745074876211128,0.5622934356283047,0.6551841999483013,0.7490378423416224,0.6888122154054085,0.7371560212276415,0.6858376565480129
0.1519918469953114,0.3625165609047883,0.4971966754587987,0.5657641199372505,0.6205668950222983,0.569654583474926,0.6737608971806951,0.73592803943655,0.7256812883420577,0.6859907485249602,0.6541631505131478
0.1611969670351784,0.3718750378807171,0.5005600980424839,0.5773089876008799,0.611605096465784,0.580381280543951,0.7094364665786776,0.7526832946213897,0.7520701964124654,0.7015738034162926,0.6935512212087163
0.1465548422263162,0.3625530229791843,0.4961965677617814,0.5876321299609646,0.6266477361644092,0.5747162999636021,0.7311283810867676,0.7243797575309946,0.7535397252024267,0.730347386748455,0.6531279022700753
0.1708650219168127,0.3694902511929091,0.4716598851977652,0.5694085761003219,0.6221786755110813,0.5337083332892313,0.708176239453068,0.736359404497569,0.7029260531583693,0.7363722493317403,0.6553476055375422
0.1601734526255346,0.3618474433232111,0.4786179934951627,0.5497108913204292,0.6103929612249753,0.5109452798508229,0.7366754340029276,0.7570992488287293,0.7023874835079057,0.6877470578552551,0.6675190395683582
0.1619006420256462,0.3708963037980636,0.5011292737352993,0.5591398029575194,0.6146654547134844,0.5322664230727461,0.7440114320674946,0.7592434312819021,0.7383043289296313,0.7351768515491335,0.6833303241112746
0.1733401260403108,0.3663570026176589,0.5095817082096925,0.5692956724301848,0.5889344994576214,0.5663083337134032,0.7762727951214132,0.707776979964278,0.7552338325055012,0.7462755734525166,0.6619507004929487
0.1755885887565765,0.3727978190559027,0.5306947968707234,0.5798860077622396,0.6248655518263335,0.5097059589990609,0.7352844799335485,0.7422874051891145,0.7650350624751598,0.7611765193997313,0.6471961877454615
0.1852941283196131,0.3771316596628871,0.5437339660488676,0.5387684203085361,0.6290484400347682,0.499372608193053,0.7424534579278681,0.7172199254406215,0.7421760876335168,0.7597117752433112,0.6237448515828726
0.1641363056174699,0.3820172707998068,0.5641889938938875,0.5491612760070899,0.6469384674619325,0.492733680758422,0.7530607124521813,0.7266409758937487,0.7565763154019265,0.7672509192844454,0.6368140012900525
0.1726472490977109,0.3515423716450347,0.5864466270882347,0.5695946967894319,0.5846913818062588,0.4425678419138569,0.7677607259745944,0.764807354552413,0.7551627215522647,0.7834309457488773,0.6141112015930047
0.173686496459233,0.3612763773667502,0.5752905893029269,0.5793519867556276,0.5926019081447536,0.5120260187950898,0.7324486097890096,0.7831385813784872,0.7238446891072496,0.7514342604423105,0.5828091297957682
0.1666281245944572,0.3708115631240397,0.5546227759246306,0.609531205034346,0.5910760180682619,0.5384075795750298,0.7630477243860526,0.7519920698106118,0.7330023207346319,0.7438527919143043,0.606899838891702
0.1692236893267434,0.3686909021432172,0.5878334570976071,0.6338743620664813,0.6018136909637739,0.5623107011362476,0.7554883268326101,0.7243094126588459,0.7529760330769759,0.7565190383164828,0.6098898370105013
0.1747881255539877,0.3486566401291937,0.5356785030680711,0.6228681224110444,0.6025463300043701,0.5254126040665883,0.7529975503997967,0.7320861170017603,0.768800139533524,0.7413786307463837,0.6324215065533585
0.1764845061560097,0.3584497698604731,0.5458904824400512,0.5997242698319287,0.626744629911526,0.5336376962396634,0.7464558635533265,0.7490329473394919,0.7236309292372302,0.7499101046769778,0.6305508616641765
0.1792226655040108,0.3900185776042907,0.5357323156827732,0.6129470572126231,0.5876806000582978,0.5126279806284814,0.7487404328774497,0.7501957499208751,0.768583589424474,0.7562542381591273,0.6380300462677664
0.167640921300465,0.3951591534881857,0.5415708094173128,0.5700351927478265,0.5817669134802579,0.5749311259634908,0.7523834234033917,0.7704649033656448,0.7813240991897407,0.774271865514854,0.6249798502606848
0.1698181376616023,0.3802978498914285,0.5413388327987152,0.5597458065147115,0.5888448919363769,0.5830928777483051,0.7521906006742862,0.7727354080000647,0.7099286678348142,0.7663360422070462,0.6401873605825276
0.1719342560454697,0.3769201508370965,0.5291531896680572,0.5829339605630408,0.6006673426822156,0.5709185057129353,0.7514508022318016,0.7145328065883221,0.7302597168703882,0.7225491463163686,0.6041920539245667
0.1757693977738459,0.3800312151547457,0.5318855444503894,0.6224361230529689,0.6105295422315686,0.576194133389459,0.720451678386095,0.7188809232290184,0.7288541356089349,0.7177452291402374,0.5810677965930553
0.18063514209383,0.3531351980323896,0.5363977614550735,0.6284904430694064,0.5771794380628958,0.5854756267836518,0.7607059075005933,0.7179513276566852,0.7432571409191182,0.738983580462178,0.6526993744598641
0.168698634559488,0.3494160256047742,0.5111104014417307,0.6120030191312629,0.6045154404815916,0.5622587298511255,0.7706543284463799,0.7296298997589367,0.7682342449366854,0.6684590819098981,0.6624454234737536
0.1722447241572937,0.3564289883111663,0.5247283752380989,0.6397138320209956,0.6317578226031371,0.577348380709077,0.7584135804854152,0.7038369800508416,0.7566164125565806,0.6804702518086952,0.6661359531033683
0.2136343638301813,0.3581647010128906,0.5459977095156303,0.7146491762988307,0.6609810423537559,0.5936247634237852,0.7665194397674546,0.7438819247039805,0.7552824634173793,0.7086823912978514,0.7061065181923029
0.2383994884752974,0.3661758081641725,0.5593467885256505,0.7630664997719316,0.678652857059788,0.6028545003968188,0.7308819611183962,0.71423642900551,0.738957946242833,0.7255029889086445,0.6615160800581418
0.2488064234887097,0.3717702480729418,0.5775599961533109,0.7803806209013964,0.6561360016230744,0.5690973057339113,0.7572213419023166,0.7220274089964359,0.7504362482560012,0.7539940740188427,0.6810226724679171
0.2051555658514105,0.3265335488166501,0.5812587798164244,0.6767507356941995,0.5885876726462783,0.5941522980668938,0.7498457695760017,0.7174136240634488,0.6454998097951525,0.6897584236320452,0.6065963128024567
0.2323784692939997,0.3651255001096166,0.6340021051247582,0.6983250556940964,0.6286912527502996,0.5943643541085313,0.7150353206857298,0.6522237859078841,0.7028862840016861,0.708854531966536,0.6436802632563572
0.2113274161587579,0.356331140193317,0.572436450424563,0.5670388855499171,0.6348087501128596,0.6125268513711204,0.7291208316561408,0.6686540186515486,0.7256149333702381,0.6259543468206582,0.4079574164389182
0.1798642567054567,0.3538679232428069,0.5227840064812264,0.5765281149971253,0.6519463507533174,0.6227500680684168,0.6859416064749757,0.6993755178201856,0.7481535321346159,0.6380440664257617,0.387690306908118
0.1956956457792256,0.3475542871026421,0.4638920466317202,0.577425946398849,0.6425621184944079,0.6059291173929012,0.6899913524313944,0.7263682953177292,0.7228059811032075,0.6090948084306514,0.3920423130731924
0.1788035844544244,0.3442056451110486,0.3850843467470843,0.5507330418457332,0.6620087011378238,0.6186328573506474,0.7142438862081617,0.751633476511416,0.7324206473801735,0.6214796167893402,0.441326249315068
0.165104055088688,0.345282993629204,0.3760480836093723,0.5584591819948584,0.6751995288871353,0.6322122797485883,0.6967871063385543,0.7357232539697369,0.696032107411585,0.6480439702933343,0.4964424414586933
0.1648913268385115,0.3664902570421041,0.3850852988023575,0.5421292442204432,0.6842210082600866,0.6687232225322254,0.7530720129745332,0.6660474262041224,0.7396103778279213,0.6294354877654469,0.5463908060824483
0.1762033393186706,0.3587663949237857,0.3968663095609301,0.5162636665023804,0.6621782412626254,0.6164074860700863,0.7447513745116698,0.6887368137383509,0.7526417217538061,0.6450851242050935,0.591227554252302
0.1586248147804608,0.334892160896203,0.3755329028963992,0.5319946790337936,0.6835961932638108,0.5835833687087877,0.6873941865918689,0.7202093673583316,0.7197851809171322,0.5992531446406423,0.6162448500478983
0.1681629922594621,0.370306076327124,0.3940909998654175,0.551685727807869,0.6961324388966701,0.5872165331205041,0.7397808298685402,0.7308385560671105,0.7652307334802864,0.6174630584798682,0.5919146354441741
0.1354612757721887,0.3460856051454049,0.3317198573119492,0.5377144580870864,0.703316015878725,0.5930428905675754,0.7707614380337753,0.7530103080847705,0.7699795662666026,0.6581000246359272,0.6019499958939197
0.1489720287388099,0.3786083094221661,0.3769258615352307,0.5476456687693245,0.6922993887390279,0.5926694590517473,0.7602768480304626,0.7850192243477475,0.7686302125822555,0.6681785308557201,0.6108506841091725
0.141807611131855,0.3868733882083514,0.4116366976523128,0.5787425720885132,0.707169899155671,0.5665562560473175,0.7499815905064706,0.7847897673666763,0.7923802332367615,0.7136421371783993,0.6296989723469442
0.1366259919401798,0.3894787187526594,0.443511558896125,0.5441694550701659,0.7139292420887056,0.5734701318246193,0.7606303699658562,0.7164801993441201,0.7661097520167922,0.7253681728817518,0.6526000274084915
0.1405095114873678,0.3985762968412626,0.4673228264023252,0.5489202015010007,0.7269572479289912,0.5820685962643799,0.767300724950774,0.7299906859908062,0.7675562920638541,0.7067552931220793,0.6697124768392876
0.1487646007181721,0.4251761877440875,0.4523234049869764,0.5786579206171428,0.7379492781938496,0.5696940182376321,0.775552091409363,0.7188864636720521,0.7584176880558511,0.7408638051296728,0.69245272047048
0.1476057967378683,0.4307759722124392,0.464855356292492,0.5396689717152642,0.7506031262073529,0.5927060925707616,0.717984286600388,0.7363243868167717,0.771086908278775,0.7269103598381037,0.7124465211275299
0.1518563366616519,0.4279740900518077,0.4667451946963936,0.5812464357292968,0.7303603431122834,0.626732238399372,0.6136067151661986,0.7457390132404561,0.7732674607153716,0.7254821862495819,0.6851411546910054
0.1544694639636357,0.3289269396928479,0.3680766526884068,0.4505525552864994,0.6502627997843107,0.6349782374002868,0.6328360235574556,0.7411526453717293,0.7902616258462182,0.6822828991082486,0.7076733326892695
0.1432514624824822,0.3660065945415035,0.4148374661497256,0.4874850949647717,0.6730747957887786,0.6167989094166241,0.6697973725361861,0.7782818717991871,0.7587786624649453,0.6980992569281514,0.7288618474440685
0.1463200378856898,0.3066438089910052,0.3375065859623245,0.4169826646827833,0.6331275042403867,0.5960328978293225,0.7021994680877466,0.7831012432189626,0.7614300495087809,0.7281064795937001,0.6713647094743188
0.1354342958792738,0.3407419646139021,0.3985970904370063,0.5144413242643947,0.6617241404381433,0.6082469912586825,0.7366880161329696,0.7857910077200754,0.7765622257920171,0.7543419959163719,0.7003611783452919
0.152684055492108,0.3740560511424402,0.4441477483815917,0.6086085531089459,0.6800003781846915,0.6102250168667624,0.6711861488733867,0.7653306091234383,0.7866931211484687,0.7744875112490215,0.7156490727541561
0.1532082189811719,0.379285579269312,0.4736361292408181,0.6529662795052162,0.658962013511858,0.5961566407053335,0.6907021440984938,0.7501266526028337,0.7674024719140761,0.7607089680123291,0.7242584458674572
0.1612433263229663,0.3441647925288179,0.4642665451810938,0.6146153153031123,0.6668739927891483,0.5147208224293854,0.6288746450183605,0.7050120958119809,0.7146690511954578,0.6593276314131347,0.690128271066218
0.1581075427857632,0.2791907858155338,0.4000169039416762,0.5659940271093244,0.6802038324726307,0.5331507772120743,0.6482632355161095,0.7187230489375922,0.7361249069275388,0.5837239096281855,0.6485621142445162
0.157158950630136,0.3311401114443238,0.4317064774412597,0.5852119754834255,0.6584090749896753,0.5183985059468721,0.6241688737886867,0.7276781957867546,0.765133030929292,0.5917140814813744,0.6892311948009698
0.1596785316786317,0.3775472019341701,0.4621690216635734,0.5905795620556357,0.6858320626288048,0.5694751860373058,0.6652101034121758,0.7378958897004677,0.7752709321167808,0.6741532563924838,0.6977964644738367
0.1617582161448299,0.3143178528605959,0.4196448841223986,0.5477624145123084,0.6792985692380391,0.5816153080994924,0.6917199804548635,0.747245122725631,0.8020296793525405,0.6828118381491897,0.6945156853185283
0.1239223354617237,0.3350333825052035,0.4609706364245254,0.5614037642144352,0.6897623198126841,0.5520244402733907,0.5180325860627252,0.7351669830890339,0.7205825742094359,0.6220959525688343,0.6859331629619444
0.131104336612892,0.3478590177980766,0.4515523991863804,0.5521739769940422,0.6585465270042726,0.5658607390803995,0.6454361686807878,0.6780802894222157,0.714472336859237,0.6550836278931038,0.6861286544264042
0.1402674773504481,0.3727362664024965,0.4785404904246431,0.5416923876788828,0.6375393196831195,0.5787304873328936,0.6813113049454598,0.6359263287003254,0.7299250688321851,0.61284294988906,0.6046880383127126
0.147915275438653,0.3967716682535848,0.4983093305532272,0.6075662859429188,0.6663910514046947,0.586882807816086,0.7406728238880627,0.6743860011821668,0.7222314544630624,0.6869576150463548,0.6863940812175865
0.1345298889527285,0.3804717227974955,0.4792532673774135,0.565087372639112,0.6831364959623805,0.6001479665340177,0.6560012043401442,0.6719854762422109,0.6648488559037398,0.6760807589744939,0.560533095487568
0.1382968833738438,0.3934590461014968,0.5067684604947483,0.5594981200091732,0.6858377238974047,0.5372200469484709,0.6720120824583058,0.7222968111374569,0.6948822807633366,0.6628094147482295,0.6416048236400271
0.1333291568734663,0.3608948226123173,0.5175322615760318,0.5244720420112859,0.636221704992952,0.5588105490191377,0.5452010640994951,0.6389471108652561,0.6741883489870201,0.5231104606407649,0.419477890069735
0.1410374237226474,0.3776041830452154,0.450403388330213,0.5224654039164535,0.4984209849860948,0.4865172952411373,0.6460430862750672,0.6484620892474406,0.7226325401381193,0.5896496525485037,0.5932661531702252
0.1535117423653732,0.4169072675559588,0.4798296649836298,0.564910578267816,0.5475332765379999,0.4699147886391852,0.6564575239302748,0.6575339794459936,0.7332949956583723,0.6196077730252982,0.6060595841151072
0.1538342393513828,0.390809273461452,0.430260459051244,0.593348747243221,0.6088363606092272,0.5125473038506054,0.6708859467799342,0.7080615865779467,0.7547090742439753,0.6323816336437362,0.6729894409882298
0.1209056526052505,0.3442971094837182,0.4003029346871218,0.4558666795790724,0.5201674966715544,0.4646882601070125,0.4753395600918669,0.6583218309810042,0.657485739562814,0.5524018121872756,0.6099727886947134
0.1394042669046849,0.3832630416858644,0.4498717119178027,0.5936200322741214,0.5678407651064445,0.4994526416893158,0.5444938676344923,0.6974246888573484,0.7180066416590605,0.646504375334995,0.6856133179516959
0.1622110437883838,0.4307762882752355,0.4309695521722258,0.5640874646917542,0.6352151009213729,0.5007827481473688,0.5864192981146455,0.7053563541796395,0.6874879586949502,0.6847607099927828,0.6130493346534016
0.0995708759314351,0.3475364089296306,0.3565511146617969,0.4948441992485771,0.5332851038848885,0.3802107537497152,0.4400043410841062,0.6924528602467226,0.6541992069329632,0.5526435413329763,0.5910982795268095
0.1290090351260076,0.3719427322972673,0.3782522901904342,0.5431197046296468,0.5492288889768695,0.3955249150802662,0.4826442189248424,0.6087314113771491,0.7075748238560847,0.5602595958268306,0.6403665147593937
0.1544954100572195,0.3986808681796645,0.4120370447148583,0.5810159017882179,0.5810997999291267,0.4194901885054942,0.5457647915893032,0.685355830746277,0.6683323074094617,0.5242974684396939,0.6721879357564646
0.1799898004156847,0.4181824646860037,0.4168552454993106,0.5855465229393334,0.5853943458728714,0.4915411195374765,0.5560263031420117,0.6371004189011231,0.7000997988296045,0.5782503159790273,0.700187338082616
0.1536529250507659,0.4274387701846269,0.4378504720752684,0.5416912367650848,0.5991786013353377,0.4450861477401939,0.5816821398695473,0.6175566142971672,0.7121559724536537,0.6567100141520237,0.7273660578935515
0.1327943470537748,0.35942851363884,0.3488406427898535,0.5477645521216254,0.568125605509275,0.4327656128771487,0.6757580967981227,0.6471509209159316,0.7346673632656042,0.6034385929870749,0.6821387496565251
0.1334446568200887,0.3716492363468237,0.3558293638384517,0.5624817383291139,0.573925837017754,0.4911090063217087,0.7076977257066952,0.6507308716130108,0.7032537627230895,0.5916732404187556,0.6645837673503588
0.1520201252142188,0.3740194035606382,0.3504644127864638,0.5574923404410042,0.5573675899050979,0.5733041142605737,0.7367885349523042,0.715128817604253,0.7363212021951087,0.6498568320772066,0.6894691923043277
0.165910436414619,0.3889886857856135,0.3809610758543369,0.5581201145596708,0.5694700821899135,0.5901440063659917,0.7064500166514778,0.7313355282262082,0.7759033339550436,0.6452679245852946,0.7192640538290107
0.1631632745058526,0.4264300989929539,0.4631506601478082,0.5041727563687572,0.5912793382768751,0.4906754406925305,0.5401413383199191,0.7356738261882332,0.7825961482259184,0.6705052008136059,0.6869824332709312
0.1542569834398694,0.4140511928621618,0.4764800115368763,0.5583466082534272,0.6117026207094545,0.5107881005026912,0.6650610352603895,0.6297814171251797,0.7817561645768358,0.7035178996767284,0.6920584808430468
0.1552283876889356,0.4099940053064412,0.4109484670426389,0.5831452360705165,0.6347558042486334,0.4094996624103206,0.5170073951819057,0.6161583592694766,0.6507874675112032,0.4718005001089566,0.5995760354895088
0.1725532103059018,0.4579436220477623,0.4479555420546995,0.587954457288826,0.6458801604371499,0.4793195181299742,0.638282246851234,0.667480542647937,0.6991018945995899,0.5616400968924826,0.6687585926035524
0.1332881346539382,0.3933021129577436,0.3569274997244729,0.5490654519827151,0.6397228815793552,0.532093281242503,0.6984769972670848,0.6736468650606625,0.6072830424977105,0.5473115080162724,0.6715047492660313
0.1472827354196079,0.3287613240463395,0.3880357313769925,0.3985252978448272,0.5105377657945028,0.4710037671239309,0.6980189842329656,0.698157794479198,0.6902469020120969,0.4760764027988976,0.6008075376155815
0.1720376314900083,0.4264724812232206,0.4588484623141146,0.4835770169384844,0.5642523060880604,0.4899286018653194,0.7068398836872674,0.6793549335215435,0.6970558849573476,0.5508612873876013,0.6490443863415514
0.128708731387048,0.3856084678470948,0.3652251902795239,0.4931566099874127,0.5838492801925119,0.5391438918900678,0.684457021628907,0.6990065526875362,0.6865488900288931,0.571747812945453,0.6600522967456046
0.1688318670777092,0.4152944619427889,0.4372301817323199,0.5459225135776818,0.6257155957847362,0.5692358452418773,0.6960156221833775,0.6928361942388856,0.718367526295501,0.5972282076184203,0.6722108640644451
0.1727694577649205,0.4301146105380697,0.5051013607772824,0.6019607643551121,0.6505591309475858,0.5891951312643794,0.7306588457923409,0.7306623596755588,0.7466084893280667,0.6000114636598732,0.6645259372201585
0.2168935357402782,0.4978966961614934,0.510721925640336,0.6203415751367671,0.6362926537819226,0.595511893714016,0.7467598064058407,0.7518101227771232,0.7514312694163119,0.6785799901659988,0.7058919058669244
0.221380949123371,0.500653304706904,0.5554138980656058,0.5955848985766014,0.6137067118773512,0.6161075980351001,0.6784274204578439,0.6910817019208143,0.7517735943336327,0.6661403100018568,0.7272114577691317
0.2332386057375892,0.5056064394247477,0.5278531966783687,0.6037474063804618,0.6234348771051528,0.6186878428495227,0.6834466050175336,0.7463334410024425,0.7731908948891866,0.7096344685740801,0.7538171313991321
0.1961637124721386,0.514356407516762,0.5347155704121009,0.5888749917103449,0.5364048739242311,0.6055870962056501,0.696417538497823,0.687246369139748,0.715375988338568,0.7127098482678398,0.7613308728278391
0.1677705037155499,0.4528929520245603,0.5205868540252443,0.5737949437975818,0.5394320096308989,0.586662659994259,0.6646745787358109,0.6870934491185907,0.7427445914626676,0.6511802091775549,0.7356201700197479
0.1915774570997112,0.4831755941605623,0.4949751837829024,0.6319682669737828,0.5264705145432238,0.4556414968083406,0.6936238808748652,0.7350146764810971,0.7640227665933308,0.6972133174621323,0.7449433420708989
0.2065939077816319,0.4976739571705856,0.4944798774897334,0.6395181116309705,0.5188245677749763,0.4662266264597672,0.7345364618074234,0.7690893519980557,0.7161995925548225,0.7371273021966904,0.7600566866510423
0.2335580128514366,0.5029423717321436,0.4894819901951752,0.6525838994019074,0.5617788059692199,0.4416620053669965,0.7403633023929368,0.7446115655685511,0.7330008175044448,0.7714880246511555,0.7181796471925198
0.2016725453380136,0.4052325474384538,0.4556430890347798,0.6749360041145853,0.4332746567890221,0.4558490921205491,0.720977309483057,0.7253499558646356,0.7809119572045109,0.6947008387886541,0.7487733458373991
0.1629059020821511,0.350208810721652,0.4222713451516177,0.5867679986232343,0.3984803939563449,0.3983208968613186,0.7624295387129683,0.656199233501202,0.7674658479964588,0.6688526171102583,0.7253386891009503
0.1319947189828622,0.3562661892408138,0.4599140811503247,0.6015971000881224,0.491968375457718,0.462422953553796,0.7472900520605359,0.6897749994220953,0.739480348967969,0.651743825365417,0.734303701434753
0.1545652946113712,0.3751390561794983,0.4765685102887912,0.6298479098656589,0.5883439716494321,0.5364792371404163,0.7602586800306609,0.7165746662379144,0.745935097020776,0.712407867815918,0.7424076472052836
0.166745584666463,0.4033888607566246,0.536055163057265,0.6796811920920627,0.59417496925002,0.5405205767285641,0.7703328774800471,0.7430894107571158,0.7518491201274513,0.7257339549500821,0.7610614132608837
0.1934198393191644,0.3721563656326223,0.4085265081981308,0.6651157774190645,0.5132213575387458,0.5669283909113318,0.7387216684189583,0.7201570204809966,0.7781628893197396,0.7509331202218008,0.7562163115356445
0.2243028899520813,0.4198076023234826,0.2946223932504515,0.6615546693001135,0.5943220506894877,0.5959967320051973,0.7514956380763625,0.7371236085175314,0.7678621847182948,0.7616404718838583,0.7506683298816218
0.2671899091929037,0.5174695237993525,0.3893556722192616,0.6803551604416249,0.4926784634888412,0.514094866239929,0.7502280312335197,0.7389236240757031,0.768072454145815,0.6579448124402153,0.7578411206188491
