Mode_0,Mode_1,Mode_2,Mode_3,Mode_4,Mode_5,Mode_6,Mode_7,Mode_8,Mode_9,Mode_10
1.0,1.0,1.0,1.0,1.0,1.0,1.0,1.0,1.0,1.0,1.0
0.2361520555653032,0.3438519586320919,0.6781991834756365,0.5688459267828024,0.2776185467690207,0.2655896093007471,0.3830141752788039,0.3217835848420621,0.3448628749545863,0.4037347582251006,0.2557800048316429
0.1865075405816859,0.3372626631356057,0.665685153273006,0.5195713917798253,0.3339331676206994,0.3095288833183088,0.3903085576956746,0.2555280221279655,0.3710393881209275,0.3812006750090949,0.2458712703594423
0.2619617953532923,0.3720705896781079,0.6625348312702315,0.5859783176518651,0.3283896070129749,0.2151569598484053,0.442004130483949,0.3613279918139928,0.3646709782091921,0.3600144292215568,0.2851600414347262
0.200988425167562,0.3446754709660339,0.7398719464663698,0.540314395140912,0.3328717608425656,0.2381104895770228,0.4514549457893744,0.3274954212856941,0.2913901707295577,0.4419136248261767,0.2618659432963751
0.2019860034379687,0.3795505716356021,0.6940020486452132,0.5370131811449063,0.363253135141294,0.2769453718620243,0.3943023962601453,0.3054194648886335,0.3412751488398635,0.3649987918757582,0.2227913191379462
0.103160010781255,0.2505742637873884,0.6771718737594452,0.5888664395853598,0.3010269655842079,0.282012969546161,0.4377062226327894,0.2894990517111567,0.3861728914996967,0.4452849150717669,0.2233035656681465
0.2072666725509143,0.359429546578971,0.6882701023514183,0.5429964950649133,0.3275065179708586,0.2628890723089286,0.417935262042504,0.2887104223613445,0.323425237039689,0.3829340979147065,0.2412958552382144
0.141844038400921,0.3922808984633473,0.6970607031414796,0.5445730177487219,0.2976598330698224,0.2767540396638652,0.3748038397742319,0.2691184754062536,0.3535638358330233,0.3782898201810471,0.1950601787857732
0.1774874019580049,0.3135338152786617,0.6955360032444771,0.5445728913306457,0.3744631426887005,0.285390258827857,0.4018903067140106,0.327345231342762,0.3382398120090062,0.420088185197196,0.2190229658771563
0.1278438744294961,0.3338531418631099,0.7359859355994991,0.5536258265029522,0.3264236295561575,0.2697401042952795,0.3942534231046187,0.2762124627929018,0.3964512253333117,0.3866892765108045,0.2416763883807699
0.2001796120504937,0.3701844680857317,0.6761926221357577,0.5972001769487516,0.3520825824376167,0.2938915372856488,0.471067201144179,0.3144903637713967,0.3426584154602252,0.4062735824711677,0.235462250859997
0.1961235196782261,0.3696765347146386,0.7085947529904785,0.5566074421866093,0.3616011682831119,0.2745520817382356,0.3954552123408033,0.2478353528929816,0.3454464353602218,0.4170215733043595,0.2025252994338843
0.207648305276569,0.2854633582614193,0.7164713246955126,0.5188483100408722,0.334527210169406,0.2395900969785094,0.3990992058996291,0.2578281716955329,0.3341449553609031,0.3890837623940179,0.2351490170836186
0.152250776697888,0.2565319580137799,0.7225842901732253,0.5232296801696934,0.3581949160556307,0.2600996877782005,0.4217012045505271,0.2480457226018453,0.3610629688093949,0.3982121760679546,0.2445816275027927
0.1917787160363179,0.3035164325023787,0.5621347995577733,0.5041237062718861,0.339753267349162,0.2722120407358603,0.4219501042252535,0.2575484045343484,0.3619534280520717,0.3574970425875225,0.2511378092006823
0.1938750358442218,0.3104069460728679,0.6104412452335234,0.5249004555527805,0.3219551063724988,0.2799508376990619,0.429581845487432,0.2770738159112044,0.3615264079954436,0.3482516414984364,0.1949388163125633
0.1672002835618908,0.2243558640105318,0.6281427123317767,0.4952847080741234,0.342334637525105,0.2659059597769512,0.3930581578319025,0.2863604536924131,0.3725881375412186,0.3681162431886474,0.199105717366002
0.2009674349053061,0.3068724571710832,0.5306420219954692,0.4932177878987753,0.3407878103653475,0.2807101909398369,0.4010803799056109,0.2893273962039273,0.3296556320846597,0.4084467339311701,0.2001002401532774
0.1416113957932463,0.3081508282653448,0.5480913236667593,0.5071531939837716,0.3110999680899626,0.28775802825744,0.4033082359079318,0.2329950815473973,0.3251937195300914,0.3872855145237939,0.2511407168066223
0.1955710372458815,0.3255338237629795,0.5361487138966903,0.5226015758382808,0.3262705231370205,0.2753750804544919,0.4028907973251353,0.2612989016647757,0.3420083823190599,0.422746636927449,0.1860541337541164
0.1651297081955842,0.3482446071875694,0.5617190453807914,0.5322489866694005,0.3218914633201584,0.2663499474379028,0.3834842278641621,0.2738845957546748,0.3631787568340462,0.3920603047329241,0.2069437611113653
0.1242446951653315,0.3733693376090806,0.5318752986938405,0.5106096494418548,0.2918446648776161,0.25679718468187,0.419461592015411,0.2912050778462996,0.3577144272939699,0.4186498828610782,0.2348030288358932
0.1563610185075488,0.3541767650772427,0.512891354765262,0.4931905474002023,0.3224477382978556,0.2590045829996806,0.4029656369128012,0.260440420440332,0.366426169433704,0.4200457336329967,0.2205950664765068
0.1489584023833205,0.3558153036322083,0.5452492690847444,0.469987241017483,0.328588559074315,0.283904766277886,0.4222103750965702,0.3009610443357942,0.3758612399670911,0.4109274502781384,0.2288980200849332
0.1446868560650974,0.372592408190009,0.4997329017118754,0.4645375038106157,0.3262722916442435,0.2492017052454915,0.3942642082504324,0.2890016317383584,0.3665827300130182,0.414571842840824,0.2398278318494175
0.1527497647709064,0.3392751058951435,0.5196896683112184,0.4762620410727977,0.3102387393469738,0.2639812369194437,0.4063848505063884,0.3069351336781972,0.36794907694705,0.4206575876515942,0.2972152682139499
0.1500097380326579,0.3578844842181516,0.5498465658387217,0.5038522868616833,0.3163172348450202,0.2602338476566552,0.4041649159843477,0.3098928978242604,0.3629948589990963,0.4198256201087257,0.2428133659928939
0.1615900472654659,0.2866280069974334,0.5346469930035083,0.4899939771730137,0.2475213880739029,0.254729728531405,0.4031837072659686,0.2769353382300115,0.3470777510247375,0.3894322254458967,0.2553041212539175
0.148555979307012,0.3241721079381865,0.5383288583917504,0.4537442547094674,0.2873126636688251,0.2884203759019956,0.3564276535084529,0.2953019054003756,0.3302061848728956,0.4304710013153384,0.2686066704346068
0.1019651106648496,0.3089524428335582,0.5099358050005688,0.466259518281932,0.3216482519005516,0.292120030186453,0.3896286531227373,0.3049058418443418,0.3309898880217844,0.3905595223385198,0.2318187492144293
0.1162562919194667,0.3322964330452838,0.5316356210001699,0.4670463526676399,0.2454702073174949,0.2415258266439185,0.3868758546532482,0.3181366033190509,0.3659582636640113,0.4028634529961553,0.2106179723121361
0.0796465001386595,0.3498093428197985,0.5333123972317586,0.4525355360609103,0.2914848602261195,0.2796620415406047,0.4018073046102887,0.3417609811537668,0.3742630824842906,0.4187688339046703,0.2252287844188128
0.1073436016141911,0.3655773137273795,0.5361588586052561,0.4670728752410708,0.3241804752358504,0.3006769107276512,0.4123418242781377,0.3185187243726177,0.3638586060645806,0.4010132361772852,0.2437647945595327
0.1193867285004746,0.3621581625122468,0.5480831750744161,0.4668161661324565,0.3099930277533681,0.2890713285130382,0.4269345842832265,0.3325435771591037,0.372644885350593,0.3498895618206349,0.2581441524208755
0.1438453293600682,0.342520930952827,0.5013875645073742,0.4256525548878139,0.2837309416112161,0.2985736423276275,0.4379023849641357,0.3425108795954215,0.302739527850579,0.3609994074798586,0.2770530340217874
0.0795792769247161,0.3463186990346809,0.4953301842734845,0.4127441800892506,0.3100131491242878,0.2839880636060007,0.3689647947383934,0.3080825651906185,0.3133909221515355,0.371863740240179,0.2909154729886162
0.1127436682332915,0.3580353407411035,0.5159430646812693,0.4300545871920319,0.3238811488135086,0.2535281190125925,0.3569957987769975,0.2990321163991503,0.3338267313909563,0.3879231620144594,0.2376088816721039
0.118772264729273,0.3539073251230833,0.5167378517307843,0.3959868378507278,0.3279330706094686,0.2352184539821853,0.372756138852478,0.3081692857022799,0.3186851800379316,0.4016804835483624,0.2416385906637718
0.1216923960832754,0.3468424800530411,0.5412663538012757,0.4272914855402059,0.2994824940451602,0.2236603822018072,0.3746849710578563,0.3329628004546282,0.356145491247042,0.3703308860927845,0.2511668228794821
0.13998971038985,0.3496729027277285,0.5205872342015,0.3975855441291218,0.300037956072273,0.248586557955144,0.3758108341550144,0.334278255803777,0.3517264538588472,0.3831484362033737,0.259130546622199
0.0638245838298039,0.3510427671332633,0.5306985851163989,0.3953183796404861,0.2523086712430218,0.2132165200576024,0.4073352930060799,0.3291750875907156,0.2968844926390491,0.4138018655909427,0.2647628451477742
0.1044344479201105,0.3617065351819443,0.5437940571078484,0.4317050291617287,0.2788244504390076,0.2168590672844576,0.4078666610284256,0.3555274599478618,0.3285551985039632,0.3675300908632106,0.2581566993997156
0.1255156517767829,0.3632258846065371,0.5382078129838286,0.4114691591016719,0.2997190449071284,0.2228754903067422,0.3605379752967614,0.3102965043312893,0.3396286044469603,0.3436035882993379,0.236585809387181
0.1179164617788244,0.3225552389446269,0.5404833067238761,0.3701667131864096,0.2717472604996133,0.2338300385441201,0.3430762236339184,0.3343167344401119,0.3265324357378661,0.383844444609723,0.2654648485355714
0.087110948767826,0.3293071158998164,0.4752467821232655,0.3700868624906065,0.2935849779888516,0.2465848779504864,0.3596971529455495,0.3385625095041523,0.2551942495097098,0.388851633494559,0.2690311712746271
0.1022609321525818,0.3533574549704766,0.5295207047054213,0.4131946051936408,0.2891588578596303,0.2135151117347401,0.3708836498640343,0.326756820437385,0.2945493327846163,0.4067041426939102,0.2609874525634607
0.0843391511033032,0.3182679224169215,0.491515202310323,0.3893618924789035,0.2582169976035136,0.2214540126421525,0.3941551203207695,0.3278487432606751,0.3053745949959985,0.4128120192586271,0.2616696626997796
0.094709246557058,0.3270300220295494,0.5148061848636167,0.4181633378292193,0.2493264395068648,0.2432757287075566,0.378926016842375,0.3399832810508441,0.3428195877088676,0.4268356651425765,0.239887177836501
0.1148205689187698,0.3274141978149387,0.5107063284716301,0.4222447976080991,0.2603814201778217,0.2616679415148585,0.3947121488229655,0.357160638975285,0.3167649100232668,0.377576762714454,0.2898465642492534
0.1380946674652616,0.3632706460861575,0.5376871682337581,0.3597117900789699,0.2454409244543889,0.2251978858608118,0.3394091250855509,0.3151774810311493,0.3188500343012361,0.3809125710599768,0.2636732252071054
0.1029761610090182,0.3338759489917706,0.5518577902888737,0.4090038264477054,0.2412902812980444,0.1848405926665864,0.3927580677101736,0.301470870034132,0.3332081273668731,0.3529884335770484,0.243387860248061
0.1002495636101035,0.3247935534739398,0.5519821719600413,0.4120389666778472,0.2655764438296601,0.2030807361726759,0.3301507537071488,0.3132057682456161,0.3119648036579556,0.3708392028167656,0.2567004388362187
0.1116530678281569,0.3269250560518723,0.561517672595722,0.4312562002849769,0.268614567665295,0.2307267342699118,0.3535450926068408,0.318217713408193,0.3199079346015839,0.3840862298949815,0.2650726465791806
0.1357397945865002,0.3341638393628786,0.5740855831128114,0.401560572736338,0.3047662013419934,0.2375949625583049,0.3788981612860301,0.3355932149927574,0.3444851206607149,0.4037039030686469,0.2369518167923633
0.1314654960970664,0.3420531438423196,0.5071365715074901,0.3939288580486085,0.3104956375259546,0.2375499619422074,0.3747526832470395,0.3405011313786236,0.3324033639854852,0.3949613559593755,0.2703728194912187
0.0753631679963818,0.3437690021940836,0.5249989023209727,0.3923253074018691,0.2807182655207377,0.2633696868480377,0.3446520274879134,0.3444675435641353,0.3411208137339256,0.3901584741863758,0.267108864609216
0.0739776534447684,0.297967237164635,0.5580918673701132,0.3820967407761308,0.3076737826337793,0.2290404512603275,0.3825901457750605,0.3550770919603704,0.3601100641877995,0.3661075475096272,0.2797633125077031
0.0965530556674248,0.3172553889920959,0.5668421255104592,0.366481724518606,0.2970204430297199,0.2410302083764368,0.404477767024025,0.3358603687620453,0.3573524121613208,0.3821802379828812,0.2861759075579314
0.087891234041922,0.3556190098814898,0.5329129810386372,0.3732156376530187,0.249200403643566,0.2786623081126844,0.3780478257690912,0.3429973868382372,0.3422995679093731,0.3839892383703772,0.2227326035083615
0.0927491818249733,0.3382274790414438,0.5630676450052104,0.3738507296067298,0.267900398653544,0.273531191374093,0.384520734119626,0.3243115047829646,0.3464237361401724,0.3642863962843186,0.2366669170832686
0.0786891880098013,0.3409156852971344,0.5714856567579888,0.3995416774325819,0.2684171734514397,0.2776109547554141,0.3989514002728196,0.3235926601745891,0.339069251731891,0.3932876771968764,0.246885864450958
0.0618413401565973,0.3218093808076119,0.5742242045352484,0.3644512991881972,0.2808539365219649,0.2982987853880523,0.3975710164380974,0.331101317862554,0.3515921982091449,0.4217333330262524,0.2330852078058091
0.0869559101129724,0.325258506180146,0.542482927980439,0.3834575816112763,0.2712769237769618,0.3027960495700825,0.3712293370329133,0.3352200847107518,0.3582761675051348,0.4097693593863169,0.2598262336699661
0.082041468556897,0.32537720807646,0.5447910291305795,0.3524396330545198,0.2791172197211661,0.2492185041499177,0.3937324603356523,0.3528605209097065,0.3529616122524443,0.393311498762814,0.2650832578982864
0.0117463593278682,0.2871273837786868,0.5015115627815262,0.3829653389269652,0.2768459179587935,0.2943874713365187,0.3954445460019778,0.340441043049794,0.3698173049397397,0.4073275745728222,0.2322189315855111
0.0832116180069951,0.2954826540696693,0.5130851806076402,0.3776175189520922,0.3083264537107789,0.3153918307049007,0.4035715921559734,0.3407681454038964,0.356887483731294,0.3751287339570892,0.2678324572207884
0.0708930144072465,0.3150904663376815,0.5453759394473731,0.3619857801870069,0.3145135586880722,0.3376058182867479,0.4081711295726501,0.357378236810893,0.3078885725896283,0.3580590306156153,0.2804897790459286
0.0797129466362717,0.3345555625267008,0.5689938875089684,0.3486497006821104,0.3171840118536574,0.3384119608562301,0.4098519517008113,0.3546946232287644,0.3102802266715248,0.3619645057586707,0.2386727773140959
0.049451537346131,0.3311271491248234,0.5378586770283189,0.382172239402208,0.3177780153707008,0.3396727277710453,0.3642086085480596,0.3043039781459789,0.3210130787558622,0.3754847393794065,0.2387760931237933
0.0757582421954979,0.3483804572971004,0.5448254832565014,0.3886537009962562,0.324079494428478,0.3018686887481925,0.3631681208726724,0.2991851553465156,0.3695667327385645,0.3753690061490106,0.1955808878499853
0.1054259193401769,0.3745573761591698,0.5652869530297131,0.4194587460157274,0.2783384475775993,0.2994836681239751,0.3872812027742456,0.3489180064537686,0.3627155328178748,0.401590123141193,0.2405070360603873
0.1127745164036229,0.3137064103335685,0.5684246244164005,0.3968884489424721,0.3003659858021058,0.2745702668481543,0.3661872591272216,0.344340701882789,0.3427745183143456,0.3722279436656791,0.2608758922916551
0.0990396386224993,0.3290121657527255,0.5704392074769982,0.4141468352923957,0.3444433298437515,0.2926419382573428,0.3577563319142147,0.3587052123753285,0.3504298019501926,0.3617649307253448,0.2528550746480301
0.1154260516621718,0.3484368811188074,0.5705250026484199,0.4011307762278573,0.2826471550311455,0.3082228466951248,0.3842254564024088,0.3663336141133315,0.2809267688692471,0.3941711486242102,0.2413277197287062
0.0775421490711709,0.3102256538204212,0.585010565131481,0.3770415918388616,0.3023897580349185,0.3352722509111483,0.3965280486943443,0.3331948795434758,0.2898715477146792,0.3502905917880456,0.2266890857180396
0.0701850665502188,0.336785315523508,0.5421673438608381,0.394929606121601,0.3051519524709444,0.3094936789678625,0.4013205205668372,0.3094778197432171,0.2953290685391612,0.3538353628382569,0.2267992401918818
0.0945507828147523,0.3387405061843386,0.5625632990873333,0.4004394485299085,0.2848987049875592,0.3112268927193368,0.3840233133724137,0.3133820551592937,0.2924853390453822,0.3572474338491051,0.2376704470220262
0.0848411477283041,0.3117870889041841,0.5393516244596905,0.4025054751100199,0.3162374367056626,0.3313309142767058,0.3736348499070016,0.3075557922024292,0.3175243631488449,0.3765893544565943,0.2448076512777614
0.0583170777930386,0.3153112764867897,0.517304528256263,0.3630857006054789,0.2852558278379226,0.2622229457680713,0.3506183671582462,0.3394504564463513,0.3232477385008305,0.3909304605840651,0.2559399831799065
0.0850523414720327,0.3172185882141021,0.543011593134195,0.3493314997061822,0.2871739879284319,0.2873392212716879,0.3606884297131987,0.3503864833289842,0.3373472318519559,0.355440910170392,0.2543005026598579
0.0877898949437891,0.2895391392353823,0.5516204824077184,0.3938318768239904,0.3020874569372694,0.2905546121137369,0.3717749129164168,0.3167763393362523,0.3374268198760064,0.3518955894777428,0.251439730150602
0.0529351541096942,0.3062685460903656,0.522166220329382,0.4018751480427599,0.2552321866455878,0.2366058111119463,0.3568969734491009,0.3220045679855792,0.3390460004969078,0.3482099072571844,0.233022227745688
0.0715240817836922,0.2953778310324146,0.5510591473910458,0.4020720916239668,0.2824887109383153,0.2661953022229948,0.3481794059116794,0.3415171130674136,0.3094754722783501,0.3635216261249048,0.2298013924637165
0.0587902694835931,0.3019053301800686,0.54297287934193,0.4068445237841926,0.3238482541675953,0.2559900891506678,0.3540751215344049,0.3402818562494596,0.3209712006593499,0.3558397622514773,0.2501191644617014
0.0611210641495355,0.3182929399856889,0.537415139779708,0.4139448713643223,0.3473813436939243,0.2763757133041871,0.3568859880412413,0.3199801117033407,0.3274175085228096,0.3670785790419452,0.25401599822092
0.0913134836342565,0.3400063170181025,0.587481739571069,0.3791986214953193,0.3186192818026288,0.3159214899862922,0.3768736611630352,0.343921360390464,0.354771054017301,0.3499565333980148,0.2233844310031333
0.0710585171464448,0.2839652726350999,0.5125969229157854,0.3857464814926412,0.3060949873760001,0.301285942584347,0.374453825870284,0.3506199995974389,0.3572449549768401,0.3585919650453987,0.2574043372347396
0.0764821755223525,0.2892471305657041,0.551897263039175,0.3391303557125951,0.2786277891922136,0.316660674160894,0.353218474569366,0.378238615167178,0.3040779219680385,0.3602014398110174,0.2692537328130697
0.012506794936134,0.2919664330846409,0.545818768680513,0.3887943003026165,0.3020108673561699,0.3203161604546664,0.3434674802278775,0.3582587792977439,0.3007128350537654,0.3653855805537908,0.229784621408824
0.0540098819213943,0.3075864736607931,0.5915278139768456,0.407977036824699,0.3286835816855693,0.3365445106563701,0.330505762683099,0.3352182893409658,0.3451528120460694,0.3940184118995765,0.2618979311478133
0.0853919241547535,0.3053782535269862,0.5482694541023775,0.4345526758838556,0.311322789320475,0.3454388425973684,0.357626931339797,0.3367311472716787,0.2846750137433484,0.4059970487559636,0.2674103032224475
0.0767767772097882,0.3291369614475389,0.5747640899796714,0.3632688118093417,0.3368254815215962,0.3390784217542038,0.3699720258509399,0.3437517829327424,0.3004412587546309,0.3366745397289176,0.2443810516435282
0.0854439355834591,0.3263509507711918,0.5157711964659291,0.3685196048208309,0.3285790521106285,0.3395557404129535,0.3366942388665289,0.3496840154213456,0.3019608707510977,0.3658695191116867,0.2591407254241129
0.082186469322511,0.3064415995337232,0.5287546021866822,0.3404618466417426,0.326111917171792,0.3103165196286952,0.3745278155131404,0.3154361514448756,0.3206924392100092,0.388627844518381,0.250876771919024
0.0832472914046748,0.3307800833239493,0.5541277046478662,0.3671980861703448,0.3272732998732195,0.3331788186347312,0.377006207822213,0.279270681311346,0.2895215479531056,0.3667567990539807,0.2328256895382982
0.0858630387772774,0.2988775967132069,0.5627925660254877,0.3787309133039729,0.3259336819444957,0.3194032579581484,0.4095190562081274,0.3075161988906154,0.2917533217262171,0.3534623147841359,0.2322000547329762
0.0743331930869445,0.3112141988320947,0.5675848432669414,0.3972065615354414,0.3260063104223683,0.335587254972533,0.4099725652267252,0.3129253856278563,0.3181469027236869,0.3691352845849769,0.2376369495288645
0.0448590446828906,0.3128941466307244,0.5387463284781592,0.3908138733488531,0.3211494863821655,0.3288247579516731,0.35592246010473,0.3323737366972502,0.3367845479870207,0.373709467221973,0.2531320075251656
0.0658303233762573,0.3156863762139383,0.5560950938602149,0.4062229861706166,0.3135256173161782,0.303413225457131,0.3670969792434698,0.3550369115407257,0.3428567142508355,0.3825830393016303,0.2772263877402027
0.0736738698246535,0.2844747090569208,0.5448923389162551,0.3518428986222853,0.3262966014869722,0.3064179503541107,0.3569334955938402,0.306664046785848,0.2849273036764784,0.3644011042561217,0.2571577471834317
0.0738707331725312,0.3157877089171995,0.5485282681456305,0.3729777364478647,0.2845881107215647,0.2576876846248146,0.3569773517727084,0.3164324181615173,0.3382758693909963,0.3044627752094352,0.2773500324189342
0.1293197115468302,0.3476940774289546,0.5481998476824328,0.4022886115001143,0.3028692822793261,0.2596470814235654,0.3443298581401193,0.3031369671018641,0.3072657383216645,0.362804790200869,0.2944096570669878
0.0647230133147141,0.3330424880492143,0.5538093012776524,0.4099354750608204,0.28579614514911,0.2644771563008503,0.3720148327769702,0.2903810414812243,0.2931289984769809,0.3747421733119493,0.2444818888125008
0.0757251095624326,0.3496283413326511,0.5559308232800436,0.3976862369023786,0.3104755353490103,0.3002822991152445,0.3293474974062647,0.331428349890035,0.2814062732535194,0.3585109217740123,0.1947536765080914
0.0748972657196334,0.3479456737515404,0.5671872322354565,0.3662947732145294,0.3272852649597943,0.3183566773753118,0.3562551699058393,0.2640717314485556,0.2670804174717633,0.3793266737506558,0.2125146408330768
0.1050448592746901,0.359567753984185,0.569596298650462,0.3732678705464017,0.3279106204484434,0.3385205187951446,0.3799291359681633,0.3164265855392827,0.2916109435915669,0.373618362206669,0.2482362176021068
0.121529368025588,0.3306213864413347,0.5767178292200992,0.3773999509056552,0.2923618257531888,0.3567979399006136,0.4038026021537268,0.3039052062927589,0.321261111566738,0.3745731211225146,0.2187252741846402
0.1152864618246675,0.3273567146104287,0.5116681987306775,0.3645260513940556,0.3230588338553435,0.3145572276475558,0.3725273770679467,0.3227485385274682,0.2974611971890808,0.3574375630010696,0.2422040422121317
0.0926649213546048,0.3248253835735247,0.5485216331977935,0.3348261084399854,0.3386308935984393,0.296988852055055,0.3816213942172531,0.2995697963069521,0.3166006366668718,0.3801758152412429,0.2548124271784148
0.0732397539422421,0.3271685510104931,0.5494101360462273,0.2755563892569055,0.3352323721855623,0.2682587877823836,0.3889553972578662,0.3256174354660247,0.2958235479886762,0.3085552766215018,0.2320589755584128
0.0541847267278501,0.3123159005946067,0.5538691905193316,0.3178216346209477,0.3281033013274885,0.2739578951263403,0.4050365572594053,0.3086989636523944,0.3266412622897581,0.3545848912626299,0.2369781615699878
0.0582585740527094,0.312096346897064,0.5488616711993883,0.3621327288035034,0.3260288072408481,0.2342653010086647,0.4096223744133829,0.3306433235400162,0.3290596643259266,0.3866431690352084,0.2542785703829597
0.072907910902401,0.321840939233206,0.559587939380813,0.2817588842698866,0.3324038108374753,0.2498630045833358,0.4170931704789257,0.3334857439400103,0.3321661816964346,0.3430734551300288,0.2545592885155213
0.0669792876440809,0.3407333015370401,0.5648012956835775,0.3057063931521989,0.3479080528025018,0.276232249960758,0.4264958716869054,0.3290519690022594,0.3401784973314026,0.3691545263676493,0.2430923536477307
0.0704004975105464,0.3146710763314118,0.57148667446136,0.3319045479774398,0.3347888182487089,0.1849876277515836,0.428295993448529,0.287823166941406,0.3476751952668391,0.3842603762791786,0.2563522383809429
0.083954202844094,0.3434964823948335,0.5220335760032292,0.3131498187136035,0.3219222825963221,0.1962621116061464,0.3418536890109575,0.3034568452198456,0.3371582390724918,0.3773433940269776,0.2575490228325583
0.0626573104796711,0.2840963285157427,0.5491589185577879,0.3341886821733734,0.3171160165936191,0.2158109306083325,0.349794120624725,0.3075733288473208,0.3295654176333458,0.3852247140635718,0.2589258212686915
0.0773523850338978,0.3284693792279985,0.5574769030076319,0.3675755369470118,0.2591933970870981,0.227240801119549,0.3813845659613692,0.2959396833531899,0.2862854207701892,0.4131261064131307,0.2318940054503825
0.0914509851396055,0.3017720713353906,0.5480886204705673,0.3011331424880235,0.2849814773904214,0.2073716276240472,0.3511769456022721,0.3275088974920162,0.2825263467023599,0.4187661875262584,0.2216139675176607
0.0253013111384522,0.3270260441387612,0.5529578531868587,0.3127755938295923,0.2422773877704751,0.1278146043913999,0.3955037481589554,0.3213607984234847,0.3119650258838705,0.3742247470499771,0.2126444129175998
0.0336925899383435,0.3257733927923116,0.557581617517825,0.3200947436468444,0.2352498730286061,0.1484336612377013,0.3928920412699605,0.3209731356837746,0.329532966117158,0.3565837153619834,0.2473286837297278
0.0353649559805199,0.3023019886530828,0.5462412832749678,0.2935148457852096,0.2498235050751412,0.1303536438475222,0.376583246817624,0.328787333095735,0.2974820418125145,0.3756590174627919,0.2216329957649575
0.0407982984871595,0.2939487852712084,0.5378658234335947,0.3190010658051894,0.2610233940037646,0.1500394709236071,0.3373479428012159,0.2988303432652009,0.3152410430505813,0.3861369944813252,0.2409406819110525
0.0693778751056801,0.295249626327441,0.5491884076544695,0.3108674096282751,0.2638367724723151,0.1375616910644885,0.3700778683410168,0.3000721645935346,0.329272645519151,0.3513256050172989,0.2524334830218733
0.0483505487591862,0.3107227737798903,0.5296142412424525,0.3161802704200886,0.2688647555486836,0.159319949592959,0.3957431741582972,0.2835126154300652,0.2848912888600328,0.3645243148250719,0.2671803847944309
0.0261881337508426,0.2969874725391135,0.5445600905573469,0.2994147355752447,0.2736113072649115,0.175411274200473,0.4271919450549457,0.2999295973376256,0.3058062062603815,0.3388628309301241,0.2789481703217368
0.0295318067763588,0.3126162474338425,0.5502317166418509,0.3392321689892128,0.2341032359832564,0.0910980634709191,0.3795413179874776,0.2994286739473158,0.2807887133332923,0.3453892826020527,0.2839693339337704
0.0201948602723486,0.3360284793742117,0.5123295864060494,0.2829202410162701,0.1845694757535683,0.1143251302060916,0.3872899655226146,0.2733340007724095,0.2987465757890335,0.3521248290336113,0.2782069886200499
0.0477954413574443,0.3338576328480239,0.5214391580423139,0.3487270260094329,0.1977541097945276,0.114886872398135,0.4151667495985419,0.2890970385277501,0.3227622837358231,0.3396995194499946,0.2867094297167686
0.0513022227369447,0.3284754614714979,0.531001465230194,0.3494279365251101,0.2072178657768073,0.1153031037628603,0.3857536216642264,0.2928894475411647,0.3348785189751683,0.3461998901352812,0.2843729074863635
0.072479689032879,0.2814248056755006,0.5434680259352844,0.3003887107785952,0.2408987795046178,0.1138689318452106,0.3921349427370229,0.2790873641944349,0.350274189721229,0.3430620534349441,0.2660852506274528
0.0790901656683423,0.3212440960768082,0.573252126277966,0.3286814557560523,0.246647767218788,0.1147721790534459,0.3518555067279958,0.3009389227318798,0.3378336468905571,0.3647132184107485,0.2754059277542519
0.090514341803811,0.3346100179491357,0.5702336948434539,0.2872311503676243,0.2448404502538591,0.1221169776971125,0.3821261189296392,0.2860659330594958,0.3646465547516027,0.3583676155000556,0.2537095729585577
0.0862966580436327,0.3018004838131139,0.5473353985095865,0.3320787527891243,0.220620036203322,0.0885980812369098,0.3869207162409967,0.3156175614278934,0.3688154828501311,0.3754467096685196,0.2393168747859971
0.0943442864166768,0.3236236218691711,0.5722709723290464,0.3473124175269305,0.2398892678264436,0.1238599616386266,0.3933653685748497,0.285188867517044,0.331951274664655,0.3546932773294166,0.2737390886119056
0.0487790163940965,0.31651096250088,0.5598847176797285,0.359229589668954,0.2622211180439718,0.1149136548824146,0.4046117988187152,0.299257195595375,0.3708648845087439,0.3815515521219945,0.2746907650466142
0.0712383228568482,0.324238099249337,0.5356524623815505,0.3216131537991928,0.2764349055529946,0.073206626706016,0.3672757122431163,0.2834320375160679,0.3695873323732342,0.3442015340963407,0.2731139287505457
0.0510174508755345,0.3237636209276613,0.5014557897771371,0.3434314958477168,0.2511125899889742,0.1149351129107656,0.385675771263917,0.3022410682672924,0.3050576972220233,0.3826132124601779,0.2918369030354902
0.0905958394961265,0.3166465986181856,0.5344000518092484,0.3537503344937783,0.2484019433593998,0.0766727756097588,0.4097863733718046,0.3230628101744847,0.3271920781450025,0.3902179054330624,0.2601773239630089
0.0932956352571101,0.2747261650156719,0.5528958358135544,0.3262412412141482,0.2617630142713059,0.0960578932985593,0.3860412422627388,0.3069638349039677,0.3541700255066965,0.3895261937297459,0.2673898427088204
0.0721806601967097,0.2756495182250783,0.5776450773306203,0.3391046281530779,0.2513509402100558,0.0749934041793243,0.392706030509318,0.320456811676815,0.3312192393345064,0.3914846518356545,0.2581835087970329
0.0612841938993394,0.3126749206866415,0.5207543319588888,0.2916182747138917,0.2415765555591576,0.0922885404122682,0.3879239640657601,0.3102283861850218,0.3173972543867329,0.3868227363067805,0.2673783871318612
0.0548892155858576,0.3232226042724858,0.5143626762809749,0.343645395490374,0.2619178817202954,0.0943279633073904,0.4064389757852974,0.2949740075916758,0.3311191679546923,0.3912209943337923,0.2746778254669856
0.0718888113633863,0.3067376406806708,0.5176821009251256,0.2857249986924975,0.2360732763834929,0.1226537443408446,0.4015399146528043,0.2984255272767926,0.3427374341851011,0.4083701787634056,0.2848379484384536
0.0814518649782642,0.3095461283843568,0.5345211747688425,0.310329503703303,0.2448486160107169,0.063496113923263,0.415055043069605,0.3167953634244115,0.3216220025544826,0.3940923327535336,0.2927468448991387
0.1061511887147246,0.3215758924497381,0.50433536855113,0.2721341121774963,0.2168541131997976,0.1028283587626207,0.4004425720814478,0.2994165940312161,0.3328277747344637,0.3706589170950723,0.2032886545491325
0.0682602305696443,0.3135014212042502,0.5103322807869737,0.2856992221622066,0.2671196325207504,0.1046991451259393,0.3657411055698861,0.2895093984189669,0.3669083256997303,0.3674622249461614,0.2362464371203939
0.0828088604252761,0.2694392181636341,0.5122597888680174,0.3342343065432934,0.2803517886256432,0.1197512109803806,0.3778084529401584,0.27951167997257,0.3097908294633507,0.3633339716264024,0.2397877912720473
0.0789883659759226,0.3003835179615512,0.5356764284748865,0.3527000318992108,0.2459696969096859,0.0835506292763673,0.3786096611415544,0.2852277429501105,0.3149463319682459,0.3937553816353437,0.2408786318590541
0.0832513454477398,0.255330086443762,0.5510849880128599,0.3511661979177916,0.2535988988945077,0.0657675997441779,0.3718416540172241,0.2944785423054926,0.3320019168690494,0.3894810942896416,0.253307158456992
0.0762295789208497,0.2706660008184711,0.5593817876654547,0.3538025084646283,0.2625081375930863,0.0807133067265277,0.3980235055954595,0.3098597154465263,0.3332248892822994,0.3692854615208162,0.250423257010082
0.0806902409096398,0.2746222065143546,0.5664003408310658,0.3207526922259721,0.2385726326424071,0.0868644552271628,0.4174766075268671,0.2587286264624636,0.3222646780633206,0.3889678069310981,0.252267275278078
0.0815630686936295,0.3030260166502777,0.5450402949643266,0.3437201137764103,0.2376855651073647,0.0973273743143397,0.4054734044899278,0.2944397371199591,0.3343548186361359,0.3779862694976741,0.2393991139093483
0.0611956802329301,0.3156313812305283,0.4787290315224608,0.3424911746225252,0.2612683853021447,0.104099632547064,0.3990685388246635,0.2523617098340471,0.3200350905752899,0.3458095226749342,0.2537377943756441
0.0474687449891216,0.3263246999655523,0.4885910467586922,0.2871808555665069,0.2276157938172937,0.1331495053523212,0.3994471783398018,0.2786848793111354,0.3247354717706007,0.3704005063259015,0.2535153469651105
0.0857240451855657,0.3369681181898353,0.5111292218319741,0.3170565801782612,0.2408839719532579,0.1352496546047805,0.4220342233055991,0.2771107352839179,0.3168956314373061,0.3916053492299544,0.247812857775677
0.0683788931453668,0.3135547697646104,0.5277557775937427,0.313772432847138,0.2220244101411851,0.0985801449749304,0.4010677410475289,0.2828539881816421,0.2746932855434189,0.4131648141171957,0.2598527872929813
0.0595288611701343,0.2866356746484465,0.4940708313130982,0.326234569985707,0.2484577554331063,0.1148743480444864,0.4251736322408026,0.2662039218297727,0.2934050556787383,0.3813781926764442,0.2326874731105122
0.0796347700782883,0.3087807238527875,0.521627484491767,0.3419439271672215,0.2517476295732723,0.0589971726436319,0.4410549979785119,0.283364168472484,0.3112395094234125,0.3866373479785088,0.2646434620170293
0.0905195867196397,0.304572116878653,0.5357116213249415,0.3439444010252337,0.2385737646890041,0.0888155465797174,0.4140165371228632,0.2933388021880352,0.3361138077261081,0.3533658095337612,0.2654208283012983
0.0809213150691205,0.3195129457274673,0.5277830849746665,0.3390117054134947,0.2445662171493559,0.1411709354077633,0.4100450788801257,0.2999126734889445,0.3430314568736295,0.3655553382782864,0.2656016995585216
0.0566026368639563,0.286793128865075,0.5395725430712092,0.2830619677936986,0.2544446346931676,0.105144397803829,0.4033998503781943,0.3032152268411421,0.3335057641479123,0.3866585956564299,0.240556169271359
0.0613176857205769,0.2934684878003527,0.5434865509406817,0.3373449670533295,0.2785913650305159,0.1195186558900356,0.4383973746982809,0.3135908177127362,0.3480126782075436,0.3908712488563644,0.2775087190656026
0.0627771478349462,0.3025674648279457,0.4841653096868609,0.3256410508474142,0.2588515559521721,0.1344454493447034,0.3696456060664964,0.3257083614253939,0.3683614707549589,0.383594794898995,0.2777234766778692
0.0209082644068587,0.2657226656607568,0.4981858031855473,0.3149285956877158,0.2573681462258689,0.1096768132507111,0.3876800498582473,0.331431242574879,0.3467991947430309,0.3876576203655359,0.2982399589800781
0.0455496387037756,0.2304367029046945,0.5346630997567217,0.3226363556144852,0.2200945575975298,0.072408054155066,0.380608194761428,0.3552893300256189,0.3559762761153067,0.3539192602350141,0.2680250737111124
0.0765189114249649,0.2542531599162381,0.49597842453869,0.3506189690456065,0.2662413820099131,0.1086168448668437,0.3901956864101703,0.2771022074022596,0.3724194786592701,0.3953863823039443,0.2778362587657462
0.0859190514337742,0.2547714274641535,0.5345342246221557,0.3543431511088634,0.2697701756774268,0.1147665731188464,0.3885939673215368,0.2834875402487234,0.3558911163403559,0.4139771702836599,0.2858712484017137
0.0711245830952473,0.2774523701942538,0.516394964467233,0.3306314523453214,0.2826982216182457,0.0925307986184975,0.4004329685079022,0.2791558602403493,0.3613913564535772,0.4254000757377146,0.239490451130119
0.079573696444028,0.2839428969808771,0.5367410321035371,0.3531129897724175,0.25603142059263,0.0986553900059776,0.3816594512183731,0.2868857616880628,0.3295410515061751,0.3754971494370672,0.2434447149875229
0.0770144702259141,0.2730638661305666,0.5132835039999543,0.293472950922891,0.2873231331005762,0.1123144652724703,0.4127092539987329,0.2905617747631437,0.3364670588241557,0.3820078851664175,0.261228397541436
0.0896409878010885,0.2096385016367347,0.5426759454290422,0.301225629520382,0.2900824384409813,0.0632720397073756,0.423124359304437,0.3095462282559647,0.3423070928061319,0.4019869821607469,0.2745726492797481
0.1079455505504125,0.2364665561527816,0.5238740566867048,0.3113701725632294,0.2855508848692143,0.0804078125333506,0.4201150436263561,0.3140354136735733,0.3706036643237884,0.4012812199841991,0.2845199662311577
0.0858059319478263,0.2598787759150522,0.5358995365867847,0.3364279816809024,0.2784618651883815,0.0964497241462772,0.4261546263173092,0.3170800203851532,0.3520345620588475,0.4097685458030501,0.2685056542342167
0.060672791282799,0.2664647158503568,0.5147735354086244,0.2898433743838883,0.2825213933513067,0.1182997979145485,0.423158461134423,0.319402840647685,0.3582287160631297,0.4080317518268241,0.2708530327561254
0.0682792160585386,0.2759325555854204,0.5273124499960573,0.3243311359335585,0.2437434396715922,0.1296057483061604,0.3819908328122103,0.3092339670422242,0.3774776634449748,0.4267872560047926,0.2446413842688413
0.0749099212590675,0.2917114530436526,0.5036181187478018,0.3289940264815957,0.2639112819059809,0.0973880940733549,0.3724361074253816,0.3149136389442709,0.3557248261318278,0.4073254724531508,0.2674777441071231
0.0128899066888821,0.1531913501545019,0.5275655198055967,0.3360567479796564,0.2718304302877199,0.1043655235595052,0.3889882557108723,0.338009742885658,0.3350819998386793,0.3812309336830734,0.2568127803555061
0.0306593158944414,0.1906015756490919,0.5340819478491549,0.3417189334298888,0.2168696469524523,0.1206878811677502,0.3892671017795113,0.3117288802190271,0.3542103938008125,0.3867363516127613,0.288098601055557
0.060757009043325,0.2366861053343998,0.5050700498854128,0.3083864720261903,0.230917857111849,0.0824639159901188,0.3996470276528626,0.2835759239333267,0.3555676561911163,0.3941737943395065,0.2826231805131063
0.0848197767604049,0.2302474125109631,0.5080060808633733,0.3088920158250995,0.2524412762449066,0.0951863584340719,0.4110573071872319,0.2809001091373219,0.3562784932212577,0.4149745076374512,0.287539991527087
0.0971993779145475,0.2491935131471878,0.5132100947960031,0.3139294740821169,0.2549735428567961,0.1194184867378573,0.4323439386380568,0.3154792803158655,0.3571939672937899,0.3953335539375053,0.2864785737099892
0.0643165323936861,0.2514413149325897,0.4843636072075963,0.3273937122885224,0.2596114543331593,0.1352924876722778,0.4208108260130227,0.2989484938281351,0.3607233123396121,0.3355506398622048,0.2884577588819725
0.0679922974571126,0.2168052457580974,0.5358560130486406,0.3282096386637441,0.2602529111617816,0.1375798323334476,0.3297950930805368,0.3104488450979332,0.3558313582270482,0.367105362848828,0.2458730849177278
0.07200623586349,0.2496426511087817,0.5305540278942357,0.3493636338570918,0.2371730033945865,0.0798241914267617,0.3599818779803484,0.3199780160713489,0.3799035622736468,0.3902641172393883,0.2553557468783155
0.0811172493980439,0.2493877565257587,0.5080708378539772,0.3508744892488424,0.2402937033765745,0.1110303629740732,0.3728814363295113,0.2859916282951363,0.3891418369881009,0.4133476959022596,0.2563145832659567
-0.0045680271703451,0.2633805442977059,0.493493780315588,0.3442070851964103,0.2594190165786721,0.1169942194005105,0.4012654938791247,0.3090428650495629,0.3711860896772299,0.4036783052287281,0.2354679236657101
0.021174712927389,0.2641365444351695,0.5010354642196703,0.3256019439137949,0.2255760449435101,0.11467192270007,0.4147502264373889,0.3147016494353008,0.3555323913313505,0.4112037804332012,0.2610215306676912
0.0288587103963552,0.2591389184021548,0.4995995941688003,0.3276196460414653,0.2385843829758352,0.0985536197977808,0.3925909833653849,0.3286433625014074,0.3456464022593944,0.3915093908977659,0.2897903470909966
0.0608793259009516,0.2873645046823376,0.4974271046076658,0.3272604760676207,0.2547618611299412,0.0970940634594853,0.3831412623977075,0.3246198169075984,0.3606419019250746,0.4038362179502552,0.258366881899818
0.0804808381935251,0.2701505155314289,0.4873422515622178,0.3322483883767411,0.2405548050040304,0.079166328983243,0.4304393951406842,0.334652543715117,0.3612779998002516,0.411194371560136,0.2635173096277647
0.0743687021803623,0.2159038037430557,0.5104401047017153,0.3067513155308308,0.2546084029289274,0.0973664656576174,0.4218581907434435,0.3545068002227408,0.3693680563193893,0.4157485578178455,0.2476717303574554
0.0835559811505939,0.2223654573996116,0.5409273828302152,0.3045727761330039,0.2722273444266908,0.122981661824672,0.4270540310291708,0.2561578445327241,0.3486478464132841,0.3946417823592306,0.2570878410510702
0.0848825857592351,0.2368537436729915,0.541539931987585,0.3192710394423838,0.2237814553021119,0.0869847610317931,0.368316080551042,0.3019059559481489,0.3354282279954954,0.4220835460024603,0.265946749925667
0.0843645389076002,0.2415063584557112,0.556539150995983,0.286038888443755,0.2437044651169307,0.1175370339130647,0.4052890381197059,0.3132130414972875,0.3466217075922794,0.3787484573994745,0.3028173566062812
0.0997084830699598,0.2808645182591058,0.4845088820666527,0.2892956536931116,0.2668151815802743,0.1085692555990876,0.3344339831919767,0.322241583707393,0.3518796764194914,0.4008222360179674,0.2975476171109886
0.1007515459909485,0.2934964715932878,0.5001044179497104,0.308443501452148,0.2699147252268718,0.0910986799054247,0.3631841534867928,0.3554017073401671,0.388500287993469,0.37772956246158,0.2733871675014943
0.0940447629894015,0.3174185065916891,0.515380286476052,0.2759238207863335,0.3063347484010686,0.1131760155209285,0.4102384603802643,0.2956529408160727,0.3510930344257545,0.3905842205435869,0.249742814183668
0.0844533370944284,0.3360038422518563,0.4790041931907672,0.2965018868600668,0.2614207990619779,0.134483281789749,0.4091125728526746,0.2959153092050151,0.3242902257132183,0.3971847194121169,0.2434950055398074
0.0694569405829894,0.2333225228945712,0.5251334105636933,0.290416854140288,0.2633104926466796,0.0926996135325578,0.4207254156515119,0.320045350909641,0.3410886570272716,0.4162290741456317,0.2676029259116805
0.0867082094025095,0.2810361234693748,0.4887732391495734,0.2919197403042632,0.2652460977263339,0.1344083392835184,0.3734618307927893,0.3358678925328282,0.3391624809266322,0.3953627112328329,0.2481095347750628
0.0899372947181652,0.2860926871773649,0.4581101001359857,0.2998099096421177,0.2011582433314119,0.1127590283524374,0.3937028116061681,0.330424031215755,0.3685234238945165,0.4010689880947569,0.2712558066126895
0.0910191076776791,0.3106620142772373,0.4203647944592491,0.3024930874023745,0.2597849763731906,0.0998300243086637,0.4151341300398624,0.3409165606070014,0.3790896902549596,0.4243825673281443,0.2718578124552945
0.0917114109164149,0.2939488744645619,0.4604681261590689,0.3130645760331234,0.2653232000443334,0.1078270950768639,0.423440919731595,0.3553181605945064,0.3897535533053297,0.4268392015284339,0.2588185382734471
0.0949802960543458,0.3008706503531199,0.4810381269171373,0.3134640359303342,0.2584980746400805,0.1054716321730247,0.390485241769517,0.2885867353799882,0.4026772322389095,0.4244693636873285,0.2612654655706474
0.0562887996436369,0.2958322800590859,0.4453918429193196,0.2530558967844757,0.2634667413583905,0.0904320666951405,0.2941362294150453,0.3047522760249774,0.3811489771839783,0.4190020910267371,0.2494297227879498
0.0412598211553958,0.3015213060893448,0.462318117542518,0.2918409962643815,0.2043958377221001,0.1060895504645471,0.35238382263037,0.3071750965462308,0.3538506019360886,0.4126904063960797,0.2693057148324773
0.0504737428771646,0.2577249206273135,0.4954183425102182,0.2825521676654886,0.2481225747810697,0.1088539546368367,0.3948085408004732,0.3092124647281831,0.3268925862172116,0.4266740163545746,0.2804802698875646
0.0556542508808997,0.233146986743756,0.503098785888946,0.2799920850360985,0.2572191381406528,0.0906464995475449,0.4045589057625819,0.32392612443681,0.3660368869288903,0.442566612822175,0.2761048504759816
0.0471925091444675,0.2372172363957709,0.5013515627723909,0.2431570139053606,0.2654118486196946,0.0969759488754992,0.4281544716931084,0.3326930914775164,0.342812844680957,0.4100153546783621,0.2118962598819393
0.0600438512916068,0.2355823450884545,0.5200654490645326,0.2684598144707123,0.2819436934428788,0.123361503048292,0.416393512005231,0.3179631609716307,0.3509920127905087,0.4101276161986819,0.2362199550113968
0.0674078181576334,0.2654976872598589,0.5262017148379048,0.298736002083219,0.255522704128874,0.1420087456795764,0.4246505338697899,0.3444965953560923,0.3619602928944694,0.417847480062094,0.237213452211087
0.0833885674505158,0.2799305270383474,0.4526137707162216,0.3169703498362279,0.2812749810099772,0.0917962367581747,0.3707762761798502,0.2852394997086063,0.321128010354425,0.4286549930848703,0.2300672523027465
0.0452130236976381,0.2335361004766721,0.5096775644116583,0.2971665163059276,0.2749432386093006,0.1051437560074996,0.3868129469757601,0.3295774858612114,0.3449862809245511,0.4407436361392091,0.2360733674380006
0.0626459705168436,0.2094438045992945,0.4820541626986709,0.3130690553812923,0.2687338484872333,0.1077379026935051,0.3742413669461908,0.2824048066456201,0.3222808197246417,0.4137761448222486,0.2463531531022341
0.071999864973401,0.2308007391576395,0.5219570715553318,0.2843961227211561,0.2747296856144861,0.1072463360985585,0.4003589180361112,0.340233343219429,0.3407954270529932,0.4268662463840658,0.2511669962299406
0.0564661641158944,0.2769243330066758,0.4753579424859537,0.265091841744226,0.2534743082148305,0.1059171162558631,0.3755393740346636,0.316356105383499,0.3591801111265629,0.4311674713492925,0.2516429385128315
0.0930584079644967,0.2988896104257914,0.502430767228647,0.2840743322460979,0.2982446578059583,0.1055476933101965,0.373369613144432,0.3174625441905251,0.3508330114660381,0.4297544371305856,0.2585286366317726
0.059853573583043,0.236045289021104,0.4673772902876132,0.2955592018212036,0.2529315168684714,0.1260987328559623,0.378634864029452,0.328276474703638,0.3523624451922633,0.3917714861158441,0.255771967457476
0.0646496930763484,0.1642576024164669,0.5159839374243825,0.3401602028525818,0.2725938874820165,0.1147626988648446,0.4177110544767987,0.3177998513171627,0.3138856783918932,0.400618846366196,0.2604143448212791
0.0748933949517479,0.2486089851495534,0.480796457982113,0.3426927458328446,0.2787857367963924,0.1325550548478574,0.4323266178292189,0.3204755473297481,0.3465873909443906,0.431736989610027,0.2695118937580514
0.0772363555273584,0.2511272665362004,0.4933644728667124,0.3208665080946467,0.2908802319788501,0.1383093793132276,0.4087248532613317,0.2837017929902237,0.3690746730846921,0.4082612604769374,0.2474177388151101
0.1000482059791773,0.2823399780290976,0.5222162564587631,0.2961413608551169,0.2465275391849214,0.103154776898708,0.4183315235529296,0.3100345939976141,0.350165689465604,0.4044514059264855,0.2515812386386348
0.0752896293793813,0.3006747166416449,0.5031651936832332,0.2896794698243831,0.2805582008421432,0.1069190114059659,0.4195649014678512,0.3432972439431854,0.3684511139612346,0.4046718764217687,0.2678594342955064
0.0873507708012481,0.198586854060519,0.5609300867518342,0.2796900044496183,0.2988382070259763,0.1353710005987168,0.3857808621974601,0.3179186641289946,0.3607791227239408,0.3930642843696488,0.2700166185245995
0.0797185258177242,0.2342283710274492,0.5595612378236445,0.2493375546030697,0.2713342059598327,0.1140786086061171,0.3981663273696715,0.2800119121787359,0.3636624918344492,0.3963884884192172,0.2870266276660708
0.0818831746333202,0.2414789519949272,0.5285752913517417,0.2729126987262723,0.2835753692541067,0.1043627112348998,0.376078144502385,0.3019306092751286,0.3557870678715307,0.4151220279294038,0.2519686262827971
0.0225664967150035,0.1984894944488522,0.5290150534659145,0.3001957275766678,0.2900466415006213,0.1107735580720089,0.389882331604955,0.2896082936996048,0.3678819550412776,0.3699837062917779,0.2557753031757456
0.034012430324913,0.2469989035512922,0.4439619175095644,0.2728721840642191,0.2570265058577985,0.0752817910665376,0.3995137631268085,0.3183229983004272,0.384909408908704,0.39414728261323,0.2635276946861379
0.0446875832863222,0.2787754761139753,0.4982870184994968,0.2753025640532541,0.2752039175769668,0.0790544559054332,0.4072564584494409,0.3378582744112804,0.3247820772855873,0.3946636194295508,0.2775580921587004
0.0527947533320192,0.2967653098717662,0.4855137074951374,0.3068580516793476,0.2787122049411122,0.0872766556817051,0.3840696544846341,0.2882693728815075,0.3395467874218316,0.3872226283288271,0.2152541161942962
0.0416737067316704,0.2742974955050993,0.4542915539402135,0.3122298307856975,0.2899062714203908,0.1323426120644232,0.3661795752808812,0.296857067891244,0.344915469536138,0.4125991595824713,0.2356561098791072
0.0420900618068109,0.2407734239569186,0.4909416772916229,0.327174628637223,0.2922940899672796,0.1327626185420261,0.3848982947946181,0.3448294895925079,0.3551729213810789,0.4209503980787412,0.2440783884706107
0.0441423665947199,0.1957508646076983,0.5332081230895616,0.3298213201758371,0.2917447871243747,0.1408843165537457,0.4092649625407631,0.2642683920422561,0.3656267703367945,0.4242118400822193,0.2477166383087698
0.0302655233127067,0.2025043186509068,0.5362937807073677,0.3016579613483194,0.2703819127447374,0.1293497872750433,0.3383709690048322,0.2814342357905636,0.3625762606760042,0.3983015292700031,0.2483407939462548
0.0530665497729447,0.2533864127120723,0.5201238572756309,0.3182704868546879,0.299022520760065,0.1373307474757684,0.3620339789888875,0.329429106668727,0.371929947710264,0.3821669061262921,0.2384822526619899
0.0536797520642275,0.2491237446817722,0.4866118724896784,0.2928411759225258,0.2922236009423213,0.1508414624947832,0.3835899557321717,0.3145137733086697,0.3792071598096196,0.3962073191241962,0.2492916398208126
0.0395178305649937,0.2026266172507539,0.5320508630248312,0.2348969337008905,0.2981292726924462,0.1232731651488784,0.3881853504678815,0.324348160180933,0.3852591779486004,0.3867507620996762,0.2630515976368803
0.034855235153106,0.253230581672109,0.5037345603121255,0.2778392680293722,0.3041246989062099,0.1582704047513833,0.4123143123666034,0.3234810366921056,0.3643636595336836,0.3981301220270503,0.2368859893337571
0.0104782971501061,0.2602337314696218,0.5379241559643175,0.2969557816136145,0.2869211588375761,0.1385575020047557,0.3972283638344097,0.2996818331278202,0.3653394437178069,0.4044130342009571,0.2569158189612515
0.0195736085280179,0.3065782721614002,0.497834791346197,0.3263375554063115,0.2515832067291351,0.1379343146656864,0.3938500038878141,0.299437514274223,0.3395658490939064,0.3957104577340999,0.267004011536003
-0.0493825511573057,0.2906730514980118,0.4851190582407793,0.2919801159166409,0.248396824917808,0.1467543414617339,0.4014329509977126,0.3204428256936665,0.3330638210730731,0.3521892215339784,0.2851088156925112
-0.0031636506885759,0.3109915332272157,0.4677966300247269,0.2718826536876658,0.254204332107667,0.1549597914443489,0.3557380458534454,0.3219360631338072,0.3048400394642763,0.378995440228114,0.2728132273718673
0.0231936743739479,0.2668625406666201,0.5017091453992295,0.2949092657568657,0.24997896527643,0.0849193144090311,0.377423341156928,0.2909729779369856,0.3163213182774366,0.3920553498402511,0.2660141085049338
0.0555091637556109,0.3060766204540382,0.5347830391084101,0.3101055037887105,0.2391516594663209,0.0992691747979928,0.379386963496628,0.3230223440432493,0.327617789814781,0.403727413991287,0.2710260916795518
0.0441154504808064,0.279517143306281,0.5063198579853577,0.3257753328312651,0.2625793116141984,0.0412564006127623,0.3934806450597915,0.3331854542151626,0.3285598901166896,0.4011084460480814,0.2717669711047744
0.0347630075686975,0.2774268319352528,0.5119532034503835,0.3209973976215519,0.2588428106123295,0.0440852351365969,0.3800303812988452,0.3266716368089613,0.3432168450351328,0.3961767278970559,0.2645662276525695
0.0576393221374776,0.3115126643111326,0.5310115687907602,0.294740815086995,0.2689551532137264,0.072008610865232,0.3868201243185063,0.3440334616206267,0.3459449068631535,0.3577665067501251,0.2530647832487295
0.0549732494581664,0.3232328305242599,0.5168315210432053,0.2929541056125401,0.2638174280332939,0.0812267534565739,0.4041819061494505,0.3314307048713827,0.3455194517263134,0.4093199375238042,0.2884667625311533
0.0417871598490025,0.3219424819466021,0.5181858812367569,0.3126477506444189,0.2564303582404379,0.0959714921096871,0.3587194935455693,0.2849712728045643,0.3572843434357642,0.4000316418824214,0.251751811938861
0.0558013192047055,0.3271344246296211,0.5164922644413722,0.2997162911044795,0.2528100489291144,0.0959848162635554,0.392078010962225,0.2961950774138815,0.350858670265847,0.4123311488272585,0.2670118015978207
0.0433257437754372,0.3175296743163085,0.5171235169997992,0.3164625518387389,0.2840049654779275,0.1125641126294411,0.404758668351768,0.3306451703179478,0.3669866225667394,0.4258640058503913,0.2473947717806264
0.0109781731566397,0.3210217808364847,0.469902949928645,0.3152503460543551,0.2952596737186159,0.0838517508508516,0.4103521263555177,0.332660144086015,0.3677084573029924,0.4008261558848005,0.2574807371267203
0.0262928428435621,0.274535716635985,0.4705633823650621,0.3214945986380689,0.2726784992710997,0.0952638634985549,0.3552790209122721,0.3383703167814804,0.3563622436415035,0.4080901796180977,0.2412809919968001
0.0286822995375778,0.3102958602737996,0.4848417759905409,0.301976752800074,0.2895524113142774,0.071884511760524,0.3847162858039734,0.3321142124562427,0.3565571453817312,0.3910857580580383,0.2654046181323398
-0.0314802888654571,0.3214320787677877,0.481606573631002,0.3030719144265603,0.3047211138565621,0.0694547892347362,0.3807517555029061,0.3154405653961035,0.3478474754502144,0.3760164543779353,0.2754467547326565
-0.0001990478283325,0.3117210299642611,0.4715748328048272,0.2868884660679933,0.3077935677382867,0.0620282167014023,0.3900095365939596,0.3366919426983557,0.3576630894517937,0.3992151568492709,0.2614168407518069
0.027089633737116,0.3049580160372214,0.4733650471370899,0.2533074363857902,0.264749994290662,0.0701942504221177,0.3571211005505524,0.3468690832944885,0.3771016132605102,0.4038547248053905,0.2650071878347974
-0.0035493781988301,0.2817091455330137,0.4800085266406436,0.284661089012807,0.2228610128217833,0.0764912271686671,0.3832299037366654,0.3370113489411925,0.339822154156185,0.3984985051939332,0.2581275355083146
0.0193468599004272,0.2994199398663738,0.4844995458415513,0.321321300335061,0.2320491064966669,0.09956122017509,0.3930166969649971,0.3335115167043783,0.3199985316351022,0.3912412735982836,0.2621410813156116
-0.0059686030232562,0.3212072803196803,0.4737681971765583,0.2833487560069763,0.2446838048940525,0.067881899203286,0.3743441064150922,0.3337546742846289,0.3529001894510737,0.3997645062473246,0.2658983756000868
0.0069859468053548,0.3383292105103996,0.4300668050947668,0.3199107025857517,0.2247442889971367,0.0630261831235652,0.3771672777735694,0.3385149693174104,0.3793832530034619,0.4137914029753157,0.2451966266808597
0.0202753146825727,0.3184426558331634,0.458422648025039,0.3144301048907971,0.2315748657235544,0.0815762607447856,0.4032083561096158,0.3188335651359535,0.2988948992231654,0.4294603912516018,0.259686225986765
0.012286434174226,0.3431103947060147,0.4639907149029247,0.257266758826864,0.223944373709298,0.0845592600513082,0.4158869834569209,0.342421398902017,0.3441596866115645,0.3615002484914651,0.2867354785344149
0.0284901776193082,0.3468908788345253,0.475370875261591,0.2648482537308657,0.2287102653806328,0.0873092487482713,0.3899094985110466,0.3478248191331422,0.3593779192147315,0.3800996508624583,0.2951002093861316
0.021181472869035,0.3478637124823085,0.4796057614742508,0.2768069576741063,0.2337333583412851,0.1024401432405869,0.3880197251684376,0.2879776456665619,0.3333885563418401,0.3842615933527376,0.2810452989044892
0.0438961478532722,0.3357830023509456,0.4162097890497938,0.2830678194796857,0.2354344744227996,0.1225277023641895,0.4099606113718819,0.32220513206997,0.3488157752240899,0.3916671241592196,0.2963800543212236
0.033084241639666,0.3528978697193902,0.4424813067409122,0.2363166938172781,0.2544754909443242,0.1082868800592768,0.3922781612619792,0.3231479357861371,0.3655793803137958,0.3665143460443639,0.2977916190133645
0.0180288365745944,0.3169128537117197,0.4532740597837095,0.2521210893986613,0.2564052948386633,0.1185581957463133,0.4108906173080433,0.3232394531295853,0.372291745962419,0.3723156196638647,0.3068063680832769
0.0242508255016472,0.3278415217979042,0.4668861722397252,0.2737008502211516,0.2565799925754399,0.0949217989263789,0.3691439255535708,0.3015473509199777,0.3900148490331339,0.3916279091601612,0.2660558020691688
0.0471167768789109,0.3111512258390357,0.4672285074842786,0.2757116632558783,0.267632497332335,0.0906775349445398,0.3926376124686755,0.3037373994844864,0.3599292851989736,0.4197225887121666,0.2876166660426368
0.0003403255410431,0.3234579075831064,0.4422183028303259,0.2528992304505006,0.2842805248145841,0.0964589314688526,0.4042236740106834,0.3124771620712168,0.3300515255139721,0.4279107468565681,0.2772767816218182
0.031634433989475,0.2390441335699021,0.4483746411788235,0.2623129698440544,0.2163456134891161,0.1090089052291689,0.3906776077929064,0.3203115615173485,0.3598873607578552,0.4360220924487553,0.2770607169965091
0.0252112671355187,0.2652847155362061,0.4286851650090471,0.2654804998686854,0.250241283299591,0.1238785072325139,0.4116971098021991,0.3292990637995097,0.3691009863267431,0.4105856202969827,0.2820572384617079
-0.0305560755357244,0.2973840279621985,0.4366539665439902,0.2892715568049578,0.2509450279292484,0.115699867439752,0.3927729216795981,0.3050931241111162,0.368698751636598,0.4039497716328971,0.2815065020637158
-0.0194052019347543,0.3185492320329189,0.4106525065509201,0.2906834336456087,0.2310955568338097,0.1456077347138344,0.356405553586673,0.3280759780926139,0.355583579684771,0.3255837659882876,0.2996025736215035
0.0067718952766827,0.2795428689361988,0.416204885753019,0.2729624319061081,0.2174504805138954,0.0870673344091129,0.3608669498055347,0.3030366258703341,0.3391364019246877,0.3413789524398146,0.2767939401733407
0.0338417233761522,0.2862034850166004,0.430748486884203,0.2521297822157897,0.2304958037622708,0.1021378426495298,0.3895266308662298,0.3142512782639984,0.34208573176614,0.3815931893148879,0.2856191120903293
0.011429303767553,0.2957845690036284,0.450544641399438,0.2683878730491366,0.1912373035238544,0.1074875454270971,0.3964091227801412,0.3123287314100324,0.3506978547060834,0.3940774374823438,0.2956553505719186
0.0122349375850249,0.3174984125071892,0.4398888069537763,0.2824198799341981,0.24231869426293,0.1089391263642967,0.4063486094832421,0.3364949936124142,0.3509224798550404,0.4135005706809822,0.2699653481547604
0.0029566921669802,0.3034854393515345,0.4386909475707519,0.3571836305265187,0.2467241549475824,0.1012254860503756,0.4200799915357486,0.2828306798935976,0.3529563349790661,0.4135458390339795,0.2729017196727252
0.0300040718975535,0.2585262262396204,0.4598498649012685,0.2497117382606519,0.2499484736431663,0.1084581861276311,0.4038156816277699,0.2970192577294636,0.3649470407866959,0.4077277230838577,0.2828923039515018
0.0199250500931903,0.2992155706789118,0.4571637526326569,0.2755739984890571,0.265192751141226,0.0829149971297837,0.4076831207625148,0.2758848499503988,0.371403139037099,0.3871604685195505,0.2599964310792704
0.0056762491325626,0.3129680276014878,0.4675221456367512,0.2825192584021334,0.2638110122170738,0.0376306545346934,0.4268063765044539,0.3022348133017259,0.3854748194005708,0.3967019705151744,0.2630581224029583
0.0092720732125119,0.3006239150418788,0.4087928452291548,0.3123897215323343,0.2677084652205666,0.0659666092853916,0.3555854141122206,0.3048386288951344,0.3428818165859167,0.4056594645965019,0.2644034890259894
0.0040541868369821,0.2966516651702615,0.4430950236969246,0.27872573540508,0.2520091256229368,0.0938412990314058,0.3838712865889724,0.3334400946419331,0.3545718470563345,0.4084200812567059,0.3036598430599937
0.008011141088242,0.3075286541577626,0.4090067758283691,0.293429137395694,0.2472668172343684,0.014313650146322,0.3895465809638886,0.3392660794772332,0.3741922671269468,0.4077863813278072,0.2558898356063576
0.0026729869718816,0.3157813097038933,0.4187903953931933,0.2494104647511837,0.2396510877992263,0.0796231241132263,0.3267724206647715,0.2917286939222557,0.3722153107069167,0.3976070391471094,0.2584774661246405
0.0001065018602011,0.3083651059689027,0.4286893153271472,0.2617570573902322,0.2468468922280854,0.0760610930871567,0.355224909417223,0.2964628801692805,0.3760682365249912,0.4123682653422165,0.2437169873643152
-0.0046039457908619,0.2686860854914187,0.4476524501845421,0.3288829966695993,0.2598710713443946,0.0983567933776287,0.3748141696128944,0.3200170773656193,0.3634895055470075,0.3950621821642839,0.2611315857332973
-0.0050165197937155,0.3056629139118979,0.4460535106511907,0.3335576504912926,0.2423367442939991,0.0785082188974649,0.3995024693773696,0.3317899207850958,0.3497231866199823,0.386973997938568,0.2827750666390687
0.0055100045809845,0.2913025949152255,0.3974791775690505,0.2818734306740093,0.227881415955087,0.107784087666211,0.4000756165208382,0.2909843186677369,0.3745731324079475,0.3994675072261423,0.2836678373510927
0.0114323848165873,0.274749991661892,0.416255309617,0.2586474180592155,0.2324613703810582,0.1213023654268121,0.4121117172285749,0.3012823355434486,0.3697854896738783,0.3846847534216864,0.2220180471763029
0.0116086154946878,0.3227507081861903,0.4393031744866412,0.2756804362003727,0.2378591572090511,0.1049580068104293,0.4138222353913725,0.3168731468706097,0.3380836443734901,0.3468985831625061,0.2677991757972346
0.0009276608014947,0.3210156865654135,0.40134555052541,0.2957458847536727,0.2552573499986186,0.1080787040832231,0.4308108364205037,0.3049527919589592,0.3683854993908305,0.3832397567713664,0.2682562802227761
-0.0074837861626214,0.3247730309348816,0.4074777187244219,0.2922636507694252,0.2562248539551073,0.120565846353313,0.3882033997019509,0.2958544359032108,0.3501060538189023,0.3652080562578286,0.2771286582951336
-0.0150445583479619,0.330918357012018,0.4366402357725485,0.3250345283208486,0.2256340126082748,0.1213669655986943,0.3812505278631059,0.2970808330211271,0.3319185991971571,0.3730775555924774,0.2876523382044136
0.0091026746935869,0.2765578812465722,0.4396701022966991,0.2775427962868168,0.2429870971447756,0.1001494972773483,0.3895360141616804,0.3118196990154952,0.3289148290449074,0.383391284100238,0.2570386907924879
-0.0099347530328936,0.3032276552791522,0.4347311074397209,0.2698784326597495,0.2026072819055973,0.1089100913681962,0.3928624387367532,0.3188795114315269,0.3333744122824041,0.3553998039995325,0.2820913489554535
-0.0012230749281945,0.3078619795982812,0.4446311907301007,0.2815593638803982,0.2196183177108631,0.0769048695567442,0.4033878218807276,0.3324944802947742,0.3438142581290081,0.3173788043133955,0.2936291773799126
-0.0051642044824445,0.3197342559956215,0.4470072542862103,0.2904289488217402,0.2246164744173669,0.1066157577803924,0.4048851194425334,0.3178043691876094,0.3524143657520843,0.3568812934558116,0.2604972743537264
0.0067409465563946,0.2809702789565428,0.3858940480861816,0.2617851404936269,0.2252176092887494,0.0777921090441382,0.3917688382612683,0.3073259671380681,0.3026829459175141,0.3675469610338394,0.2290705629406695
-0.0096292347842212,0.2696409622682373,0.387020587227029,0.2908281639878524,0.2434888104565395,0.0798980049865805,0.3533904784931905,0.3262690001690405,0.3419560334026297,0.377340656874489,0.2489203175823437
0.0059316826237001,0.2825824394969549,0.3603842224557131,0.2941781452016212,0.2484213735654245,0.0901070013792228,0.335962226407656,0.3077519197876696,0.3265283621414583,0.3447619993267857,0.260462841245316
0.0187758806190956,0.2654082716254466,0.3807982327989054,0.2897085789185231,0.2357128878350556,0.0934443293276846,0.3680000176741413,0.3203065064096477,0.3450855346027194,0.3692348411740288,0.2633400459908734
0.013672326565189,0.2904201279784208,0.3791545886156035,0.246536947640022,0.2294607467757091,0.1146332048102466,0.4153298699010966,0.3214034918607061,0.3473268094127469,0.4011157721485608,0.272816505728925
0.0053865226810669,0.2959452566287696,0.3579104400036159,0.2678317544659782,0.206885455221129,0.1270892775716815,0.4061728242850775,0.3150698331641845,0.3277900174126337,0.3971604314795061,0.2381205358293924
-0.0222369881605486,0.3048176514959603,0.3873454210015657,0.2632060334238599,0.2313447654126236,0.1286994482746253,0.4272881751584304,0.3196464923262208,0.3296499932464247,0.4101912167159079,0.2474545988941354
0.0007118305666422,0.315431710626464,0.4186580094337819,0.2399374586819091,0.2136301102385847,0.1363130015802089,0.4220562740930988,0.2937577854126729,0.341207133555738,0.4237329860354386,0.253007095765257
-0.0068397826711581,0.3355679008408672,0.4270171944095652,0.2510377763114247,0.2459078434384647,0.0902250270408686,0.4241770759235924,0.2977800354209666,0.3507909790008385,0.4316333226067867,0.2629783029816359
0.0015471042597968,0.2553553550908367,0.4300277910361722,0.3281226258481721,0.2282053422840278,0.1099379556088329,0.4191012585687374,0.3138687399246279,0.3574778868108892,0.4159851828840982,0.2658963439512576
0.036566566974736,0.2215818138010152,0.3564653262475765,0.4066203452312584,0.2427773075415208,0.1093966191732398,0.4235740434808533,0.3209220996611603,0.3205598953119291,0.3405068834149136,0.2537421986419829
0.0116894693397847,0.1233635225215535,0.3126276365744112,0.4323051381152548,0.2658515887664726,0.0851923512236034,0.3770887350704699,0.3017456389107132,0.3300900233641909,0.3870188108173185,0.2443271608079213
-0.0216573678639474,0.1506113630029764,0.2803677118170402,0.4191567728973609,0.2203036001864677,0.0792880131647007,0.4022897343713275,0.3172223082620279,0.3517547113182078,0.4009478793923312,0.2318418977427182
-0.0166414009725181,0.1730071431589218,0.2989238622201788,0.2257857861354078,0.2621991900036986,0.1266929583740998,0.4205311471928028,0.3409102507954676,0.3718676100174937,0.34990398466574,0.2488043176413598
-0.0157705150249446,0.1532032557755104,0.3032741381096153,0.2315135988958575,0.2707115610657258,0.0877158254527414,0.4081985950568766,0.31490541720733,0.3586711143677025,0.3763642536100328,0.2273202847216064
-0.0223448778529989,0.1289079786236484,0.2858534897637403,0.2179593757928831,0.2710134400330465,0.0942349969061948,0.4285584162522799,0.3202240093351296,0.3464396896606173,0.3691652712512134,0.2130553456228489
-0.0445877177354281,0.1499239285219795,0.2661876073800022,0.2788716615549561,0.2198237316995944,0.0983079755106443,0.4279166434612054,0.3043711611752584,0.2882177462869199,0.3464438864550466,0.2574614598178401
-0.0259221278404641,0.1791437381284038,0.2777544989207527,0.3000074363945996,0.2216793920811288,0.062251327937747,0.3777236548407425,0.2759210038058625,0.3216694849177142,0.3572421614235189,0.2829669732502454
-0.0179471217598303,0.18911384002887,0.2460649223307462,0.345276686694822,0.2073186410582224,0.0825593568242873,0.3800288586184356,0.3014828162097601,0.3458241901621447,0.3939415984646994,0.2480030299747901
-0.0265084950593625,0.2030355064572612,0.2410169654733698,0.2019591025379925,0.2241581111973466,0.1041018654985341,0.4088303075904619,0.3117485474450725,0.3674268907056585,0.4168476284667063,0.2140536940812798
-0.0275231433799638,0.2145708754413533,0.2487562839861594,0.1958711525152726,0.2373923694474753,0.0994266920366213,0.4146034215169479,0.2992887110629623,0.3619434128708672,0.3845690103095953,0.2128895225128227
-0.0409490947068245,0.1903352083764425,0.2375290320179982,0.1337987473718988,0.1374480705463418,0.1020533118011915,0.3530723371474419,0.3122115875598953,0.3334723399399857,0.3573624573781739,0.2475926851105587
-0.0512557771392271,0.1998075195781367,0.2212625370236855,0.1173869786983842,0.1783311216967271,0.1291032911797738,0.3878178179514193,0.311983381818881,0.3560214751436481,0.3656356589719111,0.263397686151486
-0.0695223167126239,0.1330829933336472,0.226276092281263,0.0783872141991639,0.1960584774062787,0.0631070512383432,0.3646072640734034,0.3347618276768416,0.3499759233558705,0.3883180460287962,0.2808797726452283
-0.0599851549317083,0.0529122310434993,0.1812895797949011,0.0884329967087584,0.1372970399082614,0.0308640542566694,0.4020511285752127,0.335858945715239,0.3681842392031808,0.3480536267773308,0.2467184688433991
-0.0518769312623502,0.0430142541927433,0.1887403221372722,0.0914752355511162,0.149739438016859,0.0428700637332393,0.3900894135095001,0.2933661915745309,0.3337725767163229,0.3651910907809462,0.2528191743890257
-0.0478135380210905,0.0547220632601463,0.1794228636421123,0.0781638013900834,0.1856054477963295,0.0270800123664346,0.3830368006555792,0.3412423240565733,0.3604683713102554,0.3754027491736688,0.2244799760709507
-0.0425017589699989,0.0610161868683987,0.1971538934056055,0.0927851005830986,0.1705797736222739,0.064677748800866,0.3839091920686192,0.3155442771846456,0.3819612319319455,0.3305475258486136,0.2665855188442877
-0.0394637200327883,0.0648341982282212,0.1872062458169462,0.0959606223621104,0.1512311517398564,0.0677871410820717,0.3896135855069522,0.3207261549428474,0.3702238620430941,0.3338743151724485,0.2742540079653073
-0.0358845172089708,0.0780434452675883,0.1952814227551231,0.0798837121739825,0.10682834671312,0.0880559224611386,0.4089673980253632,0.300367215846518,0.3734410815413549,0.3644414305755684,0.294540866129633
-0.0313140325431968,0.0846324777671493,0.19959944086393,0.0699988979998392,0.1468493409260165,0.1426785465541935,0.272982039982401,0.3175937667445935,0.3758562840974203,0.3971266544967041,0.238538774922033
-0.0474784907613065,0.0965272126679311,0.2060919122681407,0.0746175637883768,0.1539249701935168,0.1436341416059572,0.3256504165952463,0.3161767249526974,0.3802314054658372,0.4167941349957558,0.2539763863663228
-0.0413876613611208,0.1086049334358087,0.187238036482906,0.0563978586105012,0.0961535876574976,0.0894134809208574,0.3616911897258336,0.2907612522699486,0.3822741337377285,0.3946584881471435,0.287244473831101
-0.0377826843220767,0.1119326068418608,0.1880315775866377,0.0713497303887009,0.0970301812166954,0.1076307662007331,0.3869924261269019,0.3013782704780743,0.3723675357630951,0.3913556040575819,0.2966790120193383
-0.0445608176627456,0.1223621897370333,0.2038154130232706,0.0658812432929328,0.109839393312498,0.1289714341444334,0.3492048477610153,0.3299781994883997,0.341330144440935,0.3934120795290737,0.2614467393245577
-0.0404807320078555,0.0368557879294281,0.1259664934367373,0.1211852024827131,0.1065252604554127,0.1556056896930909,0.3849877609100731,0.3356180021146042,0.3646518937261677,0.3849184944682735,0.2624660217765164
-0.0474834071005408,0.0464599443884651,0.1002782343978932,0.1513989671682985,0.1036774173040967,0.1230718580659263,0.3872171455596171,0.2823817745089919,0.3588737742837223,0.389448346123739,0.2580592144136235
-0.0460204567816901,0.040076961052271,0.1075752239090225,0.170848168538483,0.1089759106185325,0.0805417300630842,0.3817776081521928,0.2935692712715971,0.3823462065207514,0.4067177377164546,0.2805871385378299
-0.0437964966344203,0.0379902422724029,0.110316798083443,0.1792825916215125,0.0792721275043017,0.0830760182043728,0.3955611541665164,0.3178532180838439,0.3875992648195117,0.4146877643241491,0.253434459342848
-0.047661580485378,0.0307634206295977,0.1142657931570634,0.1936628337610778,0.0970825742230239,0.0960269181034715,0.3790602895327141,0.2934091082633724,0.3808115851981791,0.435727934764563,0.2665040552932363
-0.0400923989041132,0.0281744651381053,0.1205953625986376,0.1745376136905388,0.0977336729317226,0.0974972099334814,0.3528400472889292,0.297360542758518,0.377305982374162,0.4136595197047358,0.2687792511137071
-0.0384989423424218,0.0310025724497095,0.122478042632906,0.1783735005775937,0.1570254860714459,0.0680352298614214,0.3935165019280476,0.325630327225261,0.3991797244921876,0.3972721513954613,0.2806896086872091
-0.0378847942683745,0.0331727162629137,0.1110506953377263,0.1787990666398721,0.1500023460700535,0.0907540826530829,0.3624699127464498,0.3100248666567398,0.3498622216841985,0.4035751451984126,0.2753133452941356
-0.0559237377778132,0.0338852244400338,0.1181245528680696,0.1765553529995522,0.165670857690603,0.0830656025190304,0.3839156356504426,0.3111224405945362,0.3684063840567857,0.4003616069193894,0.2470308394506613
-0.0544692298366167,0.0327735035673997,0.1195835376622606,0.1920650215870323,0.1557623242058101,0.0890745898328157,0.3939849630349443,0.3111412856057082,0.3598313159436312,0.3367645235023891,0.2750349799588606
-0.0597642810192862,0.0306267257608849,0.1272297269808763,0.1996678627352743,0.1320045742667553,0.0914555491491562,0.3913499100421211,0.303683259524024,0.3606211697673669,0.3646100620288793,0.2554028695212794
-0.0613742404229884,0.0286422608578443,0.1215320890558464,0.200592853588189,0.0990364239330151,0.0809454315173109,0.3049748658154431,0.2208060545653068,0.3938021482165597,0.3813918876154908,0.2677060421026296
-0.0415638004359249,0.0104839135863341,0.1360844135395251,0.2098639471399164,0.1107320843171112,0.0608424437337444,0.3543936175791735,0.2397476403695868,0.3693437448824156,0.3526516541248841,0.2821087944271787
-0.035944694280536,0.059374901199532,0.1633206459997809,0.1510625200887407,0.145806088498376,0.087034284627027,0.3640573614246776,0.2933218748720179,0.3760941507895702,0.3767749042015431,0.2794219266024987
-0.0404942786181491,0.0781626453545649,0.1702241436378407,0.1692223995349455,0.1179013644812974,0.0610986852905392,0.3795073360722782,0.3122915565926455,0.4036561044119087,0.3843066189495479,0.2626188517253252
-0.0315806220928002,0.0872046393067033,0.1814177123281129,0.1808052838640623,0.1354571050152674,0.0850225933618419,0.4057401058640714,0.2339913453208988,0.4104033809459151,0.3400700796128336,0.2602244679003966
-0.0414090564144743,0.1015172293887332,0.2447308879487248,0.1858585257498998,0.1130055253317982,0.110837880299529,0.4318196395261503,0.261763743005745,0.3573415983021688,0.3606343600388865,0.2664474942351229
-0.0240848020423708,0.1253586407534922,0.2226033443014811,0.2076421886304774,0.1504683247103111,0.1256253980911397,0.3881859657861997,0.2509799198344938,0.3590828143462252,0.3562587424174912,0.2566608872078399
-0.0145970413214075,0.1294872245804323,0.2060672102690249,0.2135366894447768,0.1902389782130544,0.0934792113370978,0.3881026604788007,0.2786289491393594,0.3625402242215292,0.3918951258802773,0.1940334292226932
-0.0228758131996664,0.1201731818882108,0.1665709653140221,0.2052471955693487,0.2057196944290057,0.1152083801094473,0.4111949666013762,0.275892606351547,0.3843531575448313,0.4026012706090827,0.227522851757994
-0.0525129234316779,0.0954413886983917,0.1578742398862578,0.1823057443195303,0.2090027370197618,0.1418790980649023,0.39029822023976,0.3012457606424944,0.3750713464814873,0.4100539833653394,0.2350110229669753
-0.0522079698321346,0.0840433200972295,0.141419828345536,0.192542951470787,0.1698689028268232,0.0915290515704668,0.400109597966288,0.2955922437497025,0.3870201244426596,0.3558617357186614,0.245953586585503
-0.0707882131069848,0.0861678051151571,0.1384440894999692,0.1941843496194744,0.1827909002271933,0.1096618243364023,0.4087149589936523,0.2958315512074554,0.3671361437934655,0.3750812333015098,0.2611307203861642
-0.0658559096490478,0.0879679598162118,0.1370518122610997,0.2172515098596464,0.2247899127535257,0.1604562779492049,0.4038042121847635,0.2646959283682826,0.3645806117270641,0.3914269862238604,0.2284058739886925
-0.0627327134168672,0.0958238854696363,0.1419638067673425,0.2203506327889531,0.2279648648888425,0.1077035649132839,0.4136655067624807,0.2779248871438887,0.3891829810150862,0.3116428010406377,0.2349806793981992
-0.0612030099735887,0.0993141389425506,0.1384363260883784,0.1996827494540081,0.1852854242624304,0.1210677818224488,0.3931169480543282,0.291075865285638,0.3469445781482813,0.3179846024898646,0.2174566187258302
-0.0594364209240147,0.0900953376693162,0.1338296435315894,0.2067989970092053,0.1978033074283847,0.1393934858806337,0.397109947360089,0.288175463628938,0.3540316276844164,0.3297613223598686,0.2494168922513134
-0.0565649585142134,0.0865484734416644,0.1363898773780876,0.1992376419728058,0.2139243293804946,0.0885221941714427,0.3620735527585504,0.2994619976470929,0.3553222195461998,0.3521380926779678,0.2582297118352678
-0.0550244559778118,0.0880579721113119,0.1433010291576299,0.2036321859437829,0.2156667823114818,0.1003029104432226,0.3831759110037693,0.3309755829633359,0.3498669391694869,0.3588711652049619,0.218562717778543
-0.0590441428543322,0.0874899141256364,0.1481936261462848,0.2126395625068522,0.2190546123428295,0.0879349797910976,0.4177661250073659,0.2887757521025078,0.3655811120652822,0.3678111025668413,0.2267296057184909
-0.0578061153659635,0.0940684565546264,0.152815155993603,0.2293197023123667,0.2162527851729239,0.0779637409146754,0.4395643955292467,0.3119871684840491,0.2962990488705762,0.3449725868991745,0.2210852318584302
-0.053873209301416,0.0996144193816575,0.1606820977982378,0.2391176256880761,0.1806226221606056,0.1117138735057815,0.3914359843557976,0.3226597961364862,0.3453805474777477,0.3467488891302397,0.234786048001557
-0.0503642517232818,0.0743154706549173,0.1601953724146768,0.2187982843282366,0.1973818466143292,0.1413412871079566,0.4156540798329386,0.3088667833594576,0.3508843054896242,0.3595444342974664,0.2051208821774459
-0.0556762883863424,0.0834108918750114,0.1671518503854542,0.2260691821454157,0.1910166286830031,0.1440109260967736,0.3994203552022324,0.3235405019824406,0.3632809656500061,0.3383965150079047,0.2197536365071486
-0.0557562775757661,0.0882851547885463,0.1488280205294458,0.2320421323449439,0.2141778675383277,0.1570479821732998,0.4059037216203255,0.3070548906372802,0.3403970710055438,0.3219635224307757,0.1952938569752365
-0.0545674070758308,0.0889718836843837,0.1422984119546425,0.2324356445268154,0.2054793113843101,0.1537220344599189,0.408011459230594,0.3298990446989023,0.3287763741762191,0.3257693012830046,0.2250886770193176
-0.0523648011456351,0.0834340105925554,0.1375089624452783,0.2483075929920747,0.1702294013146906,0.1055782525498149,0.3892114856051024,0.3420725593896876,0.3550263516926998,0.3374737528799376,0.2263062383373344
-0.0604010139962793,0.0857618458476161,0.1299969815708932,0.2451146641312684,0.1613822263831458,0.1153590666662098,0.3919627246955941,0.3467801368285044,0.3438865224956012,0.3386201522892362,0.2252546388896335
-0.0586464917935435,0.0773254521013152,0.1356431564266833,0.2515477224683061,0.1719032175327449,0.1274115637663814,0.397435925383264,0.3550424019229109,0.3570554708193628,0.307961386109871,0.2296504937006205
-0.055790603087633,0.0759793752896267,0.1396769651108316,0.236028312240412,0.1609296830637654,0.1348365808365044,0.3990190661397351,0.3415481965545174,0.3276232630182958,0.3314228497506183,0.2473068686901688
-0.0555888175666214,-0.0044480159378729,0.1514007071532528,0.250744882266843,0.1551162227631158,0.1202423557478594,0.4221081426035387,0.3170194784830581,0.3286542646570376,0.3312418091388203,0.2296365927510326
-0.0494793064793289,0.0415486972871605,0.1278858015284898,0.2432960355164331,0.1737520397297235,0.1318019950174809,0.3810760345401204,0.3247323657274115,0.3272996004822568,0.3476317550737861,0.2144879518017471
-0.0581287493660641,-0.0001768265391132,0.1518068849513431,0.2593148036821698,0.1768049940863167,0.135645729004412,0.3908724548138651,0.2641356794058974,0.3285134634387249,0.3777075529935857,0.2344734750600081
-0.0572806820274214,0.003144017876903,0.1576353762416187,0.2554476869585363,0.1838225222677135,0.1396708146367861,0.4211957160448029,0.3052234042744111,0.3499713290388987,0.3436582495960262,0.2460642152856439
-0.0510594948992725,0.0298210783609084,0.2029436623174165,0.2701179910935121,0.1593739139804669,0.076335393606842,0.3991064899640226,0.3292763921027682,0.3612811986719479,0.3673588255346908,0.2262276834223444
-0.0575539317306827,0.0323597225526288,0.1778077666740279,0.2273210248962557,0.1561124903725478,0.0383773618598445,0.4234040670226528,0.2730372960532428,0.3665856021518766,0.3856616578057779,0.2250264831730217
-0.0590766239724459,0.0269991520566054,0.1770556625803033,0.2255009806217288,0.112768708312088,0.0471125065108504,0.337012672082667,0.261913967763962,0.3432538839083791,0.4051911519888949,0.2436842598448527
-0.0613288751609568,0.0265748813509275,0.1618940046805267,0.2037703897450017,0.1046152150699369,0.0525625158293706,0.3553423495353224,0.2695272967251035,0.3579942046260538,0.4136257175664103,0.2338331146174863
-0.0552006409337043,0.0157375668899469,0.1803770462444213,0.1980030553190406,0.1144927616035852,0.0542023156519457,0.3472664925932442,0.3119073552454384,0.3664366936743929,0.3483433429309634,0.2141121614357428
-0.0579900853741309,0.01850740884462,0.186880809237082,0.2098290150368349,0.1104136685175199,0.034686157408838,0.3591807543941584,0.3148955136389572,0.3558972085211064,0.3585653436279457,0.2310235169720808
-0.0547358012448722,0.0195009893251052,0.2002682944803651,0.2244096768586711,0.1146912259242024,0.0386806742283979,0.3376584316834577,0.2943326004265735,0.3727467502410227,0.3908370510892107,0.2444185568239602
-0.0546771663712214,0.0218937480181224,0.1950761632845216,0.2327319094043512,0.138838114011229,0.0432587702948421,0.3630177893764468,0.3112453177762028,0.3499826428572997,0.3337187323833938,0.2351769331383368
-0.0478319203526157,0.0311537466952546,0.1892436846289883,0.2040007020530155,0.1524062205389124,0.0651194092909947,0.3783626552049902,0.3239496561197483,0.388836183096046,0.3624733653067702,0.245500896497166
-0.0407991209746002,0.0334056604394993,0.1861470481476326,0.2064920919251655,0.1627020121448265,0.0869792502520787,0.382773226049006,0.243410629605164,0.3977353860694757,0.3713758990427608,0.2521054787941937
-0.0343884292903382,0.0349473038161659,0.1880766642169244,0.1977918288561872,0.148374651776365,0.0932968378669699,0.3407284245968552,0.2927945581114746,0.3941343354933687,0.3793648093005591,0.2309350518212738
-0.0484668593365363,0.0390415792860643,0.187403443113359,0.2010245111557687,0.1532714371442023,0.1086107718101527,0.360123200743523,0.3190653021507176,0.3832401444901952,0.3835695634407373,0.2349916144715879
-0.0627239829176018,0.065300372472059,0.139979791680311,0.2066390545013663,0.1648274817120686,0.1175562168121238,0.3699368084298399,0.3139441636384774,0.3717505833190833,0.2979641482355644,0.2423138464941532
-0.0625923373545521,0.0743995842026277,0.1411326142187928,0.1973636029040922,0.1737074230830753,0.1088971110238306,0.3976566850632013,0.2886266432351894,0.3840447849678031,0.3453314604340843,0.2487711683069835
-0.0591327955308487,0.0827800084081873,0.1444474319708985,0.2065164257571602,0.1412308152506924,0.0982841707526845,0.3788631667920374,0.2571115005777443,0.3679260826164359,0.3563858124695038,0.2567433979466531
-0.0532490950170914,0.0862183074895418,0.1486999776372773,0.215857354461679,0.1486673171179559,0.1058356800172306,0.3385123842814201,0.2551294889269885,0.3827076859404653,0.3822771953906284,0.2602851665201352
-0.0588469377935511,0.0788862493910649,0.1532472243933733,0.201511720994234,0.1541806194953101,0.0805790376669403,0.3738161322655094,0.3047698806891011,0.3855099718044571,0.3304552292967427,0.2693798800853361
-0.0552924197198995,0.0890134786414497,0.1410826619840903,0.2056052170385679,0.1265318400953915,0.0913105219185318,0.4040048655196238,0.3079800649017179,0.3743142887310268,0.3658091899171075,0.202491064399087
-0.053882210508881,0.0910117026517507,0.1474168145296391,0.2103539356178309,0.1291784854844856,0.1067675795840781,0.4130533778775263,0.2995593069552056,0.3720942553286611,0.4164150718692345,0.1955933357320393
-0.0554779776200962,0.0870540746417736,0.1489111246700883,0.2346007386610183,0.1411968825160116,0.116691175445689,0.343615345644631,0.2708458133792324,0.3755310125914575,0.3994061790242366,0.2013578286487153
-0.0535992815665156,0.0927471588189638,0.1410923739670677,0.1838071331671648,0.1234743789914915,0.1139129966849407,0.3700128948706861,0.2958111334281093,0.3456810512467385,0.4078672546313471,0.2370050926611084
-0.0631940242016374,0.0881398331719603,0.1460229515216655,0.1884112014785171,0.1742127376680163,0.1139709619298428,0.3827138862848734,0.2876949063142446,0.3543311928696578,0.4107511348113408,0.1901140272286764
-0.0648627147940552,0.0780541526092224,0.1516549472514548,0.183051538125844,0.1772921263645059,0.1076434397121104,0.3968316325674811,0.2965165355759677,0.3683349883255901,0.4270135133991685,0.2074563427384985
-0.0781750332135934,0.083984634795245,0.1551946468271973,0.1870070284149189,0.1922275161343277,0.0930640563461376,0.3749171127400161,0.2555670165046199,0.3437667450466922,0.4327452054717128,0.2092313028724841
-0.0778751326738868,0.0768733923792709,0.150682751363341,0.166069276559945,0.1970932801142544,0.1002030316889919,0.3645562256444307,0.2502684808807516,0.3735803181504473,0.430424638345677,0.216996650954645
-0.0747274990875486,0.0774061217998245,0.1410868936712137,0.1746757982736096,0.2297574596279443,0.1161829540141865,0.3995726831272403,0.265499507206474,0.3917196073075826,0.4023500680537701,0.1956748397059218
-0.0702834856713282,0.0707956498562838,0.144680650671739,0.1848291007621045,0.2308083588918973,0.1035499254547393,0.3523391985201962,0.2931553403009395,0.351231435529326,0.3992973029387213,0.182768195005257
-0.0798005646433639,0.0649758200582856,0.1472584119508243,0.1930042570418305,0.2271771463719384,0.0666704492301969,0.3673546965404845,0.2954742717165725,0.3714443645366067,0.4199616287513615,0.2184084703998385
-0.0903993838471298,0.072326081894687,0.1438432215217336,0.1833707499588985,0.2199546174462998,0.0947120132982267,0.381159663486393,0.2956126502613393,0.37296459016772,0.3652576570451306,0.2355374954155407
-0.0858435667264621,0.0733066359282045,0.1534855511924152,0.2026593312505773,0.2432844533049896,0.1382919575429641,0.3953237849088334,0.2760365339956456,0.3921873813169259,0.3638814032273043,0.2419508033668391
-0.0806347978468104,0.0832783268794671,0.2328635352437154,0.2426928614556024,0.2544123358493504,0.1225601260426781,0.4098596930264082,0.2825455189683586,0.3826827683426944,0.3923609258232641,0.2497749789520091
-0.0770337383123844,0.0935708669632105,0.2901937624143925,0.271808651047239,0.2091501338276694,0.1473591706952312,0.3670199240594924,0.2937270000859671,0.3836540381765904,0.3939129756103685,0.2281163750257211
-0.0675291496309237,0.1046571853360927,0.3293557911170041,0.277674769382688,0.2348709432819345,0.1197041740039134,0.3756252619540624,0.2739747044583497,0.3633442411541823,0.4117483877783447,0.2319970199805265
-0.064939791082935,0.0898869572730942,0.3475908563215394,0.2986203969935899,0.2425708278713587,0.147967170169155,0.3649267031172219,0.2760295913408785,0.3700241614323352,0.38296237876938,0.244724036770096
-0.0618935191611376,0.0915696226539904,0.3648462710189492,0.3183540931906076,0.2576840580753661,0.1262136866255197,0.3826137445015741,0.2427941792959473,0.3757141025195786,0.3961399161979472,0.2474128554740531
-0.0668448513872353,0.0749033909530381,0.3654837940120596,0.328329991641464,0.2745513855007143,0.1341814833965511,0.4301705630194081,0.2912939012965016,0.3833150828012519,0.4030199234242787,0.226229112389918
-0.0643984607598824,0.0846220887536221,0.3951715217957856,0.303606306330797,0.2107186223042144,0.1456149535850136,0.3863307122702074,0.325443849569777,0.3333553639311346,0.3998008448649044,0.2351385255761667
-0.0638024912458326,0.0874277648937272,0.3333543552478013,0.3308781632746932,0.23086177743808,0.1518662771890789,0.3832244299540583,0.2658034573737372,0.3352923569422142,0.3891684104203335,0.2589695754293384
-0.0783524771311785,0.0910492279098078,0.3450362650171225,0.3470261970812343,0.2361910219245094,0.1222462110469844,0.4098697609217176,0.281412970672924,0.3450837986315705,0.395622752598641,0.2462506735391099
-0.0719472904637773,0.0846258154045009,0.3343689013188319,0.3708938670086255,0.2400521458349172,0.0925030794455608,0.4008815970331289,0.2877020473434984,0.3273372668824028,0.4067280926236549,0.2464274868023516
-0.0848574271887969,0.0853210563852824,0.3462773856267442,0.3605497988323662,0.2659092357467931,0.1241817097031443,0.4316217891577441,0.349515666503863,0.3421943712059489,0.4059854032679224,0.2444424316505397
-0.0801904814097837,0.0699151260990796,0.3008785228656555,0.3715592836100057,0.2760315840854431,0.1289733102059805,0.4166519007083479,0.3032515813440823,0.3477617877490323,0.4252170029598993,0.1834498322010912
-0.0744872175916789,0.0847526491054914,0.3177070418803747,0.355314801465889,0.2885125222381595,0.0743773699389867,0.4188428320770218,0.2608645208667525,0.31330756269237,0.4332857320698894,0.2295122762018008
-0.0773933537395453,0.1024935739165164,0.2533276219797964,0.3849005716886586,0.26912460113763,0.1175319059465658,0.4037635960831527,0.2808621918424555,0.3319537272641659,0.4414168412837227,0.2052814418945543
-0.0773129013934064,0.100507335623188,0.2924261442415038,0.372076733928367,0.277080510561947,0.1205278148393863,0.4157236309575691,0.2919445424627562,0.3063239935752547,0.3415100940931435,0.249978030760185
-0.0713504694536749,0.0872958863451238,0.3300938976022552,0.3570522832824483,0.2474562701386783,0.1272004661947054,0.4194956637094066,0.3212432298283942,0.2962781972358474,0.3465889375063765,0.2599091703055902
-0.0726380132288291,0.09124505403097,0.336198693782103,0.3311610491652453,0.2657155441880209,0.0912171214477904,0.3639256646320538,0.2251693914203509,0.2984656344130724,0.3847911101355783,0.2099559863816794
-0.0674290921171398,0.076579604573595,0.3378632121310714,0.3400887269099736,0.1940999007925724,0.1074072073459271,0.3881175175207231,0.2463980392102909,0.3042162042037192,0.3396575086398619,0.2399656832459716
-0.0824973531151319,0.079724404060611,0.3345315304435629,0.3739117200714711,0.2301311315730881,0.1202191333791001,0.4126631557950478,0.30991212426049,0.2664213300562501,0.3545511250894491,0.2518753537168239
-0.0781698977027176,0.0822226765268392,0.3130310343360455,0.3849147214899955,0.2365486103483469,0.1269460766631437,0.4345328704809036,0.3220160657341018,0.3059486100208757,0.3632526559903866,0.1934816491519769
-0.0942042978313494,0.083173486217575,0.3288493526163818,0.3756250778880363,0.2387690471791287,0.1094591247973511,0.3473034623635064,0.331965426017624,0.3092899709926646,0.3630670451382527,0.2211640413577476
-0.0750493093134744,0.0791803990397493,0.3491193177777692,0.382379844952006,0.2490484659705195,0.0893893089218162,0.3991796476632084,0.3705635857816637,0.2915641844802966,0.368899785552276,0.2424473813653182
-0.0735975708829453,0.0842660955583684,0.3606379820118454,0.366602481795766,0.2510769083474237,0.0794835101454679,0.427618472827607,0.3438699394080987,0.3294989889619196,0.379443294301625,0.225084684137298
-0.0702327256343279,0.0803452310495414,0.3797310762572469,0.3787508687627851,0.2119521171944181,0.1054027765086499,0.4586208592745353,0.3413713501921872,0.332265040435461,0.3400296204344,0.2268892657330747
-0.081257213248294,0.0832261398353942,0.3927107100075538,0.3827800841544865,0.2119876023938279,0.0609666004083451,0.4154105382254796,0.3534759387142526,0.3442944137905085,0.3528662901160164,0.2396798668037837
-0.0871817024768125,0.0876681666771476,0.4101967584517069,0.3717073707694091,0.2228694239203268,0.0676052699488292,0.4195178876343162,0.3367670977479735,0.3090441783589105,0.3904445600213547,0.1742497726152388
-0.0815389789926703,0.079869997873703,0.3950725997482707,0.3463511694291165,0.2113203793689738,0.0669672605225986,0.4356173919238376,0.3543187570294026,0.3331134559337159,0.4186626288191871,0.2085408354528767
-0.0760222167116481,0.0658902673014667,0.4030802258952364,0.3562169990279533,0.2110437006129618,0.0860227137646195,0.4264547073590538,0.3421979672248365,0.3508111583992191,0.3563709090560252,0.2110960165004484
-0.0702171558360998,0.0710784526085302,0.3882552266089056,0.3785387651459178,0.2452427668027492,0.0958405825364573,0.4319195553134368,0.3430286040231305,0.3537847857052424,0.3816129028362697,0.1858652737605509
-0.0820193813300147,0.0692500435759049,0.3765990238361558,0.3819583939264709,0.2331941203652747,0.0685982715833236,0.4532112552121718,0.2959788373112721,0.2825780663318433,0.4019065375644892,0.226400808557639
-0.0736416231520002,0.0699372493708241,0.3520278218037698,0.3840152670104996,0.2336144118546992,0.087080735720364,0.4412651411020411,0.3135130421788545,0.3278727983628081,0.3435551101102801,0.2028639346967084
-0.0670601675224842,0.0679854550051169,0.3583891698116975,0.3913889495967388,0.1684313928431506,0.0940333535561243,0.4068214284736173,0.3244616998937296,0.3622655002136616,0.3785419820844077,0.1858047007633889
-0.066437795558457,0.0712449578026033,0.2978717812765198,0.3886912480832575,0.2067515142114666,0.1012543133650579,0.4200955012411597,0.2915782700873575,0.3088282183957889,0.4029052363287774,0.2133370546209415
-0.0803199177415974,0.0728137343348894,0.2592723929161134,0.396457073256356,0.2202580673120365,0.1013869441776598,0.3748548260235325,0.2920622422062991,0.3567735125418608,0.4080787101944287,0.216453482427093
-0.07812060583974,0.0651288836916367,0.2376554905769308,0.3905438471155067,0.2246364324404272,0.1225682808346331,0.3943070720064063,0.3480572775702115,0.3689807025150247,0.4149339547754875,0.2204455222053107
-0.0743396207637056,0.0604768140038409,0.1935881868557753,0.3439961483003246,0.2531301738178224,0.146874702848969,0.4338763046027967,0.3328130267934716,0.3128727310073249,0.3807843117492622,0.2032147039540044
-0.0753686655697103,0.0582536492273505,0.1910769066975598,0.3558347993125403,0.2568557400440024,0.0996073509264394,0.4419757808218871,0.3489830498268862,0.3179099094572335,0.3717388267614382,0.1811385539890426
-0.0711622219779994,0.0616837258920262,0.1534777554041742,0.3607186131565192,0.2588569022529551,0.1307990647229789,0.4035964952314316,0.3561708494477451,0.2690479586916265,0.3894104321833735,0.185072727984448
-0.0624773511972241,0.0674678359439303,0.1334138848971399,0.3381841653976439,0.2250308047194536,0.1451994088244649,0.3936050796354259,0.294625586541094,0.263329321782319,0.4212364706582495,0.2179049995707691
-0.0638151679786841,0.0479701627438369,0.1318871120879381,0.3290251842676061,0.2391976070319675,0.1095709346121149,0.437014143706773,0.3333014916873015,0.2869931312615312,0.3673418921698307,0.2284624749157497
-0.0669053711773702,0.0553253732266632,0.1496305492522149,0.372834697239788,0.2074260401824786,0.1144087678300456,0.3994508710501126,0.3463825350057189,0.2791203860615538,0.365837767018915,0.1299419441657629
-0.0457400253773699,0.0684420149342775,0.1759515406166474,0.3999825526333083,0.209691263619881,0.1187177832706538,0.4113096543351911,0.315289387800328,0.2786209507703152,0.3642379879151983,0.1626589091532907
-0.0411979659740235,0.0895340446735164,0.2181905261340606,0.3258473634133408,0.2460155615415903,0.0738239864000737,0.4166300426610871,0.3378111772848747,0.2970723168551465,0.3875700324709209,0.1648956189143632
-0.0383650497166273,0.093376434805292,0.2600835531448873,0.3473072366723402,0.2662288137840867,0.0905574826506037,0.3982596254454709,0.3305645644565071,0.3130552748541772,0.3850742849194731,0.2205211628042093
-0.0668671243159034,0.0585558215429837,0.2976541420672056,0.3279895520622835,0.2502596110114605,0.1066808377252631,0.4139694551185683,0.3242798506162181,0.2765679320041682,0.382011984104282,0.1832878644971014
-0.0537229135839392,0.0446986164762138,0.3321069543931336,0.3421839531750632,0.2634030977089862,0.1187340765762215,0.4495465150386555,0.3063165853600565,0.3064378288628445,0.3798865376137314,0.1989636260743288
-0.065050881013119,0.0472415390853206,0.2991463727163866,0.3087501674371696,0.2652148282404266,0.104227815779384,0.43182056686872,0.3341892033482225,0.3302718081180931,0.3504018957431358,0.1349834588666393
-0.0584476361063357,0.0640961305576099,0.3470674931553815,0.3198986672939185,0.1975513931429095,0.1320605276749574,0.3937133110790501,0.2972861722901094,0.3354879822039361,0.3736801094907523,0.1376173907993919
-0.0459444831112171,0.0654098122202574,0.3245741964941598,0.307284822091008,0.2155044865261573,0.1433980787556933,0.3763377102552419,0.3356821518482858,0.3079205354207758,0.3749408667341459,0.1426902123012188
-0.046161319591941,0.0746854732883979,0.2803492912894939,0.2826922530517542,0.2173750307455637,0.1527593384297408,0.4032125483265952,0.3486051257045292,0.3092257088469284,0.3450686838049099,0.1593660880609207
-0.0705841290908325,0.0771534273077275,0.3034085059688517,0.2889870345356142,0.2340064441129261,0.1332327016223509,0.3607865267117199,0.3099238997965104,0.2539561633447386,0.355489199918208,0.1772634034758572
-0.0527977662978106,0.0979654572607551,0.3204816943640257,0.2891605478950566,0.2416735770694522,0.1703606196172868,0.3887086204899403,0.2674001122445428,0.316805049760118,0.3307188511160338,0.2121857251868474
-0.0317069401755051,0.0994655194023347,0.3261745272036104,0.3049843922670816,0.265390980361969,0.166250160131153,0.4133533843680604,0.2752541172517135,0.3442583708004258,0.3421445466521892,0.2142018672563335
-0.0534940883142095,0.0909943984434499,0.316774150476606,0.3076710737685373,0.2653777179802344,0.1271879236096242,0.4020680669445007,0.3301734254447876,0.3094905886369019,0.3572847440842517,0.2426115574134231
-0.0446643134632436,0.1011414792652007,0.3214283183297248,0.2921353969017688,0.2652939167599326,0.1573786373602202,0.4247304376493103,0.2744813514141326,0.3549022996902877,0.3758764102304051,0.1816272118834345
-0.0437016326027884,0.102799924507218,0.308920624084562,0.2958566134467303,0.2007846491434438,0.138787737780078,0.4174292228667711,0.2604500066289205,0.3471805650026702,0.4021084981349138,0.1770155381985223
-0.0373154505328963,0.1001314012346364,0.3090365186676795,0.2815740929590337,0.2160409448746191,0.1210998425699835,0.3818830275598345,0.2986798331672291,0.3655043401551207,0.3437071407107891,0.1802648535809363
-0.0370536735754405,0.095063311565244,0.3208913901544637,0.2387972941997971,0.267191062708087,0.1004055009715692,0.3951593414744983,0.323121852786417,0.3414114651400121,0.3547046496863638,0.2204008258215265
-0.0417112789933954,0.0925429286319566,0.3503617878296547,0.2386327754772544,0.2234359394625835,0.118192243228218,0.4086461677080434,0.2530017784858168,0.3484802872841839,0.357301398764585,0.2446069709571243
-0.0461320946009494,0.0952013296432577,0.3599606696639608,0.2641227202110405,0.2384011094661743,0.1410579997729746,0.420874681734633,0.2722320530239646,0.3063945071658346,0.3880141299584052,0.1923132572558484
-0.0444763178774795,0.1044641814955009,0.3708714742498539,0.264672724650954,0.2460842478892566,0.1444250966943267,0.4249658189442302,0.2804570233946694,0.3174243883607148,0.3899134361754015,0.2133617028555642
-0.0567517687557469,0.1107895320492426,0.3756797479927104,0.2351110239121431,0.2547992668619026,0.133146565210136,0.4357082223158151,0.2983230392830513,0.3343960503485772,0.3864392977627705,0.2365368169746453
-0.0415131522761767,0.1174874416784348,0.3457034330182926,0.250925515276544,0.2458980494814469,0.1357257150963651,0.3905151983874705,0.2627160999169438,0.3401787111682598,0.3887532393336957,0.2452841577273509
-0.0115180958493737,0.1009278246045557,0.3800015169953727,0.2191918486947945,0.2188107354095705,0.1545794103751033,0.4254441057188873,0.2962542684498396,0.3611121978673335,0.3749450248145142,0.2422678297652687
-0.0403947609471233,0.1386836034611171,0.3641252551075411,0.2689233445572001,0.2199053225092954,0.1508532243548144,0.4263416170658314,0.3080243557981537,0.3296209918251668,0.3782909402749411,0.2415177209167095
-0.0087965294530965,0.1174045636801083,0.3712479655088166,0.2182569535496463,0.2297370256842021,0.1489142615076309,0.3880615955001241,0.3327282752799422,0.3541028442330184,0.3628979653800142,0.188320052661325
-0.0475458653088456,0.1400780719388906,0.3515863440532765,0.3082751556966594,0.2403174300367546,0.1311543273678161,0.3938465753750428,0.2726480430061143,0.3750828568055082,0.3395822347585109,0.2086045890839351
-0.0358529223611456,0.1561195463968474,0.3808401329351297,0.3527072263382066,0.2605324819461028,0.1439799085976214,0.4251725385462015,0.3121110338231049,0.366859875048661,0.3697404551823188,0.2134230289094774
-0.064473734265327,0.1643484426614957,0.378218415882704,0.3889212202089695,0.246143247855227,0.1565551131904214,0.453310242842309,0.3142731016115877,0.3038376653431938,0.3722525259183686,0.223423816185712
-0.0184124180479077,0.1852263540895075,0.422759901279706,0.4050357971694309,0.2333290991977303,0.113177178431636,0.3560510870367676,0.2568426454484016,0.3466863900915094,0.3170467114081309,0.2616427232319229
-0.0149739134925032,0.19701413055753,0.4239476283206689,0.4054213928198985,0.2429226112009144,0.151608196630317,0.3787070826193526,0.2888024999511552,0.3488455102008406,0.3246116884782676,0.2358017539364271
-0.0292662927500413,0.2157161873628836,0.3722434272827875,0.3666986637743132,0.2559422698369205,0.1308001629504666,0.3849785577519097,0.3228192879876539,0.360711652948456,0.3221090072263753,0.2713953722666848
-0.0561903805055087,0.2253184826560868,0.3635169564188305,0.329461938140378,0.2680870040406302,0.1492582028805144,0.4030936041156414,0.3286225975772462,0.3833764987960806,0.3541795973138811,0.2127202710123402
-0.0335908726074965,0.1836791320953446,0.3989088715558477,0.3581592231411808,0.2667691181496118,0.130151499053562,0.4298834567187261,0.2908309133857346,0.390557152404149,0.3746451747460906,0.2506630010478924
-0.04649635841087,0.1885824752285828,0.3341741042779445,0.3304560229319193,0.2508386397133698,0.1192439395968751,0.3235164584964456,0.3153789907735229,0.303476782364926,0.3790661835266578,0.2031378798987564
-0.0437814796821309,0.1895018102384059,0.3506772161055999,0.3320372562462759,0.2292405449534986,0.1333144742115742,0.3949655225983116,0.291731955157278,0.3174791051734904,0.3644446006264655,0.2094170333307988
-0.051868444495503,0.1927486822571479,0.3717718920412196,0.3474132986369592,0.2643780380506816,0.1165092562831635,0.3951134145174795,0.3164070796896321,0.3214606944871202,0.3455765457456305,0.1934279833128304
-0.0458613759534782,0.2082105309357173,0.3916859693201637,0.3616699580418306,0.2820940663000946,0.1315310567871998,0.4328429732116929,0.2679174895069106,0.3568885814799586,0.3949435193305205,0.2457615077110923
-0.0436118684836054,0.1822423655936066,0.3221367538987678,0.3162642247715866,0.2426323073963934,0.1315527520103837,0.398795888418574,0.246468493608086,0.2932557945391831,0.4044452409725723,0.2059744307045975
-0.0420669172702944,0.1935945478166313,0.3902344700195034,0.3208647801024509,0.2682784145780609,0.0905044296277283,0.3786899721577046,0.2649158423664666,0.3286984941424601,0.3371385084570404,0.2251236421041982
-0.0528419336602394,0.1766809175927734,0.3755967150687492,0.3266636877158703,0.2513602837084889,0.1122479556877232,0.3464403370603274,0.2743435633706519,0.2725846908090806,0.3151488871017721,0.1060125730455498
-0.0510611575621322,0.1236759956718371,0.3280319835194282,0.3530837329879618,0.2885404328618756,0.0673732200218126,0.3818158552689654,0.3201030824122979,0.3324566032345926,0.3341093244870443,0.1949381407006116
-0.078963033414388,0.1542869198992153,0.3635729835708725,0.3359280557450015,0.277856042353207,0.0873727266915597,0.4018668592044491,0.3367856817457665,0.3251392288764638,0.3635821311658114,0.2237353338872327
-0.0441542896164026,0.1816104773784141,0.3654328031167581,0.3645426970083403,0.2802742750409593,0.0973098522240415,0.4084221588516532,0.3517029642677025,0.3379614936734262,0.354011234495443,0.231107401203101
-0.0419948577930009,0.1834093233489432,0.3017359750627467,0.317078929490491,0.1880003681839933,0.0707702522991219,0.3467110675649888,0.2998503248552455,0.3425123874737399,0.3542394789060137,0.1794976639024351
-0.0697745568363359,0.1697481027892066,0.3164448377598955,0.367567187435474,0.2402314770073106,0.0926567847718195,0.3819475901596187,0.2837818145218031,0.3451511029759773,0.3620207867864435,0.2092864026938559
-0.0394518568965886,0.1241233921601835,0.3332549153270578,0.2767481347969689,0.2610335699527428,0.1076207521275027,0.384695557882491,0.2196882508790639,0.3706247853390638,0.3689429587734538,0.2145200386400706
-0.0677147793356181,0.0541961566467681,0.2237578317481421,0.1949784710602686,0.2293212010732436,0.0749166837423951,0.3347976916282698,0.2439472119489367,0.32113402614976,0.3596146639121403,0.2018979879625825
-0.0535240132313587,0.065600887382828,0.2491477906477082,0.23794803682678,0.2259035385769378,0.0815122763588739,0.3466378041369109,0.2405046511672793,0.3401249890134482,0.3391380548075424,0.1903111766763616
-0.0412379669784304,0.0764628201634012,0.2860815132254914,0.2587053588194695,0.2357815712218673,0.0704745222561517,0.379558953231056,0.2754976516940865,0.328229199563356,0.3097880344666251,0.2204200681479571
-0.0287057776845563,0.0827171552920768,0.3142890634073669,0.288673097741826,0.2024180907751661,0.1283732573830472,0.3811002418677156,0.2692797000392674,0.3684417092844191,0.3378282080419746,0.2350568942693789
-0.0537376795968114,0.0916433961263239,0.329015843373572,0.2951566445480699,0.2097683675247559,0.1317225736256065,0.3898933112931967,0.2435482594170829,0.3554315316598496,0.3775507654964656,0.2616686769905622
-0.040366829875018,0.0630385456704775,0.267324896241685,0.2434687367765875,0.2272478180888144,0.0739724558592512,0.417403239954052,0.2291614713828998,0.3406421482088084,0.3398665270160506,0.2146432585671379
-0.0300511092405527,0.0761823186150798,0.2857012817819818,0.2537083612081821,0.2356492503469018,0.1080393550702444,0.4111802164389129,0.2801353567997852,0.2078810894584709,0.2744377382522822,0.1730806047386545
-0.0287822374034768,0.0920419103069971,0.298107703666761,0.2995006657039786,0.2405818650170625,0.1376665524368786,0.4323031627355366,0.3397911831198952,0.2930610779604584,0.3432031916870788,0.2213959898722194
-0.026768769112979,0.0709772179402328,0.3373446520780704,0.3096261148192218,0.2353908765079323,0.1141664597217896,0.4300504140899741,0.3377047239310654,0.3422890779233399,0.3484064437553426,0.2326469196527981
-0.0838352014560423,0.0938591502137786,0.360362168621501,0.2803310999284127,0.2446993385924006,0.1347567221065634,0.3689507299136508,0.2543822095757045,0.3628077372524697,0.3684020004023696,0.1851000724759099
-0.0758662926631957,0.0879711599933039,0.3171067322564507,0.2964177773735287,0.2452174858311209,0.1169615397003418,0.4375890231539,0.2904172448432689,0.2951219510225986,0.3688469939319487,0.1957907269060064
-0.0599531559737896,0.0904529563860931,0.3315479147337072,0.2759083582242174,0.2625559833393789,0.1088746509187359,0.364923750736725,0.2309683935811961,0.3277640625472602,0.2764228774108743,0.2161730754190887
-0.0646702217390952,0.1144420865056387,0.3676004066215442,0.302716034538607,0.2658990219705611,0.1073772291250921,0.4164152876559241,0.3020403692460818,0.2777891833788987,0.3289737282953255,0.2444194759209814
-0.0456235158558587,0.1189789335149446,0.3162081256629379,0.2617087522493135,0.2531402349993022,0.1240310775397034,0.4264173840800379,0.3322509033805478,0.2879383872672353,0.3285032981067056,0.1297845679713221
-0.0372503958790917,0.1219342266034121,0.3810654141776928,0.2128924489529442,0.2400524803835237,0.1036848458099883,0.4177671339297773,0.2720956501615362,0.3232897910283353,0.280267672859031,0.1791415187386156
-0.0373288160233507,0.1277143231845554,0.4099660491198641,0.2691879170873734,0.23263413829544,0.1205402292518794,0.4358911077103181,0.3180278539083293,0.2811093719140743,0.2945807247403178,0.197640870719196
-0.0854697383875004,0.1018308339823858,0.2611576940115774,0.2221903838883612,0.2478182044153365,0.1234871692977845,0.4028931221892144,0.3301353562162012,0.2861107043125735,0.3143312919002113,0.1955395417212854
-0.0733199960864586,0.1164065608671122,0.3839379410541977,0.2713245404252735,0.2488005188497727,0.1337362080916165,0.4058472555826428,0.2882413971330767,0.3004072971443804,0.3397915124023929,0.20267355155369
-0.0639744521453056,0.1681105094743893,0.4466032423329253,0.3763391465952829,0.2747900475777062,0.1343702493783714,0.4413775359341203,0.3103605710766374,0.2936499841725581,0.3578710797038157,0.1801000204100218
-0.0260000227927658,0.186194644941521,0.456384548795075,0.3044200550763034,0.2646430272840049,0.129274446357663,0.4427133543127703,0.3540448156769942,0.2659733597503241,0.3638212774107484,0.1943272518500103
-0.0572007159702051,0.1479285056734643,0.4632290603154639,0.261780310757373,0.2715721796156499,0.1354767143878237,0.4478402376864038,0.3455627402848739,0.2884763791887439,0.3468678995395928,0.2160604951072181
-0.0378148390447193,0.1571431142174506,0.4978421860960583,0.2794143914074902,0.2757336148784421,0.1230855682823735,0.4026675241353855,0.3498338266538562,0.2984690611720584,0.3525268791707663,0.2614189243191084
-0.0332865338184561,0.2030638877093206,0.5113557162658797,0.3406986985279886,0.2269255305776646,0.1350574916562294,0.4097229750535305,0.3710352714513953,0.2235906662616731,0.346060546699739,0.2724391756678616
-0.0909737443076219,0.1258430286161323,0.4372228275557819,0.2975212948611048,0.1454158043253018,0.1511547411154298,0.369605951408352,0.2627103780773464,0.2895318141399063,0.3653424004364668,0.2075266118461712
-0.062315270909669,0.1927260015127322,0.4918212521970422,0.3737795782996842,0.2093186346714264,0.0875255350008111,0.4120704655779798,0.3093908598950045,0.3088718846770486,0.3790272750285595,0.2190897216217549
-0.0578628684096195,0.2107085816725027,0.4587740099850855,0.4041337256762241,0.2161567174139124,0.1100935254169014,0.4174019563110531,0.2694671016254352,0.3097824217604237,0.3270703394725225,0.2474048973134381
-0.0555606090253728,0.2248564784971768,0.469776169728849,0.4174864302992903,0.2415360565219303,0.1091970991001239,0.4186889555203973,0.3167494045927974,0.2677920449659738,0.3571317894449543,0.1830442224903663
-0.0401102540391028,0.1423362003546894,0.4408819358398254,0.4326173761327597,0.2261448474894533,0.1272398549691713,0.4337513773179949,0.3496467079332717,0.2811059131580049,0.3396545661931759,0.2175714512938332
-0.0257337692320014,0.1614478398964928,0.4413623134255848,0.4276531735539533,0.2037346202211474,0.1035310639383549,0.4613281543991516,0.3660853001478657,0.3028174730886042,0.3458371135556904,0.2384785892530224
-0.1002223150067942,0.1090025351732711,0.3190680209315761,0.2901130233118281,0.2357312947381071,0.1257141896950904,0.3813322142451153,0.2750818404639507,0.3310227379054938,0.3630638984371906,0.2224760065185726
-0.0736984385214102,0.1110501254363459,0.3473700825925189,0.2991009565288286,0.26191364373505,0.1357368187511505,0.420222923033924,0.3175094261058235,0.3079436696157143,0.4090511263874097,0.2420666254787385
-0.0925767777418093,0.1651047485728832,0.3664478649057396,0.3799123974946415,0.2588210811518212,0.1383326383595655,0.4542925279491713,0.3386095136611907,0.2580659730078901,0.3697153349448577,0.241129194112576
-0.0550514365417642,0.1765865392903404,0.3841120367423106,0.4128731206335009,0.2674485196078089,0.1332044344659423,0.4140841925190328,0.3498031103083576,0.2777171538104507,0.344701958925162,0.2420744699468721
-0.0191113260071487,0.1821838117939343,0.3856788976046065,0.3952647902546067,0.2722818904118449,0.1335399832228572,0.441443801231736,0.3406205828866289,0.2844451959409818,0.3187331699127512,0.1220820427273441
0.0197324802324334,0.2060791357358742,0.467186126741664,0.414844793379354,0.2201131144914977,0.1252701540371122,0.424466019210494,0.3005102749304384,0.3462554140093832,0.333949248126914,0.1960001864655756
