Mode_0,Mode_1,Mode_2,Mode_3,Mode_4,Mode_5,Mode_6,Mode_7,Mode_8,Mode_9,Mode_10
1.0,1.0,1.0,1.0,1.0,1.0,1.0,1.0,1.0,1.0,1.0
0.2296715238024305,0.3844674549302293,0.5513172809156773,0.4006331610170744,0.5246067176427206,0.2663878714238739,0.4752528662985422,0.3935928159002748,0.322343566906958,0.4381189771433138,0.4044583264198131
0.1755226363585858,0.4752938429579474,0.4925648403668658,0.3378731062093422,0.5002049592268258,0.3511363270001394,0.4889562070368222,0.4206905176337721,0.3785033985602786,0.4294088264377702,0.3684804075055153
0.1387465046191023,0.4137088930778022,0.5670463958080901,0.3852615983452693,0.4362434464046276,0.2962250341122471,0.5001503353236463,0.3689298434985806,0.3801898899297785,0.4196042141482928,0.3519283513134306
0.1293117952288415,0.4532705063133103,0.5895467147990237,0.3275896785662492,0.4762656554186121,0.3693307396624786,0.4608995092997136,0.3731983911618951,0.3779795082263598,0.3401068952879389,0.3009330150956771
0.1500542482510495,0.4444534923333327,0.5677298057640469,0.3443372433121768,0.4669415983362165,0.281880512797194,0.53146862681325,0.4052964506371262,0.2776961755930773,0.3253672282074199,0.3373347449764072
0.1548657094499115,0.4386243088196276,0.5198881788163519,0.3263505503459273,0.3940023716091279,0.3157723487118568,0.4751795560927567,0.4235739671338162,0.3472577223047234,0.4025815590114229,0.328249120896429
0.1528847981610603,0.4272623021176337,0.5172257618868409,0.3082767540222745,0.4327576388669478,0.3117437095648205,0.4571688682529997,0.3907702037228733,0.3960391415115462,0.4152472383990319,0.3285136743542706
0.1368085858141711,0.4394862439616345,0.5389528868561296,0.4009856157875282,0.4572410353533847,0.2895954448298396,0.4219806777652202,0.2781711021176276,0.3959550007666343,0.384313766097998,0.3534734041814271
0.1387806648944659,0.6176128832446084,0.6467815553278794,0.4347087135338981,0.4140408011199809,0.3336923911146037,0.4914597165908351,0.3680720240255113,0.3719663808787071,0.3169266468126967,0.3004163532689129
0.1297228463158602,0.4001756799610531,0.5226150286230389,0.3980929338649185,0.3651125689573291,0.3013944275007305,0.4111267849126537,0.3825785261885002,0.3308747797477569,0.3614969161987731,0.3081715548137523
0.1843103730024722,0.4135664461237499,0.554101764248849,0.3052590641734057,0.4219605187226743,0.358867000006039,0.4332528588509571,0.3160071767995954,0.3636130286491887,0.4189675783990311,0.3892773777669436
0.164132966494295,0.4301245803346308,0.5658381504251986,0.3060356715625725,0.3603027884733139,0.2625866184300631,0.4450579112276041,0.3448859847597038,0.3925717030742884,0.375436985922537,0.3332807229285448
0.1917694865416927,0.5174112059377503,0.6078916099257508,0.3530099887628002,0.4041177680797062,0.2631529904239914,0.4526450500855106,0.3327784132123415,0.3490805816973761,0.3513245315464668,0.3167460014473073
0.1428073357891575,0.5551046254565031,0.6036750977217938,0.3641399492042481,0.326551835115502,0.2986360052914961,0.4404702045812703,0.3616475893298565,0.3783813685590344,0.3617082251879349,0.3356579513325307
0.1606530497185825,0.5789576369904815,0.5751286848045336,0.3697917380507659,0.3491956168425459,0.3099379309643524,0.4407986531954553,0.3785555845179632,0.3778315468977938,0.3711046903174432,0.3371719016411034
0.1517842374976981,0.6076089070466554,0.6093491718936161,0.3767903733613769,0.3510259023417325,0.3181896665241951,0.4325195200406013,0.4068522372816765,0.3204553725629236,0.3867692850403927,0.3429632134213198
0.1248200870534111,0.3982426936235856,0.5651385986905336,0.3061677274965997,0.2989191839879926,0.3234155712239118,0.4458709917490902,0.36834538345381,0.3376364479892277,0.4051358928331904,0.3537328047861366
0.1798753203733357,0.5250121931318037,0.5757919810669391,0.3604202636764965,0.3615000324140002,0.3334313235532504,0.4212739999811321,0.3768102200505936,0.3315394040833908,0.292400841294147,0.3523454418438581
0.1975637639827628,0.5823419809075305,0.6034901113093094,0.387758533296521,0.3235887437905135,0.3206445860920638,0.4274775611463731,0.3925034153062047,0.3128759595302428,0.3619216763552881,0.3348071064261477
0.1235957755562815,0.5803631890227808,0.5971685212452432,0.4202583458005771,0.3391162665101623,0.2960939862976676,0.3867827110019199,0.3666724480858392,0.349092981008963,0.3363972193305961,0.3327403607934378
0.1483950279252597,0.5180627638868065,0.6032418692885797,0.3689292874103761,0.3130951138104594,0.3161696606353948,0.4053992402446297,0.3588804395762547,0.3522158428855768,0.3598117751349127,0.3531339407392685
0.1619903970408303,0.4168046732466635,0.5800724628217035,0.3358901422619535,0.3348461478128933,0.2912603632765109,0.405782857029237,0.3825230453722097,0.3612321770853608,0.3929676401034444,0.373781647198724
0.1700698255788517,0.5147979276574248,0.5835485764678103,0.3595415500417688,0.2829885087384417,0.3092388646771418,0.4651658642865787,0.3843357253643359,0.3061528666392475,0.4044888848851072,0.3339439211853867
0.1683662548292311,0.5752871978915616,0.595666464204595,0.3947182620943054,0.3524276437433401,0.3287144069802454,0.4363751761801579,0.3853463216477199,0.3343595631821638,0.3683479487189005,0.3243730012466606
0.1570290243998785,0.6029726990039075,0.6018491807292035,0.4034467927381461,0.3883847554899136,0.3319431022448128,0.398370592327758,0.3933533333472147,0.3562191312076301,0.3925725561904877,0.3294593649577241
0.1648407927521192,0.6114743256742767,0.6284016492634528,0.4222583442212342,0.4144811272158022,0.3364878543258351,0.4118715859518652,0.373276261718629,0.3760039755851567,0.3682070393453712,0.3412453273292764
0.1220384147233423,0.620235747304453,0.6150193345919934,0.4259271446690347,0.3731979331677746,0.3548727700418574,0.380357343784613,0.3912626214209862,0.3850443550017793,0.3974588360965149,0.3428082444132119
0.1608168052599041,0.6198156258898534,0.6221889304625654,0.3990919926254491,0.324083694346842,0.3518925458978262,0.3878135899088333,0.3973099063015994,0.3632971656600618,0.3631413059564907,0.3431880194877708
0.1589530666603622,0.6170863494246995,0.6416456047846879,0.4110843661992305,0.3821218885794984,0.3100412677871657,0.3890290754380455,0.3124362789409864,0.3273826009723162,0.3996388561952074,0.3183398963276382
0.1029460524270713,0.6115853281150915,0.5946035354265885,0.3593874827131212,0.4060454217818177,0.3118218234555006,0.4115803892329863,0.3137870573492508,0.3615789551013956,0.363315507660741,0.3272807947645166
0.1126441422994418,0.551580056989484,0.6155968394632911,0.3994154204102107,0.4396273614546158,0.3294037228984773,0.4167739199444698,0.3405408119118944,0.3807782389054942,0.3917448078600867,0.3480471668390645
0.146976856818194,0.5338343252944684,0.6146380520461312,0.4083681477899545,0.4457253264663912,0.2906873692660564,0.4090187824264434,0.3667212217363894,0.3596027874990623,0.4157677694599327,0.3578954050043199
0.1210258702225074,0.5725906890865198,0.5719495912156805,0.4202270658689416,0.4776638132163336,0.3277614661808034,0.385250689850279,0.3747343192387731,0.3899556247314201,0.410469092916119,0.3541177656003835
0.1433568207992085,0.5906070244472783,0.5836758970587941,0.3759805487982642,0.3859462000630458,0.3299901427881608,0.4112498489582931,0.4005597337069488,0.3959935033546595,0.3522027156765031,0.3411402413182265
0.144487693833533,0.5016187832853022,0.5940683231475998,0.4367935595557325,0.431228122034956,0.3145950077410253,0.4316950186056686,0.3987012241878654,0.3724543481524374,0.3855945860131461,0.3478996976731492
0.1250875713089188,0.5244377493232989,0.5908399213489453,0.433031086633731,0.4448418623670137,0.3164314346285217,0.4109766538944217,0.3877521011909669,0.3874722546202486,0.4041981661266589,0.3069612076731478
0.1514730642439656,0.5864557407211217,0.6322299944772884,0.4195833380112629,0.434717996626085,0.3509591204484701,0.4079616553204732,0.3405071329617695,0.4074236777994682,0.4137789220406507,0.3215749707563108
0.1769762114472632,0.5885105348860179,0.6315291463029096,0.4283260156633303,0.4490260831290693,0.3176745422455392,0.379026371121907,0.3861924125632312,0.3584458497411504,0.3645106295087286,0.2763635288988962
0.048216788449671,0.5212472905581883,0.4752097601157702,0.316536083687586,0.3108132287032643,0.3187550571081683,0.4050257870698281,0.3651851014132299,0.3577610754537496,0.3636820691263785,0.3062608740159852
0.0923230496184382,0.4702859315960149,0.5122674543255649,0.333233178350089,0.2535712372440829,0.3364905305393867,0.3763958450174937,0.3575517957064012,0.3208593997365593,0.3703791905237901,0.3225381133550381
0.1072613838504519,0.5141829308727149,0.5682558568464647,0.3737558852290632,0.3581330531209284,0.3524546330952142,0.41089063359797,0.361028003093191,0.3597687067928172,0.3345587647386372,0.3476130242654071
0.1433178202294412,0.5702360603815231,0.596491296155133,0.4220682099972827,0.4210055719629997,0.3236290769985527,0.4395312098260393,0.3862947565708162,0.374924363384538,0.3240002440923082,0.3175960304032728
0.1521156378881827,0.606471336471706,0.6150349754176638,0.4503330037005006,0.4336365512524532,0.3104130725444546,0.4434010977938309,0.392448209316614,0.3127023859823644,0.3461985660117869,0.3659209464683459
0.1961947012439946,0.6068331602118853,0.5930921988504104,0.4021433159192062,0.4513750390507314,0.3112941545753765,0.3666136649740322,0.357307551176014,0.3510099115751682,0.3282087433479642,0.3037216543887134
0.1619804858985386,0.5870228046416733,0.6248047427239485,0.4093389326742708,0.4593700454574673,0.3159367434627693,0.3676359876846579,0.371709490023826,0.2749575930968885,0.3404173441266114,0.3375121726885723
0.1772537978922111,0.5962534749579183,0.6131241259466093,0.4122805332551037,0.4320386308713296,0.3252306499508182,0.3924767903087084,0.3903362040264435,0.3130408818222577,0.370282249203654,0.3058277732968762
0.1506885165565873,0.6166073148023867,0.5968375497874541,0.3952741016253082,0.4594189720509322,0.3054613857500976,0.4215239409097409,0.3912067542285851,0.3407152112111982,0.3565984881568677,0.2915708520192147
0.1317021676228072,0.5425075914441092,0.5829049072523127,0.3999677436398876,0.4415627784653224,0.3111005517297037,0.4182779508418614,0.4012473495238161,0.3456975584553871,0.3623243166556266,0.3121441988531571
0.1401388836017645,0.5513699900816512,0.5999678456630275,0.4125055146733954,0.4398426200226779,0.3056209118690066,0.4295525856595913,0.3450895898581521,0.299548206556418,0.3555472302647043,0.3371820575225323
0.1148458368487131,0.5877814062592701,0.5910313782220766,0.4209239225808127,0.4241315202603288,0.3407126411957366,0.4298111717023526,0.3546440010806137,0.3061309263243024,0.3436814976333903,0.3459338477573921
0.1499362861288816,0.4630967074676759,0.5957420464216735,0.3763352193171602,0.3055636033323786,0.3401071783588781,0.4219630372126313,0.3779542686179425,0.3421819323155201,0.3522984854146438,0.3120962935871317
0.1760968919431875,0.5341015577012612,0.5962507986908696,0.3983353660556042,0.3843321604992428,0.3375740320629999,0.4496926298432359,0.379710715162367,0.3294623156787227,0.3496722545960597,0.3116660779579723
0.1350265669396302,0.5715351019588611,0.6048573305017243,0.3709956134647663,0.4304808182628921,0.3242873298606673,0.4608446063727072,0.3664678022003158,0.3359393336238195,0.3593151495413409,0.3399995771379475
0.1476017731108505,0.5641810183574929,0.6211079456945349,0.4048394152121461,0.4363817006086185,0.3485402515687462,0.4481389417328797,0.3775756757394968,0.3519135906701488,0.3517245761137109,0.341712052574777
0.1187770593815439,0.5835775935739108,0.6284119493655521,0.4107799652316929,0.4205016704594847,0.3519707071013142,0.4161540770839226,0.3934211374543457,0.3558587501411316,0.359247767447861,0.3226024540232262
0.1749675762910242,0.5853707564213677,0.6070550206203467,0.4036616847194292,0.4566666003582847,0.3442653341842914,0.408507587659532,0.3996134503104301,0.366050201879561,0.3582182757665263,0.3276429804232288
0.1502810000868596,0.6010351379446053,0.6060533144102661,0.4333874393245132,0.4501806719570763,0.3594039513916241,0.4416971472756719,0.4011142788729889,0.3418430822119266,0.3367250052492617,0.3440496539694747
0.1507455316240561,0.5883049418384004,0.6197863030333927,0.4390689591877875,0.4629298935993921,0.3503710120237301,0.4404331440242246,0.4156068756931133,0.343193167475716,0.3492454547577977,0.2748322332939457
0.0942458084775355,0.5306715735083498,0.6030743882625447,0.3961562111267701,0.4324764951420569,0.3093842122971418,0.3883040933526078,0.4205853355634926,0.3534947418133681,0.3394990517672754,0.3236695003647236
0.1414386900422421,0.5515060260328042,0.6235620179721044,0.4148712220767705,0.3811818689042939,0.2513101961947995,0.4227587162395254,0.4215752998752416,0.2792389560286263,0.3602294394154564,0.357788947638298
0.1471965847016839,0.5555996590826382,0.605181726701849,0.4305619815936968,0.4167574549099472,0.3211517207488868,0.4318018375989678,0.3913300925418677,0.3172072870167961,0.3517811904549077,0.2792796762533402
0.1472749666985997,0.5724881140044797,0.6265665986002995,0.4352214361789928,0.4595333643331426,0.3114839357240883,0.3385192720937607,0.3290186918700052,0.3283971476960867,0.3548079214596286,0.3075307786793835
0.147383163278353,0.4434728886008146,0.5238690544548515,0.4054634069100187,0.2720415347037174,0.3284555986026209,0.3908409621480054,0.3534028946788374,0.3433573154738735,0.3100158848479018,0.3232019740013586
0.174675401948229,0.52227001166617,0.5774799713384844,0.4165498872329216,0.3355980118733758,0.3386166267368692,0.4238120001076443,0.3686234004403792,0.3004854256139484,0.3307449428541372,0.3064598556331027
0.1203629296410552,0.5562054320302735,0.5943210740644926,0.427710497728849,0.4192778462754937,0.3114523644023155,0.4328137657544789,0.3984723979091558,0.3267586312175233,0.3490841661199146,0.3200785226843861
0.1509586941033285,0.5841807068720846,0.6055986917470395,0.4348894561020854,0.4332109981664245,0.3258908174763439,0.4209176184154087,0.3867793536300608,0.3435426011514356,0.3507374063504374,0.2925028232459179
0.1522681656757191,0.6027791579966293,0.6057438924190732,0.4122893017491364,0.4623270279116533,0.2859881701032011,0.429425919729639,0.3811119586327465,0.3045368081308215,0.3457409205535972,0.2935659658310932
0.1630513699576264,0.5703414815536113,0.6100763110965746,0.4099686678812785,0.4377074344573176,0.2984854452160246,0.3965000616959553,0.3943337451398928,0.3159907989436507,0.3201011831282069,0.29552431294149
0.0905523113765801,0.5824905140820897,0.5965039644964658,0.4121496712846249,0.4204012838529805,0.3205909353176482,0.4119240402700592,0.3606641026781434,0.3448356817551374,0.3301588248948442,0.3392939633454409
0.1112953948183628,0.5831849079505105,0.6328365801984202,0.3995953460771912,0.4183345598477205,0.2810244431393887,0.4103597273273047,0.3758528544942688,0.3087519478493672,0.3015803117878983,0.324724382207072
0.1364776465712401,0.5957465164842892,0.6170180308053268,0.4082461797607732,0.4600986057074301,0.2765754765196214,0.4118187428725257,0.3827446326678494,0.3294906247701833,0.3094550253323426,0.3548166120755769
0.142134470139363,0.6232075407738696,0.5803762003418054,0.421156693675848,0.4713410251441239,0.2826529696709157,0.3790516903792412,0.3697563799525206,0.3502948124106259,0.3508150318027256,0.3209932633757074
0.12530853205194,0.515217814594066,0.5817725862522314,0.3811684485243576,0.4528486600416361,0.3061826667926133,0.4045023140067467,0.3766608557941166,0.3103155014299848,0.3402871257953363,0.3162487596118413
0.1348572814048347,0.5507827500495552,0.5840623055745362,0.3816324333548372,0.4597418885689915,0.3178775310981427,0.3814277978148678,0.3556118423122899,0.3126150298512483,0.3572923153511378,0.3112716226021773
0.1360680814362824,0.5644817959711793,0.5426269202184882,0.42103264754072,0.4050941066213987,0.3268959879657706,0.4036783626496772,0.3713883456701847,0.3358190548204351,0.3282933618023324,0.2627234132479165
0.1649642758647084,0.583584702880952,0.5667561142167394,0.4136562931212527,0.4239079387993772,0.3520948134504655,0.3817861695792123,0.371079018145392,0.3642309945234319,0.3043587807013689,0.2850452354330622
0.1066694197346316,0.5712975682399314,0.5957798358170804,0.3770613545523999,0.427007435273506,0.3011892490045448,0.4208069190888018,0.3381668575569636,0.3310785791992995,0.3176354434677678,0.3200392440517051
0.1776570204111734,0.5883731482527222,0.6168902996957413,0.4165356833273407,0.44741233459427,0.3174025229127804,0.3806750543325627,0.3659472412054199,0.338649233083065,0.3280689259074204,0.3267577013068362
0.151884237383263,0.5770595472621077,0.6109578394170576,0.4104747034639698,0.447625057644672,0.2919812035876116,0.4080832540707773,0.3709832011956102,0.3517567075026681,0.3292529316114074,0.3322379956412073
0.1171859122113045,0.5849602572293384,0.5858143196358254,0.425833638396574,0.462568517573844,0.3236722662307879,0.413339035753785,0.3656159029995908,0.3521017333892694,0.343998643898562,0.3347451169855838
0.1857728205311551,0.611768314243559,0.6004842265956155,0.3871133663541848,0.4506881800992663,0.3383630413250866,0.3893292633437877,0.3763948381434309,0.3650105476611914,0.3588658160641709,0.3358444965373687
0.1932198527269613,0.6155926386154638,0.620862746852679,0.4123497101435072,0.4310321196102861,0.3516604899865494,0.3959588259981474,0.3614806275731375,0.3702844992339867,0.3576954142593437,0.3416212240408671
0.1363541094790561,0.5731984811742479,0.5709242323470308,0.4204313534133763,0.4483796927073226,0.3111764595430589,0.3916496989823333,0.3576147493276417,0.3189361451070551,0.3402874704493733,0.3112192030565298
0.1636840444853662,0.5857183988474921,0.5992584632505388,0.3778326032383919,0.4404061662938347,0.288858279341884,0.4105383251234468,0.3643533443157683,0.2905928222142974,0.3164830208826236,0.3495910956980895
0.1819621202884457,0.5473171939882533,0.6230655790425325,0.3786583542355143,0.4048983125633231,0.2887068471459592,0.4199986297354371,0.3575918058685574,0.3281836398073767,0.3320964325496084,0.3235919804512452
0.1195590336036675,0.5687583173868973,0.6139573825262148,0.3913012570061041,0.378924625577161,0.2678701816822698,0.4204500036511245,0.3735122289335506,0.3594657525031595,0.3353282065548502,0.2949802680461993
0.1402216425419655,0.57690652125539,0.5707811103209499,0.4119659630555958,0.3974903789346707,0.3225755870439893,0.4381171320305617,0.3792548931134535,0.3682717287641438,0.3086144186098541,0.3221272392435598
0.1429274491308625,0.5702586256088723,0.5924383269973718,0.3929071525195323,0.4213134540684369,0.307209732349789,0.4256231200760663,0.3853457466375912,0.3346913450477653,0.2660769694602433,0.335096111029791
0.1434131774579912,0.5819242519599956,0.5986149448843556,0.3562126372715149,0.4221569187461761,0.3292010275758041,0.4432691576644294,0.385358861285537,0.3594255297665908,0.2650276142347574,0.3107450598018771
0.1296618368279913,0.5435022309006584,0.6265110760461252,0.365731250887896,0.430061848635962,0.3388224175882877,0.39336279935811,0.3354606655802246,0.3670643532750316,0.3187690341791154,0.3380975333137468
0.1412007927489657,0.5555273655995209,0.6004779532155257,0.385262726251805,0.4418074999849842,0.3569725717576311,0.4084431377911344,0.3660151322745165,0.3746063814742485,0.3261914313457214,0.3528587311132648
0.153991941682399,0.5785791615048379,0.6069712662066239,0.3873795650705418,0.4148275393087162,0.3247365664334769,0.4111506638097378,0.3439356008669176,0.3855863640001389,0.3325745586831005,0.3233644278381307
0.1711882037603607,0.6070939196362914,0.5916793256971562,0.410257588348395,0.4314316235907723,0.3409860386812489,0.4180624687412872,0.3529369705669414,0.3768993076129557,0.3142200068193408,0.3265590828127754
0.1737168692936758,0.6078104888928624,0.6078718679400904,0.4139779262571741,0.4660702601244965,0.350831750428482,0.3934869306914615,0.3578328384900402,0.3788677074794842,0.349593926291065,0.3018012513062583
0.138194709898508,0.6072149921018373,0.6354990103493192,0.3933122487525925,0.4520589392568614,0.3547345234096446,0.410989171407345,0.3855562430071312,0.379631083171039,0.3116086397260644,0.310248022217764
0.1090780291989884,0.5539834361521424,0.6438966918741418,0.3970108426280625,0.4582089357313531,0.3560726889489433,0.4289704474202934,0.3684292095478422,0.3405846586501228,0.309506974752392,0.2924650063294947
0.1447172322622595,0.5877951944473312,0.6311257735372482,0.3914633273998635,0.4737629056715811,0.3563512641243603,0.4399655677463964,0.382915765227776,0.3153795713754097,0.3237505723479761,0.2869478111135676
0.1060317214364899,0.6039106605466258,0.6011698007379795,0.3910487215234882,0.4547193408837832,0.3614762739935045,0.4089280720981194,0.3212162578077541,0.3507672161904623,0.2929607374709487,0.3176802257665087
0.0821153643412879,0.5960271188576174,0.5990159459175673,0.3771577549714907,0.5034394062701294,0.381023116549646,0.4296721703299472,0.3548786945956816,0.3616945317693749,0.2743141515582045,0.3102960995268877
0.1264826931268864,0.6134795181478152,0.5795614669524076,0.3755696237926006,0.442036267970791,0.3619099816510336,0.4232290453664875,0.344515851396932,0.3744596181810112,0.3371190346219669,0.3205972042585876
0.1437314905781902,0.5924679257672416,0.5972025275202144,0.3982548799753226,0.4281094826207681,0.346728086923934,0.4236238058419523,0.3497322653491456,0.3560055770368506,0.354791187322379,0.3028055569852432
0.1336945844948499,0.50543956576442,0.6008279201811664,0.4053982998991062,0.4004833598414172,0.3143524729506392,0.3877382435388465,0.3519694753335677,0.3575442314171192,0.3579527344772107,0.3056367935236098
0.1167501685531155,0.569003930818971,0.6074896272570942,0.4144153244524129,0.4220907028915944,0.3435882729438519,0.4361790081974986,0.3418516478042654,0.3811557654360234,0.2964805067022084,0.3477863324068977
0.1312767433032047,0.5812059867932299,0.6201250919724604,0.3865864050488753,0.4307352808047053,0.3577362917179482,0.4221212833669133,0.321891276605505,0.3730821443458567,0.3128037907061618,0.3155898846207347
0.102836558473389,0.5964601573034023,0.6065050859627621,0.3631746752156443,0.4125914432979667,0.2850734609983442,0.4517671293055914,0.3533480863382705,0.3505279405053482,0.3134132909744026,0.319014318331654
0.1203402309278773,0.5962776557340252,0.593000980923278,0.4128492675487474,0.370446599049436,0.2928056669755525,0.4051731501106381,0.3722412942846174,0.3559298578801004,0.3350896932498033,0.3435347015512117
0.1442005621853734,0.6197267606865371,0.6140214974067635,0.3846655069080608,0.392152914422238,0.3107212407720566,0.4021694819086474,0.3413803398050094,0.3603489573338655,0.3131809567520792,0.3349789976003886
0.0914220448546282,0.5730761979265706,0.6073483945971127,0.4001900239938142,0.4299433665927991,0.3125924444619602,0.3793682691266183,0.389678416509353,0.3308147784538087,0.3395874411088736,0.3433398422288456
0.1027059242951751,0.5547930341257903,0.5943898410705121,0.407567271614067,0.4044072575249319,0.3221386956281048,0.3847519820032207,0.3844091538398156,0.3179556733336444,0.3521740221248327,0.3164809285441809
0.1116845280980496,0.5707635886445686,0.5817291003504008,0.4098949846302349,0.4280859040798872,0.2986749229891571,0.4122360820305506,0.3349612429018001,0.3249956541948359,0.3206521830476939,0.3088096048614238
0.0595818608475102,0.5611717020335627,0.6059171143172466,0.4040062290329597,0.4395047563293154,0.3354507342364151,0.4174205351256157,0.3478017762267411,0.3381982890400468,0.3605940033960114,0.3253370303515389
0.0741921295008171,0.575831824328639,0.627203353756971,0.4249213861785331,0.3791524656478029,0.3327362825450852,0.4238766409653871,0.3157670613455218,0.3458939945114827,0.3181347471809697,0.2901129150376395
0.1059380328407642,0.5843509176224817,0.5800170751147969,0.4251401944725921,0.408311192983479,0.3213345993025899,0.3920785981607217,0.348180599207488,0.305249540825004,0.3285165813357009,0.30195368528497
0.1499975069739584,0.5873405673609602,0.6306081322658343,0.3930922222301498,0.4251993056480485,0.3233693037109635,0.3972184529614948,0.343016065040607,0.3303540303599933,0.3453668666954202,0.2946161392211018
0.1384375314906428,0.6168873789164948,0.636736351966553,0.3981371094456746,0.4298025961365751,0.3063750067436296,0.4050004484699446,0.3162429007072403,0.3869629169710499,0.3485452525176389,0.3278950006983292
0.1565237472008802,0.5849186254143021,0.6202072759661068,0.3919296097930208,0.4218948808060447,0.3074403772307045,0.4088352652004474,0.2982985253074942,0.3232907036482039,0.2908391831874211,0.2599254752976937
0.1440285269491872,0.5939541265052419,0.5774289283934716,0.3527673276469515,0.423592146275465,0.3217992953152617,0.448046948630457,0.3252824972720124,0.347500522217352,0.3037903479045244,0.2759122635789475
0.1479955278384781,0.6004054245192701,0.6165666087950454,0.3877647290022185,0.4272363847144736,0.3279339801332832,0.4391528714605738,0.3450573054624135,0.3651248235467135,0.2843229220487413,0.2926103638489761
0.1402900693594174,0.5997538846513677,0.593120987351637,0.4099006423899268,0.3630653341214825,0.3480630433247982,0.451459444075564,0.3549925067194804,0.3495818740314951,0.3216904005212311,0.3063297118741023
0.1412845012775978,0.4840837531184028,0.6108730366108124,0.383863159303043,0.4161151156521699,0.3358783310656028,0.4467061457380196,0.3710440387301115,0.3314076472052634,0.3427008099759939,0.3008933462887092
0.1252654040760759,0.5247387258388286,0.5712606550363486,0.3552087925087783,0.3964920886009561,0.2674944728585458,0.3919452900887286,0.3749849292607422,0.366623601646507,0.293554930133913,0.2960086605474449
0.1521933667623054,0.537852472570574,0.5968436534366782,0.3451090596789185,0.3961271549758172,0.3208035491950366,0.3747079753823055,0.3765667925742831,0.3389772946495478,0.2937647947072019,0.3002636525280351
0.1582863654737433,0.5611838598186125,0.6081700316153811,0.3727046534882612,0.4246433917077068,0.3299316703676556,0.3919410302123415,0.3820853183844265,0.3420787615330744,0.3213509987654474,0.3226332217932165
0.1800373497071383,0.5762829155998244,0.6011727739306962,0.3871204854873968,0.4305684816888699,0.3452880780381435,0.3526193890317286,0.3310684340252837,0.3763690455581957,0.3319614130725695,0.3597431714350141
0.1319377495338178,0.5545420547604438,0.5837042026641998,0.405894369705346,0.4411141172036888,0.3026987331168813,0.398342704659997,0.3261577683116331,0.3156386860311139,0.3118339681686765,0.3560670403694352
0.1359321933510185,0.5848414781244553,0.5997282827097606,0.3735349975713255,0.4453322325672183,0.3115364352115336,0.4325933660541231,0.3603212058779329,0.3278506307195259,0.3381269278104775,0.3114734518533918
0.1464568432692897,0.6179530251901526,0.6061703731427774,0.3884235885774169,0.4304090583464348,0.3239044078207261,0.4504317549509911,0.3615033930236885,0.3285598691404292,0.3211342185414359,0.3135338032443516
0.1511396499119191,0.5884512424777575,0.5737273444814137,0.4077659122727937,0.3911396395238825,0.3341373921202306,0.3680097252519813,0.3617262444093799,0.3633996287848071,0.3173199096929027,0.3274203114968511
0.1131321979187603,0.5728903797399584,0.5924180757144688,0.4058493852723069,0.4195060828832305,0.2913366515338431,0.3382968255046839,0.3927219402235142,0.3637810076607113,0.3347582432376388,0.3265521154714781
0.1252744372602115,0.5915804708782808,0.6104736001904554,0.4127106023212662,0.4509867635602747,0.3125080303506835,0.3960631735283727,0.3517933890012246,0.3152153845612042,0.291931000046446,0.3433974953128448
0.1468599901643794,0.5617529956706399,0.5980985161068159,0.3870486316482512,0.4103466398680866,0.2796661637996873,0.4123065320048226,0.3718646505622653,0.3072937138804705,0.3128228040510079,0.3219178181049648
0.177974450068014,0.5483465602192185,0.6178888174119752,0.3917432555488527,0.4022589177818079,0.3000806263842162,0.344939543896708,0.3450591303877818,0.3232099003905622,0.3310622021637642,0.334902638749983
0.0912493451839931,0.5806618257602114,0.5796299133845941,0.3921884876329228,0.4300150743478722,0.311226355717388,0.3745007176523941,0.3536657643736031,0.3528450533252831,0.3510385069625236,0.3196400439006928
0.0989909111943356,0.6019272660196222,0.5680582844777096,0.3970421974744726,0.4313081842874158,0.2871820531808389,0.3810280501733342,0.3631546525048019,0.3539680785886094,0.3302283765734233,0.3163831388508327
0.0994806068473996,0.5281992082813431,0.589390026737509,0.4039925716498597,0.4400134443969208,0.2994914441337747,0.4008018051630976,0.3283605621229914,0.3200070729282093,0.3380674191274837,0.3350336386051755
0.1276359647132217,0.5314264091048516,0.5635353371942298,0.4182800281787668,0.4709857130728831,0.2998140887758309,0.4233998225758529,0.3239554250110568,0.333985591915151,0.329957314497957,0.3378814183901995
0.1076506786412524,0.5344501855906987,0.5652731826695216,0.3706200223697776,0.4507635522859862,0.3278295945409076,0.3574436873602527,0.3010652200784563,0.364936759650559,0.3082631638792855,0.3537448283639607
0.1294176176478276,0.5722971947131038,0.5840292016850902,0.3897466520942121,0.4327670759514887,0.323194967200099,0.3915541932402826,0.3264190231474304,0.3546907510575793,0.3192082373872339,0.2891438835612414
0.1268246646298497,0.5693737298600892,0.5969798882667703,0.4318201337438428,0.4395151031294323,0.3151813495867398,0.4111063133030176,0.3590866543749345,0.3833096449438979,0.3267953358900236,0.2834947719465513
0.1457671409627505,0.5837071843653636,0.6134344414206658,0.3961110251597143,0.3831421075649453,0.3273660779335212,0.3544969581878465,0.336226630653864,0.4074006642826238,0.3402431765920187,0.298086028912272
0.1479229047044514,0.5412211671269862,0.5879318351243924,0.4092620671163909,0.4068105270227705,0.3228784690465511,0.3786733612918631,0.3560561311303882,0.3845791712779394,0.3116326470667839,0.3329407411213272
0.1089311790184757,0.5963426149938316,0.5948931911096668,0.4212244411362993,0.4109744199191435,0.3396410420388608,0.3996613183494217,0.3646464552774817,0.3640496818875333,0.3502295814073776,0.3425938076779685
0.1260556598134733,0.5903159152480174,0.6055163747509928,0.4123326279342622,0.4278709519409602,0.2973651976107857,0.3578970198058563,0.3154422140972205,0.3363070798607337,0.3524380751199749,0.3374672535455846
0.0849649968682972,0.5945794689848996,0.5609124113036268,0.3980469147707174,0.4461746014798404,0.3133140200890204,0.3727353063806369,0.3454457116645464,0.3646244985694561,0.3774116403293068,0.3098691764016471
0.1130677668699144,0.5642389724443994,0.5664571659330431,0.4028501590844582,0.4405661135599437,0.3140165326674543,0.3943037566118486,0.3510813977673916,0.3758041577708741,0.266902740077502,0.3053239859996917
0.1455103838527588,0.6068048727596874,0.6104668007184747,0.3882228323123042,0.4571163580314978,0.2542837750335489,0.3936871792852466,0.3802860215928538,0.3784475373831483,0.2930470459863581,0.3373013040363374
0.1010368288092798,0.5849782241047415,0.5886591091863397,0.3968298220561115,0.461057966843126,0.3107909643625649,0.4095724143338848,0.3634933831085627,0.3599143392004748,0.3040680925758794,0.3482877816515043
0.1457057064694178,0.6174043855378708,0.6042341538681872,0.4119442555474446,0.4770265490696058,0.3179230719752745,0.3614512458389055,0.3346934551316677,0.3613943044972478,0.3370830501450579,0.3606878006984035
0.159403369692983,0.6452960551098453,0.6237502620841261,0.3649029634565038,0.4481002363482303,0.3076355505441963,0.3859544907082728,0.3320405598385685,0.3741554699337736,0.341250991776347,0.3619155505099406
0.1646048310164828,0.6057096569711488,0.6013065753250217,0.4028503673799065,0.4389814727626603,0.3132374090794144,0.3880954624155453,0.3450725058446703,0.3790963774610103,0.3372855139033079,0.3301222171781552
0.1767634306780753,0.6135252051153243,0.6012083976529793,0.3930312433247395,0.4086478744099571,0.3203442383157907,0.4020020258380941,0.3534749491463638,0.3191464600022815,0.3485518345909222,0.3413268626766201
0.1077167395411381,0.5302606829762782,0.6042523514657347,0.4378547027427861,0.4129225924129492,0.3180762007288146,0.3913172157298383,0.3324382086030762,0.350958049539653,0.3652860484591362,0.327084454037144
0.1258305741233633,0.5719897339558109,0.5818343534685885,0.4424862584360395,0.4508188939983959,0.3318735764620266,0.4149947260684308,0.3455478768880268,0.3726540764075931,0.2949799411491259,0.3351032650390996
0.1085355504848968,0.5749989365286124,0.5747718602857697,0.45080374011626,0.4699785624686013,0.3060774638466319,0.3786094956809899,0.3823759362886355,0.3846382321644001,0.3339797280367622,0.3214168987628693
0.1106578672449976,0.6027888251743051,0.5740026079143554,0.4033519961883802,0.4892125729659786,0.3121171673984473,0.4132353211549666,0.3897011733252425,0.3548579547810597,0.338993901984588,0.3655222233795734
0.1488492077993783,0.6094937698527364,0.5984621952869709,0.4128409379280311,0.4410576576187915,0.3158494489389362,0.4202005779705643,0.407584936757549,0.36615033637856,0.3461622038923453,0.3124950275039996
0.1504539726502434,0.5701633987495661,0.6104373609556508,0.4202521144418601,0.440522703808354,0.3267844331707508,0.4341192901966196,0.4004137750311684,0.3693296676880462,0.3087350833749294,0.321965292686082
0.1151233240602477,0.5689123942535931,0.6027420622766559,0.4352183320488475,0.4189937748034111,0.3280214921714689,0.3779460740414764,0.3330570259135512,0.3927888643611698,0.2972662005557787,0.327001610373287
0.136480414417556,0.5162815681410962,0.5941794385710403,0.3775799684318069,0.3866495061879223,0.3582049643389399,0.3816200073338178,0.3588235168704467,0.3584313305375087,0.3188771222647101,0.3412223824078176
0.1424024519803101,0.5517752986166984,0.6116409901016575,0.405460432595765,0.4255938823688024,0.3320843145262935,0.4040898198694961,0.3446838105148137,0.3741786735810712,0.3447537682045702,0.3672032587621172
0.0800245376716265,0.5113258600044549,0.5666061812574709,0.4109858528739445,0.4120372286119178,0.3401045430979267,0.3862819941637501,0.3501225732059377,0.3713266635272885,0.370611421535047,0.3696364592596097
0.100094704103995,0.5277574625100436,0.5895247539520286,0.3840260274106958,0.4351678773018738,0.3452711003068756,0.4190535403371515,0.37515819813732,0.3540073907998523,0.3227281296614046,0.3298450640337997
0.1282211795111933,0.5431973737148712,0.6186947422252149,0.3892795052461339,0.4216401654822563,0.3502516208160808,0.4265039712240307,0.3795744283408105,0.3099880801730863,0.3263142489563876,0.3076089634883429
0.1425189275535366,0.5672109937415288,0.5817067480406855,0.4123539181393036,0.3939295113800579,0.3390023696238706,0.4214929529303541,0.3472774761225528,0.3163087365573042,0.3645310963921087,0.3279421689377643
0.1612271860257892,0.5189570963042137,0.5824408240579818,0.4088628968195266,0.4047896754448877,0.3422785946551999,0.3930571093634459,0.3547975690240607,0.3194929292896875,0.3277005513783483,0.3345959096366862
0.1172878585141323,0.535477828882237,0.577936268176816,0.3886820847298928,0.4197364098841173,0.3675551262606884,0.3969212385625188,0.336843684699566,0.3264330599878144,0.3502925184400616,0.3272259700786292
0.1197734208696346,0.3616833704091692,0.5783429559098425,0.3928792188761095,0.437252542035555,0.3491396453180193,0.4495005416116019,0.3450175481661324,0.317765639924959,0.3145074021948011,0.3619750174063207
0.1322571705215279,0.4646079264020892,0.588853180858963,0.3748427798135569,0.3440161575612791,0.3526731008721707,0.4103698874426388,0.3707132652100575,0.3438284637206173,0.3419195836334319,0.3568657291289404
0.0984993045335128,0.560461560261863,0.589778606015643,0.3988251191612499,0.3796021257661311,0.3476614839097249,0.4217374471155418,0.3411158076001149,0.3514426742389629,0.3485860470942343,0.363156175212061
0.114683361579958,0.5957252815370673,0.600118545080198,0.3795500474504306,0.4166012016826552,0.3501740122737727,0.4087709301321575,0.3544139505868414,0.3593099080388253,0.3428123169391445,0.3721276241694115
0.1092961517283727,0.6039774291694321,0.619991405412899,0.3548830705583929,0.4174508103963448,0.3375325442953176,0.3640056818379039,0.365930858632179,0.3362265606816657,0.3193390929869788,0.2785963907225275
0.1546593221112,0.4573600326018071,0.632462534486423,0.3798153944708906,0.4293982019300452,0.2946880222032402,0.3704769255913401,0.2912377972856723,0.3634110742271764,0.338145481913085,0.3182866099723604
0.184861839484038,0.5421241424283817,0.6360050558844157,0.3983194084130652,0.4282476290879073,0.3234161730593939,0.3991967820241027,0.3237500501149081,0.3659425327066404,0.3465904077436461,0.3280555328272083
0.1728478380009551,0.5442797914925093,0.5680535825431453,0.4031424283631221,0.4301341683648826,0.3264752978915097,0.4383900346911915,0.3444307911721254,0.3485586840101481,0.3527584193406207,0.3488828092210693
0.1053110806593393,0.5777999460977132,0.5810694633500504,0.4068624860903035,0.4136834207498758,0.3473895088262967,0.4132766488051109,0.3172596793044495,0.3493055958048637,0.2665305931843968,0.3345644523954991
0.125254584196657,0.5796243127759639,0.5755652695195838,0.3900049819127082,0.3793346766190436,0.3669660943476134,0.434697594811943,0.2875715482295706,0.3318190114429341,0.3272309635260011,0.3356259465308654
0.1344183514784919,0.5849636805803845,0.5879995267652357,0.4075815368226393,0.4078675504547201,0.348108649539564,0.4519369065461727,0.3093303346231858,0.3212946228968763,0.3250697450247524,0.3328358372824304
0.1128680579029433,0.5891595404137282,0.595783312510165,0.4098265882331535,0.3715889024901936,0.2991983947769628,0.3901456657332238,0.3226293459823368,0.3412742692183796,0.3532135464853307,0.3406338134625866
0.1231574364141169,0.5389439548316359,0.5764144951095507,0.4106308685787408,0.426684154944992,0.2871614313253981,0.3941690347861794,0.354777418472629,0.3195205798349286,0.3238949762468704,0.3434064986879334
0.1227957205259072,0.5634861535972195,0.5890126223335383,0.4098983814895136,0.4238362353320147,0.2641748583468313,0.4143049165542521,0.3246699154341337,0.3424184819456007,0.3614435401280046,0.346352726432013
0.1264191426447593,0.5848316119058143,0.6011879429691386,0.399246223473628,0.4026180670305973,0.2987326071062689,0.4167299778292195,0.3071756681774009,0.3079412524689351,0.3586320918495544,0.3424545852773773
0.146789463951399,0.6115601434073701,0.5985003913327179,0.4198390574627847,0.4184956106321078,0.3257104912849826,0.3317749878728325,0.3446157715291484,0.3563668457409338,0.3140322807688658,0.3554788182024108
0.1421423530951638,0.5679428353411473,0.5838806290643327,0.4104063744416594,0.4226772099957638,0.3407870639110324,0.3719988472679463,0.3494793650906015,0.3917418369528157,0.2749261785676156,0.3452069675494524
0.136662125176745,0.5496092904358014,0.5781054966229766,0.4003019125618973,0.4431790325775939,0.3492144356214228,0.357875057237178,0.3292027186723323,0.3203226356107143,0.3112510982954037,0.3559257186497622
0.1292741220712759,0.5706096672748933,0.6123522105773973,0.422143286590988,0.4465080798729821,0.3205743190254646,0.4244886546623191,0.3427766206526996,0.3494122746346492,0.33310524185458,0.2954500363351879
0.0866581564421891,0.5745961194619313,0.5825851362326252,0.4321362507341892,0.4364895916307454,0.3067931183421929,0.4014017083434111,0.3564199114200897,0.3122430354880308,0.3501576258527891,0.311466773367209
0.1172560015128393,0.5777017627755674,0.6178432278363761,0.3851890147986341,0.4377413477258803,0.2877943146864221,0.4015031222088076,0.3600501154427412,0.3758150654853612,0.3630661965441897,0.3288578776670577
0.1308376113478363,0.5890561263610815,0.6421455464010104,0.3968968876279313,0.455821440967452,0.2938966969179258,0.4154849283039339,0.3492756201874161,0.3851784750385599,0.3384744296154732,0.3416563097281777
0.1274285360179577,0.585121676377896,0.5775782020199426,0.3975431102642988,0.4367203206737988,0.3014803409805127,0.4071692247749233,0.3240875687754449,0.3692635405661815,0.3288929365819938,0.3697746898741535
0.1720862183697717,0.573006456375354,0.6016133006587052,0.405234879827181,0.4507251494664056,0.3027061597709391,0.4339743190918089,0.3587223477895751,0.3516610186169622,0.3344747868450073,0.2850552089826454
0.1615096709211606,0.5854430005496445,0.5671533564218121,0.3679508480475961,0.413370558762733,0.2935263867404605,0.4356325770171438,0.3708824438485318,0.3754730017696017,0.3139538415377952,0.3027945851107429
0.1188593329249384,0.5642341170759951,0.5872965696592626,0.3624670147076279,0.4228761595927267,0.3320194540947157,0.398341644572233,0.3257389920559279,0.3005121050620167,0.3165609971872349,0.2678137425458062
0.0671496786392732,0.600680545074913,0.5807495060173,0.3708495557612974,0.4352894707483132,0.3548669612308257,0.3531758488427141,0.3625340410666989,0.3149072985368805,0.3287879340676054,0.3158506287442727
0.0765988904620724,0.580326667139103,0.5700069649258973,0.4004923677090455,0.4409009260206009,0.3792536020252422,0.356780027961307,0.3676378565091491,0.3429118454963864,0.3481491316734381,0.2976851577251498
0.09567351306327,0.5311407918978727,0.6069476641910659,0.3787587136982228,0.3758376129313908,0.3210358609251267,0.4161582714384827,0.363012022175143,0.311651050338174,0.340669292837616,0.3132250337605005
0.1157129232008565,0.5808746272471728,0.6026183333855771,0.3956640258326973,0.4018828412853352,0.3322367447091642,0.4428281914049988,0.3640443781838277,0.3370968340476242,0.2976112247906846,0.3112678143068839
0.1555265978342759,0.591333311256474,0.6100918033854583,0.4250271889930078,0.4156910785254654,0.338869163616041,0.3785974133419321,0.3580764969483649,0.3513554608871873,0.296162052339336,0.3042904397452742
0.0922418564785391,0.5697242651507172,0.5748784046979082,0.3566230473014868,0.412774353452607,0.3016009166652348,0.3912372583267982,0.3541891790001723,0.3162332022324512,0.323769884900846,0.35876482881542
0.1620872312909771,0.597889212882354,0.5673742844040128,0.3845204100143721,0.3871100253859582,0.322867258703971,0.4027494065667638,0.3527724598058656,0.319580854157844,0.3250090803176541,0.3243719363337124
0.1754369164157014,0.6027029411293379,0.5746862240145669,0.3909044390778325,0.3928792549480872,0.3175815461041432,0.4397053557236126,0.3712872156058049,0.3379291301194599,0.3470073611817635,0.3301794087844258
0.1421681883277551,0.5284723974284744,0.5937864341357684,0.400644348963467,0.4139889496879685,0.3254074240381399,0.4406424825750049,0.3320378071093057,0.3281658017710592,0.3568112489589564,0.3489968858586358
0.1515649856425837,0.5477251594970801,0.6064610942470193,0.4019872411229472,0.4414809109167734,0.3266898663575334,0.4372837440565661,0.2929430650937286,0.3102525420382683,0.3156964748447375,0.3433696466307327
0.115185261964102,0.5812301957082817,0.6004311910218458,0.3924345893338833,0.426804218478692,0.3444685975886623,0.4021669183782873,0.3473681635381284,0.3293500748089959,0.3365382412812248,0.3233399903752774
0.1495330604597485,0.6064822081304806,0.6178253473743924,0.3726147210971532,0.3874251434086301,0.3599447929172424,0.4442271299387129,0.3487977639245578,0.3403088102918321,0.3450179100809636,0.3323664177170833
0.1482984075003486,0.6221558183623552,0.5736262672139076,0.3602172799106227,0.4138487500401546,0.3331443677894949,0.4756329861678776,0.342052529465479,0.3552183814563254,0.338362414612264,0.3576632632903718
0.11540432756811,0.5597789302549413,0.6006998973655111,0.3827110580821954,0.4180411745373038,0.3205245320585622,0.4056411113772784,0.3488854006156061,0.3396504535843295,0.3243593872343401,0.3674548636919031
0.1237747570285863,0.5123377485355727,0.6048877424661817,0.3891654722795711,0.4322772437660378,0.3522023852052656,0.4165423770418576,0.3082569608419014,0.3427458000816318,0.295747690192755,0.319601409547791
0.0763957512716847,0.5537059092243116,0.5965020011962777,0.4027998288839673,0.4328663328819377,0.3201272759749999,0.3329392378680434,0.3387548268020146,0.3449781991773331,0.3135067838188172,0.3252465603116015
0.0985937899691098,0.5678343642756406,0.602191438731998,0.3873860900946766,0.4142724818738094,0.2844297359664369,0.3653119086890971,0.3461710997525963,0.377746027337581,0.3322975333587014,0.3425613856909683
0.1470317325910694,0.5923976087703077,0.6072919781048465,0.3836203244833331,0.4204989746769579,0.2842254969559746,0.4103554574390897,0.3593524988163827,0.4025378272653146,0.3477946516229172,0.3268379341767638
0.155092767520392,0.607630093569419,0.595918089533864,0.3627280338190584,0.3842859499452313,0.3163574875116546,0.4116319743946635,0.3670727540827478,0.3038717375155297,0.3791767792489326,0.3396901202671404
0.1439445960655782,0.5717044696200034,0.5875484261853724,0.3790511163927224,0.4167475310607567,0.3238644718396133,0.4060659327777965,0.3184781260632403,0.3392842531408004,0.3746920274122328,0.364997055103659
0.1264500409595704,0.5806909961856827,0.6122989046077918,0.3573507519170981,0.4286184911483371,0.3318299157255326,0.4302680273496366,0.3583155664363359,0.3418059619118039,0.3671355772661029,0.384325575664328
0.163451941983622,0.5630399990553661,0.6221471998207722,0.3773407086581226,0.4407296902512636,0.3402988602558268,0.4467444328792488,0.3643279615188488,0.3576389441907497,0.3635605339213518,0.3355964812583378
0.0854480714998923,0.5538868189657653,0.6182494620732086,0.3869083840231959,0.4583130692746154,0.3459132666573199,0.420955192373825,0.2971184953548874,0.3774046101227752,0.3472348594652262,0.3237434166509204
0.1412748854357186,0.5734050531637526,0.6257501602293798,0.3951452193827982,0.4396979931125738,0.3159043372727628,0.4506222822433443,0.3038870634883577,0.3539845966666758,0.2676361606845804,0.3077577726238945
0.1475617966717694,0.6107032657138658,0.5766213226836757,0.4037357317117134,0.3787852599689818,0.3055520875124652,0.4635446790253523,0.3321947364668122,0.384908468894613,0.3288629764882007,0.3339972572764469
0.1527887026658037,0.5613233721815782,0.6050718996562576,0.3857029183423693,0.3729656913686692,0.3232955733107912,0.4198258300650493,0.3333231387978969,0.3761366852040531,0.3371867613295533,0.3311317128710109
0.1241144508922978,0.5749856236071633,0.5803987707181859,0.389699495014018,0.3889191517753653,0.3150734863778755,0.4540009081772668,0.3506022019214803,0.340424164162921,0.3395637406177862,0.3261622042773186
0.1269474536330836,0.5653214073714337,0.5909657845711287,0.3703712763137,0.3960691098823787,0.335306417277714,0.4166149188683058,0.3240011259277179,0.3521297828718508,0.3558791980636839,0.3334206187382919
0.1474015442960062,0.4583132065862999,0.5968975691022705,0.3743024186642504,0.4356775655635944,0.3512599084499541,0.4441886700251692,0.3565899263981755,0.3528467230707386,0.3560395144634289,0.3280891413586835
0.1529522824051878,0.50573184351449,0.6213637826936154,0.3787104057621631,0.4208832896695415,0.2910245351504771,0.4501764970358288,0.3517984819854535,0.3741180238672281,0.3427494253490334,0.3285213673867599
0.1505077306157346,0.5067879137376292,0.6076226196360507,0.3390138327907359,0.4221822144936729,0.3125563623030028,0.4564415779007517,0.3733465691433849,0.3671228730222952,0.3323961852532027,0.3293966887175015
0.1119025918713503,0.529035325397111,0.5855538827153721,0.3803646054310774,0.4108164998579311,0.3113265518529955,0.4181189622656909,0.2958155293472538,0.4043291864471783,0.3497510823196387,0.3415582515830752
0.1229346223507542,0.5482929325834407,0.5870608250848834,0.3985913222701618,0.4113400247043657,0.3388050055810051,0.4121464460190366,0.2580671877675972,0.3671393026069306,0.3344691008267013,0.355176550548101
0.0943576275642587,0.5611649469081608,0.5921439338888945,0.3856421583021205,0.4261410071644371,0.3474991688111938,0.4236650991280607,0.3326661799993,0.3510729093434105,0.3067320375064971,0.3291090383151409
0.1174723046281981,0.5861305573522686,0.5962424828864334,0.4031362060403765,0.4368745118437925,0.3562455997295517,0.398006397963969,0.3407859109369087,0.3692684921253951,0.3221688539394547,0.3522920490646375
0.1234535726047069,0.6272081542182144,0.6093662966595434,0.4003621568230258,0.4221490428327649,0.3110647544398583,0.4479172003082732,0.3521909093339705,0.3648360627254888,0.3584390109033452,0.3071302861030606
0.1372395452040632,0.5459987156365111,0.6149578244197185,0.4217415051210861,0.397504665712506,0.3559893107668839,0.4475917760106448,0.3522237696140765,0.398068852138728,0.3823652244748544,0.3578436648379627
0.0773995267580404,0.5709661202942939,0.5707271972933919,0.4234103722169486,0.4309434413646176,0.3534392828033,0.4671281246310093,0.3160381481171483,0.4070649223345323,0.3474822557603201,0.3137755036517555
0.1102157874303532,0.4752780530086382,0.558622570105877,0.4255313928559657,0.4200222721651793,0.3309142722075116,0.4788904765346674,0.3445961592228616,0.3402828034828273,0.3334584200758453,0.3515343709063626
0.1143672340521314,0.5421323186704413,0.571787882409093,0.3523083094611287,0.4487465187793111,0.2907962845789353,0.4399147440155693,0.364847950954782,0.3598548135836245,0.3438463016831756,0.3588083433854705
0.1326787219775947,0.5654094036098818,0.5965006172705505,0.3654241484455753,0.3339246846514466,0.3356909088202053,0.4626307924783468,0.3234141056780915,0.3222705471024735,0.3126996966177087,0.284073095090981
0.135109641571501,0.5259491244400597,0.6012418533757604,0.3832749524220147,0.4080486298668525,0.3052831005892831,0.4733372470780461,0.3480957215902762,0.3349839923110598,0.3148861174152558,0.3353169083110323
0.1328019489240931,0.5404996017317414,0.6137887065406291,0.3873659941061667,0.4125483789407642,0.2983521861084281,0.450807343338084,0.3084276943800028,0.3632719601719922,0.3036055326559779,0.323673949475282
0.1407621486654325,0.5227048201865532,0.6181694545354721,0.3885583394196726,0.4061364381334852,0.3230911624442782,0.452477899599148,0.3604734059085028,0.367629194854909,0.2745474192750298,0.3391053530163963
0.1394982918900152,0.5293860526274992,0.6204693689691538,0.3743841143263195,0.4256970684820938,0.2878585454979226,0.4534833062775601,0.3207007391858246,0.3720817823182047,0.2972317994853615,0.329518012350996
0.1250919724676621,0.5470118948891081,0.630401765821371,0.3534512500189358,0.4415227853000096,0.2993111542956017,0.4580186904929441,0.3438975083638302,0.3944182793815979,0.2943743847948672,0.3574318478907607
0.0817480308079052,0.5611201461406246,0.5287260790333348,0.3614234377948032,0.4103323629275064,0.2785008375174641,0.4662698963610606,0.2934039217101949,0.3998988204499645,0.3394722203018943,0.3696106008955809
0.0822397693066689,0.5751091819097558,0.5608167736829914,0.3913598894048308,0.4211823367653179,0.2986662850969012,0.4313666869566978,0.319548969348491,0.3741042734088338,0.3481401451897213,0.2830714622838732
0.1292598720847487,0.5672774250514376,0.5854637066298894,0.364854363066649,0.4129286498350725,0.3218587281274216,0.4532407210017519,0.3286708778465007,0.3885847525435637,0.3747877498297203,0.3148399876104139
0.0834447195996338,0.6027765702821836,0.5913000852899506,0.3970284843965637,0.4104607712652295,0.311370918534304,0.4699430921974754,0.3391628269699549,0.3954237219036725,0.4125900270528476,0.3176744158673508
0.0751411430375422,0.4565085182254011,0.5910134852700314,0.3939754980310233,0.4205413611561429,0.3137118870478947,0.4594277283367272,0.2985547856263983,0.3370453196560595,0.3186508537852999,0.3222436201186953
0.1160610087146021,0.4705025995690792,0.5745875019550886,0.3535972127741927,0.4056794987912621,0.3216338042849975,0.4418975557044093,0.3058164020886234,0.3581903884156497,0.3424964548394492,0.3310432638231217
0.1323636814567896,0.5581368943053833,0.5741855011256879,0.3762145411761846,0.412601286246689,0.3295744681167213,0.396738063281592,0.3488921499380132,0.3590545382193665,0.3353975244116398,0.3396693750781372
0.082459748806382,0.5725367581986713,0.5756456344839533,0.3906967109849067,0.4271011815017234,0.3370589407654759,0.4193049772276226,0.3609469172591588,0.3577825023912068,0.3050843357138306,0.3269206446681374
0.0956357245912254,0.5898716332933889,0.6022817650343644,0.401300587859402,0.4162319656437526,0.3373664241108677,0.4145674670712136,0.3816523770420948,0.3601717312115057,0.3442012048030188,0.3444436607840202
0.1029810011012495,0.5680781558969633,0.6157693563443707,0.377317865132476,0.3583740551155951,0.3504064245088402,0.4489462107034917,0.3112599890049031,0.3219387864251358,0.3371932869807362,0.3162916096693146
0.0925482141564221,0.5632185966054261,0.6115129610622971,0.3431007617864932,0.3748796719599514,0.3312039443926874,0.470997921609897,0.3216409178943752,0.3704783664385739,0.3698349460604678,0.344345166695494
0.0874793313613367,0.5743553327758708,0.5657629717286804,0.3503610207219056,0.3996201442910638,0.3262574685108409,0.4729402204981956,0.3319359915780811,0.3923507296990535,0.3481624116195358,0.3602987146311595
0.1077633928709191,0.6087756153615125,0.5777510552740834,0.3971157781749477,0.4388569005558705,0.3291209348997643,0.4706677406100286,0.3872001582280469,0.3981969009579111,0.3486074266542298,0.3658128824815614
0.1159505521439809,0.5274024629857559,0.5657204474789049,0.3836051145035374,0.4459332141735233,0.3461410106356907,0.4740823570833586,0.3421059082131331,0.2984918472407078,0.3227351891264578,0.3078914870167184
0.0624418985041693,0.5791614835053942,0.5945592474294423,0.3775935248832912,0.4013959851894099,0.3477284069426581,0.4908877943306358,0.3662191530488919,0.335773607375851,0.2836291549458872,0.3019241731494703
0.0643464919534836,0.5754596835646033,0.6111645818703951,0.3878774221555888,0.4017117047697076,0.3587409044160712,0.4590826805686068,0.3502893998073659,0.3788166859995612,0.2918316080921808,0.3235039661025597
0.1048553736360407,0.5945338110021903,0.5851867037531077,0.3759304661607273,0.4078044863200639,0.3651661968518517,0.4470076604939978,0.3058442656023838,0.3625853070951429,0.3358811761340998,0.2833237720455185
0.1350532612678574,0.5205641008493339,0.5862121790603252,0.3771792864822297,0.3860061679618514,0.3267784889785557,0.4495957173489285,0.3335266675708379,0.3624036527128863,0.3141655812891062,0.3069688175640686
0.1436708973724968,0.5619402164180078,0.5956338155287622,0.3966229898899125,0.4250770949642037,0.3112928609992963,0.4516797358054577,0.343838032995033,0.3873985361939991,0.3256924769202329,0.3129623674521812
0.1354291207231747,0.5446374059958259,0.613325976019039,0.35461233306104,0.3963765199911345,0.3219077207987706,0.4058625750226778,0.358408454303354,0.3291376520458999,0.3090235731896416,0.3098877518073102
0.0968773882301256,0.5567682875788362,0.5867489248861805,0.3401959465925706,0.4246336325116224,0.347153805106147,0.4595119495399763,0.3005037435971976,0.3511097187946534,0.3148570585021849,0.3093888458123561
0.0978010857975481,0.5825252573792111,0.5894397763162532,0.37751998469832,0.4307198111015743,0.3685152140940828,0.4337338765593865,0.3242236595987566,0.3971549875617275,0.3483978242691934,0.3169321661749226
0.1120813147979717,0.5724880734811864,0.6097310384984903,0.3815803427812305,0.4423827239026033,0.3271273919657361,0.4506461914983745,0.3422047318129727,0.3881240304448675,0.3537040885094066,0.3340725562069724
0.1193766122410518,0.5874213638704381,0.5805146341511627,0.3692281912567603,0.419742654196878,0.3412368970086866,0.4710418075264293,0.347298066962214,0.3741414619928408,0.3713135126883206,0.3434056515473637
0.1449129284806042,0.5421639907011833,0.5882413954047099,0.3956057233132127,0.4253514051270129,0.3672679558359082,0.459668871029955,0.3536057469099093,0.3624430949806225,0.353851321971303,0.3535016023309146
0.0600444868131811,0.555584742125307,0.5949305273006997,0.3930391061935072,0.4456153469814343,0.3470996557811766,0.46280832324913,0.3698983908801581,0.3188787193825877,0.3540153054012062,0.3249563606590636
0.0959923660004534,0.5671123505161921,0.5954309403919953,0.3569813629613592,0.4404816857556875,0.3544451187578774,0.4455374973985951,0.3689052772600567,0.3376657909641093,0.3306405090669556,0.3474714973766033
0.1020847098247585,0.574852621160979,0.5859565802593842,0.3399292514292727,0.4620886212675509,0.3518949145920165,0.4464205503191302,0.3366660834683296,0.3644186852336448,0.3377479048307392,0.3033115477697845
0.0939261356425968,0.5721991512523559,0.5432078991587065,0.3573713023906729,0.3734468323425846,0.313599895069043,0.4625018314256697,0.3421022144880237,0.3656662687127103,0.3554426080420414,0.3079973263107829
0.1165410682089377,0.5238150015029652,0.5695600189423385,0.3592712275635986,0.3862172502450657,0.3155006431166642,0.4704095638610585,0.318192799368577,0.3728583846026829,0.3209222469716323,0.3114533543951482
0.1193664898615498,0.5442202992135661,0.6020560355468199,0.3510507165095073,0.4507035134684224,0.3062168927026877,0.473555531717409,0.2947072258721964,0.3756117244723354,0.3337417033512512,0.3154138095972769
0.1003134363924927,0.551006380090608,0.6197686953625675,0.3582890309334519,0.4245662064039932,0.2779257759175866,0.4721078757714135,0.3503586360319398,0.3693833635439169,0.334378280902377,0.2698982135145665
0.0782904470789765,0.5623752663103324,0.5712166946933149,0.3669992283508088,0.4458262937917592,0.2881665164516811,0.4421288466715207,0.3384215695874371,0.3341069124523301,0.2665161662556567,0.2855009052256223
0.0853040404873083,0.4506334425048975,0.5474649305765994,0.3805597461162091,0.3748644210711304,0.3077247865310937,0.41133897293527,0.3406591436663849,0.3005848023879129,0.2987025079248194,0.2936046970815938
0.0845123798440312,0.5219977182752709,0.5620862482868427,0.3720389157783696,0.3863108103252991,0.318022320859787,0.4105935523211939,0.3072409427836602,0.3228616085170623,0.3378692637172488,0.2922845607130923
0.1302276967173417,0.5438969676684502,0.5902169501060934,0.3929756833124825,0.3929797357597401,0.3083719986413303,0.4443264441790984,0.3115731264202243,0.3470157831832982,0.3237324851038218,0.3264863090767618
0.1028449684542055,0.5877569786725766,0.580471381246097,0.4166649199893921,0.412916566062131,0.3388874861717453,0.4634841473021608,0.3239334098310177,0.3782402392913677,0.3432318813983867,0.3173092827338903
0.1304243390185737,0.4617136152016469,0.578533177971037,0.4028158365142256,0.4293795714981657,0.336537011282189,0.440504260628471,0.3211940810271829,0.3656670806399932,0.2769638587582348,0.3362211664460571
0.1391654859496199,0.539363884605871,0.5837987269315121,0.405743681168079,0.4086799295750781,0.3367391922365526,0.4230558971470534,0.3241470068934504,0.3714760486422647,0.3140041914169212,0.3170339049970418
0.1319241331863517,0.5587642344349757,0.5959322572594189,0.3453532068425897,0.4137031529351747,0.3575824942034599,0.4411296856336723,0.3396988462818391,0.3920450744195051,0.3456278572602593,0.3028691834954929
0.127386228790634,0.5650095904885017,0.59764525015166,0.3546330628254662,0.3995224315598583,0.3277033190639344,0.4137718200570309,0.3401283330255907,0.3820059245470979,0.3518432022549514,0.3038271750996896
0.1266507380162459,0.5664381173171689,0.6097438020015297,0.386541918108345,0.3825995526889177,0.3501073533497776,0.4229847840897034,0.3422364162887059,0.3139453804693994,0.3546718499700577,0.3142014815722972
0.1264728475589354,0.5904629263130625,0.5996639179937847,0.371830621369718,0.3973171096682382,0.3707042993408593,0.4059224756461184,0.3472527787569981,0.318424016339314,0.2335065193953281,0.3254563683120003
0.1292889832952014,0.5929039211187868,0.5790223833270852,0.3792650578334743,0.4243495563887105,0.3144397919443772,0.4178601804072307,0.3477631425914467,0.3585880791895068,0.2736295010146118,0.3538996471112419
0.1451804745285487,0.5573577379495748,0.5920261066960445,0.40139115742283,0.43028776437337,0.3245773036218072,0.4478633058779645,0.2909051402645219,0.3690297051539495,0.336328293097401,0.2673206791226719
0.1288254693737861,0.6021138890118742,0.6233851510133064,0.397252244571259,0.4329019283774691,0.2590796520189056,0.4522199257379383,0.3470922654403905,0.3775071925581054,0.3374514365050819,0.2635413409802649
0.1243630830280414,0.5928982662817697,0.6121883024620317,0.3522303847369651,0.3905438216684349,0.3009578949005045,0.4268754297163027,0.3166284770166269,0.362847635610544,0.3365345167663871,0.3040584610098765
0.0790230843371423,0.564113591540656,0.6052249758066813,0.360133851711432,0.3844999038995585,0.3093740976126026,0.4361383960269321,0.3428230195737516,0.3915903958605511,0.3546086644749072,0.3275318943768252
0.0931523664438108,0.5982710208891666,0.6042537228432523,0.3617101682927919,0.3857285880072512,0.3239696073418803,0.4538508455044764,0.3547310233061774,0.3646400969900521,0.3565488723820876,0.3199660980582797
0.1221986737007573,0.5611171175171871,0.6148985655764658,0.3842672513690848,0.4050031496728676,0.352587477127833,0.4712904713807945,0.3671328468568766,0.3398235765391262,0.3412681555518803,0.3435557150667062
0.1229045993996894,0.5751782759974249,0.6160772572975934,0.3849335207756371,0.4085006381437206,0.2980148065069386,0.4281796048529612,0.2816403585281928,0.3577194444202484,0.3587592460970115,0.3110816776719633
0.0997931093409317,0.5669666007084511,0.5985083026088285,0.3689248166066843,0.4391196821919196,0.3346469223676658,0.432049254442315,0.333063780861705,0.3597874967485399,0.3306482606472984,0.3269365354743374
0.1170277846128971,0.5830053509721137,0.5634003017298735,0.3693050727949316,0.4136965750473178,0.3242211990332597,0.4715702409473777,0.3430327169375877,0.364803721150823,0.332478885595502,0.3126266468436997
0.076038299271325,0.5909426347787972,0.5738052700346628,0.3817790415250599,0.4523911227083041,0.3657878027919603,0.475141220247432,0.3529414393436636,0.3760699753886655,0.2779916899742576,0.3219228919128272
0.0956651588644517,0.5931807506491562,0.6157398402878276,0.3879012585549489,0.3997034150467105,0.3249352598905126,0.4765551029337476,0.3270333703243645,0.3928247364459289,0.2891874254622747,0.2832780920445936
0.0896903161401679,0.5438553434576586,0.6149943068311411,0.4076985465813482,0.4493410645224013,0.3474284216412602,0.4865460217080627,0.3460125821246844,0.3532224529632408,0.3164398538757285,0.3166986714711313
0.0923810299758385,0.5796445045283263,0.6271456414743029,0.394494894390817,0.3669460910860555,0.3334109275632249,0.4272383819574249,0.3484957366862469,0.3873531660359712,0.2791316231369444,0.3244250217155742
0.096499763517377,0.5969035519647565,0.6159882049974272,0.3773011931616254,0.3940301647579626,0.3017932284936395,0.4555717765307058,0.3433864986580363,0.3637794029358832,0.3125263242836394,0.3119516564889105
0.1183876071460322,0.6076470850485114,0.627104958889145,0.3421769439251293,0.4118594454999864,0.3289056876533122,0.4558689287888071,0.3561050889008724,0.4007214164496536,0.3403083715704079,0.3472354315845706
0.1071504157317431,0.5670056029873365,0.5956009482187076,0.3748015484505982,0.425315911109811,0.3398107591739117,0.4080530827923567,0.3715134808530007,0.3937240211634249,0.3403132983960681,0.3441741741126219
0.11757996943789,0.5593208434302176,0.5838195320187097,0.3896089906444424,0.4283226516300075,0.351340353281044,0.435950365308731,0.3210332953779124,0.3556805069137261,0.3590930082150839,0.3632172175894631
0.1151589985551244,0.5640406531961906,0.5851093880899847,0.4183573296617795,0.4333521804936285,0.3629964394392712,0.4388560852058482,0.3300536529011255,0.3522304498668033,0.3274638003881919,0.315138820885929
0.0959474401524561,0.5826573298330777,0.588864291937495,0.421319318988142,0.4191700465594064,0.3247123285849342,0.3883239397240398,0.3359692281044718,0.365113194818306,0.3387583779843479,0.3368420440124989
0.1003883546310006,0.595714540873804,0.6136268172104398,0.4018901773965806,0.428104619540775,0.3468991228871697,0.4129441264462147,0.3498325035839709,0.3617402662574477,0.3675038074488717,0.3296093377868923
0.0108964796710997,0.5706592108741976,0.5867998797015781,0.3182768058107615,0.4222458732109585,0.334340167711025,0.4402967815144421,0.3590828932670912,0.3739045627815415,0.3446537892322804,0.3278729458800391
0.046680484260533,0.5492657962514437,0.5808657210971775,0.347596205666229,0.369002889210537,0.342705213899711,0.4680410820991177,0.3602565599483875,0.3794067115997847,0.2307147680539142,0.3272089993330526
0.0811210293054778,0.5999750480376485,0.605542575379201,0.3648432981619186,0.3747759678773261,0.2848684752072553,0.4446246297055919,0.2931219690525097,0.3246889512841808,0.2584212179103619,0.3357701905720786
0.0943363171447919,0.5239237353549451,0.5737019781255048,0.3796069929508833,0.4321850572754124,0.3040823369289992,0.4263286307421899,0.3405337773370712,0.3239329325862924,0.3150299549928449,0.303130761403342
0.1048085263480725,0.5701298848560648,0.5915721292257108,0.4058256626540416,0.4579297587357038,0.3142188011404449,0.4559979160836889,0.3612049912463316,0.3224085616401346,0.3184070553723639,0.3346471294162926
0.0764393181795929,0.5897003265885544,0.5602772412568381,0.3777861009780358,0.43628663932905,0.3610976139710925,0.4326037366478701,0.3446052239747844,0.3636375786915707,0.3359516145266475,0.3301826883479103
0.1076457140028409,0.58771211644826,0.5458321218210148,0.3759446569016262,0.407613075871815,0.3763454049344919,0.4447978288661615,0.3532851517557148,0.3640067452706471,0.343808554712467,0.3312502688991357
0.1067922298665691,0.6049805895124872,0.5595578452131118,0.3717891200661561,0.4105777185295933,0.3162030507337818,0.4667794784355378,0.3567682526206054,0.3419485619669609,0.3027914314322999,0.3205390069925672
0.1150131393559643,0.4795894632195733,0.5798340355806509,0.3900800825584299,0.4301718068745508,0.3399787590276211,0.4500200530620694,0.3652508047732119,0.3268016573862728,0.331736461451026,0.3274178927342985
0.112485518394565,0.5343790940313575,0.6033406588927356,0.3938106234799873,0.3954617940427563,0.3429850093962588,0.4567930902804274,0.3974574926160777,0.3602998243902278,0.3487009625431443,0.3727420094902918
0.1171655141972103,0.5672776477374346,0.5936831834302593,0.4033857703118357,0.418099424784097,0.316859116815607,0.4145318629843424,0.3825546403700431,0.3472704798943675,0.3612577450883275,0.375369868260163
0.1344232577387175,0.6019620470931267,0.5714668463110758,0.3482916890334494,0.4044468189939718,0.3566741996258886,0.444021708992517,0.3436980102745469,0.3540731956941881,0.3630407609430606,0.3497527251902976
0.0763300206567741,0.4261748268773316,0.575028463897971,0.3662743535509619,0.3911755741855145,0.291991466179209,0.4541209276219593,0.3531202292796809,0.3599454956896547,0.2850149583910762,0.2972682034930028
0.0782666670999147,0.5023993133303979,0.6014332514566252,0.3427932838467321,0.4216652186897818,0.3030199390528919,0.4585019286662923,0.3449783377690713,0.3724034909136761,0.2721504993787362,0.3323059940205828
0.1111034204593908,0.5546847700563893,0.5524638338193028,0.3607239588249186,0.4295677608397247,0.29125706430845,0.4818914346750219,0.3098242817877168,0.3891641688023841,0.3069353543847889,0.3375704375612512
0.1177313724077722,0.607489420611178,0.5809968652726322,0.3873757418608113,0.4116471195526471,0.2930492466962033,0.4763233113530836,0.3089006928366166,0.3957101643679778,0.3313490185300082,0.3757549543643688
0.1323656536200785,0.6058454433999773,0.5773477506748984,0.350374287184664,0.4087885221029771,0.294463235700459,0.4601395938499052,0.3039859874397044,0.3666243870647491,0.3200620025030648,0.3026380372867949
0.1175127062675064,0.5911555733479399,0.594520779481416,0.3710759878040965,0.3902787326777552,0.3263615050915698,0.4723092615504646,0.3441563689557263,0.3188032036333302,0.3360054298008613,0.3112371369661799
0.104539486187171,0.5574475662663833,0.6073186391529917,0.361926571396426,0.4186617759506883,0.3255303095111019,0.4501483926041784,0.3333067222470182,0.3695800916308999,0.3456278611852559,0.3306113517593952
0.0753784936001694,0.5692852639527182,0.595695536203707,0.3522394604109923,0.411908281855919,0.3494953418808475,0.391154871881191,0.2905277358265872,0.3421071174312322,0.3488580335413382,0.3615509344689506
0.0326991496975593,0.6177698162859302,0.5971310069503487,0.4024653100406463,0.43043989467384,0.3468172095727753,0.4346662596880523,0.3225680261638955,0.3603179150183302,0.2996821707472434,0.30738558882654
0.0732108228874612,0.5836562458537374,0.6027536202553536,0.3799280888378051,0.4333359966156371,0.3202793098314118,0.4622092380476531,0.3280108415003914,0.3682267193264295,0.3347799471106277,0.3276832851832636
0.0966672328665269,0.5349222508817894,0.5740328689965344,0.3891156237966927,0.4149561715060909,0.3099236441374099,0.4521057524523034,0.3247491556935339,0.3745252941666487,0.3412889724759576,0.3092850957888741
0.1129047160246712,0.5464159444103003,0.5524485826818383,0.4075625760608018,0.4319546972602077,0.319664600322487,0.4091420304833929,0.3354403264648526,0.3820590892072115,0.3436129403430951,0.2753642748517675
0.1237358689492578,0.5621627869202879,0.571803145751757,0.38875197274338,0.4449277977497617,0.2404128027285097,0.4107318765364565,0.3354735647638553,0.3796037803922588,0.328544092929289,0.337030184452314
0.1419854657524615,0.5835648258987645,0.5943432869786184,0.4005999370748152,0.4217734402633104,0.2646466800723042,0.4313504700915102,0.3402672189761074,0.3826270124329928,0.3748708038708719,0.3421482702115048
0.0990847437397541,0.6070596847203287,0.602919983198102,0.4008249533653751,0.3986171989156561,0.3013078754671296,0.3820703608753402,0.3561674309344825,0.3376230382577091,0.3585201269025362,0.3491978832362844
0.0180465034941282,0.5867340487468892,0.5729448966325477,0.3478804442744471,0.3907414097279353,0.3257349406735168,0.4236031769812191,0.3718068892034073,0.3540619930933001,0.3409886615904715,0.3545579173537301
0.083635220834339,0.5624844290086128,0.6069883945253689,0.3765090950296593,0.3828038183432453,0.3360242602678529,0.4413731481868292,0.3605548372896576,0.3724128501285899,0.3324912806250995,0.3140467667318679
0.117399308604312,0.5742485127637312,0.6125261599770193,0.3739044863390535,0.3807497443719457,0.3540342949347846,0.4418527462442899,0.3285826630345491,0.3786779875910509,0.3337863489634682,0.3231762220902981
0.1174382142110467,0.6056489905841547,0.6035557686231515,0.3755635537810168,0.4261273663414516,0.3595422648721286,0.4441241952313846,0.3307471926260171,0.3563963096237794,0.3295427729769673,0.315430487515856
0.0773827561730074,0.5174178192057282,0.5825853368570918,0.3760759521360377,0.4347795480060044,0.3465147372139638,0.4498023413024954,0.3431282322697319,0.346665328439155,0.3399989646896887,0.2915450023554049
0.0993941111871516,0.4984790977799976,0.5849037533536985,0.3903867674566823,0.4111084776879617,0.3404830707621413,0.4317645766739694,0.34550456967742,0.358212520170151,0.3529917081869923,0.2755109794990328
0.0749329651025232,0.5375836179350395,0.5540186994483685,0.3237214093259752,0.4119300442351979,0.3379683287285511,0.4554586204760404,0.3671149418533653,0.3625462581130424,0.329297123659956,0.2948866643136312
0.0691422575140617,0.5611602155309643,0.560656941989995,0.3437757327662628,0.4114520394037668,0.2901487620409541,0.4786693031024295,0.3426000336184107,0.3682852779077349,0.3436264809199182,0.3262288775903238
0.090958224436946,0.5928436808616122,0.5804786678611409,0.3752529874941603,0.3959030346628079,0.3028938949840183,0.427719059225583,0.3277223020642963,0.3336515836686934,0.2506256194682414,0.3474102725619417
0.1082474636386042,0.5284638506261635,0.5666893013898915,0.3849323960627878,0.4134274031534802,0.3476968384008754,0.386747591431875,0.3031119506324858,0.309496606197371,0.3012099432972666,0.2704940646950471
0.1160734367421503,0.5529640418153838,0.594188991434671,0.3643490164851196,0.4280797260400998,0.3220720499823832,0.4150395860578588,0.3045216956036966,0.3397415336635386,0.3376753290936208,0.3164271356767111
0.1096657040470723,0.5867850976788827,0.5965582732851394,0.3732089943378281,0.4150891259765837,0.3226251049306537,0.4253433239057824,0.3238628889170195,0.3751967009880343,0.3607432263034771,0.2477886214192137
0.0948210226509621,0.5958049394005998,0.5966287857125305,0.3953386151495487,0.4296763370443876,0.3158106026673952,0.4136293707142157,0.3556101596217211,0.3617999762684303,0.3369938509178067,0.2989890845323308
0.1237045081859372,0.6004792572549265,0.5704952065028033,0.3625836847372157,0.4391831944757131,0.323770896616136,0.4074063791458155,0.3704519639856894,0.403073773128206,0.3454150463410043,0.3251548771949161
0.1136044173999331,0.6130989015282042,0.5966980534542543,0.3858236064423953,0.4443373009881121,0.3330834559599294,0.4321956226331511,0.3552519073582632,0.3811475964532351,0.3364757748020066,0.2944007946939242
0.092037395374196,0.6234974930150665,0.5575965165899888,0.3787131069095028,0.4462061159763404,0.3447422630473569,0.4143511691127238,0.3382599983834539,0.3720834703419647,0.2984429943878369,0.2946821929923473
0.0976168907046685,0.5875391736874731,0.5751412942638071,0.3761780327697645,0.3726933310737799,0.3032972387966778,0.4149817038109189,0.3474054327686534,0.3807101751221164,0.3107775747474951,0.3046979829854865
0.0546604043450712,0.5875132297568626,0.5991198580500336,0.3695629795835245,0.4120765369589371,0.3144147649700555,0.4483130163739949,0.3347670384069215,0.3972168071400085,0.3351784371413538,0.33353938780218
0.097371861331383,0.5971663289362551,0.6079734119584015,0.3791041189949822,0.4328010553108604,0.33139704943615,0.4488068561297433,0.3645509649118437,0.3403760431316409,0.3192630236148783,0.2447248230786426
0.101932036342227,0.5511463573034492,0.5907790699342063,0.3847608811781731,0.4124896434457644,0.3464404324648029,0.4496935824915932,0.3138626507995178,0.3251942568067591,0.3157159671562855,0.3059429623665118
0.1069872151998071,0.5883213680009928,0.5937324835376958,0.3943764942357731,0.4387399843886042,0.3503560688942571,0.4539091454849072,0.3237796852408404,0.3326686697816663,0.3332827063119435,0.3196885897808221
0.1397048838373836,0.5768899373399593,0.5980933067266404,0.383730617281678,0.3886299175264882,0.3310241156335988,0.4190039059926836,0.3444204500806305,0.3538991174000048,0.2974511542705335,0.2672591455333832
0.1456070518811253,0.5820189982401103,0.5750776057628549,0.4062771569501228,0.435692797916594,0.2852911349979935,0.4459491641674081,0.3535104921698452,0.3838878357261241,0.3304120526577863,0.3020085010770384
0.134481125271972,0.5936409138707401,0.5796032121468055,0.4062194895462212,0.4391462455202902,0.3051627016006386,0.4450114512616507,0.3628606173742785,0.3910784939605262,0.3138685256817743,0.335299491319035
0.1188196834263471,0.5846781881205787,0.5827222231694271,0.3606691767021656,0.4042214276057246,0.3298465922288869,0.4530470947724834,0.3355033364395517,0.4012336043449825,0.3378521364776191,0.2958863825462909
0.0856350583932798,0.5905886114495316,0.5891134890984491,0.3742086327874983,0.4149176030509039,0.3355955823316727,0.4582208003732513,0.352685914539929,0.3924261172697859,0.3574539248499825,0.3124756369474063
0.1186541627102853,0.5954193981579363,0.5940300216484391,0.3816692310049959,0.4317296428800193,0.2913217897906612,0.4671434240385189,0.387242076041675,0.4105477791414917,0.3624892248606218,0.3251882515977804
0.1355626143465526,0.5514852176856151,0.6038024198666261,0.3892561119998456,0.443935538145094,0.3285186721508796,0.455522342895259,0.329198291715726,0.3461488065400143,0.3463419862908859,0.2591395054106282
0.1217134526008844,0.5762520186172357,0.60644654049912,0.4114996773872638,0.4168655191637345,0.3297869724992793,0.4871352258967198,0.3471428319282069,0.3568173456173095,0.3522743842150138,0.2903681587345113
0.1412628827344036,0.5981413204475108,0.6035273147928318,0.4117452263249321,0.422490368264453,0.3496953964076524,0.4606857307204645,0.3215883648471949,0.3425250363158225,0.3365770319436412,0.3134450409132313
0.114506033728364,0.606443722544801,0.6338967661423852,0.3889657272957048,0.4152853425642958,0.3552259711629587,0.4919918188744139,0.3357241949500116,0.3355452403737868,0.3313182768990631,0.3420070623775141
0.1336373126585399,0.5750528258344948,0.6146752880534618,0.4068805787719661,0.4341539048310985,0.3076786076720021,0.4818049616667738,0.340065356327136,0.3455900034754276,0.3277504216490648,0.3141724785549727
0.1217193856352268,0.5433359730178906,0.5564875874522494,0.3564428288021705,0.4071751819227793,0.3353810016051729,0.4280618664542574,0.3450418719799633,0.3654465596790804,0.3508757745645267,0.3192335747406046
0.1062151699304564,0.557115271476283,0.5857198498408507,0.3738296611438814,0.411505077495383,0.3306921619307,0.4351185291365886,0.3502407724877847,0.3492864752077596,0.319895986149623,0.3275879906021666
0.0985767566429757,0.5906653761269866,0.5844755508374915,0.377043868405626,0.3851819637071608,0.3091725260799263,0.4458319365854335,0.3612002453926055,0.3369038272260028,0.3350741699806482,0.3305580049790126
0.09515826767745,0.5849722870804208,0.5890674406624674,0.4063457088227189,0.4078062798980819,0.3215515407751276,0.4147185865255651,0.341397683957105,0.3608472255151332,0.3558757010438575,0.3296505141129779
0.1256364347218631,0.6094351629156484,0.6040234151146151,0.4213754660806352,0.4109176871866314,0.3004639369038517,0.4346600055017379,0.3641540738130691,0.3653343738896571,0.3564807028559316,0.284986152228718
0.1543996227218244,0.5699193306498863,0.6194305640792737,0.3813637887702515,0.4222254487125867,0.3226196841814815,0.4486221582243188,0.3530505289068064,0.2749640306019517,0.3625938747203168,0.2933482682181055
0.1213262533947855,0.5865725353834697,0.6047796247353399,0.398601277534321,0.4234101762058608,0.3228250474775863,0.4817139746547956,0.3309463331222981,0.2983851331884275,0.3516979402141036,0.3029352510676315
0.1271965440535241,0.5519829801947188,0.5785590019667761,0.3649382366135836,0.4168993521501553,0.3402367132355339,0.4501030843386863,0.310073878410867,0.3008217747597544,0.3538825069001491,0.3085790431671859
0.1471850225982382,0.5959351622745741,0.5956379627865436,0.4007013251682301,0.3779236952943764,0.3047360162544557,0.4520048542800483,0.3271386667526653,0.3562503000041032,0.3166520102237267,0.3542795620816598
0.1489836995511637,0.5490650378803846,0.5995751432480763,0.4025570966235337,0.3877904261294407,0.3140951298981474,0.4604324798201409,0.3377247329723183,0.3678947195806399,0.3390564692027896,0.343066144999036
0.0900588738152056,0.5847914954350597,0.608527803065013,0.3856780691088955,0.3891787556673449,0.3179711492681526,0.4752995501986277,0.3102922621270411,0.3537724546237393,0.3574919583108464,0.3363127487378203
0.1100408140674328,0.56633853923899,0.6127724314804955,0.3738204742840181,0.4025526050248296,0.3196532580664192,0.4206964477223965,0.3108580196549122,0.3331575438604279,0.311044464297532,0.363644528974099
0.1380652573183625,0.5479717341339304,0.5625000518343781,0.4057319832760168,0.3898405829588001,0.3261012890915263,0.4158604960319931,0.3173280347073347,0.3551185632382952,0.3162862072769061,0.3633170256333111
0.0983035743067345,0.5555788743065324,0.5886223831419385,0.4097103964862419,0.4057184161474046,0.3129962911975497,0.4347114078500444,0.3331663119452319,0.3555260659303461,0.323880068504522,0.3044980147115803
0.1188263178317663,0.5740590149164028,0.6153373632958501,0.3850953055747846,0.4024955097942513,0.3157017439073888,0.4629836549558767,0.3038532839705264,0.3551849903866507,0.3470101227822243,0.327682922461449
0.127358682224856,0.5760027151828948,0.5611457539020824,0.3519561682241693,0.4300101251672956,0.3386052056560631,0.4327416247629404,0.3321906185708659,0.3649011934998968,0.3375093082674933,0.3000787556737611
0.1099894262547068,0.5424476559328728,0.582081080654943,0.3588176622455717,0.4166001505497765,0.3483929024519812,0.4463349009656573,0.3370731744198784,0.3769307109732808,0.3349401770833613,0.3009540410187666
0.1294088982341727,0.5533008649878588,0.5910986667846854,0.3723244322438865,0.4304326464772357,0.3142495828554534,0.4740437447689256,0.3668035627914021,0.3832169220175919,0.3579598996892054,0.3314749828805219
0.110444585482606,0.5525741313079756,0.566564148887105,0.3805583537589225,0.4043374329161358,0.3122538286674347,0.4689816434388479,0.3869353778359925,0.3557071161613633,0.3185869376643626,0.3256403213867109
0.1330556364683417,0.5673799056461706,0.5768064139848049,0.3233239797980579,0.4174354737505361,0.3440633748140402,0.4828652383731824,0.3273993737652301,0.3230869953763318,0.3432203652977459,0.3311268662615824
0.139241465625273,0.6029639736975552,0.5893329475085434,0.3510242785807848,0.4212716843800211,0.3592530799461501,0.4604044797850525,0.328262460448335,0.3539603529103704,0.3557315380080991,0.3367551869133428
0.1697449902516334,0.6041526162063231,0.6113764610991883,0.3776711449131084,0.4219484501277731,0.3626900619242845,0.4636005162573863,0.3786977736917553,0.3696273162889788,0.370593815273769,0.2784424238578663
0.1660619844201003,0.5310966699993733,0.5812801724047503,0.3806597818407035,0.3858177175918986,0.3430958176909549,0.4783105642933488,0.3788686708027381,0.3433897404412473,0.3213690932590977,0.3124608975264907
0.1171531808294199,0.5396842542765721,0.6090725803164585,0.3914643956836535,0.3446480720724995,0.3249257530130665,0.4944716038984174,0.3737118119802006,0.3615270040033921,0.3370306930180007,0.3359616137115891
0.1229762603157925,0.5754091628457332,0.6113167453509414,0.3646638011338809,0.3867794597646071,0.3164040768381117,0.4717051382637267,0.3248416089451518,0.3744647867315243,0.3478679748762773,0.3181070390199871
0.106682694740406,0.5905231661083203,0.6008577271837181,0.3858178382086815,0.3983765093858559,0.3246820361057626,0.478329319809283,0.3284793216514076,0.3960491656747611,0.3505466164532275,0.3255348503654982
0.1428334191124041,0.5910300306609486,0.5876670781638204,0.3867596409163779,0.4067977502753923,0.3338274008910142,0.4843835954332957,0.3524457107280601,0.3330845514828479,0.2923510618207897,0.3472733526447957
0.0782302634247616,0.6076454372023632,0.5520794692951728,0.3783068134682488,0.4252189907377168,0.338647976283138,0.4317443619282436,0.331354390246125,0.3775064713151272,0.318100610046279,0.3730527926953645
0.0655395002697798,0.5988065965298724,0.5759378456622953,0.3617234321045453,0.4297593557153358,0.3205957052119607,0.4921721547122181,0.2563335016890145,0.3753577779823687,0.3340106423432752,0.3208670702106304
0.0874092420953514,0.5662683129372399,0.5784315446617968,0.3708121783063013,0.4030195446987483,0.3153668567794627,0.4721210660246602,0.3139865964805044,0.3501575321426294,0.3493419464133103,0.3110709780711932
0.1109312820317227,0.5737215977681414,0.5830486945708467,0.3595709880153189,0.4248490668082118,0.3183804044382681,0.4498560117423191,0.3421725320099129,0.3372678316107212,0.3198613629237667,0.3201017942669812
0.1155120639175665,0.5894574431389452,0.5918154566106812,0.3891750131536313,0.4053444990863294,0.3279301982902869,0.451255359396641,0.3690006459332553,0.3503659267059088,0.3391598835611538,0.3361516229127938
0.151130976021144,0.5927990845520361,0.6054133182606549,0.3720085765813415,0.4241651231224305,0.3296795282870348,0.5067119957692701,0.3342117197171913,0.3685235860979654,0.3483491464829664,0.3096176468739897
0.1482114689232187,0.5883742342976142,0.6185859561974842,0.3800364359706149,0.403740135484523,0.329722508499182,0.5131579447464465,0.3412661813826584,0.3483662951269828,0.3190656573535493,0.3213603937722347
0.0566624240508568,0.5873360251347501,0.5765430250609587,0.3437644715742525,0.3674373650112831,0.3395654583545154,0.4590200255590704,0.3486910607210649,0.3027217484083102,0.2412311519320854,0.3267900878108239
0.0567867646049813,0.5154916464426993,0.5899982249486244,0.3620691116509902,0.3773333333639722,0.3175938378121895,0.4703580771630189,0.3472488239253775,0.3324001156513749,0.2572749806731802,0.3322278604998541
0.0924735094538411,0.5290839530392607,0.5898117364937562,0.388868432944596,0.3844219433081417,0.3244497789761744,0.4783585548507545,0.3206833525415273,0.3391694939967307,0.2633781047149305,0.3014339701157182
0.1043492846075771,0.551044367453231,0.5966270329504482,0.3675788723718979,0.3922397893973485,0.2689906113281297,0.4201609890427674,0.3478368589215296,0.3532596667873007,0.3103020167476714,0.3410917681297212
0.0694988666123887,0.5572046634091434,0.5761791769753831,0.3777037719938761,0.3923531427690716,0.2635128888665856,0.4264541808844529,0.3631019823382097,0.3104795013816741,0.3388831289774888,0.3179307857248953
0.0833716212987821,0.5832351628335627,0.5879059375802057,0.3358852605090349,0.4173506767309586,0.3015709898774441,0.4308335237018824,0.3303697920385014,0.3251467842596279,0.3115078569367939,0.3256216999146014
0.0975978348452153,0.5604465592439757,0.6010988279206755,0.3356131505615415,0.3862751553263936,0.3311894312292072,0.4467731254024507,0.3141133298500542,0.33027108761064,0.3430949423911416,0.2700070888134899
0.0906685703612534,0.5353419487598486,0.5932581503974965,0.3546200741514633,0.3952611455340067,0.3382403426605087,0.4789097613408538,0.312325147303538,0.340815752341618,0.3255937853325044,0.2877086700913901
0.1039195982592516,0.5600411514521473,0.5961992038523679,0.3666602863741747,0.4155054805781242,0.3554492363512793,0.464885245707539,0.3265825961012382,0.3738170494249211,0.3465704841425466,0.3318672680634751
0.1002292365903511,0.5890301390817955,0.5839179063526476,0.3585850782963568,0.4431894384395463,0.3370503526556664,0.472376244004738,0.34989213700885,0.3443202327814849,0.322275880926466,0.3187031061584044
0.0486238717552453,0.5849770116133824,0.5877534061632896,0.3796783867088136,0.4489955192487415,0.3564857081784227,0.4774532187461936,0.2863875359737353,0.3357392066539305,0.3417743404976279,0.3703065360355325
0.0854694710385071,0.6019904045628979,0.5637402351531647,0.3675189347069639,0.3838374946901156,0.3432172325179907,0.4807625277263792,0.3108542079458449,0.3476964785490837,0.3461763705081312,0.3644030934342449
0.0856460890242167,0.5288021703198715,0.5818653617383429,0.3904614752489918,0.4192277793956368,0.3469670456751829,0.485781813705939,0.3470425973862239,0.3304376953452477,0.3364528947390007,0.3329635898087321
0.1086354602294678,0.5718838675327493,0.6098366874006536,0.3587057826322693,0.4209715083467689,0.2970145131543136,0.505912705273686,0.3354222797155558,0.3493894885864317,0.320694949999459,0.2859981503172373
0.0685143238309651,0.576978126956176,0.5769045226092865,0.3747674425720461,0.389713210858636,0.2959442073907347,0.4759497953104389,0.2930217708715404,0.2671340185630617,0.2754103480779599,0.3252657903948301
0.0741769973172212,0.5824155986972206,0.5638742201740261,0.3849714808016945,0.3913678606510772,0.3240862609080986,0.4559346921247833,0.3100332063935043,0.2852183766442643,0.2946446223830455,0.3388913390995383
0.0849159523079005,0.5754464536202073,0.5775965699512229,0.3422450180813027,0.385728510414028,0.3288254987126326,0.4849465280165279,0.2553120222159017,0.318667331461781,0.3125127136279235,0.2769773512045979
0.0902456010972424,0.6075912748840568,0.5691232152900042,0.3450299498304802,0.3997995515056025,0.2885971692563467,0.4761637105897939,0.2894350372458226,0.33961617774874,0.3259556514839767,0.3055425293065616
0.0609745659548407,0.5363079496439546,0.5769075120012812,0.3401257709618108,0.3962305535514281,0.3113288171755802,0.4892561428433992,0.3197485034598389,0.3312758890143652,0.3359855659872944,0.3114800600517196
0.0696048301171037,0.5641323605542778,0.5875459667101942,0.3532322921264319,0.3684694033251841,0.3007710276022449,0.5031446620591011,0.30925928060933,0.3084232847517874,0.3170184968031113,0.2645928721169686
0.0945620278766586,0.5520199565819494,0.5849230425241513,0.3655638072197346,0.3845492020704516,0.3111950819825956,0.4571981634139546,0.3290142116437634,0.3290217727967305,0.334813280789584,0.2977325060751073
0.0949518735069757,0.5699853144296385,0.5879751334029149,0.3729413401622562,0.3635235452601914,0.2879893287209091,0.4140389510536362,0.3360625353249902,0.355479546383249,0.3885019253769642,0.2979287900414747
0.1200103499027399,0.5623552720760725,0.582569171856745,0.3681319727342977,0.39444503378369,0.3082834828787164,0.4524651686124641,0.3396552029689993,0.3165669415896425,0.3228195693687692,0.3245924868957708
0.1184424321141419,0.5849466659954006,0.5790581932658242,0.3922630307921142,0.3984879167497487,0.3249590953036203,0.4125712207732509,0.3365248771636046,0.2984935710271433,0.3860126548005023,0.2792991978887504
0.1290793155350939,0.5814621523803064,0.5886962945435437,0.3726541223949458,0.4033730365423117,0.329091588404338,0.4388157461648729,0.3245324030891156,0.324346628149242,0.2629658623298381,0.3227394669116342
0.1263821193421734,0.5658371609040852,0.5701931747894007,0.3440872811889286,0.4062203209065175,0.2922223676370708,0.4772359013818404,0.3407429428308827,0.3384664943080102,0.3080390127055917,0.3229059964700788
0.122947623067221,0.5869553685496085,0.5626366441128401,0.3626965135805098,0.382238177532605,0.3149632162338522,0.4796676490559445,0.3052376804175721,0.3562557287957734,0.3285616610749056,0.33924297282688
0.0977422500604885,0.5273062541847616,0.5740914219809387,0.3596912584819106,0.3941272080494628,0.3450799364057264,0.4727252623191706,0.3144354639935214,0.2990646614706377,0.3390423698786195,0.3278222556990243
0.1080372005922971,0.597670847643046,0.6063956310351797,0.3660173787556573,0.4196308190582737,0.3524845058332613,0.4919952107734152,0.3324155709781776,0.3335204066005617,0.3109125953346632,0.2744700136182654
0.0460240591790293,0.59096444892029,0.5817494891110377,0.3861462345810772,0.4201636119850117,0.3297697718431698,0.4988221910459858,0.2910876149353848,0.3555011549154137,0.3049020642957701,0.2896455151944488
0.1030185991298794,0.5786506387528364,0.5979936456312702,0.3907988750706632,0.4372498546130222,0.3334002342743131,0.4327246775115723,0.3072572145101918,0.308866779410885,0.2787580292233564,0.2988480664462679
0.0899595240110641,0.5204779009924191,0.607229734975658,0.4060802637313607,0.4532422983720394,0.3297278479574071,0.4402650792495449,0.3212180925132915,0.2802950668728744,0.2887794602600312,0.3254560073349741
0.099660845516299,0.5457688718951501,0.6160865362047662,0.3565033441415735,0.386059485398194,0.2890633454011369,0.4221740928584391,0.2783730982109629,0.3172699827799892,0.3119166514503454,0.3377786532051179
0.0914604449055554,0.5813946930318423,0.5610928787928111,0.3829537841799851,0.3368633409115147,0.3191620164449141,0.4782363689996376,0.3361011080056847,0.3552596536010506,0.3250538786740128,0.3562299697649086
0.1022753617360239,0.6029645040344525,0.5620830334369834,0.3686090317495228,0.3777665112426701,0.3235262529246894,0.4897207442508457,0.3371415028192574,0.3509053798506009,0.3307661794518369,0.3335060018085283
0.0860367090533228,0.6066472790028745,0.5837260362436667,0.3588260368775308,0.3811713954472491,0.332687951051385,0.4719716665226469,0.3529659898373873,0.3168666950435509,0.3194763195824108,0.3056433254204015
0.1247060315337196,0.6260900009343303,0.5868752173347591,0.3811080205939314,0.3922803838380072,0.3132800446959228,0.4756601717168192,0.3626772137354274,0.3557829035894526,0.3410527486385528,0.2975337308940176
0.0716806817203736,0.5984289182630217,0.5912491846576249,0.3708433752531965,0.4236835236751157,0.3403380621728608,0.4515129892756126,0.3437202682246379,0.3287554186441366,0.3412255168488108,0.3199790252929092
0.0879565214838196,0.5417564384881911,0.6202636310640293,0.380099307782956,0.4249840501431599,0.2862759680302095,0.4730479646315334,0.3220524205694638,0.3328929049617508,0.3296858082587306,0.3312885041023912
0.0891580587820078,0.5412069616252615,0.5645272365174364,0.3806745161679863,0.3067479009196903,0.345333138823465,0.4893729484799338,0.3396362727541997,0.3582737668025415,0.3326415802125918,0.3384388061442038
0.129171021070424,0.5115991820636725,0.5955095083878363,0.3422067788898329,0.339639204778203,0.3066989099480255,0.4828064030598303,0.3607337931931753,0.3417321142329328,0.318187576570645,0.3469501539224876
0.1411985834291825,0.5423429323975812,0.5918536582395894,0.3509154739616569,0.3469649290467848,0.3090597922093094,0.4693746580681145,0.2861393920075151,0.3154887367271033,0.3322100884984812,0.350715067387783
0.0929339212447733,0.5975603311519067,0.6042504216726219,0.3243580927614707,0.3466514708377634,0.2718806834037318,0.4758461913336209,0.298019268686569,0.2967059643151212,0.3394705185350475,0.3637874082688183
0.1128884065622575,0.5837719078702565,0.6050032943932891,0.3726638479306728,0.372243881357478,0.3051727891856409,0.4923625742485567,0.3126372296230352,0.3205734078021818,0.3533793450872157,0.3701700222523574
0.1471769723108485,0.6063452300867401,0.6024791798742918,0.3754268032633278,0.3838264668007355,0.3241597332893707,0.4912419836753369,0.3239133171519506,0.3502824713882047,0.334407871346544,0.3394051247064166
0.1192652954721936,0.6094147131152339,0.5928059677825654,0.3189641139975668,0.3802354431899681,0.3572256335155214,0.4450586845264476,0.2665848568803642,0.2559640416173328,0.3374635586608266,0.3522803594105393
0.1239254261543886,0.5787870175588067,0.5855615617114085,0.3365085195876754,0.3490212613586554,0.3338373483404039,0.4590554164198163,0.3229364690421821,0.2967377528997743,0.2713199783350743,0.3092728503338054
0.1014125105991817,0.5874528437387208,0.5700564625060657,0.3537680320161308,0.387287240508687,0.31788837412604,0.4720228893953998,0.3263667843028337,0.3199046938658356,0.3081642602204946,0.3130189969520949
0.0787200287833512,0.6169871894146907,0.6039934911675184,0.3668851586378348,0.3780770460179916,0.3274456531791948,0.4292245180475487,0.3278518380849126,0.333486114788321,0.3239132880259157,0.3215241907938585
0.1015299408285857,0.5844802150519077,0.6117316311203764,0.3683420798888519,0.3713635403892393,0.3473125288877569,0.4304372303268214,0.3381280133373018,0.3119783571257368,0.2369897781804945,0.2880782558744065
0.0831503757671811,0.6028196630411824,0.5894799935395638,0.3565183925886778,0.3831635514016031,0.2888016064668711,0.4490562695192759,0.3074338992022861,0.3261687067622198,0.2603747365871923,0.3205374878469058
0.0814064698440201,0.6128371164306703,0.6098790348201089,0.3658146138022681,0.3806139724475897,0.3369176193095772,0.4720301737376347,0.3289184896385366,0.3389186187167837,0.3037215415558181,0.3264197276784597
0.1249932714645939,0.5744113090001813,0.599084195504694,0.3613695194333277,0.3677653670739088,0.3530143980364568,0.4998380495825871,0.276779329773025,0.3235840876620302,0.2178144228852641,0.3280975085173636
0.0886873818497064,0.5548655155389607,0.596087128333644,0.3715863269022026,0.3624917277886397,0.3732703815604744,0.5002768236088877,0.2928676239746182,0.2659229194310062,0.2462097045797896,0.3331601984454346
0.0971182701841813,0.6214994027833745,0.5645519038264769,0.3486839757618956,0.3709525511177148,0.3441923737136724,0.4837312454955361,0.3140696310927643,0.3391408213598465,0.2633548803409099,0.297039559256944
0.0685826033835288,0.6427017255752494,0.5738956057360648,0.3400983650121941,0.3782202653581816,0.3520638959547962,0.4661610305548827,0.3350999957296192,0.2499971728584043,0.2937378083425954,0.3360239733706875
0.1086827370290108,0.4300584413793213,0.4441926179673905,0.2877827038918277,0.2971560220311965,0.3500795494326358,0.4996732487197327,0.3624846637204504,0.3154498982053254,0.310669799573848,0.3472873212236731
0.1587183601135725,0.508482076596146,0.5372469320460523,0.2731595304375631,0.3208012249246582,0.2304778819508157,0.3965361405314791,0.372150315388536,0.3143694775091548,0.3385708614868397,0.2975406681916404
0.1904348275887167,0.2156681922493316,0.3798575470492533,0.2241991098428495,0.3123677623592867,0.2513660260385215,0.4420933309467837,0.3825995458033321,0.2988466622441059,0.3122391780708332,0.3138124717724808
0.2062583130755207,0.2086049445235477,0.389651346496806,0.21332236232187,0.3187762707375492,0.2595400834615057,0.4477776987363709,0.3933969103870471,0.3430486848320154,0.3439041858008921,0.3288319952742208
0.2170264801819677,0.2110853910807063,0.3658168901176976,0.2150852133978168,0.3075609386518739,0.3030144532784631,0.3813954233552034,0.3666937118056778,0.3563888512711282,0.3604165053599801,0.2733414737897908
0.2209868989520933,0.2284436267514059,0.3578050485048825,0.2249693216485578,0.3246475649378488,0.1967293962649952,0.3768463661218436,0.368028917291119,0.3216319528147082,0.2831276798528181,0.3007195172689954
0.2168074113135489,0.2337523192500442,0.3460157902896789,0.2245004905739391,0.3585163780866631,0.2257516912009846,0.4007345464423073,0.3711791351984947,0.3740713306939274,0.338558200759856,0.2629832947045414
0.2074665680324504,0.2437283300148685,0.3613006039538646,0.2132964516469333,0.3483569390213731,0.2002970150635548,0.3700236706483027,0.3723932340184812,0.3887166273785841,0.3703957246970099,0.2654429645948124
0.203517432427101,0.2093369761710338,0.3043197599074194,0.2141405365831871,0.3626912969084002,0.1870145195070222,0.3944770508295778,0.3885454320452737,0.3826253307536416,0.4005322880274558,0.2693273974899561
0.2059452242886269,0.2354819709468308,0.3413290239584733,0.2160133824402042,0.3368642040650091,0.2591705508406333,0.4013428595223576,0.421600423786319,0.4179074646130384,0.3987442300539898,0.2919654454650489
0.2113579622892319,0.1780625458078433,0.3561225474485174,0.1765608798384427,0.3412561532195705,0.2227949354455889,0.420328985699312,0.3576579174467268,0.4275664502354876,0.3570736542048047,0.2728569537571056
0.2144513826403891,0.1850389534238287,0.352324806538408,0.1995422782489312,0.329379944821025,0.1999985919124857,0.4213645192951528,0.3603887054758303,0.4147225775420895,0.3659420312574709,0.2937451121955782
0.2101543813968739,0.1659857766323222,0.3422269871741013,0.1785949688345677,0.3310894354954252,0.1458066128775465,0.436569608168272,0.3899813944306148,0.3190290962949467,0.2865925194512498,0.3023825107072994
0.2107746429773927,0.1674178835499575,0.3393538906761565,0.2038299211465429,0.3392957119854233,0.1558053773458765,0.371298554650501,0.3417642465562966,0.3356554275358583,0.3133085114510927,0.3193264165173169
0.2128594999048483,0.1677176391395124,0.3402156802745841,0.2159566354494907,0.3233240026033947,0.1498429369733505,0.3867215434903863,0.3557065882797517,0.2878154360188166,0.3392041662900203,0.1856930432697065
0.2142700356700244,0.161360548948285,0.340237233281185,0.2217332421250096,0.3334004409061425,0.1900226861834121,0.3961601140991713,0.4028121791435128,0.3255930066997854,0.3333406760704714,0.2375325927642714
0.2138682830142053,0.1585780939612096,0.3306351238379988,0.1978346775800125,0.3302955710811615,0.2164474618912346,0.431209880630688,0.4047533598621704,0.3248546785949941,0.3335843549617726,0.285012906228098
0.1978640457186721,0.1562273570016396,0.3336665650235899,0.190183653099089,0.3502637490007673,0.2199534581251629,0.4422419075266883,0.4161899023277277,0.3550998350970141,0.3588680685535757,0.3175419902879633
0.2039574224411188,0.185743414269271,0.3240712702689208,0.227143534661418,0.3527724776308131,0.250876155923381,0.4492019528369515,0.4089950864135662,0.3577305363720076,0.3626727116319603,0.2737147524659132
0.1957549889680415,0.1661153286030995,0.3288023079619878,0.2353556734970183,0.3100296854611404,0.2565561742480072,0.4873619671250235,0.3848665225985041,0.382916962673876,0.3419201921259755,0.2688109075703944
0.180352273903902,0.1662545439867648,0.3427444415365955,0.1975723318410651,0.3240845097846596,0.2587946438388072,0.4583098684649159,0.3974772764608458,0.3736628405116866,0.3516071934293973,0.2646835171485277
0.1612019422232368,0.1753501647103585,0.3243828030329888,0.1773384916711094,0.3176600040549701,0.2610036372646352,0.4696384196666237,0.400388016727825,0.3942872800627937,0.3094160526583052,0.2488743143726981
0.1612995925795693,0.1795699952142229,0.363104851168357,0.2003874168214866,0.3157731807273946,0.247602829273421,0.4787677457131375,0.4056108154065957,0.396810206267041,0.3469170091458293,0.2364938094634157
0.1777865070578235,0.1635100572707624,0.3320048496776077,0.1976055559366988,0.3225091497554434,0.2184426082726191,0.460920439410891,0.3751113595881081,0.3328362810853648,0.2659852640300681,0.2632089797204344
0.1814784904626183,0.1388815453369161,0.3562400446042372,0.2233354529163781,0.3381348701264727,0.258230445230198,0.4484466540726736,0.3683699533011765,0.3874979612488837,0.3701739155648018,0.3138319819686762
0.1780227853950163,0.1371875431398047,0.3583309075065579,0.2278398541341119,0.3287233916596966,0.2524035830254773,0.4727479406230184,0.3729393189692556,0.4105010248608142,0.3920079959282028,0.3399120897656945
0.2104292644886116,0.1081637459941557,0.3731686458597798,0.2657798320543602,0.3540773545295756,0.262648437847833,0.4775829616214883,0.3607994056408615,0.4301242275394756,0.4540503398468258,0.3337435475006481
0.2015703127733517,0.1201759693693615,0.379823387023645,0.2315576392646648,0.3813217647225131,0.2795118358836107,0.4477795103622894,0.3619333002928123,0.4419263856037204,0.4473782974820849,0.370075167865583
0.2167148753034862,0.1227329078871458,0.3828485774967013,0.238060540328241,0.3665584955424986,0.2654716475655348,0.4588683235186495,0.3939470029753875,0.3003111112300944,0.3848016342243692,0.2830028680907151
0.2105457522200363,0.1291126008779869,0.3751627831788609,0.2498626694794219,0.3802827037838548,0.1983338938745494,0.4772560398814222,0.3946465424514669,0.3562561269541385,0.4058406023431995,0.3329704967928925
0.2101609243673049,0.1406000624162361,0.3870986090577629,0.2530275758461244,0.3688574291158381,0.2391004275731632,0.4680036582702556,0.376899059547057,0.4184067549358362,0.4072133570259136,0.3908561216174472
0.2125253490952655,0.1552666862920242,0.3814467403903117,0.2576377666883339,0.2743344665184208,0.2521824505923307,0.4446570199876911,0.3801375426656854,0.3326540883691025,0.3050110387739286,0.27748096652016
0.2247398454986817,0.1571792127071888,0.3924962647357523,0.2199393977465152,0.3247722212094185,0.2299039424192087,0.4428651169264067,0.3976652858222771,0.335633235773171,0.3131288876932412,0.2894857393898193
0.2376978039012285,0.1644652532727064,0.3910502727044709,0.2199133900029012,0.3555884008624469,0.2523912984638512,0.4312326806165564,0.4102344819845417,0.3460183181812304,0.334590672559999,0.3289354187624462
0.241438364204735,0.1609092690572573,0.4020462744362074,0.211498966986283,0.3500525133374077,0.2663921717080398,0.4607045423131963,0.3825451154234981,0.3611637816869258,0.3244963247689885,0.306469696269037
0.2431969420979703,0.1650087724378623,0.3886170281368067,0.2452651355344615,0.3815182317957296,0.2353510402803413,0.4630039050000254,0.3838304493466979,0.3793059346442282,0.3050046207185364,0.2728918211037457
0.2190423079925905,0.1428400816734407,0.3641061814650757,0.2189475698707847,0.3795715832905169,0.2522593994467763,0.4762533347902627,0.3987147492817217,0.3616996519516554,0.3163853925763261,0.2857352506101272
0.2065161717634615,0.1624432956562392,0.3686608837752654,0.2540807072720669,0.3576472291875663,0.273385092954756,0.5063951131648906,0.4099995216452524,0.3430950056424285,0.3288048500328612,0.2991099362380925
0.2139047102880016,0.1703739601847567,0.3935589871558763,0.3033204804147488,0.3776331587981807,0.3039284193458961,0.4532190839315745,0.4323138577623998,0.3179525731142165,0.3365022568433863,0.2957324970084968
