0,1,2,3,4,5,6,7,8,9,10
1.0,1.0,1.0,1.0,1.0,1.0,1.0,1.0,1.0,1.0,1.0
0.24218759806318021,0.6085399743721225,0.66436729690274,0.6198476547591627,0.6344918895695729,0.6545370831218326,0.7803810270483926,0.6970660438628861,0.6036653245005583,0.7384163107424317,0.7170688891615425
0.3086358827458177,0.5996523565713946,0.6815716491299392,0.6843447819496596,0.659509499958258,0.6761798892954289,0.736369950088662,0.6098011767558901,0.5883332227286202,0.7399601115071268,0.7035392246024478
0.15728490445077709,0.5583551992055708,0.6479170514208693,0.7160289782608537,0.6550440267150611,0.6595548617136652,0.7492550886921339,0.6797372554567888,0.6874110221160085,0.6515784337963206,0.7707332120000602
0.1438019928217342,0.6304437088359213,0.650708558659341,0.6322907641066924,0.7250732357652625,0.701613343359847,0.7469305950830114,0.6837722723587519,0.7215272602146261,0.6822805950350167,0.707928551129758
0.11779241616762637,0.637617610182617,0.6537243646774683,0.6371096479192428,0.7104749102474128,0.6092491492358403,0.7970971509216465,0.75052628371389,0.6692759340493732,0.6509895670729894,0.6977327327721307
0.17699216956878303,0.6001746396967702,0.6196459554250658,0.662094589056339,0.6918812174310452,0.6987328088010764,0.779381214883859,0.7232034880407693,0.6336652245412858,0.7885570061792584,0.7311690360422908
0.20174666627496038,0.6068257770249547,0.6761311004104081,0.6636739715954239,0.6485407566154643,0.7333548413050331,0.7429266330001258,0.6478571924667799,0.7004934629054577,0.7431350215002775,0.6232056169195567
0.28181623652956983,0.6342175815771842,0.5817804096273532,0.7060136558493525,0.634677797135252,0.6602068473842602,0.716924758331375,0.6632706769960137,0.6680691124571955,0.664736301295622,0.623935315370426
0.13424602228384636,0.6905022284416223,0.7302712892609092,0.6665428421998607,0.6937474113436725,0.6035114477746506,0.6951768745383599,0.6703133189921489,0.6878719119463711,0.6564944010934302,0.6060182186030387
0.20210464093708788,0.6168763234503536,0.6787917741583142,0.6319958717543774,0.6507567692449345,0.7051536011215813,0.6306297291985379,0.7276048794737395,0.6403407158493171,0.5716643540490388,0.6801450110593366
0.19099952060181963,0.6462123493473526,0.6636518225875347,0.6005098756620924,0.69056277817725,0.6793218644611323,0.7072425309528946,0.6908357054848124,0.6437344980021023,0.6560572118435491,0.6968954636654852
0.1874104486307989,0.4724353162537562,0.6412642630654283,0.5665526476109526,0.703174937106501,0.6938845373264578,0.7150387250085823,0.6968372340330105,0.6075635536586815,0.5607410518822198,0.7044158753930447
0.23230686820093444,0.61188206897617,0.6570528813435037,0.5157067109608781,0.7251914602336977,0.6339153561297727,0.7056438303203024,0.7053084822078992,0.6429184972930095,0.5968264297458546,0.7251834564169564
0.22190912768000942,0.6318874765323015,0.5782717361759356,0.5789779590835625,0.4982847586196788,0.6694796304397641,0.6262039880173592,0.7009058905188953,0.6559649388728964,0.6105336913159409,0.6878625206474009
0.17496212684829357,0.6846539820574868,0.6032790395347245,0.5988566916087372,0.5750343876846882,0.6167085888488647,0.6555231198668143,0.6422591282018314,0.641051169635408,0.6120384412708779,0.6406247453321293
0.19366319712010355,0.7031214712366884,0.638467529447096,0.6041024812040936,0.5895176765719274,0.6573016553538616,0.6610732967265807,0.6117033288902666,0.63762621678489,0.6207074448986275,0.6711175956385462
0.17637157453624988,0.5989397986523365,0.6702856813438332,0.586169870544021,0.5565316308326296,0.6591081921210089,0.6713000234952837,0.6469622313895871,0.6467564871712073,0.6470485772558585,0.658057805515263
0.23774068099886075,0.6825560599556841,0.7116034557308505,0.513280319861845,0.6285573784266552,0.6650541305676436,0.6864334117393762,0.6019908034274756,0.6398074963888124,0.6375222873343872,0.7049703925365097
0.27954278317884207,0.6628141183117925,0.6962346487260299,0.5678118672692983,0.5598316253094945,0.6182508764746207,0.7174776871266961,0.6352442150536743,0.6604211518872711,0.6652146405231074,0.6672230156408046
0.24691073968496538,0.6768745554667313,0.6506940970337841,0.5800055880677062,0.589625396058238,0.6626423735123602,0.7198515819863842,0.6881006261545448,0.6582186252320907,0.6604563811606065,0.6775304026462048
0.13184423674929838,0.6776991546238076,0.6534507138583748,0.6316664553898812,0.6003803555141612,0.6633186336373307,0.7372216016480587,0.6748982417830051,0.6815645110703878,0.6613400122049302,0.7223773355163841
0.19538188814962415,0.6784969875666798,0.6747334705625843,0.6626370695487608,0.6586739716286445,0.6625651909112985,0.7035823560030497,0.6859788103134342,0.6413659498308092,0.6766033558268112,0.7559316944452532
0.21897373427267988,0.6936481576123277,0.7336561916788111,0.6724278753946314,0.6324157972785852,0.6725807342007668,0.7047565689023001,0.6763449705163858,0.6477605828428379,0.7255611620029925,0.6505560299300107
0.26684441312395496,0.6993246428924683,0.7376451117527483,0.5859063979632401,0.6440040585364013,0.687465905328311,0.7194223202788479,0.6611141524652318,0.636381828558391,0.6190965217646418,0.6634095286915913
0.19548113577858983,0.715150084179367,0.7171160461602041,0.6267159535235388,0.6467202811925665,0.6453590163362045,0.675200875953424,0.6944976516640121,0.6454028431889136,0.6881722974963247,0.647505587038423
0.22213294447470777,0.7190137384252797,0.5381334598214222,0.6273855885484714,0.5781571334280231,0.6856268804982215,0.7006732358778242,0.6662835541624887,0.6128289278153521,0.7067993753915387,0.6619119597027785
0.22401612834670748,0.74357123652804,0.6384004258361098,0.5827737260786644,0.6175184625395937,0.6484726768422642,0.6650340005102681,0.6746125092642445,0.6571849211329077,0.7174233085190185,0.6682007483737823
0.23392679524843393,0.7358443611060612,0.6599024769355585,0.6182189883973765,0.5891095651919385,0.6694986749737478,0.6968899936505085,0.6949016203085694,0.6342489476733083,0.6399851901385505,0.6830980113342746
0.20536012246784496,0.6816432945577555,0.6773044754747245,0.6249099399476098,0.6443887166592054,0.6831243287526205,0.7035888462035442,0.6679981839532517,0.6603692536150942,0.6828751252488927,0.6196809814381733
0.16520535706849435,0.6548581397358058,0.6549318629440901,0.5354473564357104,0.6469099011086141,0.6081495113283494,0.6546736785134672,0.6737467570746987,0.6571235731087233,0.6620503070973424,0.6593020540712979
0.1882657101212884,0.6749212195757008,0.6378884714022669,0.5919146856306705,0.6600548744295639,0.6294117323015329,0.6634277671920745,0.6479632143031022,0.5998483786773777,0.672666682450683,0.6909915212119027
0.2051588798115999,0.7128378885302675,0.6597151961264726,0.6114196122068506,0.7177186508913836,0.6241082691909466,0.6893893298213614,0.6841110359033863,0.6282225170985196,0.6881715783102116,0.7152284523384647
0.21525462032673065,0.7239992819506864,0.6798679446276261,0.594075227073541,0.6662266192670078,0.6570149863252401,0.6997023076042794,0.6624377891709664,0.6513316723069522,0.7018093411223885,0.7413279791669913
0.2512314117578768,0.7358848056205036,0.7145161210414553,0.5593593622634102,0.6529141680947896,0.6359884630199069,0.7030705860528862,0.6955477769697784,0.6738101623347106,0.6698703148467908,0.740759064705688
0.1874167815147125,0.6495711292694102,0.6993719962221748,0.6019784730906335,0.6828392575585798,0.5845449370863783,0.7227154698728124,0.6240804591512666,0.6886614593842331,0.690801431803752,0.6904888661812214
0.20231721027061114,0.6955939073968094,0.6380966092285982,0.6523561334000468,0.680535509399224,0.6072769194859233,0.6610211974029674,0.6444845564974253,0.7082771568530631,0.7191785305321688,0.7058335701007192
0.22467439539709294,0.7026914470829717,0.6526927485924705,0.6678439921161634,0.6898510097076954,0.650039496514445,0.6076345101419466,0.6713098592318221,0.7177071080855435,0.7235604043260637,0.7177575489913302
0.27076990259389366,0.7055310806826768,0.6728421520770913,0.5792672104507101,0.6965275979403851,0.6410946822644841,0.6775629827373455,0.6823836946871021,0.6885817972047685,0.6474236075794657,0.6192340154281095
0.12418172458467244,0.6900835036165072,0.6865992054005265,0.5998386255595838,0.6556994622272687,0.5826974164791618,0.6883144397844464,0.6440402852220382,0.7083072559742701,0.6246300201777728,0.6862400411576894
0.18081086505210903,0.579697353080491,0.5834833387255053,0.6412468935645397,0.658644083143109,0.6161805212909692,0.6855548775659761,0.6681543958989924,0.658681578217655,0.6639585590590804,0.6921886724898741
0.18260250464259314,0.6176557922122115,0.6371033425576851,0.6445891995424513,0.5588975068362686,0.6482929616471818,0.7019999705974915,0.6511849861278454,0.6609146354922993,0.6937064155703945,0.6839410172787508
0.20116750416746385,0.6482415621432033,0.651073768594048,0.6715030729175013,0.576486714013027,0.6495951241734763,0.7269060666065424,0.6587881959517126,0.6648626955596747,0.6743705612143504,0.6468942183314487
0.147063452998902,0.6578736011391447,0.6851169808406865,0.6095523674816922,0.6216117473256979,0.6547818481672921,0.7098928460500242,0.6430891103283721,0.681758734068729,0.5887597046047682,0.6959980472469376
0.19540915799475955,0.6667458981682834,0.6907117374860019,0.5893610858152981,0.6268867327242627,0.6078875554486304,0.6120190110895127,0.6869313796606389,0.6892312024913713,0.6003975550040253,0.6723818741534834
0.1976170288836754,0.696195523314097,0.715608677786361,0.6210430588183244,0.6599039155350281,0.6298345840172491,0.6237520816454385,0.6480231079360159,0.6256023853743734,0.6309499651237116,0.6833265073008143
0.23106342455570794,0.6790446444117401,0.6977819719495715,0.639115030548821,0.6835698721291359,0.6038507341471056,0.6864915464404449,0.6485603683343063,0.6428250397001032,0.6636335186378527,0.6795343758665263
0.22135270426446205,0.6926679480913294,0.700938214963412,0.6317229608412407,0.6785315847267854,0.5978711606226192,0.6967267113081343,0.6753093042375111,0.603868446083308,0.6850282460558543,0.7074645172780409
0.22493281693321884,0.6645394904884188,0.6601558182048207,0.6437304630535297,0.6071223586140009,0.655665747427628,0.732472250707549,0.6800111023473092,0.635587687999807,0.6872146388176263,0.6782858887275284
0.14875859964473281,0.6634282056076539,0.6564641147513773,0.5432232131558793,0.656341429877105,0.6586784156125558,0.6844909876378019,0.6591849299792363,0.6837227294366981,0.6619800635915961,0.6249379865340394
0.1887042116076374,0.7001225262497869,0.665984617436386,0.5872297439063114,0.6068996831467808,0.6326437881957976,0.690470785191645,0.6668146299236217,0.7039590756353862,0.6277566789245309,0.6401556290642785
0.21138405485367384,0.5958599518761548,0.6695952325598304,0.6482531374841405,0.6269231609511162,0.6340477156487827,0.6963620967501067,0.6724679376460385,0.6227959042369963,0.6284623396374842,0.6841754676164484
0.17609271797132608,0.6467085252945854,0.6913070818058418,0.6500944622502466,0.6256402275279973,0.624743944538511,0.7140478474248415,0.6729005463901383,0.6516839320514969,0.6238056202442618,0.6507833930556813
0.16358523438249484,0.6936105870065545,0.6869315752433044,0.5229580193673607,0.6386631197665992,0.6338375575315893,0.6848446383235433,0.6580072816162418,0.5881267422040686,0.633965507124274,0.6570955059563145
0.2159205374513448,0.7297067344967025,0.7296634975533913,0.5630125638796653,0.6274887563330427,0.6499855465718266,0.660957792130074,0.6412735739499125,0.6315058053979007,0.6423879994771915,0.6552163856928073
0.224065844699896,0.6687000567507954,0.6418697968502886,0.6035972872111918,0.6499931102360783,0.6337210041557366,0.6894553377335797,0.6733142616974088,0.6154104925488973,0.6064676286607994,0.6784172149386529
0.21392583678560625,0.6869338049160276,0.6900605945240419,0.5440228812798171,0.6202114926831754,0.652035261053527,0.7093638205894341,0.6402182361380269,0.6223877839759857,0.6072441536337735,0.6483733271375695
0.23500148941426185,0.7046161169937761,0.6999043053565138,0.5617877626219621,0.6426324590663883,0.596622541221611,0.7262954753160882,0.6445886878666487,0.6375722980940747,0.6318717076650171,0.6053200379432451
0.2185660633336847,0.6436787452802828,0.6133645144075818,0.5969667708283559,0.6709587326694264,0.6362684840063308,0.7400138540732859,0.6480207069636347,0.6572082743066737,0.6325432425381892,0.6338167166361328
0.19045200033826107,0.6460289568350279,0.6596920495789174,0.6236397099021915,0.6060543503611067,0.6403277381362118,0.7332231393972862,0.6201878685236589,0.6817047177207346,0.6405153057018732,0.6518957826506921
0.22174274396117033,0.7286669718438427,0.7198795820070609,0.6592878084964284,0.6310079115087117,0.5763202999759401,0.7352042898222131,0.6444170479463712,0.6997330505960825,0.6747660253668647,0.6733328469541106
0.20700808154398162,0.7363246976703129,0.6931417289107784,0.6141958638305944,0.5918691093278506,0.5963760830948689,0.7012917235978049,0.6711450282991851,0.6453787266992512,0.5713498108912082,0.6280293661773344
0.22395960487618838,0.7604048932826137,0.7028434136170121,0.5542809213417234,0.6438163795961682,0.6377637994546933,0.6390698530697635,0.6438494047073562,0.6595900404209826,0.6157246313474405,0.6873286742930468
0.1833498848565255,0.7010234020803352,0.7034344020287749,0.5932044535808642,0.5949269779849202,0.6661172681093332,0.6759955475567248,0.6500221172769094,0.670336103400068,0.5923896289760934,0.6937514058595544
0.2519086211707463,0.6604090933999064,0.7284800431769367,0.6246045159258207,0.6095337736128935,0.6698130723327766,0.6487472683143792,0.621812744295062,0.6261549181744304,0.611770375910925,0.6882780849945744
0.1969378662244423,0.6769054586907586,0.7350963098368635,0.6434323702661323,0.632788701078238,0.6570146463978768,0.6610562798146915,0.6516179218709126,0.6460042336780404,0.6188562182630576,0.6714237549198597
0.22342285589748323,0.6781776271559166,0.6969216937843978,0.5980933060673542,0.5924527423925638,0.673821617101322,0.6483817901312455,0.6529269463512679,0.6067573793033256,0.6187663994682123,0.6481853682842633
0.2163367384203172,0.6940272706729529,0.7121346610033232,0.6275412465260299,0.6523524818902413,0.6424285081518695,0.6697604152908627,0.6557288514921795,0.65089292980677,0.6475774763379485,0.5864968465801199
0.12350053524542493,0.7054004378145693,0.6185430421760885,0.5549008684135022,0.6801869864167462,0.6531323261272596,0.6743610722398301,0.6453168866465434,0.6385489536802518,0.6733697428335776,0.6161761169532548
0.19202876132135893,0.7265685008812499,0.6687599276900278,0.5764802709218437,0.6651946374644542,0.6181091087079441,0.678379396812487,0.5963949951894527,0.6585670761145368,0.6059386643835146,0.6574327316340867
0.20901626328479475,0.7385980216845777,0.6754061394314699,0.5911347944153971,0.6720518300137368,0.6294712313505977,0.674075549738902,0.5882282597205172,0.6038629922612839,0.6034665795281937,0.6809819930213364
0.28698283851036366,0.6644996709497044,0.6965678303353169,0.6186273282801631,0.6730810792902935,0.6401573254945397,0.6738916719277954,0.625434563056882,0.6343684724017623,0.622754605270776,0.696036726237862
0.2525672941791073,0.702233504586299,0.738029932769172,0.6277572769555856,0.613684018278072,0.5730274102382976,0.7021927543457223,0.6175566607529887,0.623448000109587,0.6561122724270234,0.6898349593870633
0.26485457761254394,0.7264721052808856,0.707350194768895,0.5780751498699008,0.6433673501060786,0.5236607555387995,0.7217686779312268,0.6383176082511064,0.6670998281525377,0.5991074017736941,0.6624818990036977
0.18644717401657998,0.6888284852683128,0.7114399157777139,0.6083088643788048,0.6507778911895787,0.5975451631730673,0.7236539352145773,0.6273677218802582,0.678492675228842,0.5843854993353955,0.6829576132043289
0.22976459066987565,0.6275165196091207,0.6665373948126684,0.6309520256010589,0.6844989550646715,0.61881742801593,0.6508218284563536,0.6566407296827388,0.6375673403517408,0.6124910433943829,0.6980583039660812
0.20348411836064154,0.6594991420626236,0.6822185556912665,0.6581339960139623,0.6396378912786257,0.6618478649580094,0.6910056506759236,0.6662406181965908,0.6500320076226129,0.5919905966320892,0.6685392856955336
0.22603833427515596,0.6704388700916128,0.6258616319891973,0.5894344928812352,0.6701909199397591,0.6016384534779017,0.726716601009863,0.6135673431465771,0.6354905507624059,0.6027888316447623,0.6538602319818232
0.2018379869468728,0.6570100664740911,0.6439026435925447,0.5958405098969428,0.6275660951423859,0.6726351145758326,0.6596101655852515,0.6575076723646598,0.6599333778087826,0.6121360930976883,0.6848761544308872
0.2006935992808608,0.6774838112720556,0.6693076443143391,0.5568539242155705,0.6346836120063579,0.6739380715830302,0.6800463739363913,0.6798380887657802,0.670856877209757,0.6001462086914112,0.6248017155030575
0.272376213064433,0.6864013238176445,0.6994961980796576,0.6122217713593539,0.666124496380959,0.636529350356752,0.7004737831498803,0.7042489846061573,0.6822226043914807,0.6224667858205426,0.6362235926760519
0.2182467050807467,0.6877784568960348,0.7132876689202046,0.6099763128551965,0.616993646518844,0.6008642692124904,0.7050943254509123,0.7080852019116468,0.6897853728683558,0.600216616853223,0.6705203025045211
0.2776282627581645,0.7159920314510838,0.7066225955339016,0.6455334634575989,0.6238262606470867,0.629440476563181,0.6548870682514278,0.6869452249578036,0.6627006263101213,0.5963835905287094,0.68683642522681
0.15639773946093197,0.6599997539086425,0.7220957412625401,0.6377850623664866,0.6634812355834154,0.6300780237283166,0.6655291572074536,0.6992344143649285,0.6276779011692927,0.6519042079644186,0.620904128344121
0.21333906107668488,0.6489577594695912,0.7019820045253422,0.5951189058365652,0.7090269095345183,0.6233415631970505,0.7017433268493811,0.6330310990627558,0.6072102819184755,0.6562883931243622,0.6636490224670871
0.23614652433506902,0.6536232403927793,0.7031070021315766,0.6217182824430374,0.7061710043187107,0.6547550508536348,0.7251773490770748,0.6561530873339723,0.6165258751141455,0.6710377577928422,0.6384894628458356
0.17128495823782583,0.6563973063813113,0.7259294184726104,0.6506779292208983,0.5876482241444257,0.6108605575724697,0.7165542092180345,0.681342600510003,0.6300940034652298,0.6597030102113466,0.5416989978249924
0.19767256295486602,0.690672471457066,0.6853620565800042,0.604457711654355,0.606047547056455,0.6225319644530506,0.7185270500281682,0.6342440251663789,0.6123189214290697,0.6130775775722855,0.5788209842519366
0.18341480690072756,0.6662925106477435,0.7239354413980668,0.5741154262615638,0.6294610106765581,0.6618687397565413,0.689880630013803,0.6516354694367861,0.6216003339240868,0.5313154672552758,0.6840511536769721
0.21458399257119487,0.6723665061614399,0.7028906428026932,0.5998647825561101,0.5786130614589075,0.6810761735497525,0.7124028891567347,0.6704815023495799,0.6413724966306952,0.5720835191907956,0.6515121309736477
0.249605826321857,0.6298766395172779,0.6513101304339366,0.6207240514078574,0.6222412173364945,0.6937702637497578,0.720815011055727,0.636890648379116,0.6543537749867205,0.5990959763073609,0.6633230391199723
0.2667433707903971,0.6400015335619431,0.7209630812069703,0.5826882767500435,0.6404953294077667,0.6037369530844131,0.7245818240532703,0.646186758211313,0.675320930889449,0.6062019057778194,0.6566249735424464
0.18754729366776354,0.656396063621572,0.7572200393976876,0.5589649091008778,0.6703962229900553,0.6315894586706147,0.6959887018509058,0.6951885956280074,0.6988492828918716,0.6457122641874833,0.6657562998704556
0.2481799467952644,0.6997614712408418,0.7139069261085251,0.6221229055592152,0.6765937890901637,0.63247895744453,0.7024761493070235,0.6294532371284414,0.6217179988574647,0.5902024036347991,0.6653364991220978
0.20606274773738564,0.6819403303328042,0.6819966776048683,0.6306802812449107,0.664786509138645,0.6409116855320123,0.7081982207648074,0.662861260564321,0.6734610523027139,0.6291237425488323,0.693526158796677
0.21636470186507628,0.6611908230467933,0.683589613177515,0.577022150210456,0.6863326862846186,0.6645169520276437,0.7458490932598338,0.6783786180461309,0.7200153845404845,0.5270130253714644,0.6218956444769758
0.23328283075445175,0.6288744390117897,0.6882528445828646,0.5338724483102778,0.6907244042341196,0.6616914801992241,0.6953803547683838,0.6627757438590919,0.6709766599805501,0.55178047301163,0.6381654720275247
0.21152342656472922,0.6206712568547137,0.6770872777847836,0.562255470750793,0.6630167029906806,0.6783681617305832,0.7073985994827632,0.6553130213189577,0.6925701226474004,0.6065765890787831,0.6842076891378204
0.23438691826896507,0.6816977016051116,0.6942754741679671,0.5935117938383394,0.6859256148068682,0.7047209681642009,0.7077277165602729,0.6749133527663866,0.6569617472851383,0.6274863171637697,0.6972720491323177
0.25251770471940105,0.7013200086674513,0.7253315779910806,0.6333015527029155,0.712225706938262,0.7090334399295447,0.7118179395350324,0.6588996796968946,0.6432835855351332,0.6273235580624069,0.6433947613047236
0.27550203908203597,0.7046787222306201,0.7159423364617195,0.5522438063954196,0.6158808738002804,0.7189423016847083,0.7110620356338548,0.6531667466527381,0.6503066967916609,0.6289141445242692,0.6748794430032968
0.16304711407881753,0.7260932283462146,0.6916653175890954,0.604739446786805,0.6577830761060255,0.657371159046899,0.7126051528513591,0.62163953000905,0.6500595252341571,0.6465041962992265,0.6432336771647591
0.2070395562100762,0.6322185399599554,0.6650457818576001,0.5635833845457114,0.6704813497165578,0.5979921348420988,0.6164892320485851,0.6770605401059493,0.6589257898069911,0.6703986176329881,0.6525918712129779
0.23366907838032996,0.6474775855526123,0.6740637773684512,0.5993886376418452,0.6492277132061728,0.6273811151950965,0.6461200806593166,0.6682971446691902,0.7021550218639827,0.6087939418498081,0.6874286791265283
0.22848654182463277,0.678792647024101,0.6954512033594367,0.5421646499036051,0.6739035197244,0.6432921124707315,0.6217068996981229,0.6855479563338828,0.6231898111216545,0.6394279176243048,0.6733547182124724
0.2074733690283142,0.7365196993866054,0.6783527080818341,0.5207644848616849,0.6860751182692041,0.6477312133446661,0.6999820139651388,0.6922711978982606,0.6790428443334948,0.6484160904211111,0.6901642769570536
0.22561342907847387,0.6884636607095714,0.6869173907339264,0.6058461969464934,0.6990005196960423,0.6318117111817699,0.6690282235200954,0.6774701535212047,0.6829718599448964,0.6428258096989867,0.6851091367472721
0.24056825552533018,0.7068409406408486,0.6169229599744173,0.6096270616832775,0.6492627814853452,0.6768247683939334,0.6747021500027016,0.5930079648797622,0.6079853690953743,0.6116263530798662,0.7164038960512091
0.21828070350532802,0.6484401534191454,0.6488216959684912,0.6091475711800849,0.6703068153449749,0.5621425666932055,0.6824669288673846,0.6585428364060362,0.6275030598320446,0.6489341484672422,0.6490803988791317
0.21233949485425652,0.5714278077074767,0.6723602401032166,0.6310024325805356,0.710580919970858,0.6098791917819503,0.6840928181746029,0.6682666046435259,0.5991442788306972,0.6557055985839331,0.6198028464553068
0.22427794312916483,0.6293412827709144,0.6962937972913282,0.5771514778570406,0.6884928952187556,0.6183845004085187,0.6875650753898876,0.6326722848328975,0.6166725818834159,0.5413794887840785,0.6550149169479929
0.18639208335322577,0.6457721048993819,0.7078447504524874,0.5931917263739765,0.6797628119633563,0.6214378708145378,0.6088918336002768,0.6674891382059416,0.6438975014675652,0.6175195262515337,0.6928076963087659
0.23203718284389804,0.6693925789811337,0.6727732013200026,0.6540539596532061,0.6591426723302083,0.5993371589260694,0.6420236230899771,0.6975730663361135,0.6410659881233642,0.6349272896224585,0.6155287705881741
0.24930280773971575,0.5812329938576731,0.5981024631862512,0.6686448074507021,0.6816539799729389,0.639726982719523,0.711727843519566,0.7143545364452302,0.6205980515824399,0.6435819716409262,0.6414887888830794
0.28927808199202665,0.624264186805063,0.6469701682922757,0.6440040821315339,0.7035912874164026,0.6680908318399745,0.7250138732677652,0.7022075014132029,0.6648068036248966,0.6520533653765335,0.690018092070793
0.21833684904519124,0.6501779979924318,0.6255599125429856,0.6659612246768057,0.6783945927801434,0.6640096701589222,0.7251469850045087,0.6347668331332681,0.6579236452850798,0.6659632730128088,0.6692786062804691
0.21835568212544143,0.6742593450963545,0.691498131206748,0.6182346799397501,0.5964737376236077,0.6783743145808516,0.6444280248684566,0.6454909502166912,0.5908296715288005,0.631239048051866,0.6685463994773856
0.22963627471979636,0.7061901010366939,0.7305939684830984,0.6012494433482826,0.6318969994483692,0.6639887307134742,0.6938413669920837,0.6799559041697043,0.6438878172701192,0.6137166625454814,0.6709236095655358
0.2390093029494987,0.7287236037376225,0.6995943945350473,0.6339737826501959,0.6603557699017062,0.6878393674575793,0.7190041291510856,0.6823118412842665,0.6877078348936148,0.6002337183775002,0.6400642223587698
0.2341125699672111,0.6917773310101959,0.6799153476902698,0.6063804868287545,0.666283527851374,0.6760556336089757,0.7415636143403672,0.6519406355721616,0.6665849577834528,0.6054679844027209,0.6855328389696138
0.201560825537268,0.6483731900307073,0.6776179585660473,0.6527442937895007,0.6816525480061545,0.6518204624983144,0.7261053900504386,0.6899880763670959,0.6548102007802836,0.6322691129142064,0.6015285684208502
0.1771296338809112,0.5952340348530433,0.6833183907691651,0.6675718986725493,0.6841330132467011,0.652468271739689,0.7244665137316885,0.6739501672709952,0.6617455817869022,0.6268256093349133,0.6443470405406284
0.2341513056653204,0.5887166351917624,0.6740781292315032,0.5522084524121599,0.6626712012121054,0.6340617897777411,0.6941144973977657,0.6507033055026646,0.6402451374492368,0.638711270936307,0.6031591849509834
0.19570114159270027,0.6026199347542962,0.715076678670628,0.5964612833183164,0.6529093663136084,0.5957895543356724,0.6474509847280561,0.6634016577611632,0.6327151348453809,0.6437427665288387,0.6543371987165707
0.24988534871980933,0.643292619195927,0.6429976791978104,0.6001847468650611,0.6875891938066622,0.6568237777125512,0.6498021086439394,0.6583912141201568,0.6712437339003139,0.6850389788559961,0.6923091222673191
0.2050040066221695,0.6461545568307197,0.6602586476564327,0.6155385200134498,0.6993332164670518,0.645547948870586,0.6605723358774761,0.6699187630343973,0.5865103053958681,0.6505099742134317,0.6471394636693781
0.2506379523855872,0.6604234382076912,0.6980061112913105,0.5999137226696593,0.6798099903350359,0.6389677163469636,0.7314862082675804,0.6978225229405012,0.6047790916599907,0.6359390227346222,0.6485799387227231
0.2295434033459694,0.6540491526994077,0.7210580202550354,0.6049489657760245,0.708057609485746,0.6456178896647963,0.695033275667308,0.6183205907587918,0.6240861121317665,0.6380997943486085,0.6506983407110976
0.19019818317659903,0.6871564706225837,0.7038724125374329,0.6070576121265066,0.6560393468474731,0.6159343447027934,0.7191733949650301,0.6422102707653696,0.6759570461313285,0.6343021085124805,0.6635196983983452
0.17683948933059795,0.6352097674596532,0.705290741405793,0.6470338085103647,0.668577823095449,0.6362819157911781,0.6389645774918825,0.6608693134272532,0.6883414885224801,0.6201223660098167,0.6858431339646079
0.1799036621082529,0.6864141430338071,0.6407672785532611,0.5963362178994629,0.6763781292900395,0.6271467019660403,0.6939351935354187,0.6884492625153635,0.6582679060756119,0.6498217323023795,0.6993973627902974
0.20059888353217326,0.7101618263011777,0.6999364145874705,0.4791236796839894,0.5909909580537237,0.6377801102299601,0.6878228968210768,0.6760891108917549,0.6186387369489743,0.5892682264451192,0.6613890327502119
0.2462489814422327,0.6600426025761823,0.729729265847346,0.5396430195768926,0.6211648992911767,0.6342079632213884,0.65514614952866,0.6574935250813314,0.6874845665698521,0.6061146298471556,0.7012038818472079
0.2636138401106982,0.695462969235068,0.6549201662342523,0.5822523891988716,0.6363420481829802,0.6194198514047229,0.6816483518786276,0.6164319044188902,0.6259568178096265,0.6281690853041384,0.7119998256119651
0.26334756989581026,0.7195685004337147,0.7271225469336347,0.6151707180379878,0.635759965276257,0.6326206914366606,0.7035755619656598,0.6140949797391407,0.6281299030656796,0.6334993614054951,0.6730888696043252
0.14225740937604683,0.6852416643795011,0.6700828590835797,0.6090205887457275,0.6479282527394523,0.6266204917452103,0.6613845981669686,0.6555223240931223,0.6575245783867216,0.6182701735679628,0.7019180776687259
0.19161732780499013,0.6226813818602532,0.6721955802742894,0.536043217901933,0.6503113244677341,0.6139705214263765,0.6810018997351326,0.6187938446057647,0.6260513104226895,0.6551118901048256,0.7034572830953072
0.17811680523958448,0.6391607888035318,0.6771669287297921,0.5860794947168426,0.669631872898848,0.6657272320495813,0.6961324407884719,0.6322098809461846,0.6637341169107283,0.616366024315946,0.6606893154270972
0.19739514182505363,0.6598411960422702,0.704786717835683,0.5838782151038449,0.6768110873539916,0.5864108320450185,0.6222010970125242,0.6592328830666179,0.6468780282940219,0.6272695138153288,0.6938738234849282
0.2515478698222373,0.6703589496743434,0.7156031087797015,0.6296924707947148,0.5936742143179031,0.648417544753496,0.6208033298197551,0.6581725029463679,0.661277036211889,0.5917141585018769,0.7007276232270839
0.1985122852007267,0.7068890624071997,0.6848482343464827,0.6408103246678409,0.6110180545825604,0.6789376445384476,0.6334658359314784,0.6762053358455116,0.6788655221374005,0.605559760588515,0.6639791199349784
0.2220812034491651,0.7229528072217863,0.6983567826004834,0.5542788119578337,0.6808739357334626,0.628512061819041,0.6706613629868408,0.6561501084640624,0.6361239424627444,0.6610875221353977,0.6467717896698671
0.2100471462000872,0.7122387194076852,0.6650052883841165,0.5538047965637604,0.6956682320729188,0.6521123978677166,0.6918537789843646,0.6805651843790852,0.6391302794407772,0.6751878529105151,0.6634952907171543
0.21380569469637684,0.7310819067787062,0.6946060789077764,0.6138083190413608,0.5943121945736065,0.6789457669794278,0.6056651591351918,0.6321427193763817,0.6579360108486435,0.691032847928786,0.6694692745565427
0.19559179779527244,0.7082200737828311,0.726316033963518,0.5671000939073048,0.6208113880049445,0.5956810953262257,0.6912918854677628,0.6600350555894761,0.6717887577108272,0.6990925169031403,0.6804535011755137
0.21325731553920535,0.6653064709028442,0.7337044815092839,0.5682811730268663,0.663681322859163,0.6049031218289453,0.730147980254799,0.6937317571855053,0.6463601831294647,0.6580551169697036,0.6823684540971464
0.17412944377685866,0.6975451875012104,0.7272743203644189,0.5769791774430726,0.6687392823208618,0.6095787848508762,0.647638776235691,0.7167878402969858,0.6493868194581904,0.6581762325894809,0.6479886315936089
0.17966146771543584,0.7250409780990537,0.7202775897891643,0.6196776945442897,0.5591675302664256,0.6429514043638427,0.6770806923429116,0.6224176375622977,0.6804447665552347,0.5475598722074502,0.6706761525937931
0.1929668876429491,0.7435945664000023,0.7378826727845733,0.6615930788649804,0.6079323291906368,0.596740629046565,0.628952472042371,0.6281670287919411,0.6454246425838243,0.6096171715845442,0.6878052955124934
0.2304920171636511,0.7309856970492952,0.6027135757694416,0.5036340158842221,0.6275535689016427,0.6167857510281565,0.6428918960492773,0.67899826530187,0.6520762458354967,0.5999304332587431,0.6491156793020028
0.17601145651633654,0.6541982551510462,0.6353520977103506,0.5737699292286778,0.6447587779366939,0.6571489060287559,0.6595646962493268,0.7043603985004447,0.6026664199479582,0.6674455318892629,0.680850115693593
0.20508037312123495,0.6993596646834905,0.6667277115457739,0.5984830620919592,0.6426968324684056,0.6591972553619101,0.6743788111327473,0.689719915340285,0.6253181672241512,0.6661980322788336,0.7020685183517208
0.2181543884108043,0.6163062383105644,0.6674224706527631,0.6387958771655708,0.6149935342938372,0.6559887064253488,0.676251443401167,0.6034974252772294,0.6579455310423942,0.6238559229231047,0.7184062931496688
0.22866927606054768,0.6776109102153184,0.6863886778611563,0.6486760566176981,0.6759235834082855,0.661296360300236,0.7002676190354707,0.6154979293089183,0.6180264528130848,0.6069188026446686,0.6567892918868098
0.23248437437019248,0.6324568868452802,0.7151449694844947,0.6832895798016334,0.6822029067145567,0.6367869217190694,0.6429172701738384,0.653459814276736,0.5966043426045157,0.6234255835466418,0.679819981884098
0.14643096144711024,0.7070266960175676,0.6314712110647331,0.5556939999887316,0.7068855869018607,0.6488503964885561,0.6504172206553429,0.6346449412330162,0.6155196530161342,0.6316320110644766,0.6915794988659851
0.22198635870359085,0.7166723961874738,0.6669647351176093,0.5503906836871126,0.6693757659867191,0.6517964932307,0.6943470252113502,0.6511135970256108,0.6272611885616537,0.6744722204750242,0.6415527118864002
0.23199531483270142,0.6835361894781449,0.6985454678074317,0.590590097188524,0.6753656618294646,0.6597596639378174,0.6885979475515975,0.672331521857807,0.6433052441600666,0.6412905285696225,0.641296779796232
0.17316266966152943,0.6465417089631701,0.6623497940344304,0.6442905106994193,0.650796908539061,0.6516233878883138,0.7140887913091667,0.675419551021321,0.6692658414311603,0.5610492548243241,0.5864395988343201
0.21475599698613562,0.6917675354332149,0.6262285675083844,0.5668679806714968,0.6633440048362715,0.6527897675625347,0.6535488054537685,0.6424047323318468,0.6097871164391614,0.6044418372747125,0.669959906125742
0.244935227423265,0.6088085961609652,0.6543537683794792,0.6037499464288191,0.6803081139885303,0.6532984731939037,0.6151007771808842,0.6745954321992635,0.6688953357540125,0.6393535197216045,0.6797764332311212
0.22326510666322333,0.6097027905287973,0.6858085466705333,0.6379782607033553,0.6745107902536465,0.6379932789788025,0.6691060819587781,0.6824868901764658,0.6848895324816114,0.6761065151638423,0.645433457657114
0.22085591906264132,0.6336136946645481,0.7065396493949209,0.6085149638247123,0.7176771146016061,0.5833399363052095,0.6582791213570396,0.7072527161926012,0.706813608977982,0.6724075206895967,0.6511470844990691
0.22053893022613916,0.634252180384947,0.7238525604558924,0.5932122705916918,0.6415271646500218,0.6392145640294213,0.6782574579697307,0.735098897000486,0.6471207476726691,0.6146934929704961,0.6670308391147577
0.23544156122131482,0.6739017061745246,0.6512815628315712,0.5910235336098355,0.6547731857376493,0.5945048285268387,0.7085254956910414,0.6123132034533363,0.6311793749090207,0.691040151728382,0.6873546780716371
0.1952806781503365,0.6035583505991189,0.6929389054460672,0.6305184221224114,0.6699164553377273,0.6396562076067763,0.6943412665375976,0.6563547004108227,0.6224426057446232,0.6979159559952441,0.5920874373346461
0.2255152018604107,0.6618942699632295,0.6617701177630958,0.6129098726275108,0.6918102977987579,0.6485338785937619,0.6375093324208744,0.6680170201635534,0.672150141528802,0.6397134353453089,0.6292530877682297
0.22372031470330295,0.5095268355306073,0.6686336024082447,0.5421853655228848,0.6555540746537644,0.6836375124809362,0.6727944616881285,0.6824897500450277,0.6327049170430326,0.5796145866011592,0.6561422553813294
0.2791268514357397,0.592539096793257,0.6906636350448789,0.5821022125325367,0.6644150729347642,0.6885653843649066,0.6267742207059837,0.6873371759957513,0.6444117443996402,0.6256786190331056,0.6609487255114188
0.22378991647221816,0.6100946965065155,0.6564852073308817,0.6088718813337108,0.6713995297410503,0.6561793148188898,0.6837631997122419,0.7001578218416128,0.6477376102943642,0.6804565129611047,0.6331670042148414
0.22973265812938976,0.6292552512785629,0.7171322211933431,0.6082468132749645,0.688701375956005,0.6724084629235518,0.6770765447423326,0.6373647313099196,0.6585768607013511,0.6645708645440962,0.6399186649437115
0.1513184388289476,0.6562808400902176,0.7207168569811371,0.6030664920350283,0.6199662735872277,0.5958456117390258,0.6860343556675808,0.6082786292591656,0.6797714805027288,0.6149329849781761,0.6572587979565963
0.21410592773071235,0.5240401391453643,0.6564907579360839,0.6119254971238524,0.6435724176542262,0.6100814725213685,0.6773155097938517,0.6103154167488363,0.6722905187811449,0.6536811736666561,0.6832312199985897
0.1840213789676323,0.6151168222783034,0.7026728421372757,0.5644045188356188,0.6684345887360099,0.6233140178190022,0.6720811438110553,0.6415911089442073,0.6764292709585564,0.6549966387337178,0.6286542632898178
0.23039863053544363,0.6623650908220533,0.6766785772576762,0.524200240111878,0.6480354354900879,0.6351377623027519,0.7172330628682598,0.6370240229058429,0.6451965009433096,0.6569726346922414,0.6564638181361514
0.259462568153068,0.6236771422599325,0.7254434162619403,0.6081767212587837,0.6485472876733389,0.6053493656311788,0.6959659809803924,0.6596337694805773,0.6416890004975564,0.578526704704231,0.6903450316632509
0.21415153516561017,0.6503529757782185,0.6920830222330846,0.5345883704761649,0.6541794475167643,0.6452973043459342,0.7076209147490152,0.5831798341595785,0.6548791933726807,0.6425140742801267,0.7087339194915134
0.24202269493990353,0.6458915680366573,0.7198547277085399,0.563224860293593,0.5946639042125382,0.6383861536683597,0.7193640577872704,0.6498273183878763,0.6638945146901463,0.6380333253785465,0.6590177118677624
0.18603447121169206,0.6559380478654343,0.6667173578291302,0.5758916827959162,0.6135541322442642,0.6647601111510191,0.618182159617845,0.6704628966798083,0.6285693683114412,0.6695828394825879,0.6768107920532973
0.19240175083350808,0.6829839545047451,0.6597398022478556,0.5899946229610492,0.650184120094271,0.641186165984725,0.6235831300894079,0.6978935549546851,0.6423959156604239,0.6727070552829517,0.6502243915599338
0.2378798963253003,0.6895132847075902,0.6765520521430473,0.5708714292923642,0.6685729207272951,0.5675012665176655,0.6884978133847548,0.5982668115051711,0.6685441494375204,0.6552774037539062,0.6305798048477468
0.21588873513532425,0.6252729145759939,0.6990629229271914,0.6028031102677247,0.611177125829287,0.6017109464368402,0.7248377836233877,0.6418205406765034,0.6824097780616871,0.6352218687337082,0.6663768833564575
0.23280025773101937,0.6642358358550688,0.6636996389750208,0.6288680526268839,0.6497324369839769,0.6416360096168141,0.6520445129055359,0.6754413846777046,0.6874643574845796,0.6479182858788846,0.6058109698139906
0.2067077444592141,0.7075621541818788,0.6415058107645154,0.6418694637329503,0.5845245514844979,0.6570368741676065,0.6796418714210583,0.6768450666465795,0.6190088545789832,0.6185671932742072,0.6367972083622842
0.14690311984393525,0.6663763569497094,0.6858335259477029,0.5234925162810551,0.6466392633574816,0.6492606298612708,0.685191437516165,0.657410560525911,0.6224065597974953,0.6266554523340382,0.6215373415197963
0.21086395531478436,0.7223288329934888,0.7231590031644044,0.6241627058311763,0.6111667945801265,0.634393088029942,0.7138451490873812,0.6786882914680114,0.6410747428629626,0.6008120829802549,0.6316172703022782
0.2450836230534877,0.6457973190188622,0.6927322831353885,0.6327596973359008,0.6537762676698368,0.63330011405937,0.7292702305595944,0.6284747012644611,0.6409218447164403,0.6442839263608681,0.6695839227355393
0.23207810591433026,0.6889153342269827,0.7200196524899403,0.6519099555176473,0.6591501525876187,0.6374594554904105,0.6893614002039266,0.6409712734585304,0.6581654992094004,0.6302757357032228,0.7022507226027078
0.2396559216784137,0.7066259438650078,0.6644872319435083,0.620788019714383,0.655210673117432,0.533890123720179,0.6727969677130222,0.6317856060992513,0.6729133273943652,0.6328303739905439,0.7097015291190569
0.09576688664594601,0.7093981794965589,0.6657679638384842,0.5643970692936661,0.6620280193020256,0.55614629449097,0.7021004436162128,0.6079581091312534,0.6736865268387418,0.6340408544836766,0.7243151249187667
0.16202365307118632,0.7073382518222258,0.7096078240492131,0.5458518256144477,0.6677723125382935,0.5920662015032045,0.7392184422756102,0.631536937964195,0.7018376975986812,0.6621426208636392,0.647203598735229
0.2160536497593251,0.736332984397492,0.7416969778445075,0.5621580045185661,0.6768019747105788,0.6346661135599588,0.686681026661994,0.6702893372163706,0.7113016294481591,0.6520312962794916,0.6808742518365363
0.23424483367741827,0.6825475022407376,0.6662829749982758,0.558354504948941,0.6885045417892064,0.6091294455136138,0.665891805555906,0.6813771454916011,0.7260884175471553,0.6605092406866282,0.6118005741446356
0.2288784333902705,0.6842724187804196,0.6901138536377509,0.6051968643437416,0.7135297717291941,0.6581629643766332,0.6760002331151918,0.6744328968962964,0.6838286098681853,0.6399527287211968,0.6619354052737512
0.26128853027361726,0.6434595529762144,0.7079855800567258,0.6219175639807404,0.6861928293702272,0.6736060746023931,0.7002488488184888,0.6932697175254627,0.6610132204236833,0.6838576633509443,0.6702961626498631
0.2207655553347039,0.6448286925790625,0.6555058011409838,0.5757339041639434,0.6849959867361481,0.6598859543266772,0.646548221357539,0.6000028267904299,0.6698815683626694,0.6521458846178767,0.6667714360108286
0.2208240775085744,0.671035961619082,0.6267227874727195,0.5837580343524559,0.6479945307031721,0.6362928078097344,0.702001439341251,0.6003774279680938,0.7098945826299875,0.6544018405277332,0.6241173229880597
0.26115443108504255,0.680780968330443,0.6647692739154847,0.6093247838283398,0.6545308135361645,0.648850402753484,0.6637925617490559,0.6452275250693439,0.7295063271216822,0.6273103781606785,0.6378018442627441
0.20516728025570197,0.7099440481966137,0.667413481992143,0.587932681039502,0.6572707011845728,0.6513796295526113,0.6409552708584123,0.6777045202256904,0.5957359680042372,0.6490579198878133,0.7037436015770862
0.2083553860099293,0.6719302664319897,0.6476435016033009,0.6097908066150881,0.6746704420437106,0.6402273729418897,0.6816397040528748,0.7090336047298913,0.6188407821924775,0.6345587309372022,0.6232114259009418
0.2158378718869351,0.6691939817360754,0.6962630596538207,0.5380475893940644,0.6371724928863737,0.6493865233790259,0.7240917812635312,0.6306660147248567,0.6665186162793271,0.6521762517580973,0.6351334077876085
0.23156285000748555,0.6777315520120748,0.7510190329118329,0.5445118301509282,0.6604681608951966,0.6118656855539336,0.7245775599128053,0.6311461348149824,0.6576182013790038,0.6697604382152866,0.6766977618255932
0.25641548685278376,0.6276430137441348,0.6837951203101257,0.585342962432378,0.6614172652349195,0.574804362444589,0.7313925401267736,0.6350719891919236,0.6700043487381806,0.6763286521511034,0.6640813633259083
0.23149058139182696,0.6789528746984532,0.6261268071505749,0.5869482542775348,0.6632500762824096,0.6293323035503966,0.7347839894255844,0.6644416397659376,0.6711123436199424,0.6828468861549395,0.6735350537110065
0.14223317662058277,0.699068327100941,0.6601074323864964,0.5884287718977007,0.6684489716626565,0.6461235819629927,0.7422477001521581,0.704670264153525,0.6938515909445593,0.6214586740030188,0.678125747187685
0.21002232401093296,0.700960483140509,0.706384175025812,0.5996565260906348,0.6785360694054736,0.6605951489311095,0.7464147120037105,0.6936221554228372,0.6633293113670228,0.5835092271527613,0.6639608967659575
0.21032997897348793,0.7371934741213204,0.7083009250987903,0.632997776543776,0.6867261878757174,0.6644197988814138,0.6832959745152458,0.6144613727081725,0.6524737513049063,0.5722546067128162,0.6129494073768211
0.1869657319640747,0.6761577385645662,0.6460128570166932,0.6155546446054319,0.6677064615857686,0.5726221734548911,0.6318019912645888,0.6583088104943573,0.6441778992227395,0.6435415767405894,0.6546961120357899
0.19549575468113753,0.6542648164369256,0.6767361218526915,0.6193925132687707,0.683437306089204,0.5922357349699832,0.6357741779687456,0.6705951647501416,0.665966514433463,0.6821304491544545,0.678805965736728
0.19708590636517048,0.6525627630339687,0.651747913456588,0.6345507214967769,0.6908849451374639,0.6649969843511094,0.6680321360845869,0.6941327031889897,0.6844128806069099,0.7115836245920689,0.6789153481046235
0.2126693901971103,0.6124288794716228,0.7042519320044625,0.5559637431606562,0.6339734804250038,0.6386753092515318,0.6920024668357377,0.706197133497688,0.6968029635648805,0.6731976957331748,0.6222011709763192
0.1480675842365204,0.6390107264906713,0.726627976805827,0.5601744364049708,0.6571879477856137,0.6233994998768166,0.684054498977714,0.6579535676823524,0.6599188557409652,0.5861136278366644,0.6949905254362101
0.19680702885681167,0.6214096068808446,0.6944772919596456,0.6073028626240955,0.6661619418780858,0.624750339003947,0.7318850811087956,0.6097474464027453,0.6638383241454096,0.611076771108774,0.6954807932159482
0.21733664575695721,0.5675806593264564,0.7047266337722863,0.615922186834147,0.6814789433733417,0.6304058133337029,0.6839179107478743,0.6431986713540336,0.6783858653081319,0.6526200682620695,0.6703518934287414
0.14960681126984585,0.582994918871184,0.7260733386099585,0.61133228027028,0.6689353222303368,0.6397857671691269,0.6982540098498813,0.6861587249077479,0.6982970938368548,0.6335745284873419,0.6545756167360075
0.18834313087984458,0.6395454563148244,0.6797743387347938,0.6276831326488418,0.7047061357693896,0.6777060185730217,0.7141806054964925,0.6455436871861674,0.6431540119442101,0.6502301273739941,0.6711095520375884
0.19893804182966404,0.6662834026455935,0.6400150532066484,0.6345866023965454,0.6766246127781592,0.6649148674340134,0.674586040564022,0.6266444493203932,0.573927446368529,0.6996949421250818,0.6082436952663607
0.2527792465535676,0.7138917125896342,0.6429592290915055,0.5626699523124967,0.6855180364386185,0.6758821103613937,0.6808168291233114,0.6781032308902127,0.6076005838964534,0.6701667159671819,0.6526545124359031
0.2580523741158248,0.698273802580564,0.6274192344639048,0.6135913057241029,0.6328759002824933,0.636915755684138,0.6862216021626741,0.6994366406902032,0.6190280697064728,0.6244069573222913,0.6364501745497415
0.2801780463796738,0.5608784934574318,0.6733540801994128,0.6444156317967147,0.6518081781504983,0.5720425379062382,0.6840854893047784,0.6961940113195884,0.6143000751431724,0.6006340245691407,0.6386705734745033
0.23728756373143695,0.6246525042017972,0.707117527378132,0.5545581898148096,0.6799278762578611,0.6176964758861699,0.7106443839534407,0.6528958855066176,0.6388442273318797,0.6236337182320283,0.6710237909878984
0.21916696405093136,0.5232972432183557,0.6389715770292816,0.5622886165055934,0.6960699227193322,0.646163448102566,0.7093764503254144,0.6667402405240856,0.667986497585076,0.629076580069761,0.6314102555678064
0.22346318442644025,0.6368056747802866,0.6512993835403131,0.5668523181411889,0.6738055710999228,0.6570759559093375,0.7170595251506738,0.7057250935880958,0.710440826814682,0.6399070082598817,0.6600916333336794
0.1710195961100802,0.6588712205757091,0.6402741242765082,0.5295655896714023,0.649478289001075,0.6256150314912221,0.73980721058427,0.6542401724917999,0.6702728605376794,0.6428822317384151,0.6599290043823223
0.2154191155747453,0.6847837917768957,0.6523214840694984,0.5926160341313009,0.6709046918390127,0.59261760925384,0.6645988011233811,0.6325624095726708,0.7072795687636637,0.6672806987672093,0.6757169410183014
0.2356965083021191,0.7254246269776188,0.6924110501683041,0.6149435614884149,0.6883075052546908,0.6218100996357208,0.6722416709452572,0.6328527426575812,0.6570432863059026,0.668070314161576,0.6733239064753292
0.17296920435104618,0.7459694540475459,0.7023939208800496,0.5603697150870169,0.6965416219565618,0.6354646023708633,0.7009091952255296,0.6794658679864081,0.6400850673154551,0.6227032323224034,0.703651934424895
0.19522084009715787,0.7569133888172139,0.6786191027827294,0.5891060775634668,0.647274062167069,0.6176474717200569,0.7234915749409467,0.6584692661009085,0.6100721302326633,0.5978333596751847,0.67522921438907
0.23008092065902452,0.7585595701960213,0.6712277575444806,0.5961952300710736,0.6623824779465801,0.6370014211993166,0.7159011903655395,0.639687651226883,0.5783329803437123,0.6799854674768679,0.6708428498683215
0.23952767680744297,0.5666069715501831,0.7297560742123933,0.6305826910831569,0.6894992022252369,0.6626483112788424,0.6645823950724097,0.6369643865880927,0.6347506592184631,0.7087598227151255,0.6871303839674238
0.2556215962292794,0.6353812397796323,0.6995251094734873,0.6565040368515652,0.7042996623047555,0.6727686970031093,0.66857013849505,0.608306108807476,0.6390053593935618,0.6272168930124894,0.6897173812672919
0.23079913073877562,0.6390179301378849,0.7382736140432138,0.6388868803683984,0.6765670874225561,0.6768551783254919,0.6962940326887239,0.6058065020841933,0.6670948091740542,0.6550179491876011,0.6559092617822094
0.23845506584991763,0.6441871743211974,0.6360768938214774,0.5745557826696154,0.6633886257943153,0.5721008967855492,0.709727360076021,0.6234441942312425,0.7002863773224913,0.6228079658016683,0.6818357477183006
0.2653018006417726,0.6805023811869739,0.6463469468351586,0.5764413532311785,0.6434910747997825,0.6321402602397808,0.717803541012217,0.6033674707358712,0.6806920062174889,0.6408117250862935,0.6688479497148657
0.15015923201561412,0.6623303749013333,0.6344470045702232,0.5955973927202538,0.6612109719894268,0.5739880275825817,0.6541107729217617,0.6100912860254484,0.6733208414416536,0.643256378161662,0.7345328830789017
0.18240319870081761,0.6539296350135784,0.6675366105642699,0.5671315858224002,0.6739844719634764,0.6404349760029482,0.707155138469648,0.6648136133212836,0.6921123657633492,0.6522378273229035,0.6610514712481318
0.20997039861011696,0.6605569522656154,0.676523331763886,0.5445043158092103,0.6476001937425693,0.6290493625320256,0.6888035926580316,0.7177330603712081,0.6703347772779145,0.6149868858598192,0.6675690064018276
0.225437050363968,0.6764339237424293,0.6719072687236014,0.5616599319301177,0.6668073110778363,0.6374213545295331,0.6937377074036064,0.7278202090862389,0.6618391946617961,0.6536471977860767,0.6369070408044363
0.1322802125950882,0.6738722289341766,0.6825281345778729,0.5747334121644403,0.6734346484298932,0.6265564646038755,0.7007630370638851,0.5717824862414893,0.6446334285593944,0.6147430004089225,0.6546545987213068
0.15466980514305878,0.5706614197800931,0.6827932842428781,0.6020041552614022,0.6962175484684784,0.5682343209105305,0.7342420910206957,0.5937873853561035,0.6830131302404039,0.6063147238275644,0.6932738290417253
0.21678533292184507,0.6361040591850655,0.6919762005997054,0.644571776844696,0.685187638202023,0.6370196727746635,0.721337270735692,0.6786491182438034,0.6437364074561086,0.6092451072165149,0.648458364869691
0.22775526015840286,0.6389445505346787,0.6745394112881945,0.5329894331417285,0.6626796772248275,0.6388044626870154,0.7339263994467794,0.6877793154987458,0.6018378204601295,0.6590624698355747,0.6851726848758772
0.24694169121568987,0.6695366183460554,0.6012712811551063,0.5601989513275321,0.6483440318602937,0.6529773638177185,0.7280800527360137,0.659363182620725,0.6427483894274337,0.6823900381065878,0.6978681834089884
0.17443749561155805,0.5517457384749161,0.677606300251451,0.5811212388936751,0.629434135032856,0.6233120066455949,0.755740896036114,0.5728115173467778,0.6593568138420528,0.6674741639643761,0.7180252491236545
0.2181587903707104,0.47259874350119857,0.6976272585416305,0.5897259957397554,0.6673940485203531,0.6665565395493958,0.6967459454897978,0.6187420319879708,0.6451083836464319,0.6984135960925326,0.6509468642638206
0.25196497712916044,0.5880937128087507,0.7440065215585531,0.5918602146486067,0.6533079089826549,0.7064775183982972,0.7539095098641927,0.6525727678196664,0.6639435292107291,0.6182519940065787,0.6671156199176953
0.2065863808690065,0.6089648831483584,0.6837975347752254,0.609903843574725,0.7056891274463111,0.627534702048753,0.711665323420886,0.6118607255723827,0.6756336946992421,0.5953003299993066,0.6674054552550053
0.20761109375238315,0.6355111573885317,0.7052195521999292,0.6585097982978192,0.6621044787665241,0.6611330057857179,0.6532335043708828,0.5860278922724085,0.6739423430744683,0.6341459659483386,0.6679966896831151
0.21552975006833064,0.6761154931520994,0.7018272275656895,0.6637939812220244,0.5727822906917726,0.667344054248816,0.7044913752527131,0.606327199809053,0.7014867817283367,0.6382676332407409,0.6244222622813601
0.18306511781356352,0.6842315596162108,0.7187349996786799,0.6182877542343458,0.5579876496305057,0.6536144675959963,0.7099269420279064,0.6299633670969227,0.6431569832333325,0.5698420602344275,0.6419993560746307
0.2178680879959501,0.689095678226393,0.6157876272393972,0.6006946545654852,0.6251562398419803,0.6595608079371633,0.7259407228867805,0.6598303965550973,0.6877317420834268,0.6010039259756007,0.6522726361762227
0.20222194068171753,0.7197370357952193,0.7056394152737127,0.6031085515089392,0.6356832922313095,0.6314334060928323,0.6461708244757082,0.6651329802566917,0.6581267586588814,0.6072939588979576,0.634039702800916
0.1764732127433042,0.6522883083054525,0.6568706236856814,0.5970022658309369,0.6461657324091321,0.6427084171571618,0.6475439071068099,0.6119231387293367,0.6113133465257761,0.6320018069581961,0.6405562208413207
0.19244928660515226,0.6758208540055504,0.6762795749526359,0.5686940186600368,0.666445534914786,0.6238365487838652,0.6842641390542904,0.6307543533820642,0.615505665064662,0.6285766489636609,0.6546423118264295
0.19775264252133096,0.6574555202792178,0.688695781402305,0.6092787565685311,0.6924285691758276,0.6386627878370168,0.707968378783491,0.6309675745483139,0.6538352588201879,0.6175596395327273,0.6849587144010236
0.20541742500025062,0.6995138816036321,0.694092773358547,0.5733749074695653,0.6551878530159226,0.6533129377498785,0.700300175906989,0.6776441519015848,0.6351983157619538,0.6358461899767256,0.5773732335080144
0.24755316122798493,0.6257895675169083,0.7299913209237513,0.6163081118775446,0.6717438738339809,0.6550103273149522,0.7129071312916102,0.6363281813528433,0.6453093177614236,0.5764553381733413,0.6293628975735173
0.2623090712367483,0.6324117455112384,0.6691767668821699,0.6319513010042217,0.6715567389810104,0.657783585251208,0.6811826879439646,0.6709893927016601,0.6689766154487995,0.6036871270054686,0.6610501869986292
0.19477491946769898,0.6947308262524612,0.698543112465342,0.5564948075280457,0.6882026975475874,0.6667919766086953,0.6947915047230138,0.623903428673388,0.6006513539232581,0.5873809932518692,0.6287548913563893
0.2070891845479832,0.6526949841422527,0.7159476836910841,0.5649359545915205,0.6988879306238693,0.6988180138112923,0.7166809012946536,0.6588349417325894,0.6437188780370208,0.6189399957230962,0.6801403494623028
0.20204391549029957,0.6775755419579433,0.6745335400724343,0.6008462721092799,0.6839076469064964,0.669392441563616,0.6945436386908651,0.6421488136787461,0.6937284295692308,0.6375859437595295,0.6993035015708635
0.2522748693510331,0.6838269856405026,0.7227804598154564,0.5275830327583922,0.7037209700487457,0.6733512295622515,0.6395627898775633,0.559025477637497,0.6219470925683878,0.6648886990232219,0.7080634472473502
0.1981323148197644,0.729894359847924,0.6941168469654471,0.5650779676415758,0.6315438347748914,0.6773240185704691,0.6597087732324131,0.6140595879525536,0.6479201177724129,0.6178030760007364,0.7004369046229882
0.22536901107157092,0.7049186725646049,0.695450998196119,0.5248524608784187,0.651608268562518,0.6801118779877747,0.6979829415543162,0.6342931890933947,0.648535415969071,0.6693125375875607,0.6426854531026372
0.2257446814952283,0.713658060845763,0.6738540831292789,0.5479819337290879,0.6594298492167932,0.6681459166769314,0.7261730884866389,0.6594502914104814,0.6213512243003187,0.632439793198511,0.6816196780282375
0.18447951188020184,0.722420679685799,0.6409839451292179,0.5770633758175074,0.6376371419113688,0.6729239398315502,0.6995762132316262,0.6829044545456746,0.6552517822938552,0.6653251838810483,0.6758539540638773
0.19373754750768316,0.6517536091396687,0.6804629260659331,0.6205333038599705,0.6591544520761417,0.6597485267398779,0.6914828392102985,0.7103812074714668,0.6728627244934349,0.6833077779536553,0.6911456899262058
0.23164915963270416,0.6192406081158593,0.5793100780411992,0.5996431251068276,0.5849818839549847,0.6198322943111997,0.7165825166627615,0.6009234446510471,0.6758829239579194,0.6462432105003885,0.6927029243089186
0.15726674961844314,0.6452422282032584,0.628056710992463,0.537060639646071,0.6320690181889037,0.6497874867932674,0.7429868659836447,0.6520301762765429,0.6581933621631653,0.5995088497993498,0.6396139910851973
0.21817166664525345,0.674944183218001,0.645991808817374,0.523532135992635,0.6464152035910673,0.6576747215021495,0.715341830679384,0.6449594813602885,0.6245767064854559,0.6149444640547912,0.6800959025870636
0.23491560161633784,0.6723197069432527,0.5963879105349664,0.573251671610333,0.6467447390778172,0.6741798667988528,0.6511038294310946,0.6289741359732504,0.6499882214094952,0.6699322131640826,0.6548307056152973
0.14768204576000907,0.7027492038861665,0.6227709246740355,0.6181239832339772,0.6792270400712346,0.6918235709354936,0.6886099514812749,0.6651516652096834,0.6688949773340211,0.6747601233778386,0.6654568783857651
0.19493972790697242,0.5172357145670339,0.6409529590839752,0.6289717469535774,0.6272034766432797,0.6278437650448029,0.6486205062706747,0.6122043821786263,0.669968006283148,0.6495098445183127,0.6813038126278561
0.20106683390092056,0.5773692746549015,0.681436717334555,0.6183576093861586,0.6460272427833331,0.6528302192539422,0.6829088469628399,0.6457882828934509,0.6009263659277335,0.6773818905539359,0.6636204114317142
0.23570631543894935,0.6382786095801785,0.6329758157412338,0.6234539782451365,0.6606718172121866,0.6772293062212769,0.7269726737813278,0.688189589275244,0.6343710330727999,0.5795488076524781,0.676576294736906
0.08398374002399198,0.6902651547139285,0.6950863817866901,0.6287815025747253,0.6706195787523909,0.5929544591712342,0.6674122044934051,0.5715415999725494,0.6677675869542689,0.63753454258175,0.6860983675079111
0.17295090259067314,0.6202683375271989,0.5999300549852411,0.5992668260331038,0.7019599468619736,0.6311728750171497,0.7406776846185192,0.6214863684281687,0.6953893315290562,0.6455680942229984,0.5787435922047092
0.17567254627821605,0.6810394933293376,0.6407560554973184,0.6081283004159944,0.6843325045367428,0.6576549714406745,0.7001251628487105,0.6374865770071776,0.6251451012475231,0.6356256260025615,0.6022366562380841
0.18402436639206987,0.6848258940274887,0.716580971108338,0.5643157083888574,0.6503871106542717,0.6023618532102526,0.7112222999095033,0.6590121023564217,0.6711596350732568,0.6370894975977659,0.6312980858107726
0.19238718035937902,0.6849529351684402,0.6706342839649719,0.5877920333700709,0.6561684863428499,0.6361803582891774,0.6916738896693689,0.6406395673386833,0.668711330445147,0.6617334786534783,0.6481126183406225
0.1939077678074433,0.6651981784769925,0.7213999252692225,0.587467696474119,0.6751575315588976,0.6815322297363886,0.7177879754091442,0.5974442957721744,0.5912521947019727,0.6372453993641883,0.6553784511049041
0.2053387274791542,0.6512334886508967,0.6456559397547212,0.5738197748705253,0.6581626502315154,0.6805388403251577,0.6752150563406348,0.6143388493618711,0.616273947951768,0.6122850557474069,0.5738383968835072
0.18937495819786973,0.6694966134210294,0.6815871824545667,0.6131372763880083,0.6591114582467922,0.6354258826771672,0.6498878290321058,0.619118659997282,0.6468570460595813,0.6378282167477946,0.6171037004013716
0.23268449961750848,0.5791885928845387,0.6933165725032655,0.592104088107032,0.6691288016672814,0.667297935313563,0.7002320407733387,0.6032773807837791,0.6546551592349261,0.6359685799854249,0.6310700808177218
0.1641388362729539,0.6212879769803608,0.6163865829307131,0.6092678120271394,0.617384342600137,0.6071209173413155,0.6736561591337769,0.6627030743189511,0.6400331166239991,0.5870246062807286,0.6844536772007617
0.1803162626770889,0.6614033918008544,0.6453313370603193,0.5995004855351839,0.6615697394649172,0.6217935094510965,0.6476814588664456,0.6792320031632734,0.6548204172073863,0.6252488540216954,0.6674449481195454
0.20690205017957025,0.6469319650719075,0.6679359682503294,0.5934770064876934,0.5908423682724828,0.5863218236871124,0.6761149389116996,0.6758573788650951,0.6953319494763792,0.6755360746721637,0.707040979345697
0.21807219637687764,0.6749972070722761,0.7027136682623097,0.5368159289466087,0.63136094875751,0.6072388521765257,0.7079309608058997,0.6961497011112581,0.7217520705205627,0.6821862676620052,0.7053013639363266
0.25367253341222057,0.6675495681187994,0.732690928762004,0.597087318950642,0.636966031023728,0.6281911974828371,0.639367712941816,0.6966039022233832,0.7024365086124642,0.5163726734506792,0.6687402876266915
0.22244506292710672,0.6238840526285576,0.6568340161788869,0.5717850200724248,0.6386566706521739,0.6491120937855088,0.6635850642275973,0.6667442032253105,0.7059876321758314,0.5645784480594502,0.6601199838924818
0.19186556667527915,0.6414725412978566,0.6815617844363981,0.6130485437768087,0.6512407375826502,0.6691067889348706,0.6850132852313224,0.6700915880918936,0.698664774400331,0.5817989136329398,0.6933033757368614
0.2345298025957725,0.6834010913338203,0.7223846409809265,0.6520715607298255,0.6499599756883411,0.6442609765143432,0.7360110938844552,0.6829788166208939,0.6099095561606916,0.6079409872872307,0.6662810490784634
0.22934667390403296,0.6799476974852421,0.730466937100431,0.5608655840060656,0.6655571829813742,0.6689754171522408,0.6748024884708655,0.6840009523064678,0.6606755899236859,0.6325519899798293,0.6717745667676767
0.20932086431014185,0.7089529254311491,0.603713881836394,0.5778273809566994,0.6897738291446234,0.6990810478591122,0.6908221754053033,0.6546667797049199,0.6510622366810236,0.6255626046636202,0.6288114878338645
0.24196619970664449,0.6293070036103269,0.6734639107597621,0.5962590168883406,0.6705718406454995,0.6769541475384576,0.6904998497110093,0.6666237404654707,0.6841448227447369,0.6561130670687971,0.6584268570385432
0.26575675217837613,0.6541126314104468,0.6951337951874863,0.5597612841269705,0.6277460482012834,0.6855613854856328,0.6965801296289786,0.6583028106625135,0.6769838325997518,0.6114531180130652,0.6642715688923893
0.26652182251929024,0.6813102657066284,0.6882349349094381,0.6022423456040451,0.6664406764858144,0.6124077942086129,0.7046631065413405,0.7010540748016008,0.679800812292648,0.6220293398843003,0.6615840349160939
0.24914952990279676,0.7110591323401266,0.7165561236768128,0.5764915694931354,0.6506969045884243,0.6440009041030671,0.6905509005692375,0.5798910771526787,0.6706143465474854,0.6353069960310219,0.6950034612497595
0.2807100842550073,0.6624451286628081,0.6278419725663421,0.5600774700538224,0.6793144909019136,0.5967205348897896,0.6670773829821994,0.6260808936961588,0.6836539076894963,0.5994303333721029,0.6501081424410726
0.2653711278749985,0.681959587937748,0.671364273071637,0.5653854567203198,0.6701404724276699,0.6209501327393093,0.6973589743271496,0.6532532837884933,0.6489584283616266,0.6239941155963997,0.6628274597713137
0.24624844493606243,0.6998326583467992,0.6597674722056287,0.6094233112703437,0.6702885420756843,0.6383061338892415,0.6823824373847078,0.6579383242587864,0.6635445775156781,0.6318207251692642,0.683068279553485
0.22348409921835125,0.7126402247085624,0.5958886475764887,0.615433264541146,0.6149243638477856,0.6364355661212253,0.6837798144841506,0.668099958093618,0.6803032841773662,0.636667718860475,0.6914649846778624
0.2440576245390237,0.7058606575360424,0.6467058394419025,0.6138631229782077,0.6220605529084308,0.6672036832033801,0.7046574742362174,0.6977479408315683,0.6804559682232958,0.6716042534093196,0.7060948600933091
0.2043473855304855,0.7087161979359039,0.5915966076405128,0.5892871991811988,0.654090487772863,0.689061730654356,0.7335119618172362,0.6268967626706171,0.6491417394273884,0.6546404771920616,0.716472654964855
0.18655713753153247,0.5850993058523326,0.6417421493219966,0.6329104330423707,0.6491918198079668,0.6311404823632709,0.7027791271537503,0.6626225556640625,0.6406638823729146,0.6159818748161044,0.5523927714317352
0.18858324589297445,0.6406649416691343,0.6265210193469366,0.555667843646612,0.6500907927588513,0.6296330070540217,0.6665813851913067,0.6644626373434334,0.6305079931095801,0.6491621918408927,0.591451829975503
0.16403527797882367,0.6905831433703118,0.6382337749183551,0.5379960388143977,0.6870815940006063,0.6663811761801951,0.7002324765014811,0.6653738604346656,0.6380300102539687,0.6603004894973645,0.6222794900419577
0.16905537700204687,0.6370842125880135,0.7031095431477903,0.5810785215552025,0.6410387234962908,0.7163478270995489,0.7032739055547177,0.6468370791751443,0.6716633758164201,0.6851217119522686,0.6490176138376784
0.20513354505844403,0.7092968546186555,0.6176969016338849,0.6008957962199235,0.649408721127894,0.6956302035218759,0.6624483988806625,0.6651013816453737,0.6917363538469626,0.6855240466009964,0.6598835165819285
0.20869858763602206,0.7042778240982237,0.5852883243918091,0.6140138527512194,0.6844724308037867,0.6940498294244845,0.6740011734634,0.6252297460943339,0.6779312751006684,0.6058034313847448,0.6230101593680145
0.1996212264861185,0.7103206875300216,0.6583834158117849,0.6166025255696927,0.6746153061114305,0.6848374554657543,0.6807664026154938,0.6762567043814333,0.6654574004240024,0.5893640929957656,0.6510679632531791
0.2088964086966399,0.6658300544378098,0.6599917642210928,0.5571457889462358,0.6821737904485095,0.6906338071320594,0.712747095916179,0.6743019109137206,0.6675060317355221,0.617563547958049,0.6677673024772433
0.15664707417709284,0.648621407254113,0.6526930248803212,0.596039025444093,0.6748098406069968,0.6309224505520682,0.736057877952079,0.6854333127105106,0.6367470904700243,0.6357811617730385,0.6949269976162273
0.19746339037377167,0.6967448652583103,0.6904240101133559,0.5597172516894624,0.6319874488238786,0.6525096826219929,0.5659988843359715,0.6361597753140238,0.6615951373985809,0.6339125620999233,0.639337218658405
0.175833808579557,0.6889742548190386,0.6641085265856818,0.5536301943752022,0.6178873521178957,0.6674758189175778,0.5942547918780164,0.6261816488678842,0.6779404835288374,0.6550872219178585,0.657877005410024
0.21982543057884277,0.6013226389461773,0.6291296786984786,0.5707805364870873,0.6380329156889333,0.679557537140935,0.688310124495136,0.641870164204591,0.6297126621951766,0.6313577830080491,0.6671616531255039
0.20820293500920778,0.5839167655878753,0.6552192571750061,0.5794520264525633,0.6106344008247068,0.6121967974997676,0.6893573311527688,0.6372950995376062,0.6573101353556241,0.6074755874716381,0.6921299946836685
0.23645805559006286,0.6546642752838109,0.6731056078678711,0.6107272587552985,0.6536772661751599,0.6024103809545798,0.6803985434086741,0.6527652039102232,0.6693934865575273,0.6280698939506534,0.6304614452464252
0.1954346561687506,0.6582702363423969,0.6868349517146433,0.5838184922339968,0.6318334715298414,0.6433412379049626,0.6382673645718082,0.6749206203683845,0.6741986393231356,0.6591632930491267,0.6455798837069716
0.22424314519244168,0.6687095930705327,0.7047954230747375,0.548339513659732,0.6558766828039528,0.6651938898425156,0.6782731912247493,0.6081285505691817,0.6332829437212243,0.6496896835352884,0.6186748266532079
0.23413067696174095,0.6785564210926073,0.7068932699763094,0.5855945396506437,0.6120601563835614,0.6536492233660013,0.6870265726703896,0.6543068652388249,0.6572641888561659,0.6509006105036672,0.6436779466874019
0.2678591132317789,0.694978147365866,0.7077071908290615,0.5588437330519447,0.6660444030956894,0.6531443271138263,0.7094308766122293,0.6104208844116671,0.6121800514646715,0.5547704913217646,0.6479379712709813
0.19904067397541264,0.6938412696882844,0.7012357438825912,0.5620452591221883,0.603120532259521,0.6686728748013835,0.714223188527469,0.6267232571378472,0.6114490979413209,0.5941443173439444,0.6798789970163843
0.22865265417900887,0.7029964077010868,0.6977851003484024,0.589836309728616,0.6229455722155143,0.6588149344267137,0.732905146033536,0.6738931752404165,0.6293244014677088,0.5460201123047771,0.6397053681999577
0.21072377692449692,0.5682091723040334,0.6693627359117944,0.6182486238296929,0.6697023848018175,0.6487405555888863,0.7247045657405135,0.6258877144025591,0.6405139338708283,0.6215826324101335,0.657479626722056
0.22055660647333378,0.6310770956065657,0.7167252611564787,0.5572324816663191,0.628549616537962,0.5905068323676722,0.7340486724512916,0.6249798494522342,0.6560169326570036,0.6705769051209237,0.6226674589876575
0.25258265151765824,0.6574266013375133,0.6721400802580008,0.6089940347697698,0.6625004980071594,0.6268155067539847,0.6678116733219309,0.6423993524488982,0.6676170963595813,0.6254006305616093,0.6475988435457427
0.1782025942928255,0.7067658774942458,0.7009575947386533,0.6268930421674243,0.6856511994781375,0.5702664613833499,0.6503280372703522,0.6440566049065852,0.6840150284597974,0.5846061209260001,0.6669571453278873
0.20067014982059428,0.6976787391884197,0.6597493327797774,0.585708384023931,0.6867090447183262,0.6022611480885317,0.690775629389315,0.5916475008826187,0.6617795023430392,0.6246797122479258,0.6719400266955604
0.17926369005273987,0.728928096129968,0.6810578632755432,0.4980218656702779,0.6082153876998633,0.6131806559781431,0.6234958901754445,0.6587186714234715,0.6508160631680204,0.6463861925924357,0.675505349705481
0.17226320804600279,0.6581201981841318,0.6493933914461926,0.549349912417745,0.6213214484879744,0.6175244744051395,0.6719478353129287,0.6879936607391786,0.5873970980432431,0.6768666891998569,0.6819001491680865
0.21388608163387263,0.6139131102369334,0.6663005735448367,0.5657679487217417,0.6855937805130825,0.6414237213867573,0.717402249175013,0.6803705662418496,0.6216339072751044,0.6119831390957833,0.6250227195118463
0.2322424222000436,0.593118737531295,0.6165323839557186,0.5864518719444793,0.6675085921537863,0.6577044557528622,0.6800214032499196,0.6248792533070868,0.6676757510836284,0.6093728908117084,0.6569497331008305
0.270100262354696,0.6760570092507395,0.6536088136392224,0.5977741396881535,0.6738840858437868,0.6533249972288526,0.6820894950753928,0.6362599472433593,0.6930450276908076,0.6576141614186161,0.6515454861355832
0.19152773165547224,0.6936107070772843,0.6698580165844079,0.5997245813939077,0.7154384675559498,0.6803175286390668,0.6489072557347924,0.6272225057621754,0.6555299781336735,0.6355246215428882,0.6041654311482678
0.20744965905638668,0.7127984551718781,0.5959593785259288,0.609882148609129,0.6180549873935808,0.6492791941682091,0.6918247997729572,0.6294936094397656,0.6797559034266096,0.6704661128442286,0.6385526443742577
0.1557200330787523,0.6525811794899101,0.6534538513811503,0.484219553165767,0.6348073762013058,0.671367386836073,0.680199558473714,0.6543857156618782,0.6247036017652519,0.7021733252451263,0.6774037842309455
0.19366961054601767,0.679801220454322,0.693853568412812,0.5213392651126307,0.6646087543637823,0.6220990249619635,0.7008076085082993,0.6666775782514656,0.6322167865195797,0.7168975993675133,0.6587980463099057
0.19625357195299642,0.6875195566562574,0.6168964023873671,0.5517185070358029,0.6675973386688668,0.6290822913102136,0.7194463443659376,0.6091021791679581,0.5908569410167311,0.6630422889531904,0.695277069508285
0.19855902220084373,0.6464431826452953,0.6559478131661731,0.6155553482763725,0.6553906687145458,0.6296016098055164,0.7008045483665013,0.6631373336091364,0.6233727748521032,0.5923945918667922,0.6937167406165528
0.2449769084489808,0.5785941093756726,0.6975621110548769,0.5399921253939808,0.674112920644622,0.6074136023249793,0.6603095611007622,0.6544334481877812,0.5955222396195164,0.6203743665361215,0.7065571388684189
0.13545148231834986,0.6551284066849028,0.6988611610538773,0.5484022098015569,0.6633409392396222,0.6206883153125669,0.7000194964715394,0.6671845775602265,0.6667537712049225,0.6572687097228558,0.648050852613625
0.18515538792817127,0.6985553065838728,0.6323528729132607,0.6308017690759162,0.6857402056836076,0.6370878402759546,0.6699586055493579,0.562653297355119,0.6836015899844381,0.603599486263354,0.6708969124646316
0.2331317798645666,0.7062487073535946,0.6755256301878736,0.646674704317623,0.7158334022164716,0.6297876081670531,0.6862631382490542,0.6420933083075757,0.663677239244452,0.6531599790329412,0.6810871849292488
0.2387415784754375,0.733811212645035,0.7098936091007402,0.6408458758832748,0.6275771156321795,0.6699041702737578,0.7114480965307295,0.6041243636895076,0.7037958753298543,0.5386677542454471,0.6419980028918749
0.2306535301133725,0.7368929232772724,0.7279329573688254,0.5182794123932921,0.6576347477386897,0.6105912241236094,0.6752022294202928,0.6355277050878415,0.7122475232714741,0.5727666494621864,0.6576815710274784
0.20281915477380727,0.7388309617342463,0.6933410964064233,0.5485875538956412,0.6381304811448503,0.5968345496583057,0.7108062078341372,0.6517628653532088,0.6761419135861205,0.6125442122874647,0.676483874092073
0.18056003929130715,0.7354457131602696,0.6574965300033475,0.6064279991993842,0.6811378563552981,0.6267872735033007,0.6894049830988558,0.6326586443227906,0.6807161635285943,0.6209115738101649,0.7072444351448606
0.128111816646368,0.764764833827745,0.6910122264692377,0.6225245675394683,0.6657000111211013,0.5942566902025237,0.6849864758465248,0.6494156547844953,0.6748703710049272,0.5750477817734746,0.5916927365365576
0.1888768845241911,0.7370763824771083,0.6613221570374397,0.5664464935210052,0.644177999081194,0.6770766241023977,0.6482353899932677,0.6323067688073379,0.6874094950319765,0.600822967114695,0.6305558411264268
0.20191674477986804,0.6858238256543521,0.7198285776918122,0.5721418807443237,0.6591965387905349,0.6782651179786983,0.6697719196329056,0.6836931395564564,0.6673865964475066,0.5717766329039353,0.5882874803382883
0.20034568094151511,0.7419182548661312,0.6517065300403453,0.5847468561124494,0.6552563984718213,0.6375561069617388,0.6808383950694137,0.6346716710598357,0.6908753852378982,0.6317104343953786,0.6285169140799169
0.17469095811447455,0.6569667624646621,0.6265657485078161,0.6461207759428594,0.673934629080627,0.6484560461982594,0.6904400714615451,0.6541455843797699,0.7032989216977653,0.6639593412113577,0.6548535026901223
0.19434512945064455,0.6838612105269001,0.6687198148746976,0.6323694885193352,0.7027434125009935,0.6520050808415297,0.7075667866679727,0.6697164294658373,0.6180736478109142,0.586469039310109,0.6625355769546779
0.24040556101708088,0.7154645116616386,0.7131410763148173,0.6180440833506583,0.670164519878897,0.613621629855081,0.6939766850439215,0.6076431229133771,0.6723951536075574,0.6296225499055972,0.6586924079508463
0.23315840422450163,0.7281699301045632,0.7280953751912278,0.6218871034897875,0.6860880439120334,0.6458162158362253,0.7151889032233609,0.6377168307361436,0.65640415123536,0.6185145777647164,0.6244074067245292
0.24692031004583895,0.6855020048557371,0.6948763590195989,0.5731614874603012,0.6231375384478175,0.6797639286651895,0.7321078320462404,0.6522191689875632,0.7073776094101231,0.6407177497979647,0.6199237008686608
0.2531549942456421,0.6562172111030713,0.6888474050466316,0.5347356029861435,0.6462595658914609,0.666404251507778,0.703977267972854,0.6346860114133215,0.7098386691005885,0.6757428312325295,0.6543934878904516
0.2812088107838916,0.6474368289508045,0.6678124954584236,0.5990793342459864,0.6093339101841532,0.6205955386678984,0.7308004623053522,0.6254101774936509,0.560677431882433,0.6864765506099468,0.681044230804943
0.1823378317224428,0.6098479861799052,0.6288243312715182,0.6015192311282204,0.6160112451461424,0.674241298441427,0.7310816953448033,0.640758628157742,0.6112424816148376,0.6655217326324877,0.7144551104008408
0.2046690993210355,0.6489819291556849,0.717531161476373,0.5397354945225855,0.6489086124699697,0.6369659178571471,0.7497341304280223,0.6406069577981147,0.6432449034588813,0.6349234854176737,0.7252728013547507
0.20542190416418504,0.6594825438136008,0.7339801439166949,0.5897458236254418,0.6514879662869457,0.6459796710245108,0.7288109671072517,0.6159869193143512,0.6555537229538754,0.6389096692641023,0.6660452021282045
0.23376462208663384,0.5918753620523628,0.7532692735847972,0.5940570273985653,0.6610550115131127,0.6845881166653156,0.6709274310011278,0.6385718029436336,0.6566266009849084,0.6398680500906218,0.653127072673333
0.24291093672822667,0.6222725916372215,0.7046044363549877,0.6441732813187532,0.6620191105621149,0.6331443837140639,0.6829831584008528,0.686628106904116,0.6794965644127736,0.6468116258195006,0.660781031957164
0.2187658196950129,0.631560319075217,0.662450530067923,0.6103254061949013,0.6366031714970243,0.6608786999000918,0.6678139789824605,0.6778315843568321,0.647309497206274,0.6525934647545538,0.6983301441049483
0.22069520954326283,0.6781894490904036,0.6658618315299006,0.5783372884448534,0.6525883401714503,0.6901954362901181,0.6895349911319983,0.6728050657018538,0.6496365105063694,0.6198333370828485,0.6883298618156252
0.22412552114348408,0.6703951643071189,0.7024930158667109,0.5979653598459171,0.6711836008049438,0.6245011969465585,0.7030682534644408,0.6736720301401581,0.6562707405822995,0.6349070658634522,0.6962756326188999
0.21579253569202345,0.6429522241099568,0.6427407177092088,0.5172172099975461,0.6774151402985522,0.642692930474769,0.7383337704495508,0.6539059605720783,0.6735662196210268,0.6623339694466512,0.7130067744620314
0.2182982869320403,0.6821153376828208,0.7057629332360844,0.5898432833933137,0.7053417915661029,0.6524308392630569,0.7402022519006448,0.6625684742859754,0.5802730185360832,0.6463863364975634,0.6386741349741126
0.2038979597273527,0.586212526501496,0.6784029605750223,0.5726902454485033,0.6581953166104206,0.6455488777733382,0.7028705574546522,0.6482106538086487,0.6165675739027723,0.6727216082772585,0.6445145691931926
0.2083848429976757,0.6738359157971261,0.6891598745704945,0.6003962645520733,0.6879252577492017,0.6251941013458615,0.7171613964967851,0.6531770014842357,0.6543846678747989,0.6721435603377643,0.6776212442989119
0.2108855203019553,0.6774805309199297,0.6450727584995523,0.5803843415079821,0.6506770072321693,0.6514811084939043,0.72665308386089,0.6438984285063767,0.6790250326379756,0.675950136240387,0.7039707038663755
0.17608991127734153,0.6830217854088105,0.6695413932363741,0.5335551613572251,0.6603939913184664,0.6575162291501477,0.696010762267366,0.6094440733187241,0.6386611612064637,0.6191950783338851,0.6860250175078734
0.19495800479944492,0.6714552805486307,0.6875086610592545,0.5456073562727238,0.6617797714851414,0.6742228913780643,0.6691695823097946,0.6562631702549139,0.6545219324791648,0.6383029084230076,0.6860286132421513
0.22344708943218022,0.679491537528389,0.6072688396567087,0.6031901785525511,0.6666295885782233,0.6778839409695774,0.5965926040863113,0.6508377202355471,0.6839201473691816,0.5949265358188053,0.7060411697763748
0.2555604384173542,0.6503224223443225,0.6652152970803479,0.594464435683118,0.687887219625334,0.6928768528204171,0.6491248245122481,0.6461549999316825,0.6534868391091687,0.6589594399626924,0.6343379501077068
0.26130800625289174,0.6498909124481541,0.7058857863730859,0.5969523285095446,0.6648940508518887,0.6664439227144142,0.6827478042596491,0.6717914333517774,0.693382470190305,0.6514318484985764,0.6520414880379505
0.23241215159004963,0.5387080390945872,0.7037549332142955,0.6015181605454276,0.5793733348650025,0.6598104629443479,0.7084088657224975,0.6043828870718786,0.6267984901913386,0.5861778721342978,0.6635109129892249
0.24973610982405556,0.6206588984973883,0.6442696927360657,0.5792758636011636,0.6371394898358316,0.6765632734976192,0.7288879530063886,0.6045638171060772,0.6872479166964462,0.6271063070773292,0.6789454707854105
0.2258950929397759,0.6303741937435067,0.6000830721479329,0.6223519952218228,0.6510035991035625,0.6696951045577817,0.6840569182636964,0.6525954179434312,0.6355502294600763,0.6691591467937148,0.6967662112074983
0.23807746306107977,0.6413610884296451,0.6181899504003654,0.5985414094442207,0.65554466145263,0.6406613122833901,0.6396392629869238,0.6379057553908218,0.6179981741060742,0.5983688819084153,0.6703276230827938
0.2410084606794094,0.6528747527482821,0.6631968992006998,0.5865165268915087,0.6890306549213447,0.6410092052906777,0.667944012698934,0.6426631410096797,0.6351814826628002,0.6408046986646826,0.6290091950310519
0.22905312448071363,0.6898694058461308,0.6907998130245212,0.5775263911888692,0.668193937784389,0.6562338111880233,0.689146442007681,0.6551253706401778,0.6467859005492012,0.6659661732281769,0.6604081774864602
0.27333488255669114,0.6710813242010103,0.7176606391459488,0.6068088296306066,0.6434355925522058,0.5917650898425947,0.7030093497210442,0.6604700644615464,0.6573956574688347,0.647560937523829,0.6716577699173145
0.2345011470496214,0.6392454355007969,0.6574699482272962,0.5826501195041307,0.6154913440136734,0.6230475014232073,0.7321898423324804,0.6822735166661034,0.6614301465435133,0.619941420985893,0.6977600529850227
0.2601576489009363,0.6818474932233813,0.690024668408317,0.6086274117281013,0.6362457101089112,0.6487840051101235,0.7278928722264594,0.630391898679895,0.6677211359518007,0.6268540691561101,0.6221510156984932
0.27599497174984344,0.6864516833688838,0.5710176874002697,0.590405817420227,0.659539432616615,0.6522496843075949,0.6736234506427234,0.6502836529077503,0.5992746340560616,0.6703301844052771,0.654369302970407
0.20054125345579668,0.7171619581831625,0.6085423595287469,0.614677248313733,0.6778989748591825,0.6414003138483722,0.5887102805031754,0.6492719115308035,0.6267004312707081,0.6683412326633263,0.6543949952885033
0.24075954122982973,0.7172531730695705,0.6214263732632086,0.6239256092227017,0.6389419277965367,0.6525149007077933,0.6487685364166538,0.6532569911623183,0.6671777263537962,0.6713947606548648,0.6596213660219421
0.198176334104212,0.7680250815416187,0.6513413720308852,0.6367353421997812,0.6455138360584383,0.6564847681716056,0.670616119404482,0.6456210096726033,0.6806642025741918,0.576452842495967,0.6787852275952435
0.23462886863659282,0.7430880135661859,0.6407702127139047,0.538694743506056,0.6622909623847382,0.6281322178344693,0.7061566625575162,0.6329988731560157,0.66570222058786,0.634940787893034,0.6371080568316102
0.1670995219775409,0.6763366915002881,0.698248907537939,0.5786728662147982,0.6707477260783014,0.6381687854275917,0.6947119006654695,0.6565735722155457,0.6377909519988105,0.6588005218203733,0.6697676016214835
0.12949724543111585,0.6483137741883821,0.6660124078342692,0.5362625623098604,0.6687154858277223,0.6601823502133897,0.7070233706710627,0.6306079011400795,0.6331006721022617,0.6832526619160144,0.6865624578463524
0.16024825136886434,0.6172698459460523,0.6967837101173484,0.5711056737989075,0.6521398140403709,0.6374762304795845,0.6580324361777055,0.649003515064319,0.6405919908200748,0.6958431890407376,0.691857127611795
0.1820740153187999,0.6468520312323217,0.693424044467697,0.560796585418228,0.6214602906340414,0.5888772292551271,0.6963683312721334,0.6097959044241215,0.6474442111760014,0.6984423806532207,0.7228100775324606
0.20446733779411233,0.6594838976604835,0.7096435417211244,0.621790381317785,0.6398016814810394,0.5888122482289757,0.7338213794272717,0.5891473255260379,0.6521935321385897,0.5674448754522673,0.7250812338950253
0.2259715388759176,0.6260677729887759,0.7377894904658926,0.5273827133171191,0.6374131371934132,0.612340710778216,0.7135502112391758,0.6148841429104581,0.6531180230718598,0.5911586863713212,0.7302036820668496
0.18547764754069243,0.6540925371227369,0.675414317978158,0.5860621628493672,0.6443704077610075,0.6246829499623143,0.6814973329702302,0.6209684111301644,0.6748807866184299,0.6205102333845092,0.7027797852412996
0.18150634811431413,0.7227014366427958,0.6160806913878454,0.5344657705759349,0.640328832931899,0.6895297875669666,0.7025198986315999,0.6413764634202681,0.6579046966015178,0.5665903139918881,0.6646952360234066
0.19390323337884485,0.6338368868188311,0.6775892189472054,0.6127253891082466,0.6075114028556875,0.6412368035215887,0.6506424752357726,0.6286320401476603,0.6213939724369828,0.6002494240366688,0.6891158381156388
0.17686466427915154,0.666240479983621,0.6340378476802515,0.6136239058011375,0.5675941773752855,0.6433495342121278,0.683734986679511,0.6532300008562382,0.6625848119512723,0.6558001167562624,0.7193963771192156
0.2195464315502,0.6877003471135427,0.6393568819938394,0.5229316560968156,0.6005218044408398,0.6629947259614324,0.6722426944521188,0.6730583440832276,0.6427314284256904,0.6921275564339753,0.7077462322418443
0.2529591523074423,0.653404402752993,0.6737342798172803,0.5740179303193147,0.5923780571521493,0.6995604638728194,0.6688220444650034,0.5911345611206706,0.6320195157774896,0.6181558127263265,0.7002084346508757
0.22408890793115102,0.6866590127995127,0.5991109143773177,0.632471277741302,0.6199983304146235,0.6213102319491325,0.7067405884544966,0.6294156116397094,0.6404329727207607,0.6017706005424609,0.6638899833244589
0.22530394822437033,0.6873007167076364,0.6369048548063952,0.6434800809290839,0.6365718299525276,0.629943231323757,0.6930985699072164,0.6758147418430084,0.6407643721760656,0.6487490140473096,0.6734476924037023
0.22479256710279447,0.7199409905706093,0.6591270977517607,0.5996672252828313,0.6754074301039763,0.6608601160871134,0.7033707812531441,0.6344378256943068,0.6620979806710524,0.6545902924375699,0.6686756680087326
0.1685916086874716,0.6717506647942655,0.6713411680774581,0.6210765123766157,0.6593616575193121,0.687047591433751,0.7027489705938899,0.5701687205288026,0.5806755284914317,0.6686139645998318,0.7005866604866018
0.1917804328635709,0.6900602574700121,0.6905887861720843,0.5507609635090913,0.6766874809947065,0.6509946079964414,0.716568805545617,0.6506681576536111,0.6309060677031838,0.6625914117937395,0.716046998913134
0.24676684146843025,0.7251298267814351,0.7276534758216124,0.6354378532401328,0.6907870948846618,0.6229385021148025,0.744579716044685,0.6607382791512834,0.659177613272265,0.6748151895933429,0.6883041054523614
0.1554245951086311,0.7291026346704664,0.728164753245183,0.6050024625903725,0.6778146088053804,0.6444437036920063,0.7078354043882743,0.6570672174613269,0.6974130796601187,0.6295223817871662,0.6994794898704575
0.20109232368348073,0.701666617522889,0.6873491439641581,0.6160462523502992,0.6210480536200917,0.6128385580651234,0.6628895664541108,0.6308533352400222,0.5862703686531786,0.5713389446805516,0.7149153325626811
0.22884066726976154,0.7069402438609782,0.6882866223331847,0.6183082030746501,0.6144969675654277,0.6344277104537733,0.6640888768021638,0.6465702831947582,0.612592498613329,0.6199478645913896,0.649996018189094
0.19394518607864142,0.7187681584555315,0.6642486305535269,0.6079442499628219,0.6451546844169765,0.659380935652027,0.7149828491945445,0.5750821314643484,0.6165473450548048,0.5950821526437314,0.6179387347763753
0.22737930055945677,0.7002865043400445,0.6810700822070686,0.6121964052277518,0.6644852242960371,0.6477481601617233,0.7256860193811447,0.6252626517013964,0.6662566981741951,0.6491075238665586,0.6505794043166908
0.20847391686617103,0.6039655692027946,0.6153175407283943,0.46404202276579765,0.691005778241603,0.6698215107369816,0.7323984497809815,0.5517080914572817,0.6411764072791984,0.6543357100876158,0.644005375975419
0.16238174250139895,0.648123898709741,0.5894289672747965,0.5414355115307414,0.6960727108622311,0.6797685453623745,0.7377367384377218,0.6350162185200966,0.6537417922241187,0.6670303692654984,0.6662894423167014
0.20047085577929108,0.6553330276822431,0.6268521950153312,0.543197793264925,0.6598493152146634,0.6948775058472278,0.6838420956085255,0.6541242719839833,0.6693493304191052,0.6644536307215676,0.6888773281760852
0.16056742599888643,0.6201819163427602,0.642572035507863,0.5874915154804289,0.67793651875606,0.6203216044032477,0.6998396387753717,0.6620857138390064,0.6813369133489726,0.7020891505156085,0.6561470095998514
0.18177303941413311,0.6512072110708369,0.6657669710349645,0.5922262382214649,0.6484817119686034,0.5987439456835979,0.7433788376576902,0.6058286405030981,0.6771888952837887,0.6954727864666932,0.7000446541138989
0.21009898677897393,0.5672017166416875,0.6182289023299641,0.6056526580951052,0.6710949901720253,0.6358104081256404,0.641921490109802,0.6515189307606485,0.6646684029352314,0.6994600304028584,0.6558918002204372
0.1783129742472074,0.5890511251117235,0.6457094806177266,0.6057792483512472,0.6842387332547102,0.6360826820070422,0.7001800641607066,0.6442945787134473,0.6154247405220178,0.5339854437111925,0.6641830190836697
0.21831245708524066,0.621071327662581,0.6993123154902647,0.6242412077660437,0.6744620884234246,0.6112601211973685,0.733492034487838,0.623874438146161,0.6272575667195246,0.5790648447834037,0.6750967860878007
0.23359098855631202,0.6219041332406439,0.6626241640024185,0.5386216645259263,0.6419117336752727,0.6276983842936109,0.6570391393384035,0.6377042078840973,0.6670819696318715,0.6403675619682145,0.6578741797584332
0.24083919516009517,0.6244997503762499,0.7193336305395195,0.5510280247041046,0.669011892100909,0.6766590027622821,0.6709909731392194,0.6627082387767645,0.636392961812841,0.6591698680666552,0.6847640151755379
0.2500174278925247,0.6566825790058284,0.6776839653570591,0.5975447213870101,0.6618061424027626,0.6473454144776588,0.7087377578743366,0.6762843016966256,0.6546902990399026,0.6239748440258394,0.6408767302855898
0.20652220934095344,0.6476287642146297,0.6988835148907693,0.5107382471137178,0.6683191919061771,0.6609027328605356,0.7146963627954166,0.6531365380117479,0.6813104867795676,0.6103087178816029,0.6689955695269532
0.14882269169404413,0.673225274768418,0.7187038100164427,0.5234250150822389,0.6642199551044109,0.5965751366191989,0.6889992922173581,0.635267069677254,0.6281156454101312,0.5967380261785155,0.5691837554539203
0.17528434301140258,0.6773165192987998,0.7372042666935158,0.5990950814588107,0.6241324157006103,0.6334639098052617,0.6937721130954329,0.6656473661452924,0.6039821658890047,0.5713591519318779,0.6234076021848927
0.20164415422320947,0.6943958233009643,0.6403958585520247,0.6049925124008642,0.6460066720699412,0.6203781613015649,0.6440908053397095,0.6155948077208102,0.6575962111307396,0.633971289792532,0.6301370375962606
0.14210376203146025,0.7091374932858263,0.6790324489481172,0.6353392614683931,0.5934247692477436,0.6667399977687035,0.7005475389995159,0.6371649603535732,0.6641699093611813,0.5742201409384219,0.6679391542429763
0.1847142377891331,0.6661302361716192,0.6198575111788848,0.5423696261977489,0.6349814339046775,0.5853890747954865,0.6782375995110356,0.6491364514018345,0.6688329603200842,0.5999442292813356,0.6261769226833171
0.1833219443794598,0.6712408134486577,0.6177774814056479,0.5488795141964669,0.633377200879183,0.611456106091491,0.7196407057538627,0.6772069927230023,0.6667916454424448,0.6508489701272482,0.621389403543786
0.23835113865978652,0.6718033256330547,0.58177401893568,0.573322203873839,0.6754969590245019,0.6633442649371772,0.7112101933121672,0.6766386912454013,0.6717977005167601,0.662301534365147,0.6147618292173633
0.2428623936017583,0.6436403536793475,0.6310896096393397,0.5677218138088183,0.6619240731516582,0.6755666135494495,0.6930518111967462,0.6768487019817713,0.6681919826852094,0.6705001376251074,0.6566128707258992
0.18822453836167616,0.6437630953852873,0.6864100373177415,0.5739665943494037,0.6006353215561332,0.667391396824907,0.6746005611484798,0.6255658246743124,0.6731548309863296,0.6626662961453751,0.6353032316502844
0.19439668052543993,0.6654211352122208,0.6698244742843866,0.614945436139771,0.6214351657751576,0.6437100818300574,0.7019927562081095,0.6434016397777913,0.6933268622229556,0.6656344767744506,0.6156223897186133
0.1258212722183129,0.6836297799116373,0.6923081578171202,0.5689890864154672,0.5416503034590018,0.6474327017592294,0.7076882892596382,0.6486245533757649,0.6835638555437097,0.6867727249972713,0.6582897090137687
0.17695125882732926,0.6883615708579947,0.6911951126068638,0.6062723432466949,0.596377161610205,0.5873232209999011,0.749600912422675,0.6671742068927142,0.670911039539042,0.682266797044634,0.6670288579003963
0.18053663206286077,0.7309815571829805,0.7074239636377282,0.5441149930192686,0.6151239190194566,0.618830348799687,0.7418026882177543,0.5938273703798906,0.6760214337568137,0.640506323186988,0.7083928936024554
0.19320391097686074,0.674767911372487,0.7480397248917032,0.5953586105076465,0.6598375890660585,0.6692874169314784,0.7489566599293243,0.6231209843667205,0.6620013796965052,0.6638233762694137,0.7154444638510635
0.23541696070818144,0.7159778498993425,0.745234406804576,0.5511146895358902,0.6802604742175478,0.6046210416002001,0.6706371822862898,0.6234746285390709,0.6047300697537301,0.6449057715299689,0.6836274244999668
0.19221381632820744,0.6774816253300092,0.6896469375061959,0.5698597264747158,0.6210217855454854,0.6047974691238174,0.7077403560459739,0.6500613723607016,0.6472048821171439,0.6030568488866657,0.6259132922309975
0.18117590105700365,0.5907807095043751,0.6986629813187738,0.59947902402039,0.5943790320903879,0.6100413519989154,0.6877396212756317,0.6778255888068019,0.6188522396428694,0.6058417397686213,0.6472418563923465
0.18627030142756962,0.6313259425216684,0.7273115786218523,0.6109862516560448,0.6251919732230613,0.6008549930989853,0.6943921205881007,0.6869190273921291,0.6391516827403976,0.6422393122202887,0.6500443774750826
0.14907442924156983,0.664016660701476,0.638359620981953,0.6464693273648212,0.6432459946458782,0.6082351125299418,0.6962525575079446,0.6808726013241602,0.6612023771350093,0.6597925567055505,0.6649548311987674
0.19367089663881,0.6553619213341103,0.6581887449444275,0.6480218531682733,0.6484855231921347,0.6580451337685937,0.7273665794282226,0.6511105448732333,0.6618622659465817,0.6675425706259543,0.6355117780089373
0.2193123812726352,0.6787150643704041,0.6656731720694877,0.5223689109161577,0.66493041695849,0.6818503877865463,0.6908500069974961,0.6110741966685014,0.6842688884717509,0.6480357916755909,0.6680409731589867
0.13432224604435783,0.6895952619756612,0.6697031270719294,0.5698821710394242,0.6780259236008083,0.6947063241052771,0.657086101904623,0.6471800919509421,0.7113466832690282,0.6568103064335956,0.6936973131674833
0.1938664276158802,0.6757703169317885,0.686429178402135,0.59749969338766,0.669598261724604,0.7040809862969818,0.7086247194680191,0.5843937994762862,0.6458190882278603,0.5663417474922513,0.7030943330053624
0.20424509868978383,0.6189473969172702,0.6951299578001953,0.6105793126501656,0.6366196896013582,0.6314483012236092,0.7303103020795731,0.6045809423503474,0.6407046498357704,0.6091194105441352,0.6747275221689719
0.1649554170133778,0.7024499622429446,0.6471213825199875,0.581792905250777,0.6562228077888865,0.5984696155660985,0.7350930945450349,0.6432704516865582,0.6772462659731653,0.6201319712570901,0.6168906346191982
0.18472159283216208,0.669441537311167,0.6581372485320622,0.5759110251898043,0.6274487552166658,0.6502527735654029,0.7464855867974931,0.649019082760272,0.6624704232489961,0.6513267064768351,0.6700494171924489
0.08731659257067599,0.6790232654306507,0.6286749186818696,0.5018381090547046,0.5646020202687729,0.6170191783208827,0.7280376526296803,0.6498344882087416,0.6579947876612172,0.6595299088696853,0.6362194411533695
0.14381102556053166,0.6758213657733951,0.6290425100105055,0.540030115642232,0.5924256199377527,0.6413796877144496,0.6859259534230404,0.6552733650572973,0.6180014096348666,0.6352787523857051,0.6650178072288566
0.14970527939852535,0.5363139103151955,0.4484397732372826,0.5042345573004583,0.57006745662437,0.6550132132525653,0.7228077677820919,0.6695581705982119,0.6460892519523638,0.6668547229688109,0.601144282956149
0.16176527818989062,0.5503384390150776,0.4694983881563185,0.5629692322720316,0.5335923587258291,0.6520682109238113,0.766639876600806,0.6807311276645686,0.6258513955145693,0.6759424738852031,0.6119726622698449
0.18116371988545088,0.5413412348302477,0.4764428307105111,0.501289366146098,0.5287496179465719,0.6599959045808834,0.5892934010215435,0.6748734053388112,0.6385543525959536,0.6892820619099014,0.6443764935859262
0.12253928841335053,0.5064455022640355,0.5054881690972576,0.5283574564949542,0.5490937304562384,0.5462043924419534,0.6298493761411621,0.6722900492770355,0.6617212717970291,0.6554924707423515,0.6511773378765269
0.09856793328116083,0.49047329290462527,0.5851172907036748,0.532767065986776,0.5974511389063528,0.5983939358493773,0.661414130728915,0.6762278907194987,0.6670460923480794,0.662998589049284,0.6269280641583599
0.07542783191782054,0.47519686619662166,0.592893366032565,0.5150532317223538,0.5825375085115158,0.6269960322536243,0.636440908973947,0.6831452065484903,0.671343737561265,0.6782352267896847,0.6219630219960255
0.10270357392676217,0.4425239872910699,0.6326861646198181,0.44809397011933677,0.5981033478348537,0.6353648133539903,0.6643782678942656,0.6923198951270294,0.6324638777835859,0.7175202687850226,0.6536506837242528
0.05473134760038803,0.45199631026889675,0.5193104255869798,0.5166109999796593,0.5535050055055769,0.6306726809452433,0.5754223271388804,0.6636271570445017,0.6581331986843102,0.6302490179351876,0.659656345246975
0.04164851672389969,0.3178577389819052,0.4065596216843084,0.3892771940728628,0.5693598632905961,0.6134919751971125,0.5967060451353002,0.632347581617453,0.5706432179842602,0.6451594737595846,0.6798576465377876
-0.0017596244220752441,0.3454426500884612,0.3876369742810108,0.4598203877057252,0.555483444730914,0.5772207048695404,0.5625276564979246,0.6531953435263291,0.6228320444868428,0.6534721799297434,0.6218061835010091
0.01093253467121518,0.3943815748505839,0.41443210962361865,0.39854976744714155,0.5742073364933123,0.5177840160491403,0.56686708141323,0.691370492690742,0.675006931309324,0.6474922688745887,0.6696434133752888
-0.02548024761068145,0.40514834086978696,0.44552367752419,0.372165212741958,0.5977415110177859,0.5108849248851929,0.4614205365235466,0.6046740882297859,0.6508031239414249,0.6486100162438864,0.6543072179846574
0.025067053473417866,0.4121733762931667,0.40342404335788623,0.4434044758977844,0.5358127454220695,0.5337222660854727,0.48439073998767745,0.6031431577230357,0.6684749050016765,0.6856540059976323,0.5926321613259654
0.05376162474711448,0.4002287258494584,0.34112684686479305,0.4565766536472267,0.5142913641698111,0.5409519664505843,0.5346027648274283,0.6173566542608255,0.6329802908770013,0.6051054696784578,0.6294413144464295
0.059249695506363914,0.3856204656494635,0.3606940973172148,0.4744608732199401,0.5227552150574359,0.5667922499064193,0.5941402087267443,0.5877498515158338,0.6368653959451518,0.5381496959115534,0.6518809861646782
0.05169620339182522,0.40138125627001964,0.39584921380308485,0.4600435829513055,0.5651699011915358,0.5693029100614511,0.641909376217325,0.6117122431151998,0.5868630474377559,0.572162733020003,0.6820981891140385
0.06487851009961992,0.40232959020647774,0.44627618013929693,0.5148344179305804,0.5419222001386517,0.5727023184105564,0.6660299784105318,0.5494789536003574,0.5998335940706327,0.5388558065412332,0.6871548270221859
0.050870262630782745,0.32055305982055193,0.44335260760030626,0.4842163992598384,0.563544472839168,0.590313364164965,0.7142896945696919,0.628523852182833,0.6371874625741625,0.5742429183979698,0.6271450934817284
0.05420070552482412,0.28653594935361015,0.40104463852311395,0.5257322804110385,0.5855037458714614,0.5862341114008636,0.6822685559408986,0.6651571846799799,0.6491369077471483,0.5765380587302139,0.5991100265529425
0.04064361339942928,0.2063999531694172,0.44968731021805497,0.4828286494479111,0.6013349453818655,0.5623582361867404,0.6887617417039066,0.6803903845284299,0.6924874471856423,0.6002736795816439,0.6161896915677719
0.055417651404222404,0.2144925079625371,0.4584300426358689,0.4482364846440177,0.6222350140264705,0.5673378018344366,0.5988615703245219,0.6879384841676752,0.6649075066451039,0.6433334505841205,0.6130760548959178
0.07335732698350131,0.2558564732268132,0.51378337209396,0.5028674729602003,0.6275862032961609,0.5387051358623512,0.6295580343973802,0.7136277671730373,0.6498691662732612,0.6006824053065049,0.6651372586593259
-0.004535784870398909,0.26482940044135117,0.5291377831203576,0.5503103060200818,0.6612357625763599,0.5911485091645461,0.6795114836905807,0.587949072807423,0.667406547529469,0.6391341589208239,0.5923796169209893
0.002589865177558925,0.2764012361634043,0.4790474970323721,0.5585060181810318,0.6377113772896684,0.5913588479038141,0.695700527312404,0.6102016349385918,0.6229198858235996,0.645808333731954,0.6289416767925649
0.05213994896633366,0.28010032334028934,0.4949001631920973,0.5289009904730592,0.6409405974983338,0.6335286499966579,0.6172158340646777,0.640596330963793,0.6485027338505687,0.679970427113213,0.6428073707176749
0.05576187566372584,0.28224630432006687,0.45274345397645277,0.48122830441740727,0.6696944315621145,0.6232048740390496,0.6952598865005981,0.6414747211578383,0.6656798690717025,0.6279232945098169,0.6827996822618767
0.027842567659046014,0.3538749280686015,0.4892433991057924,0.4909277915922501,0.6848736583090124,0.63693715930009,0.6884870906514072,0.5866158378295963,0.6551579628392838,0.5706711336764784,0.679328337155005
0.05014178877648585,0.3813710299794621,0.41584833537636406,0.5205656054043573,0.6870239512694516,0.5945128475085723,0.7116727902250897,0.5995932448748831,0.5971374245453455,0.6066006017240242,0.7074069136043135
0.05180602552905921,0.31474839360032736,0.44320873313205505,0.5686776205276179,0.641075297997218,0.5857907626512503,0.6826867923129306,0.609807324492124,0.6626565869194145,0.6670398855418592,0.7190430627625488
0.09253691691387265,0.3513474678682694,0.4588177631588438,0.574396359398628,0.643886142321058,0.6516739359511533,0.710288706519705,0.6568076623273349,0.6758259266979745,0.6137397234620915,0.6586829361522593
0.1245582293046458,0.3646310584478697,0.46992915902512117,0.542353401100397,0.6242479332676285,0.6485839808534686,0.6492499386166418,0.6807469950300276,0.6236398477431058,0.561684385312095,0.6055320764211312
0.11645702609473624,0.381240376835653,0.4837429616605506,0.5585827598167916,0.623710366881012,0.6057616072550458,0.7076482362644542,0.6678571973679406,0.6644658512074302,0.6036322465158546,0.6412382232321012
0.09659434186775645,0.34592088695804246,0.5157235592561787,0.47183715364364476,0.5665758009740255,0.6364286005340452,0.7163772396551783,0.6217187537114331,0.6667589249800816,0.5931317787967424,0.6441557728318601
0.019666978788587537,0.23665659414988585,0.5764738566594776,0.52062286900356,0.5978406993565736,0.6190273915972004,0.640772629422338,0.6471410085601579,0.7160444253094344,0.6022458753354094,0.6110656873833155
0.031833486299017937,0.2162692619740778,0.5112984594756405,0.5097927522153399,0.6260846225626271,0.5848770833967601,0.6575246126543097,0.6822843971712591,0.712416696367941,0.5807763295200622,0.602512810172856
0.07717428882120311,0.2838327856079411,0.5339389714913383,0.4295752689244622,0.5298555690445667,0.5889955349722887,0.6762925875308907,0.6944221212153274,0.6721880152360334,0.6118325287906811,0.638374298361432
0.061172865937891174,0.31935925946411914,0.5559896179683355,0.5239598982950096,0.5825915489902456,0.5993854284043997,0.6790254495374956,0.7065026006043545,0.6714263375078622,0.6192583961225235,0.6579200457090053
