0,1,2,3,4,5,6,7,8,9,10
1.0,1.0,1.0,1.0,1.0,1.0,1.0,1.0,1.0,1.0,1.0
0.22679500022298862,0.733063249203699,0.8251930775687539,0.7857341365030445,0.7142287997254178,0.7520838175732968,0.6877946657022114,0.6240788524314246,0.7584354878359335,0.6875204942378139,0.7181174303819291
0.055417954482355564,0.7093795567977615,0.7361422402620701,0.7582885947636676,0.7779233360164735,0.7546854827592466,0.7085542191138311,0.686477226944314,0.7109516570107706,0.6685110378275446,0.5420197422604197
0.21594602114664022,0.6581338804011164,0.6435380677841133,0.7640535027256339,0.776288857311286,0.7677325457757813,0.715469503082375,0.6627475183409454,0.7174523597017383,0.6198069981774724,0.6620066708112045
0.2778221292048707,0.6988953681824113,0.7069405570282836,0.7586023557086442,0.744204408891154,0.7025431070696867,0.7626193231189901,0.7395728068360112,0.6951005276187918,0.7224869704494096,0.6895541553123444
0.16787577268514328,0.7377853974373317,0.7511306673193908,0.8083326107605052,0.8025230043516303,0.7296899428090584,0.6934028158669814,0.7304157561179564,0.7034580605459892,0.667576455920008,0.6129366466784177
0.15229384741662325,0.6360226565143612,0.7467828674076917,0.7806365347444351,0.7551300759809257,0.7542028589872949,0.6585435373433244,0.6970434635269229,0.7237745667034389,0.6762833010244806,0.6543820507561976
0.11452800593265926,0.6732790712485205,0.7825412381857747,0.7434322582897687,0.7754113134038069,0.7425522948702175,0.7886653178165272,0.7001408806408209,0.6660413436693381,0.6623557812617115,0.678552958113514
0.19158053023007404,0.7197697237959331,0.750896913429084,0.7801087650973251,0.717852139940372,0.754184023637742,0.6846883657090206,0.6087854119513062,0.7266537859373348,0.7302901622874751,0.6495113230480011
0.2289299485635268,0.656306736158432,0.7991456091138324,0.7706465381607752,0.7668044342489486,0.7314122724775401,0.7681170480116752,0.7545688892792369,0.7032028509723791,0.7011399903691558,0.6337318931385014
0.1472506563252803,0.7085751390193651,0.7631814177672365,0.7557146116947286,0.7344566438777977,0.7469804231721732,0.6934971032376196,0.6652914238083256,0.7221199128834161,0.6627521153084301,0.652601644796318
0.18226352921903044,0.716937553073845,0.7260969891909278,0.7797815224875448,0.7782134887015788,0.7141488622744792,0.7532750656176654,0.7109427309120101,0.6941035234123801,0.6750030266287185,0.6508098104718247
0.20690734020237683,0.7209136613754159,0.7267661981748168,0.7832231630280471,0.7812275519953455,0.7417559450063059,0.6508888335057218,0.717174657499781,0.6986133031634758,0.663232666278204,0.6176482343302618
0.18143231599589002,0.6886493722523903,0.7404763506967887,0.7298686049201427,0.7786512029617801,0.7603944957645109,0.6954055695444368,0.691409103746347,0.6530665847387787,0.6878489180665086,0.5868389297050345
0.17323753538022485,0.6764126210580218,0.7782248191355225,0.7506530720635305,0.7581790621639298,0.7572024511156631,0.6992587445655206,0.6806082593244699,0.6648552422277831,0.7157564464631355,0.616709665605954
0.17203761742022425,0.5714205134954131,0.682948838044184,0.7395965849110151,0.7733646447868545,0.7563608756704976,0.7034726659535868,0.6558692497186588,0.6905845611756686,0.6477465542236474,0.6431759314485845
0.22193522625615275,0.6483817623473579,0.7294529018211956,0.7442797875737261,0.7836344234576117,0.7365132497355761,0.7274194646557914,0.6468520123004879,0.6762662887737482,0.6272234229136261,0.6527291569743455
0.22711417700753145,0.6664475864439199,0.7453777939486037,0.7407745089107574,0.7888229373013768,0.7522710022343155,0.6650051257358129,0.6324827583498323,0.6848105218892325,0.6601752361470914,0.5746981619340095
0.2857488046894572,0.6008840429111384,0.790178093404996,0.6053494637520996,0.7914053828345902,0.7309578450527475,0.6210437789646476,0.6641462934969824,0.6366712999137341,0.7098984413704766,0.6075144950078266
0.19588789488158018,0.5100167460726697,0.645013713154859,0.6585826145867927,0.7791346729161387,0.7183947396753724,0.6768861345316646,0.6568048852081934,0.6426927685991803,0.723596754947802,0.6302218851078578
0.26042590412153777,0.5505223240251613,0.6695419625466468,0.6250715149971738,0.7635262128316406,0.735274022180677,0.7171180595934948,0.6850994922997578,0.6845627933853283,0.7118717499835031,0.5658563763306713
0.1919489527912635,0.5307171740061631,0.684357402590523,0.6958553569047888,0.7881096127077076,0.7448457479427657,0.7241059704373696,0.593522932284754,0.7047678906765165,0.6889900829175494,0.5856148891800252
0.1952842354281777,0.545946833934424,0.6773976210217478,0.7291911151635939,0.7736788096043807,0.7542668023312373,0.7385490571482121,0.6686599736565426,0.7158669339304911,0.7073542062515645,0.6171520508115302
0.24647615677845544,0.5922113019076621,0.6962598097934796,0.6236688249375545,0.7773171382976316,0.7200844225407589,0.6601774232824594,0.6888579790205502,0.7455606488986279,0.7520949186460942,0.6004248907057582
0.2791094487954439,0.6176427801580194,0.7016812618540011,0.6369120513260758,0.7339345901623432,0.7260628530790578,0.7015575115844315,0.7393846509364403,0.7035222512322648,0.7399556080674224,0.6537315495070417
0.2798824294581259,0.5882888699535165,0.6568816965112233,0.6598324948803411,0.7442675942071332,0.685401611157171,0.7219878833982185,0.7026323323654536,0.7059583611069408,0.6626948955328209,0.5910382663547902
0.2083807608794815,0.610379969944754,0.6909758891225379,0.6042075858677333,0.7825257334134892,0.7227350279377803,0.7358127034075144,0.7184204481086675,0.728917390728333,0.6441777699183492,0.6488275492166297
0.13870544720827102,0.6137975023272693,0.7082848665969425,0.6396552111755065,0.7284236459760045,0.7105135760707323,0.7140361991629882,0.6710110033687356,0.6440023634827561,0.6672975580418808,0.6751521219021701
0.16801086803490828,0.4938641703874567,0.7217579059849843,0.6285468980011094,0.7107396092104644,0.7397205490657959,0.726533955443998,0.6385854099577386,0.6770309776695635,0.6847444369497627,0.6100903427591522
0.19492006019640185,0.5386328780646774,0.7371585499577081,0.5913976617156128,0.757785043758411,0.7544608115387595,0.7195886281272099,0.6601470914638743,0.694582438527249,0.6658598979630347,0.6667651481035854
0.21783950226870702,0.5728685015597352,0.5965913755532307,0.6198245347033344,0.761058965556453,0.751595867076229,0.7249218893856431,0.6848277686362954,0.7192937263767781,0.7021149451095676,0.6231504578397644
0.2493302088914431,0.5302944233928745,0.6387813658810069,0.6109205685906804,0.7589267554123061,0.7309301451607251,0.6265773948684441,0.6938755491183437,0.7318596783929077,0.6787258162668827,0.6340399558123264
0.25002279392774696,0.5753404573746199,0.663935932197208,0.6312627004048776,0.756063810304236,0.7407806314932774,0.6899661266977922,0.7344619561371262,0.6808614034584468,0.7106043887867627,0.6354491772228752
0.17306643911241698,0.5353907338867157,0.6807362260926639,0.6206475039979269,0.751974822649788,0.7655337751650564,0.7039949916653769,0.7410646997810846,0.7338489432732437,0.7171782552171213,0.6768319798748341
0.17912302680844122,0.575665018327695,0.7333224690919582,0.5763173996831245,0.7575689968720092,0.7332402716366434,0.7063311471534739,0.7267420852154586,0.7545544337686054,0.7316073899436399,0.6780415361122705
0.22349941614106086,0.5743188080458287,0.6835668745920908,0.5745211530348886,0.7500250801723509,0.7448457080969837,0.7013750413359534,0.6980610145032792,0.7082806606110844,0.6730166480621482,0.6790239122245043
0.19122406480654183,0.5661364958555279,0.6623458401748737,0.5820887476718535,0.7718499297079086,0.6955105655455758,0.6971541764292144,0.7060504530892521,0.7119068513681485,0.6813150322605535,0.6847313536732943
0.22271495575551808,0.5760185287656583,0.6679103291178363,0.6261775348180059,0.7889745610907558,0.7032392250686683,0.6523720518126005,0.7275213411499424,0.7232548856337622,0.7049728587391169,0.6139405450413576
0.16586723735493264,0.5901224515256438,0.6708746738183082,0.6309425250069574,0.7372225568623287,0.610936749520655,0.688057532235425,0.6460402499261781,0.6670197232781631,0.7162989092868743,0.659556181572692
0.18807912604794083,0.534675080118154,0.6829643798624085,0.6707823157913106,0.7505316480167317,0.6437138471233597,0.6979254252744711,0.6876005777184779,0.6905204986028393,0.7312902345126935,0.6528355993495497
0.20751009348701444,0.5659163658757609,0.702113308125057,0.6109475520938276,0.75865430975057,0.6789096328345283,0.6598357511731853,0.7025513038939482,0.6188889975385332,0.6919844253745858,0.6789736880724835
0.22561597567744374,0.5776814462209456,0.6938166053241053,0.6554691419579075,0.698639817505303,0.5958354329774455,0.7030745638991,0.7091213245890623,0.6459329364220671,0.7205014864625435,0.6255610063341567
0.1202680882420206,0.5236601615962277,0.7060860137328413,0.6842751576931071,0.717795519325058,0.6148072740799562,0.6746688559820593,0.7220161343562974,0.6380909189249316,0.6504534188615831,0.6248035887137163
0.15929254202907217,0.5603457526512157,0.7211625949136602,0.6677872225219422,0.7018285687874298,0.6099222922547352,0.7065220283399698,0.6700164265739267,0.6553504776943513,0.6597044971844914,0.6490249947726163
0.21219998631153927,0.5954325737840571,0.6736998199491967,0.6353182560917889,0.7189319847828817,0.667287399766977,0.6457131795725848,0.7042890076973165,0.6840583627824752,0.7060535471642975,0.6400922134582416
0.24229727023094605,0.6263425555145439,0.6864467887474377,0.5458148996067295,0.7550652775272161,0.6165719583457904,0.6641141476186061,0.6087594288257433,0.6737854091045989,0.6574755939633177,0.6199971117700023
0.14069413174871573,0.6164898994811947,0.6949395736719666,0.5884946471769049,0.674061556191409,0.6297201715920292,0.6622525246768014,0.6523981569232743,0.678759297243027,0.697673198850481,0.6466861998427025
0.13028595341708926,0.5477816070137019,0.6392178504466552,0.6163280983737635,0.6821416027998143,0.5985704106006606,0.6846868700997367,0.6531036558791975,0.6973221919191326,0.6873473467231866,0.6675197989512356
0.10024537298542528,0.5630538243469801,0.7159123232746363,0.5794008471976277,0.6785564278109649,0.6690055172716564,0.6888056310383865,0.6827321413586809,0.6875016759941117,0.6884570315186865,0.6092440825123111
0.13870287974591722,0.5861946155351059,0.6318610340063463,0.6109327846242174,0.6858499475772173,0.7083232101876755,0.7011319581628548,0.7039790194837233,0.70007089075552,0.6729341470989469,0.6754260807498025
0.20082740038156943,0.5974782060660027,0.6581433205382832,0.5343747017303305,0.6865607856768006,0.6581084566189523,0.6825653536860589,0.7442556352151617,0.7124781795726802,0.6603552470654034,0.6536421113127399
0.21012622041983084,0.6018156158685174,0.7041484150379603,0.5677323711857201,0.6702867465677891,0.6115762425568897,0.6971929067744479,0.6691631497670646,0.707654794258162,0.6918002626670521,0.6469294493250465
0.14561691807894636,0.573007387792998,0.6715810508565125,0.5805213086963181,0.7155384878789446,0.6244653149843122,0.7170599210764954,0.6940345875743106,0.6658154346494741,0.6727534245223665,0.6809085826748096
0.18387111889993535,0.5737217497353655,0.6889582908339421,0.5918402438614774,0.6704892526330138,0.6286825103642033,0.7304359909445395,0.6980779988586863,0.6381354213871429,0.6630818153689937,0.6613749065786346
0.1454333370959967,0.5917283917945327,0.7020745939200356,0.5103481093595155,0.6878811868727487,0.6232498224440365,0.7415393338092586,0.6890109770637738,0.6789424857653955,0.6696971467272541,0.6655093802507703
0.2077288609906858,0.5667593944238444,0.6905536562941929,0.5524479916598486,0.7204592491026605,0.6392566443417259,0.6605622771478806,0.7091300145841182,0.6665877244461204,0.6721921103030698,0.6732920323393903
0.11329632335660629,0.5543217735992421,0.6503496927090019,0.5714290519502718,0.73063965417661,0.6580856512787928,0.640950806213141,0.7133972887814177,0.7100412926908137,0.6710827308558182,0.6521382420238093
0.13519120768679807,0.5561046082527397,0.6917066585781572,0.532543298742042,0.740570265974717,0.6539156815929479,0.6514592182143448,0.6930834555897992,0.7157411878420648,0.7017057444373037,0.6647627527262836
0.1631452715470536,0.587748452562421,0.6966384463497487,0.5355213346017315,0.6780482976720452,0.6837190734192211,0.7062553570429857,0.6771242671193803,0.6965086227418933,0.6839109967999498,0.6668344651787832
0.166581955438028,0.5959480315212413,0.6976017409588497,0.5826094093916373,0.7059683772372742,0.7248884191657348,0.6752198472932978,0.7144155835472699,0.6591694087632182,0.7108621456819344,0.5990373573629898
0.1677948815283237,0.5444434867851101,0.7131203684928858,0.5348378691754349,0.6642396080538384,0.7213614035852921,0.6931895543836329,0.7092337908811718,0.6657805412883531,0.6994999923730673,0.612852439918838
0.1466897462262899,0.5864322115596141,0.7578155491635961,0.5609326235386697,0.7058758412998214,0.7366490855817339,0.6824178785539211,0.6805439945485003,0.6880008042398427,0.7029859244491652,0.6294423282816319
0.19190037734672333,0.5767492113706204,0.7023834887947547,0.5260639585230207,0.7197161223760031,0.7397120879804999,0.7039018910801706,0.6903842412554224,0.696201709471626,0.7195206783578856,0.6352486460776468
0.15906994233845148,0.5893807279392262,0.6886276087498729,0.5443914133140404,0.726416366566352,0.7552279678198075,0.6745636298104386,0.6744931832155228,0.7132285006914787,0.727211828709649,0.6596519239282392
0.16172535230459573,0.6072107151307846,0.7001083947872748,0.4835849120566124,0.7080226238423699,0.7445001041621458,0.7100157543996948,0.7278759149388011,0.734651509188032,0.7064953442898779,0.67079725101304
0.17502607703081974,0.5902433755011224,0.6801860523907499,0.5556848012008586,0.7152630712467432,0.7497681769632392,0.688875753272811,0.7045684408494695,0.6968308230905275,0.7141419570438439,0.6611242115607653
0.20070730033169348,0.5629388742160815,0.705042239865989,0.5488679756225007,0.6892383450967534,0.7578028118569189,0.6625438739352183,0.7174318328983752,0.7083436263173901,0.6935921145176496,0.6167486278777331
0.22844037872220072,0.5894921076147774,0.7142322976038378,0.5260042535714229,0.7274306512546141,0.7463190025718108,0.7051908599902472,0.7332699772918985,0.6938593230416504,0.7050808708066256,0.6485581208958904
0.18712396703549802,0.5827658378916809,0.7213361083247725,0.566389348672073,0.7379519377669637,0.750622584157018,0.7237920671867693,0.747116958647646,0.7013187943439503,0.7158358303063681,0.6014275491002552
0.214707504545596,0.5665967521905734,0.7231698479335498,0.6137365899374461,0.7559383561809095,0.7503525154291966,0.7140169441362759,0.72309102531708,0.7211677894413261,0.6659329270553614,0.6162795755786444
0.20997278944201808,0.5859719865296951,0.6154710157869157,0.4857838200371876,0.7612009608131458,0.7563348188380973,0.7143447088573669,0.7169257196181896,0.7136199708641453,0.6820604685183154,0.5777666803008762
0.22755601840266132,0.6055138729421627,0.6473684848435546,0.5878855456542941,0.7556287639040963,0.7587829104548898,0.6897407361877281,0.6856783487702446,0.6689172573765984,0.7066977108197529,0.604116191499938
0.15787645949046392,0.5060753201850021,0.5991205766907195,0.5895354804534667,0.7533571821267657,0.608401924672922,0.6987829932202394,0.7121571980696727,0.6941256014035899,0.6724637234090678,0.6442665594043625
0.1644430927457191,0.5771057870526332,0.6677686040898517,0.5805220374525957,0.7722203939882459,0.6680500919931801,0.6519270176832416,0.7309403655314983,0.7169644945654098,0.7012304272376333,0.590884472224486
0.17637404870643886,0.5371164571106616,0.6508990475207741,0.6142151044329034,0.7259933524460068,0.7085764688992462,0.7135066169391232,0.7221620068195435,0.6448589923318575,0.7280687365601822,0.6457002944723392
0.20223975931941762,0.5760163331590433,0.6578571724892501,0.6157617786933425,0.7324297942666407,0.7338609017955434,0.7253784652622343,0.6851190494221907,0.6977924973287224,0.7124610494875387,0.6556448415229343
0.21095531557544506,0.5060129078271597,0.6752752627624554,0.6681053544341882,0.7459616930740074,0.7507909650263691,0.7281231348947164,0.7175778298130084,0.6806846419529732,0.7124742348813826,0.6625722883757585
0.21988624765374504,0.557647420059537,0.6866030056031662,0.6899507426483882,0.7057416044481963,0.7306284471439727,0.7067066173027641,0.6786301442330318,0.669928534343306,0.6698602138905031,0.6485038740360567
0.15279099214457806,0.5421548124948457,0.6880224259681169,0.7120615819266105,0.7307918178944419,0.748974415839759,0.7261627327799032,0.6814673834998459,0.6629299240758354,0.6607895115109422,0.6619546407167578
0.1806348754523326,0.5265883784498283,0.696409326252442,0.6189339392731233,0.7113863491589636,0.7606357690843963,0.7145290741923623,0.7004842529033823,0.67623077593988,0.7021166997391122,0.6098571404643056
0.2226515613838631,0.5659127837396465,0.7147632186202297,0.6070088891260627,0.7270551456627115,0.7408798249261063,0.7373480831616174,0.6777029673135513,0.6916193731063939,0.6719184428323572,0.6255694233456575
0.2343341877992035,0.5883816021443821,0.7143019239839957,0.6364195620806665,0.756777373223015,0.7265570855084917,0.7522161422104954,0.7121354101785042,0.7201851057619721,0.6701688577590748,0.57475732150009
0.2770902655309366,0.6153318200266293,0.7109425324519155,0.6450571918738022,0.6978483744733079,0.7369600848400968,0.6869425619186175,0.6937581577576822,0.6603497326915607,0.6707622488203844,0.6291653015167584
0.2273442545180736,0.611108274997661,0.7195168168529951,0.6844550731254757,0.7055991486846565,0.7421592723234118,0.7033068364196498,0.6494968539318786,0.7118951928088308,0.6644310960295409,0.6525367042052647
0.16549196275049247,0.4844589579843724,0.6166449784540325,0.6471499509948024,0.7395838457531919,0.687303910217604,0.6838503447440513,0.6890138890829044,0.7110082535281078,0.6820690382563037,0.6594192603243663
0.18140081698302846,0.5396072294630517,0.6318971934690532,0.6962707508876018,0.7468154904200454,0.7126890740548085,0.7053383276727712,0.6963678354597662,0.6877243333204005,0.7019160045774837,0.672441061150948
0.21601246109754402,0.5594176381506171,0.6658857595099417,0.6992532865667491,0.7114615264318411,0.7333345279670102,0.7087546337833939,0.6505737446004423,0.6943243891113211,0.705784341520893,0.6064669006519756
0.17943901653042837,0.5951429913954486,0.6093088690447492,0.6677948816572026,0.7418300526523822,0.7366530563191596,0.702850402189354,0.617447695223598,0.6868688830415351,0.7232238275983567,0.6379004457929409
0.10180075440371329,0.5707806090328931,0.6612764353251611,0.6880588465599161,0.7170439486231734,0.7307238107075313,0.6996840366356855,0.6523342116474902,0.6857452191508469,0.6171342317194393,0.629659852937738
0.15160691381594188,0.4891620093343717,0.704648532404931,0.715109645777003,0.719475815481637,0.7346609460017278,0.6920055678454612,0.6790362869390267,0.6244009044495872,0.6317957616486162,0.6327855584516928
0.19452747166388085,0.549836034957998,0.7137300212807325,0.6930503351382319,0.731767987394446,0.7573687140731261,0.7002493184433773,0.6558091811399787,0.6744383247607688,0.6681783403378374,0.6441784816149212
0.21350302402582005,0.5713571050241557,0.6256484090612845,0.6960153463983867,0.7364134144225267,0.7421298196554456,0.71848551397837,0.7068036058953266,0.683937784295172,0.6529798041602072,0.6417392615168473
0.22457971148519876,0.5863366130877095,0.6352413656989488,0.7121595915845419,0.7363798664698387,0.7458617973128903,0.6627593063630588,0.7312013603104628,0.6895485835856554,0.6850395291040254,0.6398485525045446
0.28733063231989614,0.5864920362626482,0.6731182119740868,0.7208214316136902,0.7470688244783268,0.7533259900453206,0.6964635933441732,0.7165004637225422,0.7042268688815421,0.6942527910581177,0.57221294191547
0.21736414788713376,0.6199577432109842,0.7010694557723585,0.7055881184008147,0.7152286243815066,0.7481384206158822,0.6525819227506219,0.7113396151382401,0.6727184964163864,0.6994151328491731,0.6105199071303844
0.24875384171410012,0.5374226330652299,0.6818385156145496,0.700360510765189,0.7457138452279242,0.7640951712648637,0.6732665013906807,0.6234736545728605,0.7094012403139106,0.7164754371831351,0.6034324215083493
0.18741426318869597,0.5737404570442108,0.6994059639859583,0.6576543907206466,0.7087821367787115,0.7516115742224982,0.676877928658,0.6444051106817001,0.6734310131044249,0.7214234778127633,0.6098206369698501
0.2548476481466402,0.5840908102300824,0.7162043192181812,0.7117157849175324,0.7261750618599925,0.7637521186183753,0.7056651667899085,0.6606524940531975,0.6908352322266216,0.7439754047575997,0.6523942341366811
0.1665443368543914,0.5827581550608588,0.67399394489794,0.6812007737365008,0.7281568113841743,0.7636540393779627,0.7215042424998979,0.6989215871866242,0.6429440848125838,0.6930418849026864,0.6693543428637098
0.187266761049455,0.5836213991011465,0.6763608639722771,0.6977101850432327,0.7343325409107894,0.7387909222005818,0.6456489223939745,0.7210031316086305,0.6506269630572891,0.6678202965594487,0.6807577710054403
0.2470433164142788,0.608630974689322,0.5511133461984945,0.6936363424797944,0.7455495016984491,0.7573257075996371,0.6513148425505015,0.7029164903205696,0.6151231023236852,0.6587918338768509,0.6038169530408604
0.1633675475177653,0.6131581510439049,0.6037156021433296,0.698708997956264,0.7251088096500167,0.6524333750708531,0.6778741535895323,0.690462951118415,0.6797686857597374,0.6617136714742256,0.6481443110484728
0.21429199614020794,0.6135200190773251,0.6279013905387039,0.6571131440090674,0.7126195138482393,0.6294996846716505,0.670552817879771,0.6246813094486657,0.6861209093727612,0.7018267565588288,0.6694121699256494
0.13960025976546064,0.5765752146366692,0.6066024813035801,0.6424376573482277,0.7190705374472303,0.5946516855702677,0.6352283757809969,0.6292317032436126,0.6197257258909701,0.6592760062850246,0.6528415887660661
0.16877808741325417,0.6094081552889592,0.6080829462990596,0.6177330025151072,0.7382560118790502,0.6742635855066161,0.6931416811497138,0.6636477563676557,0.640800555901241,0.6916007971318516,0.6412150842210151
0.2010979939754951,0.6148582730185721,0.632137427005298,0.6427220330290644,0.7435890629094297,0.6989680682621174,0.6227595204096235,0.6300886722884302,0.6436079802859014,0.7032939940818248,0.6750814812872057
0.22063772385615524,0.632896009131588,0.6514562703057347,0.6651549469318041,0.7516931490024099,0.7401478679036714,0.6701063896756402,0.6121500957105113,0.6774131511788082,0.7078767321362649,0.622948299473687
0.24684222159078878,0.6307340757250588,0.693937552392887,0.6951861308230259,0.7527578002594952,0.7458711203091586,0.6856279328115238,0.5835141903743357,0.6646158578012945,0.7175087637012111,0.6224734230993727
0.2520956113267401,0.5379662101600964,0.6418255287184608,0.7130466783300056,0.7593071159517818,0.7437382423335416,0.7063247066567162,0.6431714798647936,0.6039533311137496,0.6564040070898948,0.585285501681852
0.26731554884018816,0.5941866506951319,0.6993640748879909,0.5657471890881209,0.7687023543327287,0.6762892266200845,0.698284141060448,0.5557842775671362,0.6466069553991831,0.6424030794845055,0.6597595774896494
0.11685111973796813,0.5714060723643087,0.701683271427007,0.595754323728957,0.7559180821860874,0.5859209410601862,0.6728274972490457,0.6259074757684827,0.661758191771882,0.6057836180953171,0.64619964539285
0.16247693399368524,0.4976367350168279,0.6536740033634252,0.6422902132717467,0.747678983561803,0.6156648840535538,0.6945283824619428,0.6177410423383568,0.6792983460248103,0.6288010334232642,0.6558768610995624
0.14963252688182302,0.5448992115124205,0.6499632697823788,0.6485342821503195,0.7155357581033559,0.6180082512243439,0.7242274647875161,0.6563248874125438,0.6812969728218465,0.6307168667311789,0.6865528555730285
0.20037938231601315,0.5723181496659049,0.6649434075308582,0.6374252889164822,0.7303262749113489,0.6142196278124413,0.653978079508659,0.6715790146602638,0.6442192920073805,0.6758382577271591,0.638348673092374
0.2028499027280177,0.5844905415627708,0.6633492737361594,0.6005821563541092,0.750658226714503,0.659398770348798,0.6998402964713979,0.6856035070746211,0.6496194150886155,0.6360301422146092,0.6696758565723704
0.2124976141994468,0.5814102815794562,0.6256193347986961,0.6443539347707365,0.7552375864381347,0.5601357166167074,0.7321617894553127,0.7208741746416443,0.6664280235078636,0.6537668912774501,0.6612979537655044
0.23499758944565718,0.6214816704858392,0.659970217345203,0.5879770360085878,0.7615363313324202,0.5516860830253931,0.6528794871321157,0.6373824195346455,0.6060962381338277,0.7004284899057553,0.6754067472771577
0.18554003339350617,0.5932925385502812,0.6327113121429304,0.616192208663753,0.6912687774810308,0.5679544761064894,0.6788773437629484,0.6615902855683933,0.6304115920640638,0.6558880797352273,0.584012436577594
0.1655428934960708,0.5843404132279542,0.6093536215798004,0.6246951980886162,0.6998316357492644,0.5681140215328353,0.6941055822069198,0.667856403221802,0.6666189734376688,0.6730875039326487,0.6181973470007436
0.17287521710344697,0.5817839899905324,0.6352780667491946,0.594759271849759,0.607852946784528,0.5216774825399689,0.6531679319782061,0.6987006886198842,0.6578484493313029,0.6242186839700359,0.6625459586703955
0.17860649910066756,0.5918744708945085,0.6480921677590867,0.6336873291970126,0.49104623320066426,0.3482857806982224,0.6690706848114916,0.7007984619247319,0.672581467519613,0.6480470733679954,0.5895086396577827
0.07047742640888341,0.49640468797550025,0.6216240582542101,0.6584151478693772,0.5171284660711238,0.3865267630067317,0.6696700281461367,0.7052506491980391,0.6930825553456392,0.6704596010328325,0.6419861337638025
0.023270583041092092,0.546553489794282,0.6125554981629113,0.6359498018644424,0.5241687289807417,0.4052078621990946,0.7009156047051166,0.6974033847225314,0.7098339465519468,0.6571337154886648,0.6204140013116297
0.075123089423732,0.5558596793739785,0.5751516335223346,0.666901414357279,0.5379047950049538,0.4371042420207574,0.7013882842005055,0.6062038884380104,0.7251692549833134,0.6712007060874163,0.5761450211617598
0.10349708697990818,0.5482812270088238,0.6175976452883547,0.6363069620185445,0.5776569467171759,0.39255574412909383,0.6692546930932204,0.6458639320499899,0.6911004553175714,0.6480852932842602,0.6213516150184568
0.04164147091372486,0.5745335332978201,0.5270755356223802,0.6339110619543681,0.5345973877795912,0.4340356289795805,0.6751317691745884,0.6900795534023934,0.6803838557420547,0.6561006920416093,0.5963816164165988
0.08521241261387816,0.5845080752488465,0.5768075545824268,0.6477544634739365,0.5486240837514798,0.43891390601644353,0.6779203909629001,0.6930677587597998,0.6867098982098301,0.6900847150084495,0.6141231731112662
0.07057818436633352,0.5616391012376692,0.6083298052800686,0.6553959072996153,0.5222233938415157,0.26077530008115507,0.5531511601245264,0.5981609333729231,0.5820700677483824,0.6100171172088049,0.6431642458174087
0.05487566378918187,0.5704095541519808,0.5721219565719822,0.5791404407910895,0.4341364815611807,0.315166304064737,0.579602588610362,0.6014264377178467,0.6306364163906996,0.564377792332649,0.5409782049547966
0.08843847745493141,0.5764216432504983,0.5909328597403545,0.6107086444971199,0.4521439113523299,0.3220308469156426,0.635929747268279,0.5811113981213103,0.6381170630567541,0.6347385232273128,0.568717279658804
0.03964972804311575,0.5287812156852799,0.5919318253978216,0.6482088369791823,0.4621122620602336,0.3376232434543853,0.6292979893696166,0.6133829801795502,0.645442627794957,0.5465752615766157,0.5742118747817577
0.06296582332798928,0.5625125371795454,0.56637315033835,0.594790566157568,0.47824297358294665,0.33314028165150616,0.590214286834262,0.578043813477611,0.6469822190221731,0.5536726813666963,0.5520876818951487
0.08496528043054452,0.573706292882284,0.5850330801970867,0.6245915130139041,0.49510416564652837,0.3169599182869424,0.5571502726974916,0.5964487995618601,0.620548409078137,0.5589907563645824,0.5350841177037277
0.09052832156109303,0.5741209165287993,0.5737351426652846,0.6401344913982713,0.5208054610569972,0.34116157137170044,0.5913669306157562,0.5688783930342193,0.6020382359354697,0.5347645677693563,0.541572066360771
0.05496559158986226,0.581043009798896,0.5653275601164575,0.6450316245120391,0.4993597219045133,0.3171861635949221,0.5544573970474366,0.570320268662464,0.5772321262709005,0.5308619289167821,0.5189977975646902
0.029462812879106483,0.5373943024075375,0.569331782527075,0.62361588776066,0.5301507187172108,0.344214133351907,0.5563764165058508,0.589350678533498,0.5833616074643655,0.5458409089794691,0.5550841839163698
0.03826714303658831,0.5581703112745064,0.5258700690207936,0.6010993694020734,0.5504051394657039,0.36726126835979245,0.5909711431291871,0.5960684408882111,0.6504982981798453,0.5981450362751828,0.5645848020643214
0.08487217242679904,0.5573426533111298,0.524123644978817,0.5498407421286864,0.5593804857551516,0.27610235913607345,0.5508544307747352,0.6143553886106446,0.6137218929093022,0.6120789207507435,0.5292262384341025
0.06391581275829303,0.5027983641415621,0.5243579729077356,0.5740357753146681,0.5632819358565744,0.34686470057026275,0.5788709026570424,0.5192344939938337,0.6262230945844103,0.6054020448856994,0.5430526969160903
0.05404281561137791,0.5467408882222327,0.5326486732900982,0.6156054610196078,0.5108578662435714,0.2886487665363933,0.5898527674227585,0.5219299811283516,0.6447515356390572,0.5771589418448948,0.5507384000440121
0.07051700848009022,0.5619193574975537,0.5122349485176152,0.640981904330411,0.5205283974554086,0.316233685454811,0.6101636605013803,0.5477102563645886,0.6235477298793114,0.6140374380402579,0.5768806642328037
0.10267421289193329,0.5356647302087144,0.44478434866797756,0.6335374134975253,0.5294603711016935,0.2914734035308519,0.621445506887387,0.5686463270509113,0.6057112439051241,0.5490155634077162,0.550926041708112
0.03968226624976768,0.5692319457724497,0.471870184072108,0.6494288173634971,0.470723410248881,0.34956319070035835,0.6223779866496557,0.5904838172519001,0.6257950051440223,0.5694110542555424,0.5949261961692092
0.06062244695028704,0.5352744332952859,0.4914102134034121,0.6343471907170437,0.48899604699181565,0.33883513261232473,0.6259758730047422,0.5970739273132851,0.5928470323105108,0.6155443497996125,0.5488046947998856
0.05569645004123489,0.5299728612340101,0.4700701033518778,0.6374542720418117,0.5362109252860373,0.37950373568635876,0.6357487334063721,0.5586245109395924,0.562916543711687,0.5723827672173651,0.5249002164334376
0.05788573974870677,0.5504616497062684,0.47441312195996355,0.5826706512920102,0.5438233849704006,0.35470631562439264,0.6341895833666671,0.6094880482767412,0.59242170078818,0.5834146555882882,0.48383675805673193
0.0739899555711677,0.5052187062405373,0.4894629955818916,0.5940973161832357,0.4848256092942599,0.3447666809143946,0.6069935308504102,0.608020459057746,0.6098380797009146,0.589159298171774,0.5306082454118964
0.07418373351690251,0.5537360514889946,0.47269494732376827,0.5764332776769915,0.5077248580067155,0.3555559801349514,0.6214938922924877,0.5595407561875687,0.6208422733782177,0.5518679605248608,0.5318237312201203
0.08336687342797022,0.552310785179327,0.4600401658558333,0.6318336919373403,0.5382162710758525,0.37919379929159114,0.621336247263355,0.6066501182632795,0.6356710676439046,0.557758399562023,0.5340934037516127
0.086216676924907,0.5353789366007422,0.4607030086225484,0.6393832252124032,0.5470253644826095,0.30079891399484715,0.5723119337723191,0.6094021103867343,0.6411274132802596,0.5928433019139616,0.5357097085575335
0.07553042634437859,0.5671238750397074,0.47090055068419,0.6537251358134302,0.5547209107617956,0.34879499071880127,0.5883457800093685,0.5995991398689343,0.651926596613279,0.6112381727442042,0.4767020402732569
0.10613231183023528,0.5392692088789989,0.5342267566191786,0.6280354529020932,0.5373641051553857,0.2980310806014738,0.59714187927092,0.6145232838970556,0.6495922409362405,0.6132723241069856,0.527810370780647
0.042274655894837775,0.5360830925058121,0.47645559254541947,0.5752233754063067,0.5381332170454878,0.3294062231890622,0.6228976497344401,0.6236318860010963,0.6549005256895766,0.6437622168971407,0.5157496260732498
0.05958109546016341,0.5609100104363112,0.4911388986267436,0.6146882169204925,0.4675581086679636,0.3629373270295615,0.6485888155825059,0.6320477240041777,0.6808467748257784,0.6210691255912663,0.532306058310944
0.06677331056989824,0.5452912134345855,0.45576040396017664,0.6490795345396106,0.5266188679017745,0.35750584428011983,0.6432506560659795,0.5920009094403764,0.6403152271405833,0.6226894503177737,0.5386733477338868
0.09188175622544517,0.5315739908316103,0.4513644234237874,0.650999686902843,0.5357593423042065,0.4005455797481141,0.6700434229363877,0.6243836055329686,0.6713370090670532,0.6732788882352141,0.558657421581608
0.11281133050333138,0.5505816765088825,0.45350596926278275,0.6465020729474791,0.503044370298322,0.41634020296304997,0.6925151393717508,0.6311857741379252,0.6552330558810776,0.5735482104895485,0.5521110156364216
0.1007079809055765,0.5963667140732614,0.45430801208588534,0.6241592814452622,0.4931662785982892,0.38568683840528667,0.6372246195950545,0.6002152269623791,0.6036666124588647,0.6109216043978241,0.5585044060966637
0.023011688444950825,0.5625824312213076,0.44949602621920337,0.6730098983886603,0.5529379712770585,0.40109319561183765,0.6524487941428149,0.6222015938943368,0.629326354247437,0.5812110859877213,0.5146548059323295
0.08661972886366354,0.5799677404494374,0.43428965114544527,0.6691138923142855,0.542059649184874,0.35833753655020834,0.6839230378655086,0.6388569175399741,0.6337242788033306,0.6286754269223269,0.5354988510325416
0.06545034279897652,0.5810143895270267,0.48632312798398086,0.6575740034342867,0.5579907569196437,0.4015498283520701,0.6020700100812839,0.6390881793458036,0.6064633877673276,0.59435309091681,0.5439822567190985
0.06242906818068883,0.4884669298652528,0.4037752516336593,0.5800503294042696,0.5232025512122648,0.4246700515323303,0.6644662116664788,0.6585907831121585,0.6462650539513746,0.5323455886820294,0.5596054171466356
0.09230529723119835,0.4388339568612568,0.47787990893365506,0.5955451776491119,0.5762771466020655,0.40406233421522414,0.595941090389401,0.6482241479244183,0.6673981143174538,0.6151425257334238,0.5383034957610192
0.09363854346273803,0.4617180466877208,0.4876420509690229,0.6276505868555877,0.601470026414356,0.40232152095120355,0.6287003823906603,0.6914111917261148,0.6819056670735979,0.6620107927961014,0.6050091116381744
0.0651072033779734,0.4837003120094525,0.405469811517062,0.5856476364044227,0.530887227391117,0.40886305945966683,0.6719467207304182,0.6702768659340461,0.6288209345405504,0.6321657452547458,0.6244887163241067
0.03421013410940944,0.5044006109935674,0.4316638058549418,0.5951469080216871,0.5427591739276545,0.3892368319103262,0.6498265971894909,0.6788201318446438,0.661656556968788,0.6838292649958913,0.6739339658663653
0.05233456991990081,0.5159980861139862,0.46597843158816576,0.6152135135764233,0.553596649593892,0.3938561934135454,0.6224356042256066,0.6880877568370934,0.641952460767193,0.5437083766084644,0.6057856072460372
0.02222497744310516,0.5234221794838685,0.5053949293813429,0.6184294047681778,0.5781187627805673,0.43134869270106335,0.6472905966344962,0.5725267211635261,0.6264067862549338,0.5866159431443437,0.6420341284138178
0.03932968040456155,0.5439346284990224,0.5161051742926921,0.6250752193624542,0.565113884710205,0.4014404298346522,0.6653121467811238,0.6030878799016569,0.5585875275282766,0.6201714838252775,0.608279252039555
0.06818693439396867,0.5616096269661923,0.5018313839646076,0.5970314938187757,0.5359221844899913,0.3871984465141432,0.6188203147109925,0.5552507195964055,0.5722865764209707,0.6531542379512749,0.6041902104021754
0.05569428025814661,0.5827334963749873,0.5251188092838892,0.6034338233624814,0.5479194840107058,0.4119249836474542,0.6436066754468546,0.6137952425260216,0.5509408997315443,0.683647809565224,0.6152219925748617
0.05263152852746339,0.5844693159699932,0.5152344343628219,0.5549495334803354,0.5618098585356002,0.42507389280590624,0.6645562020317847,0.6382607144583161,0.5882188474217707,0.6919239110675879,0.6285248571778999
0.019464207002797884,0.49639315202816886,0.508600051473133,0.5912235434867072,0.5799795256207958,0.42550968866531513,0.6873290967898538,0.5960796011965543,0.6001257809097031,0.6450349547561645,0.6457048165173784
0.020512088500521587,0.5123919292911023,0.5220197343145797,0.5684530250669871,0.5830787370902462,0.4481318236074558,0.6822341198751934,0.6401688606379358,0.639717071441339,0.6009133567837064,0.6491069384204889
0.05583298596757591,0.5060719447628232,0.5288756406913482,0.5979780033837752,0.5652870035807823,0.4552071399995715,0.6919998305222909,0.6770213403693504,0.6501717851655644,0.6358824630509461,0.6291077535401024
0.035443247059995596,0.530441170492282,0.4487937580627043,0.5656741042982794,0.4985632052368145,0.4496315587483366,0.6706495524581807,0.6702414762177519,0.6220116257264218,0.6341740004526629,0.6392112427175642
0.062422305647536716,0.4755955185435733,0.4011641366283272,0.5797764426705829,0.5037950321508853,0.4555955202527143,0.68719993647045,0.6692059618488738,0.6227123832480239,0.6371554481885096,0.6409211430610768
0.05246686947823567,0.5207389213762099,0.4333819008901162,0.5925475770249975,0.5660304169891264,0.3921818390135761,0.6225970958961408,0.6804625470254018,0.6044784920128056,0.658831464704484,0.6385126537475836
0.016760523525349433,0.4311476150052963,0.4812755825385071,0.5674195507593262,0.6014671559573792,0.39618611576278784,0.6720637804717402,0.6934700268008609,0.663725106170246,0.661084763102552,0.6621096621822031
0.014665339925366064,0.4987315525151542,0.48534437478168313,0.5894936921683964,0.5133285203984346,0.40150393821716923,0.6807496451296445,0.6235673370112353,0.6322137208305425,0.6557116799840579,0.6688623094645137
0.036030860332313806,0.5208567916776321,0.44943708121124215,0.5973469322478049,0.5274424912431004,0.3513126980261956,0.6786395925077037,0.6284199197965337,0.6281826086152811,0.6439255776984631,0.6676632547058755
0.05075393533653981,0.505883897328827,0.46598496810529877,0.5960800450299851,0.5644453927634903,0.40278036229528424,0.7143127591363323,0.6085444625857667,0.6049390527447357,0.6658930625792204,0.637547627614812
0.05468280849924118,0.5391544117137794,0.4904095320462985,0.5766708679110056,0.6036926955754012,0.441113344894035,0.7012842919840159,0.6750007343802118,0.6247142739043547,0.6370777796390706,0.6453155100856129
0.06061379174053397,0.5151003786950511,0.4833411401325062,0.592236198558374,0.5836704290180188,0.4537243844705968,0.734966725187344,0.6572337815989833,0.6261933789674412,0.658407690524313,0.6765226358688385
0.050813274422413054,0.5102402541442312,0.4478292364241366,0.5721936421179258,0.5795014364121384,0.442649354352942,0.716873638402875,0.6665037785573905,0.6080684341541275,0.623373279698997,0.6558133535087867
0.050108849614551816,0.5419775702731711,0.5135048846916573,0.5852840740900618,0.5680800154274627,0.392420372194951,0.6835795310104249,0.6807429339998908,0.616266901931539,0.6423158393076733,0.6537760036807104
0.045840492599809816,0.573056217618531,0.5088286560830408,0.5675977017949341,0.590901982059399,0.4362284766605782,0.6803592898684035,0.6465930184763915,0.6500188519331,0.6729439207967048,0.6182441487077847
0.054594580111773566,0.5776854698541627,0.537021563037621,0.5790939041971275,0.6119581304000907,0.44753501473373414,0.6928829249837993,0.6755318811840378,0.5978510670451631,0.6194559950289719,0.5924981753303596
-0.01532667449293458,0.5840906197689777,0.5537360607426909,0.602661010755118,0.5957461605366534,0.4759235760897555,0.6945280755934196,0.6422567391854712,0.6242334617644123,0.6335942288117666,0.6263988958095797
0.003435059406184977,0.523886860698937,0.5316838595532498,0.5763549327278672,0.5932170375844096,0.4355349880879124,0.6975446270175739,0.6567242785793473,0.5846028494719608,0.5899330717844261,0.6442091590127577
0.04541596697219499,0.5345005959194369,0.49349712613247027,0.609466507118857,0.5672567102481734,0.4382450563392416,0.6742095835507663,0.6692547200520741,0.6319684358177291,0.6518695394428788,0.6595568693991631
0.05406569266955931,0.5376750866337036,0.4696750772841428,0.6142642530512243,0.5189026592109336,0.4096722622224957,0.720998281256765,0.6757115680572705,0.5564206979570875,0.6793097487148717,0.5890410641753835
0.06157829826667291,0.5037487651148852,0.47623285365011037,0.6207062396372298,0.5393560935534658,0.4159085648763304,0.6545145722983228,0.6414007000901338,0.5811759864246409,0.651989719361968,0.6102147012894553
0.02331807622757481,0.5207529158886355,0.49818401864232925,0.5978126327977022,0.5970967026119425,0.43291618971940926,0.6694282495521843,0.6453726446655799,0.5819606956497265,0.670948588037374,0.6211058966405212
0.0443273396694301,0.5427541726297487,0.5000671495126241,0.5943274236129594,0.5622527983186907,0.40401138418721194,0.6101124871088457,0.6523872497709966,0.6012964452134311,0.6524697846043449,0.6372399639505657
0.017371804830048666,0.5210820125315418,0.5311445239763254,0.6157237191999886,0.525377113076907,0.46060125260453644,0.6847887722499975,0.6796240980276276,0.6263228058820602,0.5860914343857456,0.5994177038492787
0.028842950346841624,0.5517526658579816,0.5337786058349354,0.5829168870601834,0.5200524939611719,0.47897285751665364,0.6187853415345971,0.6816485353390918,0.5632151268116974,0.6086783503484008,0.6044696260866764
-0.011525943115441924,0.5081587772825018,0.5369616726506856,0.5943827488645819,0.5561624960156923,0.4511361067158971,0.6346223956212131,0.7226500781134766,0.6121613465194276,0.536276918170041,0.638434263235257
0.019978509655032027,0.52696028683986,0.5365168187709253,0.608740653164977,0.5989368649551035,0.4651679700269763,0.705579324541485,0.5921905620556602,0.5849875466669998,0.6016155480394154,0.6427695671634617
0.05115485297714799,0.5358403094260223,0.46184864544656834,0.6059399454585676,0.5425607741169044,0.44438489143818266,0.666818272687755,0.6424151173854717,0.6043442525889473,0.5947228337914688,0.5903469037069197
0.023003812832453154,0.5374251180128446,0.4626244649801161,0.5864182950837091,0.5401541921276715,0.3970982737963276,0.6792074072619607,0.6543530691228133,0.6022378914007428,0.6262855454418568,0.6130573246863336
0.023728261611764598,0.5340243419167422,0.500696383010242,0.5641694567663746,0.5500220417263023,0.4316712269052313,0.6088175462717467,0.6751486699095868,0.5930308327420383,0.6261162093851788,0.6212353124299422
0.045809127601479746,0.5479561864255712,0.5436814303537085,0.5943762161644852,0.5136707369750324,0.43621251633755687,0.616865370940641,0.6339581261236416,0.599325273863442,0.6283956157135083,0.6171544649698137
0.004605440829867868,0.5640019032587691,0.5039733671456914,0.5871959905970622,0.5545295925850949,0.4507482116651111,0.6505016730246532,0.6638343903997137,0.622328263789524,0.6138745641239162,0.601492967163262
0.044358287314545976,0.5469287777592657,0.5355814392526405,0.6085425430861475,0.5637161463889446,0.41772641199441496,0.6657747757617702,0.671439126282855,0.6219369255549576,0.6020663757713041,0.6488039446557414
0.0286331425305494,0.5363868285433306,0.544907544814681,0.5720687163431762,0.5940484328498733,0.42664178954078413,0.6733183237569753,0.5804621697786317,0.6160605090976609,0.6055400885356812,0.6650460801565319
0.02444082486221352,0.5742739465531893,0.49678791792098026,0.5616234368588244,0.5639122657878535,0.44481430677216915,0.6784825610609093,0.6001060249148087,0.6374913713028505,0.641621004795902,0.6721966983288812
0.0088259972254427,0.5869346540394593,0.5020717856999669,0.5892697674374342,0.5443310200598831,0.4494604362409886,0.6773301346684122,0.6241349293297942,0.6262819470556308,0.6528083913492915,0.6436120368435572
0.02150895227166753,0.5238983406322328,0.5144746208851563,0.5973048788576496,0.5603497807402217,0.45993245732217636,0.7191368317217899,0.647484056627734,0.5970638215740921,0.6135952821216556,0.6543886887379706
0.049921933835050884,0.47610149053367457,0.5059384478431388,0.5593544887872341,0.5736282219197948,0.4157163522883767,0.6860418731207937,0.616155373319437,0.5991391233503356,0.6255161914906275,0.626808798040985
0.07059195047940947,0.4847439364086983,0.5238441260562442,0.5528029666248453,0.5844956863037506,0.46238610416128756,0.7118114278022085,0.6602927825712088,0.6081857765444216,0.637733666810109,0.6001507726747894
0.06609333724974131,0.5467297273256719,0.5112529786573784,0.4964091069183461,0.5640322201640321,0.41420413060603317,0.6562336210760353,0.6501353291486113,0.5696679112601083,0.664530902255738,0.6269300168676577
0.050333487982853406,0.5398854539860583,0.5132814253218198,0.5462307762402749,0.5935633315175186,0.4620106998310721,0.6721729713237952,0.6757371799995815,0.5757899064719407,0.6842123606050393,0.6040596553520501
0.0667560364053828,0.5327798890588329,0.5234480644146039,0.569659127432844,0.5756001369276661,0.4806854084813427,0.7011193181119513,0.6567260153876997,0.5726870833026991,0.6662867243447168,0.6064505851424884
0.05899718570134502,0.5122648019220731,0.5358631800768868,0.5695795239893308,0.5999125135486095,0.45542759861474713,0.6306394525508514,0.6908745482078591,0.5934277849885855,0.6113869732328149,0.5933953433622804
0.021834933898010847,0.5132830823467556,0.4402381473975167,0.5853833080372018,0.5003820519759131,0.47523514875692285,0.6653872681081275,0.5929192238731386,0.580518946058365,0.6253110973946461,0.5989665524988291
0.05780391616089551,0.4845801040071658,0.47701031074437494,0.5661843306321712,0.5313789227440389,0.40502598106140614,0.6519398112546143,0.6759647011168193,0.5845653293725721,0.6297295576812934,0.610151988841828
0.0540272984467291,0.5562496101918932,0.4946091111870491,0.5861042041550772,0.5813721581929008,0.41637782653719924,0.7071211303911877,0.6268018993437273,0.5998063437916952,0.6779265616431684,0.6499714218692996
0.03641269052780258,0.5231957305909855,0.4992483920243622,0.601545156279436,0.6034252813110212,0.4213784768672969,0.644564986526413,0.6679231372283811,0.5600037593041021,0.6841155454279075,0.6568049874584544
0.04263949957200169,0.5460099710990567,0.5184087108213838,0.5890289421105592,0.6041193742900999,0.45453540768345235,0.6568670199896252,0.6781840212464008,0.5833052913895864,0.6053220548521133,0.6556607892023624
0.02636177055192923,0.4743006861963544,0.5009940767152564,0.5457260753410058,0.584395726522693,0.44469241550007554,0.6738243727920964,0.6973427261198408,0.6117008978020859,0.6471954540526833,0.6216724103190202
0.05575558886603628,0.5094805186238894,0.5181259917556584,0.572728269438451,0.5700086226798249,0.4883234264790741,0.6809401690916008,0.676350045202626,0.6567069599679409,0.6319642558714278,0.65326305225331
0.09317609591104534,0.5248317713433814,0.5219298384129614,0.5806900961427626,0.5970284469606447,0.4898062648642946,0.660859536881355,0.6756782880698355,0.6350845358726831,0.6434346275662232,0.6430040362460278
0.017308956533354743,0.49803716539659354,0.46778968385816133,0.5670565969782505,0.501654242757684,0.4451356791496701,0.6627569957046273,0.6971404615681953,0.5645401025921662,0.6507753729911147,0.6416698315515282
0.0038634966173126807,0.5190133725028707,0.4651387695585704,0.528449410092198,0.5141397315552688,0.4432478396926751,0.6847901034795381,0.6992688633961732,0.5988140630754397,0.6534489941384247,0.7015099102441041
0.013171626935312026,0.5045003846026316,0.4732293263498179,0.572831743513483,0.5543267229022908,0.4509691642978487,0.6732336957551688,0.6000624329852462,0.6266857366838811,0.5944516631742472,0.6776624567747752
0.022711755400898006,0.5016944611451787,0.4877895109416531,0.5731150120882886,0.49828684862491995,0.4441875226520394,0.6771705346476509,0.6364678970236246,0.6399744766811285,0.6267058988623692,0.6882782864922212
0.008062120324377392,0.5120680949105678,0.5124777411810073,0.5345927481284559,0.5334903562783513,0.4443658361098781,0.6506806891584084,0.6828635682763848,0.6745750320512434,0.6251036879863113,0.691974871310755
0.031543338826374265,0.4779239972692016,0.5322359841870464,0.5789987822432613,0.5614400776494537,0.44131473337603766,0.662533292007667,0.660024712919711,0.6690270799312882,0.6304367427012294,0.7026156741925764
-0.004521305967304381,0.5344591834951344,0.5227293084709291,0.5456009031008301,0.5685901113880091,0.5032604470467322,0.6663879102718342,0.6720131269919217,0.5968024458361115,0.6142705462705582,0.6301685336707901
0.008888786183683392,0.4982146546018195,0.5477335820581228,0.572733779214305,0.5870601140486096,0.5067065289965094,0.6949235638124512,0.6815644457011536,0.6549688646844131,0.6201519772521205,0.6499413710100967
0.010751323096895506,0.5406541081710345,0.5517392653627371,0.5689093303563226,0.6073571215981399,0.5316947790736929,0.6753985657332919,0.6060208128138371,0.6196951432012502,0.6132817553289016,0.6557663269228159
-0.005175801783158366,0.5570540020887841,0.5543696153306674,0.4888981031653108,0.608179530268669,0.5005596329708447,0.6056338678226546,0.5921272074219699,0.6113821996488119,0.6038034413160819,0.6678044297630283
-0.004410877106547348,0.535054357638708,0.5279894023335419,0.533531851675568,0.5725101947663389,0.497073615599813,0.6359397773490789,0.6393195310550058,0.6449723436891379,0.6177797885009977,0.6633472839197685
-0.0013082787486213695,0.5395868390965002,0.5436050380789809,0.5690865095001554,0.5785929875776878,0.5537692869367623,0.6867731329459852,0.5641683366448922,0.6115106064602029,0.6295376376803433,0.6641830052719386
-0.029186514984432137,0.5456093765376506,0.5475642649830267,0.5144297597739668,0.596863215074643,0.49350667307161494,0.7054919434742957,0.5875991118146604,0.6131697016781038,0.6327179337878006,0.6654236720939678
0.0028789053350663646,0.573911043175162,0.570073731880685,0.521417566162714,0.6472375351644746,0.4724460693060509,0.6452771209198864,0.6075181899922402,0.5773427767023519,0.6493787250194554,0.6431030692069417
0.0025872043910527692,0.566937686466266,0.5387069447831486,0.5149614580276799,0.6254020299035821,0.5058212476865663,0.6659286575125591,0.5812058284378953,0.6176540178845951,0.6665951765711903,0.6557424449249519
0.0077144437142964385,0.5432987942782964,0.5668355811416208,0.4956907422428901,0.6467829457374894,0.49987044642695344,0.6827084303017215,0.6108400795402898,0.6408461955479842,0.6189245064338907,0.6616108314059014
0.017109649017106966,0.5467153556125643,0.5110662316911897,0.5266798680108612,0.6186080108370279,0.5337636707075699,0.7105777380421944,0.5760447060879093,0.5703802528992931,0.5205567872470425,0.5999628010174995
0.019148586709427422,0.4616665432854312,0.5530166849212252,0.5880313854492728,0.6275989644319124,0.5109129546721378,0.6834968804437676,0.5971630444352345,0.554072194921001,0.5778318810903966,0.6275841265531434
0.03484806260838848,0.5422928827558675,0.4217334600649093,0.589375446394349,0.5271269299490263,0.4389239738507334,0.5661305310409627,0.6208997243428731,0.6218844431989927,0.5825382407286778,0.5783495132696805
0.04218117194013163,0.5629411423850769,0.43025435002869106,0.5970926559468865,0.5319871288036053,0.4773036382717133,0.6006400087344272,0.6449479896301473,0.6439683814243817,0.5633098200121045,0.600520414637584
0.05154159915077861,0.5594703937128339,0.4789718096590654,0.5584348583235313,0.48824184240292656,0.5151734209920495,0.5689893282150643,0.6615884613857655,0.6274765752734397,0.6208153371511427,0.5930910519792401
0.06553554390741587,0.5335544217472007,0.458670991042989,0.5385571425328344,0.48948746117232667,0.45880779238226543,0.5136536341107931,0.6950418419252542,0.6744657446033578,0.6302333925491924,0.6231730173324039
0.10344706733382,0.5584729485500974,0.48468287027107015,0.5830931760110445,0.4711497293034697,0.45906393897298736,0.5641738202191053,0.6663744003130913,0.6870303672094856,0.6615146130310894,0.6016881969858495
0.0939391574363788,0.5742600928868409,0.49218174864876635,0.6383102319225449,0.48844785484511943,0.4149269120984608,0.5706268943327896,0.6794678302094181,0.6404918374915851,0.6334491524973197,0.6047764439109338
0.07418229082817349,0.5681316062652355,0.515314454918891,0.6424830875356783,0.47872305557912975,0.41322400652722985,0.6060219627950618,0.6993997060025788,0.672547077925342,0.6184793301874769,0.5525609412460515
0.07515810005329629,0.6317444967548385,0.5292211641627095,0.6077565814073699,0.498795971416861,0.44195609229135496,0.6344739611672453,0.6977650227976699,0.6512273047530076,0.587533540644618,0.5961803038947819
0.07601405903845027,0.6071295090014625,0.45570147391702537,0.5440499941634885,0.4672773130831452,0.39569672858267047,0.6527572643666384,0.6598616737462515,0.6216735822430961,0.6286783351263285,0.6173891840329034
0.08577401004917612,0.647832340883965,0.4885520074204164,0.603893541606151,0.47826280837887686,0.41033868933703677,0.5990383036310066,0.6252295526702555,0.6577620743488836,0.6516845330484721,0.6346685321202047
0.11563335843542454,0.5705739200601848,0.5130090921174543,0.6227380114252641,0.5059198875559662,0.4292929319819776,0.6528996073216013,0.6791960756641646,0.6518954562566347,0.623771657973352,0.5606519450414882
-0.0030139488772358016,0.5743200930644163,0.510846480225685,0.6234227772984212,0.5172679515301761,0.49253654815059045,0.661240431894845,0.7225527311518984,0.6470496261095837,0.6283555084508399,0.5760346085864867
0.026639169818815107,0.597476764398992,0.5026546370744672,0.5938250764035702,0.5214633544969611,0.5004314412326046,0.6656297408716559,0.700094225045751,0.6642774481477574,0.6503690933364128,0.6247430851160634
0.05393734314232132,0.5937349613597769,0.4858195465849287,0.6390426937089899,0.4723502690449466,0.5174391394790077,0.6065816107836898,0.7002978065331747,0.6187224014194543,0.6139653564832611,0.6057366949062528
0.061767065834152125,0.606846681066074,0.5139845994465009,0.5933784067629848,0.5093259769522045,0.47064030845831345,0.6365634170486221,0.7045616228177136,0.5889389058981634,0.6301496734811532,0.6157403139512447
0.018938321662673528,0.588175376994057,0.5424522870489085,0.5705330527533887,0.5266266641170405,0.4712957979537373,0.6389481959042613,0.7098972488321519,0.6197413126669912,0.5561083596422377,0.645440382967247
-0.05301595616868802,0.5535247533745857,0.5287073339477625,0.5962588276061855,0.5204169802025708,0.45158518780644485,0.6287151515932086,0.6364250135430134,0.629765676221929,0.6332411832259945,0.587946017131924
0.009279336186558022,0.5970567084064241,0.47202513490845927,0.5321285772413188,0.518826350245486,0.389282111510275,0.6528141607378557,0.6863531387627283,0.6469032065695395,0.6292962111564274,0.5974243703432669
0.024724417336771894,0.5967725590402667,0.39503984210230253,0.5714377417058303,0.3993416936186124,0.4139850361189668,0.6811092471911595,0.6932859187420316,0.6816162771719815,0.6304679618413127,0.6357181305446651
0.040978911226253106,0.588582384399853,0.3918512859409943,0.5641786438287436,0.4199214501368014,0.48671289187880684,0.6551233662522836,0.7082917233915422,0.6390304761144298,0.6161214289546803,0.613917250930334
-0.03859479382453093,0.5644485332168314,0.3880139078770772,0.520138279702555,0.440976176519678,0.45849232186051114,0.6687499984154099,0.6425567435437306,0.6524693555896952,0.621905591453946,0.6041118444929141
0.024498687329723386,0.5838990672936787,0.3587140582803785,0.57835528394101,0.42274298978164904,0.39029175390060766,0.5928270921889822,0.6761304704212123,0.6626492852392294,0.6134492972737604,0.5609455211192631
-0.03222095335176447,0.5890822396772404,0.3651212186811229,0.5798911482113132,0.4266326934068023,0.38448332393833723,0.661986411487429,0.6784948693075821,0.5518819234905384,0.5943925814472447,0.6010564526011073
-0.004957085798602904,0.5267023957002078,0.38924507677698666,0.553459765451342,0.43527059574172944,0.42725520139339723,0.6575889881511049,0.7042593620816405,0.5991771466313878,0.5943645413593779,0.6622922490615799
0.03459882856561711,0.569075573542499,0.39562732055203026,0.5651256621825446,0.4370464582636838,0.4360020612365605,0.6854220482019371,0.7130802267422254,0.6086429887340019,0.604391681656183,0.5982688449110616
0.005724703078309514,0.5780554809533656,0.40141686434650314,0.5525224648374881,0.44768896227539423,0.46044464319842326,0.7000555161644981,0.6513089317902696,0.6441590249101052,0.6478418595297173,0.6062176933432326
0.019279642208615735,0.6101173985102282,0.41210717699160954,0.5461281494329333,0.45138772096222834,0.5178631703781923,0.7402450627847907,0.6717088896591864,0.6325963579041755,0.610371026609798,0.6181243548372145
-0.016603247499405224,0.6063438600116688,0.3645224024501021,0.5461716178855524,0.4898948066403931,0.5403042438266696,0.5689306544632126,0.6857344678770496,0.6319712265934124,0.6136952600888217,0.6413846901953631
0.0178786069379801,0.6190846289681231,0.39255964456527925,0.5395144558228492,0.46415164843768186,0.47329179417574335,0.627585898845259,0.6308757458443816,0.6475545943325971,0.6319457583381949,0.6537291628371432
0.028201855830390792,0.632320381163535,0.4102652797351849,0.5145398369098605,0.4799514534417717,0.4955282275498508,0.6568105684395494,0.6412901655521998,0.6569001006154642,0.6337126349497334,0.5776707591272293
0.05368327168209954,0.5500037989177323,0.43326261551269096,0.5218399622947973,0.4556176055391736,0.5004575539000621,0.6734963243732304,0.686846255246449,0.5700904651920873,0.6352154390938788,0.6170035848720612
0.047297166560599915,0.5043622302723435,0.4381653044397781,0.539489148181099,0.502081616524081,0.47863982021256724,0.6529511541479799,0.6809998565763523,0.5872334826788996,0.6458398419672731,0.5816233516267388
0.03794531727710689,0.5388337639376856,0.41366510836785747,0.5591534930834853,0.5118420136747955,0.42856340359120226,0.6548107110409155,0.6833089648229844,0.6131544620397762,0.6211576135339986,0.6340521735853376
0.03179672649428874,0.5239552554556698,0.41667642479149525,0.573432996628721,0.5061802937842389,0.43672662942407425,0.6797998245390252,0.6974017094451093,0.6362015139576765,0.6235974764119014,0.6108757901447889
0.035968890726989944,0.5431773614035224,0.4311618204962073,0.48561086544913784,0.4955295187433573,0.4594557037875998,0.6914541775357965,0.6090798376580904,0.6796797151020304,0.6194082913432657,0.624436191337207
0.032349557013896926,0.5463723677586559,0.3434531214652114,0.5195543785603713,0.4148044580885083,0.4592172479653885,0.6927615515394313,0.6977167264788272,0.6525719304672422,0.6356231701795494,0.6415379568875583
0.03830033508439254,0.5212334111564364,0.3473983885692207,0.5371759350012251,0.4405309899007388,0.42752266366685154,0.7170177220151602,0.6975601414418738,0.5704136906215139,0.6377195306686783,0.6505080697458532
0.05568141589169775,0.5633306743566232,0.3583747954094485,0.5566405433262196,0.4615898952801044,0.43311629966007315,0.6564569019000618,0.7002117008409199,0.5896035953930534,0.5869568201156538,0.5924702416122103
0.03357314539165306,0.5792104391863386,0.3838095767256351,0.5805330644241873,0.40624796104700245,0.4887461356278121,0.6495536604025278,0.6736456198432028,0.6059363825367601,0.5957719552328085,0.6015500319860128
0.018524094198458223,0.5664253498091592,0.3841339827021497,0.5459733351206771,0.4766932266668961,0.4088642798618012,0.6469115869390288,0.705391720135048,0.624395866600064,0.6535192406313457,0.6242043411118927
0.029329561169329117,0.3976791058778686,0.4553804458015897,0.6414274178012258,0.480990251894423,0.4525421111735831,0.6576139830607213,0.6857850455431967,0.6578273615686483,0.6626758573906097,0.6414997255530847
0.015052486362939,0.49087090820622953,0.43692843038459117,0.5596934033867333,0.48103034864352934,0.440504493034716,0.6899103108355233,0.6904919314497766,0.6555032838666741,0.5842000427967897,0.6081116141405121
0.015107489610032582,0.5355007671684732,0.43343559077722316,0.5358095105995352,0.48980258382185515,0.4662679531259366,0.6996198981413178,0.6697813752826437,0.6111532950927617,0.6235588551202679,0.5594326223401485
0.04344931181874032,0.5415917821832061,0.4448642660133003,0.5105827790584643,0.4685105706990121,0.4227762086518865,0.7033094354789655,0.6882283453367606,0.6305604721542557,0.6425292180515118,0.6087985714637631
0.03387767512307245,0.5647520168819475,0.37620920734229957,0.5764840288569121,0.49285673672696484,0.4445220871002385,0.6909188288208944,0.6944905029334624,0.5495614806402607,0.6066571933750662,0.6374663703325423
-0.012368272044541464,0.528716041083112,0.39116700450706526,0.5203392310718712,0.4492811322192426,0.471320633581502,0.7143374461668962,0.7116282659965468,0.6228282261993046,0.6160450135323056,0.6658498848334387
0.007451071063936035,0.5929957843775896,0.3143195548568887,0.5281868165134064,0.4455523886933397,0.39338009976268445,0.6919696378717273,0.7224598953363369,0.6663428963688212,0.5805210293040329,0.6771108269557429
0.014441336634281203,0.5549192874165495,0.3572314189005626,0.5149522012119605,0.44276878959619614,0.461568495416645,0.6000284289159536,0.6952484507175071,0.6778367699216079,0.6149901125364325,0.6844935388375556
0.02800926564598895,0.5717619512708428,0.38924962980308053,0.5175785699060218,0.4536779577737702,0.46484180953613596,0.6500937357339567,0.7074413856590677,0.6047206884826247,0.6309907304772899,0.5923088356043626
0.004647852360420902,0.40811183639551496,0.43760536247907666,0.6403515985841637,0.4592887092811711,0.41957432222913005,0.6927757765186422,0.6913593202943461,0.6660897611642327,0.6444954319154171,0.6249606679576712
-0.009559055186317632,0.5010513731373548,0.40283416160340313,0.5525400656862065,0.4405006568629128,0.3454319915914622,0.6505692968006337,0.6909598492194714,0.6663849675825677,0.6575276826575435,0.6590916167991328
0.0037988028130171003,0.5445055431530603,0.38155446277477395,0.5396257700108661,0.44846983663569095,0.4273199759666912,0.6668911068224034,0.6976374278084265,0.6365433239131707,0.599457110214631,0.6511629612080443
0.013091268718316038,0.5499942669216198,0.38916947797509294,0.540847313989743,0.4468840859908973,0.45415844133561617,0.6849920904574389,0.7118895016751223,0.6422801653414862,0.580136181697717,0.6452763426764728
-0.002856474198727735,0.5644195901834465,0.3522608574412955,0.5071918977226415,0.45682028550180176,0.45718999818171213,0.6655052391401473,0.7123099067802294,0.6667266410952499,0.5813009876076907,0.6408856913593403
0.03013370675275655,0.4600432615453452,0.3642443216722776,0.5256069974243445,0.4499860010830705,0.48021073598128877,0.6867767216864213,0.7376550673304907,0.6855525461114167,0.608374124564364,0.6253572893194808
0.009075405130949243,0.5526846605676661,0.2654930362398721,0.5257974565964092,0.377776079787306,0.5035203950033207,0.6901641794884706,0.6610909358823467,0.6840084600240744,0.6102861609759352,0.627174006036415
0.009446725251021481,0.5575947446511166,0.3061581389011365,0.5629740218913057,0.3864661132510953,0.5280349170517096,0.6440750492951399,0.67676735423156,0.6139821032220218,0.6105750456722492,0.6390949825690091
-0.034480991802021944,0.5854760179606043,0.3492997117231811,0.5918298618977906,0.4212918354161246,0.4568370545290984,0.6638605092235301,0.6621740666713928,0.657070810077176,0.638216917764296,0.6596617258283475
0.01336927321996191,0.5783525309962695,0.35725180025014835,0.5228520167154539,0.41526312256576997,0.4860533074949143,0.6361844412413341,0.6864983661249966,0.6726082387756906,0.6050488881976158,0.6766972537049007
0.03536388706006585,0.5730225107921624,0.3417361098101107,0.4998718638490076,0.4148879616926638,0.439814250714244,0.6476619183735786,0.7096324608037574,0.6970044014890394,0.6387549997405182,0.6891499442854337
-0.04030928741024759,0.5284390538898023,0.31189122815875636,0.5076413614240416,0.36283203774085215,0.4776487341055783,0.6978296746853018,0.7165289472499012,0.6792272157007037,0.6501212947163205,0.6379465395947078
-0.029222109380216972,0.5527238202085031,0.3284727220409111,0.567788990406144,0.46004970875289186,0.33914470233966826,0.6965813558555317,0.6130823775811648,0.6839773310725075,0.6621916951944482,0.666600885410006
-0.015458652653909489,0.5549474351101635,0.3181975860472516,0.5803896358594567,0.4840142547242216,0.35305754031936154,0.6093593785099094,0.6639149634284279,0.6913625984127055,0.603822790525868,0.627464224057972
-0.021037324328294877,0.5590065832631289,0.3159089235475917,0.6144652621276948,0.4964398144088106,0.36617604561241107,0.6236679291276208,0.7075271855772804,0.6467736345951298,0.6231844309419079,0.6572602065370541
-0.009486640649460984,0.5587415149817899,0.3312982237368539,0.6392380919301524,0.4757554269756151,0.3813265581962759,0.6332307035742474,0.7287938450954714,0.6690151341067219,0.6550547813484292,0.6625316848435451
-0.010290319465466118,0.49876761159180827,0.354129253966411,0.5476383838334093,0.4860237583949405,0.3720422919149268,0.6996206712584487,0.7017639087226455,0.6721495904594781,0.6703169583361195,0.6118814125414722
-0.012066069388155836,0.5762214128634067,0.3300607794849759,0.4846478190785956,0.4992957454680024,0.4228886179858948,0.6541000360468766,0.669435164087741,0.6217534111256487,0.6444764233889525,0.6230835739085546
-0.0037877747097727556,0.6021577962533762,0.3696372476772982,0.5651863251880939,0.49962050883763137,0.42524065538710776,0.6908414277875359,0.6922972378545393,0.6380146107662875,0.6715297130054932,0.6782094643370684
-4.114702930462519e-05,0.6191521232269852,0.4076571845567229,0.5458615489824445,0.49848100095921904,0.4240188675973184,0.7111533073147613,0.6746085879305288,0.6186807903847513,0.7070111862437525,0.6488102361276076
0.00480925100526598,0.5946516669474454,0.400078536230511,0.5050631775945719,0.5324038688857154,0.40646966242073435,0.6737226572217899,0.6695003159164932,0.6490050549506255,0.65976783786539,0.6490981009791734
-0.03622894601835665,0.4563701957217491,0.43382163717209044,0.5371861803298277,0.5440077060685413,0.45507703270543115,0.7099504961370976,0.6895909737089931,0.649384121694835,0.6636496272215446,0.6504225109662355
0.03001620687215198,0.48388317435749345,0.4625857116873078,0.6523027021360475,0.5482346654150962,0.4122301048327668,0.7209300586087959,0.7147256383926606,0.5969189680532975,0.5816619828809381,0.6568146118338054
0.04986316977934273,0.4155840541322964,0.40752543449542844,0.6914042477515057,0.5660485143301786,0.4040549483767523,0.6908002199684702,0.6981820312815825,0.6203334926380796,0.6057498758651307,0.628941419541467
-0.017323715754821358,0.3086895106555083,0.3170203987028142,0.6689270110485313,0.4952865565082056,0.4414168743611381,0.7033696708749965,0.66064802940927,0.6866664437374121,0.6413960887522884,0.6090483933702907
-0.02661739538733349,0.41014103789305756,0.3387203781833144,0.4208716428455856,0.5406796211584668,0.4622450135219872,0.706085514739342,0.6896563650183429,0.707197528861891,0.6466106864975265,0.6305157412373796
-0.038356569763123925,0.3582830354744049,0.3301184864328567,0.4121691378673123,0.5642331553269285,0.38946971476610315,0.6700887481328179,0.7091890711825087,0.6398690610544934,0.6627468727774453,0.6312351169813794
-0.04408293774273898,0.32916856034725644,0.33507103668875726,0.45322326330250984,0.5906095732445827,0.41772384574272914,0.6956974304356125,0.6887589123789811,0.6421091260121154,0.66999635680479,0.6549076928446695
-0.0370514427922934,0.3567250512085426,0.19666740536222954,0.5287315851592769,0.48630205996605813,0.43252230975060746,0.7006521354624089,0.7177587408025555,0.6352429166551472,0.5912147925992508,0.6637808697039825
-0.02865526571734929,0.4153602080331409,0.2337344871089047,0.5527656562951055,0.49084377053975325,0.27463970907610463,0.6948537183344057,0.657226818776803,0.6578668513220371,0.6296508081693508,0.6691010035904892
-0.03117204471334112,0.4394292897656914,0.26414746152559954,0.5887941131296042,0.5016975518973774,0.31374716096509947,0.7105983054505685,0.6813257626404366,0.6239236407717853,0.6721158794615907,0.6754173174648559
-0.04060205423685287,0.44109465788707036,0.26056335399918307,0.42439620746488027,0.4494695305074412,0.34683966376125486,0.6565915758114567,0.6860917552790324,0.6182271130393342,0.6527525603871278,0.6515348709680404
-0.048261395972760655,0.4521954432354209,0.2660876449996411,0.38625105854499686,0.4594990991482819,0.3469214982987946,0.6972253358541309,0.7171576152978392,0.6533308586525348,0.6167089212038,0.6215700880041344
-0.045557480477563486,0.3572330890464945,0.2217170141950559,0.3435023848071287,0.3614896160159819,0.3547621724609994,0.6498540688528104,0.7389907515981347,0.6702575967993629,0.6608695915635152,0.631193691192625
-0.03808663832693451,0.4105601421177627,0.21380001837141718,0.3118418021244987,0.38246534389417697,0.386920271682608,0.6543474531956492,0.7492411833857365,0.6939080852761507,0.6012322929135202,0.624063830141249
-0.04422441291982422,0.3031302834680828,0.2282407727851651,0.3016155992838402,0.3654494097690208,0.2724008202990776,0.6651307440690922,0.7246020188862053,0.7018583007427173,0.624235949323663,0.6509017029501059
-0.0433121751470151,0.21376980221746636,0.16273364520787864,0.2561871284099959,0.33036843137535205,0.1792538315837683,0.7104861100877624,0.593160993968478,0.7004083658284744,0.6152132819114982,0.6607839552702433
-0.05584927032048888,0.19899907479802398,0.160112200130239,0.2578737949233336,0.34672899857833406,0.1872239416070253,0.6939628424891954,0.5426524236173093,0.6337183804414632,0.5939092519753676,0.6707107825998104
-0.052749519283645074,0.1780676355839349,0.12696832082143786,0.24006130645534246,0.37845366103072153,0.20506704758625646,0.6472044418004814,0.591178195049568,0.6888097153793011,0.6062507866800574,0.6916978715240019
-0.05807844644216253,0.1734993256047362,0.12936661334105792,0.23505980610929647,0.3495693980204829,0.26742607467914087,0.6319459242090576,0.6685655669756556,0.7283152232508872,0.6435842419748554,0.7102855293439185
-0.0572719635917497,0.17894151595273283,0.12096265561855438,0.23389435503118497,0.2796410317351013,0.25777786578265577,0.6635557878980407,0.669012644411785,0.686188951523621,0.604457031533901,0.5789160135187519
-0.05434124049013337,0.18534864759771816,0.12264692825956856,0.2413671305689973,0.2572122246375734,0.3051999346085922,0.6858954349476993,0.6747169472948713,0.6802255224359763,0.6516047729395942,0.6381501625415739
-0.0543189226235275,0.1962525573541786,0.13465927864903196,0.230284812304596,0.29332683650712754,0.40283630749210675,0.6327496272474895,0.71757549928927,0.6866935134949068,0.658728507158189,0.658721406185526
-0.05313018750358277,0.20581899007370957,0.13579577372511858,0.24868588645994605,0.3203173011748562,0.37373729323054455,0.6710878016271439,0.6885443925182455,0.6948966930319891,0.6507827689299474,0.6121491769269072
-0.05424513950946229,0.21332240622188692,0.13338986137786646,0.24856226453169647,0.28804128299786047,0.39533739149827796,0.6166087491732082,0.6928415196851472,0.707464433175903,0.6954823369515671,0.6259234994928999
-0.04983981831209447,0.2122423135533613,0.12655206305951616,0.22096514645630036,0.2939779231804094,0.42591308669733396,0.6704647943562667,0.583691319273582,0.6688914960826988,0.6191785745282202,0.6450209847019356
-0.04547590059498352,0.23317306006598992,0.1353797762208431,0.22383259862292376,0.31097640874706844,0.43814612828993327,0.6998505516160933,0.61344335462716,0.6836473964282979,0.6045651315005247,0.6512754459859231
-0.05070731299950372,0.14407664303480375,0.12635409999843497,0.22616474740478748,0.3150035877880144,0.3676003658580325,0.7315326066345111,0.6538302296552778,0.6665785134409372,0.6210969851210473,0.679597212535545
-0.044021799027248606,0.16004194825933027,0.13653533731379874,0.2391956927347706,0.3144113739354936,0.3269279789309201,0.6766302328638105,0.5852424442711022,0.6798282306525577,0.6243015781633443,0.5950206314154199
-0.05072398295267002,0.16122084844057488,0.1540570262252927,0.23641481169262785,0.2967251679056128,0.2622929237227669,0.6682939227970675,0.6195874790528426,0.6741720931260057,0.6025956364477016,0.599946523542782
-0.0514792240488989,0.1565263914076514,0.1364217791668905,0.23169932514784902,0.29379894438956117,0.22574633661903795,0.6928841914852477,0.6520341046242907,0.6720103484687553,0.5461615893984659,0.596409031500649
-0.049426600996916946,0.1534860222281093,0.140397924086271,0.2363131710018817,0.2941811573855677,0.23790656854283126,0.7037268064196578,0.6419648463152761,0.6780631890635311,0.5733773375535527,0.5589650288350542
-0.051211483909181156,0.15426814489011112,0.14960978029481495,0.23173175015860117,0.3195833503253534,0.28403204876905314,0.7138503725513212,0.6157122977641146,0.5765687997220954,0.5147429478221434,0.5486520932688003
-0.044633956183540824,0.1674300739967831,0.15599377947149615,0.2387254912266994,0.35903007567390455,0.22013065811892799,0.680003199287067,0.632756110806982,0.6222771945755143,0.5536856258644796,0.54451769430179
-0.04454284183457203,0.16219847585474761,0.157811866933404,0.2401044601588373,0.3822436480372843,0.26188610715390676,0.6660421490819793,0.5953880222525575,0.6602592777098535,0.5539502929217632,0.4973995361794721
-0.0495781207417114,0.17400546544655507,0.16644272524720521,0.2604397366867103,0.3980229553558905,0.3085312746205253,0.695918643900229,0.629660322582745,0.6202322838133242,0.5913293528538421,0.5158319113469734
-0.04889921909366943,0.18271817967174803,0.18619777294747378,0.2783957222670387,0.41769821098315274,0.3390016979317111,0.7250000129784684,0.6452551143440284,0.6305330726138734,0.5514298183966378,0.5226255357582181
-0.05592684789991616,0.19475485489420774,0.19289456793465573,0.28575621270233065,0.37360595630950716,0.2865207205256906,0.6881019863594738,0.5888547910659724,0.5551312929515091,0.5525146582674134,0.5472996749700243
-0.059557839163115134,0.1949260377377733,0.20178140398821381,0.2772979259644559,0.33105204498395596,0.2858587480255685,0.47621123609984123,0.5087605887232806,0.6096387415729965,0.4435757985127743,0.49429268791627096
-0.05088004457263723,0.19658888706966274,0.1916613636114481,0.26338306104750714,0.29470080915957686,0.2285935476986642,0.5441909633336687,0.5305770877832792,0.6287353257826385,0.4608306800007784,0.5102174433377371
-0.05084338176381989,0.2601267579790143,0.2380888968611072,0.31611094541115015,0.3339813687998585,0.33382395749875005,0.5911336267014164,0.5573913072120606,0.6492071737421631,0.5260409047786601,0.5128880918489345
-0.059263864419694515,0.27430780190950704,0.25474858500721526,0.3198079014467483,0.33212897948213116,0.19029700032862903,0.6279200393870081,0.5628902486317146,0.6147766267121397,0.5468745760070408,0.5273259334583571
-0.06864408019600342,0.2892619442121048,0.2777275653926975,0.3526560310203233,0.3784108651614988,0.23494320993372725,0.6581184884635995,0.5663139187261343,0.5979933174060628,0.49785719846444176,0.5294992143889463
-0.06313431265666347,0.2719812480915694,0.29359174309871183,0.3615626775283177,0.3770322698126512,0.27578227030491326,0.670732003867466,0.5822234348240432,0.5525796124872366,0.5246987035679833,0.5053798302987813
-0.05170303977496117,0.28848535188949004,0.31787698965244643,0.4098424734752582,0.4151672092003791,0.3930193892513514,0.65394404822252,0.641139864219987,0.6084779669842304,0.568189291199716,0.511040421080819
-0.04454757845963271,0.3018378899039017,0.34470831922217193,0.41992300819464334,0.4830409605502608,0.391006407608077,0.62178872328105,0.6256315408237265,0.6085583097367626,0.5140281603814382,0.4975371319407372
-0.04511065440369109,0.2757119869106655,0.3206599837520451,0.42288608015961304,0.4607376451364429,0.3497107721948758,0.6928189518886665,0.6260905830302332,0.632830622107076,0.551856525971016,0.4965190037991633
-0.04150411229930602,0.27634595324669975,0.3323583486085272,0.40069523773282806,0.4475469257609223,0.3927384528376169,0.678305584923456,0.6517982668948121,0.6496916560982349,0.5794071021797906,0.5229576820246928
-0.05125570365745391,0.26467721764283464,0.2751321380211905,0.39116945043607654,0.3986736497268966,0.40772426917419347,0.6966186742102056,0.6420399407101838,0.6547898639244285,0.5696917808184747,0.5335904977459542
-0.04862608203941745,0.2443026758507801,0.2826710588036901,0.39449847573079255,0.46005016348534455,0.40806244322079155,0.6599323911755086,0.594920493329018,0.6466708294434512,0.5438240014876,0.5451057438003329
-0.048424259125161684,0.24457270689497218,0.2973436062570567,0.41501297319489866,0.4660000728765955,0.4955815903049218,0.6311642543495002,0.5922438967577526,0.6485062058344953,0.574545909461585,0.5186939452136902
-0.04495805829465958,0.24916744772335747,0.2861818883789762,0.4163676425767774,0.5154644085619908,0.46112784856941735,0.6127661470846857,0.6624637194120212,0.6486764203855708,0.48511543596206647,0.5052433248021109
-0.05477875195339436,0.2492012151316757,0.2887297970264907,0.42424993337317063,0.5224113588064547,0.4722887292892162,0.6124336396235909,0.7075953373305974,0.6672695596783054,0.5345981306683268,0.48786686294254056
-0.03482534293025254,0.23478865471963045,0.2625414150004924,0.38487955517618944,0.5087321585946105,0.48581702610824873,0.642876829685695,0.6875028708522374,0.6272525048482593,0.5637433526318553,0.5148866697577039
-0.036227191029456096,0.2280195261629089,0.2589790716203855,0.3623070455417727,0.4930340737463169,0.43630727794091384,0.6729108375113063,0.6666736598910223,0.6451405861111215,0.566801755837423,0.5035942844854162
-0.04560108248430687,0.23323211793031262,0.250953286224732,0.3631874431791383,0.464069882180946,0.41885962919593056,0.6986335633576134,0.7150317146958638,0.674741643997244,0.5430634468282386,0.4937770652194215
-0.04823112149451583,0.24570901964631733,0.28320007849092943,0.4067128606278999,0.4716525078682884,0.39194524994533786,0.7168965855458281,0.6898743628325326,0.6936159595305036,0.5330936713773827,0.49100247997121177
-0.04605364832360734,0.24293593196853103,0.29124678843305046,0.4140880787100515,0.5163477420779519,0.38909104881272366,0.7319656262567646,0.7124791367421401,0.6221007596224974,0.5804682713143194,0.48344629811208306
-0.04273026666919246,0.25222304973262516,0.3204649382459771,0.4183967502459529,0.5194268133328777,0.4107611701786823,0.6270035367182057,0.638466045312478,0.6161534819851633,0.533506703714929,0.5385364487181843
-0.04410219343204474,0.2366839673606714,0.3213524448078148,0.4249747782042393,0.4966040958494736,0.4289098248006989,0.6749862697484036,0.6686032191936693,0.6526312573135422,0.5695811796246044,0.5459351290161382
-0.05583028826327387,0.2497820292376291,0.3251178210286566,0.44072111226841965,0.44768316240230027,0.39892712888254944,0.6208602686249672,0.6459000165787897,0.6223912800286886,0.5854421851416413,0.49679422062774387
-0.06263111497228062,0.24987508088451058,0.3118616711691495,0.4193967404074913,0.4209912575995913,0.4258430327369791,0.6531637321914177,0.662020711383915,0.6369500054499726,0.6050704228291228,0.49773399604021357
-0.056614154328069405,0.25559588932205507,0.2925445682091527,0.4030991245553561,0.3815856423840565,0.43044288239688133,0.5590699359554433,0.6764315662341612,0.6136243633647934,0.5489674682227437,0.5119991597945905
-0.051978233395932105,0.244567627737051,0.3034286652057916,0.4061943204008275,0.39603461036495724,0.3864622497796808,0.5824856709038393,0.6810586185299851,0.625312472108166,0.6052269847417733,0.5337036818735161
-0.05226093521250633,0.25736947851413683,0.31219436450862204,0.3726853061060682,0.37908917644366624,0.3964639392971413,0.5992310045175138,0.6826432173878166,0.615772234066073,0.5718744407071212,0.48993354264879735
-0.07105375462363057,0.25278219979639144,0.3177467484995028,0.38408825664271484,0.4105250316136613,0.3216692506939065,0.6545390659960122,0.7122037793552998,0.6487977509349789,0.5220771862124918,0.5372473006011131
-0.06351563469731558,0.2580188590062691,0.33297729632856954,0.4001078811626699,0.4176652294118107,0.3418614692961716,0.6332324053939478,0.7308374037544603,0.6441270584900622,0.5523273943324556,0.5405492475071805
-0.05891741956422276,0.2320212400407294,0.29470639172223867,0.37422840504080573,0.40673689421274006,0.33132709644949165,0.6340323639824929,0.6851199291544615,0.654432063144914,0.5714425421520636,0.5215337899976307
-0.050851159801038257,0.2603276096443714,0.327942311983572,0.39820099581652524,0.4140212133479719,0.31617159821320073,0.6503813669745083,0.7181781902338195,0.626732832316743,0.5620767384864392,0.5307223801029968
-0.05027257348013136,0.22772766831769142,0.3171305061175335,0.3879248560367927,0.4290334125403652,0.34303269355665933,0.607624710764014,0.6912322182323897,0.6151999185653818,0.5715094676438939,0.548112036688748
-0.044083237978755914,0.22950694199523192,0.3206769705987848,0.40067205777568266,0.43822790242158827,0.3485025033336526,0.6249935738412162,0.6183257246024011,0.6194945571546169,0.5560424085929832,0.534226108981512
-0.06441965557019984,0.2356820143528035,0.3340326903798405,0.42935663695791976,0.4458267756993035,0.39205871949185733,0.6327264563127173,0.6300115431501367,0.6001888249043738,0.5950458449564464,0.42806081144870245
-0.05559930645070516,0.24952568673054487,0.3378597447578634,0.40926121978950825,0.3908903756244637,0.30069524616212623,0.6641863818821577,0.4588659660054251,0.6207567971856914,0.6298017578510755,0.4673050398245364
-0.054869587332019326,0.25403517843346024,0.3079544793412999,0.41838497034817407,0.3781422119155468,0.2884171824598667,0.6419553057837722,0.4862308387369678,0.6172443236703699,0.6457111974807059,0.5025423318356861
-0.06224144745053675,0.2581848939029395,0.3038733070955735,0.4038832394486724,0.3778965618771023,0.28136081903775734,0.690814186072159,0.48249192844651556,0.6164440225501867,0.6642880457981738,0.5297921832664372
-0.059783019659990076,0.22876057635899302,0.2812670757262345,0.4143520102255758,0.37880079595900734,0.2793144642682971,0.6197391846283312,0.5120409687148442,0.6415594793721915,0.5099100313524039,0.5002437895624247
-0.05426316620394472,0.23270579453272439,0.3079479638824593,0.40712705493592694,0.3843679468892141,0.28905135683810546,0.527278672450406,0.5271210327418705,0.6303603780084659,0.5369956236480848,0.506317438290298
-0.05246401435713907,0.2476049555746085,0.30554156547572264,0.4173238683612791,0.39932565269990866,0.28742730813722234,0.4832891135426391,0.5439823166506969,0.5927280469433087,0.5649264256540507,0.5227783109757325
-0.053147209551423755,0.24892226091220854,0.3046929169268268,0.43882703289670466,0.4086575275554426,0.29322225498670146,0.56127680857808,0.6106383068789301,0.6249143095265537,0.5686540510139996,0.5208100650032826
-0.050305683936656964,0.27131936041465554,0.3290687400989285,0.4084846190653831,0.4192694692878963,0.31715788107796017,0.5846009161378181,0.6150238415503166,0.645259903004824,0.5884631980088245,0.5213259612681147
-0.035014849439759105,0.275710221411654,0.3397601336807389,0.4330354833622686,0.42571724241066067,0.349940145871803,0.6023898164276189,0.6035055456679439,0.6448706426128414,0.6018178432753933,0.5156004970204648
-0.028567843235285585,0.28884333045074384,0.3601461961538679,0.427366687889388,0.4115658815150419,0.36550997481589464,0.6162321632859814,0.6475111593907164,0.6475454316109732,0.6253256388484076,0.5018714643640001
-0.04113189335889473,0.2979964201180427,0.3624563148397325,0.4476286259163359,0.3943223892757685,0.398504716706389,0.6063676222930023,0.6589693163326056,0.5849807553478755,0.5902046782653662,0.5176547293620188
-0.033982428352602616,0.2524589277025589,0.36767110420140464,0.4489553123510469,0.4129585336855155,0.3884294992858966,0.6453256077828002,0.6212113922137492,0.5832039380732534,0.5244735509845354,0.5242745687503457
-0.04902947775577288,0.25266653954082463,0.3543069526280465,0.45732461227781973,0.41992584705513725,0.36122525283096624,0.6412534153965609,0.5060974658801489,0.6333273448696664,0.5443777595180237,0.5483585851930174
-0.045290005331949414,0.2560258221805167,0.3596942544335926,0.45509041891412716,0.425624749784411,0.38832713263279417,0.5383004663072477,0.43431346068537047,0.6424607070970938,0.5097499036803094,0.5329158658788845
-0.033280959449296224,0.25670146995317966,0.3714336084278046,0.46493075140683304,0.42048733234483837,0.40946348976530367,0.495451635696668,0.49463546493524224,0.5894733892102425,0.5562809150914287,0.5324269856729473
-0.044356860227366,0.25878595554626316,0.38548457747279297,0.4786456640160894,0.4251063663016186,0.405229939216216,0.5788121757398385,0.5340938099053885,0.6145632031517858,0.5653720838931608,0.5345566603971796
-0.043180625339408966,0.2659177403084687,0.35608884030591853,0.43457604844892084,0.3826748973782764,0.41076073275507985,0.6024144994353506,0.538294433057338,0.6502529870724251,0.5118611649976398,0.48713023370891456
-0.042165408858145154,0.2772762528926194,0.3830964185418869,0.4463154106109981,0.3981394406161698,0.42322419878672823,0.6222737936936382,0.5916530412727741,0.5904668279804977,0.6011445159549511,0.4891251637085954
-0.05248016796598033,0.2745163114676868,0.3911554682639562,0.48259685488286613,0.42901203109968844,0.439045847831375,0.644852170220964,0.6258583926590847,0.5664102816790813,0.6048151382050921,0.4852559321169018
-0.04749789565917996,0.2798044329445235,0.3947002905551219,0.44482799181499805,0.4424141530685566,0.3453682809209641,0.6191623991402337,0.6590361857364053,0.6041782498735673,0.6156946817519948,0.47116218061508003
-0.05037383739583634,0.2821583391008109,0.3936590502220479,0.4602839491412753,0.4655374984353924,0.38901344933523074,0.6471106868174606,0.6661985468428251,0.622876354471968,0.6219678013070052,0.44373994605283695
-0.0382374370645009,0.2830284258540579,0.39652080776360865,0.4700496305439267,0.44366929300537244,0.39466339624367763,0.6680491927585941,0.6755526812673595,0.6284924283813689,0.6500773588268014,0.47636672738869756
-0.033903941916015666,0.28842811777924854,0.4039460541399721,0.46001193382676253,0.4501738251409845,0.4004176318124121,0.613128970025842,0.6315463868165692,0.6063787266261637,0.6285938590611914,0.4786355335577116
-0.04516233300832042,0.2888355538895472,0.3646599912878938,0.45244688926510596,0.46222206755614337,0.40352424974129886,0.5883189487558941,0.5932232284402214,0.6358042364080461,0.5984790752198752,0.47514815915642455
-0.03525435228714159,0.2852924200960563,0.37283400181719484,0.4545720010681118,0.4804515659085816,0.3517829724572034,0.5967089180015306,0.5124582511389847,0.6250378268431582,0.6295187303417398,0.47611991996441516
-0.029358345871843532,0.2876300508821252,0.3682127090211761,0.4427723331097202,0.4735946327131461,0.3661129198792836,0.5085039938244849,0.6052739127750055,0.5424757515265258,0.6375871380205407,0.4781851042095307
-0.03871488587063101,0.2849629367198897,0.37311029137072615,0.43221726551095346,0.45491855736038483,0.36983271703197196,0.49929934647437807,0.6111430650726739,0.5597335048502218,0.6636874046009575,0.48448839110597636
-0.043566567222397705,0.2860218751891204,0.39592893356126535,0.43434729874804723,0.46249783406194667,0.413811206024185,0.5490521836588041,0.6021875476965401,0.6188706350986041,0.6796904555787473,0.4595660110397334
-0.03653094695808303,0.285554395122271,0.3812998912699335,0.44759870879485597,0.5177337967064617,0.4437531427375959,0.4932369134585498,0.5656144648254984,0.629516066050574,0.6764940811660469,0.4885285014499183
-0.023494710444817848,0.29938312232192854,0.41427312415395157,0.42382739708645706,0.5114871609067924,0.33817547557029215,0.5670642774387737,0.5817464727652418,0.6232425647424471,0.6745390775223071,0.5224792557121172
-0.03423069900377057,0.30873946627856297,0.4482785208049538,0.4196488731174816,0.49235757897440774,0.3975986362896895,0.51220899593146,0.5960836275955463,0.6494323146200284,0.6751331408735747,0.5284191599654406
-0.023628206249853803,0.31615273556154955,0.48707391647597087,0.427411670195342,0.47093938152530807,0.4041615568881114,0.5747897817963916,0.5057022291403767,0.6301316549686814,0.6905529361618702,0.4996518164527912
-0.020693840399472998,0.3035569112630817,0.4914538480774536,0.4505194976138138,0.49390773695325063,0.4483185523020698,0.626483045079341,0.519593487734433,0.6071234434838225,0.5859908850149824,0.5063921748457635
-0.01564410629791816,0.3117834451150042,0.4708574339097224,0.4691672117071397,0.526703558516332,0.3567366252715785,0.6338920881873077,0.4999706260083817,0.6078200150991018,0.6090271768662596,0.4631122603828248
-0.003547808703770504,0.298882312839638,0.4809823650939834,0.45027251743251157,0.539947517011693,0.35771423545942516,0.6572793336889653,0.5503455381813526,0.5969493263923079,0.6265716922298934,0.4628908358072625
-0.024391886755845554,0.3029375952116463,0.48475891974865704,0.45718358262678405,0.47218860333557544,0.4008656850291732,0.676117206898303,0.5762700744242922,0.5516805258332134,0.6478086635164979,0.4787118176170392
-0.08220663137037432,0.3144182260610342,0.3798032925806283,0.46677805929018146,0.5070953007597926,0.4121378437295904,0.6078116156487903,0.6188911532187629,0.6127914753740971,0.5780788159484882,0.5608369577073524
-0.06166262736086625,0.3139312220075285,0.3825365223077277,0.4854305696200569,0.5368641433504022,0.44026775993098394,0.6274836585661192,0.6483821675867703,0.637577399421589,0.5829453107443828,0.5275240704913178
-0.04337700549343704,0.31480003960301695,0.3992162651634153,0.5027695587067357,0.5932786905419025,0.3402247544352342,0.6283757500178375,0.6147840124801396,0.6467937367601896,0.6300581566943602,0.5393745088201312
-0.06606142369493281,0.3127879488607782,0.39387408092943277,0.521641300957439,0.6107072435268437,0.38792133426252084,0.6617676602812431,0.6760256675659465,0.6584744099828512,0.5656982572732118,0.5549154831700327
-0.06662433164666197,0.3223526596677559,0.40720009163355264,0.5392672302011159,0.6259212277972097,0.42717766888841957,0.6244705123120032,0.6476343644599536,0.6096954111105095,0.6176507945516969,0.5402838890909006
-0.06225456738257314,0.3194599491484437,0.44085200711407124,0.5303576193257538,0.6404081425360357,0.4291076911812577,0.6611587425568805,0.6015739703078881,0.640936620053023,0.6372620715103273,0.5736569718446558
-0.06320268032423444,0.3061045334855216,0.40958465051091986,0.5112061772022682,0.6175786162247743,0.44065402825829947,0.6425952347853161,0.5992191478676142,0.6269551916486223,0.6626018976657997,0.500837985368167
-0.046387780205830884,0.30291643952233577,0.43827140372804496,0.5434784833746289,0.5543834238669954,0.35098611410319613,0.6261449440639516,0.6270999083154248,0.6354926163128346,0.6286698893481604,0.5357431902901975
-0.045535440931723056,0.2984652464040234,0.4488045948064865,0.5068941731976744,0.554160305868089,0.4104779633139096,0.5764260706767264,0.630917455082617,0.6334873363496307,0.6661233503047104,0.5527966919979341
-0.02959555431290064,0.3011559907130804,0.47291517001387473,0.5180809947456563,0.5630410962317498,0.3939789404177527,0.5655266212598441,0.653119335184118,0.6042043877283894,0.6325439473379492,0.5587110516628827
-0.07579346851892477,0.30679346098327154,0.428917999501028,0.47969910037261715,0.5048045036051761,0.40894484637760814,0.5922497248926699,0.6538137108370256,0.6448918005094713,0.5756439730002773,0.49751442596867806
-0.06981863894129763,0.316661222616322,0.38298395435676835,0.4926375471647405,0.4993526226920313,0.41786609885505455,0.6240361559596581,0.6794344731504343,0.6640617426990898,0.5937882660618313,0.5564891354057392
-0.05733501884903245,0.3045181708974704,0.3976820943410019,0.4998545026284625,0.5282291807626662,0.42040325141111723,0.6342191706620983,0.6338106145944173,0.6748197631987061,0.6389005260498378,0.5314675499501833
-0.03597280920841179,0.31349300213793185,0.3651346094032223,0.5052857760594658,0.5297160811761064,0.3590141888847232,0.6139687069578391,0.6523499954201837,0.6468552321281914,0.649209672401879,0.516813413783169
-0.08538422340063702,0.3021239421397739,0.36762323614166836,0.48103460951997096,0.5145230645118448,0.3512795343817822,0.6454496039042807,0.6791189548199998,0.601310950138787,0.5427876318373491,0.5312103773611828
-0.0707399376709626,0.31491500413170814,0.3865769668863079,0.4937194845897651,0.517184220460458,0.3734662828107079,0.6560606392938058,0.6819680118939992,0.6501277791514877,0.62321618656909,0.554400549468695
-0.048249992074719084,0.3142927272813264,0.40126461820962844,0.5066745144097424,0.48330052094809334,0.4045846001702424,0.706724140338534,0.6209231964103671,0.6767399276811147,0.642043142518218,0.5426364309429293
-0.04248854456814034,0.3190962853079137,0.4340162884306842,0.5187381883003542,0.5139370306349138,0.37304159419640687,0.6335370702257579,0.6776880443831794,0.6882155907867546,0.6704806608274334,0.5165100936343856
-0.03789636533925431,0.3203386895542807,0.44176506601127574,0.46249901772692104,0.5050854148865862,0.35416870922691107,0.6490907927258405,0.6155322557770585,0.6818400518265052,0.658517636735753,0.4957464695497158
-0.057593086103030315,0.3237163576740189,0.4769286667009077,0.47965961065750695,0.5317350632613269,0.34577984285284974,0.6534851476843857,0.6461703050959795,0.7030861588241101,0.6865149481447108,0.49446448092732714
-0.042053291398555674,0.29720327305113936,0.5019525779036783,0.4973327605318686,0.4819197219378797,0.29822363478912367,0.6814157188657799,0.698121279221079,0.6764060365186018,0.699109254197515,0.4543386793821419
-0.030201884899030428,0.3056772217917285,0.5049648266180818,0.511774692067668,0.5066446284868277,0.36499255281054843,0.6455098438648443,0.7259577361643708,0.6358961461071041,0.641550244227091,0.41194117037449257
-0.026049149014714897,0.3141622846344243,0.4787268873024708,0.5357512454801185,0.5066288530536764,0.3802500450751234,0.6836912205239712,0.6653336984391414,0.6489748228193502,0.66308918090216,0.4552018749446556
-0.02168043501534095,0.3079660408796442,0.5046094516389419,0.5578511147773869,0.5097315354377783,0.3984977845435732,0.6501691019854997,0.6445396942496943,0.6860158098449121,0.6629137434346916,0.4674649067882598
-0.023642683106948552,0.28316540425252085,0.46499729454935684,0.5582383725410542,0.5101456420830062,0.35978762749409604,0.6587870617744651,0.6508945925201566,0.6849190865495706,0.6585879117044839,0.48326042916576195
-0.01133958169463693,0.29217172838139993,0.475052585527374,0.5172649146998751,0.5375570981025906,0.3503394246777,0.664327983043776,0.6720815884654523,0.6513615643031523,0.6710371902291843,0.48873091264870183
-0.0397613539756562,0.32080871880084105,0.4579502815672986,0.5313411966634195,0.48038412637124017,0.3271891633941957,0.6710136171227077,0.652657842194453,0.7223926593572084,0.6574170126496639,0.49652848805714744
-0.03779537812319962,0.32638329524675,0.46803024149853434,0.4875999127603632,0.48267191926730096,0.42292803341838314,0.6737725880041909,0.6843093636277433,0.7332605963474744,0.6928239380582508,0.4812368193646763
-0.04091994402810569,0.32408902511818266,0.47062754034856413,0.4813376241367982,0.5012507320184383,0.4318385778239994,0.6554410969868052,0.6951690960583821,0.6160677605306201,0.6758215979147538,0.48581210711721545
-0.02931222638425137,0.32095515168217564,0.47078989110424996,0.4981275365531501,0.5115739647673077,0.3959894000309269,0.6634924513812309,0.6267190889569864,0.6433227546798315,0.6338167225164147,0.440877295723481
-0.01750513584009808,0.32169958049378256,0.4772918346328945,0.5397303886474183,0.5234643206486087,0.403315882069601,0.6306813430946777,0.6299493397070338,0.6341320585526852,0.615328271576182,0.4228138883904269
-0.0016939776571584467,0.29667957744278783,0.4620917174080803,0.5528915232391161,0.4648180061274978,0.41434151720235507,0.6790326884284549,0.6451345648737405,0.6632248658547848,0.655396235041167,0.5135489049327787
-0.0055406551168057745,0.2908838922940278,0.44172981127565064,0.5264283041355482,0.4895574853437476,0.3837188389391288,0.6977607974971183,0.6504797921104155,0.6924967179776057,0.5600386309481035,0.5203030285412322
-0.02977352803641849,0.29944785979907973,0.43429343906328893,0.5581913788801196,0.5251214156465488,0.38633919392003924,0.6885209223385819,0.6412548899428443,0.6727968846185213,0.5734501370470406,0.525409983578198
0.02061330773337358,0.2887496001555657,0.4549540558092572,0.629109592269808,0.5536699547619267,0.41623298117073293,0.6985839723741292,0.6792573177055271,0.6764778853438833,0.5760594224836925,0.5779010790294007
0.029731960175587324,0.29546663255875794,0.4852131992112181,0.6831078013721119,0.5685382350356202,0.4280774491729488,0.6659650310858435,0.6300445225571518,0.6706429930084736,0.6012061765386447,0.5398911676374887
0.03760254702467357,0.29663963588996384,0.5138375265271411,0.7022782425781748,0.5388024537136218,0.3959768939930506,0.6868389764831402,0.6426661608253357,0.6564975386187957,0.6418134497059842,0.5484359518016355
-0.015490329924984258,0.2595368593183922,0.5138845502596783,0.5649276846371026,0.48011273173455926,0.42076941526511413,0.6425884773852043,0.6121722789137464,0.5123764806495504,0.5537253118066241,0.4385149765915254
0.03053904697348592,0.2843146101996058,0.5572888333440419,0.5833162709530806,0.5237056852585333,0.4263926930774674,0.6112910192071765,0.5254068935474693,0.6164902848234395,0.5795020187774378,0.482770754900177
0.041142576283062095,0.27459806324542096,0.4766985289088249,0.4391843645991167,0.5091039520505256,0.44754327310579,0.6490841633654219,0.5530786725451231,0.6512914616214712,0.48684704458189604,0.27889265595579826
0.00154884042935248,0.2757483804975105,0.4665398350206009,0.4629631093745136,0.5185899866760655,0.4643682744667218,0.5618815442557648,0.5919393091738637,0.6712456528286324,0.5040306860681856,0.2753114347466497
0.028084426280626844,0.2739727027383137,0.3900457528031129,0.4511462124363143,0.49467263577528137,0.4253150985971702,0.5724748671534919,0.6340662719265411,0.6141883641864087,0.48360613116914336,0.24550809271166393
0.007557646757341668,0.2582823272727791,0.3281467701290732,0.44936981516911356,0.5314409894366625,0.4451552343102654,0.6316403912990752,0.6686898963261331,0.6382361124322786,0.48916130537490043,0.29203007141318904
-0.00174104583607401,0.26234033019441827,0.332583402683547,0.44988317958904067,0.5534448269205482,0.46312116465009645,0.5885880157964334,0.6404652997121115,0.6111838331840196,0.5158249807808513,0.34016738381485206
-0.009568918617785135,0.29036566870342306,0.3361538273046095,0.4473967075464016,0.5574491603324059,0.5211051250554914,0.6597115834018656,0.5390871444658297,0.6575475041306001,0.5108363965067064,0.3921672462297586
-0.001158191402140369,0.2893772937165048,0.3420902424067365,0.4073788681247044,0.5316529221417956,0.46386102461227324,0.6443054066668628,0.5650932304850891,0.696990806107394,0.5126273951954121,0.43850989333059487
-0.021343141997009752,0.2567442520009413,0.3230964141261677,0.4196684700115244,0.557996432766206,0.39404048075431186,0.5862098344112849,0.6143810941181936,0.6488997559328955,0.46005277947019463,0.46217071876801835
-0.0024312252038058008,0.2948964030638398,0.3510367640935145,0.44295541362608526,0.571999596975594,0.4104217445059504,0.651603125734735,0.6310207966468695,0.6980960678783221,0.4821079233415217,0.4362877745221673
-0.018332761514583754,0.2721651419134769,0.29946727485508123,0.4337890796673606,0.5776187078279028,0.41081591040711884,0.7028044717694586,0.6660725612120635,0.7102888553989253,0.5246267625357759,0.4400388643272667
-0.01926023185369103,0.30114662650430446,0.344030058296932,0.45667266858373906,0.5427105063163989,0.41566935260809623,0.6779257467098978,0.694518206485108,0.7150551210565067,0.5407324958153635,0.4628332003337655
-0.049003072433459575,0.3102369490632306,0.37953676222007804,0.49614692082759015,0.5759114521873061,0.40233505981114115,0.6910643777575305,0.7011882091853897,0.7233796164341475,0.6036462113510641,0.4955706947394987
-0.051451105168854296,0.3111925487875973,0.41478208007888795,0.4657880751110348,0.5957284787606258,0.4015657730600775,0.6893713519739613,0.6021588907807276,0.7188670303487893,0.6132860034672831,0.5056904777185242
-0.048018499301850696,0.3230619562409912,0.44590447919231274,0.4808490291615023,0.6111772617263467,0.41346392566119855,0.7074043263077323,0.623243573182597,0.7020014351649853,0.5966202583006185,0.5284282635168287
-0.05222495457448946,0.3484626279009467,0.4127063749401739,0.5102481408124184,0.6346525477983025,0.4059930451494567,0.6985412192336479,0.6088911303366282,0.6905988137536948,0.6292092194375434,0.563595354314329
-0.039658263079163085,0.3499077861781366,0.425726755560548,0.46458927054975996,0.6386772780609582,0.42389403347737326,0.6241287989010817,0.6341365585665868,0.7116002645419153,0.6188662481031508,0.5779065708474371
-0.04763142451364925,0.3418110318196692,0.43025968958167043,0.5135392920843389,0.576661270322168,0.4717576263433899,0.5008835054318289,0.6388635012661166,0.7148885751142803,0.5794985930884703,0.5495575570758603
-0.012610225683831912,0.2182865372577402,0.34740002771305106,0.3857775173701209,0.49572457025373384,0.4934948056121756,0.5296015535837666,0.6479796102925596,0.7236565951288043,0.5490945243122994,0.5876460119330211
-0.028559460360350754,0.2848526983735921,0.40029844066376497,0.4078406710489016,0.5469444602962072,0.4465100861787204,0.5571173045310217,0.7007898992695004,0.7221695519254432,0.5887214048461785,0.6286884227946894
-0.008871786848704717,0.21692105589176428,0.3122816221180822,0.35794029625681517,0.4758453880467556,0.42940376871692504,0.5954422537755846,0.7037435811381617,0.6934365756566854,0.6231579240784151,0.5788758014343349
-0.04345487439649031,0.27499858835990676,0.37332721233756905,0.4455563396976082,0.5246453328923811,0.44510335779759996,0.6423660114990233,0.7131323277926918,0.7075542571314519,0.6522550692296654,0.6073711417901402
-0.019216542445378147,0.318410386596081,0.42855705889620077,0.5441515324857606,0.5515905928967249,0.43735216726377113,0.5673075545407873,0.6874613526995672,0.7351134496389324,0.6822443266041001,0.6226475668630667
-0.017756491464335854,0.33231360368064083,0.44206862695132104,0.5945168896082333,0.52753672889016,0.42776980475472903,0.5930855629214397,0.6553791530836934,0.6956670307298557,0.6559046010163575,0.628244439682774
0.002889385774609272,0.2757239481481502,0.4067576363738652,0.526991376005384,0.5396377462973836,0.34053244496139595,0.5053465812331525,0.592378793416381,0.6596234932429994,0.5405876573016613,0.6072950662680326
0.010949673554894176,0.2147764771809451,0.38136427717026455,0.46459276436996894,0.5530980564131268,0.37203782030441646,0.5327281667202168,0.6099900142614885,0.6779151683578336,0.44598951108776236,0.5268934023021625
-0.02027541744526865,0.27056334291594897,0.40986439741917446,0.4855387733941746,0.5280800674302619,0.35329399833685565,0.519640040688492,0.6296632273733171,0.7072001973824813,0.46993375434164786,0.5711686525687558
-0.01934975717094741,0.3236542739451481,0.4353900238492342,0.5043932217242155,0.5740800683366017,0.40562964263674395,0.5674017515702752,0.647264179929175,0.7202614316609856,0.5746758521775668,0.5770387548891631
0.0034504999883197985,0.24744498395774986,0.38148196384222244,0.47577644224420484,0.579076956728175,0.4115469174774541,0.6027707109421877,0.6564671473357986,0.7560068636846049,0.5656585363103223,0.5936986323003566
-0.024933817913802524,0.2811655385942777,0.43678506664516203,0.49707831377761136,0.5751034624870385,0.4077954414561481,0.4155134877464841,0.6458118658535072,0.6234037090990082,0.5609026945072504,0.5564661245426202
-0.026107036679863888,0.3020062258720153,0.436883633458741,0.4797238793064234,0.5288480251125006,0.4137342142169219,0.5621606810406634,0.5988222264567677,0.6260076011240088,0.5821874555383291,0.5644552036390162
-0.02471326760604601,0.3252729079259,0.4570172706267327,0.47492334911439676,0.5425442432938143,0.411766951490525,0.5732475973958283,0.5235632744134686,0.6507290982606191,0.5353690417820822,0.45296040488000544
-0.02295035102159214,0.3514699275528026,0.46938602155114767,0.541408423284117,0.5523963996259849,0.42252343184550345,0.649805931516634,0.5624537267934866,0.6448516179783612,0.5993099861986125,0.5630866716921827
-0.031151238037356633,0.3329323134934595,0.46783272034148815,0.5254675830342852,0.57189338745567,0.45153496700699247,0.5911324489850547,0.56270972813057,0.5748506769111017,0.6077135830996037,0.42607653133535245
-0.031699478606977645,0.3430679374992655,0.48615677309353195,0.50522962751691,0.583197390879314,0.37592623614862053,0.5856230796205512,0.6215178194093256,0.6019536760874782,0.5754690692489828,0.5043041330792158
-0.031131497982637715,0.3019197176514203,0.48071227151142,0.4586737044666849,0.5380500382074773,0.39995130061600215,0.4384949947688495,0.5131591297876008,0.5556762528882029,0.43110006961646186,0.291351021653005
-0.05654467953775593,0.3170996608407942,0.41186879715056235,0.47306917073165333,0.41810266066417645,0.32366886365931413,0.5492703969435128,0.5408434482089047,0.6250729227235208,0.491571124194973,0.48092695397413354
-0.036040005209922434,0.3579976015516815,0.44782950201563276,0.5005999825581182,0.45642895625044233,0.3340648109373081,0.5659085154163839,0.5543686722477736,0.6502144971556905,0.522844222824373,0.500932945051153
-0.035594864346271765,0.3407513691103218,0.39854374445515334,0.5199550429097465,0.4880805680016774,0.3591584897406662,0.5860277648316686,0.6293223708975928,0.6934823571412548,0.5140235623303655,0.5752553684611356
-0.04691717885777699,0.2917896274724739,0.36364129062404166,0.38667018139388587,0.39053143771242005,0.2875428364397481,0.384355237321058,0.5374253441224427,0.5821243085590644,0.44484307842090187,0.4515984381405982
-0.04354445711380643,0.32766984839076785,0.4214804942830547,0.5228926929038848,0.4522394250124991,0.3268328369285275,0.4500872621832682,0.6049836189802058,0.6457658010459779,0.5401671810176996,0.5487289986987622
-0.0007478866731663071,0.36921018840412645,0.40160734958466426,0.5182635451280789,0.5288093275357596,0.33965738064368334,0.4921426221343504,0.6107010885736837,0.631228390535608,0.6013340770658431,0.5038720206984598
-0.06586761389684177,0.28123411866591896,0.35020533281860383,0.4481192942812853,0.4386190492590367,0.25309787572898995,0.37219494758277016,0.5732611054017972,0.5491738782731223,0.48476905787177854,0.44362015452045706
-0.048943652810318636,0.29585621801823314,0.3666836201051409,0.48912236372085205,0.4391472333488352,0.2671571985663691,0.3984872542773854,0.485562505528784,0.6208185689341772,0.4623615758161033,0.4977391867823152
-0.02847955492620636,0.3195846093906311,0.40019208306921095,0.5084964818785465,0.47437372809861056,0.26909022130819715,0.455487723707825,0.5737375120088977,0.5894283000369626,0.435290385601457,0.5288048196175529
0.005323559929027836,0.32897367600225413,0.3751988293983465,0.5140296982700036,0.45001916066175207,0.34873539214893456,0.47099823829030474,0.5251325342261186,0.6277112346513445,0.4916124552941582,0.5653555418946299
-0.055786456910110284,0.35292684474692265,0.41625508913602993,0.49728099245211127,0.48314270583390084,0.32742684587071974,0.495264322377972,0.5158866067965764,0.6390185964370603,0.5781913022521818,0.6027879386790844
-0.04844865154559152,0.2807437108764434,0.33715300691773364,0.47066629540574273,0.436752603684524,0.27191545750231,0.5810762005692081,0.5308047804540721,0.6377658769031174,0.472241638286972,0.5449544673449962
-0.06966243987738484,0.29180456893762663,0.34107116883885447,0.4834068285608907,0.44568324753570365,0.3438405060686449,0.6214237052241223,0.5408978549857154,0.6036345307244567,0.4831640212768715,0.49677265927061404
-0.04079788983926302,0.2995067331618475,0.33551729006499864,0.4892288461411948,0.4226912149341891,0.4201069220468745,0.6548109775601356,0.6247266004810635,0.6598965466947704,0.5512023774112811,0.5517540522077924
-0.025461741047676262,0.30402492769746886,0.3540150260127145,0.48556380313135394,0.4389018484625734,0.4338954579463996,0.6023698511220369,0.6475559434592832,0.7206657521461418,0.55183916468927,0.6058029794655031
-0.02008991389771262,0.34317706771274403,0.44603075020911254,0.4660828265036291,0.4682340328618101,0.368188661772752,0.4319173836822194,0.6513458974223022,0.7231268951077536,0.5823476601307503,0.541374404721106
-0.03517977786973174,0.34892284998248224,0.45591671518014676,0.5089674174266392,0.4992177186973363,0.3750162539845475,0.5737176125252709,0.5217638869132675,0.7246714091723223,0.61071984402285,0.5627912115109261
-0.030860212572592385,0.3454321651126052,0.39433032963420467,0.5407167918638595,0.5328493615014325,0.26165144321576955,0.4427932881404983,0.5176892196993617,0.5448598431976099,0.37470674921117064,0.49076895679445415
-0.016520876194837743,0.3872969646209688,0.42520048186699055,0.536073435794561,0.5378993729636938,0.33390930790276996,0.5650899000330578,0.5737835392858865,0.5973007705691556,0.4947046742018053,0.5543973084563374
-0.04210932147123408,0.3199892299774719,0.3487236259081067,0.48290887103732255,0.5349200553459083,0.38024074980095474,0.6188016001787968,0.5819157706939472,0.5091387721383499,0.42464835294701014,0.49360213276404613
-0.02716318621421404,0.23683957259722418,0.3567778162653745,0.3406824568649396,0.38135508053793254,0.29808416016264033,0.6122000412948607,0.5981360485946261,0.621185322470873,0.36976629349248546,0.5018481787507514
-0.015546389892608564,0.3436812131371506,0.412362349909157,0.43104688515793627,0.4468447837068136,0.34331076568895824,0.6161844886747385,0.5733839659152403,0.6299797223825507,0.4561969970479583,0.5391607386612162
-0.04511385013241279,0.32958397962151886,0.34826554626007483,0.4348803055469314,0.46499845018992303,0.3799228892876799,0.5802462570393737,0.6130099317666441,0.5702753196471111,0.46929820839524133,0.5071081925836582
-0.024971711098704212,0.3333819624481416,0.4008459444523711,0.48388830999681987,0.49688180600975324,0.39896694618258655,0.6020253489579975,0.584141760172934,0.6364903603633836,0.49074004101764146,0.5253174662139878
-0.014610656013993905,0.3652620822250279,0.46290383221375614,0.5442684082765179,0.5295658155155483,0.428564658633636,0.6451509681872701,0.6542798983456599,0.6698378792080237,0.49894139851142527,0.5044174830651121
0.048317377184765586,0.41907597840387995,0.45801902480488893,0.5532976809609533,0.5149479226182897,0.44322370819324636,0.6648785337127945,0.6850379441125287,0.6790456604629842,0.5929782903844337,0.5681762414939269
0.03821742833425219,0.4156222575094602,0.5254733328315435,0.5299247758338409,0.5056016340022148,0.46193554190135777,0.588095024693281,0.6087434048815745,0.678464180042317,0.5825950976621285,0.6184578552109617
0.03108151631590237,0.4323672592622092,0.4978166220868364,0.5421044342857273,0.5055696124923542,0.4685202273505473,0.599082849158807,0.6751143946288319,0.7148347867045717,0.6138313985808251,0.6483128637754356
-0.001357682887829169,0.451118383944873,0.48465293245379915,0.5394124104343929,0.4315506661259258,0.45457919074348235,0.5936444192399944,0.6038875722526894,0.6426854806946947,0.61774046289341,0.642251511479452
-0.031215042688678647,0.3917667830941003,0.4939090045773663,0.5243126162516516,0.44071984649566187,0.44723290522569287,0.5620001221055172,0.5689795717481382,0.6663668696720222,0.5782212411841964,0.6340403911724645
-0.001635501496798265,0.418308364947474,0.42203383373861697,0.5806757397745992,0.41458765583436186,0.30815188983709496,0.5998809263287549,0.6504402147100972,0.6758424859388696,0.5977056322609611,0.6377720950053933
0.019316911909215168,0.43267727113291427,0.43106786241029704,0.5856760032500326,0.412059136680627,0.3229246896394471,0.6302535729397696,0.6933874107113397,0.6267355438580973,0.6606436580910968,0.6547633736521368
0.07082484227288305,0.43836986430865255,0.43004927948900273,0.5759462452282111,0.4535672701843929,0.28152347058628385,0.643537512296152,0.6558838530445005,0.6375720078430919,0.7129732066847094,0.5997451728473585
0.018156531693787562,0.3225911404803581,0.3931562500179765,0.6023926286253104,0.33075556131881,0.2999186580275649,0.6461504305744415,0.6532247603964371,0.7097550170522382,0.5709805020253665,0.6565466990011082
0.0032848393588202204,0.2771670288549153,0.36336661922486163,0.5087279138112364,0.30407739839910697,0.2724525692799059,0.6977726407282225,0.566129053662249,0.7022503088594564,0.5231646789833416,0.6357765854345031
-0.06106983080368455,0.29059158122421,0.42664197909883983,0.5360186935720685,0.3798418803426835,0.3272232471630915,0.6774834821860652,0.5998311040759019,0.6453850355389632,0.5440077578069673,0.6428096900448239
-0.04802017575610623,0.30822302913789235,0.4498847639016944,0.5543195881839577,0.46901346426168666,0.393893886985309,0.697102078587304,0.6258876848224617,0.6531126563722549,0.6239293977922351,0.6224834320412251
-0.04872366433699831,0.33585381109647094,0.5088601742977048,0.6029077671559836,0.4893844633977577,0.3966504733593337,0.701619611575091,0.6616641269552785,0.6615308361134773,0.6387741758117667,0.6550132245460156
-0.014247068612981365,0.2825986878367124,0.36374973746391975,0.5754490768833698,0.38790700526112154,0.4175128829580936,0.6368943898629902,0.6240704461397042,0.7153859305637433,0.6522436867966064,0.6652804541786549
0.0687724641835376,0.3423550365388629,0.23081672562642028,0.5744675416140498,0.465033415224045,0.4641957140303956,0.6535689784647613,0.6354906408481807,0.6638490208998681,0.6632503058796205,0.6603561151449858
0.12778272025807152,0.4839289308537223,0.4285757566171422,0.646360806698777,0.4666912374855592,0.4917820947865097,0.6786798625319843,0.6711636326334101,0.6976049409941272,0.5921189907042178,0.6741170904971626
