RSY_BPFO_0,RSY_BPFO_1,RSY_BPFO_2,RSY_BPFO_3,RSY_BPFO_4,RSY_BPFO_5,RSY_BPFO_6,RSY_BPFO_7,RSY_BPFO_8,RSY_BPFO_9,RSY_BPFO_10
1.0,1.0,1.0,1.0,1.0,1.0,1.0,1.0,1.0,1.0,1.0
0.531179523898301,0.7003770845183,0.7072360774027151,0.5785783075134897,0.6510712842374324,0.6720096834123342,0.8719298573521228,0.4041907322972122,0.207653119053669,0.3494330269952422,0.3348046857242372
0.4784644752619744,0.6783522046123077,0.7006899388773574,0.718697067595231,0.7079387907582106,0.5411562507608194,0.8559741288198828,0.3621010023385714,0.2094553267853075,0.4231983866431086,0.2980848054767483
0.4856175501180281,0.6976652270489265,0.6454831227232332,0.6679922507853712,0.6079165692405925,0.6026402232186805,0.8953321907231521,0.411392303483486,0.3076264884561457,0.3979734225778302,0.3217526008854702
0.5556595466290807,0.6488337374333273,0.7237039361583484,0.5930048916820495,0.6071976614236347,0.6065676352272104,0.8566040727788156,0.2729786471853699,0.2378843268272301,0.5200531935389392,0.3824735605760255
0.5035814154719401,0.5688698318483519,0.671793687843067,0.6684903735590779,0.7174631166517821,0.6753735623119628,0.907024041144992,0.3575142444870001,0.2491915828590784,0.4035208624310426,0.3254122119240136
0.5288631866623841,0.6771520294894637,0.637628667539066,0.6881852105938246,0.6458324830202855,0.6640436041200363,0.8564477275657344,0.2930057287801711,0.2329520599248087,0.4318422884703263,0.362995968426169
0.6174412092795686,0.8154477544991934,0.7232434953392037,0.6301281721311822,0.6807638300787068,0.6223652537178563,0.8983189325211131,0.3098817945786571,0.2040039465763353,0.4676348344045172,0.3227789851153066
0.5128405842739147,0.7479356842583501,0.6778699682711331,0.6327102440869175,0.6090533410577984,0.7173566358552156,0.8389280557062755,0.4314608289629794,0.1829019712084483,0.4641324287349961,0.3099432368649997
0.4826074439394556,0.768350413214373,0.7768535174169248,0.6280084630642163,0.622082509971407,0.6321084911368973,0.8518849413006315,0.3700222968804097,0.2683833549206511,0.3637501099911037,0.3635956476169209
0.5321487177469285,0.6532653748845042,0.633383504584721,0.5232488964193328,0.6929864209228124,0.702245056973024,0.8576980528440167,0.4056146276342146,0.2475372779722257,0.3437370086926812,0.3615122319934359
0.5106371338859141,0.6675189692262713,0.7211240091304985,0.6507542425573362,0.6142256619512553,0.5999117404894809,0.8743522906120046,0.1907927155674584,0.3640367254254776,0.5444193727940825,0.5153211026166035
0.4980099597582393,0.6844160096841339,0.7044401371102895,0.6393319156628159,0.6438810087904452,0.6338738283975102,0.8816690328313657,0.2229278757355428,0.275573365579242,0.3951223453785851,0.4822042293883803
0.52011611006111,0.6856038848979675,0.6625821394279887,0.6281174860056894,0.6220311350617942,0.6299404659797067,0.8736821376089533,0.2439894287472807,0.261888551562184,0.4384939661405759,0.4029132849491592
0.584989132149442,0.7395383127798044,0.7138907539539251,0.6452754342321214,0.6285450758803126,0.5749683644486705,0.888896056746493,0.2639616770885185,0.2639034098823576,0.3518075870040036,0.3934475227195037
0.5940339166307467,0.6980398432092194,0.6542572301654906,0.6490920211471645,0.6577364473716213,0.6053425793728768,0.8944346023731577,0.3443754115934552,0.2236644814814614,0.3910762042462232,0.3158836779656711
0.3844441775585761,0.6011923182525687,0.6007061448663303,0.6398698282834085,0.5858053133045446,0.6248622955327194,0.8984691405267877,0.3516205644845954,0.3141773713405167,0.4012170174794637,0.3696854138551336
0.4229914192956573,0.6484319962891899,0.6404720132864667,0.6134890912437071,0.5990838554386029,0.5917057584956883,0.888556339785298,0.3075834554245948,0.267972248019851,0.4463117749348942,0.3041845755797109
0.4631811339243336,0.6069127644108133,0.6248013059749227,0.6575158804829335,0.5647962026349521,0.6384991822940316,0.8943941911650032,0.3762708086155514,0.2650691183450802,0.4616280898068191,0.3165953510674265
0.5052734067154645,0.6745774019170412,0.6637092866026071,0.5816090521972913,0.5994084186109336,0.6122622961848438,0.8777431573278814,0.3860639459086032,0.2722849034348386,0.4611559909561339,0.3467836508804442
0.4649724281596264,0.6842893812084592,0.6842636442966044,0.6003124307374992,0.5699352843211114,0.6297846451346887,0.8762324980564896,0.3931610504746435,0.2725570488694173,0.5053292527862456,0.3206553529719974
0.4254165173707834,0.6429963621710776,0.6850267709177844,0.6691248744477962,0.5878641535729963,0.6069907667620464,0.8943651954471259,0.2231060030705453,0.176512724587676,0.5104017032230808,0.343915485086218
0.3935221208041476,0.6532616616601303,0.67057372986859,0.6772392433330672,0.6042536371994656,0.538472714744241,0.8741499220090976,0.2697241419297203,0.2038710252790655,0.4216911205679869,0.364957846044574
0.4464737540368142,0.677589477457251,0.6954509180317616,0.6575810229955426,0.6229124732717576,0.5793241590709965,0.8847779532547229,0.3446592261789121,0.215338849728544,0.4886165908220896,0.3982755716378326
0.4851213457853894,0.733280787757038,0.7106465735001795,0.6159338088004547,0.5405017643194474,0.5429873841453114,0.8755620196523715,0.2925706235725537,0.2825708486699825,0.4386187130622678,0.4111579171749192
0.4273087852784419,0.6917839475255408,0.6716432391078192,0.6269821205886443,0.6190153902509186,0.5851156917965636,0.8808425358813111,0.3005408264388625,0.2947492955611167,0.3615913766712852,0.3613066272538913
0.4914556872834721,0.6737648021152087,0.6885556078883344,0.6076291266244905,0.6215570404197394,0.600519427006911,0.8777420807725974,0.3468868840667338,0.2605158405679014,0.404027664386143,0.4193819601026393
0.4098580603732971,0.6033294243624612,0.7223771881151788,0.5950176438071256,0.6119013649631528,0.6101238750043299,0.8848720962795635,0.4005971377537649,0.2750388659633155,0.4348935272947828,0.4324939881601565
0.4047240435759952,0.6400622825152602,0.6717281203890224,0.5893700405948181,0.5777689086201914,0.6142698362944969,0.870401772999779,0.324646698820996,0.2659542137468882,0.4189569663099673,0.4367627488974868
0.4417162062537353,0.6017917531483674,0.6813779200910763,0.6391359913217303,0.5519895084092842,0.5729963609300428,0.8860817883278863,0.2597694286449705,0.2884762227148912,0.4536280123012762,0.4191325402046597
0.463456500980125,0.6722666309860388,0.6883837752467635,0.6829462992341464,0.5694504873063257,0.6327744782464999,0.8949096424923328,0.2670284517371896,0.2723623926859168,0.4125725368086911,0.3662680739989691
0.4614081098037269,0.6364749269151905,0.6667343022474767,0.687076817697793,0.5811089600551644,0.5620600305521948,0.8694959749462897,0.3234286791306188,0.2299560761864997,0.419005260688254,0.3941349324822802
0.383004794416142,0.6068157497119572,0.6911119870095417,0.5999251525922008,0.6236991051022814,0.5731656810041403,0.8866118101883707,0.3106892938283403,0.2140171085207977,0.3310726425674835,0.4078527881221712
0.3987951519092629,0.6495451811773514,0.6953400786812172,0.623975297753977,0.5863889472076996,0.511664201926594,0.8862923842107118,0.2221496726591002,0.2546188075937863,0.3844804050972878,0.3482569416142966
0.4237625762875776,0.6831956803481116,0.6845003121588421,0.6329181924063829,0.6228616249792361,0.5788033636937138,0.8948827375472861,0.2988808733050364,0.1635499557017332,0.4198020064969998,0.3604605264087465
0.4696477603329802,0.6561791666043848,0.6889778612102897,0.5131444459585215,0.5226281635779002,0.5633258748610517,0.8761585645230596,0.3178738568574323,0.2243480357571196,0.4346221053850584,0.3602516832957569
0.3167638364717484,0.638632736100367,0.6341076867151133,0.5571694737021653,0.5424109986681729,0.5706046560587601,0.8237775574697765,0.2676787939656414,0.2964677048430881,0.4271977337931524,0.3928534511650191
0.3734600366328318,0.6599232178976848,0.6648628634199858,0.5732245057070459,0.5560191090770608,0.5938728110698943,0.8441078734605335,0.2682265152884875,0.2467220185516338,0.3905186635087457,0.425155197681649
0.3542956326753843,0.6492650249068614,0.6740777835919756,0.5076474984555358,0.5801890526549816,0.5502461256068416,0.8122409949868806,0.272739673169463,0.2756589404708779,0.3962454661969506,0.3305979064817393
0.294349608117368,0.6297339677003873,0.6530878680504333,0.551083740656587,0.5567148082968972,0.5104172150797731,0.8439774132109931,0.2824742779908816,0.3079032194334036,0.4649398576136072,0.3878064832627232
0.3431206967615494,0.661491567853963,0.6588198121385349,0.415395628719949,0.5973743717159468,0.5389624614901725,0.8359127206525776,0.363567615333452,0.2232851867563836,0.3781683272060233,0.3023756475627152
0.2821633041524889,0.6224692945227027,0.6247482169707197,0.4729774729574213,0.5546485651274164,0.5780492375701702,0.6477978814113633,0.3206253873657622,0.274623486638838,0.372885461560151,0.3105728634995084
0.3025961503689511,0.553515001005426,0.6327951039628379,0.3999248322707376,0.5853347806395959,0.4233977984198181,0.7289819366284764,0.3284208162235602,0.2643893175113953,0.3839775291725688,0.3502105808112109
0.3301060025367544,0.5596065882652873,0.6346053813986647,0.4849215355277876,0.4985818855752374,0.4383775521732043,0.6744994468590163,0.3776830017327233,0.2823165471564595,0.4409449674669562,0.406379742381485
0.3860385664066254,0.6381650164481651,0.6764864111575835,0.5001393095397751,0.4381132916792672,0.4529327067384036,0.7453078408089564,0.3879439830013497,0.25659291690744,0.3807927405839201,0.3999919309623643
0.2746533416405081,0.6480733096102324,0.6886378710993869,0.5175908718413822,0.4936043131781868,0.4010342201423823,0.6846181214766557,0.4102207541219426,0.3326382582681678,0.4164137600217296,0.3344859284302358
0.3414679434839845,0.6287328357960985,0.7157561407208664,0.5864030172180943,0.526889944206003,0.4773552752107498,0.7211589454305373,0.4187278000714243,0.2864013881968685,0.3762817970660477,0.4020630410263807
0.168885262210606,0.6437006562865404,0.6705452026637666,0.6118797925202932,0.4813907319143786,0.5094564674809559,0.733570270411551,0.2868367240233067,0.2206133887857235,0.4072166980128815,0.3664669049350871
0.2884585187274939,0.6578894578739003,0.680589034803216,0.6219718062554951,0.4957831501397156,0.5180987018719869,0.7670276067563121,0.3389970412360422,0.2158684640417587,0.4493756362000817,0.3603012379875054
0.3362361623091954,0.6091325392010941,0.6056001301385898,0.532217147244527,0.5709342915167643,0.6141172793052956,0.7994500134362933,0.3381717703602763,0.2686848758390742,0.4639075408772432,0.3963260719552202
0.3957727402222122,0.6484200586395641,0.5982964968418463,0.5730171815968537,0.5917688311254602,0.5119193418386957,0.8154908070297722,0.3769255038470322,0.2850013834052194,0.4434870559286122,0.3591278033093028
0.3659282559328862,0.6698088206255814,0.6477934886552865,0.5099344339978605,0.5295039882671636,0.5578664632273242,0.7575823529102483,0.3179610964256849,0.3158685280292483,0.4576875774601343,0.3760328925161531
0.3522059317645999,0.6765934469249173,0.6531265869884513,0.4859120927816264,0.5950685274663403,0.5187496941828342,0.7725333212991377,0.2909512298563614,0.3152386917034757,0.3947168696654253,0.403455371833524
0.3435204789081401,0.6821813685076025,0.6830807170848496,0.5341279760358233,0.6008414184060773,0.5242604548486692,0.752271427679289,0.3135599582257016,0.1798467558384618,0.3944258711110832,0.3558352489263314
0.3494964423673311,0.661719915745921,0.6718321274281939,0.5387697339833333,0.499259165420487,0.4670380502655449,0.7175182648409596,0.2973750210255417,0.2813147304767008,0.4495122680780462,0.3383943122149681
0.3293007009712073,0.5405756227667748,0.6100354726145624,0.4823808141110089,0.5157077199876824,0.4718732969963641,0.7092609055118287,0.2792984797411116,0.3094481361367467,0.4246580836368798,0.3991030742389047
0.3442691099214865,0.5213163030142965,0.6341002331754324,0.5353791666085242,0.5468633013376227,0.5418509640594826,0.7485032155870532,0.3399006497279476,0.3122147190434411,0.3858403619629997,0.4042096246638917
0.3839514014637177,0.6235553306339052,0.6264151564126835,0.4631440666235979,0.4452367701128633,0.4552486992036461,0.686151466341189,0.3724392775190718,0.2196971574365656,0.4197248820012256,0.4331563594696817
0.3899207083185928,0.639135456612695,0.6680619340459846,0.5014120603740102,0.5352327847418651,0.4917422410483325,0.7671874014985468,0.3141043156685095,0.2492733774331139,0.4638179956880983,0.4123907022604637
0.4211647629394159,0.5937921637776594,0.6646136122455398,0.5610704088706955,0.588091466672592,0.5405832390509366,0.7786715137663667,0.2640390483860955,0.2701350874811679,0.4880175826856834,0.4294832885333892
0.4520778522978921,0.6235698076842997,0.6760217070026256,0.5957242814570026,0.5785921997353946,0.5731576768205338,0.8243869762495079,0.3271593017255368,0.2031259081607515,0.5018688967144145,0.4515096417862084
0.3861730117042993,0.6686854408165095,0.6762913019936239,0.616057129008641,0.5778940523264394,0.6410272510041255,0.8318593525284359,0.3781546799147291,0.23977958953415,0.4984865203232858,0.393432054174287
0.4053647982920387,0.6571098139318122,0.6767588097654376,0.5881793613973056,0.6012566438410523,0.5863510728198799,0.851864930467609,0.3289373732412552,0.2011497031478896,0.389089449433926,0.4256904568423866
0.4697519766638535,0.7274429547213374,0.6665884701374758,0.4857738515548871,0.5588617512004695,0.5789850394389203,0.8491080498605221,0.3507893566641721,0.2477314114245083,0.422537916938375,0.4328882407064331
0.3454226181024476,0.7443520198204459,0.6965441750928195,0.5680259508223975,0.6440141542757953,0.5214860196215244,0.8367845097818468,0.4106313356619179,0.2888135442913124,0.3697071648555667,0.437466267947901
0.4570551766260248,0.6085708824163684,0.6177534146248054,0.5859045039094639,0.5376726534619406,0.5400209435413956,0.8418775921677808,0.4121250712953413,0.1971069445634032,0.3833225807758001,0.471945863159095
0.4680439285330363,0.6472578450918879,0.6323695214171283,0.5823906627877407,0.5714518913106568,0.5820208424249813,0.8617859713466341,0.4126551780094567,0.2135167821559399,0.4442135076481402,0.407438864899011
0.4002624476101785,0.6377350297084369,0.6325029986491153,0.5308181635986098,0.5860786115400243,0.5381461516265708,0.8695160056710998,0.3293800534172414,0.2407764485933371,0.4352558762183544,0.4194803103939806
0.4157032708856968,0.6456711090139275,0.6719075196928397,0.5665137060414067,0.562146880324739,0.5395514338208114,0.8466298903525536,0.339754040782658,0.2998508051326028,0.4344163217797697,0.4329936326119725
0.4202467305602224,0.677473611823521,0.64200775757346,0.5771806916208166,0.5971886531078612,0.5425134047772852,0.8570066330334077,0.3809471389494084,0.2783194462269621,0.4535973877476991,0.4465102038117777
0.4365283501172362,0.6002476107199652,0.6565276726475728,0.5457627143303896,0.6287330615363083,0.4972824845451233,0.8421251862381776,0.3238270394723078,0.3177837535467949,0.2956977286076552,0.3917164182871003
0.4610734433495375,0.638576739906709,0.6333077811757325,0.5263322507324979,0.6459228773339007,0.5130161744743853,0.8463181798040005,0.2909856562173031,0.2706331682282216,0.4090587266199429,0.4350228455532554
0.244940809683175,0.599130446882938,0.6156966610726026,0.5111994859652719,0.65322904651742,0.5459256101429242,0.7520279012078126,0.3187043555451943,0.2732480453410993,0.4676739115479726,0.4170224282418436
0.3347743937868006,0.6580838649558314,0.6390740262964059,0.5511156906110923,0.6596949739549351,0.5523826598962571,0.8070661784209923,0.3489382155863483,0.3169655315927733,0.4127563236782038,0.3823596098421617
0.3956495967823099,0.6717428066774842,0.6801630011489758,0.57303386542182,0.6332991597735235,0.4958311758571623,0.8318838032778801,0.4046495449454995,0.2149971843793781,0.4301285740884791,0.3425422093272237
0.3834556715034117,0.6196516706234275,0.6530431414156647,0.5937977530456202,0.6639344782098553,0.5300353334770082,0.8514311418708458,0.370120178969999,0.2432083693673725,0.3854003988500333,0.3827300216685787
0.3167670702429396,0.6714018339347396,0.6959038128456925,0.6331651179147655,0.6657553749494691,0.5673198079675612,0.818803790992636,0.2027673917568265,0.2552840670305359,0.3868895067634061,0.3898299284750205
0.4232347256726504,0.6894810249552998,0.6557520967619964,0.6219284085368421,0.6075522744670033,0.4604405779869029,0.8098287179630603,0.2583338892560987,0.2783040540646463,0.4240771453136678,0.4067280071522624
0.4303782058837616,0.6245365719744368,0.6025164484031843,0.4434201448742522,0.6450824597208813,0.5211993741576924,0.7760299089297742,0.3126948658331383,0.2530048394145491,0.4528415150042522,0.3850583413868085
0.4310842983011581,0.67962983303071,0.6376275397121821,0.4943089754500022,0.6279925029071818,0.4735284754351093,0.8060936984312956,0.3306003802605926,0.3085382810349787,0.2842056725029945,0.3304719106741878
0.4553916642364969,0.665826435006568,0.6697921378760963,0.5599697443368596,0.6425075552334638,0.5553712733679975,0.8281080137387746,0.2584715729112485,0.2900168104000885,0.3644188609244523,0.3658788827826786
0.4072762846698756,0.6617182810404697,0.6742661063722517,0.6078069678528959,0.6689676853641029,0.5284890543837018,0.8282820192210535,0.1731132912929587,0.3307086946795516,0.4229984294715838,0.384790993022421
0.4167761547811814,0.6303174969069257,0.6792051492079699,0.5957552671956018,0.6530635327865179,0.4625132376417069,0.8476550836382339,0.2576339085321515,0.2326757707338769,0.4664829530806772,0.3836788933320418
0.4112133052224204,0.6509145570186765,0.609931677184849,0.6192280334317966,0.6691663584178184,0.4357721818104407,0.8409120870798011,0.2715643831302933,0.2686389901784927,0.422772562296906,0.4114022523647712
0.4323444268587165,0.5395368579112849,0.6063925191438629,0.6213607737038331,0.6806976406235923,0.5022627937248162,0.8267148267229362,0.3096356309134105,0.2180537330165732,0.4562859822135917,0.4228187627592084
0.3830891496606865,0.5938584066807229,0.6027926120098358,0.6361663831987179,0.6350618416028083,0.5146301033372015,0.8450351265232894,0.3447296220854028,0.2776466355519351,0.3161684139759712,0.450100886709431
0.4210584680208378,0.5701095847459614,0.6705804846199448,0.6515509635581949,0.6514950795236244,0.4955490785450201,0.8479159669386711,0.3212877110328778,0.1915052403178815,0.3870037233768198,0.4483092120127784
0.4394201259476876,0.5766898844737536,0.6784018874307689,0.6286380133943957,0.6599727445100083,0.4323840481635553,0.848991919794998,0.3640009265061489,0.2504890925706756,0.419737942548698,0.4578300659322768
0.4596669834281425,0.5800959477782066,0.6193968335353851,0.6665303773135607,0.6674512386848558,0.4721299139821112,0.8505560440941771,0.3471138682350512,0.2673858231736278,0.4743352267950247,0.4618772255732215
0.3979604434116186,0.5955372404669279,0.6209320582018425,0.5887376635620164,0.6759614771655944,0.4811649816915586,0.8305709387048918,0.2696961174563729,0.2992485652501939,0.3499732820844509,0.439099375016671
0.4004893220796003,0.6283231166337421,0.6508752633621168,0.5749047488833867,0.6549307278152038,0.5338411445173705,0.8326892295811379,0.2995160626447106,0.230452290393949,0.3814963687509303,0.446582166888373
0.410354841803779,0.6215847104817043,0.5403142424578493,0.5846665984418498,0.6461634320743761,0.492233008857024,0.835582764345453,0.3543908712431497,0.2812996515393893,0.3825335323703799,0.472425781769123
0.4105489498807648,0.5716936208883184,0.5926435284585234,0.6196802172115288,0.6171254853549897,0.4998416813626152,0.835903454010811,0.3550141827168577,0.2247091358217915,0.3512663378618292,0.4253195833157928
0.418333762240895,0.6165695703354852,0.6265678160025823,0.6235140929783305,0.6535311344416854,0.5119004190944683,0.8605500352286438,0.3018643708736032,0.2255919524255323,0.3922676688206034,0.4042702654679456
0.4422851867827641,0.5430365266772461,0.5889499547743698,0.6166844476888922,0.6650763841417966,0.5360442665039968,0.8224148385755942,0.3564601506514397,0.216645196824334,0.3894103132190092,0.4503373299469325
0.4416797445513121,0.5854918890480486,0.6105900370682273,0.6279205417660554,0.6645197485936282,0.5650589723723822,0.840549334127421,0.2202191001652382,0.2096049016461664,0.4233913370284421,0.4707056018608074
0.4100741259198966,0.5869528027412838,0.6079001543891706,0.6280644264536119,0.6362235759946849,0.4794112177287241,0.8423310759034253,0.2523478652861258,0.1963906700626909,0.39447974864764,0.4265622217399797
0.4155436002012946,0.6035652048044415,0.5762218843834801,0.6629023332452068,0.6615349812800396,0.5114541002363217,0.8150101375085844,0.2604292256811786,0.2563374349720567,0.3652336467336055,0.4794897357795388
0.400574919581684,0.6361148852277914,0.6182770403151047,0.5300384070203813,0.6901131420368309,0.4860903996730297,0.8298473477574652,0.2438216867449307,0.313838655484502,0.4091291020832358,0.4923647694412825
0.4484086213637935,0.4952306428512838,0.6271965869455958,0.5552626444251226,0.6598607694559884,0.5519056855424028,0.8367459934955495,0.266393312336059,0.3238661557327399,0.4224094390676857,0.485692298903772
0.3135282229325941,0.5630202702896312,0.6356017913839538,0.6301577772112006,0.6536586441845567,0.5552426283647836,0.8438853268733499,0.2832173867810568,0.228872375891575,0.4443776771593912,0.4040415338272345
0.2718671561141256,0.6248825075094809,0.6195714022601029,0.6322938021936035,0.5810258439806867,0.5503599116069692,0.8115258209935086,0.3593586511704892,0.2238278731866884,0.4771187754373672,0.4280387215201415
0.2520032848281415,0.578624787351086,0.6370338177191179,0.5791978718949913,0.6373871715060035,0.6180250201314448,0.7654349762086834,0.3312177924970557,0.2247243806184629,0.4648352763997532,0.3151170780956865
0.2566274069655997,0.4200667452324796,0.610694629600027,0.5172020838598428,0.6046866186582986,0.6186615026268898,0.6612410852505868,0.3358668205067538,0.2455081386421145,0.4600255459150375,0.3775328453148867
0.3184875586649999,0.4866102713393782,0.640769392287599,0.5759892831737319,0.6052711306400813,0.5627241272763259,0.7431926788850254,0.3000634047671991,0.2875530710039155,0.444289893165244,0.4185076193560489
0.3821903191419503,0.5264151875432972,0.5613591580595291,0.6184917094859799,0.6267091642480856,0.4731892620950003,0.7953850421795472,0.1992715011652715,0.2881757518602759,0.4357450210199513,0.4259581672209971
0.3834649709179521,0.5324800570409913,0.5995596633079656,0.6214474837985267,0.6354583832752259,0.4864289297590565,0.8368892541027055,0.2260150594470659,0.2475330142145085,0.4530413764762381,0.4224944959477255
0.390728576805938,0.5039838456498894,0.6382838902807508,0.639721547874561,0.6540818471711716,0.5261342098942162,0.837629151889721,0.2573595902547073,0.2567273033587804,0.406363605528331,0.4535876396470469
0.4204021787367145,0.56025370311211,0.650768595741384,0.5947388970382189,0.6348481488484207,0.5260262712636005,0.8354571691402276,0.2623977379753467,0.2578603942690791,0.4401634723780141,0.4618468071972287
0.3942026164972397,0.5940609591208936,0.6566701946173719,0.615129909370473,0.6553127100094237,0.5617363413586587,0.8360991334193153,0.3252250064449082,0.2934044183415971,0.4702847279087142,0.4230220343021075
0.3104068696500827,0.4894558429628556,0.6708787218286693,0.639523102520331,0.6597864044062646,0.5939470832391595,0.8079999684472517,0.2594906185856265,0.2578056941488347,0.4994705796823943,0.4281323785820301
0.2893509100823389,0.5352895797719553,0.5889670443549211,0.6334189792272144,0.6650118020906925,0.5878022629250029,0.7557129041435795,0.3043502285871003,0.2691287464702227,0.4779411694836251,0.4318927551282374
0.2218520868265994,0.4911580899212669,0.5474932031554831,0.5418906359899754,0.5960032198463464,0.5342263186531035,0.6922094467358987,0.3367610694658,0.2720676943771425,0.5012761439476328,0.455798256284877
0.2431748557296434,0.5352795031310125,0.5622364671027145,0.5696532153261364,0.63823270513926,0.5845577760558229,0.7258811083900016,0.4095075985309561,0.2364628973190475,0.4130374134075629,0.3702801057478704
0.3030599095441507,0.5444922217773962,0.6097517642712984,0.5427177489160457,0.6617285032510406,0.5938458365880304,0.7466191196867856,0.2444057990504949,0.2759210119861779,0.434079765191435,0.3796180883919705
0.0793525213699477,0.561419618829899,0.5388707101841071,0.3651097063900611,0.5727675937445204,0.5657899051368198,0.6943708581903248,0.2993531062721389,0.2825032015729894,0.4557952528333215,0.3840382596008509
0.1571589044104409,0.5968663936878533,0.5687992054676392,0.521933049252266,0.6221122130101537,0.5165161066195512,0.6320116904741433,0.3093871662315411,0.2956008933430742,0.4710149862560977,0.2859551361968789
0.1744076243269969,0.5840135604266624,0.5001641805837991,0.4829552579009856,0.6243584209659241,0.5367445804757589,0.5508169020965715,0.3547422575594745,0.2987305087543993,0.4942311564184349,0.341821983362938
0.1428059775033573,0.5948750915256681,0.5030810898330491,0.5198533378385684,0.6059239189806096,0.5549494424573362,0.5751976577038664,0.3788800963609613,0.3377236884522819,0.4764025302980593,0.363077589189192
0.1979387914811027,0.4814797210098725,0.5488164233704389,0.5582947213491256,0.5265589069571194,0.5350564682937838,0.572304464322585,0.2817262421992506,0.1748340732285528,0.5023236535247506,0.3682576073662453
0.2402712931185906,0.4600481832488138,0.5797475414024525,0.5552840885830888,0.3982801209354806,0.5434990550018812,0.3739059498667347,0.2175223979458363,0.2405382453509312,0.4126350485729767,0.3019028334389845
0.268328704449079,0.468311022300138,0.6353468292290461,0.5750650963080319,0.3781941922779375,0.5329955471339465,0.4128746923574938,0.266424753165228,0.2517637084397289,0.4078659695488529,0.3336201350688703
0.2831652415388841,0.5374622286879204,0.6138766458148176,0.5538284977758094,0.3825393765956142,0.507019116133629,0.4215227207105703,0.2961890038213738,0.2667521374892694,0.4491223202865015,0.3261478221346294
0.2202646748285276,0.5652374554376449,0.59145643787431,0.5775581753174769,0.4445541381147783,0.4124818917525793,0.3685678194262838,0.2962407672426473,0.2967619628110072,0.3773325764957937,0.3257417498051528
0.2847109494435823,0.580662275543649,0.6447409306072288,0.5991530528940039,0.398101237103233,0.4887572149327966,0.3753243553605582,0.2426209152370943,0.3221109984508261,0.47859707732724,0.3255095703940144
0.1784706087131391,0.5451641786605931,0.5847674639794378,0.6125545805288942,0.4309170807066358,0.4655087086590378,0.4006222218022729,0.2570275201995794,0.2968008792744926,0.5071063091316406,0.3391059529969962
0.2150606785020682,0.5511470294051408,0.5734891304009887,0.5571234352664167,0.4198168375430435,0.5087375020958659,0.4215007643905698,0.2919811240857406,0.3315445827971789,0.5095778993493423,0.317770792187955
0.2816883716698386,0.6097197741086806,0.6016968556328122,0.5607957704719386,0.3819169811350881,0.4395832074478258,0.1955504372623253,0.2672568515208094,0.3466816648903782,0.3185569662634684,0.2699607817281383
0.2087242675873978,0.5063660862402516,0.6164508445278905,0.5116984441031254,0.3421081426976941,0.2121929426311154,0.1589953967725852,0.2925876970095511,0.37808983405825,0.3632257454159564,0.3088408661383004
0.2631647311919209,0.512537274683599,0.6660010118466311,0.5119650525147004,0.3244420106484084,0.3464615078295132,0.2176884908393498,0.2205716009253548,0.3618577884392843,0.3969502096675306,0.300452412119464
0.2946846501565752,0.5703125391106423,0.578081745874259,0.5395413144769168,0.3253915923037235,0.3750076638419655,0.1365553931588329,0.2517927589235422,0.3320544632512505,0.3485425876093977,0.3026742965793864
0.2303428003263251,0.3910630271730639,0.6383249543310261,0.5480881013536776,0.3736736703361517,0.4133853781873225,0.1551193102259936,0.2580160012987231,0.327321256018007,0.333004087619576,0.2216519021585015
0.2806900793785291,0.5444674482695857,0.5484592127798124,0.5581583662028942,0.3708977350213805,0.3266807159074796,0.1828900940452771,0.1052992177531107,0.3479540462775158,0.3477328980350639,0.2393928037748075
0.2533627434380693,0.5384995001671479,0.5640841010824421,0.5397365335725708,0.3581929501173522,0.3099318442724092,0.2256115802126561,0.2013118837926583,0.367752210750405,0.3516880762977202,0.2457874379202168
0.1597628791611267,0.5364144756925051,0.5335320688703378,0.5453341140829109,0.4270696955381121,0.3453718647880146,0.1161736188941319,0.2200006574580338,0.351432481219002,0.318305315023531,0.27685062084757
0.2270681337291072,0.5896635281546989,0.5851058059937311,0.5893166274758213,0.3978074161329788,0.3116080907944361,0.1730466840716003,0.2571997047127109,0.2881417673165993,0.3322104721115255,0.2460238777233043
0.2093713620392194,0.4705725886851763,0.5575476344418715,0.5186218447036839,0.460463683978435,0.3793471378778176,0.2173149224346629,0.2660188683463562,0.3128454890383256,0.3377084397665396,0.2937236097589859
0.2236118343127558,0.4876315660920826,0.6272904381262333,0.4519292221089175,0.4280867565283707,0.2420225247329332,0.2383855537606228,0.2541671524224673,0.3248209465810087,0.3542972829518882,0.2570698850033771
0.1061027094555553,0.5087977915996645,0.6319541413512929,0.4687878764865513,0.4050601091150979,0.2993248327832458,0.2323068545776988,0.2125158232821977,0.341808720840604,0.369042519234581,0.2921862587289034
0.1883805078362892,0.5193921256666112,0.6166437575968687,0.501636656746335,0.3962641178543999,0.4058335247923906,0.2666633604384313,0.2487693119584527,0.3739753093690773,0.3818665983660542,0.256191562294699
0.1788902401881856,0.5061236295078922,0.6188504183447139,0.566926610987639,0.4387818119005491,0.4066780306798523,0.2852284154947793,0.2385915160494375,0.2602125859299874,0.3704706796309512,0.3091511861574596
0.1686156325465132,0.5113807270331232,0.6450113945506271,0.5214738638955275,0.4050507887202564,0.2436819289271161,0.2128133438347253,0.2621228814606801,0.327026450830608,0.3410080870741995,0.2888246365967449
0.2349266833240983,0.5952619171252362,0.5852685408169217,0.4856593621218316,0.4643368204986945,0.3128479152029825,0.2745715117569673,0.147632641154938,0.3328516397695063,0.3361199342416837,0.2737668021842246
0.2773348946237788,0.6344973593022293,0.6516531991492607,0.5233326376012645,0.3643176353611483,0.3509333170170707,0.2341599137839779,0.199257450004069,0.3587412922181591,0.3155868122874445,0.2895741197308499
0.3024077044043298,0.6457321810951728,0.6663761931725689,0.5365682668078544,0.3333505255307185,0.2744081401544962,0.1932149769053835,0.1508808695488573,0.3787174604870416,0.3519978834115265,0.3023291324865322
0.1996876079201787,0.4399815059864631,0.5915450717814065,0.5409459281294011,0.3881815560581303,0.2914830878567376,0.2204331653592122,0.234190205186969,0.3185898062922847,0.3655822235455564,0.3015274397488995
0.122000834650435,0.5073808536732494,0.591464424698288,0.5672573488268382,0.4282797688514445,0.3226646748008994,0.171151922092372,0.2161975574957634,0.3346905705410097,0.3847531455748856,0.2923108366114469
0.1681739764956523,0.5420027784782392,0.5876376004355155,0.5663492932636165,0.4407699725901853,0.3807807439769216,0.1682321174101489,0.2118947449569793,0.3155420595829684,0.3157114193381971,0.2975087919169523
0.214832028145336,0.5192929853216371,0.5865534953187603,0.5331810970269925,0.4472171896169022,0.4048263821359035,0.2000310008659621,0.1840901330134817,0.306426020838202,0.3529963306221699,0.3393535955844568
0.2292589010219823,0.5315878781181084,0.6109130963544707,0.5632951749449038,0.4028709666456662,0.3198633324600148,0.2353425678763219,0.2268887255372177,0.3210984132149576,0.3707781981373517,0.2670957799434679
0.2146840180065236,0.4565273494838452,0.5523081682050663,0.5079503154856685,0.4433907505274731,0.320795695745994,0.2228159947062021,0.3106868558499123,0.3883031411952831,0.3767030175967022,0.3071769372582177
0.2201740369614745,0.5297658176255394,0.5849291101466378,0.46679881406552,0.3690170548151797,0.3159698367796659,0.2927764528774634,0.3360034445269377,0.3701861125917719,0.4048812567637473,0.3470369628816252
0.2243205553091785,0.4656587455121565,0.6220984706163865,0.5316018566941099,0.4322465662071307,0.3469541192941889,0.290800075203738,0.1380198263276282,0.3800594499641856,0.4270797220282326,0.3140673151067071
0.2667399113586344,0.5414504154200698,0.6041027635922683,0.4228953251463079,0.4673197933622788,0.3521468075178733,0.1907765198085171,0.1756097927655713,0.3081800740359863,0.4325324029140776,0.2574092156462472
0.2529898392677677,0.5552051987219138,0.5694219323762869,0.4833829612127628,0.4341615872666527,0.3493689910054894,0.2110849716678105,0.2351738009085953,0.3383716588955966,0.4172615911256841,0.2650570380198243
0.2804653562869971,0.5761942211887479,0.5996424738425323,0.5024197953589864,0.4460219280052513,0.2849427329021029,0.2610437297688696,0.280137419423437,0.3470996117346481,0.4101899426633365,0.2578092456967079
0.2132626462400456,0.5789372238516783,0.6421277432188157,0.5361645993864813,0.4534880051589183,0.3243385107021566,0.2894820046602002,0.2353347569678177,0.3749053073781493,0.2909535471802257,0.2943174365236611
0.2260610056239035,0.5953441867147768,0.5166104779570482,0.4331410374264659,0.4550680300985353,0.3870492073627805,0.2502420927092567,0.2383778959395956,0.4050407320233877,0.3421401423843868,0.2995468285466443
0.1141673302267368,0.6245264584012816,0.5562111297700394,0.5157845487178563,0.4583252624501664,0.3211180185085599,0.1818120030077313,0.1709946263279511,0.3076064317152588,0.3618013794239926,0.3078418466221099
0.1906472163811889,0.5505632312432387,0.6066817460924526,0.5680850654420551,0.4284769336484739,0.3573315688613887,0.2163572495409523,0.2030551269800912,0.3177867984879646,0.4228283990835167,0.288459211870171
0.2118476610261134,0.5967654999989116,0.6240762281556549,0.5344002088867593,0.4060735082537136,0.3736437692443825,0.2609034604000609,0.2367953003932111,0.327823468927244,0.3471796554771413,0.3032363381422649
0.1839629692476031,0.5332401528737841,0.5879997944714268,0.4338720043720339,0.4510025680225907,0.3999979200081971,0.2839451946318556,0.1030958857352122,0.2803643902639721,0.3697506023116148,0.3086536037946703
0.1873365621007184,0.463732185200246,0.6356923966689956,0.4667256056866566,0.4248966441407128,0.4001960967048258,0.2722158501480805,0.1193179741845059,0.290002689586618,0.3833384930874365,0.335619531642406
0.1587382419549863,0.5203306755186616,0.5017672653067191,0.5286347216060205,0.4597535794042659,0.4088818558992526,0.296239632240612,0.1949963404974919,0.28284067831312,0.3939737001241132,0.3866904644316342
0.2125824172495609,0.5049791044365536,0.5481100425551431,0.5388245057508727,0.5057989000128041,0.3769812431434806,0.3087781361762884,0.2626124928108655,0.3351757640568172,0.3288050520919298,0.3172547947007636
0.2310139014002519,0.5072100101558163,0.5315832301741455,0.5542879956703051,0.4398364520022844,0.3751655732596796,0.3506669678239703,0.2403277969682506,0.2988684877957107,0.3925416414712956,0.3495792268876737
0.2231266341560242,0.5587211005325718,0.538958612254105,0.5312775009902815,0.4828729283755474,0.4089018050233461,0.3246980282695731,0.2158224251681827,0.2995343590548993,0.3792904928082,0.3172632596363602
0.1948703005656687,0.5231759517050857,0.5582300122886465,0.5650904927042942,0.4572129680178274,0.3437606265495881,0.3960140788690984,0.2508252248877289,0.3164298946295781,0.4081818489908199,0.2909346299029706
0.2036244424654246,0.5333077824137911,0.5853615653133035,0.5902835695380239,0.4832331266722459,0.3675802827276294,0.368477622973439,0.2756831202315283,0.3304877394329498,0.4448139641733685,0.331696056209916
0.205699229611626,0.5380609061873853,0.6258691847249431,0.5695363708122222,0.4813386580938037,0.4078185798610311,0.4291213976316202,0.2784389945224344,0.2933593523949726,0.3326103801512436,0.3256454613613295
0.2325809840365958,0.6101873987847215,0.5437005840625938,0.595775807168335,0.4827579147579505,0.4152587253002937,0.4131523552836084,0.3101079645886004,0.2758598202213105,0.3933646167337574,0.3538388539797835
0.2323480430557674,0.5946670502810054,0.6166491723174974,0.4794486310147808,0.5413654034095358,0.4262613745914129,0.3176519621162938,0.1868503069024116,0.2425962451928919,0.4280019429038227,0.3637548327064883
0.251484082348765,0.600524438413157,0.5610840635178338,0.505681651925662,0.4844444685640588,0.3921655230278485,0.3615309130029213,0.2357287887955642,0.2807931963325436,0.4364569316478312,0.3168542320265753
0.1936400756246566,0.4467957266372186,0.5871164401473525,0.5457082654655872,0.4893433651483378,0.3650487234348854,0.3806269918159135,0.2268330323986581,0.315545649945491,0.4617539188457231,0.3302351294370341
0.1998114996361206,0.5101152709126416,0.5962021242662486,0.6383294352932294,0.4939756285189076,0.3422818671492773,0.3949015925716468,0.1549423434142718,0.3328748363535099,0.3882105395035117,0.3321407312096894
0.1297404531608166,0.6324029417616674,0.5419803149686374,0.6247823758157522,0.3928847501186105,0.3513722048904748,0.3827817222216816,0.2441534633245146,0.295899209773916,0.3697071303922242,0.3351995846321577
0.134272297253814,0.435298449602641,0.5599715664525953,0.5517351374997681,0.4178140692030648,0.3543264914714891,0.4056612945112523,0.2179722214272003,0.3002855493400959,0.4108159565737811,0.3564619070559839
0.1690742722859431,0.4709133817314264,0.604207655882055,0.6031864321519872,0.4332752057996778,0.3965365446845809,0.3993211894127377,0.1878714886355889,0.1948134508674489,0.3372799213432508,0.3601760534675675
0.2330187483825208,0.3592105009710585,0.5376822505581106,0.4989269725157601,0.4556658796133444,0.3988914092105413,0.4154466611042038,0.2608842695478732,0.2316201083109648,0.3798447549634469,0.3514966644022292
0.2412272164190491,0.4369773857741835,0.5557424941107034,0.5655175340471701,0.4490223899749306,0.3380825327224396,0.3323106608337744,0.2963703372248075,0.3072504262608274,0.3511431151237861,0.3259607716729427
0.2425203132599152,0.4799698171483261,0.5572649428178702,0.5870749026979307,0.4579755535147728,0.3443808114309665,0.3328264054305127,0.2072820442876103,0.3226930820277875,0.3701309241359809,0.3122839310529062
0.1728860044148104,0.4658633335940621,0.5942370847793805,0.5548330904668912,0.3879387201893075,0.3920612247669298,0.4096604567095468,0.2452502403404179,0.3119941140267986,0.4099110158151355,0.2988098435160776
0.2247084081689172,0.5558613089035332,0.6152669482017493,0.5152202476938877,0.4361018170010234,0.3457395612633653,0.3645203924300561,0.2243788164380147,0.3172673898006222,0.4189218238850143,0.3100473075807214
0.2270491806249827,0.4544047891546875,0.5381075253858809,0.570521000809795,0.4551070602785891,0.3857909032907758,0.3939919326183734,0.2290262660061971,0.31899353679784,0.3922981793749676,0.2698645320634215
0.2147707189741961,0.5904160195170357,0.5711318989741616,0.5260117624798749,0.5055641988836177,0.4052048348524814,0.404737206142033,0.2859306532156765,0.3119350611326518,0.3995623072703027,0.2618102222999169
0.2264483125117741,0.517389089500352,0.5827962781326826,0.5431550028838383,0.498352810135031,0.3849377427331035,0.4242751403862648,0.3102190740388301,0.2624570788838615,0.4068867941302022,0.2924675079684439
0.1910927707064429,0.5601094271870926,0.5693404105154667,0.5726253670490269,0.5096084911597625,0.3754062164857452,0.4435345230248416,0.274279524528556,0.3240882916132138,0.4443434854067556,0.3166902874077804
0.2045725291152427,0.5108386145755291,0.5510010867972929,0.5953009412154803,0.4677258217170714,0.4117629536522721,0.4715090132394176,0.3073392438412196,0.286735669732435,0.4482081468077818,0.3492051683334508
0.1408032457136731,0.5177699243738247,0.607005498175544,0.6004173579756985,0.5149607588614513,0.4484632217562002,0.4527960766755806,0.2221490187517867,0.3220677142231719,0.3964765228726686,0.3691452371810125
0.0929289490945634,0.5452927177143816,0.625432589969972,0.5654173267533164,0.5131599401168068,0.3823020653511282,0.4038698821495238,0.1752752986295415,0.3150186864361081,0.3498170082880674,0.3911034461078019
0.1946393015009797,0.5791597640568751,0.6594173320891077,0.5530509177726788,0.3989002847032111,0.417271061249356,0.3695424004781839,0.2179488221738716,0.3441369738918055,0.406348115326486,0.3418175021566914
0.2035020974794416,0.5973810003465008,0.6240856430153671,0.5409982817419796,0.4681128226613817,0.4317311863846417,0.3618978512535721,0.230834014647642,0.3522571772158167,0.3732298059985934,0.2660989614018798
0.1867543257775558,0.472186269951364,0.6300677635419251,0.5889282130533118,0.439520396120908,0.3662132189787474,0.3317285931047054,0.2394923301942012,0.3241766928143136,0.3875260611759044,0.3190797121465288
0.2207072192054005,0.5785687934959899,0.5334610595165992,0.615080604097375,0.5019788739826654,0.4144340863743979,0.3414210490683074,0.2856001270170895,0.3162778071299141,0.341029364645003,0.3319714422053292
0.1565980693752887,0.4694393255012357,0.6263959304768238,0.5727634767351085,0.4381309509582894,0.3661777336224907,0.4437935932412741,0.2564427579411742,0.3025873868529801,0.3575823104721501,0.3292574572599812
0.1657045047923548,0.4821686292979887,0.5916622303894773,0.5981816748794214,0.4092250063776529,0.3509966705711386,0.3053945717835251,0.2388113341648063,0.3294348506025435,0.3617347097704938,0.3337735260894675
0.1770640022143475,0.4385960654787401,0.6219910960460286,0.4911665100122263,0.4650797949227677,0.3958412919682274,0.3779897855138266,0.1813162398007078,0.3385379743978844,0.3490321144101735,0.347116691842549
0.1964719068355709,0.4771832506613451,0.6407770869056014,0.5691188539138351,0.4881901652294632,0.4128335255628947,0.3884649064736301,0.21339097466559,0.2196764409940265,0.3565113522297868,0.3545657383776412
0.17496439864356,0.5237892884329953,0.6004107000021133,0.574055861139126,0.5122242423022503,0.3665975414562391,0.4010246317171461,0.2621811784295379,0.2472051366903938,0.4181363161259488,0.3392527694119088
0.2248977245899215,0.5178862404129887,0.619083023307843,0.5330632071253769,0.3945239980808669,0.3828853718891001,0.3733575926466078,0.2168928178282137,0.2883130710195536,0.3873768821995753,0.3026328095373725
0.1986250129756301,0.5203529682351189,0.6204748598667169,0.5917598965802233,0.4561177555605699,0.3602646158467638,0.4436095881454975,0.2593330047116877,0.2353447344623599,0.3350184698142354,0.2855323636648297
0.2305373913139471,0.6082950009227271,0.6178397373249405,0.60754280024146,0.411857000275349,0.3637304017799693,0.3512037963914797,0.2075390483356374,0.2669216832413835,0.375176536097155,0.3129985923263059
0.1840342085575071,0.6188464057050282,0.5972545846249083,0.5985676267363962,0.4424240727970503,0.3786513141349792,0.3413411000508622,0.2499456838829808,0.2794488262333278,0.3757761238019701,0.3139287662350893
0.1727117060515996,0.5497489881121508,0.5193659504541575,0.5072144539694421,0.4467507635051784,0.4085727763156336,0.3735953865903689,0.2815425124574094,0.3087306165769145,0.379618352720606,0.331058556021799
0.2414936082264632,0.4701975209789002,0.5556656591078167,0.5346244399806329,0.5393475431813302,0.3515530304204072,0.3065439498596918,0.2311784565777636,0.2712205249263631,0.3734652426838465,0.345123404005232
0.2715823661774881,0.4692593065693013,0.5962463449046274,0.5741562350942595,0.5490875334784281,0.4003645045540349,0.3690151525269239,0.2814028839271937,0.2983888936380475,0.4023366298596355,0.3622000230956518
0.2447320512069062,0.5649042922577057,0.5924564939566415,0.599910284562758,0.487241425130359,0.402012892520619,0.372771611908741,0.3057641039436423,0.3267298606351614,0.4323147192901586,0.3526979583411594
0.2809529520267409,0.5918291046152917,0.6034237049169785,0.5806476065135157,0.4328773997036872,0.4487856550740875,0.4412539148447968,0.3222933992913019,0.2301962908587527,0.4602007337611824,0.379306483408569
0.2197861144659076,0.5146994764414964,0.6116205450315783,0.612181535949866,0.4688512905953054,0.4017791763455335,0.4771540020428252,0.2630182107733756,0.2575111849805293,0.4842087980139674,0.3706968110561742
0.2585113222158036,0.488003074376058,0.608032340428951,0.5192435037975102,0.4823991361139608,0.4062643035050962,0.4208005624259448,0.2951533998635608,0.3252485595193675,0.4355776269950749,0.2747780489897659
0.1920152838059923,0.3770654623092667,0.6158654593898254,0.5348490414287241,0.4610645211130866,0.4358610793760273,0.4229641908530427,0.3251062162326749,0.279842390916092,0.4515471438716901,0.311414776218346
0.2094515633816865,0.445427148353265,0.5599269786257621,0.5991721417956298,0.4791820995556672,0.3750254723288507,0.4232983980561821,0.2900449310679201,0.3023187441979819,0.4468735800646583,0.3382822880363809
0.2069644001845878,0.5137125951304915,0.5961450294673762,0.5228484073254872,0.5420752813062477,0.3854985059040344,0.4075622252551193,0.2811326032096812,0.3044085576524582,0.429256639956661,0.3039628586803217
0.1960945479954677,0.5015272098719444,0.6065106127167788,0.5309683211110963,0.5300166195325235,0.385981448429282,0.4259125848332523,0.2401506162995681,0.2797180684329631,0.4536039039395015,0.3436678128448093
0.2478491477883356,0.4728092970930412,0.6077850293324054,0.580930775566121,0.4637785744101749,0.4213850353605023,0.4187919939712901,0.2823356705034526,0.3190690313671334,0.4012207911389583,0.4008112278792089
0.1712314793501657,0.4626096622811956,0.6077404205135716,0.5841268673089588,0.476642068736075,0.3795948036122064,0.3280701779425148,0.2572577059426396,0.2324936568435661,0.434998337567633,0.2583556537997828
0.2096158122675016,0.5178737224010586,0.5185612709754198,0.617851103924669,0.4664507976069917,0.4217534994289504,0.320966685033328,0.2824461292990002,0.2721772364080364,0.4671399913639628,0.3215163112914265
0.2336587912410135,0.5339740079132151,0.5330594806658104,0.5672815244169876,0.5112382210516151,0.4645580197578969,0.4126861183348271,0.2451382163494514,0.2553984308572224,0.4094875100546873,0.3424206673403714
0.2635698319098714,0.4137059238720943,0.5763193727083634,0.5733138209582067,0.5346377573422958,0.4446639911663486,0.4515854509151177,0.2815143538874994,0.2466996635175803,0.3992443405098061,0.3677523671821265
0.2872142694115323,0.4732615599517158,0.5553872862471231,0.5904596665284659,0.5226450911739501,0.4628755022904731,0.452825648066277,0.3006716276334975,0.2856172210403777,0.4235106001495821,0.3776083438559232
0.2770644882840029,0.5625250398932539,0.5507234531617908,0.5509877429031314,0.5177060711482867,0.4629874131142035,0.3878212138164492,0.2692860069078481,0.3228905192708166,0.3823358065527075,0.3866160999717655
0.2455708289737828,0.5728759005496373,0.5666606371462541,0.5223001022952605,0.5309076400093855,0.4689707867293207,0.3605718761719908,0.2854721354418271,0.2299036851117277,0.3555863519098565,0.2830577247955693
0.2226980628504986,0.4469413062978021,0.5918593880922918,0.5425499231133901,0.4983370902023661,0.4403757371190302,0.4057828622466496,0.3147019941244792,0.2901560959378315,0.3948308731426871,0.3400239982184636
0.2254485044162937,0.5211538144044598,0.5942743466718479,0.4522385412310092,0.4378273462166815,0.3219689586400212,0.3470341759751209,0.3014137738446896,0.3119753001800113,0.4071615936978906,0.34565132585186
0.2298150305900482,0.5372371639140162,0.5971355135999075,0.4772893959268085,0.4819534697210168,0.346553769488992,0.3588741063278852,0.3823094335099034,0.3070261716090047,0.4162601107815034,0.376069532154575
0.2242600137242028,0.5301701359737506,0.6009869608219619,0.519985855795037,0.4657186451780788,0.3571952498851717,0.3858411920578805,0.1977618307428792,0.3275178231448659,0.3911111601045722,0.3897476735590493
0.2478196000898376,0.4545076760654756,0.611184998699613,0.3387169315047146,0.4568765950331276,0.3747616744797836,0.4614079524394609,0.202699306358408,0.2988520167795758,0.4134238366639727,0.3941284171254837
0.0982028128357124,0.4588498214280513,0.6335609645775475,0.3949774187199318,0.4810809629881075,0.3887644551933565,0.36593679457429,0.2596891699527701,0.311695664094479,0.4211766349554782,0.3929867345386054
0.1695970054223113,0.5040367563988821,0.5692376354171846,0.4547157180953673,0.4979833497003572,0.4252891503602519,0.3614105132954935,0.27919797070207,0.3734429106623996,0.434150308847526,0.4106520397555302
0.1841907992933121,0.4921601326070856,0.5987555892189325,0.5384997593156833,0.5197359982657039,0.4284188728052835,0.437356337596127,0.2923919338770228,0.2292220281499549,0.3940059211499539,0.3923102356982539
0.2375542035930029,0.5140655813421946,0.6255289843471836,0.5492542031500636,0.4967572787790998,0.4056899764801367,0.3981540121646286,0.3187481887425195,0.251954222926307,0.4043866804801477,0.4015303599283513
0.2454046311138457,0.4500102684590764,0.5751168333680585,0.5632549153156052,0.510038459125353,0.4262685140073312,0.1884293391296362,0.3748964639852002,0.2742099335130007,0.4138760911713083,0.3759741155566966
0.2319592815561284,0.4763333285416681,0.5955590601157663,0.5576438747496812,0.5366513973457416,0.4484827195735529,0.3597338552633067,0.4053288071834008,0.2497537674280519,0.374108201735493,0.407320945217307
0.251451446831992,0.5013067152920845,0.5498767957477568,0.5737554534973269,0.473698782279058,0.4529439401715111,0.4156181803004533,0.2929087317816538,0.2865775103007198,0.3895666250214683,0.4190693878796568
0.2920105310075157,0.5284532695634891,0.6064158868630127,0.5160322081289785,0.5221753205003947,0.45501460359126,0.2634899826441451,0.2903091533813235,0.2737203949959643,0.4243751637507194,0.4434632166821888
0.243511070050599,0.4878006839103561,0.6163880474209716,0.5432493549035388,0.5318012451262897,0.4535852351352845,0.2949344442792112,0.3127745094063442,0.2604926493981777,0.4583673067179798,0.3061201523170968
0.2960072312832994,0.5490785088528862,0.5953180543987604,0.5829020005761996,0.5515344498078307,0.4729001736645378,0.4223643403732696,0.2041347274050224,0.3101465930767611,0.3998281496130053,0.3145184127716477
0.3143160622432347,0.5623435734793242,0.6110660119527412,0.5271782586106873,0.5741309869866054,0.4433194830381199,0.4664423096960773,0.2522039363859583,0.253475780762022,0.4269300638163809,0.3483728400820524
0.2548435620631114,0.5653184991587543,0.6401908065479162,0.5421043552918892,0.5802956122506323,0.4456276638099379,0.3568147177751111,0.2875469580593413,0.2742706783179041,0.4010910243866995,0.3644278044824585
0.2926306638374635,0.4961960353490304,0.6069142185218572,0.602412889053034,0.5396793156782369,0.4656513583287897,0.2945322121379102,0.3253074510478077,0.2392875347712154,0.3698377844783298,0.3825353385290787
0.3120931957467149,0.568712524534835,0.6156839501465192,0.5503145558054788,0.5061049812275081,0.4619623778403756,0.3073181733514923,0.3629051759730902,0.2442843187409949,0.3817624594760016,0.3412679440850543
0.2115812306001698,0.4421773916637248,0.5527462781174187,0.5078278481766251,0.3961713360351549,0.4266925947289198,0.3438362164863868,0.2838358429531632,0.3150683876553607,0.4097913906852686,0.4182166475898934
0.19926998952282,0.508913311396181,0.5707753414487561,0.5099856019355095,0.3951385291604998,0.4155629630246122,0.3459135616714853,0.3435753275743451,0.3508911683553061,0.4187363725933928,0.3536582151244465
0.2260201939468483,0.5241908219570309,0.5987310624223723,0.5285493692874241,0.3883245635626997,0.3339147140130706,0.3207696247079708,0.2383080801464394,0.3226276462026923,0.4262651925907864,0.3108404844221521
0.3086760080330086,0.4957470192500719,0.6456191856768588,0.5472774374173733,0.4140814230219117,0.2920355956488741,0.2982686439055206,0.2902699490814249,0.3743479072543771,0.4589839073486399,0.2739930859741413
0.2472514675488373,0.4983401769229422,0.6201736135803919,0.5970904111574464,0.4447200693062675,0.3127128028528469,0.3018168855816234,0.2587474185126672,0.4102369528029335,0.4351405205728025,0.2941674429899455
0.2875849704890532,0.5344289577294646,0.5843222471014303,0.544184276801856,0.4739480769787225,0.3233238670369984,0.2959687614094608,0.2138570175907833,0.4306927422411404,0.4603259256623764,0.2868736074206954
0.1057827209207409,0.5603123450147338,0.5757872176424033,0.5875640753342941,0.3756338514432653,0.3397173272379796,0.346386856608109,0.2272364882150428,0.4281053197043918,0.4625729119432483,0.3777553027156618
0.2167628512547057,0.5186356372069655,0.5999932904485555,0.6098627742168325,0.4237719718192773,0.3849059610375391,0.3667382819483363,0.2580035458328622,0.4059489274761574,0.3462885590437121,0.3968461090155826
0.2427156783319943,0.5807693156999842,0.6291040876490428,0.5296227093885623,0.4698666499168377,0.3767814727846619,0.23122422750862,0.3211259272430167,0.3583262786350722,0.4174668098701471,0.3250621960024192
0.2935215424396451,0.4638240537344774,0.6326325957547729,0.5478943391666926,0.4536217678952317,0.3822867786589468,0.1695906006358089,0.2604224451648448,0.2771620906928632,0.4135472194772282,0.2866906904307178
0.2699535255059279,0.4469646713888085,0.63645234182428,0.5903415931484546,0.4882927272481808,0.3647517168533177,0.2327222501299364,0.2644550403650118,0.2938140495665906,0.3492883211287444,0.319010811199433
0.2406332517957197,0.4658055390041321,0.5776382495708952,0.4109565880140606,0.4659617232455513,0.3949613221060848,0.3115867719596582,0.2833619918469531,0.3031655832599344,0.3776584809443312,0.3888889708980788
0.2496938232442049,0.4346946644700178,0.6039387577921276,0.5068950157008651,0.4627750283822208,0.3632105491099269,0.2043531304547091,0.3239893162452043,0.3122979730904249,0.4124355474185623,0.3513175092704182
0.2623131508741934,0.4918739814414959,0.5839308626039404,0.4923300027640087,0.4738058791068259,0.4042765969319685,0.2455809345379558,0.2490737438424448,0.2918075314553394,0.4014892360317819,0.3890374377715528
0.2500054149513798,0.4684855459183723,0.5988030486248113,0.4555916722111108,0.418568912090993,0.4049272309906689,0.1160934317078626,0.3024420285456127,0.3146589088683267,0.3898888350137765,0.4267399505584189
0.2243916564102619,0.5192070487252347,0.5937193047405176,0.494697631430487,0.4371541966214884,0.4036674997527048,0.2108670051281188,0.3239246204830407,0.342231473922962,0.4426008592638226,0.3032376610966026
0.2812140277187792,0.536935082133349,0.6279011758433225,0.5634654574941151,0.4554071537920452,0.4117865171971271,0.149357924020836,0.3319706864385091,0.300446122486804,0.4199476453827619,0.3371946107050418
0.2317564834176595,0.4486222419034909,0.6020348316849744,0.5753189828333762,0.4381629438145247,0.381990932593265,0.2501017896435759,0.2464637848952477,0.3210866399264468,0.3928356051239208,0.3985583898972107
0.278521268583709,0.4701006331929196,0.5806999725374634,0.5269875003084354,0.4418553971266629,0.2506968355930662,0.0265260603551929,0.2855373286365242,0.3450354343838642,0.4030326679246385,0.392319690739501
0.155576579228173,0.4732841048501485,0.5422240595983189,0.5378933226447675,0.405305954065646,0.2728777266113597,0.0812759079496629,0.2488704667028675,0.347240300004012,0.4201487595819129,0.3555097293098806
0.123472981063326,0.4743672835001778,0.5621048109667433,0.4858703739657963,0.3616554225631089,0.3117715996743608,0.0951319131729696,0.2682674739988857,0.3233015202166207,0.4237592689349183,0.31963231671476
0.1230161205059259,0.4240326973450731,0.6076887073365486,0.4947297609099561,0.3521280473974387,0.3177240251324215,0.0937089389059643,0.2823246128199405,0.3812969976457716,0.4899123742040788,0.3589029758319626
0.1727323300900831,0.5047031295715906,0.6481952733830617,0.538680112962904,0.3950673231889643,0.3285411767265733,0.1740576867327606,0.227558980649834,0.364364876776338,0.4767177714967001,0.3448174240917595
0.1630042617227813,0.5452120933082446,0.4653912813693339,0.5687819880041594,0.3740151260999468,0.3588671181328277,0.188983143458833,0.2674402882011726,0.3687711180023074,0.3524686652446543,0.3606200421056084
0.1566771025122978,0.54743953879082,0.4982788585631937,0.5754845415000448,0.3619245940681143,0.282509051426504,0.2485485664050437,0.3514207108220176,0.3572553384927389,0.3639125694454251,0.2986479312927128
0.2173896027261185,0.5148128464169107,0.5204132305894884,0.5588202854679486,0.3277068909687136,0.2842606003472067,0.1921647959975611,0.358329328688526,0.3574320515612973,0.3588580935023979,0.3483974111580409
0.1959598187127295,0.3907971149808171,0.5295618617698983,0.5596847651921453,0.3639438612979213,0.3228332056438671,0.219241771838229,0.2366043525409,0.3211080161496862,0.3916737697900738,0.3626602023775122
0.234206699037488,0.4850701699347283,0.5686450747433069,0.4723250438091157,0.4009890107773985,0.3042345129297328,0.2014674581688496,0.2138159825267944,0.3496690237280787,0.4184800463540711,0.3347262059466301
0.1482482224926121,0.4943994861570961,0.5528547285976051,0.4953453778220571,0.4053117197515241,0.310526243517389,0.2170336294716267,0.2401340972266427,0.3960793238233113,0.4587038745767998,0.3457049721142436
0.1859693812682714,0.4417671189746152,0.4930468910978582,0.5321432606712145,0.4410750131869489,0.3410513634647464,0.3037064297475785,0.3158235844433984,0.4023564611663469,0.4657065269041768,0.3506660337004136
0.1876895570193005,0.5001068993154132,0.5184556746061959,0.5045696628135817,0.410903317366257,0.3204408030232356,0.1801755790437767,0.2636298845655979,0.3113122700834421,0.4044038025238635,0.3441777291592988
0.2058029240130407,0.3441814562167938,0.5869407559665297,0.5117238743145874,0.4577397266801856,0.3389828247917098,0.0991598793981864,0.2259777648739201,0.3417600273074673,0.3910375448670641,0.3167012083892389
0.2280131274626792,0.445058351785577,0.6120494332888662,0.536405032290148,0.3828717892418475,0.3176113658949855,0.0459663195999631,0.2488045120914622,0.3445970788426805,0.3894141580227682,0.3353304204140996
0.2441510361839333,0.4557634242340334,0.6023638681010534,0.4512380831132873,0.4197804416841372,0.3321138781033474,0.1466763509796094,0.2622270916262053,0.2719030578134537,0.3406483844240086,0.3228403002307233
0.2474130462764553,0.4254758800268503,0.6161367928369366,0.5160414668167345,0.4288306187586115,0.2870570849714526,0.1689002127050511,0.2544251896929905,0.3100261334948759,0.3692816215263791,0.3652541261535261
0.2485482032498,0.3632512672157156,0.6226825037941119,0.4395586279208835,0.4378885902804784,0.3288175478189841,0.1256274274861476,0.2262932221932612,0.3174079912906948,0.3335275066085439,0.3482633813434639
0.2314353462903023,0.4325723347218833,0.5944918549238981,0.4446510473549329,0.438145427137915,0.3646393797728692,0.2264432859308195,0.2907271601841033,0.2746398549364698,0.2982743279284603,0.3376404794388255
0.2074878210991717,0.5104939327570613,0.5801151717177588,0.4967984764187408,0.3942675181512828,0.3444125105249002,0.1312984282656962,0.2871835113880652,0.3224882027972961,0.3368283844040249,0.3462356986090603
0.2526706155439727,0.5449859962056088,0.5816467151683236,0.5393991064066797,0.382012161048387,0.3371332268869342,0.1775590084779355,0.3065899111720861,0.3444810572304343,0.3879065957175941,0.3235246357469592
0.258293247882844,0.3763061940636359,0.578239081851244,0.4741762995450863,0.422182235038527,0.3461877418300417,0.2077586637548801,0.2543111340463772,0.2752747236937586,0.3806282746818967,0.3244192081987201
0.2316283128944037,0.4579206710570745,0.5840500085556124,0.5581339277685298,0.3749878804458797,0.3205357185321295,0.2143637004178021,0.2656349056791559,0.3367232174384524,0.400020176379633,0.3128992804680227
0.1534341980946632,0.4685618401533329,0.5212622262112965,0.5665350234300539,0.3841723574602611,0.3614228929519613,0.1868700608184975,0.2335472746467732,0.2836993934565903,0.3266529997426358,0.3404260996892908
0.1715822913600145,0.4177392562975793,0.555295299142224,0.4615721798554639,0.3684913608464799,0.3317075106487066,0.1652629090546003,0.2611057907927581,0.3146293085346481,0.378604650933464,0.3677069946606573
0.1936031208263092,0.4395718741443009,0.5379480980287303,0.3740437088244412,0.357202488580164,0.3258089005836079,0.2308088471823299,0.2881733879148369,0.3633843956975531,0.3645282229729572,0.2800994861386674
0.1180566723299141,0.425809460987069,0.5132494037608281,0.4476119846838162,0.4351507173684387,0.3393982969594397,0.042471230622134,0.2333750607653307,0.3760652994943881,0.402212335451993,0.327466647999581
0.1646309165940918,0.4573273577172195,0.5429052988958175,0.5131465904380414,0.3678889169312084,0.3615453867356452,0.0845224654256082,0.2370896989159296,0.4056096510376872,0.3912474774259987,0.3284301998119102
0.2056544913893952,0.4895536366548038,0.5201498174673252,0.5130275319618096,0.3388602817572967,0.2930799043985386,0.0075107775433671,0.275672531699283,0.3191754947046437,0.3640380674510404,0.3157184937185198
0.2194481619528164,0.5105368067676945,0.5294880574453282,0.5060580485604499,0.3547629519714101,0.3325548089121496,0.0454069685511972,0.2896439967745797,0.3365154462026418,0.4000127598498862,0.3386745194776205
0.257745211488014,0.4992750666109702,0.550864910325048,0.5084107914249749,0.3871982410475237,0.3532762636013014,0.1431330379764699,0.3045402363712559,0.3679249166716809,0.3747279929396154,0.3402270918392984
0.2469902826180493,0.5263563883562112,0.5458992311483332,0.4706309545474493,0.3766180567654009,0.2814906199122384,0.2362553742355232,0.2592352081913218,0.3745585052971966,0.391904791519553,0.3164829423242588
0.2231340278435323,0.5065598415267399,0.5339660797881819,0.5362858280292118,0.4002960705876217,0.3116614709124887,0.2486229923486543,0.2087584075122832,0.3976897379689271,0.3852211520754701,0.3260733469836664
0.2402515660804594,0.4221686983012704,0.5341419828503868,0.5201511698946246,0.4152675941634575,0.3300474518593003,0.1361489050436219,0.2288097749654714,0.3272626966780045,0.3877441942740213,0.2920591004800136
0.1694758425546537,0.4753074396209917,0.5118269091980839,0.5309969741739877,0.4274133950758145,0.3740920980297367,0.1713721121633124,0.2279551564016032,0.3132652182054841,0.3399017815273992,0.3281281581488462
0.213106669956113,0.5601793443358515,0.5221960450218857,0.4645323936667299,0.3608835186700013,0.2987000246114495,0.2536011465364194,0.2394170466368892,0.3483869509916622,0.3511125891767912,0.343496634944169
0.2447803112884094,0.5719382598240811,0.5407120488142578,0.5355921453343451,0.4148929174670901,0.3362123666169473,0.2781205924315291,0.1861455923826301,0.3953610357265839,0.3903040475130471,0.273930611924203
0.2478537316983336,0.573866709647656,0.5106631369014939,0.4729021973588724,0.3746180646823573,0.2896329241348083,0.2982435499182263,0.2509515431589629,0.4275304121588822,0.4088468344094336,0.3614621528049183
0.1491690317123009,0.4798567315821231,0.4983028455123536,0.5070824256314502,0.4014782752373077,0.3122513852269302,0.1836380166024684,0.170513007430476,0.3312580154040994,0.4187942808133686,0.3743239879890531
0.1542732631995695,0.5221115366062774,0.4988379504077646,0.4923251168403846,0.408598065492204,0.2833106695470068,0.2165805234572459,0.195705796791055,0.3380703738036604,0.3176651275139804,0.3444782345759786
0.2055432657122504,0.3749019933019927,0.5109712590566604,0.430218415331029,0.4038699549094079,0.3294626108927992,0.2504167837812007,0.2390826952361637,0.3322983247721423,0.3532834678446855,0.3729081051509439
0.2799923088436483,0.4145693246525734,0.5265793873648862,0.4616899357806105,0.3536579397266277,0.3819680582957656,0.2225522024321983,0.3287928999530444,0.3647494281652927,0.3962076424321061,0.3143100558393181
0.2629399073269223,0.4148254148383111,0.5663209607879598,0.4955202776747814,0.3751056431133116,0.3537429667529673,0.1289837374771338,0.2807244365524397,0.351037831159823,0.4074815035690626,0.3701624178385087
0.2069726126047545,0.4351605693085636,0.5769649140755675,0.5107408406790823,0.3546292321499845,0.3539898443705517,0.2412738565369414,0.3070763237339977,0.3861377377777261,0.4304335191483508,0.3966904664557712
0.2315673592646678,0.4152549115535801,0.5354354372314404,0.5758749179887472,0.3937021724881419,0.3410263019643059,0.2547305058707528,0.2675974676364472,0.3506969405990253,0.4259665492941004,0.3381039085475151
0.2660568424404572,0.3230937448319292,0.5626450591774035,0.5063282766927104,0.3047345269894576,0.311069631058907,0.2667593375145978,0.3078696108803975,0.2942961075219359,0.4251102265859878,0.3081976771820632
0.2688269341478649,0.3527429988575978,0.5476678982231726,0.5084275397584619,0.3435992202351334,0.3614280784309011,0.1486551346765721,0.2035188330981651,0.3415606589582388,0.4254685806754138,0.3567911915324304
0.2303050999194558,0.2989561681180048,0.5541233879876963,0.4431995556589275,0.3752176683445548,0.3841963266531888,0.2143121494289336,0.1494304542770854,0.299735091379989,0.4665819571891292,0.3636948533010148
0.223908002568293,0.3042158273079688,0.507378982322216,0.4572458008329702,0.4357865618222578,0.3897351631157871,0.1574415655654795,0.1855289970958651,0.3369231871752911,0.4806786832677103,0.394812606619433
0.1562603901517151,0.376220008759471,0.5233808896159959,0.5136606018837432,0.4846925929411984,0.3795177084469476,0.1835244341496653,0.2756380905898206,0.2697149425132935,0.4016170865045917,0.3500128299258488
0.1573992015798757,0.3993650259228828,0.5272142671096292,0.4633885372287101,0.5099370024020863,0.3918992829097122,0.2220515298265235,0.1904775637083084,0.3382673399948864,0.4046859913018361,0.3553764073605985
0.1989717787411656,0.2704038322414494,0.5908471495705734,0.5152613139346542,0.5678210150359866,0.4080616561781423,0.2229658066003247,0.2350356155800612,0.3432250945330893,0.3613945605434732,0.365050294828976
0.2133811863549279,0.2415523431263456,0.5721177813109581,0.5340651671429408,0.4169386776143343,0.358830759566583,0.2428269918262645,0.2616173052142649,0.3001811418674427,0.389208645968024,0.3006909034284742
0.1712359577642815,0.229467341162573,0.6023816830974651,0.5503521766731179,0.4614664134921468,0.3773216579949193,0.2566276381872712,0.2880753018472212,0.3344427787908407,0.4161195552764896,0.3207721189373435
0.1822603931504561,0.2376959627204585,0.6423752609140634,0.5031632392174512,0.4498756829190239,0.3629295963462516,0.1620192378905712,0.2076260784263329,0.3636159357332539,0.4414902548312023,0.3398889909618087
0.2081590995771857,0.1835158545546078,0.5716321949814104,0.4961620241238751,0.452802873526171,0.375580493241597,0.0899033783586873,0.2620372220326294,0.2769473701075473,0.3998140546695962,0.3687230803108975
0.2120508534020555,0.1975689313271872,0.5449552017657391,0.5227993777531748,0.4552324289451644,0.3957093507850906,0.1338282644731641,0.2753287792022954,0.3267341954396763,0.4372774952896164,0.3528100908694549
0.1735575862070496,0.2087859008015365,0.541125645802308,0.5266516690175664,0.3960271121270632,0.3580448906069378,0.2153357176661132,0.2894465748877098,0.3388989951177223,0.4223122542476783,0.3742690166710513
0.1804973116225985,0.2265940866521536,0.5274559758297575,0.546890733718848,0.4726157347683147,0.3906891395805287,0.2427432093863663,0.2459442984592593,0.3689820998980124,0.3532579346366561,0.3999821439849939
0.1704897401749278,0.1498405734077436,0.5211057309243458,0.4480236985554584,0.4836221838001515,0.3714309816243118,0.2125805927024834,0.2996498977630352,0.3291093439936377,0.4318992113157124,0.38214633300318
0.1762236026627207,0.1522955554466937,0.4907539961478076,0.464807688172411,0.5015185424215758,0.4209467940294406,0.2399725736513317,0.1932028791238923,0.3208984853374376,0.4151975907036848,0.3099811565876854
0.1462933726131742,0.1682905733763949,0.5172907970644046,0.4151804058571029,0.5078683951104358,0.4292018495795915,0.2727652756453257,0.265337944691898,0.3510460129443791,0.4017229721034522,0.3243727549194939
0.1885251607621025,0.1496384630334665,0.461779718333191,0.3411003089099612,0.3202626118741365,0.4615392546697655,0.2317876578391002,0.2264791567468511,0.3093027556355137,0.4197108209324093,0.3096142341149845
0.1917888001046086,0.1475407154554626,0.489124727596735,0.3566051598237933,0.3312216675822771,0.3714380940256458,0.2001898040270769,0.242630552777364,0.2776454863325265,0.4226356368454443,0.3176434442965641
0.1958971314995387,0.1341936500521689,0.5014091910830731,0.3838493773916528,0.3703476496027624,0.3953363086876811,0.1526177471255193,0.3115845476967848,0.3086255361750493,0.4453842519654986,0.3099427586743872
0.2206744901562177,0.1314846490329615,0.4902756784610671,0.3650783094911656,0.3675920831132732,0.4129357376038817,0.1859906991216443,0.2783816828972766,0.3828139746990959,0.4481928986644271,0.3370786498499094
0.2216832338143159,0.1360900365199545,0.4115493070935095,0.3434686063412854,0.3641519750370122,0.2869154986569727,0.2910561331511553,0.2328463545504698,0.3950769960747064,0.4498798018275525,0.3372602060848241
0.1578093360908139,0.1372949051551783,0.3747172424524318,0.370797059544467,0.2955362608303488,0.2097158611854416,0.3053120048637146,0.2179342110063072,0.3456199603780829,0.3683244006869007,0.322047202255491
0.1624441730703566,0.09210344835733,0.3479549613331743,0.3102254968341806,0.2963967425182293,0.2093395990745659,0.2043636412380171,0.2423750399689468,0.311451347970173,0.3680133636422078,0.3635941501888809
0.1383855905130785,0.094415375871764,0.3495941227312478,0.3073392689909682,0.29860718752031,0.2453973386639897,0.2511042634012808,0.2426194229844993,0.3217154048595653,0.3925575978860383,0.2597768096031839
0.1300762172522176,0.0868433834981708,0.3630273081175292,0.2746143701384025,0.2071541916293287,0.2924749259012126,0.1903196109888952,0.2576995332676633,0.3782726112898243,0.4400433166727158,0.3251058647152809
0.1380914170374456,0.0948303773272041,0.3753779166835795,0.2753651883641349,0.2203027381970458,0.3104398454328105,0.2231409893244606,0.191451419939995,0.3877780715045332,0.4531821300957067,0.2931807587868938
0.1458393519416785,0.1058159545530108,0.3831257556564896,0.2658673818810058,0.2080809724680666,0.3797133305664039,0.273844523663053,0.2423423364875698,0.3601843367770755,0.351755453172767,0.3185180485705275
0.1447458403856362,0.0948134822084475,0.3670903068486043,0.268980047367479,0.2212588540529398,0.3932481100584775,0.2640234353939458,0.2789445674037669,0.3768341403486591,0.3620316943044185,0.375625366432423
0.1610616332390175,0.084952221329056,0.384969376250839,0.2710322824075379,0.2427168413596224,0.3220362782722148,0.1915967734765176,0.2927731915569631,0.3575110952284689,0.4293995299851204,0.3652044610578453
0.1680059595650539,0.1120790614188443,0.3891230811252838,0.246697655407423,0.2633014738101569,0.4053174709304848,0.1954526458189354,0.2379569068517255,0.3557976006163104,0.339895382693387,0.4235723463370106
0.1604183934595196,0.0968322001920189,0.3528164139979766,0.2616201947460636,0.2789787966502647,0.346108473632284,0.2582617520281985,0.319321848828274,0.2869156343437555,0.3754548692640801,0.3632160706990891
0.1837575614644753,0.0772153926995818,0.3806074326069151,0.2643847684294685,0.2696042355898536,0.3515709978954331,0.1763861314346436,0.1950520478539128,0.3207068011730036,0.3862529133765029,0.3831397233389796
0.1699926373636412,0.1089757435442108,0.3961451251263181,0.260661945305047,0.2695671442965375,0.4060200713459275,0.2270221125940895,0.2246681614621861,0.2911740027751123,0.3365944314392041,0.3512997719436264
0.1793185333585128,0.1049030803430903,0.4210230960709524,0.2687034184094555,0.2731921404337071,0.422057590050104,0.2572149014889809,0.287351533236683,0.3280395772157893,0.3560486843103654,0.3674445697426033
0.1837747571556671,0.1110517123776923,0.4283063405878055,0.2723127307247499,0.2965421658142399,0.2773444639383144,0.1795852548772586,0.261929525177301,0.254908297356325,0.3920955082605335,0.3716045803748632
0.145754994414796,0.082073630331807,0.4367261889093186,0.2836329982599436,0.3149872001556665,0.2856936556392238,0.1773640710997854,0.2812361924111475,0.2864512961302398,0.401961305427594,0.3733440144436235
0.1678592575856218,0.1032363002597615,0.4111430633377841,0.268607658103863,0.3071005403117444,0.2968874211295472,0.1948796139606723,0.3103204996461206,0.3364039598325991,0.4047417772891386,0.385941963338663
0.1801936890046415,0.1190793116925562,0.4203299588741587,0.2791755418576042,0.3095531125253673,0.3026805069781174,0.2061411018731767,0.3488840069603744,0.3741141357615321,0.3469981948045566,0.3549619305360398
0.1656575256645936,0.1198400517539537,0.4407624090704558,0.2963229272631421,0.2926326120322861,0.3203015240916029,0.2118656146483452,0.2912978291428715,0.3894229569460142,0.3436276524301834,0.2511834170334155
0.1879094281158107,0.1102321006571592,0.4466903561813188,0.2837030978654323,0.3048964763617249,0.3448092325836673,0.3219424365940644,0.3440582991094146,0.3467306951516576,0.3738485396794624,0.2790330724576971
0.2062596881138501,0.1238041958915313,0.4038480775915555,0.2919845076276133,0.337415192454195,0.3623991616030639,0.3222984569034594,0.2837397359011442,0.3984571212784596,0.3679039875758855,0.3131325120470088
0.2065992621781147,0.1240402056201709,0.4209280538125386,0.3125812796332524,0.3203844034610786,0.3555471594363188,0.2957433172480032,0.2543760131118202,0.37588898706545,0.3753288529255449,0.3419797941869123
0.2162602498183222,0.1375060599396444,0.4211214943356844,0.3169492066794376,0.3566341706821411,0.3628849030296623,0.3391254346612256,0.2327657532014765,0.3828807145927774,0.3954582434736601,0.2996294849441176
0.1720780630299573,0.1475382514773627,0.3855990776653171,0.317353097101005,0.2752545542955443,0.3528995908653168,0.3054564911556207,0.1862093560889083,0.3558290594511991,0.2628097203248987,0.3317548255022453
0.2112871852029932,0.1421378821299773,0.4113086009385612,0.330732461653891,0.2773150875544051,0.3025364251217933,0.2893516045168456,0.2307441609213872,0.3439955951053077,0.3081183274810743,0.3486043239013867
0.2191928396610714,0.184949586760234,0.4357797166339366,0.3574259427205873,0.3464784063527544,0.367662025404088,0.1773181460618889,0.319958768912896,0.392145358531061,0.345987048192954,0.3911713282227407
0.2213671000147793,0.1334043272632055,0.4510118818892616,0.4117191861650747,0.2745913614369026,0.3058326138530073,0.1983843688555225,0.3664319346073215,0.3850736888211181,0.3643785383445663,0.4451855737002191
0.1531414612595034,0.143698472218469,0.5050605967637694,0.4660696596112001,0.3027648844006049,0.3304926388541694,0.2461207229780704,0.1899703167269754,0.3768683427641725,0.3251660859579711,0.3775170662494616
0.1556012122358162,0.1234981572828037,0.3189262790095628,0.4798333271237759,0.344212655950763,0.3531374796666741,0.3388408204413247,0.2024849178628542,0.3496163322529561,0.3193108380864417,0.3327893073596375
0.0519265121346401,0.1566846617351254,0.3912439557555653,0.4938361400130175,0.3965119547639294,0.4345178921947219,0.2883695639235336,0.2497259622689447,0.3983381228443534,0.3822064238070716,0.2917851148726889
0.0653765496566384,0.1734559141979907,0.4120630413473216,0.4995232488717058,0.4178053381430334,0.4954805630485541,0.3267049156335847,0.2187486871963196,0.3997418070757251,0.4183037572346471,0.3180834675139239
0.0852490418969909,0.1573356631346141,0.4384468481908113,0.5117832811904032,0.4554300865053124,0.4924298624376225,0.3104544741405143,0.2632273229791051,0.3112106707888361,0.4297253024487555,0.3342966658353525
0.0324733190182552,0.1847685624913403,0.4429293233686913,0.5498231707331229,0.4505749429742517,0.5112722019894967,0.3155405824981555,0.2086553236199689,0.2860647693654599,0.4477400830099025,0.2524671226413398
0.0441825307021539,0.1698224171814369,0.4546148625915513,0.4864159763953768,0.4031312765895046,0.4908753027271848,0.3641690442171449,0.2342982483628414,0.3148955886826595,0.4440033874853169,0.2616092283046388
0.0240286162154755,0.1738874885679054,0.4357667971164005,0.4523812686657043,0.4448422884556869,0.4408503535236109,0.2153643436151248,0.2756663926624494,0.3403093525745022,0.2856637584091455,0.3155110670920833
0.0610187706645817,0.1556026208428884,0.4366949897629391,0.5003148494783913,0.4211209259902471,0.5020571451798532,0.3149576901915421,0.2898159175891788,0.3740039576239901,0.337835636224911,0.3297750095154386
0.0520536180464929,0.1566072392712138,0.4289626422656042,0.4822999924280492,0.4871716735697156,0.5261661805634807,0.3343586984405725,0.1887617371358872,0.3776355288222617,0.3895832957568792,0.2941266560141193
0.0078453281752077,0.16809100747263,0.4120662349494927,0.5245478241896215,0.4099523243676961,0.5048016056151481,0.2161456963149475,0.2544934156293454,0.3601258948953997,0.3659382028375854,0.3088605855230864
0.0309496481985184,0.160198139879242,0.4145681195079362,0.526561657327502,0.3829887997166654,0.4591558347330439,0.2304508476208616,0.289779703361731,0.3618249657039721,0.3967680101599783,0.2659943624864422
0.0470707300750946,0.134404351915829,0.4408983157887625,0.5229170940955031,0.4068540981407513,0.477879265579343,0.2713596900316234,0.2688752228545941,0.332355702396561,0.4108189480584778,0.3155909419473248
0.0414360697997185,0.1467695956805347,0.3891628402957391,0.5265933763028581,0.352960221721727,0.4945792062197457,0.2751018119871861,0.2866294535010558,0.3698255218406167,0.3366389782791239,0.325782474323408
0.0293094463079026,0.1630255342326368,0.4084310988558712,0.5502732590300591,0.3895412458105362,0.5167803742350162,0.3383208763464348,0.2978020180761119,0.4158152879796993,0.3483198030725227,0.3558934333255272
0.0634672714488007,0.1742437365036725,0.434688855435628,0.567797108870131,0.4495576000832498,0.5904023382782877,0.2720904035722178,0.3184014372859857,0.3497213280627451,0.3498007488489027,0.316525388276839
0.0482299083040852,0.1848875017209423,0.4025744330085919,0.6146440277509391,0.4668396848747323,0.5267108182536242,0.2285945461289848,0.2216280127039441,0.3876457282945099,0.3402948965182882,0.2960677779675394
0.0611844143930663,0.1960422841000397,0.4116575179990515,0.5224031872749808,0.344936309304638,0.494010283326285,0.2646458036469709,0.2565508615105634,0.380692019305628,0.3451199301700912,0.2564672643673581
0.0564928335714778,0.174749238502469,0.4357964624297297,0.4827544818227878,0.4145184291736233,0.5127565030919279,0.2774843867059773,0.2685669886603769,0.385599305553609,0.3301774676155777,0.2911781887802153
0.0720554507873563,0.1854206631925253,0.4430571015604848,0.4495196230498217,0.4604961331075983,0.4614650723559216,0.2911135015594044,0.1956223482852978,0.4111481989559592,0.3433543298433552,0.3503527151095525
0.0520562562726326,0.1873826702984454,0.4570207331435522,0.4756481619230607,0.3494343859353634,0.5032256594742739,0.3296785239289921,0.2134631033453668,0.3764481018312527,0.3730151629343595,0.3692919127691865
0.0306302834457875,0.1696537028362124,0.3998468667099971,0.4838616650774652,0.4064049552740502,0.4867229226689505,0.2701764649356425,0.2577469793736151,0.4212925943619263,0.370859218613958,0.3862705202400132
0.065049684991202,0.1767502868353331,0.4340939841786769,0.5109240530432575,0.3825905445949178,0.450292637676305,0.2140808918500435,0.1791146364672029,0.4126069607637435,0.3399806242563347,0.3275143050816648
0.0383774645168624,0.1603850920435607,0.4346368975467995,0.494038250784051,0.3857526837762893,0.4202323254532714,0.263441620356652,0.2148820434177831,0.3942232982364507,0.3567559506240467,0.344886675714277
0.0422280586234536,0.1629815816070846,0.3873464867868114,0.5199889263619939,0.3597674816384976,0.4296338714629875,0.3344922160625082,0.3009086179060987,0.3948093952917161,0.3871484246262252,0.3472402332821509
0.0571408002869466,0.1284623896695172,0.4116324791249763,0.5345323228287256,0.3431132465940756,0.3614464466711047,0.1711283605663367,0.145423615147043,0.4056560505616693,0.3948696849356817,0.3217091914314101
0.0425412467666241,0.1556846500569974,0.4504047705172376,0.5184941964748391,0.3588679607644919,0.399743074609981,0.2442170199933101,0.2465915095663938,0.3435045934799804,0.4140638912231087,0.3390147542427516
0.065524208706101,0.1595949027962949,0.3874796052748456,0.5122562547326929,0.3881153086546696,0.4485199443621895,0.2648269134012242,0.2811900443437781,0.2711635613266956,0.4052491882171802,0.2062029207674632
0.0676172054875214,0.1615903037219261,0.3970304082878334,0.544165520682838,0.406040920012236,0.4520468345701353,0.3285574489603579,0.248883325011483,0.3317729372888962,0.4023059228345475,0.2386247533682235
0.0801701636368996,0.2285346757168107,0.4203739133049852,0.563380392849459,0.4503476554671711,0.4990362928278089,0.3243065594856681,0.2674566782173078,0.3054322680618174,0.3200770845964494,0.2919010357733858
0.0423211478557678,0.1555894711764134,0.3465928439738743,0.536966766763087,0.4106137018896409,0.4484677381585804,0.3310159036761136,0.2528041203626894,0.3262567259772778,0.3243721235769201,0.3239166247574511
0.0377569805687467,0.1511686359398805,0.3001295590530846,0.4795604877931205,0.3777492235631619,0.4698212686163617,0.3481059711083253,0.2654271866001578,0.3207810922923279,0.3647732918590221,0.3514088718262216
0.0079079146864308,0.1487909472634801,0.3112364366193993,0.4560547721194311,0.3343853221719655,0.4580588939034746,0.3439965054595783,0.2367508526698651,0.3343267090483545,0.2914459895010833,0.3489035628190404
0.0172755380939699,0.1347464256427476,0.3209762625436044,0.4851675858213006,0.3513066009202675,0.4633896714071462,0.4580346888312482,0.2415460047819978,0.3322234463541044,0.3112965593450526,0.3049064401393267
0.0218035341985692,0.1448400052110869,0.3250463924941003,0.471199635541885,0.3868392642663605,0.3831122079269123,0.4609183195291175,0.213265047788883,0.3008870621645289,0.3586378229246704,0.2892118819565775
0.0466073347453777,0.1326863106420283,0.3263109299208351,0.4810146315849046,0.3900482805512927,0.4119588680810874,0.2453143619887511,0.2097886987663716,0.3410636187692595,0.3319984996490718,0.2776908337336036
0.0331713954294779,0.1564630566904827,0.315447988682403,0.4850560468588042,0.3722352662428093,0.4420997926398039,0.3264058675166901,0.2409416758493182,0.3017934314688641,0.3895331658145992,0.3040463473424115
-0.0048494553627119,0.1808819973520925,0.2822991555590842,0.5141262966158267,0.4235093480629099,0.4683179573195658,0.3069656924501211,0.2597846709610771,0.3338587747094704,0.418949525830228,0.3534121161257054
-2.6222115292815016e-05,0.1924469461595521,0.2965101524957244,0.4657510735443594,0.4128191222860252,0.4810260769271625,0.3591877306267014,0.2749453865107778,0.2999169821681093,0.440815007270388,0.3206861071394018
0.0032813636981657,0.1947306623878983,0.3150844412660747,0.5421300678200884,0.4245592341903903,0.5222936340555556,0.3215882581158092,0.2896498797531443,0.3361447758671133,0.40533420736796,0.3144019689016112
-0.0012046803013005,0.2127096783718809,0.3082299543594063,0.5389255505793674,0.4243976981026722,0.547260849894217,0.2484880870031739,0.2063207206731251,0.3371460842898643,0.3868602779732138,0.3470457605607737
0.0082642868708784,0.2191292129331511,0.3102600404442473,0.539826543301063,0.4311094565235823,0.4903058228816298,0.284752232801618,0.1993175790952109,0.3764875727015587,0.3887321026055914,0.3266158124346714
0.0281048796127143,0.1630041907899209,0.3038416822282653,0.4682949804705038,0.3841796315050989,0.4308122105608302,0.2326226353897667,0.2005554127798093,0.2851831343225685,0.3363388235211074,0.3051639646487886
0.0369564044335511,0.1688948279902972,0.2873083048828994,0.4903129708161612,0.4084196555487177,0.4645022139309644,0.3004048843657857,0.1674383451424437,0.3577576763296658,0.3789805794223391,0.307141913400339
0.0410064330106672,0.1977181423952372,0.2941919680382029,0.5236105897094283,0.4196042438245999,0.4774758635060937,0.3200775487989369,0.2054791002831121,0.3695453087984115,0.3553967320952054,0.3324344339748436
0.0408931917203432,0.2001048345145167,0.3089276241474332,0.5497194982818578,0.4472231223407001,0.4821809692207582,0.3140179605471423,0.283331026928647,0.297737047733149,0.3320857153750445,0.3694588631983986
0.0181433392437221,0.1956778002223357,0.3033620201151461,0.5367566241127838,0.4422350293887129,0.4349502075697782,0.3237351396564005,0.1660145476043339,0.2984170354867984,0.3159852675891041,0.4051929270375723
-0.0005894314879728,0.2150851639739731,0.2719132097019617,0.5311465417065998,0.413193566110894,0.4673761863067468,0.3362421781721582,0.2125146988456683,0.3297746687080717,0.3415049297293757,0.2886337175511606
0.0006158940742657,0.2125890364336439,0.2837921530552727,0.56154243121421,0.4117515193518557,0.4994727926972957,0.3003300128673306,0.2568053970388821,0.337818031551848,0.3601059485640088,0.3373555487727399
-0.0085610771622662,0.2140778959861084,0.285332942068572,0.5463354516121102,0.4309688239072474,0.5266827399917168,0.3388694562475886,0.2729300259810172,0.3617548737798173,0.3622866797564664,0.3270472879887717
-0.0208836278028156,0.2025209380740956,0.280653497276546,0.5720563709771646,0.4491884298511752,0.5269837011654379,0.3744500026352575,0.3005911282201479,0.3761088377474463,0.4024660320768762,0.3274261979465924
-0.0182603413526071,0.2295806067270037,0.2889626263186137,0.4875390961778995,0.4595565365924494,0.4675318206136353,0.4516339284962418,0.2828574392655475,0.3776831097513425,0.3734774552157801,0.3281906698865907
-0.0087876591056623,0.2371488692062334,0.2901241219030295,0.5166018265046428,0.3844305369780547,0.5009044583256732,0.2568200694338576,0.240648247152809,0.3456876449702363,0.3925343075363431,0.3136533203747152
-0.0103752607660643,0.2084830675848722,0.2726367451996597,0.4514286369128339,0.394573589819182,0.5188373731452105,0.2875192644596753,0.2063180405451659,0.3372269986806208,0.4308583351366054,0.3002563390576429
0.0110988052055171,0.1930240281961752,0.277806181358055,0.5086840952670973,0.4641137923623135,0.5287447531797147,0.3028069644354582,0.2372745828367306,0.3661460278850498,0.4224001662186668,0.3151715517457532
-0.0156721881607129,0.1846797827627944,0.284831295715201,0.5704120654786362,0.4730047165608195,0.5021663348024833,0.3284575642232712,0.2809381347393531,0.3899376282007884,0.3739164710153833,0.306648389930186
-0.0005395863882198,0.194529506436681,0.2732449252423182,0.5291570434855125,0.473455074439864,0.5385704253918828,0.3332002669347015,0.2021808679576519,0.3931389679864655,0.4021356424450125,0.3256096745424882
0.0182458851697156,0.2123175416276639,0.2148842569905027,0.5203815013336364,0.4806093587922002,0.5272630369921806,0.3221800737102802,0.2200905925286359,0.401102171378777,0.4099840297041464,0.3789560656358232
0.0095767666090422,0.191818214822577,0.2398944542927824,0.5483964687354302,0.4832928573798544,0.5595189806218723,0.2527476444309248,0.2790389026239385,0.4050140849064157,0.4270130381556285,0.36674663219747
0.0106220031260275,0.1969609593986527,0.2482835464244752,0.5526582684360802,0.5002531324090115,0.5317821837549805,0.2554227498334679,0.2234551314330431,0.3551017029967589,0.4363081497248711,0.3209909025744948
0.0129679243565575,0.2150439464685773,0.2558312172392042,0.4996481302157502,0.4864407121239014,0.5510138442449573,0.4164501454665177,0.2473420555327928,0.4108004224413907,0.4529740202458363,0.3891869173397029
0.0097861420435548,0.1832843411204051,0.2373752626625798,0.5169535151578872,0.4715876286311142,0.5514334308530865,0.4044776057423734,0.2385642324369239,0.3819224829575788,0.3781297191918312,0.3309210340505275
0.0151160277210013,0.1374904054296356,0.2649590435190437,0.5356308380302355,0.4871006272322064,0.5442271870355777,0.2839787420263651,0.2329820525265053,0.370211800134268,0.4179497814623235,0.2433912948953986
0.0054038444256329,0.1856792851001079,0.2682088322030386,0.5786323257696941,0.5127931174607251,0.5194515516168307,0.3318568527346432,0.2749902260967792,0.2318195032827668,0.3616701377086376,0.3160835581609651
0.0264940158842666,0.1599152854969576,0.2766395616670655,0.5412087453180637,0.532583772502019,0.5800673069511575,0.2161773049608528,0.2280038622822746,0.3113470422664454,0.4048784184526321,0.3532302311815002
0.0325534865932314,0.1267856594552369,0.2640710769875042,0.4778662858908335,0.4811026762324421,0.5410049271359137,0.2313652445936047,0.25768530897155,0.3229653389214392,0.3376704752675995,0.2552580205108375
0.0291051422629063,0.1779122387176805,0.2848515922908765,0.4937265984883263,0.4920399438431336,0.46528156857609,0.3131750017016151,0.2580222455684973,0.3546164570785409,0.3820822288767934,0.2101355017998733
0.0365792898508915,0.2245541600706065,0.2965891070967562,0.5590531396063357,0.5144395603264178,0.505270682214525,0.2289586149654989,0.1741351720095835,0.3912723331992019,0.3921785969439248,0.2523968566319487
0.0303521547476426,0.2607512561668644,0.2976710393675563,0.5043024875074028,0.4962676524403315,0.5368923766377561,0.3320937739779401,0.2137656675213169,0.4143043734728675,0.4027701089602535,0.2505517883758268
0.0405718150971092,0.2614281897812314,0.2749577605356993,0.5305643370990478,0.4057410707222795,0.5510241717472879,0.2968597316805739,0.2820834482103171,0.3798643404939081,0.3365484887349309,0.3104934151369984
0.0485895140913245,0.2840297120115407,0.3192114787632679,0.5533524612657299,0.5229393313068469,0.5138648558224501,0.2614437831324268,0.2382063240958359,0.3475791998550521,0.3820084408017882,0.3323714564606678
0.0541107136166474,0.2477773272358059,0.2690823295689259,0.5549184800681037,0.5395031140278508,0.5827181559124344,0.2873302202119596,0.2702789936211481,0.3835565729854058,0.3936702438709086,0.3478987510250176
-0.0069428038914951,0.2718136646264629,0.2759517834109152,0.482296351498422,0.5480524900378512,0.5089517947640606,0.2385211226934972,0.2508457509449942,0.3755618925705192,0.405437773901639,0.2765953376652767
0.0231831571829089,0.2765661562386921,0.2741967728805009,0.4920320835547485,0.5380276603023342,0.4326820316470505,0.3058769608621089,0.2865218200622796,0.403738884162515,0.431800987576539,0.2798096592767282
0.00556337437847,0.2984887826172807,0.2482315399911371,0.5333928616434481,0.4635539228923383,0.4648377957567643,0.4139421489926185,0.3904014316521881,0.356833643893808,0.4683596573603089,0.3219565798212614
0.0175217768722455,0.2815684017870454,0.2836734050422822,0.5630976401188815,0.4530181997144776,0.4901219311835109,0.258410238954488,0.3016527692752296,0.3667377619789104,0.4694019440795364,0.3333852802856956
-0.0073487869290543,0.2921547728542051,0.284540573500848,0.5628613375461193,0.4643810500344167,0.5031793501981721,0.2793942964274223,0.3482904060638884,0.3934285556796384,0.3686620783408397,0.33450450210032
-0.0397039527144242,0.3006336637132014,0.2672006211507,0.5768654204657989,0.4653054529414215,0.4320427251245357,0.3564781121591035,0.3295513034863748,0.3569732806427554,0.3629104219178485,0.2744100729398322
-0.0293096982193878,0.2878574869360251,0.2969500234409908,0.5718578573132422,0.479929234666369,0.5311428406531135,0.2999603143759547,0.3442487976173717,0.3085825183857597,0.4204951243287733,0.2955017642784144
-0.0004223879505378,0.3102146150888117,0.313273162592393,0.5954171506434842,0.4849968990309229,0.5676650796688296,0.3470353451202923,0.3723853147661583,0.345856934492669,0.3972128517162202,0.3216623617920592
0.0064903295601392,0.3015096106185203,0.256144961034931,0.5832605161363578,0.4705662000077625,0.3866422357230432,0.4096930451048831,0.2919966795378577,0.2647081638839945,0.3141052043318872,0.3309078874264576
-0.022977188262859,0.318323303438654,0.2341606918123513,0.5965131180230179,0.484098807104979,0.4018917341943613,0.3418136131724608,0.3254876647766125,0.3246568821766888,0.4008384810898103,0.3308604448912367
-0.0030703013104942,0.3195826459290152,0.2378441977410025,0.498639942091452,0.5280169802835573,0.4608808563751174,0.4030439140220282,0.275524181293492,0.3857521048887085,0.378584958732677,0.2541343657920844
0.0083258359774489,0.3189782369994644,0.2504639544705983,0.4873592495056731,0.5421524262014021,0.5272963765092065,0.3820982878548692,0.2935037029373793,0.3084377892796947,0.3954424102147793,0.2319950940030231
0.0098849587548005,0.3301352361110588,0.2474180026099861,0.5127046757258511,0.5091207417246212,0.5333703693738264,0.3862520431384909,0.2568491070941485,0.2716109574867031,0.4146095000496109,0.2610567422859799
0.0074029382558044,0.2865468256741922,0.2519857027915048,0.5501974860318359,0.5401177510977728,0.5460440381542526,0.398546926098698,0.312291901069675,0.3693360999579909,0.409177933428059,0.2981978371767934
0.0215311540448495,0.2654763366970169,0.2542098693907685,0.5480250160881879,0.5466649970165935,0.5372085070811802,0.3749830057050317,0.2661840026297838,0.3654408245151395,0.384866074255178,0.3056174994231209
0.0262378287308382,0.2548505041726077,0.236648347387466,0.5468064241074887,0.4599371714363357,0.5497180493947011,0.2823488248594761,0.3347949804252265,0.3134560589791323,0.4165450251131309,0.3089740245854838
0.0034595179303709,0.2463615841668536,0.2661255285042895,0.4496596275273573,0.4677281348201144,0.5114517625244479,0.3176005089344362,0.335512922520549,0.2523551096381515,0.4293566574323991,0.2867207501581677
0.0094801212952512,0.2348514415183639,0.2658935870378576,0.5116985473823433,0.4839252986683102,0.5431900889158463,0.1655225053991382,0.2708912981847212,0.2956845341576441,0.3871525909948842,0.2877373757315885
0.0120226105596223,0.2065031976829123,0.3013876997380562,0.5015121332924002,0.4274963687373416,0.4408219323698606,0.234642217891612,0.308322922134424,0.374916054993779,0.3741111869628231,0.2914333502075573
-0.0140539062304216,0.2321769564238217,0.2229550139613902,0.5041866056257918,0.4349725248939821,0.4498620555150243,0.2959961747221274,0.3005021150158889,0.3326917466330304,0.3594057495188262,0.3371818490358139
0.0294847555048759,0.2295660134125656,0.2753422158668437,0.5424971353604691,0.4580516983264892,0.525272306204987,0.3341836041770403,0.3105110676843532,0.3564739194897227,0.413503250704485,0.3221582005121339
0.0280175873694541,0.2503547698064413,0.2825297736007748,0.6107091605457795,0.4926832673721028,0.539915922703043,0.3936340234493416,0.3034750303969484,0.3423811758331944,0.4245666309030214,0.303909275411743
0.0316569660441189,0.2584374605357696,0.2811546970600209,0.6192933403196708,0.4760950006843144,0.5517477436075813,0.3667120129117331,0.3421999914088207,0.3084893901020569,0.3985612576025255,0.3043454106496482
0.0426035149855439,0.2626394523565668,0.2904986528461992,0.5340570418766981,0.4886413098375801,0.5059494386300736,0.1571774115084936,0.243459536623825,0.3331171602272523,0.3153771167024767,0.2582097596634189
0.061143309462991,0.2533345017565273,0.2736840639844806,0.6017083694872392,0.4895654140447229,0.4773126046402763,0.2080470579189697,0.3353050267133641,0.2221060990991574,0.3293323068033419,0.3212454252295146
0.0451250154261411,0.2342177278007685,0.3420630704190212,0.5986828763130462,0.3965151419117187,0.5070180808224253,0.2712720079463016,0.2921879985736998,0.1902238213352743,0.3865242857221493,0.3536493089762805
0.0096448854131278,0.2016642037281881,0.3686748085781288,0.5534493499399448,0.382735390822938,0.4629737482870303,0.3251418626437931,0.3089546377732955,0.266768854691348,0.3685844994925056,0.3372738192506271
0.0292555296683638,0.2180223808139544,0.3825978421194938,0.585957949020476,0.4643465964865,0.5121469734762916,0.2745876958794576,0.3187997192463933,0.3349499899991031,0.4049857874612522,0.3043849810695195
0.046623939771723,0.2381014450271569,0.3704960181947245,0.4729402788852613,0.4707295328923819,0.4904980938691345,0.3002364889294633,0.290388992316731,0.2930845931746398,0.4262730494633717,0.3617960633283516
0.048838591535792,0.2128481203824529,0.2308980990476082,0.4832328913510985,0.4841744859442912,0.4937661681305164,0.3072972512806191,0.2714921746837517,0.3329993902398227,0.3830493900380761,0.3628406006819217
0.0682045882291771,0.2429196885226194,0.2717014782038859,0.5427539802061557,0.5472999854298075,0.5604784441941268,0.3074538886189014,0.32787518213655,0.3361714620276863,0.4017763175022276,0.2278464017545588
-0.0280105369672982,0.1468852380650176,0.3057772666350709,0.4993760871653294,0.3795478724333874,0.5693955593807237,0.3033189746694981,0.2568288922276138,0.234885161226029,0.4271016098261609,0.2536646011849557
0.0193833085178929,0.1872252567161959,0.3846568522846278,0.5176425656842231,0.424731534323906,0.5218244369165836,0.3235328205891332,0.2986737494733633,0.2514973656797488,0.3163038347712374,0.2568993784610011
0.0215043948038958,0.1862810071659629,0.2245111103587582,0.5340547021216344,0.4293007905235589,0.5525749616156493,0.3241249853449882,0.2858155323754818,0.2949094047443944,0.374369989922749,0.2986286692124272
0.0288490923524919,0.1731968126124668,0.2498755818855604,0.5566304185230213,0.48169880480434,0.5311528816478285,0.3268782946211324,0.3118946330680764,0.286313986047258,0.4069923900989413,0.2132491854324422
-0.0127132116415848,0.1587892227736939,0.3056581495141043,0.5604824396689905,0.5237023978228501,0.5628649844148059,0.3244908733833352,0.3601987516329764,0.2942091972114758,0.3426535371615664,0.1167379275002802
0.0077499215156341,0.1652137961480498,0.1812563489586953,0.5813147076524076,0.4675974786088473,0.5486879992066251,0.2062615579288083,0.3934017277019851,0.2791964348045884,0.3216133837542476,0.2084501015357905
0.022426227092365,0.1798013586204779,0.2033472302592891,0.5892533879279139,0.4981699037817211,0.3932430170528933,0.257603429127184,0.3377215744876074,0.3092671623668205,0.3299349012207413,0.1991872798228889
-0.0329936890234237,0.1361013526601373,0.2376164424422568,0.5347434129198125,0.5320108523822349,0.4312346363681413,0.304398625604414,0.2010019513175435,0.319387580122629,0.3621287611783447,0.2552111807929008
-0.0204613722331652,0.1461584896414974,0.15067982123375,0.5458581174411172,0.573781099938951,0.5208873120954203,0.3646826377739207,0.3290030090717341,0.1913163949537282,0.3250772234196164,0.2902770068039672
-0.0058968387938294,0.1619749913054949,0.1638981804227998,0.5931145405604045,0.5477367727500927,0.5217689314894749,0.2955366252297752,0.2811241757834689,0.2495492420740902,0.2377645235076086,0.2368485730175415
-0.0168109225827967,0.1710211726776233,0.1952498312077561,0.5287661412174761,0.431746164562623,0.5345805316475554,0.2940273408960399,0.3685323671087103,0.1833614381882468,0.3301835950197186,0.2732406055542584
0.0075080801571297,0.1563028789137368,0.1866712759897709,0.4773065053806287,0.4008404556961262,0.4872810547811538,0.2874409189004205,0.4022441319611006,0.2598619802443553,0.3641956397492792,0.2937732521571832
-0.0305516201815194,0.1773953967929702,0.2459445209726994,0.5558864439985179,0.4590954130821369,0.4996178603517815,0.3500928759774518,0.3646644243303089,0.2378450437774624,0.3971658628746413,0.336122183320343
-0.0273430964768775,0.1949633056916345,0.2797010343847929,0.565160269696645,0.4622248096271866,0.5382140805074581,0.2840784566718259,0.3296295202601358,0.2220471240121258,0.4321148995617142,0.2665409458232977
-0.0181675923978898,0.2008457788474467,0.3543578739403338,0.5410970009630516,0.3847386723693165,0.468638482519032,0.3256531842574601,0.2899075491690069,0.2804683086622548,0.4435933924242935,0.2845064042591134
-0.0210798472859707,0.231281684770664,0.3454769615194517,0.5440662387831063,0.4400354264059126,0.4721653670465039,0.4287834541988421,0.3031704215764272,0.2185375994200764,0.3710531653300419,0.2920520301997383
-0.0464869642963908,0.2684270330068684,0.3250089054000076,0.518966412467238,0.5203671403315205,0.4897332608935901,0.2518064418845315,0.3242518004080715,0.2315295526569274,0.4142846514515244,0.3012735126146342
-0.0326731957170306,0.2669102598596732,0.3394381577671748,0.5554754794655208,0.4189302761070573,0.5279776117675656,0.1923927913653261,0.3463524707666574,0.1820828796231161,0.4168956141431486,0.2697276382801781
-0.0282420537574186,0.2747957378530522,0.3351489284024357,0.586544865020509,0.4486169637851503,0.5478895400312149,0.2496744516687359,0.2915340923012133,0.2520845004660043,0.3918845587514567,0.3061744440768759
0.0059639547598762,0.1917285936966307,0.2887517401815963,0.4762384210328321,0.4795581754713064,0.3575770643774765,0.2814927911317181,0.3233680392587369,0.1710711788676832,0.2518985094188333,0.3306012888913751
-0.0011759340643203,0.2243839214056212,0.3203795184517051,0.5138810852102776,0.4768496957330159,0.4496824235561628,0.308105124706145,0.2951954725320498,0.2610227117863287,0.3219724108501023,0.2550438994969624
0.0123297134589945,0.2005172874483073,0.1759509928717843,0.4812276520802885,0.5132401636583956,0.3923950412811854,0.3796499612239744,0.3489562707166877,0.2451400636562946,0.3374877652593969,0.2779476834908575
-0.000269303067705,0.2093381483515972,0.2214342489189646,0.4582887192071732,0.5126590195147454,0.4309209313740297,0.2435112193037734,0.3976932846913248,0.1726238214275714,0.3692526585307654,0.3022051551531252
-0.0226702213415848,0.249022764284016,0.2586345633480988,0.4936649982271741,0.5355752169671566,0.4065638954191631,0.2786339554079631,0.3387574067585679,0.209730837260158,0.3734487160456403,0.2918927648052066
-0.0094707130318018,0.2523456580872994,0.2445594876607864,0.4362767572585806,0.5406033287693381,0.4625715815041095,0.2719444099983096,0.2400999377987295,0.1250239600980816,0.41115280452911,0.306509133217571
0.0255645330081707,0.2523944096091629,0.2200190087393258,0.4940358920221569,0.574912866362464,0.5117184944476632,0.3291577524790094,0.2911417066122453,0.2046855340302413,0.3712366294794018,0.3208333355282537
0.0224349950182606,0.1833855559736269,0.2145989011609237,0.5017221977084926,0.4635522126848421,0.485275489472027,0.3041058308995132,0.2997843256210885,0.2115799705260549,0.2751885574005903,0.2749956637357781
0.0290218975048781,0.2196155766057444,0.2483781073103356,0.5210195444571653,0.4364708350836678,0.494730536982006,0.3260236461037729,0.3046758432195739,0.2120292207728534,0.283890489537855,0.3026525183729572
0.0135754209227044,0.2381401785350164,0.1930602149455294,0.5219492842112348,0.4603549318657604,0.4790756006265419,0.3365153228502544,0.3292991157435583,0.22868516095869,0.3231064334130196,0.3484274572677817
0.0293815004366688,0.2201076468719152,0.2182349803355749,0.4196162059367915,0.38692622118422,0.4965021981853692,0.3591030012847822,0.2709385867972987,0.2353867728756907,0.3690664271769945,0.3462136167020341
-0.0008653554440011,0.263254530012525,0.2345909949913801,0.3162045437184581,0.4377122445155078,0.5065977006711231,0.282445791620666,0.1955159129913024,0.2722829303707229,0.2645224325463899,0.3528908471242432
-0.0003609890254791,0.2949741285368803,0.2520614818323774,0.3395118003735778,0.4997443775635288,0.4995724998421279,0.3323308928802639,0.2441439447887143,0.285299707573031,0.3435251700994817,0.3394718936995837
-0.0064493881707485,0.2846789033634526,0.2139143897907354,0.4343481754373924,0.4412705042047262,0.5248178656880149,0.3036646382064357,0.2157868620225635,0.2912275634888366,0.3699980640299293,0.3297768251032359
-0.0003704868828339,0.2621674722406078,0.2200353528879212,0.540464706803946,0.4453802317750271,0.4822585294400294,0.1863357825494075,0.2359737346171886,0.2958206406648083,0.3752480074240621,0.292691709981953
0.0013707783302252,0.2900720506848381,0.2558565218643159,0.4327388608838035,0.4289318493559971,0.5125842967792839,0.2540658248133218,0.2176802509190499,0.2903205952018297,0.3974412684438916,0.3146163064422238
-0.0052777586149424,0.2940038408927576,0.2335411663582785,0.4772508043734576,0.4512082965782416,0.516491875616248,0.2955210599183413,0.2115484896406488,0.2671225805070761,0.3498483055684958,0.2854008053989861
-0.0122334878081729,0.2116664777209912,0.1953504929074253,0.4056652358767973,0.4603584197442636,0.5182652206109143,0.3072465848092478,0.2137349332900012,0.2672480849132803,0.3598932554984888,0.2420280679850136
0.002156404597105,0.2524394092769492,0.2165116494202242,0.4595954243688059,0.500204739015877,0.5049678158067488,0.2291872029054167,0.2415588587733852,0.2164065802622897,0.369860471269153,0.3473235463694893
-0.0007584719596196,0.2871924904984662,0.2492014642594472,0.4603845741818358,0.4532700344316347,0.5439970489317734,0.2700225239939684,0.2469206771241865,0.2608054077978896,0.3614407310729532,0.3359949953809327
0.0066586710977169,0.2543829188190528,0.2258041172515457,0.491981431448571,0.4769101549986825,0.3745873962799085,0.2775456138439712,0.2655801895053482,0.1254174252426083,0.3647317484699614,0.341529874477717
-0.0061554071289116,0.1797093016324305,0.2105716021686875,0.4526151311398259,0.3605511126741993,0.4178543561322629,0.3253277094301723,0.1391142990056371,0.182990317305588,0.3143800363191384,0.2963316728149207
0.0066449991916178,0.2373231087728683,0.2274421073009447,0.5580284880213934,0.452249846348256,0.4073224658474537,0.2021996889842491,0.2234509800957631,0.2089436232193073,0.3754187893918888,0.3046285688676566
0.0619034548674122,0.2487023403987355,0.2704316900768675,0.5032474221756837,0.4837988064815984,0.4748986419187406,0.2172719973828018,0.2212104938140959,0.2301164844950408,0.3897725200764435,0.2288556739203673
0.0019401047045316,0.2576773893556413,0.2289506464936057,0.4630645516918146,0.4896451057182377,0.4945810963059378,0.3191780420230645,0.1741487636479247,0.2616734067370689,0.3627712535252815,0.2481407681674211
-0.0346573359860374,0.2122468635703726,0.23064784965845,0.297599935258148,0.4552268224619132,0.4685277009556592,0.2366558595546981,0.2099692834289333,0.3050610181447931,0.4069632560145453,0.1695942550810896
-0.0403028907138471,0.2285466328309075,0.2521487663924129,0.3191319759637522,0.4407939002131297,0.4870496220047452,0.3024246957526274,0.2708534430860424,0.310997888072493,0.4382959145397091,0.203401769257547
0.0119267925265076,0.2578645698078572,0.2311126352992603,0.4441441886187541,0.4611659121726471,0.4976024417348209,0.346656261310964,0.3231026190456643,0.1648196602880732,0.298772136716316,0.2886171446704781
0.004799950523044,0.2888702310631552,0.2117532466814869,0.3302363925739768,0.3504073063704832,0.5076438108749104,0.3224407515770096,0.305516233290459,0.2511592066143092,0.36154130159255,0.2969970196594167
-0.0227392830417742,0.1716497414910054,0.2209494023819218,0.3730016234496438,0.3732472803091167,0.5188535983020898,0.3268230786309669,0.3169222591484892,0.3098357022380735,0.3927046888685899,0.1850666080196893
-0.0420281010391965,0.1908665007849807,0.1924354210133142,0.3944181176014402,0.3963554061684979,0.5597311901401351,0.2989522623144052,0.3346852513214667,0.3197269758129915,0.3304799292097509,0.24580696507397
0.0078232663892813,0.2303480551469362,0.1715993724065479,0.4306071369717661,0.4085231255792632,0.5764155025933689,0.3523832529086762,0.248962660650626,0.3139798104081967,0.3089631074437308,0.2607669726457329
0.0079297248837464,0.2507436047259038,0.1847915249259104,0.50465082781338,0.4320462956507943,0.519384164316085,0.2226886259439668,0.2876865626751083,0.2843273478314088,0.2896260804133631,0.3100334579232878
0.0181806519653441,0.2982354246620354,0.240254120608989,0.4304527069672489,0.5240293656429171,0.50451257093929,0.2581914794427402,0.2390070712562068,0.2650316804436781,0.3445184439038262,0.3016516283941589
0.0202124154250771,0.2953080036049931,0.249787488432189,0.3107628852548569,0.3897973032104198,0.5261389461630535,0.2259268136474587,0.1551240508898435,0.2771513603977398,0.3053064319900416,0.325869191630782
-0.0031333443634338,0.2172758082913151,0.2220873566850956,0.3641251597036559,0.3359062354854814,0.3189390600599536,0.2738951308606777,0.13469232104493,0.2637915859661281,0.3086350599324264,0.2412315570050889
0.0322760665077906,0.292034384395797,0.1939034273798319,0.4361447386150986,0.4177473626187641,0.3983701809400559,0.3451428972716064,0.2310268704782294,0.2506374919165778,0.3539835578165864,0.3109657380820974
0.0316682612296578,0.2415736979536659,0.1741648845509668,0.3441809571750628,0.4369111425082687,0.4676443357165612,0.3184741128472775,0.2504898956032115,0.2665957999871674,0.3549823270702562,0.2381677453552047
0.0064947016006073,0.2295577150267515,0.2182977380298148,0.1286129449249538,0.3910363129806258,0.4730960795232093,0.288439932393727,0.2736498795815456,0.3111739896340045,0.2370171934044746,0.3015436328998251
0.0333676426616982,0.3004561474688483,0.2025143840566751,0.2238819250773009,0.4380534663589478,0.4764581521763831,0.2350977920614085,0.2796642445272237,0.3247372266108831,0.2963342721000576,0.3221494982629791
-0.0291645263505599,0.181776182790537,0.1786523017996895,0.2731856604814617,0.361421106453715,0.2698045254223015,0.204698412386549,0.2413402967500367,0.2420873388752923,0.2988376452963687,0.2806982977248103
0.0282884573030507,0.2284321182404079,0.1885904308622253,0.3091225854292263,0.3921294367528053,0.3418070400744576,0.3050096994612096,0.2043821552195812,0.2679471524699743,0.3280694344226467,0.2507797846399812
0.0355772408487902,0.2954109566037916,0.2062011561488787,0.3574289477935397,0.3922100321240936,0.4279811810228091,0.306454393358272,0.2338827662517511,0.3064248849699965,0.3647614004898926,0.3145352885167729
0.0798227860787983,0.2746701883722749,0.2723987147879572,0.360779533115167,0.4373510970657845,0.4743239668342609,0.3119129094392405,0.2621095561761176,0.2845975807303255,0.409501859541958,0.3109665921611823
0.1201855661136491,0.2968831168495159,0.2747016609225103,0.3004798550227489,0.4560895587038035,0.4306359947757808,0.3143097875795075,0.1990592748631764,0.3017872516725778,0.3898427654546618,0.2612006008820546
0.1410497871143325,0.2945903098134226,0.3138445966016941,0.3281691378431769,0.4488302734094055,0.4814158924304863,0.297617219647403,0.1869568752666645,0.1636034438015219,0.3839180616868345,0.303611205147982
0.1511434294731654,0.3018796354302581,0.322230430362458,0.3286321878732864,0.4891023037023554,0.488141011718198,0.2997570760584339,0.2527653156317878,0.2058938018193517,0.396707802569386,0.2142741281939734
0.0016109423987087,0.312348357362912,0.2724985046097389,0.3313589236411443,0.4060761825741626,0.4702656239314949,0.3532479520244351,0.2806467892923588,0.2526821686483342,0.3672414193815374,0.2682424886872289
0.0772433689862246,0.2940283838916774,0.2760766416757578,0.3289439255493954,0.4110031181921429,0.4559338320200211,0.3377523795377107,0.2530853757988088,0.2766329099278913,0.3598354974877379,0.2969108337723982
0.1078345833823305,0.2992820417748206,0.3020868515149967,0.4302953444560817,0.4304622278923934,0.5080822215615682,0.2717561758510552,0.2461034823274414,0.3243236132767358,0.3643005010154325,0.2858910409295952
0.1375525270605164,0.3060119535978611,0.3700421404612334,0.3959567066357977,0.4060585303900169,0.5199770672654038,0.2549466494458987,0.2352549895434604,0.3254737770811339,0.412305997028802,0.3444241947962927
0.0561530832493412,0.2360894785886619,0.2612694215453611,0.4481081089389352,0.2813482467790053,0.4409142212567874,0.2589884320846347,0.2128768024233452,0.3356765339149538,0.4564928048397685,0.2728449370944586
0.0534709156190185,0.2103452079006022,0.2249432634784635,0.487795315822397,0.2292435252770456,0.4288114557460299,0.2133174618920158,0.2447915775325441,0.3508526997424742,0.4011404073621735,0.3409570554762612
0.0259290579491712,0.2457513610778651,0.1969026194806345,0.4605142611508521,0.3108204036573653,0.445539964392488,0.2692114937432282,0.3457120685180091,0.203456895856161,0.3530213267720724,0.2181690341295005
-0.0001713546310769,0.2736241750703779,0.2345719848957994,0.498523752378968,0.3743812135626644,0.4874260010499318,0.2505106806455301,0.3052506118950018,0.2914659094420085,0.3898150526745524,0.2426347513316038
-0.0008186955593204,0.3066407400136603,0.2271146953878893,0.4659941493033234,0.4111278232659302,0.4070065547814233,0.2733927197113219,0.1966953149610012,0.3070804486674742,0.3804876513347225,0.2455405941189354
-0.0080073016147153,0.2745405727501094,0.1683302983662429,0.4437482069843243,0.5116398885574122,0.5179818069329742,0.3019560254996571,0.2707103859188892,0.2205189450098033,0.3845476355226659,0.3078596404933879
0.0252763640503197,0.2042517805831202,0.2282788246866625,0.5504436771339862,0.5367254309905624,0.5402845222106613,0.2705752251273793,0.3204843680053327,0.2859187578876032,0.4442215347014777,0.3219716017464378
0.0927547659006776,0.3241539028467866,0.3431871836127411,0.3875884494562216,0.42361330687355,0.5465251825594197,0.3126273699736587,0.3351666079789347,0.3151789716179812,0.4096745875799799,0.3371757869729289
