RSY_BPFO_0,RSY_BPFO_1,RSY_BPFO_2,RSY_BPFO_3,RSY_BPFO_4,RSY_BPFO_5,RSY_BPFO_6,RSY_BPFO_7,RSY_BPFO_8,RSY_BPFO_9,RSY_BPFO_10
1.0,1.0,1.0,1.0,1.0,1.0,1.0,1.0,1.0,1.0,1.0
0.2452343829691796,0.7297086875585356,0.5742010194162874,0.5418957799696447,0.6421828567726591,0.6695543420921637,0.4511532546661932,0.4145529385437579,0.4524343212220932,0.5391346892047426,0.6513630567434734
0.2327680597047049,0.5938964631281476,0.5966752145109239,0.4416112155086355,0.6341492041673792,0.5897216916539364,0.569947697479987,0.317519983125642,0.4189958924837615,0.4572355062751081,0.6333285504596176
0.1696036986769634,0.4802721603830306,0.4784054452906425,0.5350393542250163,0.6026474985388173,0.5753573839042003,0.6088776961606123,0.4772316453981801,0.3558951816929306,0.307114833405374,0.6981319340697694
0.172787375262596,0.5996231838358359,0.5344029571595073,0.5994821913273816,0.5702247757139458,0.577867766291075,0.5147529187856079,0.4237456445800595,0.4460861288958514,0.4631213647582393,0.6942782408640081
0.0681626117414971,0.557844216195781,0.6035373244266913,0.5022057276286541,0.485645048789678,0.5559473061130078,0.5046355199788407,0.3834099021985374,0.5569879189434935,0.3747939419497231,0.6719173334687536
0.0571959747417514,0.5079016306612125,0.484808325710003,0.5346113595024474,0.5940977999092207,0.6561252177191714,0.5609930068860424,0.4607163190655217,0.5869098809703646,0.338009521016256,0.7092764797412615
-0.0008843008016228,0.5406029838268552,0.4141131293764651,0.5302446886910999,0.4860988023114017,0.6120864178840156,0.5750789702891034,0.3868940821771079,0.4932574517387959,0.2995148288764128,0.6228712430886559
0.0381875758614347,0.5216178320725409,0.4803565633822422,0.589048759177017,0.4275481203352897,0.5701924404321845,0.5187147326322437,0.3959320193168305,0.3564589151185828,0.4575446780513525,0.6029577871739578
0.0141381135023838,0.4405961798813915,0.4315555272379076,0.4572171649154122,0.5875791340089951,0.5548557542788076,0.534097054259482,0.4549784368385346,0.3913333471233968,0.4312132244789236,0.6650185758713052
0.1318201190041185,0.5718777863124936,0.5689604065804955,0.4002907079608214,0.5222118747017198,0.7093568137458964,0.5889102861329473,0.4957855181787157,0.426291383523931,0.3033226571645615,0.6022959714471744
0.1305725482697448,0.4878522033667669,0.61901538228126,0.386942340657721,0.5423902214197874,0.7276271233838068,0.6316306440512921,0.4596101221056066,0.4503486341500291,0.3301754122493834,0.5738222884236732
-0.0112739298604348,0.5091533791700078,0.4988897354321212,0.4088947479872951,0.4133026633045045,0.609183393361607,0.5286865406949333,0.4015332858301118,0.4078905869658333,0.3842567288067153,0.6167246308522727
0.0506513044602333,0.4891968995765184,0.5064009745184073,0.4751210687217428,0.4627061678489828,0.5650713356930004,0.5611432833623986,0.42135904031842,0.4409998641474493,0.3449499364307632,0.5968408827572067
0.0198411611587269,0.4902301264242965,0.5184077458472621,0.4819968286473702,0.5170314311057205,0.5947877206367591,0.5619134676078261,0.3643567660837407,0.4138825629614472,0.3534970559583706,0.5911442993640377
0.100857967983716,0.4966176512185312,0.5136486507535247,0.4867829508549063,0.5275533003675714,0.5540547470423194,0.6086116966673715,0.4047744001764346,0.3197621251869311,0.3982058326673895,0.5807422492948943
0.1187966990636899,0.4927612501660413,0.5104738169442626,0.4081458916730854,0.5622558791025816,0.5718174548812538,0.5560394599240521,0.354831139024632,0.3610010508556632,0.3294340853543921,0.6270058111899836
0.1618489755980384,0.5474552315256389,0.4834837375757886,0.436200195828254,0.4670626664901812,0.5315281725777854,0.6053158577274607,0.4071886313572246,0.408319046152942,0.4034277235990137,0.5600093767507139
0.1794512419770798,0.4730645867365322,0.5526172118123157,0.4357826180643503,0.5187431965705721,0.5499362266955763,0.5780087240628089,0.350389182338826,0.2916702727521817,0.2767294612230419,0.61406948756489
0.0882467439065254,0.457536451855527,0.5889295645219117,0.4808098812573977,0.5192257459556451,0.570271730488434,0.5800936941546702,0.3999204854128125,0.3824539803710629,0.2754543680243793,0.6283478262077502
0.0249703885444186,0.4353923384823313,0.4993119000175927,0.5150959780629304,0.5203533521737862,0.6065245062946175,0.530164181785196,0.385474838168957,0.32989150141939,0.3309842282449402,0.5669324935911536
0.0842608810569165,0.5165509733261027,0.5376775564362175,0.3200443491832114,0.5403867692448443,0.5578057941364889,0.5304568030263208,0.324442277766275,0.4106629387965937,0.3255476810980673,0.6261192837553882
0.0923375782403748,0.5338850323449869,0.4771169195886651,0.3539496988473442,0.5343941176015813,0.5871225651446266,0.5429101648728147,0.3532971684924911,0.4610048507117988,0.2211749117127583,0.5495940135937385
0.0960235068060211,0.4327148478615718,0.504811200728857,0.4864832409418984,0.4953643437581722,0.6100365205495479,0.4852039557058624,0.3701358961718297,0.3468504128526029,0.2768019291331559,0.6079398905669271
0.0423133510100425,0.4782616653452038,0.5098756790487344,0.3888238040483612,0.5741203631156091,0.517194964870434,0.468615073588176,0.3852258023097101,0.3416778666590494,0.3256426580745012,0.5791398428630152
0.0452850105825281,0.4718976241292021,0.5377212967467253,0.464248292028433,0.4578203768329652,0.5362635399281315,0.5092663707162877,0.3436736770643568,0.4399747828632461,0.3398712818153964,0.62437239271972
0.1231389010903784,0.4901521114802563,0.559841861228651,0.4577100009466627,0.463595451713348,0.5839829122830775,0.4849211282508354,0.3290596405553603,0.3735741973555552,0.348642892304534,0.5925892309099899
0.1371052786743324,0.4078275061837303,0.6145303963892759,0.4783758614697027,0.5166776324855493,0.520068641319832,0.4973206011285034,0.3769001090241612,0.4199530001613445,0.3510236873953077,0.6048423906787925
0.087171593478532,0.4405624222333584,0.6222072744135413,0.5302565695968605,0.525520644941163,0.6142107369495968,0.5023253265124556,0.3939901277256485,0.425301921843605,0.3131918764973403,0.6421235792606912
0.1228631185252031,0.5214684881898699,0.4863656298491764,0.5071802885399075,0.4239072228183593,0.5232176359958876,0.5398151315363134,0.3143071315157897,0.4139130287500746,0.387314685918537,0.6460638825661266
0.0703391736546866,0.533441015238803,0.5081208324701945,0.4366174263647339,0.4559340747559292,0.5115569182079736,0.5417317788658825,0.3804524623103001,0.4342463528020593,0.3302353140546984,0.6467954216784633
0.1517163672298037,0.5451423761875963,0.537628618911207,0.4404642027958502,0.4833225244927945,0.5499370324017604,0.4822033360029724,0.3261380351556309,0.4566609080541,0.3575287216785748,0.6482743256606651
0.1081450550867727,0.4014325743474755,0.5712059754126962,0.3947728194936959,0.4965654841768655,0.5014363409224394,0.5247186790620225,0.3616616968291999,0.4161921917747679,0.3902527944655088,0.6486926486294509
0.1146080155835186,0.418186998331799,0.6116369437811069,0.2956807352755645,0.4985178187152556,0.5069817846893385,0.4746509890448203,0.4136096208335503,0.3477434796996982,0.3621517705206628,0.6224021617499643
0.0687724352064098,0.4571150223175819,0.5585211048211423,0.3299293673869021,0.5181559770496043,0.5039964540390413,0.5000934545957573,0.3131249943818469,0.3386646785966163,0.2940751656646744,0.6302569070789523
0.1262853708736546,0.5210346269333499,0.5348207602547995,0.3478371644913895,0.5287248719062566,0.528315220084467,0.5750681968716933,0.377684894096941,0.4408052090846439,0.3145352201516276,0.5705363245905856
0.0800283524331763,0.4588008497553019,0.567989666230154,0.4280124023567775,0.5449588064027704,0.4364632548451506,0.5072416281367007,0.3828803898122686,0.3810263992210924,0.32389660370376,0.6181506007408888
0.1237533450353089,0.5527854526463807,0.557948895586186,0.3353949372741512,0.5280978104274195,0.4697984160256141,0.5645151729912734,0.3774037614693165,0.415213718666532,0.3447854317112888,0.6039796564158004
0.0340057428001518,0.6204567957303371,0.5591363046789541,0.4514160627069709,0.5409865012605546,0.5209492988457876,0.5053195820777397,0.3668780850724263,0.4404014201189947,0.3567816505473606,0.6277814744424852
0.0648973746152296,0.451178219499237,0.4774960939465261,0.5303155790822286,0.5503876863355035,0.5744225399172191,0.5309876215220317,0.3987556610675659,0.3935186592067779,0.2353101565128597,0.6283607228479609
0.1045112408574749,0.4826350665848616,0.53653362782493,0.5219391699244738,0.4303509527743511,0.5931373529321367,0.5484528861757887,0.4220990636510053,0.463301110925268,0.3403125963819841,0.6425821308344777
0.140688831625598,0.4428882725594166,0.4963324448538198,0.3834805404680342,0.4362806947919321,0.5733293601576659,0.5300550722865263,0.4097195718456282,0.4354421208459418,0.3708048034615841,0.5715174548132288
0.1315279481165867,0.4662230929844189,0.5133312634610302,0.396448651341556,0.5187913856760448,0.4162199773454456,0.4470470396811184,0.3994660553287994,0.3072019565332683,0.3854591405371583,0.6158797137400682
0.0909859053015767,0.5199609762103719,0.5503208735757361,0.4298067793253884,0.5471559393466852,0.5077919150411964,0.4756693860848638,0.3801471677134799,0.360151319719276,0.3230841287128611,0.5058666710019492
0.1124525214912211,0.4599628062192858,0.5681697800283598,0.3725342254219829,0.4393224040468603,0.4567542727311513,0.565010619869846,0.3550151674948231,0.3470877744929594,0.3426801467380457,0.5917718910734198
-0.016567530109552,0.5272280595868514,0.5339621596944938,0.4395608544691082,0.4546731942521559,0.4448408633978289,0.4896743762654864,0.4366297084457466,0.4242943926541395,0.3485203717102899,0.6469748984323398
0.0339311303105239,0.5480850305515159,0.5613973577270462,0.4001949981438605,0.4747863872227402,0.5487259649366042,0.5082203751026239,0.3547323091960532,0.2792422649437783,0.4186197073354739,0.6754715787440252
0.0822742052937781,0.4994204104432783,0.5527285312124357,0.4351287749703139,0.5303569981190128,0.5847619942563351,0.53485542206881,0.4018078581491152,0.3970626578019043,0.4091052736325383,0.5947837107798124
0.0407309936605974,0.558707215066527,0.4121713917891575,0.4593340252998918,0.5677413825607364,0.5110374242106691,0.562894166386601,0.3399433497080339,0.3984804368336568,0.4159864405494035,0.6047342064817753
0.0382197921080776,0.442125862819826,0.4545341050177971,0.4726351518956072,0.4188255790464897,0.5230331497008511,0.4869217213946081,0.3767600744403965,0.4332142371568634,0.294368723693145,0.6528801377801959
0.0493749638083232,0.5038940230275073,0.4838313860286725,0.4804378909875146,0.4567843199209666,0.5418725409168119,0.3975764561000577,0.3054695887704178,0.4316122036165666,0.2470333766988561,0.6089842690389852
0.0855979114804537,0.5159081143079425,0.5355206644258141,0.4667141543570631,0.5235163956397357,0.5081453958702211,0.4812930894559965,0.3429403062750161,0.3301648907446107,0.3054920712431813,0.6535950746701058
0.0987230785218312,0.4663047938801261,0.5558626224184795,0.4385352109538594,0.5489651719718762,0.5246811391605679,0.5279318382302022,0.3714278681676576,0.417596324393916,0.3598320301529264,0.6742470966347887
0.1046311413631193,0.4880766633428186,0.5642665427234212,0.4585249934188842,0.517862532285613,0.5269015472270299,0.5385926159743368,0.3977427831753023,0.3374848282960316,0.3878322185191798,0.602484356321117
0.1562761833478737,0.4395958390862388,0.5800096170587444,0.4419488013203995,0.4428330839623021,0.5111233556436946,0.6027322761661267,0.3684437736134515,0.3336689978704037,0.3630464035727756,0.6515293917063918
0.0399467965922492,0.4965876091499181,0.5215807893565553,0.4545057176224022,0.460074194788262,0.5670277620129724,0.5630054737347646,0.4403642877928298,0.3843599018288292,0.3899224226255308,0.6400364635508001
0.0604390258336037,0.5388365888170178,0.5454677418513034,0.4160927802603807,0.4931870467630267,0.6046629246670503,0.52193047741399,0.4239031373805468,0.3468109366981007,0.3677429664387796,0.5742240780257724
0.0989833547277358,0.4991716802440384,0.5677396249361444,0.4398111730777315,0.5167198503081042,0.5540428111010633,0.5398973034493612,0.32590221200129,0.3743458695735353,0.3923166388633977,0.6225689150454353
0.1367907224267854,0.3988610334168513,0.5705390869254215,0.4489109114239977,0.4492925331353837,0.5603200879791457,0.4693342767622183,0.3361063954979369,0.4083047015122667,0.3495033409394993,0.6102731646338863
0.1146937783481522,0.4619575285480147,0.6097436922673332,0.4500628633677875,0.4652066151925505,0.5530355409299209,0.4521167820473128,0.394919059016744,0.4292219885417822,0.3006349198923371,0.6107340691312809
0.0879005859694355,0.5316088357150395,0.5184719904270156,0.4633107233849536,0.5237665549826116,0.5786292765040699,0.4967708018395649,0.4219469709639281,0.3743936386642108,0.3571945332998218,0.6175888260102754
0.1178842426720445,0.5211796346125536,0.5325797553044469,0.5155110271887324,0.5370722382143858,0.4139261754521196,0.5163739305407875,0.3948770402398927,0.4109470888568519,0.3757808694636017,0.5604747043639852
0.1264171410764662,0.5678722106515925,0.5709239356832092,0.4528447261261592,0.5591647877254236,0.481815628819388,0.5215241373469393,0.4209044891958644,0.4064330977467471,0.3806132360205032,0.5709638604226497
0.1207376212807454,0.5740706536651001,0.5819815149754511,0.4947699118346005,0.5326988889359855,0.5144025496475213,0.573728271115745,0.3955098768888728,0.4354804439855549,0.4046769439159779,0.582863965897128
0.0025684507553937,0.5945796353064849,0.4945471627403233,0.5071455257880155,0.4637607406260567,0.5436767581862274,0.4641792667649554,0.3199357284936916,0.403839888181857,0.4067171991060433,0.5924071380128191
0.005119190008778,0.6127026488646563,0.5155842537876025,0.5149331844553869,0.4704772311619074,0.5169987780849856,0.5283363146813566,0.3329910256019481,0.4182532517744247,0.3585265012523708,0.6315108005889112
0.0575226471073762,0.5994854988367042,0.5176472953690963,0.4553709318513442,0.4835500700838419,0.5267343679802253,0.5458676937497547,0.3526545225711163,0.2950802177568919,0.3634764712563963,0.623598140698399
0.1120750284247465,0.4859199833516118,0.505707949162737,0.4328515904988743,0.5523005353098096,0.5193815887997145,0.5167832231109482,0.3816869554412113,0.3228682272763805,0.3526433995598855,0.6251826787457362
0.1284054924652258,0.519327404949478,0.5734711057445314,0.4512209060816416,0.5988083285225997,0.4820593698848759,0.5137068178808089,0.4144252349223906,0.3127813578292047,0.3563514853896924,0.6587911403209477
0.1501206639727184,0.5555496485977018,0.5746384828739466,0.4905962077181172,0.5317328824565862,0.5485250454393484,0.5446119653846198,0.3743903870672139,0.4064557658788085,0.3941549576810079,0.6647898074370874
0.0415177861949273,0.581148307534241,0.5884430324747274,0.5004160096030874,0.5209894291545626,0.5346149433713275,0.5641630166619269,0.3992715382213784,0.4185299800084973,0.3856271400991242,0.6378811774236899
0.0652660497079082,0.5878588387814216,0.589442048714623,0.4108143868713194,0.5142333726396038,0.5640947853531963,0.5385946639709119,0.4255251314317982,0.3648602702986007,0.3303252342695333,0.6567135408005313
0.089016936929388,0.5366138749569045,0.4478278352078574,0.4396868073661343,0.544868466898272,0.5338792261600409,0.5388941867297496,0.3441567876938398,0.4075361180783753,0.4218886977650091,0.6517146379438815
0.1380034867090405,0.4865389259698534,0.5074122915095081,0.4139144154278475,0.561076739014037,0.5098090201649076,0.5467709868365866,0.3913109544297577,0.3924913565039543,0.3869675791674831,0.660258810160949
0.1105829935705527,0.5069797110950227,0.5528724298329337,0.4189131413394081,0.5288898475329618,0.5164717855193097,0.5643330392199661,0.2862319657663894,0.3645327540586647,0.3947602883937036,0.6688456382721848
0.1183858179848693,0.4029897998395332,0.5878208937769833,0.4303648796060018,0.5314586751616097,0.5729198554948807,0.5431287328872816,0.3835437609162991,0.3105236231280488,0.4092144455184364,0.6347049195042318
0.0620527984399652,0.4809399620306538,0.5276755881744855,0.4041699075893308,0.5336612823424454,0.4206271640634962,0.5099884448029993,0.3851213053150718,0.3899312446087523,0.2902559593196593,0.6051308023180653
0.0396346757336854,0.5244538017709173,0.5017710675020222,0.4324283761918076,0.5400709241690085,0.4328868865137552,0.5331385674715872,0.4028070783447016,0.4500527629116272,0.3385897837003485,0.5688211717124023
0.0603909353862905,0.5508769185649935,0.527079982148648,0.4486353815240977,0.513632968757845,0.4886969007065381,0.5158786324268951,0.4417263411275599,0.3981666771233816,0.403213553923388,0.6677160401851152
0.0195234580319473,0.5924467711374748,0.5320778800392931,0.4806475753791799,0.5333982525071677,0.4658184881713912,0.5342101253764489,0.3460369118478965,0.3642556693728446,0.4258936207425692,0.6265779708618319
0.0779501273206846,0.4489731197828601,0.5085669203236242,0.4212190324045206,0.5309456317300469,0.4980433222155199,0.5612632323977229,0.3637643399826678,0.3782076067079396,0.3996752891924348,0.6274274387983183
0.0851061268455447,0.462108553369269,0.4873364921521899,0.4503785928727979,0.5408005565190868,0.5042713893227251,0.5617996964860895,0.321485143395452,0.3664929776723528,0.3830798784606866,0.6373073368229889
0.0551774707238299,0.5550606204115036,0.5226811858363377,0.4743041043161917,0.5216089939642454,0.5058837383230276,0.522525549105813,0.3535097088042804,0.3617066798007684,0.4241366687486346,0.6387543513572358
0.059808295174209,0.5602292170215182,0.4669855892847124,0.3544769364850819,0.5333546024455185,0.5598566790157468,0.5438107456770951,0.3767506416535557,0.3870494858053986,0.4244766014776246,0.6620669816220351
0.0939940061665414,0.4823972813588973,0.5342802182558068,0.4282302943402165,0.4635359282633196,0.5873208423977795,0.5543869189938577,0.4181206297681198,0.3655181673778598,0.4056841621348487,0.6595804666605635
0.1342517370716206,0.5133736063596666,0.554887326138241,0.3963152673211798,0.4524420750618603,0.5111653540766478,0.6108374508178975,0.389456139048012,0.3933661466477643,0.3682264106062003,0.634765445384067
0.0008437007032162,0.3657736486743906,0.5358975816412301,0.4945596157266234,0.5044735387309296,0.4240061235843917,0.5744784722116327,0.4283498455231969,0.4468214370537172,0.4357615772517007,0.641399100250492
0.071237752614837,0.4074716276305856,0.5553627976751745,0.3570878047490349,0.4821379655365318,0.491064915166771,0.4908859999063881,0.4138115293729107,0.4273516130255819,0.3430269134377575,0.5468597823576363
0.1105453214413613,0.5096331827075001,0.5719500869439532,0.3945562077267122,0.5256456737797898,0.5210381038580798,0.5366520121295872,0.3443930030582536,0.3887167477957285,0.410333396855539,0.5855721027782197
0.0424242231566591,0.4543408734207766,0.5199556805648233,0.4239131082500033,0.5057212891372898,0.4562196087778198,0.563090140304911,0.3460974921237105,0.3958099806649182,0.336423222658159,0.630286978583044
0.0640340093041894,0.4547942602270168,0.5234686511010018,0.4885055145062366,0.5437693595953036,0.4746994088764604,0.554209665360415,0.3535136436644235,0.4446874185807096,0.3881784891018487,0.5894905537314061
0.1324034150327681,0.514571062004352,0.5213353840781055,0.5324753179329542,0.5457691517477994,0.5062713093081463,0.5636744891130947,0.3678623549748305,0.3344579105647033,0.4213043631509527,0.6504844253860647
0.1884120021320572,0.5750913236587154,0.544182685949422,0.4997738919565103,0.4880419197982771,0.5636157920502918,0.5285988818277747,0.4157663874511808,0.3307255110741985,0.412604984551067,0.6889920848122568
0.0476184432275878,0.5965118691862766,0.508148130199582,0.5120946481746806,0.5153519284408483,0.5499933653027745,0.5608352745922682,0.4522074459188976,0.2946801129184836,0.3562111258489407,0.6614228273744002
0.0411649525806752,0.5757649667096579,0.5546363466739201,0.4565273146248098,0.4958377364251873,0.4153627419527403,0.5626004188128029,0.358896017364797,0.3385294703246186,0.3675282730948546,0.5735532575393669
0.0874573700880005,0.4760391299111531,0.5815544328576272,0.4459350973930259,0.4570945300795712,0.4679771605029856,0.5759789541385345,0.3885784235533289,0.3870180018083476,0.428019280366134,0.5851388935733699
0.1684104586566218,0.5099472319918161,0.5286743192119753,0.4983669146750006,0.4703158460044383,0.4838359095214249,0.5451381813141934,0.4712111518733133,0.3973726344498297,0.3778333191056712,0.6445586419053515
0.1127901327139138,0.4156836297015891,0.5485184833855674,0.4672994574789938,0.521493022153131,0.4366427518143818,0.4963094938730208,0.4872258045139881,0.4503695182657909,0.442613304845381,0.5984808993872273
0.0789323613182179,0.4694971585624642,0.4674336749403265,0.4826193631572549,0.496253727649378,0.4962815999096217,0.550592004203782,0.4067007107268638,0.381999905858855,0.3437213037751631,0.5482969471129086
0.1642128260006755,0.518752456105247,0.4726785410471888,0.551039530595455,0.5120989092459586,0.4224768942891959,0.5638053415975861,0.3432755467766565,0.3674567801185597,0.3460463174069845,0.604462943696694
-0.0077161506752154,0.5395412135465236,0.5184589964154671,0.3945679466862392,0.4942651569026847,0.5042482384118934,0.582148281921405,0.3988300625080853,0.3917170980800586,0.3845883945240245,0.6511979774153771
-0.0911162807042351,0.4839525752313657,0.4744523750160392,0.4347591160078376,0.5189233754627772,0.5153995958670481,0.5869436425056183,0.4181747219175584,0.4183452049767976,0.4139968172432736,0.6546653281309769
0.0497999432504205,0.4954097027019617,0.5419997086458834,0.4600424622482538,0.3929645634792564,0.531394828545037,0.4979789277504696,0.4750520549375522,0.3819020255653355,0.4085811768978262,0.6546659898333861
0.1169045348295571,0.4920234662668542,0.5634318618175209,0.509583168368284,0.4248713515319051,0.550983115015264,0.4535628700247233,0.4143982235048838,0.4217206627428081,0.3701121542201331,0.645705765242886
0.1439489279764275,0.4969504960081717,0.5264006627081195,0.4158320771872414,0.4585976994879284,0.4461699299243982,0.4691953252602244,0.4102158075198037,0.4517929432331845,0.4275159957360883,0.6489183350907217
0.1553462446139593,0.4705140563292165,0.5746437340959525,0.4406588132762262,0.4811619623775089,0.5090754651919495,0.5343563304219665,0.4119144060331594,0.2618184424497206,0.3478828136315666,0.628786389103924
0.1629966665875854,0.4852547488086717,0.589404637468486,0.4598879051167427,0.560445643114962,0.5723217666485987,0.5813660580994511,0.4250142219040647,0.3931485052592005,0.2928534917830391,0.6660794231777766
0.0904453613717791,0.4003288909056222,0.5930886015096453,0.4856798301063173,0.4906580827746219,0.4448018719544421,0.4059141071842594,0.3889227074518798,0.3367264483480237,0.3972492170838599,0.5963678938971544
0.1866725346842503,0.4694596153567801,0.5509290432551768,0.5128762768217019,0.5575970752200677,0.4788419614506485,0.5063526801518514,0.4074886695822743,0.3845041804526167,0.2879243715839664,0.602805430537107
0.0144371652981933,0.4635974394024906,0.5857227498278555,0.5143186278124752,0.5638792686062251,0.5199371993990779,0.5612013261502915,0.4573076439549119,0.429207020389719,0.2901709217566462,0.6385895418647295
0.0727679094455938,0.4616248953027306,0.4220351965623701,0.5546584203263519,0.5582011480659378,0.4483102718160641,0.444695028533546,0.3749403729159294,0.4500102605169325,0.3913261481736366,0.6223321357279971
0.0971168465070981,0.4380301503009799,0.4604460674562721,0.3648739667158082,0.5642953588608263,0.4915622985058231,0.4569158686380453,0.3676208124881275,0.455719530557461,0.3490868839250443,0.6487401340533633
0.0337175681051469,0.4688475947371046,0.4996663757402326,0.4152994210874923,0.5760655160076176,0.5611851417330909,0.502354472220514,0.424836076276686,0.3574708593350058,0.3674070727666751,0.5931742985169673
0.0906675270448217,0.4868714590278728,0.5158330856427017,0.3538087064849706,0.4560600526858356,0.5815484279955678,0.528778279126109,0.3114941698777536,0.4206697527400448,0.3003708849267739,0.609916040077146
0.1108000394555455,0.409245738309865,0.542456304026966,0.360415603753149,0.4758501392937594,0.5377406063514603,0.553740355222573,0.3061944478773655,0.3951706074154227,0.3473094018363596,0.6026532446427039
0.0816381833203657,0.431554433132132,0.4926444427523679,0.4318408064631538,0.5338537373950409,0.5673755070077325,0.4916108554447296,0.31877548702154,0.4305235540351051,0.4423449666188706,0.6011268893684166
0.0361365582286722,0.4298989642895503,0.5522788859076684,0.4455068866731704,0.5246934555161419,0.5475550322949322,0.5236024180802474,0.3432812199916496,0.3713133297950848,0.4247667910840596,0.67312005501126
0.100550113709046,0.4865547052871016,0.5292856332182134,0.5161095008573025,0.514588758290012,0.4943357726562876,0.5692721553830484,0.4092734604692883,0.4430112891814842,0.4456152247137032,0.6599334414200869
0.1024288202223079,0.4586891364849079,0.5411908627751678,0.4823393401876867,0.5459620196135976,0.5742127681195589,0.5156424181336652,0.4419851178100724,0.4854329083684179,0.307901749122817,0.6724285810836662
0.0023876485528279,0.407382431993547,0.5214533117717608,0.4486160818699678,0.4230202189714488,0.4517599480198089,0.4346363737642057,0.3536062119855423,0.3649100845096676,0.3718934803408142,0.6345642669713274
0.0872066778102055,0.4553543925545649,0.4922776082206219,0.4120918749275644,0.4650188306328352,0.4858961391894919,0.4618208725973169,0.4124994604810544,0.4326312161828395,0.3496152230297664,0.6549265611494965
0.0959114482100298,0.4243422360056641,0.4542844326167858,0.4776705792617972,0.507188682929695,0.5527132108105299,0.5051525259084975,0.425142952953674,0.4480526312768934,0.3830572600898532,0.671366559250401
0.0837514465550047,0.4275661743735245,0.5062736597341138,0.4668557898498717,0.4776991909182918,0.5133933757873245,0.5038027254587993,0.4351107207321174,0.444640960740225,0.3424841543881151,0.6905743012720674
0.0175802326409274,0.4633164016294538,0.3606585046649098,0.5210287261726949,0.4983100831701093,0.5391935612007424,0.52186532505874,0.3570082240150694,0.454075957850923,0.3753686417383413,0.6542147275012877
0.0587461702448813,0.5094244275100251,0.460303749154563,0.4861933768851579,0.5218614301413071,0.5546887702762131,0.5024846811652629,0.3029709639741887,0.4309882754879147,0.4315429250587708,0.59806084149712
0.0687484357807107,0.5032665901501427,0.5126625769661046,0.5332877551602958,0.4106546395874277,0.465281586963057,0.5379135989954138,0.2935592621016449,0.4412461355656691,0.3699336176385407,0.6185418108414373
0.0869348340462069,0.5598217546065958,0.5528400336843949,0.5519039849306687,0.4572801993947966,0.5035691263167197,0.5540193506201967,0.3141223130425163,0.3827952599466337,0.3684920408707343,0.6233786317333863
0.1340798705440627,0.5599925857128618,0.6077724075716062,0.4725656378920898,0.4323151469472152,0.5082720560444192,0.5369777762968189,0.3468176551209574,0.4000577137842022,0.3837335527199174,0.6519205434341306
0.0566133388736989,0.5427844114193121,0.5343867590822268,0.4829478581065624,0.4888666872202234,0.5192513535387213,0.5567180570373851,0.3958514404473573,0.4464311139613838,0.3990620733785541,0.6265586653212606
0.0457021600487189,0.4978845237963014,0.4674161421143116,0.4941781120693314,0.5262322969418342,0.4880085864375948,0.527761317341421,0.4187435673611596,0.4195083648198953,0.3605467276867581,0.5890608191668313
0.0851399694305912,0.4501154948782498,0.480421215817346,0.4638969179524561,0.5218725024794556,0.4915971689930922,0.5505574267255093,0.3543087983428287,0.4548646237730784,0.4282949683855588,0.650249079211076
0.0823068494733789,0.462346255565575,0.5559385361202738,0.4675239896597724,0.5578132849931483,0.4745004691665125,0.5709261385245107,0.4239607852977729,0.4682725354106198,0.2782596198819101,0.6752336106915839
0.0641489692336343,0.4631247226507939,0.5864682071589276,0.4786804615864777,0.50185592625234,0.4950498622455879,0.5986366214344112,0.4267542404206279,0.4369649365014304,0.3657964662347362,0.6398700191392578
-0.0027752554966957,0.4848687459971834,0.5728596033794535,0.4938693038076378,0.4791062437564155,0.5060542582684096,0.5933344531442762,0.396456746093848,0.4540211404614609,0.2460879317714342,0.6184109019689995
0.1020297210760562,0.489673876469157,0.6015520252623068,0.4955739602715363,0.5181734038210449,0.4826116916640127,0.5645603628233196,0.4099923265012035,0.3472382764159422,0.3347587002001989,0.6580457599373328
0.138747166231307,0.5052446170047621,0.6053695997077377,0.5170786401780657,0.4960091002281958,0.5160439320401765,0.4958371356709294,0.4418117711603422,0.3633749893751347,0.3981656862086264,0.6988857011381573
0.092201883371026,0.518575805177719,0.4793665482459588,0.4420677411110201,0.529726921001049,0.4552072472223317,0.4587041647486436,0.3807101967877606,0.4117326353424638,0.4404288940637056,0.7175812746620347
0.1222460765877501,0.5091611734987586,0.45978572866439,0.3889390865195267,0.5088421921267879,0.4368715470782652,0.5168381190354348,0.3441193855974422,0.4202984651581214,0.309104194959801,0.7096310299124928
0.1311070764801095,0.4917822753806604,0.5535831329842366,0.3876914245914974,0.5057827307625987,0.4748978732652452,0.4293850280373946,0.3036189231259415,0.4995028967725891,0.3974465758075202,0.5914436403642568
0.1260389517646894,0.4530789383013498,0.5642558875023633,0.3937266662066034,0.5041232954846572,0.4973825396812651,0.4814102152350576,0.3483399794057212,0.4643524147580166,0.3058858821043428,0.6443661159531533
0.0270400487508304,0.4696589689428247,0.5576103420720224,0.4044103990454604,0.533635020680762,0.5293744080570386,0.4759771855813409,0.3531481387405011,0.4366129719347179,0.3110520348626905,0.5917699932892788
0.066817246852725,0.5208825152213006,0.5600491508974221,0.4404781924965981,0.5092304024555687,0.5363615888350106,0.514961924794483,0.3466369686924541,0.4055057400375189,0.3516956050914966,0.5113022431619955
0.0681212842324463,0.4934607234634949,0.5232826585666229,0.4428842168060056,0.5016245834635912,0.4829009287288981,0.5634234449366788,0.3745712589719339,0.2685251454105661,0.4072355580335145,0.5757709741825814
0.1231649383838061,0.4125990965043296,0.5404430670999376,0.4079421853441672,0.5050388805411243,0.5017471712747614,0.5368516255185709,0.3795015693945568,0.3335467541011772,0.3665292932849884,0.6331821976378746
0.059996561468416,0.4878420781739877,0.5430551637132766,0.4491349318736433,0.5157515681707328,0.4914484490332952,0.5465865702027112,0.3148776273395247,0.4098669062163745,0.3541865928966209,0.6873628615543682
0.0872244043392369,0.4984349663212579,0.5513000455731936,0.5046871975419619,0.5357435645772529,0.502900819584949,0.4957006422984928,0.3436060267262625,0.4390813874459531,0.4374578832650917,0.6551610372380189
0.0133435016013896,0.5000390307457508,0.5970915596476272,0.3710550932774413,0.5176352610297732,0.4732218138719831,0.5370824805991028,0.2910028797487731,0.3925698056501803,0.4146079427761519,0.7060296649192361
0.0643855427516822,0.5022031974960819,0.6059527873960195,0.4661720733056081,0.4271057411003683,0.4970591592524853,0.5570930185660252,0.3820575035329899,0.4134942136502316,0.3939273448281813,0.5110969775580251
0.0554588964746993,0.4354163768999725,0.5052975835988189,0.5162888022877882,0.4747536405353507,0.5157162348831832,0.5740830085977855,0.4034368740375335,0.4329659868852166,0.3364606152386258,0.6009775360712497
0.1107594056793258,0.4523956419761675,0.5487218688091176,0.4224023779778968,0.5057828548891725,0.5533300142063018,0.5124544669906703,0.3032917348177367,0.4631857612854514,0.3563146443449116,0.614051575853376
-0.0014971251636026,0.4601527991694866,0.5606010717558398,0.4810065641090636,0.4701402008350532,0.5722041139100206,0.5685946639982788,0.2703598936230211,0.5071719595734913,0.3633899441104551,0.6214585762675788
0.0212853527995234,0.4478621449317734,0.5492788561960601,0.483401293098939,0.4991078642262856,0.6014269087310067,0.4534723038040782,0.3553132627110144,0.4074592764822726,0.3457020732674361,0.6659932847626204
0.0915281299987745,0.5057109140004941,0.5070654237298046,0.4766342874634416,0.55010222409899,0.5026148709566826,0.5225881050196566,0.3263174438273945,0.4729114827792315,0.3554912676791666,0.5812276913014446
0.1238027876195177,0.4560217197895497,0.5274576458587015,0.4145999751284947,0.5046699940557386,0.5489286198674945,0.5443197392026671,0.2395438209991553,0.3800240729391073,0.4228203946286814,0.574481433254357
0.085447029365987,0.5049030325510707,0.4971662453478511,0.3612257346691452,0.3963415949440755,0.5595552643110736,0.524021193710694,0.3613531205015573,0.4025966819410461,0.4374127013759683,0.6304790708121351
0.0964823161140719,0.389805077203979,0.5318656519597607,0.4192233491700161,0.4597152171950024,0.4634151696121765,0.5502227204131172,0.4258088859741089,0.3617984641095798,0.3595954345817055,0.637920688802661
0.0965702891323024,0.4604571608157808,0.5171177408964668,0.4085447454644557,0.509029737798661,0.5108097523923222,0.5075193869732338,0.3529106122799742,0.3949437887529977,0.4230376942519456,0.6149971019300716
0.1489327051850251,0.4657142839436491,0.573959043941821,0.4555170205894034,0.5227009689819485,0.4865080683148223,0.5743193928212973,0.3693639021467455,0.3502744636638563,0.3869580728320749,0.6297887535651203
0.0915291165868901,0.4916533930621751,0.5711957613948171,0.4466798548527888,0.5273880830273248,0.4583146371939571,0.4985956483597223,0.359010443904018,0.3687801735627184,0.4191571848761812,0.601096436152519
0.1187827134087332,0.5088354123809291,0.5268564124907752,0.4985673309075251,0.5350342219816104,0.4854897261942026,0.5448758522570041,0.3719044267300515,0.3680221924779873,0.3670255678351599,0.6263682251486934
0.0164112462099492,0.5238455395809317,0.5257579775890414,0.5041838337312141,0.5382149421245428,0.5112658529662009,0.49354675688639,0.4172025884208195,0.4271803288744327,0.401176570065586,0.6316561182920513
0.1054016092008359,0.5439283192386744,0.5708546790873934,0.4610425414292005,0.5006580445589844,0.5009839642473625,0.5243833400147576,0.4261990496113105,0.4469267580080757,0.4266100656061406,0.674391442713554
0.1073396714665136,0.5601757004706877,0.5046214488409113,0.4288112244772566,0.5180202132655113,0.5088200802092098,0.5259568563628207,0.3380288503177235,0.3672584192795946,0.4554151392671427,0.6730895763014249
0.1072469083994113,0.5358808747035183,0.504280008256471,0.3384062538593789,0.5048348085709735,0.4730303559298594,0.5532264907288127,0.4228816727471215,0.4378106941909382,0.3602421111922658,0.6337832129220575
0.0989933281215882,0.5507610490096917,0.4774170426214136,0.4312048506822665,0.5331457118512746,0.4891331374778903,0.4979960086515478,0.3711639056449609,0.4557404251586379,0.3930005190927881,0.6089529796684429
0.0537740289019878,0.5538775960368116,0.5575046878724648,0.4915461472504632,0.4968491501453307,0.4684882586340795,0.5083247328272694,0.3457411993198243,0.4411987786552955,0.3319546868071824,0.6305922015806773
0.1290951499372856,0.5235155997113748,0.5486606775344257,0.4447956024911861,0.4996869556117359,0.4076181833117364,0.5267017372311859,0.3738418338321511,0.4568361170086241,0.3863279368467085,0.6289099996398673
0.0375053262145364,0.4703371973158438,0.4906776832265039,0.3924039626825647,0.4560674102338877,0.4177105243588017,0.5820196739115822,0.3676837080772872,0.4616067687933715,0.2898764516029972,0.6315533834293919
0.0775554609753283,0.4972082379470732,0.527059896126418,0.3980185815545414,0.5032558615912854,0.4213839256977583,0.5850428126078899,0.3982308144467418,0.4228414247028272,0.3441541013221703,0.6149569254979624
0.0981440910798651,0.520451782727889,0.5734985458118617,0.4026090195334487,0.4577323268350174,0.4334939948188383,0.5027368360494345,0.4122774859403589,0.4467399980850574,0.3985137587725681,0.6282739628760676
0.0287942928215007,0.5403562104328825,0.5599520739639391,0.4571908564017669,0.4803654656050786,0.4574936513528359,0.5508000941375566,0.3846293147929766,0.5206250817359199,0.4164118289369325,0.6322232267635534
0.0880339960888124,0.4963975182678449,0.4951370951714435,0.4095946372348951,0.48051050291169,0.4978752372137666,0.5378098105883026,0.3203661482756033,0.4109673026954606,0.4465782371415414,0.5912102153337406
-0.0055118616040206,0.4577369259007,0.5725509704546048,0.3407041416752776,0.5044701093014526,0.5288923592092067,0.4593701693445856,0.4006403958721354,0.4345761820404996,0.4091939434794645,0.6158272813578093
0.0508412440238018,0.5089216649113132,0.5104702634196373,0.4625048877619316,0.4904599456477175,0.4660819161577523,0.4875261369866585,0.4335292650597644,0.3992300848211396,0.3690028671127002,0.601909759262398
0.1020478738727594,0.5187630943957499,0.5536511795100516,0.4445513065177407,0.493518676383592,0.541857424589823,0.4990204918830367,0.3130509324812617,0.3418860796787698,0.2995546583306691,0.6156838519066429
0.1019806970354557,0.5259008800087719,0.5696286917354344,0.3600290717015478,0.5127589357423473,0.499768245174693,0.5082701621772936,0.3605876898590555,0.3385739271910818,0.3703970555876311,0.6553141081576814
0.1222568676042558,0.4877642226234875,0.4473601950551255,0.4047350198680487,0.5259614970944836,0.3594906312343851,0.5204857904443569,0.3678006394542611,0.4128505624523714,0.4170332137852406,0.6435216705041352
0.1225448150795031,0.5138807972546168,0.5056886002427092,0.4850809332562222,0.5371869913082106,0.5001937323295153,0.4683902121115341,0.3718589910788817,0.4367104652675167,0.3624771998551801,0.656468518258943
0.0508703991969669,0.4745480631139039,0.4670481034453509,0.5171319823584631,0.4789821242134427,0.5627319463602352,0.4765531090470705,0.3425558775969353,0.2998134303428703,0.372900391707967,0.6239227434968319
0.1103281355447136,0.4573522137200325,0.56853582838017,0.4047131636003477,0.513351494335213,0.5809629252518319,0.5148255464606686,0.3504339686652138,0.3741751520429555,0.3913116783954509,0.6317802229604748
0.1327218655550517,0.4104974686299472,0.5590172151007948,0.4799266154957451,0.5373384258703906,0.4628319068606988,0.492156515820016,0.3256787492913334,0.4420301208099411,0.3697130084102617,0.6306373750460147
0.0540299571711878,0.4021531380461635,0.5738631594309862,0.4902034161012915,0.5397538648565161,0.4666257341213293,0.4241808785189413,0.3730291829812461,0.4667231988374204,0.3278012381032282,0.5801562115292723
0.0461167016693433,0.4335580175472979,0.5174889538101786,0.4405114695050197,0.5466600197179188,0.5004718312680476,0.4722611773659425,0.3694222506230851,0.379341539235652,0.3080746550244246,0.6055834554472292
0.0341642022622552,0.4601805679347951,0.5533043511893061,0.4393554987135183,0.5687712319187717,0.519408034448884,0.477778945312177,0.3890140443098357,0.4331137277741127,0.3284319344740516,0.67573103945719
0.0333101547452016,0.4887671418624283,0.5650743028490293,0.4871861254629604,0.4541323366065653,0.5146284797110913,0.5228265635180758,0.4158547076347904,0.3207027829580067,0.4086089149806047,0.6895295973784132
0.0468408777039112,0.4929545508740114,0.566481478420866,0.5241499911064569,0.4525950551914347,0.4577653428430763,0.5292865522417836,0.3817788864557574,0.4043582816055814,0.4462393366411745,0.6390071606523064
-0.054963086999194,0.5071540192521277,0.4616004067933357,0.4862130553290199,0.4679096443165561,0.4820789652586517,0.4786206918540618,0.4150388265544341,0.4491391452236727,0.3928333814317498,0.6235611415692827
0.0421881756566247,0.5123787336069419,0.4746856674780417,0.434691377861676,0.4961140848844629,0.512519277601316,0.4732027335026436,0.3821144117823277,0.3200515760284988,0.3270264244500803,0.5903744177925372
0.0895452466696107,0.5403861612145329,0.5224634732667717,0.4866611489613676,0.4706721417032831,0.4796784782897958,0.3904811457335286,0.4185720512359758,0.3933177557536099,0.3742734258898731,0.6435937909754816
0.0926870080754445,0.5218675191744372,0.5003045220933136,0.5236365921819461,0.5297424719375439,0.4924214352698371,0.4882955276068345,0.4148216713903283,0.3479353881889124,0.4042060759033102,0.5824298784577159
0.0982818949818458,0.4681161089071685,0.5089567243336566,0.5390951449848684,0.5032564064266867,0.5400405027201751,0.5465223529660803,0.4351219203536991,0.3512267035444774,0.2875020760730931,0.5986647640891445
0.1227090378780551,0.5299469738701508,0.4788374099344885,0.5186467001550664,0.4677776577125376,0.4737070533473345,0.5316164425830581,0.4069128132461669,0.454116598634997,0.3914184990441457,0.6022707330246135
0.1339004142723572,0.5341273512417972,0.5383453382283904,0.5742570975081809,0.5458812873834468,0.5111207586999387,0.4951230669088667,0.4459382788638434,0.5107606854416186,0.2471285286124407,0.6200157635835037
0.0780613726472428,0.5193596306553051,0.5677000292191876,0.5188769577667096,0.4660707587162165,0.5320968851438036,0.4609923594724565,0.4577629132686681,0.3736293715643385,0.34241428558239,0.656884040198624
0.1135269975489762,0.5252153997955071,0.5818854554421526,0.4213495864005505,0.4746793975597179,0.5340208320565782,0.4373501004676827,0.3013594105788144,0.4384808971867677,0.379533166200075,0.6745856627202803
0.1395436416166329,0.4989272950483352,0.5944013085761208,0.4148039010883673,0.4443452479393768,0.5159593194895498,0.4906978590654358,0.389267557658994,0.4220935014374473,0.3770621929796353,0.6798439792922745
0.0963882485806099,0.5165735526400586,0.4852646450534457,0.3049455284256786,0.4487316245283077,0.4981730741544226,0.4257902288054688,0.4694435928109796,0.4925547758837757,0.3059950253279667,0.6858441857771815
0.079268781176944,0.5207320425219966,0.5200661670869353,0.3597433292810041,0.4433183429859494,0.4817645229023896,0.4216378123640621,0.4263470263210125,0.4959892367274092,0.3665112306731526,0.617018500999748
0.1058925040264746,0.4879813352658378,0.5468999867735209,0.4084098069915088,0.4987361744796577,0.5235527097219493,0.4552180331075185,0.3617834742415784,0.3819387584238137,0.3920960145339794,0.6411634545980849
0.0958310427596303,0.5482373514558946,0.5554276869523462,0.463868154328235,0.5029589762481729,0.5240025037793119,0.4952920084411526,0.4283648398882438,0.3189133491254799,0.4246165918591712,0.6827088798093455
0.0761254020847676,0.4799943672275282,0.5022977770973214,0.480971678809574,0.4289265656870888,0.4851751446123797,0.4979392994435698,0.4401430961319531,0.3793720376028212,0.3514463346912048,0.6059665877869422
0.1147343331938182,0.505621940873999,0.5482875190276852,0.3656028523396491,0.4541405060078179,0.503916535878366,0.5277043504386758,0.3867927219628261,0.4314103814015098,0.3803436276119664,0.6309354435849305
0.1141520640417915,0.5312306428407845,0.5766624283331772,0.4675989032870734,0.4625905610463016,0.4292519654336548,0.5422956293567643,0.4216416051925414,0.4578156851219046,0.3944367060962881,0.6238038982230171
0.0822591696968601,0.5395726170473125,0.5453348466411089,0.3794198705313068,0.509157138493397,0.493334945120761,0.5732049945025866,0.4551324825851492,0.3458020052544614,0.4191216786360235,0.6706780475624017
0.1093450461284089,0.542684427967973,0.559124165016843,0.441464176430359,0.4792383101958665,0.5097760218287514,0.4826871876760913,0.4092901119440085,0.4009174396195434,0.4510000410985321,0.5977272217393172
0.0603585988277476,0.5534570025963997,0.5201796877237436,0.3644737439070493,0.4764946804689433,0.4852281506985914,0.3462037402212518,0.4303484798509954,0.385628474225783,0.4774026663264404,0.6430472896198246
0.0737105236990326,0.5287795198459098,0.5670629423769027,0.4123470780034433,0.3963769282248518,0.4950020849601119,0.4123947548130312,0.3766230188050552,0.404948670283546,0.4007311537030008,0.6611153055107626
0.071076432955431,0.5116467463827957,0.4322981012898187,0.3655381451726484,0.4681155043482995,0.4929272900931207,0.4444303803926016,0.3976681801684184,0.4257203292468129,0.3460019257078734,0.6763938129898599
0.1339120010139732,0.5188464047462031,0.4858694027283583,0.4934750386702875,0.5461310448780266,0.4197649556263507,0.5365473675136553,0.2992817058862946,0.4798050325853494,0.3479998767826247,0.6958950370835333
0.0217718267024015,0.5190631362239273,0.549139606503097,0.489984349758971,0.5501867256864771,0.4235467312110363,0.5190004970788049,0.3920870576179137,0.3372847704295774,0.4297421843094084,0.6636312506740375
0.0506857876516212,0.5067796621009459,0.6169201846638588,0.4158817105713192,0.3672131505185826,0.4768776690693294,0.560132070337551,0.3270324957345517,0.3820343561410502,0.3885359456259779,0.6491140221367234
-0.0361949034590117,0.5399121822803523,0.5358850612304101,0.4530220723023628,0.4372393440738178,0.4930887951225954,0.5187287697708947,0.4036666978367829,0.4360521083377147,0.2869873997429633,0.6499340642429181
0.0213198117910801,0.5502109356659304,0.5600785085249507,0.4772381135847751,0.4807313644834519,0.5280810032754737,0.5122387646433215,0.385837468666401,0.4774257202405428,0.3452144917656646,0.6545807614192183
0.0669721307442557,0.4768010492034589,0.5918181237284595,0.3376178551238899,0.5110748512619157,0.4730965325047866,0.4914690074623877,0.4111452581979056,0.4948710014404948,0.3914995524486542,0.6806877182816102
0.0925406843181104,0.5210541058559527,0.5044995153108667,0.435310964620609,0.4594886522888736,0.4773559812352275,0.5048080709472283,0.4603127179603059,0.4111623098980591,0.4142898628571186,0.5116398073547155
0.016660939503865,0.4905740854068333,0.4140470915011141,0.4603017301188234,0.4855323665661325,0.5303633052477774,0.5727931074445314,0.3978632723914122,0.4323922448200509,0.4756435122424287,0.5347869496510955
0.0152852800978992,0.5026494658839671,0.4890412990778123,0.4913593110659541,0.5281448682526395,0.4534441131912041,0.5329872736831819,0.3287194643315508,0.420249763574501,0.3969292264207292,0.59361806776648
0.1048731292029258,0.5122643068466972,0.4876717898495281,0.4784698052838402,0.5199283276388722,0.4551383197517076,0.5158400417344162,0.3489452204491847,0.4227308987864349,0.3942870998886479,0.6218237137347131
0.1438603745083987,0.4807812816180017,0.566542333994946,0.4250011439590263,0.4907384545057572,0.4856196615844078,0.5431934888461434,0.4163788722848573,0.4551801846775355,0.4369810730743035,0.6562219703519288
0.1861641168383237,0.501472269699914,0.6136484796513457,0.3482308874701572,0.4848459130698726,0.4551284119397714,0.5186430836173421,0.367966270716259,0.4881763022023494,0.4706625236771999,0.6634006541806734
0.2213971541268533,0.5359157799339518,0.5942838730449037,0.4454575898846858,0.4980827580743312,0.3901394950015144,0.5211671574005436,0.4217048433303304,0.470560404631397,0.4112141901617093,0.6593159538612793
0.1001978483303029,0.5014441475666762,0.5386845289096185,0.4714681116556483,0.5034435045423735,0.4511699809501024,0.5726690040929893,0.4346498146825791,0.4663450226030267,0.4333669519594435,0.6081276943955471
0.0752086352904019,0.5186666774658749,0.6017468056899478,0.3368348344692687,0.497203471758306,0.5210443112189032,0.4695585995367269,0.4223616853209387,0.4808374663079974,0.4544100482300416,0.6344813808815472
-0.0114758099776627,0.506111216413696,0.5500998438102607,0.4462275289995485,0.5305659555611968,0.5212926923881411,0.505363155750898,0.307994067036101,0.3845668672551742,0.4717216524257416,0.6724823956434118
0.0585331028400865,0.4765401711737698,0.5946514191855703,0.452468543921628,0.5266619366473897,0.5415908722227156,0.438310411979001,0.3129834593381865,0.4569576249206625,0.4211342931673256,0.6920793301807351
0.1533310873250659,0.4801502656979608,0.577241559027104,0.5207521455551172,0.4541889713671469,0.4604696551397744,0.4819405493138492,0.3802172253917342,0.4416192886895459,0.4332348882344047,0.6095598274688186
0.153374336072475,0.4851884380030702,0.5700000345749812,0.5126831759708587,0.5320780067919808,0.5230695869494885,0.4630428032022214,0.4156808205534058,0.4521900299616624,0.4547080895834491,0.6539052112483368
0.061220160081962,0.453736420203112,0.5924580552805871,0.505733478980244,0.4641692740218168,0.4144916251174289,0.4977351135509946,0.3689203546687127,0.3817311054595931,0.424055086475696,0.6486447493091116
-0.0691581662970824,0.4864067512549923,0.5753918292619475,0.5339060104778628,0.5075950315150911,0.4532893758893535,0.5008228183152693,0.353620587629733,0.3430152729381341,0.4114487164044901,0.6409506567392462
0.0284225876350101,0.4597966789020181,0.6021045655047477,0.4465334263566619,0.4684128800664877,0.405436424434992,0.5269783928331673,0.3924114400720661,0.385318148383469,0.3262012423969932,0.643266564064993
-0.0028354815409154,0.516360924205,0.5710552625264677,0.4651841053816549,0.52293826206716,0.4303058565963593,0.5563986190313217,0.4086472328442836,0.3996717678118791,0.3530041719041363,0.6469239313499122
0.0606422524437313,0.4946022241412329,0.5547229100116269,0.5064832080212465,0.4575475969441769,0.5005147757294975,0.5877375987745013,0.3443679910930103,0.4283151611013263,0.3766803956839614,0.6697630120862702
0.0746583495469473,0.4236870630532969,0.5719719466861901,0.4985332153674162,0.4712128224630627,0.4992118716487849,0.4676977101960809,0.387679476006667,0.3939031047935179,0.447725724133678,0.6732392210882572
0.076408645208452,0.4275060424500181,0.5238545598865217,0.4491711130930906,0.578432269527208,0.5041770366250163,0.4778865377993394,0.4019700051891925,0.3992525276190101,0.3395409090312051,0.6410940370533255
-0.0819605058782561,0.4751835738173143,0.516625564069918,0.462363706638246,0.5031054228396287,0.4266971154576411,0.5458211121362295,0.4161554792737237,0.4025544220030905,0.3829547333119272,0.6391942233301561
0.0379372915097214,0.5140103941731942,0.5792048799451439,0.466757103590423,0.5166091295801358,0.449551230163265,0.5740732154405588,0.4297315617295201,0.4082819534361068,0.3118629508890201,0.648342110977103
0.1120105017739824,0.4778955871345361,0.5442827913012376,0.4727802815049428,0.5050176073874515,0.5250835271219059,0.5757058303977949,0.4459911376257651,0.3740481000612322,0.3800598110617108,0.6712190836684212
0.1152261303610473,0.4215064808683798,0.4457847578331161,0.5071986145543016,0.4919269103229923,0.5160629151623454,0.5652458178372339,0.4350406024987869,0.391257174563294,0.4019580855691006,0.6769027830748908
0.133204938727324,0.5085489662893271,0.558398628490879,0.4647039318090952,0.4184444236493335,0.4919110111520496,0.4274716205842884,0.2740480406844133,0.3824807975475784,0.4239083890809709,0.654567447134167
0.0511636053010602,0.5396048328737347,0.5276245936617875,0.4808383560777722,0.4558785811653939,0.4707988168724715,0.4578879957711801,0.3520834313159758,0.4511299653224754,0.4507943341029491,0.6662149845364759
0.0639277771799357,0.4872286361453856,0.4905042553517337,0.5611205695135765,0.4885576198222344,0.5193680425549844,0.5352238222081682,0.3654167719468428,0.4568426816415444,0.4512558705718036,0.6098861470099454
0.0517329181037519,0.5359373888014684,0.529556108983852,0.4091563428592468,0.5190925584444877,0.4773497519561685,0.4076674920057749,0.3271545662240299,0.4929683403452535,0.3030613774560385,0.5444783847054048
0.0643852451982842,0.5632459322440535,0.5371608783770769,0.451682953656501,0.5320732927809529,0.5458104287879945,0.4881389211759703,0.4192314181462857,0.4094035335305813,0.3239036044440918,0.5990211395807628
0.0832086173192837,0.5260296907115656,0.505519824934943,0.5208447730548058,0.4664274745032122,0.4239082814527198,0.5343608001338473,0.4354940748840954,0.3267853289816332,0.3556277387912205,0.617679615064881
0.0619623792465962,0.5137206429238141,0.5050885783270693,0.4764480097556432,0.5093370430061727,0.4496278616592246,0.5099481187696533,0.3867113827910121,0.4171773328946305,0.4049103798115924,0.6274741584243813
0.129761042243936,0.4514798416007273,0.5300491062791308,0.3762754518807679,0.5144620769685246,0.4696234028826404,0.5376282126707799,0.3892079472079834,0.4430480666385234,0.4418652457038822,0.6512151437702538
0.0283051365779641,0.4891820197399242,0.5030982974449001,0.4061855725314561,0.5348420887667776,0.4435913475249096,0.5640083369994175,0.3372007251237939,0.4680642044074075,0.3765428291281406,0.6652258197088345
0.0506605339113115,0.4722388501882456,0.5552234052444183,0.4516979651836343,0.4812691192429555,0.5282085424738938,0.4166258174191818,0.3991413685622909,0.4094640295511039,0.4217754250739509,0.5637064442737166
0.1091926876701669,0.5169234463098934,0.5621270060134116,0.4828504849982674,0.4273515109407879,0.4645322634767656,0.4866635503627443,0.3577639058616071,0.3631772228744466,0.4437218512826151,0.608595256498954
0.1049918537161508,0.4752883326635735,0.5115473145136621,0.3513880700566718,0.4994884425806777,0.4631463179291991,0.5048084941797566,0.4429367044857197,0.4156270024862381,0.4876479716037427,0.617210515791381
-0.0050309472110814,0.4378137502245783,0.5432419931465022,0.3232342609362588,0.524676793926287,0.4667484923248656,0.519081533960503,0.4089948394913165,0.4157154180330958,0.428581961767928,0.6339270024382655
0.0481202474760465,0.4724723581289721,0.4490159841667638,0.4083022310701981,0.4413126903326351,0.5068138330822104,0.5310315031955926,0.4706318993983535,0.3291210352043293,0.3644777281818025,0.6426258009517307
0.116356508503798,0.4943160629993038,0.4788600063238794,0.4383483554412647,0.4689509015988021,0.5620994188054176,0.4790196488318488,0.4885180568224568,0.3488262097498255,0.387719405149133,0.6492770512597708
0.0650410917941608,0.4767915971887839,0.540927871026436,0.4684378407234204,0.4636412276729874,0.528074740458151,0.5018624670013951,0.4310977156883616,0.4441333675666565,0.4186807507443362,0.6580127505705252
0.1058967015037221,0.5194982748014955,0.5497063927490621,0.4221111598242243,0.4946373025822,0.5312860156419724,0.5706407351634554,0.3543930525385738,0.3682079117026542,0.4051932844676276,0.6568761600941433
0.1385045538572796,0.4953530516067739,0.5245643811714215,0.4637655449400049,0.4781567691670212,0.5157268083239438,0.5173855242134126,0.3839270655589192,0.4468610771055467,0.4567923912204456,0.5424970234751297
0.0654378417167238,0.4726529912496817,0.4312555260721001,0.4558535936110589,0.4743281454950081,0.5393247596976797,0.534997411593584,0.3517069258568285,0.4068304612238876,0.4659539876609445,0.6077050569349898
0.0497927093026987,0.4380047919296431,0.5226590222231187,0.4956983582334435,0.5183452874173295,0.5115033457180559,0.5374711898670164,0.3683357210765576,0.3817538573963851,0.3822526415155454,0.6143266200089607
0.1436555805869207,0.4637219578485402,0.5511267996946854,0.473238611058906,0.480316642211305,0.4714200418270967,0.5171154846922652,0.3930136036473811,0.3843636607676499,0.3250048516526561,0.6333585776866428
0.0031819439327242,0.4752920818965446,0.5644356619728332,0.5407729157562681,0.5054121802990625,0.4989051958732491,0.5647528581724479,0.3421730369680762,0.3975406504219104,0.3713201270194495,0.6593971139484476
0.1123571289776361,0.4764640998376308,0.605779077231618,0.5131783663376738,0.5314339491745822,0.4800001156584438,0.563616068955899,0.374154865917232,0.3223249297217324,0.4386811414360191,0.6750876452650065
0.1254960500653704,0.4943743220652171,0.4486885144845968,0.519803238798977,0.5681882004935116,0.5091149622451484,0.4805096971695797,0.3432530629020244,0.3801848372012049,0.317288703707533,0.7079219551395891
0.0850752695911394,0.5111407268315995,0.5075056956971958,0.5126103794930623,0.4281082487400028,0.5093352399260267,0.5308348172142663,0.4296800724699331,0.392692233090194,0.3874002433433575,0.7102009628268083
0.031158527662463,0.551116133728011,0.5141789734816841,0.4231048911950382,0.408356091319189,0.5156452155315173,0.5382292372130646,0.4388836518015547,0.3655847595410023,0.4164450348372264,0.6493808326084133
0.0656201319893587,0.5251078328177313,0.5284328913756771,0.4494057228599871,0.4469031122189397,0.5468025211591934,0.541511293766201,0.351255253616817,0.4501514140430991,0.4178352240779693,0.5766504701458486
0.1142882510529435,0.557293659819211,0.4604268358324869,0.4643871270691736,0.4729593105808646,0.532680949295083,0.539694854120839,0.3855757442702068,0.3683240134507527,0.4183412874598988,0.6260369526012621
0.0922477113505949,0.5035181262999597,0.5008770657857637,0.4666190863525962,0.4896948200523419,0.3791966924177854,0.57192007018755,0.3893548924122803,0.4720056695612472,0.3679958880790178,0.6608463492190328
0.1466003040307316,0.3922022542754043,0.5253253107694417,0.448792273477859,0.516536114525975,0.4403696196372222,0.5286963884341573,0.3963170039086717,0.47983657760174,0.3940053981704489,0.6494543206343417
0.1902320120148654,0.4288856842367449,0.5748697419626779,0.4785888455539371,0.5194532118261828,0.5205906499016026,0.4761286344981413,0.4468468949379182,0.3532448714553369,0.3672956208457369,0.5726831226058781
0.0888935386955931,0.4909793104932607,0.4878653290906707,0.5110262344640747,0.5315564219534448,0.5423702128731842,0.5105204562179588,0.4862385140611739,0.4537151872042725,0.3921983730623214,0.6467207081319601
0.0998856322503249,0.5319180494162811,0.5229915164254217,0.4366113287538006,0.43416066248924,0.4088265886720892,0.5411427757221852,0.4253251210237166,0.4773673774311431,0.2625825240192695,0.6485818564424382
0.0224579805677161,0.5151116091402137,0.5030484297908108,0.4417481945853569,0.4816921310358763,0.4817599905984319,0.5502111376096817,0.2479893845197787,0.4489627543523607,0.365912416193267,0.6433654531658815
0.0700400737151443,0.5227883049335424,0.5348796024399689,0.448984387751507,0.5001218245325498,0.477966288389427,0.5725319243776621,0.3056362857097019,0.4457411863263543,0.4279271257918944,0.6506835286096616
-0.0184708716369469,0.4807934688759985,0.5630727035426013,0.4914833359160156,0.5285131655171442,0.5046439463386684,0.5616761215027171,0.4023298891700377,0.4694133489500498,0.4178165122433944,0.6473600391696559
-0.0014128503977054,0.4535560461626828,0.5524358866868121,0.5017899787508463,0.5413584635634072,0.5477335461398689,0.4739825068089123,0.4380921674839529,0.4354379387993048,0.4445918536897293,0.636612271357657
0.0305035280450762,0.4886068668109152,0.5032995840878566,0.4215510105171559,0.4983236656662348,0.5539587733973643,0.4729001602653201,0.4458134031732375,0.4549779759118224,0.4313860398012472,0.6887726162980838
0.0782875225601034,0.4550468401501548,0.5006202265932894,0.5268630113225714,0.5392192653361675,0.4143759096836198,0.4828373481066754,0.4763800478245697,0.3624195518350289,0.3356434790256795,0.6524980700567875
0.1151612303633898,0.4773756661302852,0.5409347353506696,0.5060728892164681,0.5513986140258933,0.4745446273179294,0.4842514065170723,0.3680365926794067,0.4197410198328876,0.4018180323678101,0.6469187410430701
0.1622956078513694,0.4956185359081397,0.5334419703368883,0.5521569409294591,0.5532632964672715,0.5067662973834295,0.5297721248784678,0.4124696369188214,0.3741026420706306,0.3900022348394414,0.6491075205623567
0.0278320576668365,0.443299204451675,0.5606283218521971,0.4672735096823827,0.4511328602551026,0.5732100189193654,0.5719654354827246,0.3030477679046544,0.4423071927927472,0.4279355407491704,0.6498337314846937
0.0421763642278846,0.4802482726603868,0.5765679344570551,0.5061276274511306,0.4664586532398616,0.5567415557357702,0.4952208154734451,0.3004865339811962,0.4552455299676481,0.3515472698167675,0.650490603973119
0.0683337729505801,0.4514480517114133,0.4546064906902464,0.4868822931474837,0.5281717665464968,0.5005147387544646,0.4976499570693575,0.3460907609451722,0.3534546887496701,0.3956594591932894,0.6629978626926538
0.0301376074052819,0.5044740396949289,0.5200769547711528,0.490170572511924,0.5267130866297091,0.5483767568231028,0.5309530831362582,0.3720504940246508,0.3914103653279389,0.4216575707627316,0.6725433440829435
0.0585389842378823,0.5249779230910466,0.523519730265615,0.4812557592100608,0.4527299195800086,0.4416234728257255,0.5814837124577132,0.3889711478501727,0.4112692523000334,0.374685987825751,0.6745811710993292
0.0850778942462747,0.4381941599173782,0.5532135548685557,0.4667522746998145,0.5233083421494265,0.4534497032629919,0.4544343248787361,0.3624678684679193,0.475029587971855,0.4261493834388456,0.6099632119779429
0.0852836528035168,0.4765158239669255,0.5404532789633634,0.483882754051653,0.5222472197916985,0.5203338687979842,0.486978393170449,0.3956736537928937,0.4815020074031551,0.3795634340551584,0.5406910776454794
0.1011267741493094,0.5380382571519036,0.4879256921922025,0.385959374854024,0.5335664955082263,0.5554691462437237,0.5181002567939663,0.3976046051186016,0.4592556687064125,0.3939174827866684,0.5713789616924185
0.0840457427714704,0.4391964568064584,0.4580223675091433,0.4376045217987703,0.4105155768129302,0.5267230147400518,0.537559153606163,0.4490301049495659,0.4048380269281168,0.3836356332298528,0.6047848848182013
0.0974892709594954,0.4451944048050115,0.4642399543194954,0.4670973166383948,0.4994811572553447,0.5619799422183817,0.5508814815934598,0.4161082539599802,0.3817013291995975,0.4022400061234691,0.64443627490186
0.109548631304164,0.466359567588087,0.5181794856619394,0.3475308759631392,0.5542825032620594,0.4629670657279467,0.4644762444996577,0.3813502373595335,0.4512805139177128,0.3925552432253423,0.663667039941449
0.0823838697131366,0.4264780536995085,0.5698550561308817,0.3934354824403291,0.5276548311941645,0.4700931932222435,0.4473875560615397,0.4027692422372704,0.3687228551348914,0.3961430289944057,0.6233969878158454
0.0466843986933074,0.4385724071388357,0.5703564510085317,0.4850711096734603,0.5573692791967442,0.4641800403002821,0.5294175755967389,0.4148164569096936,0.3786372127543074,0.3100361191296987,0.659555072672066
-0.0206144798039749,0.4435581909979734,0.4710664328423034,0.5018404592744645,0.507989936770303,0.4708492106408167,0.5706963879465582,0.4621440479069531,0.4113537519857427,0.3564469108831459,0.5966434119684375
0.0130452003277442,0.4575983050674255,0.4935318601291862,0.4857227585596043,0.5357834393307488,0.4594564057315506,0.5856991073811628,0.3507088416227364,0.4379128412825441,0.4141016312787668,0.6049238890863089
0.027986864201975,0.4934809215935669,0.5196908230190874,0.4223919162395337,0.4953401366127209,0.483437946618839,0.612054716988403,0.402956001239187,0.4857051797650831,0.4650659593947406,0.6377981651629293
0.0430714433199756,0.4506478860703072,0.5294345977657051,0.497270603361469,0.4922750436318656,0.4363840474168765,0.485381322615259,0.3996950548780327,0.4935354114689098,0.3329182235906571,0.653169228269743
0.001301613067004,0.4587465204449029,0.5193781491339169,0.5092890547680131,0.5419356673378155,0.373594678391804,0.5198885944769175,0.4328311141931614,0.3907005990402805,0.3330032614913376,0.6347882911082964
0.0662120125988232,0.4917071417564291,0.5360182975982679,0.5218741399156921,0.3795715012455011,0.4372848784143965,0.5066135606322484,0.3138029048790268,0.4043374559525412,0.3884439825739653,0.5707379162564327
0.0790543991401847,0.5197051519428763,0.5550139193437932,0.4467855796210567,0.4897900646028762,0.4992324116224371,0.5455477096306285,0.3832796835537742,0.4494475160088585,0.4111086449915695,0.5642819986788522
0.0428318077516634,0.5432215282343513,0.5518220406072898,0.5079310921064699,0.5381446351986549,0.4957469735776462,0.3792539982230206,0.3846663946526384,0.4499609130307542,0.4186637333399183,0.5951328962050673
0.0517958511537519,0.4293255117478978,0.4961933634984887,0.4421170036224721,0.4871813783003458,0.5046478446398475,0.4675022725494806,0.3655037651513679,0.4107202820812741,0.3774269467073308,0.599073051183266
0.0886301172241123,0.5015015186585893,0.5782180417333984,0.4638791520494041,0.4747854307506733,0.5125288198610282,0.5388382373461871,0.3745770056040379,0.4890434170393776,0.3952776069370808,0.5435178229307919
-0.0273914566058039,0.5003810201345184,0.5232488570168251,0.3860832702464327,0.4930130778695252,0.5442533874524824,0.557580932612003,0.3869479765881295,0.4911108142001378,0.4233982813768195,0.6098676704752812
0.0924086876626452,0.5321257315510798,0.5868464582586632,0.4665054082492302,0.4221422441044934,0.455120434144519,0.5778892320430276,0.3450214737715827,0.3448558352539733,0.4554351847270572,0.6020007069025626
0.1352020719637807,0.5120146944344567,0.5301563926338158,0.4720944792446762,0.4611190147064873,0.4206116803485244,0.5654821478013073,0.3460253423472064,0.3940674891508099,0.4318508079332014,0.6489150703362657
0.1630123295559593,0.4447869269459948,0.4932450703539053,0.5149398347568925,0.4851684166603566,0.4709889467541843,0.5975523408425927,0.3661464378296158,0.3740533530135278,0.4804078163758007,0.6596926371359708
0.059361466272842,0.4586790185525009,0.4175683351773697,0.456632825720013,0.4870083993988743,0.4526454144873378,0.5298394390256331,0.2791709721834701,0.3030076792816433,0.4626172326284011,0.6141976475777082
0.1463342516715841,0.4710674473362067,0.4865365403023537,0.4169824329470159,0.5365096720755019,0.5184447008919538,0.5618523102818622,0.3320726145142539,0.3758189983369919,0.4361599618998663,0.6646273974621921
0.0336828268320383,0.4975401760599152,0.5221099292162963,0.4846278759270767,0.3993602200781658,0.381860496310306,0.5052417376967157,0.3788186047830791,0.4104556485974119,0.4016391698378289,0.6690698043642406
0.0079445392532933,0.5175577926905043,0.571610748782541,0.4727376548358494,0.4407483230557544,0.398336321082047,0.5413855878062304,0.3813902394507316,0.4668721550739462,0.4144468060598529,0.6845210911169893
0.0968382942605644,0.5093136408575045,0.5547724310716666,0.5299835228084807,0.4042238152135867,0.4348719740445358,0.5413892137841461,0.3895414415093179,0.4869075645399537,0.4088881333785885,0.5504552536800094
0.120240723618663,0.4763949475940493,0.5405260552322373,0.4135597180802335,0.5191042064403285,0.4327013431884095,0.5575480712815879,0.3896643555468033,0.4423384847601969,0.4239834556242865,0.6249527689135541
0.1227747702387628,0.5380940591438674,0.5042762940742983,0.4703909129263519,0.3714929242819856,0.4381015515355532,0.5019961812523163,0.4706583373323033,0.4596874708714305,0.4608480458102859,0.6582941827305162
-0.007711598225178,0.4581097437442465,0.4307237523636082,0.5105753730804308,0.5119497931949822,0.4918517458576584,0.5189848934639384,0.3458097066009127,0.4680526150114616,0.4691512845236681,0.6173798424694212
0.0562518087787855,0.4786107959500578,0.4732257081066386,0.3926904226262594,0.4486738832526794,0.429895401213521,0.4917546018872976,0.3755199416926317,0.3833832196735745,0.4327204494135694,0.6843792581662695
0.0687519033469586,0.5060939724057971,0.5249287719493508,0.3413518486003851,0.4595272214784951,0.5091274452005075,0.3778310331234862,0.4201067925112816,0.4135555874919634,0.4508063435258796,0.7159642298650384
0.1191838350435895,0.4032366587359858,0.5449463044620835,0.4442764385013395,0.4277204262125935,0.521408617090974,0.4596390683423397,0.4020272958414049,0.4395965568921827,0.4579761785589002,0.693467831767643
-0.0024510799013303,0.4894742554996022,0.4725450643148831,0.5151131636507752,0.3742781394474425,0.4684924906341726,0.5353624908417948,0.4019172828141867,0.3641570784437677,0.3627581245321494,0.6527342658489133
0.0502143347686298,0.512371341144072,0.5464261555344502,0.4719362096079779,0.4776261317508614,0.4934928292818994,0.5327002463995741,0.3691738143829542,0.387278296216797,0.3715068212479221,0.6245853368868913
0.0773569131685673,0.5341792187397785,0.5148598100798552,0.3483600379269166,0.5456761716449452,0.505569613540869,0.5331086778590084,0.4420883773077493,0.4295719943959379,0.4053319665920529,0.6352779300229827
0.0735841935602138,0.5075005825853197,0.5767658777289056,0.397541778888169,0.5557397649327676,0.4588922272163382,0.5487864530713102,0.3201242054236686,0.3611069990584866,0.3928012330701099,0.6552351075743149
-0.0615264738323861,0.4103522576821704,0.4839830239453189,0.4505443190664901,0.4595720054940237,0.4344934226351156,0.5007484103137889,0.3971956786041247,0.4114395042557017,0.4102038859139345,0.6426623395574743
0.0222658147271287,0.4451478408627147,0.5831672755078117,0.3806288927089348,0.4980479188840867,0.4841578654033139,0.4489851451157242,0.4152774326010282,0.4959603650467898,0.3310328854450872,0.6697547196644779
0.0668176971267903,0.4101760806087314,0.5338844133028459,0.4473873358423942,0.5552025780369173,0.5144259010683265,0.4614880821093982,0.4317651997433537,0.4174593206444277,0.4028997422727969,0.6955878465385805
0.0474735906012891,0.4574040707108113,0.5554625688735944,0.4353973369924022,0.4897012872100261,0.5099876050676382,0.507843819732823,0.4084342150399273,0.455862947599609,0.4368194816736547,0.6473120031953825
0.0576422172138134,0.5091536173026615,0.4259750356242199,0.435247520257012,0.4325856851635584,0.4118437886593871,0.4049688301189985,0.4398199731518596,0.4331946565184763,0.4798405772172207,0.641759466091539
0.0992421605097018,0.5253063238902852,0.4869328037484216,0.4044336321094502,0.4766936995309078,0.4994456183900491,0.4273254108144406,0.41078988946789,0.4233808002945757,0.399290896721589,0.6722186873040923
0.0769061987296444,0.5719454490965399,0.5389866788024356,0.4532497670164335,0.4816551169165887,0.5056685034281663,0.4258567543188341,0.413679539917048,0.4534046722620592,0.4072640489005358,0.6207457920115129
0.0113288789594733,0.5491874286195146,0.4895065578518901,0.3364903851199089,0.5006585433203578,0.399943678041331,0.507231988085455,0.4175330648491829,0.411558336290277,0.3874398890450713,0.6558610938174123
0.0152170609671137,0.4998028875081564,0.54229554365358,0.4486507015713494,0.5630538886097005,0.3513806393733328,0.5290646389534095,0.4339219688034763,0.4397556325192504,0.3763818532737251,0.602358694492315
0.1164665067836567,0.507870012149414,0.5539375408184817,0.4967423939446395,0.4800613446799157,0.4025212775214993,0.5742978474931391,0.4441872957182604,0.4557564213324833,0.4138198447822374,0.6377000600125629
0.130727233579434,0.529416782277389,0.5556281405772097,0.4993606340000354,0.4467163795036001,0.4187765361914354,0.5285198763474974,0.3604757610394048,0.3229029307721158,0.3807321185348744,0.6485513064972178
0.0703987813150127,0.4666453634742218,0.4592101857253827,0.5323549506972112,0.4711053729375939,0.4659209141663249,0.5556570863771553,0.4093898324009635,0.3796916986098651,0.4152957516478368,0.702388342094927
0.109845907803599,0.4723855624407734,0.5151894681127617,0.4842691374967467,0.5059205187912361,0.4577815080269171,0.5747272494805914,0.33400773691462,0.4126529552462187,0.3859528304410352,0.7097262667753923
0.1080236686271101,0.514023577214987,0.5479696200684967,0.4596793657272328,0.5189584046006246,0.4979777286952708,0.5481770635902785,0.37345974911465,0.4117175043692196,0.3000746364117374,0.6196986503070383
0.0095697388054563,0.4445738684072515,0.4286225080924551,0.380906106598121,0.5196151664503962,0.38934924869226,0.5117419057496033,0.4259987248999456,0.4363668802906274,0.370258866246568,0.6380715134200019
0.0354088855005195,0.4396012788791711,0.4796366386478822,0.4135412394616685,0.4099784724687303,0.4616083181871526,0.5407651322909872,0.4174519782412617,0.4853034064969921,0.3796897010018796,0.6443152519008719
0.0279987577273131,0.4746845157990584,0.4568012545607652,0.4259376222628653,0.4276081839632002,0.4752320150031495,0.5452403812706246,0.3698717236973934,0.5105500636674345,0.3947219453539706,0.6201275593501263
0.0414882774148282,0.4993724022051881,0.4888118020564967,0.48927041469952,0.4585673136717798,0.486391510983481,0.51205497724236,0.378942054721744,0.5050844240379812,0.3709129793490988,0.6735988209873693
0.085039819345908,0.4522967830396303,0.4912583768419487,0.4662937686016462,0.472121757974878,0.495121645733433,0.5047588807587052,0.3770261663185024,0.4337608886120046,0.4226475745964146,0.7016231466374216
0.1205409939255434,0.4594881394554806,0.5038905981370243,0.4744867079065221,0.4838714133447568,0.4779712093572193,0.5620553758335781,0.3844460657752382,0.4940343472892458,0.4591205016331859,0.6918249446492754
0.041900254432938,0.4726080593913964,0.5274573058353275,0.5152414107575539,0.514685443475603,0.3663112907873605,0.4922932858501745,0.3781791971439496,0.468369900981566,0.4371747169954811,0.6182351670337627
0.057766065626629,0.4213553739274106,0.5499051060669999,0.5419586859732097,0.4777279956447032,0.389568636740887,0.5192973929594518,0.384368220944548,0.4827488884539221,0.4502446461147492,0.700300998487722
0.0879956698856896,0.4346609465289216,0.5493535955926571,0.4963667083890249,0.5361611946313313,0.4703281022147914,0.5351286154829844,0.4162366616214294,0.4523943525979573,0.3966773996151543,0.6262143657441961
0.0990499585420546,0.4726514789630443,0.5475010967413395,0.4774783622875831,0.4684901527699999,0.5191919557600153,0.5621753037049355,0.3265184905707168,0.4735074863220341,0.3540410547965336,0.6433039377559329
0.0838187196212075,0.4818710808350021,0.5068130419913355,0.4993786296833808,0.4878182530834075,0.5502247899365147,0.5520918154979823,0.3490871521188153,0.509138986751267,0.4230784213055311,0.6488951776987107
0.08812849701876,0.501871736014077,0.5660465275904065,0.5107674063251653,0.4898259553005318,0.5266978850155506,0.5280231854680169,0.3904364132131159,0.3597036880279155,0.3362395202893575,0.6260480234552135
0.1367826006413685,0.412861993113815,0.608562032297184,0.5175528478672886,0.4954907386040414,0.4050878504893178,0.5158117152427658,0.3714033252736678,0.4064590430535159,0.3738118131548723,0.6485782420799221
0.0594596940086643,0.4405709166339531,0.534703112552485,0.4733614787434143,0.4919666076210001,0.4721782414879253,0.5419393634059362,0.4033254735771771,0.4479444583412472,0.4244537602714739,0.675034736415918
-0.02888341000823,0.4625509607565746,0.4943212078179315,0.4743921268449113,0.4502402916357242,0.4870793572161174,0.5313217750340431,0.327582358490158,0.5010761427006069,0.4456675703917251,0.6830947113686887
0.0284074200010363,0.4773827368525939,0.5510590823350265,0.4900604611608657,0.4365241813559871,0.3991903247754084,0.4432985448302375,0.3492669474317873,0.3827935912119083,0.2493364563423049,0.6570649955220567
0.0765697234972151,0.4544933388143542,0.5713833760072455,0.287383925353096,0.4402272129670825,0.4174732170354578,0.4852052301524744,0.3165649800102126,0.3996773277933282,0.2813972585898229,0.6166254032644124
-0.0081920224826152,0.5097467156428889,0.5033790395812726,0.3896894295095499,0.4740346633965802,0.4892227414135294,0.4634714651507202,0.3249285501377791,0.4665588464526958,0.4047058320542523,0.6661592023875752
0.0774060020601766,0.4348493687635509,0.5412646096774917,0.4296048946688198,0.5190126582911548,0.5128491354668121,0.5050722789209401,0.4090696822210118,0.4686994754449246,0.382456626938095,0.6509003155125697
0.1112494548010251,0.465815047576494,0.489696167440646,0.4536328636950137,0.5898411031900574,0.4922730523518407,0.5342857675563848,0.3430381495107696,0.4914612810862492,0.4295833025013895,0.6558762892823461
0.0976770427109268,0.5142934630253186,0.5353169914895782,0.4460171197454517,0.5564064959844139,0.4824477334250084,0.5120706122107287,0.3847245322779375,0.4957064890209116,0.4130479168375631,0.5948751761024972
0.0348536255633679,0.4170627148055097,0.4630264886095602,0.4488310180853221,0.5304672493247531,0.5023299372521672,0.4843437267208423,0.3881855412492273,0.5019438217795942,0.3160628486508457,0.6230450443312189
0.0530856852908767,0.4540411657294871,0.4772928955836792,0.4887389781960283,0.4834848727084277,0.4587587944312247,0.5203031484041015,0.3927393850930034,0.486832578393761,0.3966850425277678,0.6560776651918451
0.0662826943252151,0.4577992560468356,0.518574199839137,0.436200825231029,0.4664781885782607,0.472513563413409,0.5145418576820414,0.3775210832244036,0.3648967248339195,0.3813885930588067,0.6091950057786769
0.1189388197156375,0.4804798825374041,0.5432113358128248,0.4947150654278418,0.5293480860593457,0.4958310568345645,0.5286854099978204,0.3873668750728979,0.4299095192963899,0.4134696675017373,0.6685994508510886
0.1253910774411041,0.4907092378137379,0.5503313042048185,0.5043089714525417,0.3972712212187456,0.4354263353775146,0.4849360292804996,0.4089286264131444,0.4757959262529692,0.4834856108684814,0.6161293206648142
0.1391410389662057,0.5358740501971172,0.4957871107335727,0.5076378017966261,0.4603652553125689,0.4869443035430417,0.4283440385755912,0.3762914424457557,0.5169319579835198,0.5286628738523019,0.5844708537182111
0.0361337346989899,0.379938135042607,0.5289112073644714,0.4134964320124152,0.4959638798472051,0.3838169711092652,0.5168199035689724,0.3942475170958632,0.4848048961170705,0.4494367968760619,0.5810404067040094
0.0585818632747642,0.438650339577784,0.5413103865259374,0.4885710097668149,0.3770182405541015,0.4204653864929334,0.5423872604115694,0.4098232352463945,0.399277492058638,0.5003692777026554,0.6474805257139153
0.0804568667066983,0.4627403357946934,0.5350987325388066,0.478426255277398,0.4236587302651644,0.3680721312317269,0.564151069536684,0.3989540929964326,0.4105244209575196,0.4439483002314098,0.6707729930745077
0.0867412934310701,0.4309772163749749,0.553193302141004,0.4009501437609709,0.4609855672680038,0.3697208484071728,0.4796364597938186,0.4320188437976632,0.4342343588726171,0.3455713012794098,0.595616096775277
0.0890282360690764,0.4667374557887939,0.5603977494702876,0.4628999894514688,0.4840495942955697,0.4407373354959252,0.5129940006158338,0.3554767175596173,0.2961228450531634,0.3576629036262503,0.6339407926458197
0.0238690934342994,0.4763280228595522,0.5623220260487998,0.5079755425534814,0.5295307527566768,0.4910507045192446,0.4465631509516555,0.3418754083707956,0.358941708091792,0.3644615172553066,0.6234898857533339
0.074725511544666,0.5344655906249993,0.5885174670529141,0.4113497843340548,0.5306077967049976,0.5178389405232905,0.4916647408635277,0.3510539898725686,0.4336377573179901,0.385173056443677,0.6587627309350479
0.0865372633620812,0.4893737337244893,0.5844656735798148,0.4361793584825127,0.5387198102523882,0.4366882411866062,0.5375960843952667,0.3526422028680406,0.4359542076846422,0.4140347186765925,0.6724819158824283
0.1329063924896035,0.4910411871707437,0.5129316318951018,0.4567873307311388,0.4740905633676026,0.4489083982640103,0.4784471736024839,0.3413602247148922,0.435459070268924,0.4592441851453984,0.6460722001053115
0.1472782071507592,0.4817821211639807,0.5803932547258814,0.4646761944570807,0.4759665256565909,0.3956483657717189,0.4684941991015233,0.3911983289047256,0.4219369253189906,0.46869362073684,0.6432338977079135
0.091905445782147,0.372741273458502,0.5761612365979144,0.4780279898260475,0.4815280929989773,0.462455555273272,0.4955538661319807,0.3757770192885381,0.4901089491028672,0.3894583455679601,0.6515010279290425
0.0190299031876656,0.4505478002826881,0.6082112537761429,0.4699954613548802,0.528996766742279,0.3846915183849883,0.5358307268465115,0.3156626880308333,0.5093572595176235,0.2843566912188406,0.6805362624738375
0.0534744889718733,0.5101329519102804,0.5940887895717857,0.4726551271241625,0.4415601480233882,0.4295740312316769,0.5516392818711939,0.3848235232041116,0.3175987937170042,0.3346045016325152,0.555376842460522
0.0552315034775884,0.506110366618073,0.4921025476560196,0.4753193866790565,0.4110164705799906,0.449336213057025,0.4933823343217173,0.4083847590453697,0.3653185446970593,0.3681324967352752,0.6047895199222049
0.1138387774287526,0.4366900149957702,0.433951414528989,0.3405017803898985,0.4658787492763626,0.4598006799163305,0.4898521040211109,0.3969587345858857,0.4395431951085304,0.3656979171300631,0.623118402706858
0.1086443284306458,0.4526807405129882,0.4886484796286554,0.3524637997045522,0.4588233781988347,0.5111911789795531,0.5307066925943037,0.3756691180538397,0.3972661516869589,0.3838838255808214,0.6387973749342352
0.08984914917272,0.4618600607088537,0.5206087145770705,0.4075489981969215,0.4547927986626005,0.518937884170958,0.509331861534796,0.4152049627580146,0.4054207179470135,0.3276010221832892,0.6724148244898074
0.0541593630089116,0.3857071806413275,0.4217195164599503,0.4607856374848261,0.4839916483813345,0.4280547117647795,0.5274655282541123,0.276789483621833,0.4456348550752212,0.3736855886942867,0.6854680081501342
0.0858339332985256,0.4382437024241117,0.4230950412105151,0.4127414760388164,0.5021592403800975,0.5105668097695542,0.5696626386682992,0.4161639502443099,0.4114843434438635,0.2540507969544732,0.5527818445731297
0.1238263345444664,0.3505418838040142,0.5148357504701623,0.4512895601377688,0.4687058264358015,0.4707768010044827,0.4931944620385345,0.3220764628881357,0.3521028144383014,0.3452155742891301,0.5718949699530634
0.1768009684091047,0.4668350043455405,0.5295983381646394,0.4447491573056367,0.5423820172401125,0.5069981883376178,0.5247178328251239,0.3744129231324055,0.4169531825303156,0.3788983489110353,0.5971190527239965
0.0637203269705336,0.5070157790994532,0.5824878840988821,0.4713584611973713,0.4719376242300021,0.4152082981381451,0.5103170562659736,0.3476251741056235,0.4690429217091066,0.3115483807349468,0.6039608822718409
0.0308566222403918,0.4473240727651469,0.5917683548087801,0.4909049180667404,0.5049232485970512,0.3965349135936813,0.5309003969594885,0.3619035618115207,0.387716843063257,0.3370849822805202,0.6127954228675883
0.0504106754198923,0.4651688353336123,0.6085526875468101,0.4344789346427501,0.5320859123128646,0.4497853039415688,0.4580241258601743,0.4003437892413135,0.4568342587553498,0.338450494302561,0.5156471781639244
0.0039681015209172,0.4795367325053017,0.5540656842392311,0.4201184644068288,0.4978320603608901,0.4942009800898935,0.5031985106902919,0.4124319272071165,0.4861325600986702,0.410538530446543,0.6037024856261117
0.033642777035785,0.5156403431219974,0.5141292317393751,0.4253692149999112,0.536478819949,0.5188398233472927,0.5235902281458891,0.3838945162003012,0.445908072080883,0.4373747624178567,0.5976457952021026
-0.0186611410403891,0.5101986639667798,0.5163258739730591,0.3854842287337009,0.4912435143599383,0.5325920673036212,0.5244676311254475,0.4129988945998221,0.5158289216326772,0.411803179589907,0.6171614320730647
0.0623609309835542,0.5195680307623809,0.5442691448883687,0.413321455902375,0.5315600602137136,0.3998370102750181,0.5378534686119546,0.4450511630199204,0.3973810937446907,0.4281838796685398,0.6392246465976129
-0.0048662857490204,0.5015345317980899,0.5866204150326382,0.436072730491139,0.4952249145105599,0.501786988243242,0.5504396451526097,0.4478239387616069,0.4748094147721788,0.2821858120347114,0.6513818166729429
0.0430181515875959,0.4588764616623808,0.5746832284732855,0.4152466758500208,0.5589852840432364,0.4529695325029628,0.4611455873127167,0.4349171362296865,0.4363287223431752,0.2851835215721139,0.617425426845447
0.0637754842792334,0.4664357116129506,0.4881851128572334,0.4558180217874088,0.4791597019111542,0.5012573674351442,0.4951753559166363,0.4187068165304318,0.4400612543824351,0.3479463648742518,0.6019354536319903
0.0173554718731051,0.4644478248340662,0.4935956240515493,0.4299052721890329,0.422261063252036,0.5357083359930997,0.4663341879632799,0.4035049013288122,0.4781418390637627,0.4124335367859265,0.6223632161802108
0.0593692222840306,0.4732861285761669,0.5760512585105153,0.4117870153894912,0.4560543618801344,0.5383226950337259,0.5209831409039161,0.3454796145048356,0.4846617885195063,0.3274740902467804,0.6028422539423851
0.0880041487248122,0.44029797212014,0.4089257872328997,0.4018024022598369,0.4799420655980295,0.4030897664870738,0.556623738197988,0.3629755157217673,0.4642495608403607,0.3486222267705212,0.5775714367195822
0.030003561003896,0.458292519164644,0.4894781777198271,0.4334276677002844,0.5171443386042269,0.443168011376017,0.5952133928431517,0.392939945061285,0.4692853100315229,0.3748999866595726,0.6283214117067593
0.0842456642969439,0.484354740751763,0.4481216801945817,0.4095597052741605,0.5023110959420273,0.3940145382972259,0.498354553023991,0.337302549440086,0.4926543157499016,0.398832752805245,0.6864857239285496
0.1099796537865618,0.4859085777438796,0.5053702624397838,0.4154502214059928,0.4790456694331801,0.4205273884028784,0.5054370017271158,0.2570773411992528,0.4205626618793235,0.3826852648558061,0.6323924361050037
-0.0145879567687631,0.4932501521933039,0.4349271882621299,0.4295468065567157,0.4942286279927409,0.4386297771562254,0.5312004748497521,0.3294791491646341,0.4503183611128635,0.4343252073853803,0.6611309981938023
0.0968293699150963,0.5023600415788362,0.4802357302412536,0.4670476766575797,0.3708042672011571,0.4538748536645551,0.5205230126410972,0.3419403288551186,0.4901548978827879,0.4430390021190857,0.640854538599399
0.0850103338845745,0.4963828622911096,0.5287727032754515,0.3923627422809598,0.453447541602056,0.3870908875423742,0.5403624745993533,0.4382236903581366,0.4190131241528602,0.4406056831192782,0.6585806645883583
0.0647715573384447,0.4569221529533711,0.5485444765913986,0.4106427831319169,0.4644019303803287,0.4921221841388186,0.5151161257075006,0.4670254288709764,0.3811769794705612,0.3833405937060252,0.630927110797428
0.0153459567186396,0.4745982945399712,0.5611643347325734,0.4042254607876888,0.4716040833405447,0.546778047969648,0.4728068526979802,0.4981034749689533,0.4269113144213754,0.4233506238999467,0.6702799583458345
0.1163923512838533,0.4893545867066807,0.5993971225710404,0.3889597347645286,0.4054670737362998,0.3970156452474623,0.5101475265180652,0.3606076796439669,0.4781279179552911,0.3125439759335645,0.6715130750999447
0.08492752234172,0.5490699650261952,0.6077337641612702,0.4158608649483417,0.4277519314568879,0.4839579598745928,0.5229123998289729,0.4164309335330544,0.3611420927591107,0.3987332479241818,0.6820831243661891
0.1258212483043266,0.4404280194158779,0.5737899599342301,0.4623822110414244,0.4865500767796973,0.4746195761945931,0.535640045997845,0.4181314778591111,0.3590330096313792,0.420502043172225,0.6811923932884323
0.0096544280596915,0.4885078306250616,0.5204694656526939,0.4373777106131792,0.5013874156169087,0.5192121015154656,0.5434391461802304,0.3860929317452682,0.3935361708303202,0.3809471128117248,0.6559554415144618
-0.0267990617154425,0.3307906595899806,0.5242206908709857,0.3917998322322168,0.4713936219036814,0.523925576345723,0.4765317582424608,0.3258773459352686,0.4192449990474047,0.4224051874064628,0.6469388201012265
0.0302059374713295,0.406285177548027,0.4788314012161065,0.4846362063934728,0.5203652304892696,0.4515521900383369,0.4999115531101484,0.3551883317209402,0.4320417056735305,0.4318593287810159,0.6460884402006435
0.0897465682873991,0.441759879780091,0.5232210520289158,0.4591057560126327,0.4580807640179779,0.4701046652744794,0.541951895059325,0.4290622137653584,0.4321672248670011,0.4012150346543249,0.653220085324275
0.1086149232878678,0.3836442958709782,0.5161625173656761,0.4167783387277864,0.5008734825007555,0.4024191418151955,0.4940956856251778,0.4043929209840647,0.4380999684734001,0.4100580396581381,0.6122798170097061
0.1216596120341378,0.3983922458441074,0.6271147385473056,0.4446084821192194,0.4829839147428523,0.4722382619418059,0.5327547353388107,0.3379970001640142,0.485003143840559,0.4616051726667269,0.6593452113789271
0.138402837479131,0.4908095350838206,0.4671879225635361,0.487565693747192,0.4841459424004863,0.4687705616938489,0.5385439088767254,0.3377863228626903,0.3609874590795209,0.3778719081436325,0.6414951838753629
0.0364609965429958,0.5199364456264259,0.5031096055367281,0.44741650384449,0.4765576740760579,0.4889958241182935,0.5340143535069047,0.3883482801230236,0.3539181650753309,0.3932804797925145,0.6137198501439899
0.1769861471305333,0.5274180936926394,0.551194942904331,0.421024682598309,0.485680712746502,0.4688530188058952,0.536949978132157,0.3695500340440529,0.4569983795632591,0.3285584451282124,0.6420844132024746
0.0593340258440663,0.5311257716852051,0.5842384832567347,0.382747357667466,0.5123337751974055,0.4735522997170083,0.5108541282809839,0.3796651247305871,0.4223477691827511,0.3669676465072886,0.6846760663063924
0.0677619930007259,0.4586994934395095,0.5605428520292325,0.467111496037292,0.5636282338378042,0.4538103387832166,0.4752964690149884,0.3990812854008482,0.4118469817371361,0.3874559532457807,0.6709863278722284
-0.0660511528534975,0.3342646291047774,0.3716630348590612,0.4185385873582926,0.4859845191284788,0.4859795743558817,0.5284063360868634,0.3609926230460063,0.4285301996439196,0.4546240258153767,0.6915412342218915
-0.029460570838324,0.3667831728515638,0.4938704689645049,0.4802742355318475,0.4630333138319702,0.3748187534389028,0.4942738419532171,0.3902924652251396,0.4578068198407693,0.4582191863125507,0.6642628945148128
0.079411663378441,0.4563318711798054,0.4744158608779373,0.5062154931856436,0.4182720940951017,0.4236648479706469,0.5160824845065559,0.3540032918963886,0.4310813098046315,0.4018654685036389,0.6723815580028714
0.084610407823768,0.4419553791225632,0.5121631058233851,0.4932789637772317,0.4888405308210508,0.4456885240354398,0.5116301725359879,0.4161632591097249,0.4713655744010836,0.4507145527330234,0.6076933890860801
0.0069527784546174,0.4775910698444653,0.5522074101617738,0.3697535465109305,0.5135463341612354,0.5037192054587584,0.5282200218557841,0.4306306493164328,0.4973919537344302,0.4695566242422304,0.6074562691809354
0.0424924865208409,0.4865504821060393,0.5957840322268386,0.3251581046909751,0.4842582033052203,0.4995673441751739,0.4011749726546102,0.5019633288366224,0.4461108059048554,0.395574925006441,0.6355863563858626
0.0556364657353418,0.459396446111589,0.4752680771231709,0.3581069730262821,0.4620089548280308,0.3861308839179345,0.5293516436823384,0.4905585734634087,0.3196864849449226,0.4584999094489667,0.6537550984701058
0.0805168027590365,0.4765395804235761,0.5315994467732235,0.419947548704065,0.5454750124852492,0.402822766144551,0.5395363752602629,0.4924002078194373,0.3786255730901492,0.4078887937192817,0.6323052339281867
-0.0589732619823689,0.5327242462805438,0.4728871477486295,0.4917618303198385,0.544382566341068,0.5122476546607749,0.4816287519521706,0.3688891726801478,0.3578803228391157,0.4356050010349358,0.6737967275251062
0.0323704784524278,0.4064956628290994,0.5373541070882831,0.4945550945509949,0.5210607739195205,0.5407587984374223,0.5161648320543986,0.3923424452128374,0.4134988238422493,0.4155589193473462,0.720806906901496
0.0427844001496759,0.4632432839778332,0.587901796140611,0.503587914003051,0.4864166233766051,0.4903167861099531,0.5603206229287753,0.409104479610622,0.4118712793789462,0.3520368077367075,0.6420493680161238
0.0795839072218919,0.3804073840491446,0.4535701406110585,0.3375392806628681,0.4758096336698095,0.4524280313722717,0.4563008755093805,0.4123873825597011,0.43536566300321,0.3989256117753882,0.5820260111046945
0.1389451607420502,0.4375087411290481,0.5228730424756988,0.4172268631217433,0.505445108802244,0.4926390289678951,0.4887513627688127,0.2788083777749725,0.4390967666485575,0.3667839152300468,0.6616694972636461
0.1089546302343681,0.3725377707027452,0.4732297925437609,0.3790117793954694,0.5338789104654287,0.4553268337051269,0.5116301380590101,0.3078976773580902,0.4834233586203045,0.3953938387566095,0.6957947385745548
0.1419892917959542,0.4331749055986932,0.5394638941531528,0.3897175547785106,0.5422917065114434,0.4503065316514814,0.5357611172289277,0.3566567439626282,0.3567563737415362,0.4369559753286921,0.6676776589884195
0.087716342238951,0.4505906576606192,0.5706579204584854,0.430258053233218,0.4971651719811004,0.4436283137821752,0.5750561832984007,0.3827869358405479,0.421151925952388,0.3934047597253227,0.7032374895396898
0.0352356677614309,0.4648316321006897,0.5547168094112651,0.4466939621295523,0.4938578662081948,0.4791609042338,0.4079029716050565,0.4007201793263364,0.335510316629566,0.4674645227889007,0.654391366823634
0.0373917508082658,0.4178246277169343,0.5548029175374223,0.4417296440764003,0.4556106419583708,0.4080642874122251,0.4543632676273415,0.4049212514356089,0.3810523768204981,0.4530771997278043,0.6571120289567233
0.0669067224453856,0.4869282016353113,0.5510707330871861,0.4794092884904656,0.4595717679489155,0.4115863458347364,0.4435185488801588,0.4394445138550166,0.4547190788879532,0.4624350140407091,0.641614680266226
0.0872926824628684,0.4694334064653598,0.5790622353177024,0.498125900444901,0.5222382354250212,0.4172550199695563,0.4592989590129163,0.4264397463696233,0.416091823409502,0.3635107206250099,0.6315635734369877
0.100766287651087,0.4787140252462669,0.5154430981291868,0.5185538940665373,0.5598606694871745,0.3885458340539726,0.4280544663208252,0.413177625561356,0.3642000527901859,0.3297262666936056,0.6302540283521133
0.0833046087964455,0.4257142817510682,0.5625014913063096,0.3251944090503184,0.5153731298478721,0.4269089019068021,0.4977327235249539,0.420075641762254,0.3238442029780161,0.3468328837296772,0.6383169883939177
0.040627656289403,0.4382014195400106,0.4710975872101602,0.4052857439636301,0.4313790071161481,0.4604036223742598,0.5026241159441143,0.4130039863360719,0.4237422911224456,0.406265217085765,0.6494153739754783
0.0653729852575751,0.4763100817355133,0.4951327591621873,0.4586455973367042,0.4540428879069288,0.5021993400782936,0.5149310197158585,0.4196052555396778,0.4066716309109854,0.4559784833666838,0.664650872101948
0.0763462135153662,0.5023975731411603,0.4899559576651417,0.4912103010707035,0.4963329943485811,0.5142950290356432,0.5196873003950988,0.3928436541180635,0.4397634517352495,0.423569012517717,0.5960377877821026
0.0090269711612456,0.5298180049694938,0.5307846555553242,0.4714221048614176,0.5184916175875791,0.4851026308160743,0.5406282389798605,0.3977387622226729,0.4629436887651406,0.4349236648965547,0.6262157073778102
0.0359116872561821,0.5512015457328114,0.5331518323094482,0.4513434107610466,0.4191454443942245,0.5040487125679325,0.5383883461886104,0.4094112775582692,0.4510346371382042,0.4579156995641531,0.6482314816821324
0.0889848820078938,0.3749182183183136,0.5619947221873671,0.4726321567995009,0.432254700238189,0.5108224407457549,0.5573845007316975,0.2825877725431404,0.4268744122620856,0.2535347848524856,0.6222028261331345
0.1230241368955308,0.4381831356834123,0.5741276178007657,0.3277514928887578,0.4315561149347062,0.5353591399981144,0.5865521986753126,0.3722999112842546,0.3874007246400003,0.3167439816092626,0.6456585460365845
0.0010837588554081,0.5029231441974331,0.5681001745726594,0.3552081271450134,0.4746989473884934,0.4747011015834857,0.5144824685990441,0.3830792735282122,0.4127346402223294,0.3374740634550245,0.6775149373101472
0.0094489381923566,0.5171412879033952,0.5051758506070412,0.3177404037434723,0.4329205598698984,0.3667417243980009,0.5418366014261955,0.417867547450685,0.4411483099420441,0.3766594930024938,0.5652735807414148
0.0365296940411519,0.5375053706746036,0.5208509811727795,0.3420015574158074,0.4451592279439775,0.4160445750034676,0.5536872050433883,0.316488327650735,0.4483845511812562,0.3266353360501886,0.4611499336647191
0.0877886842587707,0.4406839869344665,0.5467939334855829,0.4129734045229042,0.4410982540004015,0.4180764991557187,0.50429343808067,0.3464015656864517,0.4062522810448243,0.3943530323465585,0.576938507497592
0.1360957902005623,0.4160377828384496,0.5108633131927023,0.3744542460448629,0.4575673684901633,0.4685870164545623,0.554826450330336,0.3981452398702502,0.4162991946224782,0.3577808307837816,0.537459988587286
0.0641822859462497,0.3991622426040608,0.5353398820041522,0.4487590398429875,0.4320381720114193,0.4553043549340091,0.4576014430952119,0.3820521611167037,0.3508330115350603,0.3570432304349509,0.4979904786428688
0.0813199419658139,0.4247844178366859,0.423337135803111,0.5275920461450578,0.4620318417361692,0.4493387008287444,0.4755074406680248,0.41739376864075,0.3914928855750936,0.379760527558235,0.4676479070534343
0.0860758602020789,0.1825538198979119,0.1823734001637414,0.4531617618599812,0.3267646942155423,0.3791601883117548,0.3458279323355762,0.4235457004004903,0.4510492704716851,0.3924198154010425,0.3661555401031752
0.0155090442919332,0.1869583989640614,0.1661521902995678,0.4521050995012478,0.3178501414932588,0.3404927775015799,0.4199657543506558,0.4009121340867363,0.3450365587715281,0.374238161061648,0.4096616293406439
0.0588020920424307,0.147356500927411,0.1812156328780089,0.4574519044461258,0.3253016899646562,0.3159973494738518,0.4282185569801346,0.4019829700209081,0.3795733073236465,0.2905529971829254,0.4688244971663465
0.042950155691137,0.1565362695247197,0.196490868146422,0.4920271942854246,0.3529423431332678,0.3324642367182612,0.4327674981744611,0.2695181714237994,0.3534379205902185,0.3058493064920528,0.4912392919247478
0.0467094642152558,0.157793862043379,0.1926675884334201,0.4889418825687878,0.4039243345972633,0.3401302245213171,0.4826810513852919,0.3325272463472246,0.3932469288481136,0.3524553065145084,0.3698808230953856
0.0307471307156608,0.1969203527941716,0.2721211520591172,0.4682441612313545,0.4135032286485058,0.3728273498455753,0.4468819771529526,0.350483344350896,0.4472239801214213,0.3963458438617262,0.4204605215535544
0.0595814901072252,0.253441535852954,0.3351576415346522,0.4263513571105585,0.281547892956754,0.3991957474766293,0.4810296555398818,0.40533526510929,0.40946892291153,0.3784595933885406,0.3808689197937046
0.0214901401793099,0.2672533874262276,0.2370918908260554,0.4539614519352132,0.3043176068119794,0.3308638273931613,0.4827837802025133,0.2006662682755577,0.3982516399987764,0.3542460138889629,0.4014182535833906
0.0463272203435701,0.2341579769632384,0.2458906587421576,0.4688684224609304,0.3631942265927501,0.3520213246052744,0.4899873626055711,0.2850323655088848,0.3763370700355996,0.3723927979581856,0.4237493988337772
0.0233677721653788,0.1815109398952656,0.1735108396665238,0.4970580390585072,0.4076191051146053,0.3901211253471786,0.5365829123893513,0.351305331783472,0.4110905430378143,0.3504331658359217,0.4062382815046136
0.0232840740954625,0.1978015349422704,0.1854386677903886,0.510587486161157,0.4058415851894714,0.3282434029282998,0.4702301992078744,0.3637445458472043,0.4650655304524461,0.3627989247356008,0.4021182083833569
0.0404825104424915,0.1462483340391084,0.161135189033876,0.5000893655075097,0.447878267423078,0.3917199622028406,0.5212476323882365,0.3359865222076365,0.4445551638643488,0.2798145406765495,0.4056286941494124
0.0402820463348568,0.2350272948353273,0.1801107183713011,0.4860285735534994,0.4480214052566623,0.3990099333684475,0.4619353574748602,0.3721509808373762,0.3770961087851071,0.3043582672187959,0.4475639381199852
0.0437111748336873,0.2740204159177577,0.2019946754729585,0.4414794995489972,0.3794105333318996,0.3476451511071556,0.498796619283473,0.4253345779177942,0.3824290467670138,0.3632723074392693,0.4026685493197146
0.0146172182122266,0.2011326393591831,0.1732626968434911,0.5004437285718983,0.4113003076681837,0.467662706748617,0.4585379682490915,0.456983927745051,0.3251147020401113,0.3305697337937622,0.4230370666744865
0.0356774108565205,0.2591605184471005,0.1923234687815899,0.5100236892251325,0.5212797378872581,0.4794079582785981,0.4889417284097086,0.2857737353168499,0.3430332982277589,0.3069685363650667,0.3647961630933092
0.0562164940289715,0.3258793369038911,0.2454801896752914,0.4664682984055417,0.4193401779854907,0.3546275672535861,0.5012069870100107,0.3143910414210292,0.3567278531330776,0.3164024851026845,0.3785025446284164
0.0449986436837843,0.2697701412783145,0.2485345044105951,0.4656860683142599,0.4922936833200095,0.4086544652149437,0.5577077688304255,0.4064067861846007,0.3814233728520045,0.3101398865578234,0.4367531399419335
0.0472375272958325,0.2334821947079494,0.1946230729625996,0.4479275875376522,0.4112290305072494,0.4599396663279319,0.420882264743531,0.4130283713474253,0.3106956787189416,0.3850184891693246,0.4661100685114503
0.0432365666225352,0.2422989284531659,0.1689322844393617,0.3812856525037668,0.4666830464644469,0.3857023751670561,0.4563361696501525,0.4019469890053184,0.315543052996292,0.420867908208944,0.4771262416661459
0.0677892804042758,0.2816692280118615,0.1430961279304725,0.4334920800535128,0.4403002523251819,0.4194109506479638,0.530221430697927,0.32188848081186,0.3428890302594414,0.415790512676999,0.3132095343568538
0.0562126893244578,0.2542146758044791,0.1215250670638098,0.4830939529553631,0.4945210613531583,0.4570128428851937,0.5987321228807625,0.3743216542759073,0.2038720313665904,0.1601954668889338,0.3842875021876565
0.0813196064848699,0.2942442039122828,0.1549504222782467,0.5127694965849217,0.4574994552653588,0.4614076456026671,0.6026966905955576,0.3790787986404907,0.2779402473181206,0.3016597372649982,0.4771556816532873
0.0321003162867687,0.2885436598831636,0.1744541651522677,0.5153315876581092,0.5390371242007658,0.5285625726088541,0.5475882815064826,0.4149361848619814,0.3073515914506045,0.36613801188466,0.4659394784023772
0.0622201034027913,0.3101432513668677,0.1883958733786886,0.4743499083483396,0.4795253077795625,0.4192869929032667,0.4716817188625242,0.3973653558574684,0.3646994193398859,0.3762997820710482,0.4088571826533999
0.0759023860903095,0.2741247456568104,0.101618126409101,0.5097005126441259,0.5281010701212634,0.4858885778635714,0.4972625501796931,0.3629856359206558,0.3507173608328708,0.4281570498761966,0.4391888811465188
0.0457390728780522,0.2826575964215534,0.1216241553108215,0.5248232073687322,0.5528376260034051,0.5166730805284216,0.4696716672085807,0.4224162421440253,0.3787719957781379,0.3790175785729276,0.4364649389489874
0.048943897719977,0.2448473787020981,0.1235264928127283,0.5543894613824099,0.5702090460593163,0.5551610973662503,0.5060472891253327,0.4266850188256769,0.3277484366971646,0.2244977449219443,0.3789753266185626
0.0688213183049807,0.2797893543207251,0.2042009917898642,0.5496970609362501,0.6096843024501827,0.5761691446343968,0.3995218842316558,0.4347089799307098,0.2473311834920954,0.2805257063714412,0.3602837295755532
0.0644143966564173,0.3384520046626387,0.1525800674063156,0.5176044057649849,0.5482623561459483,0.5869884924021139,0.4788721112202775,0.4991829100279895,0.340204736519221,0.3672459864134171,0.4290847357001626
0.0916175742917974,0.3550004956547921,0.1035147739507814,0.3869700767543456,0.5665250337144703,0.6433177440112503,0.5380467827886511,0.3219339823011817,0.3459080249253886,0.3540490135993809,0.3612352687125211
0.1130327731766725,0.3589240055126794,0.1360503654594708,0.4407049255993974,0.5076314515753448,0.5628017493439025,0.4789003135107458,0.3789459725690495,0.3104696336013768,0.3934262549783364,0.3639024691507443
0.1348180246876806,0.3642783082799238,0.1656081032679356,0.5092782552011836,0.4813472043437722,0.5872534102508478,0.52678511951187,0.3892319735277942,0.3702598554170019,0.3310011509416965,0.3436296056352393
0.0845031772830705,0.3272137363124494,0.2318737524033963,0.5419903139220813,0.4596763770113528,0.5423963353494904,0.4949109906100264,0.4454500839015289,0.4096048352932443,0.3589435044662086,0.4130931488174215
0.068339487014352,0.2023848894010905,0.1735448284335466,0.5323519786403996,0.4971189706847831,0.5684607718704859,0.4731714122656374,0.4069560827497211,0.3417331228374124,0.41277117395625,0.4537563295786148
0.0772399048162279,0.2135722327990149,0.1811431853382619,0.4330778236909072,0.3367192802401808,0.4759533692188036,0.4760377550327174,0.373595158496208,0.3635944438076804,0.4177885958227899,0.3857987842093638
0.0869286750519158,0.2267648766715076,0.2398390058941503,0.4820726047460065,0.4536125886113376,0.4527380297080552,0.4721226244485428,0.310162668842931,0.4053682746350496,0.274894767995425,0.4271742575725821
