0,1,2,3,4,5,6,7,8,9,10
1.0,1.0,1.0,1.0,1.0,1.0,1.0,1.0,1.0,1.0,1.0
0.4843237417682347,0.806146753806622,0.6919793066658378,0.6570899583344992,0.7659184227912118,0.7433681762540203,0.6714135894034063,0.6917369883052876,0.6258876852640217,0.7444127591405542,0.7512143340842137
0.4445030951750341,0.7170209053115721,0.7281659816265795,0.6178493395680923,0.7647440231537806,0.7215925973337775,0.7664766284843355,0.6442405027374468,0.5878079744370772,0.7145935498705529,0.743145866848446
0.4088156852318245,0.6191761181791027,0.628433441125765,0.6816913991893873,0.7422121944052427,0.6820843238176671,0.7661552780477308,0.7432934487545979,0.5486372134651017,0.641836789651452,0.7804868447759186
0.4140683266645932,0.6952470615565259,0.66874806194058,0.69370912406945,0.7088167764881095,0.7142791469203634,0.6982153813871838,0.6896168172877281,0.6601186190769929,0.7175063289883606,0.816483165372732
0.3483535355986167,0.6621378489909229,0.7219391117771884,0.5599249377768942,0.6623418387798083,0.6586395973138626,0.6900906715672414,0.6969348922302117,0.6880855961132248,0.7128190653492963,0.7635543546192967
0.31662598506308026,0.6158272909011613,0.6687751698799779,0.6649952056237101,0.7623057187909896,0.7080917645890165,0.7232677499993636,0.6950408654407993,0.731652205071917,0.6319381274389249,0.7999403797829465
0.31206442937112494,0.6323564561940507,0.6299356208733116,0.636711642066094,0.6177485453864006,0.6972045686956089,0.761710507824689,0.664081936261178,0.695645986074509,0.6085445113626496,0.7278439304802794
0.36620871946578637,0.6187449993245299,0.6683051311376491,0.7188002582922565,0.5801724564876234,0.6964309686354225,0.6979945839202486,0.6579942905107483,0.5560584267849178,0.7315456532693992,0.7370161481078022
0.3108476200502568,0.5592391875826724,0.5974360890558715,0.588956296428776,0.6854533801109262,0.679231455872684,0.7239494507992553,0.6930455383089,0.6019933129093382,0.6972257491454226,0.7902881091571736
0.40510173293432966,0.6802233960246128,0.7263103757276188,0.5670545395222553,0.6480088585421772,0.7767947246445431,0.7509573896948569,0.7075870693293392,0.6229150569374529,0.6592003636650667,0.7431165190904642
0.3822723366867963,0.6096735000759782,0.7624288232652252,0.5728123512266476,0.6851719004555541,0.7963917290574959,0.7845437771312739,0.694215471001552,0.6584626485727744,0.643998951594487,0.6817332420077313
0.25658553464382794,0.619024175855629,0.6275893780696947,0.5699553034495239,0.5767147902265244,0.7049210836128885,0.7403451699967267,0.6921729034650492,0.5908237408506172,0.6515862140722268,0.7178280206783761
0.3039824346609964,0.5983943310900917,0.6466611311559489,0.6023764135594096,0.5967284120359095,0.678174317413518,0.7526263165963422,0.6863422141473446,0.6168157715799811,0.6424491276481751,0.6886212828198839
0.3092764800795107,0.5966520844715008,0.6491274483632116,0.6040158838492338,0.635298302234232,0.6991060277162261,0.739699974252694,0.6578558466705086,0.6300391602560405,0.6432989883257161,0.7056711457448918
0.37806940198715056,0.6084798664027264,0.6626408875886849,0.6231819109462118,0.6511403913503788,0.69184068804364,0.7639599244458287,0.6883957796011704,0.5239320800263154,0.6627522080765395,0.6770371045099436
0.39718615592769535,0.597690132068836,0.6045432022432455,0.5631140166609525,0.6690446707487259,0.6916258920690285,0.731070767901467,0.6559503659580977,0.5551880158270063,0.6375413676625947,0.7153666333437187
0.4187867919339777,0.6406592472836776,0.6373802054568414,0.5700752529468871,0.5917460500334959,0.6849349907338521,0.7645388520907596,0.6800532388137943,0.5869283316778904,0.6760816407733186,0.6809784943725864
0.40667870697376113,0.5709298791616882,0.6700883551384941,0.5861530267013442,0.6262510597936979,0.6989286172929883,0.7659816117124989,0.637520774375195,0.5001596687044932,0.6227769362083302,0.7210286599663454
0.34390898702054584,0.5757484860367674,0.6924322767938941,0.6410259600905597,0.640408072539254,0.6990425850743799,0.756233069575523,0.6546692510531855,0.5771453054426882,0.6002914066674813,0.7426383392249685
0.3146724320892647,0.5592005316121108,0.6734623422927982,0.6468475270221195,0.6407410123231319,0.7119647560837349,0.7436244385322865,0.6513012416974043,0.5442652315019247,0.6419904886559666,0.7144347184018962
0.34247611724496074,0.6197105370230084,0.6929849116457689,0.504052007685261,0.6709847126274565,0.687578206510196,0.7006140870577763,0.6241867550869135,0.6138486033309234,0.6039481429127821,0.746040107325147
0.3610617980672587,0.6495580572753175,0.6070611040611645,0.5257073155455673,0.6858300183179412,0.7014562759184265,0.7100901642022421,0.645361640792224,0.6428399005989685,0.5893952953525323,0.70052202279529
0.3619801413706468,0.5520331353509341,0.6395426123596029,0.6081178387507093,0.6842136489976999,0.6706959196683082,0.701284603788943,0.6420176232379478,0.6070163600576004,0.6222621833906197,0.7255888436299041
0.2911650951768687,0.5905403753080092,0.6575044061168017,0.5733831126902493,0.7219894990706806,0.6821667899121601,0.7014206269496894,0.6580816446203027,0.6057936742039199,0.6337351101832318,0.7261789709792387
0.3264976235279484,0.5920322391528803,0.6792493653982726,0.6299954609415556,0.627437552411455,0.6951083419603235,0.7186891112787752,0.6428632265746589,0.663787263635399,0.6498900179980809,0.7478148357732555
0.3884593054493898,0.6081578022421614,0.7082300149197556,0.6274375290846944,0.624904725257443,0.6800386634212313,0.6849706762350293,0.649502214826619,0.5987054443961393,0.6635177691020876,0.6974128127004616
0.4017694424354248,0.5112925139088128,0.731978485819355,0.5954067520939312,0.6915734882997563,0.6784756700301813,0.6826319715337162,0.672535734348348,0.6390504092192605,0.6725405727534994,0.72606570385921
0.4047382536153945,0.5478877495643171,0.7577773289161976,0.6534370349502318,0.7003535207818156,0.7383046614657429,0.6818617317417217,0.6791088466579223,0.6316189454572599,0.6283072280784411,0.7573384901976531
0.41057498984155555,0.6199504840958401,0.6256269574446511,0.6269897434455002,0.5941888883293265,0.6868547288973237,0.7119211210373472,0.654063104439223,0.6161723421710884,0.6679560660679036,0.7692901477168744
0.38285050216717625,0.631889873246707,0.6572007085653876,0.6168187223659248,0.6201186118743662,0.6615274114973421,0.7297866548611736,0.6963814871274799,0.6017834287046216,0.6374480454138901,0.7641325121777675
0.43395357397921663,0.645780231044657,0.6652772924189669,0.6255570428182164,0.638189972433419,0.6653903819330187,0.7027910053269191,0.6158501067775526,0.6297513233413087,0.6469626141547427,0.7586667770589223
0.35057314596048583,0.514118781103656,0.6876533007046488,0.5653596515905489,0.6492746022023471,0.6303300602544074,0.7456552751683955,0.655244558076374,0.6376590568443969,0.6534841455326487,0.750284063644522
0.3661657273092669,0.5339270086541297,0.7211170023394498,0.5033670380499935,0.6601793738646207,0.6339483867216174,0.6580763587914421,0.677816571770231,0.5789743343777227,0.6572177131991644,0.7268189129731486
0.3768620132607329,0.5759414060480932,0.6759003006052882,0.5215368946754009,0.6776688486326619,0.6492232158386073,0.6852799934285134,0.6352131613548682,0.5663346250785257,0.6312548013474029,0.735760351789904
0.4057104315717263,0.636781585977587,0.6579732748721132,0.5239354121367505,0.6801764030290156,0.6551265703408214,0.7378265184011059,0.6727181917195316,0.6531955396757702,0.648610189473746,0.6950326626254041
0.3712758656142115,0.5694572710381067,0.6784480742035404,0.5751761901147087,0.688488910642117,0.6105321825799985,0.7162615858655994,0.670698037869162,0.573716676423553,0.6063802689364777,0.7385177299790358
0.40725918819387164,0.6488058241296039,0.6812250028483089,0.5139741322303246,0.669789943386414,0.638768668843581,0.7634601965797434,0.6418698918885605,0.6117173586979656,0.6217504564315943,0.7514937546299387
0.3529368549015362,0.7047813494217563,0.6569021457647932,0.6107037341126951,0.6927086717335295,0.6630745358721302,0.700178279875119,0.6358006565141002,0.6245528153019979,0.6443245290949946,0.7678742500827485
0.3313554747682189,0.5896131729930164,0.6158502102836164,0.6669858366682144,0.7033281246502932,0.6998890915756144,0.7127117454173988,0.6499495774363406,0.6051136514284676,0.5739192321936019,0.7358694755666836
0.3644645649465007,0.6049191762943547,0.6570972007763208,0.6750418506301823,0.5948379619638714,0.7050156872210884,0.7361507013206694,0.6855605573376367,0.6538525919337947,0.6352386919107746,0.7518881300010214
0.4032543958241571,0.5726255354365811,0.5954834656413248,0.567795509144018,0.6247102289964042,0.6894678821194204,0.7159610985375587,0.6854508527318997,0.6036374641328046,0.6560864142204136,0.7165621013360987
0.4040929913178092,0.5864057436062,0.6455327812596401,0.5692406411013219,0.6718850443124035,0.580327226875132,0.6895272750484738,0.6879711943989835,0.545115837924186,0.6662627892740589,0.7510257337966827
0.39423026260098043,0.6216462756895555,0.6697679396136212,0.6039316257644547,0.6820112339315416,0.6390035283855279,0.6956164393034742,0.672029974767851,0.5773853927358803,0.6387507843371013,0.6501458135650379
0.38654506436407454,0.5706338981834836,0.6731239561871987,0.5524736787096755,0.6206501718083808,0.646671039336177,0.7481687038178801,0.6799166512766235,0.5685158288861022,0.64616833639207,0.7209908760145897
0.302561857320352,0.6221266136754455,0.6818822319367668,0.6117314502963214,0.6569505937054667,0.6538964749554199,0.6950048351192959,0.7289917920343394,0.629573781711888,0.6507747660096161,0.7493422692261571
0.32015664354937756,0.6504019399273131,0.6939592956386098,0.6121284924214007,0.6590146441891906,0.6883068235637494,0.6955936621518161,0.6862454313754432,0.5735313562850027,0.6856636390682171,0.7631778449880419
0.34921984864435063,0.5980858666917866,0.6671453167527254,0.6147096082438674,0.6808442365400375,0.708266832093785,0.725752702297769,0.6923974457169911,0.6303643127615385,0.66223204467765,0.7466956301893349
0.36214315149575393,0.6569726089068213,0.6017914079972565,0.635245116375557,0.6992154809970531,0.6428689316082492,0.7422402276037772,0.6166253749212606,0.5950136690573754,0.6813455071237169,0.7247326929679662
0.3415191169796064,0.5728447069849286,0.6267400525402527,0.622545078755446,0.5796595864755054,0.6669773348013737,0.7210707386837077,0.6591632979796345,0.6156606844186414,0.6181227939553762,0.7508493282653403
0.3450780165296275,0.6192001741254156,0.6333000977727086,0.6577092952075194,0.6142430837591444,0.6825737925173396,0.6536509644273488,0.6589395918053157,0.6278591465661891,0.5687575103164609,0.7565054314795565
0.3937950105692788,0.6205972794015387,0.6886129907578125,0.6407598932071813,0.6584616717484939,0.6494486756509839,0.7024890229056275,0.674741692808271,0.5980468815127636,0.6189848501610922,0.768494559887958
0.3844213950310037,0.5803500723207347,0.6783303072177569,0.6057881871706234,0.690583334761784,0.6862313499901398,0.7257864735304727,0.6519892066425712,0.6436689712280228,0.6534072465257841,0.7651720486880664
0.38399323461779655,0.6000460454616292,0.6598710383200225,0.634765425280521,0.6509670564594657,0.6931193456274543,0.7038266121617734,0.6791717466702394,0.5581859522401854,0.667458996219987,0.7185919600071942
0.4122114498443758,0.5475502917195639,0.6696867582044792,0.5606300362196096,0.583432341052279,0.651891602026354,0.7549922296291602,0.6513992045354753,0.5683195641811534,0.6721269616181369,0.759716383070341
0.3614610997630217,0.5939525823472522,0.6727641115012868,0.6092745997867197,0.6085153552548745,0.6946146231249017,0.7671137064683449,0.6821118710992875,0.5914399233982665,0.6865802185327246,0.7364079887075397
0.3772362986261776,0.6287559164446396,0.6786625878109152,0.6158482252713918,0.6417081114127259,0.7001755701744753,0.7069243230963845,0.6926147680308486,0.5533299961786206,0.6463152867746526,0.6677907589723306
0.3843205238352674,0.6005049139703043,0.7109774010226446,0.6332164912975219,0.6689598525913423,0.6717341877676837,0.7093810827729121,0.625178331283517,0.5960184884281206,0.6802825022671415,0.7161438008082142
0.4237590074572065,0.5178969530192642,0.6670278700523794,0.6334774952541042,0.5977713450209655,0.6842586657791325,0.6822610206018823,0.6364884261868086,0.6154836134760537,0.6691432404718843,0.7291763593898921
0.410543792979356,0.583480206788183,0.6948348987261594,0.5991040445325908,0.6348068389721319,0.6970141805774173,0.6902067283866581,0.6709190375608379,0.6240079573526113,0.6185545312091881,0.7199885998310269
0.39599724766496985,0.6440246246547643,0.6511868952558446,0.604474448915878,0.6853036197265499,0.7373877600376795,0.7217566835541598,0.6827688870299691,0.6042391828691994,0.6370758551240837,0.7214845181820014
0.42559370602414587,0.6378883408923292,0.6776030074714623,0.6478828204086846,0.6879772598088358,0.6155777576927952,0.6924700263015566,0.6831701493403474,0.6082928233331935,0.67230110954534,0.711281339675812
0.4351145235775749,0.6668765646835781,0.7067912612259855,0.6325623044505542,0.7109892861713156,0.6471258895985001,0.7191565841219976,0.6930200879608486,0.6193961341301772,0.6693801680172479,0.7023533474554682
0.3948366350661937,0.6766196088399268,0.7221887260375818,0.680618338799985,0.6737348179714305,0.6590114197182512,0.7465139399379227,0.6756532881486587,0.6438986325629483,0.672168054548314,0.7192177341211499
0.32385657084025815,0.6914437544884621,0.6443593778925565,0.6542802095057835,0.6268088936635469,0.684369253998433,0.6841489407758043,0.6456560551735758,0.6127132428302283,0.6609304115586876,0.7058798450636483
0.34212190904475537,0.7048453783519215,0.6293045349209386,0.6682576393280373,0.6403285285922031,0.6914831888219934,0.7031377736423206,0.6194722561090773,0.6307569733148539,0.6230687020386628,0.7392734273547533
0.3715004650926549,0.6742593816774138,0.6581218661592768,0.6172179281124074,0.6163578076943477,0.6532928121327084,0.7175601833930436,0.6317936061494825,0.5537235378297186,0.6610276585953148,0.7181597545018757
0.4214764717021862,0.5927585372062234,0.6500806136986029,0.5524446993766231,0.6917221417929598,0.6446102672380281,0.6991526537775613,0.6617793226510911,0.5458530135258941,0.6744192147257786,0.7164870736720563
0.4371961264521156,0.6196586167306504,0.6929508349945204,0.5911512986710143,0.7283880445302449,0.6641988896645433,0.707655300108857,0.6830192509711708,0.5542171637260364,0.6656938311307242,0.7423841804034954
0.4395720395133754,0.6487653144878212,0.6605938420186227,0.6229473771002618,0.7021478703619506,0.693761907584777,0.7395432933270552,0.6793266402059219,0.6082456858298666,0.6961364009392472,0.7489592700852664
0.3791113374382598,0.6733368948056314,0.6992747138681394,0.6166066664669011,0.6373441096586882,0.6604072544934199,0.7439311186012494,0.6907243798180708,0.5986127320656789,0.6552400009123298,0.7559397599440543
0.3854244427675452,0.6860853863164957,0.6704942107341634,0.5821196221475557,0.6479595098733718,0.7001548064786579,0.753661981829338,0.7046580783346799,0.6023721419936777,0.6345511534026348,0.7661724500664403
0.3849196119671149,0.6361700003315337,0.5835400311848099,0.5954006400979122,0.6942034251885729,0.6360356664211605,0.7203434377616317,0.6819030619027139,0.6283989732425517,0.6807172804319558,0.7678978771439884
0.4225803029838273,0.6058201376927377,0.6456975496590954,0.609113298278741,0.6908361603099977,0.6250856924060562,0.7281619341179625,0.7006892476274156,0.5814137266299734,0.6808218700816877,0.7697712373284816
0.40920435389194215,0.6228209504707468,0.6871092232294322,0.6234719101775622,0.6876287701162437,0.6376131331416377,0.7505230526531166,0.608657102186379,0.5779856346737806,0.6582866769587613,0.7701971976212849
0.4004534970828502,0.5396956026945743,0.7101245848230902,0.6261450995642464,0.6873872205240176,0.6821828906603187,0.7454503855964223,0.6703170018091008,0.5220259941321834,0.6747027213551037,0.7426935708796051
0.3683314522746041,0.6070369950534081,0.6687498360515783,0.5705321036263196,0.6543362049711811,0.6131387758044489,0.7281452626428284,0.6775275353845895,0.6083357243139711,0.5801529442011539,0.7372050952845955
0.3390106280732989,0.6483140407525938,0.6221595421803072,0.5832579815308747,0.691569731602462,0.6070603096550563,0.7322392665130858,0.6956892995644173,0.6450655504885303,0.6324430401549039,0.6802225223368679
0.3806288364561532,0.6567427730201489,0.6701320989217667,0.6233325047864774,0.6442620883278827,0.6419801723783654,0.6995754062713936,0.7058864139362531,0.6192275594560855,0.6799284356291695,0.7521027969460387
0.33978339197145574,0.6847082727012959,0.636656092043426,0.5992278959532592,0.6649538465296487,0.634729822759848,0.7265355291806925,0.6219940351476368,0.5768757732216687,0.6833486931431436,0.7245586019911843
0.38704411809565853,0.5707913720766871,0.6422955442307807,0.6142442385460445,0.670117224917629,0.6645045468381141,0.7425985757920103,0.6318196860837082,0.5952986290629978,0.6732583359287375,0.735679599795867
0.3929966748584162,0.5824650442360995,0.6081797623035687,0.6142871025267109,0.6599269016668501,0.6774362500783326,0.729483590821714,0.6563759887782654,0.6110794621854474,0.6745450504241328,0.7396019296788753
0.3610064532394976,0.6546391666859657,0.6434935282399374,0.6480479163633677,0.6715573660592982,0.6328756682545986,0.7458891474805953,0.6591311381289924,0.5773703861010833,0.7057899116799071,0.7395325393447545
0.3733737808656479,0.6550593333005041,0.6115013735746792,0.531480465383476,0.6593332788976157,0.6656131638197372,0.7531077869506997,0.672174655676391,0.6061577105773497,0.668230571412891,0.755041394124889
0.3739820570438078,0.5955535219608787,0.6361063716423065,0.5899604243352923,0.6101781181765272,0.7034419392117757,0.7335224966553545,0.6991996781565537,0.5825953863278521,0.6778951174577337,0.7702451025831589
0.3971436756944893,0.6314470534236158,0.6722833323562281,0.5728303613805594,0.608693805419321,0.6606781886094647,0.7719075861690841,0.6843743029784554,0.5919512770618011,0.6404624222283339,0.7591838880483194
0.30890133160176536,0.5048362185336015,0.6729451819023022,0.644138628032072,0.6446330442677011,0.5771588336042804,0.7286569791089624,0.7014124510961115,0.623023867294904,0.694389285444471,0.7220798312621447
0.3840933724972987,0.5268070870841276,0.6727863815511826,0.5309373525458375,0.6061559649859795,0.6280458937006013,0.7334872780305297,0.6978869244649326,0.6238828867838007,0.6649592750162938,0.6593511358325987
0.3980227224627755,0.6199893876703702,0.6938146412455894,0.56489095481747,0.6549695238211002,0.6457270763463379,0.7420627963888775,0.6253249851766303,0.6128789165871373,0.6800266972589575,0.6768896010963976
0.3552463180568667,0.5688745217891735,0.6481556291114697,0.605708606880212,0.6689516684169999,0.615789181915636,0.7638760417003941,0.6365385750491446,0.6003741108806432,0.6801453340179282,0.7279097599613236
0.35528725982486214,0.5714825791290231,0.643458324805386,0.6545429468056208,0.677901358415562,0.6245325527116139,0.7220493246484169,0.6486815101740517,0.645720557553634,0.7009573223173278,0.6805087861706328
0.40676605086132933,0.6253501296422934,0.6524707208052031,0.6770080694366893,0.646196490594682,0.6784183672627448,0.7389491332845406,0.6625647200749867,0.5390155888115866,0.7034809229770719,0.7419514805681204
0.44283459480011206,0.6697939931215134,0.6874079773057411,0.6773285877425187,0.6576087569791348,0.7057906648752457,0.7174153178769546,0.6988468722177654,0.5457415842235459,0.7073915371929438,0.7754688049826951
0.33511200012269554,0.6857848349850949,0.6147274875979128,0.688332528315184,0.6615987655818423,0.7134102397349331,0.742669531289315,0.7283672709047142,0.5516129110237902,0.671768753139625,0.7746304404294928
0.31601516349071446,0.68969086612952,0.6818219747435722,0.6175829372887047,0.6267241956867488,0.5758551496726826,0.7523191131291997,0.6187806471791836,0.5649521560716688,0.666951552048922,0.7425493547184588
0.3593684868708965,0.5827211913042843,0.7193793847672534,0.6224789060278528,0.6242116063630553,0.635916250874907,0.742903832279371,0.6507939165207492,0.602089919530996,0.6812295996413402,0.7108317572857493
0.43083033943782834,0.6168132944593152,0.6839645159151297,0.6352949471066052,0.6277267113052789,0.6568915141866001,0.7416019338022274,0.7152003910495868,0.6041485558427246,0.6743320530018949,0.7566072516060339
0.39642311252886464,0.5505802479599652,0.7007222030286024,0.6275248063472533,0.6579320324688291,0.6207036400935229,0.6929649593265961,0.7381581091735664,0.6436709005516713,0.6992251154056046,0.6517417780018461
0.3555564670886252,0.5960603353512949,0.5709602376777659,0.6544386212456971,0.6557450585152402,0.6518028427668617,0.7283163467957531,0.6817249288735145,0.581219684798699,0.601576725760253,0.6537307932223138
0.41688140479756236,0.6236149417566277,0.5958571075840275,0.7023724673792926,0.6364855946108556,0.6527396130564591,0.7572200810041592,0.6239502727693425,0.5667229468547379,0.6285838952274957,0.7054436344494414
0.3152357188994172,0.650169123024234,0.6415513588146127,0.5714544948786655,0.6383417941430964,0.6809767749561784,0.7584268185510907,0.6645552745804559,0.6015977718629612,0.6647461123239735,0.7442966143042538
0.2803307803346611,0.5828355835684744,0.6154497554236293,0.61072079989646,0.6464087438782906,0.6568773063486296,0.7444046782003622,0.682133825581426,0.6079321671134743,0.6872309261094169,0.7500068679810097
0.36623308522169495,0.5964195997500648,0.644925331619769,0.6341958098967411,0.5725780420376405,0.687943859025901,0.7140967567205878,0.7173492547234568,0.6012861337774122,0.668497405718206,0.7630549313662786
0.42350045265381475,0.5980984650952164,0.6771767031186982,0.6506167274716127,0.5980544107714192,0.7025583190363767,0.668918089409294,0.6835002730575046,0.6153718836049217,0.6636393379953569,0.7666542633138564
0.4292849504872181,0.6151052639452357,0.65004398705133,0.6030193500825178,0.6261024540760507,0.6248499825017294,0.6838253977410147,0.687762394183365,0.6439546790681148,0.6812766331660269,0.7669466351595733
0.4347943444366583,0.5982198009899931,0.7100596668286154,0.6121631960297462,0.6458181420781244,0.6624602255747775,0.7290477009285978,0.6813624252560825,0.5000917727078005,0.6251043980288771,0.7523794624868769
0.4253117197253298,0.6146641778934219,0.7054814792351485,0.6116592939120239,0.6885885045394733,0.7049810470107024,0.744501121681041,0.6904545540488511,0.6105517074308615,0.5920287967079907,0.766370268315269
0.40349702817555516,0.5119049180849645,0.7166415214520654,0.6410101295869501,0.599670830020902,0.5863297539958926,0.6795246430405746,0.6899015801803995,0.5781372905454814,0.6734815080497881,0.7006785642486848
0.4637106974570284,0.5762967718989785,0.701702669235616,0.6471747843127572,0.6608756976246737,0.6202752462392753,0.7193004947944244,0.697314009011589,0.6031555866640941,0.6098066855879877,0.719988965300805
0.37849557330413697,0.5907225771894311,0.7152188154853648,0.6551358780663287,0.6917906462038119,0.6549006726697723,0.7420931213702959,0.7217140865767373,0.6285029416478075,0.5746104852861504,0.744166897211302
0.38813493052772263,0.5993545714050039,0.5688622754829296,0.6798091441766136,0.6858682159964185,0.6240678199875191,0.6954054188643076,0.6575054767992113,0.6365409389434125,0.6485261250678391,0.7442597359380476
0.39010261574425925,0.5583713384222889,0.5918351973709263,0.6150046095958859,0.6976144743211516,0.6519093917534082,0.6920053959752759,0.6452014164700521,0.6454282739179065,0.6624781162700595,0.7447099311315928
0.33711513337653864,0.588509174848598,0.6250921358599162,0.6309954195866183,0.704756399314818,0.6907372266124101,0.7040610987544684,0.6850903475198775,0.5773911392127263,0.6300946107215887,0.7158631978932138
0.3876926674759726,0.6062137636007634,0.6572625736357471,0.5825970860366041,0.6100082769031542,0.7164012289433479,0.7235082977521132,0.5886078874111692,0.6128779170555629,0.6306443536224802,0.7345579286620887
0.3923707940074858,0.5180261040813295,0.6666173047490771,0.5281643146548556,0.6107328733081717,0.6626870703184652,0.7324443362908177,0.6059715259465989,0.6225686278894758,0.6533051041086293,0.7310373633000002
0.3777486482033514,0.5655870372392067,0.5863151956780749,0.597277888901835,0.6631075779973145,0.7092408146811325,0.6960022015789249,0.6217115752083635,0.6332227278209733,0.7060255050607415,0.7413857728017776
0.33619284040168745,0.5672024999289649,0.6388756897219309,0.6234105448407073,0.673365175004113,0.6764494038670412,0.7137002664282293,0.650426850628518,0.5496831454406618,0.7194920587574165,0.7902968253733494
0.3924230049477877,0.6197204337489683,0.6533975428192282,0.6581582509866887,0.6406871856520432,0.6471103146314691,0.7475655228783429,0.692899284569064,0.6221916576653259,0.7104398351004784,0.7514766331457826
0.39215893920660927,0.5716787201304785,0.6680933917683802,0.6580539988697558,0.6680019934744392,0.7086694243723405,0.7237769545684237,0.7008181431138505,0.6596139579407299,0.6359610393681908,0.7579025834248303
0.35030611618350543,0.5353520916358359,0.6672210691331714,0.5967767678964431,0.6088970688312629,0.6409814840758312,0.6540237925243614,0.6544400693025931,0.5777325351553879,0.6685887392696348,0.7280011508718901
0.39144444945166956,0.5848967856217411,0.6573352130956603,0.6066457034961864,0.616819941278574,0.6739486810590403,0.6757897006816995,0.6865154874901698,0.6165817543179063,0.6464275531903704,0.750522147509973
0.3709006331492948,0.5193687921180744,0.6191784443651306,0.6526323956165936,0.6462096609275295,0.695336413915797,0.7023391529997897,0.699132879382501,0.630829519631505,0.6320239122058702,0.7716657796227621
0.3707793247735287,0.5377441882132601,0.6576072685886378,0.6315353768993035,0.6434574364740548,0.6374312248270536,0.6893365896131284,0.7057475333803359,0.615913310515806,0.6442462998357397,0.7917538997507996
0.3796606976104439,0.5742492018347343,0.5596761961579587,0.6547844317675597,0.6555200149757313,0.6572771819976135,0.709880953700089,0.6585276820705851,0.6253046902235153,0.6583176592988729,0.765605180733332
0.3732098918835699,0.6236900804147686,0.6321621769208305,0.6586538946121148,0.6565373388827405,0.6875209166273012,0.7112432482642843,0.6394825331210372,0.6132236345904946,0.6930261421783551,0.727515265970453
0.33878537427963834,0.6023825808912319,0.6432670306832836,0.6698080791504523,0.6019381594799801,0.6667910620646113,0.7312460516843249,0.6096578550261514,0.6356115803497902,0.6715624561718435,0.7351288229039741
0.36530490712320074,0.6728350637291357,0.6778757914764575,0.6722813162963079,0.6191510609137508,0.6701066575824717,0.7474047640833237,0.6348190944961924,0.5801466217103085,0.658268120361119,0.7355903684412896
0.39595845295867793,0.6520917985299113,0.7157590891953352,0.5783115057635951,0.6194755247989796,0.6873837888900516,0.7386210352233851,0.6578136170501904,0.5864861757279278,0.6917855552900842,0.7692856037350173
0.37358567534438125,0.6527203537127824,0.638868022344861,0.6233757516717476,0.6377110411363252,0.6814336680821276,0.7696876793416432,0.677092979588128,0.6496975146373433,0.6509386823321824,0.7564494102881077
0.3398308293258098,0.5976689233616591,0.5939891848451864,0.6445995641111855,0.6704479887746428,0.6249603953774551,0.7248344581950792,0.6856199883084937,0.5872139208421088,0.6331622364697616,0.7090986685535828
0.38523395190405424,0.5724500101008507,0.6108748791749248,0.6515310180886313,0.6827728979108683,0.6528315116060639,0.7504975557539426,0.6875200510310235,0.6023797418491794,0.6761002140292908,0.7451411364024523
0.40337188724034606,0.594510170344103,0.6642156717156937,0.6460058121905958,0.7033001350032839,0.608155488345517,0.7568475179986608,0.7087098739584431,0.6253191240796139,0.6481902561067281,0.7701198134321476
0.382875691349762,0.5756760525727386,0.6926152125645096,0.6607571950637037,0.6371519182293582,0.6175285990348525,0.778311929846113,0.6769627010037594,0.5569856788888178,0.66904386511283,0.7401177438320791
0.3874997765111733,0.5891434079043425,0.7057991050769742,0.6523742078479335,0.6657493904352638,0.6373251354639391,0.7861903955755253,0.6671466592149541,0.6060031857836867,0.6263574298657142,0.7364424466067433
0.44614562214227055,0.5959248476104555,0.7420072981485811,0.6130632446360139,0.6958799828210023,0.6377688974592062,0.7320688243978637,0.6686498607011959,0.5692583704773083,0.6550251234120503,0.7732650210826572
0.46143083901375304,0.607727389556572,0.7337144860547098,0.6429679137779802,0.6177611025408105,0.6513232905408843,0.6709412374291253,0.6903493559685523,0.5746229633353167,0.6706041397733774,0.8078583041450775
0.4358233239916572,0.6358631944294235,0.6124212609545926,0.6411786918694782,0.6628753059974121,0.6219988248348993,0.6563632531767016,0.6501303868768413,0.5965240121272053,0.6898498922715541,0.8194218112849154
0.4388090647905257,0.6317582122663356,0.5931850648519625,0.5372266425985672,0.6630250343325452,0.6298224805933592,0.7059742817387966,0.6236830827902098,0.6025721822925918,0.6672820618544812,0.8191095114690489
0.3952369454064311,0.6014538077086714,0.6683697858672828,0.5460825005996415,0.638748709661494,0.6767775958712094,0.6463459312249202,0.6293901023764701,0.6519862861629212,0.7045489394403361,0.739611357869432
0.39827577756390486,0.5647744823008765,0.6849421544193557,0.5647129229088552,0.6552232413338852,0.6870882092983769,0.6959301121086237,0.6508570085995511,0.6573386794927832,0.6203570007130075,0.7637023099136957
0.3431387558827478,0.5949595639726161,0.6441701426202358,0.5836075547693131,0.6726222165797864,0.7019966030681262,0.7153011562958951,0.6511589445065045,0.5918289539275731,0.6224777416873777,0.726276091696487
0.39622505864935326,0.625971040334864,0.6508398102540347,0.5974511623867239,0.6559381353516357,0.6237459421282162,0.7316509338919152,0.6570553699197765,0.6070444819695131,0.6377361935761849,0.6594055561306811
0.37421420607394357,0.6002779199309894,0.6639823189586218,0.606820844527765,0.6406253435403979,0.601191585290048,0.7515561749023936,0.6696745627721356,0.49138245795837127,0.656354940714488,0.686287628553957
0.4039662575491998,0.5288860511719066,0.6615808266258895,0.593897570122138,0.6496495512119365,0.6467186859051317,0.7102148536585251,0.6469897468865791,0.5465062231269726,0.6238638667397338,0.7351439289561044
0.3828887374352886,0.5938195202890342,0.6582795208940162,0.6302591115930514,0.6740303573268178,0.6567496501457164,0.7170411951570341,0.6277663924345799,0.5976868689827369,0.6571104155592277,0.7815439292099438
0.40860569347640985,0.6047465078208034,0.6825175362291042,0.6470318612976473,0.6734585381166296,0.6668869362718095,0.6932535831467088,0.6575461223712568,0.6337147727993846,0.7263993276961692,0.771677880176969
0.338199684010049,0.6182006989272113,0.7156293081065971,0.5519031492887382,0.6761630741769353,0.6376476974060294,0.7318019168751904,0.5808893125547846,0.5520042248165075,0.6842359688192006,0.7985835258287441
0.38573978245957974,0.6040421793056315,0.7155241804303596,0.6242064740156763,0.5754825177448925,0.6566826947656663,0.7375537993725759,0.6536763756114115,0.5970493722383249,0.6321778041023843,0.6563970926900634
0.3575307798907907,0.5381414340009192,0.6188518783838287,0.6566376790686008,0.6146313864555204,0.6682823993101553,0.7398860252946887,0.674140148980102,0.6126135882691897,0.6263639593966394,0.7099143406021138
0.3969376119836294,0.5618346539109458,0.6937534860460087,0.5670672716222654,0.6469229097434637,0.6877658969464334,0.7427968060575962,0.6307529382132524,0.6366978888644659,0.6544593693725698,0.7273048079702826
0.34076627252623887,0.5745192751016698,0.7054786138372211,0.6289922062385872,0.6083675476575513,0.6989802779782153,0.7660451038685109,0.5985822737148898,0.6689784406716498,0.6295984419850116,0.7125448501237475
0.3538072945680769,0.5757075331336946,0.7112082670587233,0.6371347009871822,0.641260065197336,0.7136208040463112,0.663027650532461,0.6339899582250741,0.6080952768168982,0.634747849894147,0.7537467884623839
0.3878915232384108,0.6318069633992309,0.6628051727404713,0.6075385526045928,0.6799253202022486,0.7064032502261709,0.7048020189274578,0.6522755886564819,0.656560500835903,0.6231115563942656,0.7022444210532586
0.42073811960020446,0.569211584381203,0.6729426014310171,0.5549726504307845,0.6894428277394022,0.7136779372017914,0.7355309913231166,0.5887192728420935,0.5949380341010885,0.656721586150935,0.6830631694897495
0.4158198276053628,0.6152336218711636,0.6334830890926989,0.5601408315858338,0.5943863143346411,0.7290747981384642,0.7264664181948297,0.6648319797996869,0.6006785189446431,0.6713311537098359,0.7332380601188744
0.37344836444952195,0.5349125084714679,0.6658130198322254,0.6103982844170323,0.6327465308522892,0.6292408049491185,0.7448700713618854,0.7081522979003545,0.5901622987123009,0.6295464490091581,0.7518617647306396
0.4047294632005545,0.5840014674770093,0.6397757997131561,0.6225496425209025,0.6559994111005489,0.6495080955221261,0.7230137814866859,0.6779795799312394,0.6049345094185864,0.6641015420875016,0.7289025211756144
0.4397016821407602,0.5947792367437184,0.6785984022865688,0.64848810263997,0.6825306941248512,0.6560658188441972,0.7503104469918631,0.6736222961014828,0.5751151309466211,0.6781910785867566,0.7294847164564215
0.4115640083516575,0.6032941407895195,0.6878481904125605,0.6057035989206081,0.6786372587168094,0.6354794905721284,0.704088794655052,0.6657289458428389,0.5682109670856025,0.6884521884556316,0.7272826929857187
0.42533283239482256,0.6202899509178528,0.65083980264761,0.6311829224468533,0.6963853918788058,0.6670514785956175,0.7249839207718924,0.6667351857952282,0.5627602643370225,0.6292324130598501,0.7518629212039027
0.34383823592228424,0.6274517190413051,0.6660716330325431,0.6624709006150592,0.6645430980346813,0.67909348128732,0.7256422705725649,0.7010070458189162,0.6085963387727984,0.6815206049990685,0.7446076969760601
0.3999386299765692,0.645453414573061,0.7034956451868969,0.6658066838774437,0.6657384383731172,0.6807060777496733,0.7341339358350423,0.6982814179119781,0.6165373960453314,0.6826680032086099,0.7669408631809418
0.4019036317826989,0.6546206023307883,0.6443477286187917,0.5622670204433976,0.6693352697771384,0.6905244736413949,0.7330104093392525,0.6204799096286246,0.6173105030653092,0.7137645736755984,0.7744392976743245
0.4017362703357937,0.628016625647305,0.6075312685215146,0.5545535027454558,0.6547595374379253,0.6549620692066097,0.7538047525666741,0.679160399499916,0.6360241825614363,0.6585531461687079,0.7375809351826771
0.4058294179102652,0.6543989979208686,0.6193728780405718,0.5967378018879202,0.6819982277342491,0.6577544011450391,0.6957879150400818,0.664651635465482,0.6374844328768422,0.6707225829701476,0.7277556221488198
0.3633941345897735,0.6540852185053472,0.6769319086022705,0.6368852257687385,0.6549756701421883,0.6625985318934597,0.7001641283017783,0.6511295965300085,0.6412559372650591,0.6525471307548142,0.7455966572421955
0.40433057773278336,0.6286435588793093,0.7015562500682958,0.5251038113070634,0.6580477643443023,0.5910664263863421,0.7152953612269471,0.6746332241340396,0.6673175999500532,0.6763221014221769,0.7482589519328937
0.3398523248748558,0.5872381344575728,0.6537253224623361,0.517069586845765,0.6424182908394102,0.6201421265772533,0.7452577682556503,0.6695154812354456,0.6636581362186204,0.5867099673889424,0.7105234191705925
0.3931364627266515,0.6106886723829859,0.6793884434481076,0.5558534753886638,0.6481393070248854,0.5881456204024796,0.7690639523595058,0.6812171016424913,0.6082866342584599,0.6219412512307951,0.7255615459408964
0.4254067586101311,0.6263053081339526,0.7012000693214768,0.5475134553759241,0.6339423490316282,0.5944529513794841,0.7075663215475511,0.6742786141811616,0.6186474573333053,0.6569856161941822,0.7366369470529819
0.3587252883266242,0.6417059442281443,0.6987947362495869,0.6057741389282403,0.643086180119693,0.6219553043566297,0.7390387039328221,0.6703826700315805,0.6721166927797597,0.6845254511445109,0.7587424739266115
0.3935373756897297,0.6229751201062896,0.6164524477906983,0.5913576579701257,0.6078093861268798,0.6536721887387865,0.7400693862242884,0.6352556936706668,0.6277078489608487,0.687703022223759,0.715772563059897
0.35817235829906596,0.5710000706664683,0.6799364217289803,0.5559445720259899,0.6533128804078836,0.6477787816729126,0.6902987736088745,0.6749775706362808,0.6230998843781923,0.7007229086845099,0.7255155090070003
0.3607220303276022,0.6168713406501823,0.6411791586729828,0.6331537111506074,0.6394621377802526,0.6527242549163149,0.7162270595701974,0.6971070460205403,0.6157513202895456,0.6425286544771412,0.7395311470393542
0.4199051780272026,0.632395756140755,0.6753036690415197,0.6255846752845055,0.6573798994555955,0.6946285991269663,0.7325118065586566,0.6461899192757535,0.5575272149513572,0.6054805209041628,0.7370556329022039
0.39443000031479547,0.647188729627902,0.7034846695108696,0.5646686629281656,0.6682090289519611,0.6089140062706689,0.7083962031062327,0.6653070575086708,0.5578904292511401,0.6474330087111795,0.7695634373447117
0.3984845391130927,0.5809402021927801,0.6006559336364884,0.5949997939208361,0.6619036526042953,0.5735666488981397,0.7145790879800307,0.6711327103044014,0.6133562517286344,0.6829094022678004,0.7727224121956854
0.39536417372368604,0.6156835627041192,0.6453758859190928,0.6670030508974306,0.6792656659368561,0.6595478097533278,0.6826742051393994,0.6397752263907535,0.6180686054780176,0.6734007613566608,0.7666954363211151
0.34748806648285885,0.5926877566646546,0.6561521276840512,0.685488809990251,0.6226727900317621,0.6900392139340163,0.692773718795969,0.638110750805949,0.5151945034217114,0.6634253134301332,0.7453458715539469
0.41148884958903986,0.5829168820963552,0.7014847131006849,0.5548426847058207,0.6554021801352512,0.709013916045624,0.723756858594699,0.65239471374767,0.5685547836692106,0.6928436133439166,0.7207719549373399
0.4105376238336097,0.5354647984588843,0.6723011419419354,0.6109838143559942,0.6895924822826118,0.5917292779175299,0.7281270836757721,0.6548934301964333,0.6188879891719148,0.6464955555968789,0.7261156549459646
0.37036962645333943,0.5295258997393913,0.6949964748285806,0.6504836893663115,0.6743408014485526,0.6087181684139957,0.642108359343135,0.675480934130013,0.6453402484695964,0.62492661583617,0.6674888388648786
0.37170566298208696,0.5719685130809162,0.6116481729406488,0.601191396680194,0.6916605540632697,0.6482309026888883,0.6968773266471241,0.6256946201683725,0.6041705392629437,0.6209116254303363,0.707783101690542
0.32528534947889365,0.5743687415820943,0.6616921028374017,0.6212415761524496,0.6924234863288828,0.6541539498384734,0.6921330650816049,0.6524697143701246,0.6321337366434799,0.643160643386997,0.7587623422248545
0.34535529241474405,0.6112696733304441,0.6906176374184656,0.6446285437597155,0.6174854972359485,0.6428113571694528,0.7174273078383575,0.6739676449347287,0.5283857703982127,0.6708107562861692,0.7703848316061591
0.3634656582128546,0.6123998665219337,0.6996166132575972,0.6741157213646359,0.6219112143447716,0.620527188151996,0.7238024578093947,0.6783964834824656,0.6056957561638856,0.6926978925356604,0.7469219151806202
0.30841177272003345,0.6200249786233254,0.6152094506944403,0.682265072873834,0.6428747158102232,0.6488044371471957,0.7240102341500605,0.6935076946187939,0.6446626500194652,0.6856751443278081,0.7008040564750453
0.36382163485351693,0.6210822262250091,0.6392586962493441,0.6090143853958777,0.6668296615327292,0.6667751350659661,0.7041882973211813,0.6948500130598031,0.5668517534727854,0.6267664242471156,0.7067367983751457
0.39138495860287525,0.65797202115381,0.6703237705279373,0.6390789905807662,0.6098222646789165,0.670874786878092,0.7058175171055008,0.7060918499016409,0.5973888603569888,0.6437885926461191,0.7627728226196814
0.3813088393688217,0.6521241145753258,0.6731876707421816,0.6623265990916203,0.6601853108430897,0.6577030210570955,0.7346213870132441,0.688867324573617,0.5742390068217184,0.6544415507391993,0.6798969739609552
0.40246652692041746,0.6145660688566343,0.6247971623523041,0.6675058771081183,0.6356497057951209,0.6923703134007069,0.7608909396288462,0.7004993500148,0.5906396623660557,0.6088397062173537,0.7032283587179691
0.43693796459308193,0.6550228767489525,0.6273177940323587,0.6641001421419807,0.608045074458521,0.6088833391994791,0.7142108102674204,0.6890451696794739,0.6352978283881887,0.670233871577584,0.6993810146941243
0.4354598680134038,0.6410575835904866,0.6657798698011517,0.7033631834148759,0.664032809005964,0.6617240118131069,0.6892340859990488,0.7208455489440958,0.677676021694636,0.5627181373483466,0.7159012427160933
0.41086890327409425,0.6286111249904077,0.6775371734058562,0.6403626422414966,0.64081967811521,0.6700968306209015,0.6717715016832133,0.7212533551408097,0.5952262876753612,0.616050024146239,0.7358938462857748
0.4303649691911033,0.6460497199898552,0.6791494967351885,0.5740666972688213,0.6484642658455443,0.6974873983978164,0.6718773836319075,0.6503514690665089,0.6562262770429094,0.6432329361519865,0.762716679122706
0.42893053372113676,0.6323413145634064,0.6827905853494093,0.5987563202236943,0.6095637373691606,0.6378727261295912,0.7152982927628242,0.678315039241327,0.6245231054780035,0.6431425488227903,0.7737639312798064
0.37871341839376366,0.6350606779882384,0.5932413295721009,0.47815157825161664,0.5831512404036014,0.662026681335657,0.6864176932195731,0.7260456389752592,0.6620960199437612,0.6313617724270427,0.7769893319497749
0.34135952524837526,0.6420160893071603,0.6618851954008798,0.5256002731196726,0.6058163063292796,0.6516574406687959,0.7003910748591158,0.6823503275128326,0.665960187165114,0.6551979597893086,0.7378608156970263
0.39428243176648536,0.6138250400793357,0.6756378427065803,0.5911094681068751,0.6405140990366349,0.6715776753984002,0.7126919379041481,0.669453466006871,0.6072826722995428,0.6679395820472389,0.7692296369788827
0.39303373723742735,0.6593367509417405,0.6489929816512336,0.625985837187409,0.6481166282461406,0.6715925221015258,0.7303136277124923,0.6942836874541074,0.5673302101922677,0.6814569415386135,0.7834882253867825
0.3968647401971434,0.5838607344652634,0.6638908332242646,0.6372035471120436,0.615215881442887,0.6191039832674049,0.7256207777526616,0.7086130224561424,0.5969164552343067,0.6221200364619787,0.7204256573184497
0.40933846365939586,0.6104597361071831,0.6798024390401434,0.5609918998456376,0.6187259341349116,0.6404226762066345,0.7407913149542005,0.6637478829105734,0.6446440046860464,0.655310155738849,0.7371834698838733
0.40711360168692573,0.6366326668391844,0.6960328059713192,0.6425532142829685,0.6438189948610782,0.6182211185557527,0.751677239464642,0.6936111510030281,0.6374308401014527,0.6518058210188291,0.722920409973592
0.3754162860964091,0.6465683689006643,0.6556391854868043,0.5821293834531385,0.6835813067891795,0.6492511599351549,0.7582464105149829,0.7039598881459395,0.5432578662391787,0.6680610082514271,0.7573486643526149
0.4119283071302682,0.6374202716808275,0.6651949914355026,0.6173378140938888,0.6884188141272521,0.6804343202654513,0.7462479190841447,0.6893597990123959,0.5853924332389997,0.7001257162000267,0.6915605142971378
0.3576807343504265,0.6483357558622989,0.6668446840288146,0.5238003230659285,0.639035833478535,0.6315414557364546,0.6606917180761079,0.7012646961668225,0.5841356152071042,0.7121623211944428,0.7264485854580849
0.37847747442946333,0.6129232819589734,0.6960092058961955,0.5793988899873566,0.6079983882468503,0.6444410989442357,0.7149863817324487,0.6549400498926381,0.5988023305419627,0.6946790945982235,0.7587911678757735
0.37676776379673954,0.6204957870828045,0.5734662640583048,0.5541041236209704,0.639843680979771,0.6671510274855293,0.6841758065409246,0.6836167627738361,0.6223652267118822,0.6450363884740251,0.76641704381794
0.4215790351282753,0.6221672016571584,0.6268251789237547,0.6492245207613059,0.6826658293007686,0.6211966559330636,0.7411017603400023,0.636102745908275,0.6661487541764931,0.6335898395017918,0.7829019655713202
0.3540503185070132,0.6182825811440631,0.6927709695505893,0.6163109996552172,0.656185310377421,0.5994588457268063,0.7416944828955904,0.6820488303992566,0.5149730219424435,0.6822686514841534,0.7524957651106039
0.3525455362386649,0.6098512506204619,0.737608205678711,0.6043942721701316,0.5484782436365739,0.6399588552955067,0.7582943952466357,0.6095657212008753,0.5800434290995261,0.663784435717649,0.7392972752394151
0.3096317890122556,0.6508284619922493,0.6939709722346799,0.6273829762797334,0.6064917535210685,0.6600040224365155,0.7035737691484367,0.6806384606464791,0.6062273730486423,0.5687136196236813,0.7543276331440243
0.33386653755798784,0.6569106909389246,0.7110273402195055,0.665484968040093,0.6371087322962528,0.6731780114882144,0.7179105032172244,0.6918554919673487,0.6448906412305662,0.616404012322108,0.7368015120695186
0.36963037134326493,0.6081449078487938,0.7407065111532474,0.5904379155641634,0.6494096665832443,0.6073635363018628,0.7210533595303845,0.6955350372214375,0.6631220099653017,0.6424188960926187,0.7689229464292898
0.38241961800559343,0.639858347146125,0.6787306393185741,0.6371019576935381,0.6204673912035162,0.6400299666988262,0.7317289539569831,0.7238967386959594,0.6190521897591367,0.6562032346793948,0.6493526948467014
0.3864270667815024,0.5947833838647465,0.5702260517782238,0.6464584642553617,0.6278786129211418,0.6663846340778561,0.7629215775370135,0.6772299503548299,0.6250723036209395,0.700622923254167,0.6586397658952834
0.3401562794459237,0.6089414462196079,0.6310684465911192,0.6627080282033866,0.6653900237492028,0.6252229797690391,0.7293581766204653,0.6088568031070768,0.6291838741632061,0.6959412011593549,0.7035108086723847
0.38789920938407585,0.615138707476079,0.6220778791935065,0.6402789973947922,0.6582085127833992,0.6195232400678633,0.7351509442062318,0.6506407375832399,0.6300434842899099,0.6658087973456107,0.7137327933323423
0.4120679566606622,0.6087869060688312,0.6784062598392744,0.6101584523737851,0.6621655206791728,0.6467967796014291,0.7644528016412108,0.6883150217908574,0.6566513908450451,0.6887303071232638,0.744443054307531
0.4280324049070895,0.6168707353225873,0.7071637867692047,0.5801498859444939,0.6707731670752937,0.6548769601544445,0.712230793015923,0.6437083271834285,0.6670890700305429,0.7165832004212103,0.7562219508334692
0.44231120454736295,0.640014541836079,0.6759672422053612,0.6370632339107936,0.6768108594750242,0.5944282881143759,0.7122896545894927,0.6967242057956342,0.6668602168809822,0.6607451863581327,0.74245558554194
0.4225639176576093,0.5917391579190895,0.6394799532312935,0.6686309732481133,0.6602752091184226,0.6420768526213434,0.747458708124891,0.7157272534420374,0.6595235448923387,0.6882769304056819,0.7142463869940321
0.4202336558470243,0.6274734167846507,0.7094702865230837,0.5303803354442718,0.646748419565573,0.6826233132565525,0.7027477201327462,0.7149110538515067,0.6701648032820624,0.6485697629667212,0.7351266852760865
0.3654035397118407,0.6156093149854711,0.655824652169198,0.6083714921374714,0.6722838173922538,0.6613680253420885,0.7253545975958913,0.6396597442710266,0.5711297655554016,0.6844152802068452,0.7544269994720789
0.38238170325997034,0.5719407154697209,0.6790647576748974,0.6063591911078205,0.6661127472743976,0.6639301124215509,0.6527653964223836,0.6450410244762816,0.6131376670172357,0.6915245064849782,0.7869311340473923
0.4290602120215842,0.5951871257074897,0.6695787106050793,0.6392610810617823,0.6133824086314268,0.6713687101044905,0.6846926971012324,0.6780331989871407,0.6215260527431768,0.6777082034050197,0.7114391621098037
0.4388602251544981,0.6063301506336037,0.6685135477235329,0.6537339714589461,0.6734959404629506,0.7071869164842333,0.7123334500030649,0.691515318990618,0.6402006284016066,0.6948101802505249,0.743086946524373
0.35249943057827,0.582838008494163,0.6927615655161341,0.6585588978761456,0.6223519116411326,0.6145521851429259,0.7217028410247874,0.6739866226869949,0.5960548738107373,0.6884486411406882,0.7575450658527607
0.32461844804596,0.6117598942286124,0.6779793490950324,0.6723744695911683,0.6727933135329993,0.6255953561380101,0.7381060986839283,0.644404067085993,0.557348201292968,0.687761340746187,0.7532502359022607
0.36654852459976006,0.5732322470015523,0.7006207845952381,0.6352313708040921,0.6425873428215916,0.63426101980097,0.7327630434951093,0.6623853766287597,0.6065921717474234,0.6163652921100664,0.7588691222136754
0.3403191823017691,0.6377589605983482,0.668981219754679,0.6238337457836258,0.6804833436985882,0.6202073956957861,0.7545835010575974,0.6746565506805848,0.6085510020573541,0.6337455960315783,0.7600463015540482
0.37660176236273135,0.604470821114655,0.6610984724200233,0.660857386099621,0.6407888030114449,0.6648429348437709,0.7652521949036457,0.67088251382299,0.6249963046267324,0.6461938292624642,0.7823930098652433
0.3685013158793442,0.5363982809655936,0.6904827031904908,0.6651923516439644,0.6532777832273213,0.6791455811399256,0.6658266791419698,0.6771245532329029,0.5946800700853583,0.6835372550113199,0.7693524456617431
0.37881199516159936,0.525419552759788,0.6196008111243108,0.6229435393113965,0.7314380318746048,0.6676617905439812,0.6845179789350524,0.6824443349389897,0.5911718454297413,0.6440703610074279,0.7392697797135046
0.27533620492449773,0.5716327854725933,0.633733883258192,0.6266567466002545,0.6845944797294586,0.5716243302035043,0.7278303807086733,0.6812191734176405,0.6029031080333156,0.6825533364844403,0.7480746410485775
0.3515941608392777,0.6157829166011016,0.6836053086755542,0.6431578382794343,0.6752746675674283,0.5957998377157602,0.747423515306058,0.6946773684492544,0.6235320820918122,0.6044261616199582,0.7305295737563137
0.4032702862407189,0.5688803634918526,0.6552817673435031,0.6150319206672924,0.6624642025203292,0.6416314647575905,0.7503305255499627,0.6983913940749298,0.5827194458122893,0.6382351678811611,0.752066278751955
0.38433030052252737,0.5262833487579758,0.603859769976234,0.6527212181005617,0.6517938489577977,0.6588033442900892,0.7594391170005405,0.7076540442925621,0.6022373632430776,0.6558221207635322,0.7642957845017555
0.42020433567936244,0.6045182757605796,0.680752531137732,0.6267391230026605,0.5857274922091804,0.6632591547279687,0.6909606496251273,0.6015311233504593,0.6089731515127004,0.6770816705653515,0.7455200074613847
0.35280552411784255,0.6444865747044433,0.6536485689064524,0.6298780776490347,0.6231415343301939,0.6245068012364327,0.7047314883109811,0.646623254033732,0.6511507957286656,0.6911548162580867,0.7729374489481631
0.3632213747031573,0.6336697054770248,0.6370210335324545,0.6804497309203095,0.6395129838701812,0.6492437484541744,0.7445799517369475,0.6686791986365087,0.6490106788981637,0.6912851782118291,0.7245306561593794
0.3726777175842185,0.6501824939949746,0.6697834174904588,0.6194105410410389,0.6552247086084526,0.639385939470824,0.6234284315208295,0.6270685116383133,0.6780568410885475,0.5976990114255154,0.6695315893629395
0.3726453301539565,0.6747684450630249,0.6886557092564158,0.6209467600937486,0.6802357114998645,0.6701782741720089,0.6958029874329555,0.6881934393516443,0.5939628421797706,0.6233569506452958,0.6985577740430685
0.3960531124265423,0.6293992258978609,0.6738594529411871,0.6461957318161511,0.6202486100120297,0.6470977168536661,0.7339083352464506,0.6667758325390275,0.5711910942201281,0.6467452089492928,0.7294272994514694
0.3206026253020807,0.6094870058747701,0.6247846679114791,0.6489777555100736,0.6667947651259294,0.6603660832735043,0.7317750724047611,0.6693306545183051,0.5969686878593802,0.6689220726861473,0.7183833898547648
0.3836722909753313,0.5628637808124566,0.6517802406121576,0.5494921437417128,0.6794083411142982,0.6664449341087116,0.7423050549855692,0.6649530981005128,0.6289931280384486,0.6916201776823454,0.7423216201357422
0.32181529393030783,0.5916515911859812,0.6197761680144352,0.5789642978093994,0.6952568770791736,0.6152167642255353,0.7494916598665282,0.6314456562105252,0.6385490252054696,0.6636893027412872,0.7545668139822044
0.33270867781067914,0.574941579722862,0.6711386350121304,0.6267738637327898,0.6265327615711286,0.6658122912273474,0.6640698643540451,0.6752915256222276,0.6498513530001766,0.6843314580130979,0.678943406828515
0.39960189968463683,0.616138360933361,0.6944942446797461,0.6459732014337733,0.5998511957641339,0.6337121915994651,0.7064012212650416,0.6686221065540557,0.573661574004432,0.6993690472322387,0.7258982912873485
0.4002038429659637,0.583394178143173,0.663401214132721,0.5398412411778369,0.6493403462325898,0.6251338360817166,0.718824605064571,0.7200325065011453,0.6073200934645139,0.7274030877184408,0.7398775608645229
0.3125144743508447,0.5458852429995027,0.6957694965771837,0.5474160774314528,0.6712382765690668,0.6150497550629341,0.7286380494790309,0.6889360898343164,0.5936206346229226,0.6935074830499954,0.7626054055006829
0.3476830989950252,0.5944165644394339,0.5728712507897452,0.5944937549226472,0.6456762196806389,0.641088568668492,0.7381564748243018,0.7228256186688222,0.5645427353277952,0.630993444318009,0.7187888169058183
0.3993631447746617,0.6083520638422211,0.607426370826851,0.6108005316387559,0.6577846424144751,0.6788900683506836,0.7018107826549678,0.7464542458477365,0.5712375480845948,0.6618060723820839,0.731035809331642
0.41192964074127414,0.6021987229170666,0.6455121594624987,0.6069871670616916,0.6063893947764718,0.6573526718325485,0.7106407344467629,0.710601715401553,0.6343362961389667,0.6828881788055351,0.7520453310098856
0.43007023454988114,0.6360487678772322,0.6947689233142458,0.6284803002897008,0.6428747597714825,0.678821434211615,0.7450444310640908,0.6396620665840448,0.5784917869052338,0.6431741118070002,0.7561869690263958
0.4304312615098807,0.5884824199563439,0.6243719953180442,0.6304313696998363,0.6461468043883996,0.6803694326353268,0.7277699043848563,0.6732072783903167,0.6424922074976662,0.6752042645835414,0.6808162006699792
0.3530928579033929,0.5860892315608693,0.5961829951821271,0.6398322087054913,0.6420463616144804,0.6450853643525082,0.743848422715506,0.6453861522767965,0.6445008453439971,0.6896241333286741,0.7211536723572685
0.3610479812703028,0.5821269337135914,0.6661615145073503,0.6465771209804683,0.6637703561595689,0.675019531623644,0.7132347408800875,0.6657304506331893,0.5816146741249341,0.6499518319395512,0.7230949534465998
0.4108320532431876,0.585554129828584,0.6664929552102448,0.6564273896849708,0.6186122024658989,0.6605568037048393,0.7155787972041752,0.6746062915776432,0.6019563268263785,0.6250267371738921,0.733235052014328
0.3295563039942774,0.5935886206096659,0.6727210987653021,0.6797639532033806,0.6678942476262409,0.6909483393958771,0.7490151918478805,0.6434479432264498,0.6217588348258958,0.6494385001296517,0.7568296352396688
0.3886426950328739,0.599774845545474,0.6869616600423658,0.6727319545482056,0.6786862964419353,0.658130211010817,0.7390243252781896,0.6589748081010498,0.5351777772231244,0.6745309194917148,0.7713372871369952
0.3934699005529986,0.6063816396183146,0.6269978522020865,0.657998383002943,0.6995883360611699,0.6886576368930499,0.6712504147928146,0.6537670843787877,0.5935532779238254,0.6244819327198423,0.8047670200865624
0.41038999909914575,0.6248559891582084,0.6587717235529493,0.6687140967166036,0.6040188818830955,0.6407843966246346,0.7134255862163883,0.6885876654860538,0.5784413710252607,0.6625329612708801,0.8021071011992306
0.36093467165050186,0.6577034257142567,0.6606921477351497,0.6035275402532364,0.6076895319755011,0.6580726531100201,0.7318850491027944,0.6891451466761431,0.5844935075275243,0.6846857966661473,0.7317794808462024
0.37278798314895895,0.6356837072910727,0.6468951817149362,0.6140480334627227,0.6262920474588562,0.6859315152568564,0.7419841007893311,0.6319386159045562,0.6371337812620564,0.6542130678565327,0.6995955850820452
0.403047559339889,0.6508753435920362,0.6264698848265962,0.6226064523742061,0.6486384859777772,0.6679373102896876,0.7442368089845736,0.6734215245666637,0.5954568912987225,0.6600478129755639,0.7555048415439471
0.40983901066024897,0.6201340279498827,0.6570339405118406,0.6181748237730809,0.661472060405282,0.6086147608171186,0.7562400148329542,0.6874522405197574,0.6741466489201944,0.6380731416288248,0.7676747808636415
0.42671523307221415,0.5198942500997351,0.6340105940590203,0.5796944827611582,0.6838061986956259,0.6232892517831391,0.7288578180795516,0.6661289290943544,0.6363713217831445,0.636677727055374,0.7344752234089836
0.4535907011742902,0.5419569966231026,0.6816081714842268,0.6059119746416085,0.6912221915504756,0.678603680246969,0.6870669088558168,0.7144912123401868,0.5783786826860934,0.6385065485478263,0.6781120371706377
0.41143837041503495,0.5962821745221757,0.6392448883635798,0.62548783595746,0.6827282959991241,0.6654320609357312,0.718784066051765,0.7316072380500578,0.6437037869326141,0.6510542169336395,0.7449699100155438
0.41924871282960774,0.6251843222410851,0.6644504475913589,0.6266099981858544,0.5780610048979765,0.5599487740036035,0.7212263217800824,0.6438290045345665,0.6564614107563073,0.645908157867071,0.723760645853181
0.3373871907989646,0.6253457589180571,0.6548939478680269,0.6348846543008548,0.6209726132480727,0.5940694512605843,0.7354820431600151,0.6089753358472558,0.6522093959664487,0.6623891194647415,0.7435976037760212
0.36608157700459926,0.6264411760201996,0.6651123769029605,0.6030649769567525,0.6442727979686091,0.6036526401763702,0.7549002816931019,0.6281214089649809,0.6460689855287296,0.6712218831811188,0.7435772390909787
0.3212434611776602,0.6236979503140221,0.6828679778747984,0.63565117148847,0.6635769081840284,0.6366465236314662,0.7638796909262093,0.6772179349964775,0.6342757603800041,0.6928677340247343,0.7496271662047753
0.3249635674259438,0.5801627721616972,0.6865086696627272,0.6041896586225434,0.6853502952341124,0.6989680296188067,0.6673653618333555,0.6989762959162835,0.6261159133519265,0.7094985692118967,0.7578927957610839
0.3535255680969741,0.6112619408887348,0.5679140313036253,0.6088695081417412,0.6760365304375883,0.6670423078999002,0.6930138932204541,0.7025154395088415,0.6406846108034534,0.7011884995684393,0.7840127440093024
0.3746802649261953,0.5776385801591402,0.6046996056759085,0.6602204312812464,0.7128273181318755,0.6015898296895873,0.7027677380210591,0.7230060581528626,0.576808319676098,0.6388550719535083,0.7814052642936589
0.40519592508273117,0.6002678524471632,0.6704635459479024,0.6491065113898927,0.7014590315595965,0.6644098104096301,0.7128989424717451,0.6672786988206012,0.6128024659377469,0.6793212629589636,0.7141426285898685
0.4353200826041917,0.614462113460166,0.673620310143691,0.7014364512796709,0.6834847021855441,0.684308463682989,0.7304928571770767,0.6830398957919246,0.5942965916663245,0.6495959668573049,0.7174988925601077
0.3778844583507297,0.5558441421522187,0.6828731777633057,0.6067702415688268,0.647746846159694,0.7194708012822885,0.7475315579720218,0.6336755811824324,0.6503503261816684,0.6825810458992616,0.7417169488140364
0.38743934778918043,0.5858660231632824,0.7027706359373084,0.6430501149080485,0.6112003016116238,0.6978953476054641,0.715121436803225,0.6202380760921687,0.628681778522613,0.6479441148568358,0.7386500153210911
0.36263491677867216,0.5598929459230901,0.6399211393260507,0.6459685580450389,0.6827394386377161,0.6786416165939635,0.7277904015913579,0.6433906607329294,0.5858546111093926,0.6694935774805999,0.753462641832895
0.3467456733451789,0.6010642503829974,0.6609512085575088,0.6366420988991259,0.6600861438581545,0.6993525842775383,0.7333150185646861,0.6477440337412086,0.6099195236613209,0.6938676167989217,0.7566793225862516
0.35005045389098954,0.6361040174740202,0.6562203604604551,0.6352417688630059,0.6411495414128174,0.6221563385581067,0.7670950668026935,0.677465321608956,0.6245608819556568,0.6789404737240043,0.7575468245521368
0.39058027329461575,0.5669092863149641,0.6839924772692042,0.6217548990357022,0.685079586869078,0.616652642075862,0.7032186243620352,0.6745446531256437,0.6536274237123696,0.7073743558061556,0.7373507505082225
0.3958903947810517,0.5932151596036339,0.6461045129143697,0.6293863028806552,0.6752221986921046,0.669408951057185,0.7057972777135213,0.6855198992328642,0.6699160326430931,0.6262039995409909,0.6622142123101962
0.4013209501842415,0.6388468323986624,0.614552283508123,0.6230689383609571,0.6915151793073511,0.6839457145786751,0.7305372444390581,0.6867230401745368,0.6400063609734646,0.6312860902054781,0.7013553082304287
0.3672459883312214,0.5673688999208383,0.6146978001272558,0.6300931740535498,0.635710904707576,0.690622390861855,0.7381097348590182,0.7145098955074679,0.5955565511224497,0.6327095747661908,0.71123692616482
0.4006157075774447,0.5631519749346829,0.6217217157535708,0.6465613981902076,0.6928582648991873,0.7082789886505635,0.7169125398143454,0.6652524789086279,0.5809359815171885,0.6594590157655287,0.739438591233017
0.39354844757306046,0.5832149734163667,0.6823992418325937,0.5809109817972448,0.7076252106433611,0.6133497838353305,0.6821043217344434,0.6623294704417922,0.6178787494282274,0.66893687108822,0.7558849998243696
0.3754709956266104,0.531538645974429,0.7057217786953895,0.5792129289299842,0.6710166559360337,0.6228620980283232,0.6839996831716407,0.6873903680638154,0.6174512897653059,0.6642516332847636,0.7295301022675222
0.3774199941201566,0.5449902985313186,0.6913862028551273,0.6470350706433864,0.706377546107753,0.6188535485860243,0.7213810660484927,0.6797923437386558,0.6039502065050371,0.6411807476398221,0.7585430283686261
0.30751488084942075,0.5475073190021316,0.6317054313135446,0.654338992774693,0.6651879546819337,0.634462171211867,0.7449764280496283,0.7081131564879524,0.6160194004979302,0.6485045426200151,0.7135335352758827
0.3404310564143109,0.5611435134446783,0.6348011359393151,0.6599260400355409,0.677156930623201,0.6161597951022276,0.7665048508862298,0.6514591190962287,0.6478327264150993,0.6816647395405768,0.7184416251323438
0.3362812406456796,0.593034732192385,0.6395960927998465,0.6377157451074629,0.6842225301195273,0.6215708682333078,0.768964457286859,0.6816895898455284,0.6718590844144425,0.7032363482159829,0.739764870695545
0.33500981546428077,0.5874396860634786,0.6649097498959504,0.6638447481187629,0.6857582438741043,0.6313044663750207,0.6902731801269082,0.6711404788612305,0.6586010401694203,0.6455487537839256,0.7564044709068369
0.3375610029648468,0.5762720714097557,0.6748685248730888,0.6365453574382304,0.7095942821902663,0.5859479284566723,0.7286721136281986,0.6945033392312552,0.5727401643315841,0.6319835225469902,0.7325439958247562
0.3794099021478887,0.6015884509480673,0.6703087792980751,0.6633339907053205,0.5782445274589445,0.604208272616761,0.7065608026766939,0.6035079105852854,0.5917110592750932,0.6603510128990704,0.7032944125627615
0.388241113242321,0.6385728806944126,0.6869543966764313,0.6017131015054491,0.6534454194621673,0.6463433770661162,0.7318040279023845,0.6539456409101936,0.6375773811474993,0.6363324688050318,0.6787759078817334
0.3500687036091187,0.6542305983800565,0.6731086540926129,0.6496548214284772,0.6734866781799587,0.6639625539264471,0.6464379419439253,0.669354442455287,0.6279824766466697,0.6606943299529472,0.7031599746857528
0.35929569243052495,0.5671193517371605,0.6135084191873886,0.5987752287283944,0.6608205656383825,0.6302989052187798,0.6950192572707152,0.6645310071842269,0.6119630111685157,0.6719497402229896,0.7374287273983845
0.37438554488543124,0.6145939447540351,0.6854616629495198,0.6096530413105091,0.6206029041530134,0.6422978625750085,0.7408250588779404,0.676501568279316,0.6531528715361525,0.668859789486822,0.6560357040751809
0.3114983749152299,0.6124488236078467,0.6287801088087924,0.573367465533045,0.6564102895581365,0.6651444920186818,0.7483463895619906,0.6789095892535042,0.657245109093515,0.678318755469768,0.7099454130112992
0.3847098437649507,0.6367202091692838,0.6700777111879962,0.6300141613046275,0.5851324280859327,0.5894833524415704,0.7626910800183186,0.6618751526158797,0.5811758945331263,0.683663988992255,0.7148160497332139
0.4212167165590145,0.6220372983740097,0.6702033148599874,0.6408388933957307,0.6316703696379883,0.598701296590636,0.7349848287418903,0.6598843385749998,0.5887459780339492,0.6770220148899931,0.753470549236165
0.42761116667138216,0.583179654094411,0.6152527931975385,0.6604099074426967,0.6427217646708625,0.6063791340834148,0.7490769319090629,0.66220033629754,0.5937944718544186,0.7183475744223053,0.7305651658786207
0.3520311159491231,0.5914281142917637,0.5709841078319878,0.5956458366457409,0.6586866103978442,0.6099667043256748,0.729024961716993,0.6290063341007883,0.5401201418311724,0.7277427204625924,0.714453729330868
0.4078845352591317,0.5927099385539752,0.6283909033301449,0.5713300285016485,0.6666447634877717,0.6497842076340938,0.747366117912982,0.65285170608093,0.5830730533007108,0.6611421979015264,0.7557110629090493
0.33480304703951946,0.6068198395089447,0.6452449221194048,0.6063971633635011,0.5886175479754673,0.585934760573875,0.7271736844966594,0.6715996470118162,0.6097202180125849,0.657195942748267,0.7581012149661968
0.324801882818351,0.6214765902371059,0.6832039405529917,0.6257771230844555,0.6138470290330174,0.588660562928142,0.746609006997265,0.6783066660466707,0.6394420633456039,0.6779943622307348,0.7656477674086364
0.39459877612089933,0.6081688106332369,0.6581273804158355,0.6654446834760259,0.6050506767492421,0.5614078004402967,0.7328868547418091,0.6813304101330561,0.652428918623186,0.6885209592972843,0.6686112485641829
0.4077082184621005,0.5717417722650002,0.64994599408322,0.6335623511100803,0.6699026676258881,0.5768808904107064,0.7486634388650906,0.6827024930717052,0.6042970889860527,0.6973145380458816,0.7342719015262875
0.4127290800098923,0.6354896602528886,0.6179806600210169,0.6602753676819597,0.5294003919722222,0.6162449718036083,0.7221307295607875,0.7269664280771058,0.6066635135079497,0.7268692707332909,0.7653035710298173
0.33939999682525773,0.56405558516829,0.6026373976896572,0.6706829466835166,0.6562544020237784,0.6607306749067106,0.7266373344884383,0.6549359071521647,0.6254335202852643,0.6712873423748972,0.7231147771712731
0.37884991020622977,0.5933205438067379,0.6114273113911609,0.5846228782119948,0.6108145785002549,0.5914931462485299,0.7181601163254139,0.6768572295894226,0.614527855794368,0.6729040617674065,0.7685910057149072
0.36808437835453134,0.6199143234347211,0.6413222975184378,0.5270527001297692,0.628274288064109,0.6541336786650215,0.6169616202528657,0.7031100782723059,0.6318805803179339,0.6896337590355035,0.8055376710177998
0.4159570395444392,0.5185554969791188,0.6592443239052121,0.6075180704010704,0.5989419137698044,0.6562009183206838,0.6713253766571046,0.6790790089787251,0.6371836698530613,0.6812265939366952,0.789910321177525
0.32850550150247537,0.5857842227636065,0.6074901811426363,0.6563903041851685,0.5808877747005536,0.6021266454222058,0.71624985860518,0.6707289860010514,0.5914092520084031,0.6228039031301759,0.7533926769447563
0.3683495401065934,0.6133565102883973,0.6811816697903326,0.6259937022691682,0.6501501262006926,0.6408022966401843,0.7105210421804149,0.6704549455693055,0.6136971228380227,0.6334231265495323,0.7563103784668685
0.38057641757435756,0.6351588385293365,0.6424408941305756,0.5241956519861424,0.6921149863208838,0.6538947126736161,0.7254833837387358,0.7095371777194021,0.6192760889620503,0.6456353242774233,0.7643150002962146
0.3716092361009175,0.6265244450209178,0.6826602097881558,0.6031662133109751,0.6939808351849754,0.5897389187574074,0.7395819442605616,0.6298781497738558,0.5373406492800659,0.6687909640008125,0.7403435641944638
0.2792106377007774,0.541255732290171,0.6060127966654829,0.6168262846004602,0.6196816584029837,0.5985704518113338,0.6997670300923071,0.6849199908201165,0.6032194850160046,0.6544270882287085,0.7121354542758241
0.34683298751681524,0.5694911638307415,0.6834375206392274,0.5038574951599658,0.6549213777756475,0.6296782462587103,0.6704154339216655,0.6972774012617173,0.6578268355844142,0.5941845313271046,0.7534796397386598
0.38443964041902673,0.5232455466894077,0.6652752046164935,0.5909220168975973,0.7012499772073318,0.6588195762934901,0.6863421648823129,0.7002640233920423,0.6290639357951536,0.651325116243482,0.7800911133710327
0.3711241094733505,0.5683629827125718,0.6924092924022986,0.5967946605825409,0.6688733960192821,0.6772739165913567,0.7059526470428863,0.7022240819731784,0.6549077656381763,0.6602055972818843,0.7474242785691825
0.36091636272780453,0.6231959264082978,0.5933132276935412,0.6217251388144012,0.6250773696077835,0.6349201084495977,0.6424340321918826,0.7192544686471187,0.6126451203060648,0.7057629390556119,0.7060433738401506
0.38921262831727943,0.6421284616037225,0.6478965780354996,0.5696244293696817,0.6453664624682827,0.6604326365070039,0.6603684359953457,0.6741287128787644,0.6224749625246206,0.6601624739261568,0.7474489747096544
0.4068048836744038,0.669228273360952,0.6593397899713599,0.610745372381143,0.6502119272970324,0.6649794101908149,0.6791275926390359,0.6933896574552416,0.6546121200142285,0.6736266502588264,0.742639183642346
0.3471086044390657,0.6439508451263771,0.6020192429960444,0.519651306542446,0.6634295420071157,0.5685811413566434,0.7235283351880231,0.6942915062523032,0.65410735019517,0.6508529429261387,0.7638669755793395
0.34851231836955204,0.6033251922798841,0.6687482835030181,0.628362061983636,0.6937103471066313,0.571881722074937,0.7328012539299917,0.7038314408624413,0.6592398950156804,0.6495903741128347,0.7162017991506618
0.40378743302113007,0.6199256926987972,0.6511636786149139,0.6578568113917624,0.6593198937201732,0.6021491206275904,0.7539129317538804,0.7231678981343621,0.6473752410299178,0.673622915298745,0.736374072608869
0.379300644673255,0.6367028871188938,0.6662654717077142,0.6192375717595705,0.6093795372446482,0.616595072218394,0.733210029118057,0.6707739282087785,0.5820363841466635,0.6638455195382273,0.7412571449768539
0.3701363329247769,0.581666749263666,0.6159357160995046,0.6696853944182243,0.6458592037221795,0.6386069971439647,0.7531187970822235,0.7084686313459468,0.596674799293739,0.6704128070485186,0.7775385404277491
0.38034345820303717,0.5829138913589278,0.6518847424271137,0.6313854594533679,0.6617819847995645,0.6075662144241305,0.7633411195449141,0.6510945013943317,0.6079642118778774,0.6318193947910314,0.7946820731902433
0.3649028355825875,0.6196940910413113,0.6617433655175669,0.6372864546864818,0.6745477757552887,0.635456938844289,0.7659242327978326,0.6612809506278362,0.5933300166932635,0.5948640076256457,0.7673637006248413
0.34984108669643127,0.5440883888889589,0.600532580882825,0.5140634038755033,0.6532420362185553,0.599871952668412,0.7128695143488462,0.6846320106360593,0.6233244636037671,0.650896086617671,0.7706608910655466
0.3604317899220274,0.5541142755732189,0.6359697168701054,0.5611426254141765,0.590743644508416,0.6347759592326003,0.7327734309230356,0.7053355057133165,0.6558135428352392,0.6768038515082437,0.7560193297858238
0.36402372471943356,0.5841997813968913,0.5786366682620566,0.5824267970519443,0.6138856122320087,0.6510052424989956,0.7350350671482393,0.6466206427625543,0.6715093115651667,0.6633418027911644,0.6988702829198078
0.37254937654575415,0.6106223815752614,0.6170577228616507,0.616445479801146,0.6363334564125502,0.6547074337815088,0.7366394689890156,0.6575036431257446,0.6547645434049535,0.672708123326069,0.7575070500328345
0.36428210775736003,0.550585613380385,0.6326856814539532,0.6327148381897607,0.6438643899543715,0.6809986963657886,0.6950518362178351,0.6681761107340061,0.6522709343353648,0.6949870510419511,0.8009807774461197
0.39252030359523515,0.5644710362190779,0.631805345818707,0.6401262932154397,0.6629997814595145,0.6099157204116104,0.7366704732628528,0.6852480075306002,0.6866876536347026,0.702900057542356,0.7654160549370949
0.32858769066865084,0.5775147808073753,0.6668875833337379,0.6701972748300995,0.6859514402966914,0.5756728227879211,0.7172342280786171,0.6856984449641633,0.6786027010642014,0.7064462624728713,0.6857511671657351
0.35986729021065406,0.5303578987987783,0.6714130465079471,0.6895760802034991,0.6648865151279725,0.5851982507061153,0.7265932087267468,0.6562710977116554,0.670522218838963,0.7113206753374814,0.7754144341215367
0.3869562479096428,0.542219974464332,0.6124298731040239,0.6373190598995181,0.6882568891156947,0.6424715813444691,0.7362552209433304,0.6953219170884142,0.6658170764133258,0.650122185873826,0.726375658346226
0.38914506561321327,0.5877446988357142,0.6572648802462361,0.6422330868877717,0.6524004359088509,0.6746794275825625,0.7575863643272649,0.6385551932006496,0.6730016223494374,0.6475671061588413,0.734141859935708
0.385973955554614,0.585980304578119,0.6748713474823691,0.6274225659284652,0.660621745411434,0.6966006508619782,0.7154994462790978,0.6390829759472432,0.7011259006159422,0.6828760856038782,0.7121717745859605
0.3866804634681066,0.5973237350869859,0.7056451119389127,0.6408121304955183,0.661143645314451,0.6569719607786094,0.7196865214923094,0.6655254223585305,0.5791888652011408,0.5970602531327786,0.7137609142472361
0.4061384982581769,0.5497620680780421,0.7183333044120814,0.6520116656147527,0.6708752662631757,0.6163276648767322,0.7284004174551273,0.6597868766552871,0.6022841756633899,0.6367166614374322,0.7244880092174858
0.35318648289922233,0.5658270445270158,0.6649738380990452,0.617479759470788,0.6452399284008389,0.6404479056450164,0.7320136851194883,0.6852312959626585,0.6283142923201296,0.6799598408863747,0.7577144214226127
0.2823827938909001,0.5805965736216592,0.6319665580935476,0.6415649898065818,0.6289483829095527,0.6841392601531897,0.7338768567982767,0.625705254389973,0.6774915918277093,0.6898957701086591,0.7664388034618854
0.31620954024461523,0.5829948631534285,0.6708809610917325,0.6491374113138402,0.5987135068886413,0.5927534281571464,0.6608159328707207,0.640177718469596,0.5715990239661504,0.560492414314479,0.7517804683118643
0.3702935603276465,0.5569656785824363,0.698560737507969,0.4789104634062202,0.606623180355055,0.6080089398444073,0.7012413682652795,0.6646376866009023,0.595624756361945,0.5883744671728807,0.7123225217379718
0.3144742252236401,0.6165113309255927,0.6480486938299769,0.570720444925772,0.6486995061446463,0.6481278610201436,0.701783256509239,0.6122044121406282,0.6453465075032201,0.6601977896709036,0.7546083421159986
0.3804403198486648,0.5379786244476491,0.6829969754211707,0.6134715587856973,0.6603244229525715,0.6598610676249085,0.7141221871300792,0.6829115250366043,0.6637173872256135,0.6286587178623373,0.7251341313839541
0.39360642730996065,0.5788900675024005,0.6370036880790154,0.6254543445105989,0.7168320691585706,0.6372802118646128,0.7267603052380145,0.6572670728481351,0.6741111379976742,0.6712946444135799,0.7496688683998654
0.3521749446484172,0.6195748319270087,0.6616777893242892,0.6269391734354594,0.6773520838565436,0.6321835694512814,0.724569393393343,0.669611576710212,0.6531307270096268,0.6822616274487705,0.720945921095845
0.3448761777532687,0.5449249754652625,0.5793394973638009,0.6218046215361387,0.6812955587660263,0.6474192535699117,0.7265534829232991,0.6700454962296813,0.6675347157038786,0.6265008774241291,0.7420323973436257
0.3533642857713858,0.5626528389047629,0.5995052364464915,0.636947539364835,0.6259754569113856,0.6225515748681703,0.740426548662025,0.6811417195718843,0.6834292486536508,0.6665165572262337,0.7791044926522928
0.3657947754710798,0.5694944081118354,0.6448423828247767,0.6188935370330615,0.6313868773174416,0.6648743998198566,0.7068444791171098,0.671728942852688,0.5753654230428205,0.6775019641333765,0.7214790392811317
0.3924586943750308,0.5956766347434956,0.6463260696951022,0.6407366977132203,0.6965706189765232,0.6690286750087959,0.7230586741226422,0.6839808345834903,0.6136107423420928,0.6798428847167179,0.7656258533217721
0.3836120327615817,0.6060174491558994,0.6260496122083324,0.6526498923311204,0.5552100272781415,0.5952994200922508,0.7099107267845376,0.6985846347148169,0.6634766834325367,0.7110045975336805,0.7221578535359581
0.4057413217384371,0.6297830011300376,0.6142654468805799,0.6418060131364747,0.6050592144654001,0.6339081559229387,0.6475326873825982,0.6780388803057849,0.6786900743308053,0.7258097744673768,0.7079562177395228
0.3496611630400244,0.5075300560145968,0.6492380647655309,0.5884420119189295,0.6319940298942806,0.6018129620005856,0.7073495944123224,0.6820342422956254,0.6503758934350001,0.6915834136077651,0.6775421867211356
0.3560201630827347,0.5551090677507744,0.6590777848593272,0.6474744240199795,0.5737764450827958,0.6372477550280382,0.7312467383415482,0.685506122928931,0.6247408131522847,0.7236599438246799,0.7482482841364206
0.3649197945512197,0.5873825842355345,0.6812110775555527,0.590864157852381,0.621655620326028,0.6040511306256016,0.7484269840957997,0.6946458030023781,0.6071097791432162,0.6673944893548349,0.7572390855388418
0.3403729168712831,0.5438602870339444,0.6779347450457492,0.6054526075758604,0.6456318667881839,0.6134573202462632,0.7507618232556458,0.6979742474625128,0.6320410922628974,0.6318446370742367,0.6759303771549189
0.348365054339787,0.5741314929563216,0.633308870007659,0.6307419166489262,0.6643184144728824,0.6534800270989789,0.7110042890641095,0.6598603847621151,0.5424634825805977,0.6422108997782814,0.7130735671262705
0.3540017846267631,0.5913693103163946,0.6622196495652765,0.6569047415671193,0.6876772824575105,0.6555591411485004,0.6951210093697474,0.6659397702984007,0.5780708772391743,0.6504602119756707,0.7020121233937425
0.37932419412973195,0.6385136161037765,0.7000000733360354,0.6559301877544207,0.6982893002161656,0.6715476647867014,0.7235876085514175,0.6191066244453822,0.6237144811441084,0.6505832472345957,0.7355640048470768
0.34522316633540234,0.6034645575194502,0.6598618639703112,0.6171930326232726,0.6776050320507948,0.6730192320699788,0.7291128236268198,0.6273432217344508,0.6392144179139405,0.6584359197350376,0.775013103658256
0.36783074536411464,0.6084879190365119,0.6618034941450902,0.6370221978779644,0.6139442123561608,0.6262626671775208,0.7021182543135492,0.6283855596884851,0.654314567758318,0.6703317721575437,0.7272679549501728
0.3987772356096919,0.5952808619781587,0.6987332203621337,0.656501863754642,0.6323469564426637,0.5725301236957042,0.6660931565858893,0.6597592229296055,0.6341565230804665,0.685931897021222,0.7420616559720485
0.40261834927613893,0.4987025758729412,0.6998666969832288,0.6233270876537366,0.6498897642881978,0.6087350495124724,0.6819273633560646,0.6446153515333062,0.673042042727614,0.6575348061164299,0.7540390095185745
0.325968990434288,0.5606432794889301,0.7160056520091511,0.629061392236482,0.6796799550590364,0.6174414189525821,0.7294826056073491,0.6409480088681917,0.7095784722082088,0.6271262576960016,0.7738584105067778
0.36243964165181086,0.6182359524244012,0.6934462401913493,0.6396038569427445,0.6489108070147742,0.6362930601030027,0.7445011890495052,0.6808646878506426,0.5644380732730989,0.6521576559604789,0.673809843769836
0.36889122807654456,0.6206722954088315,0.6218550791155424,0.5958944173556366,0.579017797351882,0.655245072482723,0.7227418644624842,0.7064835133332722,0.5945096390802276,0.6796441467267094,0.7243227147681264
0.407896961293025,0.5298350971285078,0.6089168772209772,0.5039672933472158,0.6260111245202022,0.6561703234935503,0.6928198260450682,0.6882943699940779,0.655359765775969,0.6361228303239401,0.7376542967363098
0.41131624391590127,0.5515999848054958,0.6244881816349663,0.5317437804146479,0.6378002142844363,0.6712538022654542,0.7165183485085517,0.6742327710015428,0.621920213053538,0.6634781951783028,0.7461817240718714
0.38366558190749905,0.5660769503141545,0.653185273127505,0.5943919064748556,0.6421154994200227,0.7044648831856775,0.7016088433129984,0.7005284971086709,0.5916568636036944,0.634100199874535,0.7701486064319186
0.33510769207982855,0.5042586089875649,0.5948948581285625,0.6316874128805099,0.661107935149881,0.5283782427134228,0.7201982638372362,0.621311718767253,0.6380131039918369,0.6609157284254715,0.7804465831877021
0.3590266237661076,0.562681306053781,0.5504656091520411,0.5968316094190341,0.6647574941196703,0.6172150163780739,0.755093076669311,0.6898076078640046,0.6230982449552535,0.5949982930599398,0.7077634613694594
0.3818888034158209,0.4568326053269684,0.6348013336665199,0.6089535221547725,0.6226501923149377,0.6376362468386675,0.7026433090913667,0.6695045359781053,0.577119482276544,0.6343919433903284,0.7054253418591563
0.42628865106393954,0.574837574723386,0.642777112630828,0.5961980803343806,0.6828955691220203,0.6939185415080142,0.7259045284886934,0.6781359720257967,0.6155231123055456,0.6555220394828327,0.7156565202497058
0.3577495563086972,0.6071348506113567,0.702640241095458,0.6199249837463723,0.5937798654584928,0.6361683556368448,0.7107410699348319,0.6555377932909688,0.653439710014966,0.6371913138512877,0.7290811020089231
0.3499352388727735,0.5472642143057151,0.707431732798268,0.6628847829128459,0.6387648492596434,0.5701060223482952,0.7396520234107072,0.6830805826163007,0.6069968592619135,0.6390035846825108,0.7291028363946559
0.35039884534456334,0.5741611382174105,0.6828837677433988,0.5826258224532124,0.6779597010839944,0.6414500457586257,0.6675846180519975,0.7085324486568992,0.6466008931041025,0.6467451058166801,0.6976946307575627
0.3608184767491148,0.5871880015847244,0.67631874314274,0.5833934447861742,0.6383992859095353,0.6615740525618602,0.7105133640220961,0.7233998605367942,0.6570425656314989,0.6762782229188158,0.7520261332556887
0.3591205835642285,0.624227303527713,0.6512308640111139,0.5939780617709864,0.6686782699712032,0.6821692967279811,0.7221009293530966,0.6842432013556702,0.6276094074073952,0.7029512911047024,0.687973203972325
0.2999689742932846,0.5985974030131052,0.6214065989714537,0.570537730692224,0.6671642856307767,0.6867830702259421,0.720963583938205,0.6911995950039415,0.6897153905404917,0.6679455499626716,0.7092605750263727
0.36984470250261703,0.6132716507136093,0.6712792856570309,0.5931918832428598,0.709564005901286,0.5902261549456634,0.7485310941808854,0.7235707538656406,0.5768397115258707,0.6754459037161218,0.7464705829377993
0.31129788441740064,0.6146046925382399,0.689111156299943,0.5951993676200392,0.6699476939383069,0.6528867745650224,0.7644738888197775,0.7245540381294746,0.6253825579144598,0.5994974422698272,0.7547496482452455
0.36758248376176383,0.5745071522962294,0.6683798445213847,0.5746320695457456,0.7139822684538807,0.6010878120380886,0.7092894515519194,0.7025816308750701,0.6305282478722231,0.6236332897665329,0.7526502212281756
0.3766743789357796,0.5914772385170444,0.6204718439416067,0.6172204056142874,0.6424494611165763,0.6326229151250761,0.7235424176742158,0.696563196814382,0.6389283159778778,0.6620762973951053,0.7047147382401245
0.28262879731025475,0.5655540960550646,0.6299176329339047,0.6243283457777609,0.6025165812117305,0.6873643945510679,0.6972208719617071,0.669994712764335,0.6670232300865389,0.6845371483372786,0.7269311650346189
0.32445782369079046,0.5733863662527121,0.675923687075066,0.5905399759630415,0.6264017477597494,0.6718038623306138,0.7193066367171108,0.6808769429384607,0.6586672900456977,0.6460223382250161,0.7045608310541379
0.3663974704229412,0.557470026719174,0.5915198316612629,0.5659836989317614,0.6521531471382016,0.5971790513189212,0.7397875309354622,0.6585955197547838,0.6458652874910153,0.6503533921773017,0.7149767216413412
0.36463139524875265,0.5673168911622088,0.6233382605806863,0.5982097639473442,0.686529377787239,0.6101480197032269,0.7628035809759885,0.6790442469477076,0.6506514848463503,0.65791412922462,0.7504263282679668
0.40542859864474934,0.5908692881750741,0.5935354745777166,0.6096271566963307,0.6577751882291056,0.604623743872519,0.6999748990574846,0.6535403484313105,0.6687206285457217,0.6670054856843408,0.7795223197091765
0.4136839657821594,0.5949815836355962,0.629659825235317,0.5863800078398999,0.648425753963819,0.6262874352602672,0.7154045807310427,0.607838174673275,0.6152537599282444,0.6576838928624372,0.7158593598737155
0.32426043934660376,0.6034181629920001,0.6227400102705936,0.6183221707729702,0.6669688807593999,0.6412660766508818,0.7321148020201831,0.6381818232078493,0.6456564864716461,0.7005995967541394,0.753376784903784
0.4188426080922819,0.6063641504452928,0.6456292933381915,0.6447589603906951,0.573379849444451,0.651017359593228,0.7223702741228347,0.6385096213240571,0.6673630790811892,0.694792556079795,0.7346001460408315
0.3719320968153329,0.6050967164427026,0.6737906377188871,0.547029490011199,0.6436429724709689,0.5903907802619719,0.7311510144643529,0.6961029999349613,0.613363351583426,0.6889798676026067,0.7626095583199757
0.37223067141215427,0.5531344182583825,0.674912321595162,0.5777737996388073,0.6105229208182695,0.6559570094566468,0.710154089469523,0.7064453059425637,0.5507508721260246,0.6784896681366809,0.7451007698387738
0.3451151481183817,0.5705529454789049,0.6503608319115795,0.5653616206805796,0.6239057328642325,0.7131537177146312,0.6701913938672287,0.7272813334638724,0.6119852759550667,0.7013917738931186,0.768334507958748
0.4053969086530697,0.5862666343174161,0.6979683895519224,0.5656179366804364,0.5879970261931496,0.5967539827739148,0.7065669981863378,0.6533213116873117,0.658351732675738,0.5470485564814291,0.75837766653466
0.3842255946833177,0.6448546464955358,0.7256323105688206,0.5725917577270303,0.5944471962760819,0.6588324985434753,0.7184796164931044,0.6782637940084386,0.5880378915872235,0.6345985694828705,0.7820242830638504
0.41638834266382885,0.5546763491581977,0.7047908683076647,0.605930632906754,0.6390552923729611,0.6453994669682556,0.7359683600281666,0.6769276246780216,0.6182510774899846,0.6566301134209158,0.7478729068827791
0.3169714444492728,0.5966349496770427,0.6140362641741537,0.5919888947839897,0.660948752900355,0.6836913848075314,0.741364197984587,0.680779119068533,0.6368828897144909,0.658593701393586,0.7405701295474773
0.3215017852807025,0.4566000373346206,0.6536057176848322,0.5642849360203976,0.6490496577208206,0.6547426055611958,0.6758608136351476,0.6384117491835407,0.6451341383924077,0.6519893314716267,0.7447215908462115
0.35805484936452575,0.5199240370691853,0.5971601801055286,0.6249582977001842,0.6812791355218952,0.6195619140787235,0.6918864691483995,0.6877592072801529,0.6467081682671427,0.6700087859948551,0.7374295414976294
0.3896605575991504,0.5595626762827807,0.6320286523944263,0.6289420564412052,0.6196364696620791,0.6069204048941018,0.7328513591530257,0.7274173092622876,0.6155023974648067,0.6698051334611833,0.7461896800289676
0.3876174959612615,0.5230180338822553,0.6350730790043143,0.6234455973344368,0.6648442214953479,0.613982044892634,0.7286767986617148,0.717679532974873,0.6249271079070626,0.6739929629554464,0.7013146280107181
0.40178648769787173,0.5153227829834636,0.7248135362290808,0.5997686478773255,0.6649672518091452,0.6594583649575341,0.748216694246232,0.6524450891718303,0.6696164396020446,0.6957060409128207,0.7374866083931237
0.40223934416991425,0.5969410486857563,0.6248315693115245,0.6514874510813677,0.6381358326863364,0.6081476372834507,0.7284941936324296,0.6097540057496911,0.6005010792630942,0.684872733185512,0.7429782225545108
0.34875385827222644,0.6206053714599491,0.6366800647681911,0.6244614057551543,0.6532925590249832,0.6396968087758321,0.7392415030473978,0.6638823682128774,0.564572556980511,0.6394385600355478,0.7087857603006477
0.4363657090245885,0.6320937788427653,0.6772691657340018,0.6199861780455987,0.6564939582828127,0.6505303749322054,0.7339790479896041,0.6683915367999662,0.6429789398839095,0.6222955652032494,0.7452183749395298
0.3573003013896851,0.6304259522753034,0.6991201375775397,0.5763264301147055,0.6794305675270318,0.6540612074959076,0.701291604250789,0.6610026504118405,0.6035067460373038,0.6329777146429343,0.7900044438591931
0.37470915094321783,0.589741287585804,0.6925279821394469,0.6037900029599854,0.716073050446689,0.6704087456964967,0.7050296045668606,0.6861944354742087,0.601818348820515,0.6516061235105882,0.765549848484462
0.2847415140697288,0.4671537587314438,0.5307203508919907,0.5757556592396589,0.642874820976664,0.6523573098556265,0.736611345025611,0.6239028735854393,0.6205041264908001,0.68106759777336,0.780161141671621
0.32031556217954427,0.48611939948949767,0.642736371393857,0.6246917837471995,0.6580992237895043,0.6264878069202499,0.7042330369778104,0.6401139193840352,0.6570443528125597,0.7027750444756137,0.749125051441278
0.37725268775823817,0.5735793940220907,0.591424951273561,0.6570437037667607,0.5795317860314858,0.6629107349528074,0.7277333465797311,0.6499308453301484,0.615854326762974,0.6708586009441829,0.7633365758434767
0.36637208667294907,0.5812167800985303,0.6076245308169766,0.6552559761582779,0.6420626679344354,0.653567914126501,0.7034702688697412,0.6854811389155013,0.642693829668511,0.6953254285207481,0.700371025784806
0.3139377524023853,0.5907991550699401,0.6604220146426061,0.5901975271855089,0.6647810726971657,0.6908977502631273,0.711864843296741,0.6887600598271719,0.6556939660009564,0.6815943628717192,0.7069874957279765
0.35553836263118543,0.5922073221060855,0.6842323306654274,0.5301826194018909,0.6767156960420944,0.6834682677713436,0.6839894923977168,0.7426730322040792,0.6594284285141542,0.6786621609137382,0.7329505369659628
0.36227659416076863,0.5771440204182847,0.6635796581305513,0.541114979731508,0.6171050134318885,0.6560272723333436,0.7390524201347917,0.7503085384459537,0.5635838890404562,0.7012439134640361,0.7371691642493237
0.3653141229324897,0.5881005573469826,0.6703525171931379,0.5919658939197434,0.6962966607456254,0.5890436549026442,0.7452284132455161,0.7512871311721336,0.5835481544151977,0.6737822673127648,0.7098974233645291
0.2501083585655743,0.63996543892744,0.5913225396586634,0.6385252426168231,0.682521608478281,0.6598233533241211,0.6680246534806418,0.6549705146707511,0.5994537055754916,0.691487631750693,0.7632531611379504
0.3390837687321649,0.5570435870585735,0.65001784202634,0.6568023455772453,0.6801080716608471,0.6982630491397455,0.7069205700946917,0.6901589064664477,0.6321676045537843,0.7000154625818846,0.794238314899472
0.3580977132597278,0.5950229818497863,0.6986204060732988,0.6276065804707862,0.6314824560607394,0.6305545327019509,0.7475779748610669,0.6833756287477056,0.6160479331303499,0.6303044002806398,0.7559962524494145
0.3731343726221581,0.4993196520491388,0.6042831815790131,0.5210574934476147,0.6230690565344871,0.6201998942978204,0.6661837737254529,0.6815885867253254,0.6460725209071551,0.6469756265941,0.6964592524632656
0.41918100274765235,0.5491575705535068,0.6382709329211176,0.5871348350124326,0.6432788262872756,0.651965637669927,0.693116573024958,0.5965437593056441,0.6651073622059889,0.65686828583794,0.7465212360825393
0.38477332793209806,0.47932506213259835,0.5843235605615279,0.540718229017977,0.6584183976478082,0.6349787351909334,0.705310796837856,0.6435297310326145,0.6742832335883369,0.6634461865831642,0.7800205129200604
0.4184091110363417,0.5389047874718838,0.6508633771884584,0.5614082757596216,0.6975334677137854,0.6475494686174197,0.720325819383324,0.6589173463446455,0.6012470580534102,0.6897888728470369,0.779180093416455
0.37465305582382125,0.558295553689762,0.6831432457492732,0.6064679824869694,0.6710625307451099,0.6416256082898195,0.7594258839495438,0.6695250720186768,0.6277434236775956,0.6759730491158339,0.7967973782004903
0.36806971158039636,0.576953563490095,0.6915752140093179,0.5841934794290954,0.6666369875328052,0.6302092092616325,0.6445497253291226,0.6820925412541164,0.5873562510924226,0.7169815685462294,0.7580044165766083
0.3577029769537246,0.5321029943704305,0.6441440494714864,0.5789756334234224,0.5960314507768855,0.6082064640468059,0.6876283819530806,0.6610617601597242,0.6069052679760274,0.6800430700562456,0.7559745219660438
0.36601190158100333,0.5903830887723032,0.6212470050418887,0.6166813272249547,0.6106988694954194,0.6091874228003248,0.6789121073424621,0.7080590388603191,0.6630611329433118,0.7004790357431208,0.7642759753678152
0.3948175430581842,0.5631499029798581,0.6519294484794802,0.643293613900934,0.6813139666190751,0.635116305352897,0.6906236396708371,0.7113126281651403,0.6092543743089135,0.6266618377330607,0.7115304956489243
0.39676819523652374,0.584197833926005,0.6310673970890766,0.6603108909469468,0.7011827333927529,0.5966251476316988,0.6774941696446023,0.7126224957271228,0.5819790199035251,0.6345868240427583,0.7238066701637264
0.3934199524915328,0.5442339259990433,0.6766517619679899,0.4815507509610493,0.6503726474028653,0.5877331475237766,0.7070655195887818,0.6752105846681926,0.5440756106337976,0.6405262484152705,0.739696377707642
0.3360642982092418,0.5567054217616374,0.6230960194552313,0.5556983123664906,0.5890437429139826,0.6213773576168407,0.7189299069459143,0.6824539840323307,0.6325712719541251,0.6433707170611676,0.746613662447596
0.3610830052848937,0.592395459332883,0.6596883221797429,0.6005463941654802,0.6046491267687374,0.6617809691204772,0.7224124452825311,0.6950116438349085,0.6321375503219863,0.6816094044668994,0.7554687094912653
0.3435696125741232,0.609553557821193,0.6038104913384227,0.6227786971356661,0.6647034505331783,0.6597495877600563,0.7370724532580037,0.6995097854237372,0.6522152917886984,0.6495778950168375,0.7380375188437382
0.328949082609134,0.6257163114698986,0.6500883277770082,0.5882252542992547,0.6792798266369121,0.6897292997860807,0.7400772055571061,0.7014600807089517,0.671451113471732,0.6624312512243523,0.734178109105505
0.3312406031211702,0.6422625540432403,0.621562154401975,0.5998228003694828,0.5850928860217264,0.6594624891759693,0.7274982492695823,0.6977261880612401,0.6613749548837575,0.6714402667659964,0.7571372004766179
0.3679799180428667,0.4875161298643211,0.651286859156044,0.621102229657389,0.6016661671594103,0.6597358652886136,0.735457540964034,0.605009317067724,0.6292788313163699,0.6071172343300769,0.7383044258040946
0.41144099772653353,0.5447281168392947,0.6805170871942557,0.5300698934771374,0.6151351436016589,0.700585506305221,0.7574169625553612,0.6628596907901387,0.6304934970788623,0.6474023154097721,0.7614706124147725
0.3381828741107163,0.5987548322201002,0.666812699587591,0.5505729841044031,0.6439671143857336,0.6624749480767155,0.7102891733775939,0.6758449421561818,0.6174945119688029,0.6381675727470157,0.7929053198819884
0.3096875281932396,0.613494260121398,0.6183116227107652,0.5018147478955235,0.6175339484165787,0.5978375439603748,0.7262555012351393,0.6963555508752035,0.6311267283070989,0.6554373731702001,0.640368693608592
0.33530323993021416,0.650062894686819,0.6441890586731085,0.515929034960929,0.6161718249472856,0.6197569595548769,0.733164868061666,0.6212831062796854,0.6293451814618097,0.617481339568936,0.6535058844685864
0.39278813614373087,0.5488086724597879,0.6636064848175878,0.5961054675583981,0.6248227681851724,0.6172796032520361,0.6957105641338891,0.6471908008116981,0.5687280727590219,0.6605117813238532,0.7147124464267632
0.4173743147015547,0.540828370685412,0.6392788540311969,0.5681303239943041,0.6355376869187486,0.641952026629065,0.7434354004475493,0.6791705691132133,0.5901567570371459,0.6350716491349142,0.7190840206941234
0.3133646818068974,0.5074444751714475,0.6821511787910614,0.6007390201072957,0.5549933234408081,0.6082901599568151,0.6714903391230569,0.6489466089114488,0.5416069197265849,0.6633827173220602,0.685546129404709
0.3200793895839783,0.5376578082549233,0.5996348940690652,0.6690320117310928,0.5749194251505918,0.5296393030233598,0.6707458314652859,0.6863269035187242,0.5830832267112905,0.6719724847010307,0.6586164565455463
0.25289043907551645,0.25687475917148506,0.2536586281971166,0.5413178843947846,0.4535502669551857,0.5210295986540221,0.6347567900286131,0.7016082788934459,0.6332884462430419,0.6747442870286509,0.6065728312566931
0.2085931701162095,0.25690660537115995,0.2531119124660114,0.5508205968660043,0.4045327479342058,0.5296331851977083,0.6785167615631322,0.6606882418476131,0.5778091176642588,0.6772186539587932,0.6313259327476006
0.2332479294967696,0.2128805766907505,0.25503791123537933,0.5518577166417339,0.42825710506795966,0.5516716743908707,0.6779136076462816,0.67554460764146,0.6150495895951628,0.6619387999896001,0.6706400141162387
0.22454328956588193,0.2319643170378787,0.278643349901845,0.592959033417195,0.45572477581493953,0.5572642002986786,0.6559741187432395,0.5942213957167638,0.6006541081514339,0.6580054577246539,0.6586072457988167
0.22786476109141623,0.23251533355120393,0.28714796010019655,0.6065961993399246,0.5325276168203892,0.5583359072198202,0.6993464675442067,0.6396908241515149,0.618112941714057,0.6745211586060439,0.6224218830033411
0.2431280648822445,0.286350561691367,0.3512766820934367,0.5902526405960244,0.5502803522315474,0.5612473041580545,0.6725505295452724,0.6578100820221258,0.6403982568502082,0.6857624920783734,0.6436186611240298
0.25208658670355294,0.35123030338187566,0.4066521039948683,0.5308654486241902,0.4652629907540721,0.5882164932736932,0.6915411446274405,0.6880484696924358,0.6178665795740362,0.656022958377275,0.5938406230819061
0.1653724485904086,0.34860089335054417,0.3039553572705111,0.5502051408725065,0.4403894317758243,0.5663936550262156,0.6975298423161413,0.5738578347306549,0.571722672283198,0.6703644023157864,0.6091476122383643
0.176059152038971,0.32331375750977726,0.32434694110139073,0.5694659243349047,0.4929442401250631,0.538867280533259,0.7143342578064924,0.6272716397122526,0.5940609718688519,0.6890511161989661,0.6396654780533009
0.15214257661870928,0.274460108633666,0.23204940069320765,0.597209018007417,0.536397875008373,0.5747376997937372,0.7402428742389213,0.6677696256943151,0.6307246377476388,0.6721679344920927,0.6256358315185937
0.1459358469738098,0.29183410465957443,0.26234008150625165,0.6081541217476945,0.5517305330261117,0.4769167654168104,0.683511030278978,0.6609160550512702,0.6723157932119297,0.6728029484432456,0.6141838243283985
0.17073195360472151,0.23445330163412245,0.2258233296393714,0.5891733032210871,0.5823802217771585,0.5372922862238179,0.7254165902089819,0.6648420346419641,0.6386915514425757,0.6353544163751619,0.6054343763731264
0.1689461492680874,0.3231808257105053,0.2404139099419482,0.5970611299608446,0.5615447277555509,0.5664749570150982,0.65106819152752,0.6374032770341116,0.6353223713913675,0.648571071812061,0.6227215669407398
0.16090675386652917,0.3667434554434579,0.25151637958227163,0.5971942988950483,0.5427088647716236,0.5181890154171216,0.6929410351873575,0.6697330035070774,0.608490871905914,0.6487414835683488,0.5948758792901638
0.1370125438071898,0.3057255444330237,0.25283394537473014,0.6588309637750387,0.5690569956682786,0.6068121814277059,0.6942869973910715,0.7004874531684094,0.6144044867266941,0.6157803244911477,0.6172819336288398
0.15700339110907643,0.36446755030612066,0.27334861459774307,0.645294165495267,0.6621586155205288,0.6094423783866532,0.6575149059789377,0.6107052877026311,0.6126813272676737,0.5871206259625013,0.6038527559226147
0.1819807997166598,0.42957436592224574,0.31135194151911655,0.5727158164208788,0.6044924113339978,0.5255734294473633,0.668185893748998,0.6197857440009618,0.6001509489547127,0.6245157265648642,0.6103538146212155
0.1827941623360822,0.37210216129063844,0.3238657614507459,0.6096867285364971,0.6454670276026775,0.5728491353812081,0.7114137329973513,0.6824688928808498,0.6014799060316471,0.6276951582659092,0.6414434590006655
0.18934704023384175,0.37204778864683025,0.31022993293336204,0.627618037383046,0.5194831625673667,0.6171633272104062,0.6174467001149809,0.6652823045836053,0.5537671850881133,0.6737139714308558,0.6546513239790481
0.20190525492642336,0.3543946318685914,0.301866174220008,0.5734146741259144,0.587877150523383,0.5676973853652637,0.6318085202889904,0.6486777444924441,0.5645891884381026,0.695866303953502,0.6331048257627127
0.20735341068173951,0.38379386581266683,0.21474470083193492,0.6044985593134831,0.5712608828269745,0.5689432635017873,0.6873892701981548,0.6155112433388706,0.5974549437914425,0.690145759904596,0.5337780255702206
0.1957841056172874,0.3869888670595363,0.20156820798317543,0.6403537735794278,0.6128602287332559,0.5716763867574992,0.732671853249746,0.6472160172057837,0.5062965630645856,0.572842899646519,0.5951481122912881
0.23504655114653178,0.4305961203918143,0.22736616521229197,0.6398776196520636,0.570160661760663,0.5889349087887503,0.7412715517777424,0.6604559692198149,0.5400468048283866,0.6300037412388403,0.6576127960919722
0.16365266810736684,0.39326344342829384,0.25639427977012835,0.6266933681117958,0.6389992469544709,0.6424372039767722,0.7435465489274646,0.67031505203231,0.5812705547430087,0.6800283042655084,0.655977950888631
0.18971859847220693,0.41312512858394645,0.26751080947160466,0.6346442704022339,0.5716522957813127,0.507078531530799,0.6465318281541694,0.6335333298843209,0.5996544687974208,0.6892684708617145,0.627823745880557
0.20617057986104703,0.39236466184304697,0.20641988935285355,0.6432808735516946,0.6265001358142351,0.610013682947618,0.6777144844250778,0.6380788965301962,0.5856542037299378,0.7166106525206895,0.6500600219366648
0.13997121463280782,0.39054924877951147,0.21985781950145034,0.6309564257095523,0.6507306337457541,0.6484519077730723,0.6344348744715175,0.687011785904692,0.6053664313390688,0.6715755821234299,0.64899705950246
0.15289968462931955,0.3388471958335149,0.21192034970590232,0.6628362803445611,0.6793050182038519,0.6699894938181323,0.6850288651777304,0.6874074991008899,0.5916949384098185,0.5897798949115521,0.5918390845436178
0.17439621020152374,0.38264779036427926,0.28397810241481086,0.6757508055469479,0.6925390269147935,0.6870021858411097,0.585954999521579,0.6856884936176918,0.5748728713092555,0.6159430247817109,0.6083645425527261
0.17462841998531192,0.44654015266571234,0.22330311880245968,0.6792348387963851,0.6610724430538018,0.6746058037946592,0.6610446900226888,0.7149315659383061,0.6044229689841532,0.6799616082832757,0.6584312327617412
0.2019773564913482,0.4646784657780395,0.1742872109660685,0.5155467681056493,0.6714403897507328,0.7250112666474217,0.7060723063932075,0.609032673936769,0.580701866712213,0.6733568570653576,0.6225739487529526
0.21876907209791197,0.47876872167005396,0.22516288265277445,0.566397010247288,0.6222176515163221,0.6733648495468932,0.6811191478338381,0.6558656167542853,0.543449792330199,0.6873727974656991,0.5720125878025742
0.2428077197439795,0.4895394125173329,0.24829872994617477,0.6286073813819413,0.5784486045523196,0.6921780995286003,0.7060137974985828,0.6692690274684937,0.6066390545451871,0.6400050201467448,0.5897829470787366
0.207373159293114,0.4208111979580283,0.3158204006895104,0.6652793574524467,0.5669073197750025,0.6726430978064208,0.6704194945602276,0.6828770385566789,0.6309879807878717,0.6561576639492435,0.6186219098164873
0.1786489637344214,0.2946380114377948,0.25956627922305325,0.6600564160074136,0.5884975094365277,0.6818353989170262,0.6612853721263108,0.6748263351639623,0.6070739862366841,0.6871992030778301,0.6398542637035372
0.18752870965538979,0.31580926266675363,0.24907659214282732,0.5897000515394866,0.4779958695166035,0.6089357991421763,0.645775273974763,0.6666712280624613,0.6090738196667664,0.6680517737858864,0.5894799016595719
0.19987343992222156,0.3337143449558153,0.3255300811343141,0.6279759930389742,0.5813822456605782,0.5933285217881995,0.6387159313071644,0.6221596394290478,0.6355753650404576,0.6104462466730313,0.6168718792161341
