0,1,2,3,4,5,6,7,8,9,10
1.0,1.0,1.0,1.0,1.0,1.0,1.0,1.0,1.0,1.0,1.0
0.6389168048007033,0.7645149064350527,0.8092940633092146,0.6637399392802511,0.7640209328959537,0.7898217434833614,0.9114568479275306,0.6540873483205375,0.5928573713766525,0.6057733062054186,0.7085044519621232
0.5860224669627239,0.7407367199124771,0.7870360952784495,0.7791920398450861,0.8138352479047628,0.655135655972599,0.8969920595885472,0.6856323738769682,0.5985061200650773,0.6727678658271574,0.6332794133714333
0.5771511665595223,0.7710404740137551,0.7246241208291125,0.7616721472460171,0.7253038291013897,0.7471857938060271,0.9386011534739785,0.6549000999871437,0.6363167611704872,0.646029980153182,0.6740740437999138
0.6136135494898526,0.6874075772296817,0.7956800627263173,0.6928666788055117,0.7368205645263307,0.7479995188830406,0.8921054536722998,0.6040739083429941,0.6149600535492403,0.7248700314313284,0.729948123710702
0.5861154273173093,0.6258709465532956,0.7553031408424952,0.7347525155271234,0.7992751799982855,0.7746422965524283,0.9298705496066769,0.6132519280013314,0.6655218239493915,0.6414743013287139,0.687312812779189
0.5933695370155254,0.7252332044905349,0.7384356618347268,0.7813328627982591,0.7617994282298081,0.743236578826228,0.8881253797395812,0.6152235463186809,0.5972813970432888,0.6630863845213352,0.7266532684358876
0.6643479326875344,0.878633961290414,0.7867422758416124,0.7018129713765802,0.8059668597756666,0.7456180942935149,0.9178834605198106,0.589355620709235,0.5591609561845755,0.6822320046320407,0.6431196430456241
0.591590068896064,0.8022944199089997,0.7884783889693479,0.7120469315255111,0.7501603871083908,0.806084412889536,0.8754749674220382,0.6703124542112179,0.5333369781104025,0.6876921637396408,0.7067572143616866
0.5679314745586871,0.8122384221293856,0.8469773989544159,0.7214421080755177,0.7625048774726173,0.7178569626339136,0.8875504434087418,0.6460409195128377,0.6190758629115921,0.5991430257757523,0.6718590607054046
0.5977363593294213,0.7153175051809848,0.7245708666409391,0.6987278874574466,0.7944471425353734,0.7857561502327758,0.8915089946561292,0.6641571546757508,0.604830485721518,0.5814550600510296,0.7190062781536135
0.5776886952125929,0.731026302926155,0.7853926253696085,0.7621822676196124,0.7445318853107896,0.7499940078956535,0.8971366765093356,0.49480659182164227,0.6485344632264436,0.7217373717023755,0.7623283382127978
0.5719829687239611,0.7355044896694725,0.7956707123028797,0.7268403089895236,0.769735351503589,0.7561352897168394,0.9039875360167937,0.5300360156787544,0.6236981922973329,0.6566589644665591,0.745363820981999
0.5988865970298388,0.7331594267978843,0.7335221137123112,0.71659039245122,0.7438409379493325,0.7574918499611719,0.9046009520297318,0.5773738852012797,0.5915482467857669,0.6663082484704375,0.7037283552680345
0.6482093020105959,0.788943094470259,0.7902698486408116,0.7370085949631218,0.7566977095400669,0.735959681742194,0.9138675519549178,0.5807704703485246,0.5872007795905695,0.6453114026348182,0.7067527434539886
0.6516826704291998,0.7863963629858837,0.7522891184642704,0.7390229105170871,0.7663446565642247,0.7434369404547546,0.9192158217038671,0.6458310252812955,0.5884402021239912,0.660639404842787,0.6839955156960047
0.5145415280292567,0.6739980021616059,0.6890270322414925,0.6996025729586003,0.7305436076899182,0.7662980862740545,0.9263631870087448,0.6463691837848523,0.6285071869396561,0.6536105777934659,0.7012484570893682
0.5382866271156705,0.725399576944455,0.7316744849343195,0.7218706686821827,0.7505629755395211,0.7235419099733701,0.9127512495932391,0.6070921773423275,0.5466435667844467,0.6675251510078362,0.7120243847678605
0.57778441937879,0.6654491366957225,0.7333329661073473,0.7454912606982358,0.6974191450349664,0.760528960417503,0.9223702006378585,0.6525053367659616,0.5497258273782468,0.6832379646370135,0.6792539258231883
0.6062235293337859,0.7301845969607768,0.7550804696685622,0.7331923839429452,0.7289802123067921,0.7275169482110998,0.9057797217296247,0.6592984653845589,0.5821391000296804,0.6635461453831958,0.6853053817655372
0.6046980958765887,0.7380831701090951,0.7716064697875755,0.7388611369466332,0.7248188237826502,0.7542330964133999,0.9053512538858232,0.640573726108103,0.5900945165647631,0.6945124067008734,0.6958333812662985
0.5389670760561152,0.6960678295700288,0.7600309508091441,0.7769049011078013,0.7162163703015153,0.7121707836091971,0.9202870868407398,0.5490176852702658,0.5732305469647967,0.7061237216714269,0.7204692461435356
0.5317121893964694,0.7149283788478167,0.7639258946086571,0.7381811791602355,0.7283099588657258,0.725307005428595,0.9132859978681863,0.5745082879769386,0.5786163497326582,0.6833498310395434,0.7003759506581019
0.5584496751445733,0.7478597528887139,0.7828335247565864,0.7427720908542228,0.7505338322125409,0.7360255835673437,0.9209522028407804,0.6315509798802482,0.5955587243006462,0.6987046309023722,0.7244300872843372
0.5782900575880314,0.7844471048886381,0.7890848408280031,0.7376797836907187,0.7164488493822653,0.6537512286158814,0.9101930112528599,0.6085635933226554,0.6248961295572268,0.6154589555436581,0.7083717449865032
0.5219318699301805,0.7464561043658424,0.7623546890430282,0.7293862143651949,0.7589521465606637,0.7047551168783072,0.9113416056947699,0.6142827723278265,0.6259922784852232,0.6230484185106302,0.7336827929888927
0.5810850881706535,0.7552791243591856,0.7781419133163445,0.7060493664797881,0.752585008140116,0.7280475647706869,0.9042511170661263,0.6536494568748057,0.632292595466434,0.6383425784849932,0.7416398071477439
0.5126801655127696,0.6741786638155652,0.8146819896192511,0.7214936220118127,0.7527399065743865,0.7548958309190835,0.9102462479157118,0.6837222517383725,0.6275505538016618,0.6650359917416943,0.7264260603276542
0.5248585684272511,0.6869921175929545,0.7829475960760363,0.7035844963691528,0.6980504161006109,0.7541529334489258,0.8953109567965504,0.6011105178155682,0.6346362454512822,0.6517676965849584,0.7337935268628435
0.5515142051449646,0.6490567685578735,0.7875079312475114,0.7300022854730337,0.6795153052913852,0.6920419250718977,0.9113791043544344,0.5795569929514904,0.6479118432737466,0.6755966052920934,0.7320600181026358
0.5572036523561024,0.7243176907493529,0.7893461429637343,0.7678827977187661,0.719318917647513,0.7430308766727802,0.9245306983635091,0.5908814467133509,0.6280014671269643,0.6364355667811947,0.7157235561917299
0.5673947029276813,0.7308994330272982,0.756654676509102,0.7631836886850557,0.7359196974016398,0.7153450181958575,0.9026810129751205,0.621828868027891,0.6359174637009305,0.6496409033788954,0.719606108894493
0.5261909831304289,0.6793678632251384,0.779299172974514,0.7216011757835189,0.7602125788209928,0.7231468422425982,0.9180187045072837,0.6293833637937856,0.5953770135473441,0.5748479046807363,0.720553997995513
0.5334071529591701,0.686868929215366,0.7907590760155203,0.7354646069595216,0.7212673050554244,0.6911160909259482,0.9168206306410757,0.5898836199643386,0.6008982645498013,0.6141377322775052,0.6970242063442867
0.5365278667161346,0.7256182261274664,0.7582640639813167,0.7229445934654565,0.7337173120275251,0.7432475543288433,0.9256315182745076,0.6189955867986925,0.6083653849396383,0.6404665709647324,0.7007889524988513
0.5828134874147484,0.7228047487826594,0.7522577826292133,0.6608136043378611,0.6777077602848344,0.7101434454479482,0.9065475401012855,0.6107125433064349,0.6203556015702357,0.6523287593473264,0.7063976143499108
0.46050567653996727,0.6779060398056995,0.7248452259667838,0.668760685265902,0.6974626530343941,0.7202294893006839,0.8731100617717082,0.599196375669972,0.6370488805941406,0.6387775347264678,0.7165294315243028
0.48838584248110617,0.703540122974456,0.7570667947816028,0.6833343060467291,0.7053718808442341,0.7386675436832533,0.8883871879959645,0.5562931714973236,0.6270846205882035,0.6374668609827728,0.7315108483338897
0.49607138179477567,0.6838425898109218,0.762856367701874,0.610082676158718,0.7231749956537417,0.7013665093794724,0.8529486584731586,0.5819318661825775,0.6481933484073557,0.6287492396345405,0.6822241105068354
0.4289759923450828,0.6897420370699787,0.7692866441010315,0.6493294722779615,0.7252311567767571,0.6979390307201022,0.8790048783722868,0.5977057940485812,0.6500982665187642,0.6714036889717347,0.7231050899388596
0.48524670702738526,0.7467722741835999,0.7676838221580854,0.5486345870858171,0.7414632862536079,0.699629879839343,0.8690824506607762,0.6402362492321128,0.6278417936882469,0.6035220140703053,0.7226017787061288
0.4326127583439999,0.6458560441296487,0.6951337160101722,0.591335192645871,0.6827933662487753,0.728164208840677,0.710774591587037,0.6349313407451402,0.6511778016467048,0.5777226430043796,0.650513604308534
0.45148557929807875,0.6360017340795532,0.7122763735472777,0.5595981719516033,0.7215301939021135,0.6360456071469617,0.7816757385394921,0.6071232528347933,0.6530456545078059,0.6136895072459432,0.6730329353704384
0.4690073779298335,0.642202530653338,0.7172239701199251,0.6305088335556263,0.6776045569722904,0.6500838915871161,0.7399950072118712,0.6529784022665227,0.6272832331378758,0.6578851686663832,0.7212994575635794
0.5087233010833915,0.7068438303152905,0.7569486609879001,0.6232434303116539,0.6697004658654149,0.6580846507069076,0.7995940295120423,0.6631507733797319,0.5888585692530686,0.6309901703964728,0.7140665122687936
0.4383187057883757,0.6694851040323022,0.7737764139509987,0.6308289909514064,0.6797370396484057,0.6197995953943722,0.756440107486989,0.6653751257092761,0.6447451193642246,0.6568970706247063,0.714395076882617
0.474060227763906,0.6891717514336164,0.8119263525718696,0.6887729463827965,0.6903749996750954,0.6545200589355915,0.7798996173081045,0.6869921193940998,0.6573377986724206,0.5857244180394818,0.72722814672772
0.34202665558011774,0.6968852876154501,0.7647081498195486,0.7154302829943444,0.674673402400219,0.6873656863354765,0.7909196605378717,0.5807392678776844,0.6372394468011517,0.6236652611432218,0.7143601626549372
0.4384019636562757,0.7014788953942259,0.7735139572644583,0.7291117655833808,0.6728703370981669,0.6905971807397979,0.8241557604314209,0.6199933290502835,0.558009494728793,0.6535192198489712,0.6839339242087104
0.47560244106084454,0.6969291941701645,0.741956245006189,0.6343707837777046,0.7242170452716283,0.7564623429934294,0.8501192660498773,0.6278650746283321,0.6043779672412015,0.6660865914060281,0.7142293962368913
0.5265170086240837,0.7066925980422201,0.6979852804684334,0.6781879340945037,0.7435611445239236,0.6870400953787087,0.859796409555281,0.653956675066818,0.6247208245892244,0.6448058258970757,0.6976881450959846
0.485722329806442,0.7202393320481053,0.7443576520956927,0.6512487305546363,0.7229995004417977,0.7135871065555405,0.8076360379644072,0.6418213449348253,0.6412331001007657,0.6742130446864516,0.7059308749962933
0.4892648735050125,0.7247211485633269,0.7469153008632795,0.580888499726785,0.7671105419432728,0.7059646069305141,0.8240624540177937,0.6172725250479429,0.6282237067697097,0.6445014189345333,0.7266307677774491
0.4659970524293792,0.7432204489611438,0.7763329687730622,0.6283777846479232,0.7686146644523619,0.6969104670254295,0.8040820876849074,0.6224383942527568,0.5600510515922273,0.635915088710006,0.7238436722635039
0.47117418878526024,0.6973403661208162,0.741214468348473,0.6508860852945435,0.6624130713470331,0.6400606187104219,0.7778748004181651,0.6193400489806906,0.6233228988047268,0.6813829788502304,0.6748713338873236
0.4735001821498549,0.616049083579283,0.738662172241854,0.6196543048115446,0.6881409225292587,0.6526943181933014,0.7692457315170801,0.5899410525736583,0.6343209273420516,0.6464541310343168,0.7267640998136476
0.4913840201162992,0.5819315981627589,0.7404069306303638,0.6610589149902384,0.716606206026204,0.7008351654523182,0.8011094675069075,0.6242169555525502,0.632698693060785,0.6379245336894146,0.7046711532750228
0.5175509043388635,0.678478702527384,0.7444163659943493,0.570061532522769,0.6347991381735216,0.6564387077127534,0.7475016647441146,0.6475231474188501,0.594579914029143,0.642481586241365,0.7368301325903586
0.5165308539249531,0.6787259612877685,0.7806936627390519,0.6137829618857809,0.6999335471056051,0.6832699708308564,0.8181896854557031,0.6016771638199899,0.6088786016404759,0.6798125214364704,0.7213851250205953
0.5518109325670872,0.6539868211223514,0.770572823099191,0.6701139517165333,0.7409979271976921,0.7129433179421014,0.8323423508882875,0.5992699750701541,0.6086329009527133,0.685011263566343,0.7184527410245418
0.5771978232807904,0.6793681237479068,0.780627651302132,0.6995915976788052,0.7313307625680824,0.7378297182421517,0.8653331190870404,0.6297544621280906,0.6136493308743528,0.7072868648791397,0.7123576755069734
0.5188506575118229,0.7254586846947587,0.7859365380454818,0.7212025470036572,0.7257940731970758,0.7837013707824969,0.8680823788318714,0.655744993931908,0.6234179126948673,0.7060571322959736,0.7092545997127484
0.5254732457529532,0.7061365633629229,0.7732244582313127,0.6827770465638433,0.7497965644047515,0.7529005219637643,0.8827132633235627,0.6036742196734416,0.5634168601042704,0.628303501905093,0.7281693332390644
0.5829846053198331,0.7726955904996701,0.774791737686227,0.6359074362533325,0.7181911075233085,0.708495434056165,0.8786291532806602,0.6148950861133748,0.6012772804830155,0.6504122485771635,0.7463729328966614
0.4387576719483945,0.7863093370321411,0.7823328781915184,0.6722277775034639,0.7791804872639265,0.7085617729342483,0.8825677567473573,0.6687093790705578,0.5993748943896848,0.6134737565097546,0.7161991103441013
0.5628757441600408,0.6631844520023826,0.7544819461543149,0.6882101664374102,0.7281103461925623,0.7151084654663373,0.8788781519917626,0.6866011876856531,0.5611848427988035,0.6067456836227537,0.7399637960307133
0.5833716955564403,0.6874582850035792,0.761657585844489,0.7050460209140774,0.724014628500643,0.7371272945870596,0.8923821679466339,0.6756035735330709,0.5682446153687357,0.6480096251467888,0.7248071897820261
0.4876955245899141,0.7096440585007328,0.7313353279918002,0.6340995988205861,0.7439589642471385,0.702903757170897,0.8979652091518945,0.6527133086445134,0.5863692475002624,0.63520055550392,0.7305700458148783
0.5168810819026093,0.7242378431012695,0.7620406322112394,0.6659134181392131,0.7062214994956144,0.7055232961298652,0.8831218597100752,0.6263204445202768,0.6072769117932968,0.6509277570824163,0.7389758310438233
0.5284022084818274,0.7396497794937316,0.7454519242204708,0.673988963125931,0.7333050777283845,0.7217244156810605,0.886559028037246,0.6643845840656685,0.6162517417035112,0.6668302979477521,0.7432567254506875
0.5570748617316328,0.6301818692213992,0.7514916256558724,0.6357235881294797,0.7409853217199003,0.6527520774553394,0.8809592490892421,0.5989605702288477,0.6221643445021967,0.575900379686068,0.7181301244836087
0.5676689940775443,0.6589370688436693,0.750590964237649,0.6524589575529531,0.7572627353838408,0.6736547020543393,0.8791721890180427,0.5887256798001778,0.5899618369476921,0.6596357838259441,0.732151276443862
0.3902985723464531,0.6589709208953258,0.7268341717782799,0.6012404245185592,0.764807263676931,0.6884170184778604,0.7972453983804179,0.6027397926722342,0.6068973470278527,0.6925239595748625,0.7281730645948779
0.47952143987800677,0.7097572110380435,0.7575259076346451,0.6541783589067144,0.7784214094548354,0.6974658369038789,0.8423622617006821,0.6344659406355379,0.6247111722716483,0.6299556470981322,0.7102476115969667
0.5175844522736824,0.7215049210797053,0.7798965591314841,0.6754412696167272,0.7581895722564475,0.6736533136668088,0.8607969491789798,0.6653084235116777,0.5254631504638407,0.6539061455664799,0.660668030152835
0.520218871887139,0.6727559378322103,0.7493385740326592,0.7048524545013352,0.7769980026017862,0.6966316980873837,0.8796203492704366,0.6476203319149234,0.5435486358242492,0.6550715429715547,0.7007277160133096
0.4230505214075744,0.7368045672707343,0.7850239283053442,0.7228265584567859,0.7451032523942457,0.7086548379437059,0.8557594006344867,0.56895974552446,0.5949898913315771,0.6433759800096593,0.7138097143586845
0.5170524109114106,0.7564998915719305,0.7462583656891458,0.733643966104643,0.7486219847669933,0.6731587105759881,0.8577357431919277,0.5951986347964939,0.6265938194908867,0.6755024113003254,0.7365470883846326
0.527001425933138,0.6446825012647442,0.7235883667929418,0.6399216561440129,0.7715818454729751,0.709205274035703,0.8263883828079621,0.6109515185609332,0.6085392204010988,0.6825715872563491,0.7201010792779318
0.5382578297818559,0.7173583998914075,0.7425636994662036,0.6627348744093551,0.7301603315473854,0.6266006537302836,0.8506108864807949,0.6152354930056428,0.635290265205469,0.5787254593974392,0.7261951849623209
0.5690198827579762,0.6996643330468867,0.757913763829053,0.6933434947352453,0.7385613092483336,0.6952423486694398,0.865840587053434,0.6117973388318146,0.6096729607013464,0.6196088794599497,0.7363307215479934
0.529336378690991,0.7165043798834795,0.7607986673270246,0.733907568420229,0.7676149552940918,0.7026201220631392,0.8642853188525709,0.5024760195975447,0.6351609808772533,0.6487821738990516,0.7367519826989943
0.5273023099729964,0.714374987572883,0.7400405966041419,0.6723445431952856,0.7374268926645781,0.646597542728705,0.8785907552052096,0.5542839437178478,0.5956220414078018,0.6854768769792463,0.7051934019811565
0.5352271914707305,0.7208463399211209,0.7165694508750167,0.7012479027755238,0.7400196570779102,0.6334351300012042,0.8789261754427985,0.5791520951224483,0.6128700522838965,0.6635321853119027,0.7273162282497485
0.5472606807577933,0.6145956698315762,0.6893846156277352,0.7027925716235517,0.7534066202205536,0.6761942557640624,0.8732607415237905,0.6279603698464877,0.5832661565236295,0.6773707225156904,0.7294636820360905
0.5043392411513657,0.6487539012386137,0.6788338838393765,0.7052398114658449,0.7137284721365924,0.690866911146734,0.8853835059694972,0.6169217622686071,0.6103951136531104,0.5501631831907029,0.731746181134928
0.5323855371967426,0.6216456537362319,0.7412145821318079,0.7129152105300696,0.733017274308629,0.6704634227122798,0.8912905856053241,0.6025421461218985,0.5454078989388059,0.60958874347817,0.7381167472263876
0.5513661954993697,0.6357118522696998,0.7590312260181714,0.7205760398880678,0.7442215462752004,0.6076754551757522,0.8844199813454595,0.6395797146301359,0.5947077196235528,0.6448707985097704,0.7395435702822246
0.5671396148389682,0.6252624306752181,0.69333674002164,0.733301090685083,0.7490052091102941,0.6260584531952377,0.8856022044089682,0.6486748854783477,0.5995905768636777,0.6827148150706863,0.7429758486147182
0.5403090473986715,0.645967529512272,0.7036043018439152,0.6639534099854739,0.7551918231473842,0.6516059112478806,0.8648526533191858,0.5471396106028897,0.6177095378300816,0.654667125371396,0.7232900359625537
0.5358703558860684,0.6917789609461344,0.725504770017035,0.6451956785567219,0.734709568390883,0.6848021607521504,0.8698439977938133,0.579901740685433,0.5993791161509682,0.6642595100566433,0.7326206914490243
0.5229780446677154,0.6614542249162669,0.6546950214177446,0.6781250649666029,0.732722160234942,0.6541875980242324,0.8686288139852707,0.6315524930862645,0.6241713679347702,0.6425189865834677,0.7464945730150904
0.5341662394934537,0.6524655492683263,0.7007579353537652,0.6983198977167735,0.6866727278876763,0.6599565134285739,0.8693198765359917,0.6071550790798936,0.5779216501672135,0.5820023004407344,0.7540479802302389
0.5378508300369647,0.6727935501136724,0.7156512006983735,0.7135945872862619,0.7297691013010973,0.6703779647235436,0.890716603760014,0.6081516789816285,0.5787748640627834,0.6142342536392855,0.7045330024139635
0.55755336025342,0.5957571176475971,0.6711363958573975,0.7116328068571669,0.7411650651455595,0.6602299414677365,0.8722172980266969,0.637882897760367,0.5601415012054012,0.5991278103792567,0.7268311094873744
0.5301484982739945,0.6203044998201694,0.6825317018935658,0.7193420801436545,0.7270424122724167,0.6952624085002327,0.8907017940251518,0.5626499043772311,0.5801452157798197,0.6306551750075275,0.7472581101057548
0.5302384566125484,0.639245207548764,0.6852788827625076,0.7303579103612161,0.7273754905615153,0.6286230061374299,0.8790722249009335,0.5724111853924236,0.5698773123951762,0.6395965347011004,0.7223963872012852
0.5472929405934563,0.6495413409089419,0.6705615922682333,0.7377037815657808,0.7402219559143279,0.6512634241093216,0.8629016168352582,0.5740470884360487,0.5960607187393681,0.654307155933105,0.7468272445408812
0.49042187495204487,0.683981847639533,0.6962398378013401,0.6538914081371328,0.7608134104557611,0.6641726508801762,0.8695003741995193,0.5549923813993963,0.6287570451813022,0.6622298062937946,0.7586427367182772
0.5478155523642756,0.5552753625129941,0.7095028245942974,0.6746235024423839,0.7430678840123511,0.7025946840424142,0.8715593602083012,0.5802303758997145,0.652582495291256,0.6574383305585304,0.7168320473392844
0.4371857084073411,0.6139876909455405,0.7285789831972564,0.7321313313706719,0.7401214957198409,0.7049517206540626,0.87808907674879,0.5881865603020923,0.5654434372488106,0.6646306256957712,0.7276405866915092
0.45215443680139655,0.6727679096419291,0.692512713723097,0.749552312795114,0.7130508821750957,0.6873952150561524,0.8525622160355063,0.6387736485804834,0.597703225910714,0.688096646969595,0.7304318877032767
0.38755467977231606,0.6237222321075198,0.7178915127488213,0.7049723619035336,0.7427247796691345,0.724047025646148,0.8123003862274257,0.647071743253113,0.5434886598384162,0.6718754376610513,0.6541224689575006
0.4014454872264157,0.4921339517746613,0.7075074769037375,0.6657637263330674,0.7252912885447784,0.7392009868635419,0.7210148475966549,0.6266021317820487,0.5857054592357811,0.6761997974632226,0.6812712865155495
0.4619301193919813,0.5599656243625063,0.7526148263842816,0.6987895976547809,0.7332956544564653,0.7277288177527,0.795432451423822,0.5805739319111097,0.6105847843907113,0.6969713263571846,0.6932390738033816
0.5218906900907779,0.6173944736275432,0.6771132827869938,0.7116656164942936,0.7242342665901234,0.6528332982399154,0.8405730499730111,0.5397126686310385,0.6118229473823071,0.6824444583641099,0.6991683796650179
0.5405410230281088,0.6228765744821132,0.6958554765052074,0.7262293181211708,0.7054009920361612,0.6529437499958721,0.8711350891843419,0.5634439597789055,0.5908501558122374,0.6778973012643281,0.7109870745026795
0.5541187927731824,0.5570355059308918,0.7274523436079916,0.7364196051428316,0.7287322594638403,0.6862684987514291,0.8723044395983641,0.5673320305740152,0.5996833523012979,0.6641065671207103,0.7159007679379593
0.5663810690344053,0.6142099701828041,0.7395997695508691,0.7103772199884946,0.7119950377274054,0.6842487736755074,0.8726981010411397,0.5826756480089427,0.6015347477945994,0.6720056086174645,0.7306790639161986
0.5442719677780455,0.6493360573794802,0.7516822252534396,0.7111486084818199,0.7323731502873043,0.7145657008804582,0.8776441352496649,0.6252452948134306,0.6232120184653891,0.6951380071550484,0.7236159953891841
0.5004433275202693,0.5758969281780717,0.7555452397599991,0.7377751650760771,0.7336747661286993,0.7205963911832898,0.8526648347500493,0.5599990093659394,0.6054972173969967,0.707804975726785,0.7012804702888397
0.4593690123102404,0.6086766569410489,0.6895000159928686,0.7186561751038367,0.7353727392274335,0.730178861057553,0.8300504803053633,0.5919109722186996,0.6232729818446193,0.6952977022858454,0.7111025049884763
0.4050652638335149,0.5969979714427919,0.6634527467367425,0.6707351776470011,0.6996658177798327,0.6585315505610878,0.7563192757174643,0.624774813539096,0.6097809191510045,0.7070860260184959,0.7260926989680627
0.424775265737649,0.6127442298180301,0.6750612365786669,0.6791313310239758,0.7198129761571662,0.7174243586310409,0.7916265032883725,0.6621220642446362,0.5535967027091161,0.6782943392814066,0.6794639252582266
0.46976229186409396,0.6202627280138828,0.7012580651955327,0.666908336801413,0.7386691096039106,0.7247585478323595,0.8137042332526958,0.5916301399142577,0.5992545202542676,0.6648474077249367,0.6932955679173392
0.3019872971485851,0.6350544822505204,0.6428525004787844,0.5915939771390305,0.6760083162423556,0.7259375903220378,0.7506253750718482,0.6185217850881377,0.6258621096575121,0.6813710265716706,0.702637421650727
0.3567195073141768,0.6574854621417733,0.6905902181012837,0.6758479906544227,0.720402992231998,0.6817082825537544,0.6962426483854192,0.6148474549968633,0.6465301031381606,0.6826728493266964,0.6858340141481272
0.37044041447195597,0.6434169406285876,0.630020402370756,0.6317769798666945,0.7211216409366308,0.6910631859199052,0.652040167467502,0.6490105141801765,0.631864930658651,0.6918174676798079,0.7007061635040435
0.32838281063231034,0.6580323402252992,0.6156549806919513,0.6480161125895596,0.7026352631022978,0.7097903726742067,0.6651412058216074,0.6580827743240483,0.6509326299022167,0.6874230228243356,0.7084402859832191
0.37900333223547544,0.5656301171136285,0.651342445059575,0.6692938288123462,0.6533019861989451,0.6997637141330372,0.644832983247498,0.6061730387590559,0.5734479669566345,0.7076627996215669,0.6681326010338082
0.41390234820378613,0.5477981563760769,0.6741246228069971,0.6696599841712285,0.5022566399379984,0.6432072855095501,0.46509943453388003,0.5783987104640255,0.6110803510471828,0.6229431101760723,0.6361234158476394
0.44136858555141845,0.5168549909463204,0.7173725613045592,0.6898110255334693,0.49935906754653137,0.6518261108765104,0.5060704350900311,0.5651478515208745,0.6111117789039546,0.626687069590965,0.6548901308128947
0.42768537164779047,0.5815375764201487,0.7093842914828122,0.6352530023295508,0.48932657423121934,0.6267465954554826,0.5206570565423172,0.6095244749775901,0.6268823088722095,0.6546589287552356,0.6642787216561721
0.3852755818399779,0.6154106131799598,0.7128059494542198,0.6718383035419568,0.5404311663169546,0.5601554408644873,0.4823325925282725,0.5775296051293971,0.6370206570577048,0.6101904175491033,0.6642538310515155
0.432473892333064,0.6287657402008434,0.7482609932700699,0.6977836081233993,0.5266087964672652,0.6359391639491236,0.4661688858422894,0.5873133166036308,0.6621052084850387,0.6794622108101073,0.6508390343133998
0.33195775564882707,0.6331977475744572,0.6755952320354554,0.7267990912510127,0.5520555163506864,0.6269288852544609,0.49909877268906633,0.6110781913551542,0.6627495067281932,0.680849858076797,0.6732563726571252
0.37696720984269955,0.6408673101080861,0.6640737559298315,0.69091522073422,0.5436461444944791,0.6430442333356259,0.5122876538228756,0.6165059787767062,0.6682386033272812,0.690217090627846,0.6453937185417923
0.4179843519042296,0.6971724333252838,0.6858112164811392,0.674231466586626,0.5271805175510221,0.6126486280678987,0.3458056339970654,0.575118186768309,0.5931215566204378,0.5563492391834505,0.4997469415522299
0.3770210232034871,0.5665285982670673,0.7039775939713449,0.6519955641175906,0.4828483747777018,0.43445021505938025,0.301951961196857,0.5723418962904087,0.6060572043205745,0.589816183965846,0.5136890538186922
0.4023823146765011,0.586974965269897,0.7449986740444479,0.6341050187058833,0.4684846578238502,0.5125796286101443,0.34419640508868304,0.5426087652294327,0.5605351057446798,0.6299943843530665,0.5219232373145873
0.43818689918461395,0.6487365794747408,0.6888543312168891,0.6647353626386112,0.48543231590203917,0.5245536275378359,0.28686052547073576,0.5549215228274043,0.5386032209633645,0.5596969990401189,0.5421742046560992
0.40585644222381423,0.4494220510492947,0.7388155818239719,0.6765776176635374,0.5373482192640959,0.5492998333238455,0.3063901230942503,0.524897740531271,0.5214043543152852,0.5322808505161151,0.43873216301805296
0.4347225793966756,0.5858899882872878,0.659813684934681,0.6722411991610919,0.5412494049450545,0.501479108128068,0.3339698076241183,0.4675323804122356,0.5511363247315776,0.5502881639747763,0.4585346157584502
0.39032061537885604,0.594728861981532,0.6801163993939368,0.6533732042242676,0.5357129230749987,0.5074595606690817,0.37268973334604516,0.5208862149950968,0.5613803897210545,0.5577149180661517,0.4726372917026095
0.3560418255012052,0.5727981405813578,0.6736725033035473,0.63340840749599,0.599071576936445,0.534491840921725,0.29575381036850595,0.5406393021719957,0.5490062210291398,0.5017439292418302,0.48030879374749813
0.38990686047786965,0.63292866649831,0.7030054072262231,0.6886645094610739,0.5550591911698365,0.49975314126866516,0.330303100399151,0.5432967923851757,0.5354092260913226,0.5267857477565239,0.47218829010465047
0.38301790009183984,0.5574715735301669,0.6674590883246238,0.6530922790651751,0.6352978421463737,0.5608746030074848,0.3690377676520382,0.5514089497639718,0.5554464607615792,0.5291097749203912,0.5030792690162651
0.39256382179787497,0.5703760494985346,0.737464741737252,0.5924335567481672,0.6179898648166754,0.4605254993912167,0.3781085250562164,0.5248625195632256,0.5455310237909835,0.5323828483327975,0.5068498285651808
0.3149538169837517,0.5806729198715777,0.7479807598595437,0.5994325445700743,0.5824624179315957,0.5002886438562406,0.3812840780576575,0.5433525600009674,0.5707467788075312,0.5547716758625452,0.5147042443859535
0.3692766464671815,0.5497290781542324,0.7197250128216404,0.6157907018203443,0.5784867405286678,0.5585785957922212,0.40065560692817664,0.5667055681297233,0.6034968812056319,0.5915835026881369,0.49977223081871913
0.33903185004180814,0.5627900125331529,0.7214771839013393,0.660898058511956,0.6068755467792386,0.5399542770837972,0.4108056450414651,0.5179694567978994,0.564893479921843,0.5708143851224832,0.5361410069814952
0.34214435093332074,0.5661186219660601,0.7505623630548088,0.6344920097419156,0.5652173767419271,0.44675038461991173,0.38974841357073053,0.535301943311295,0.5765991944102344,0.5529264270303558,0.4911151770864327
0.376928674597271,0.6405227593416732,0.682031064081054,0.6307383314463448,0.6016342701280403,0.4827609076972228,0.42635456280243234,0.48661915152754837,0.5780490495084162,0.5417042757576823,0.5017314311546834
0.42462415428857764,0.6872161451194077,0.7404627950461434,0.6534947368666384,0.5477501090766801,0.515415624443399,0.3428371811038015,0.523245297056171,0.5747966579832005,0.5297913460187635,0.5163869678112705
0.4323310963038336,0.6955256375660508,0.7687791051368602,0.6621473130442996,0.5179821062855731,0.5011769533770875,0.34743718225160636,0.42490715517768646,0.5823576078207693,0.5509794734429798,0.5084498539199824
0.37896621758775884,0.5086124730581085,0.7187029124626253,0.6741801558162475,0.5612250784547574,0.506862923845392,0.3707539582745997,0.515078260108509,0.5649451512393774,0.5609582133704656,0.49901071048307427
0.2970589922528112,0.5764594030847963,0.6945020583142608,0.6761624900279946,0.5860482067777073,0.4981637001755684,0.3388695643315209,0.5238415230641187,0.5699596831142459,0.5745735772203509,0.5208966854709685
0.32892672009463053,0.6061454101671266,0.6793096033276135,0.6410411732516955,0.602522468239321,0.5260774488088925,0.3009219079117568,0.5266824964723364,0.579546172848563,0.5369388243477874,0.532024598746512
0.36691904711766954,0.577989276090399,0.6897715924080806,0.6449675563655655,0.5944389882386274,0.5365884551644482,0.334508702855681,0.505755011471396,0.5703485515752417,0.5709501752399443,0.5607150890454875
0.3789190477363298,0.5940263184711858,0.7066822222900337,0.682614979159238,0.5702083769536054,0.49714898725713774,0.361509644851583,0.5235209800081198,0.5735458932470436,0.5806101815744749,0.523752243721582
0.3784364606232817,0.5630631184871535,0.6456506525517614,0.6327721326774449,0.6030906547008408,0.49771539065325027,0.36701091696159704,0.5921014071448494,0.6484219624740425,0.5915145287733932,0.5459379333322265
0.38472882649291273,0.6029708606199358,0.6853423014821722,0.5734402442742703,0.5320271640947956,0.502059374106738,0.4236349901539884,0.6112849032471528,0.5882368526090674,0.6092531701393735,0.5807014232035297
0.38699867687492484,0.5286404191843335,0.7332002627724703,0.6538298426400826,0.5794513532831305,0.47031344150819465,0.39449767097541816,0.524290353095868,0.6429893270487435,0.6135213906685344,0.5061437276921642
0.4122013605078497,0.6063691725364087,0.720795843756206,0.5711874344619355,0.6104543856603781,0.4996118957106124,0.32942604942586023,0.5246503051622705,0.5644522537702535,0.6230422820933641,0.5020441506481123
0.39753446924820707,0.6172917507934318,0.6865324349289598,0.610192006327342,0.58564492597418,0.5044720680804837,0.3555772381322272,0.5457615279428683,0.6048124470103816,0.6109854749727287,0.5035469160319495
0.4352812434586259,0.6327797205261634,0.710413777419604,0.6272223909020544,0.5966053998130667,0.47414819645922307,0.399888858736023,0.5905530166072708,0.5980172003589591,0.6072969766032963,0.5116047539240223
0.3555241250536863,0.6361639783265844,0.732879463603685,0.6589210080885035,0.593225019256844,0.48398324160741535,0.42102148997569877,0.502312612172545,0.6292481645606027,0.5031391858710731,0.5399119011029959
0.35924724771657657,0.6497271529551086,0.6460378668623353,0.601582520314266,0.6003866268405857,0.5047656816358848,0.36736729732043083,0.5422146451130181,0.6389256297023217,0.5455576677804232,0.5580795841320375
0.31052811726441876,0.6708775170583642,0.6850312575553649,0.6636224811492488,0.6121120526322574,0.4503525565490891,0.3336388620506583,0.5199131252264518,0.5755282909274926,0.5681249277758307,0.5387824674914362
0.3545637573700151,0.6383817453887581,0.7162332981050759,0.6869666776540234,0.5791270524312007,0.4673205975227004,0.3605886702641746,0.5574374246094662,0.5801668542886593,0.6000963151277934,0.5028711801119184
0.3776013361891074,0.6787682674048535,0.7198970487391813,0.6457657686744809,0.5825667114544311,0.5094453628786251,0.39658911220302107,0.5530311219875406,0.593090390239414,0.5881420603936008,0.5377357120234603
0.3416719629691302,0.605376802283982,0.7040703688502001,0.5797989373688084,0.6085171180876812,0.5224719373507267,0.416172479120866,0.5034325795442214,0.5998795430837621,0.5984587387116365,0.5614900521788094
0.3628676369010547,0.48364051344411146,0.7468450075322766,0.6242578301690631,0.6024215098014756,0.5165214783724063,0.3888619103566722,0.5004949901305334,0.6115736020962086,0.6125661107829306,0.5684187393680771
0.348633009617914,0.5781244962978606,0.5982318325727705,0.6614138960589164,0.6228804200915956,0.5298509224171581,0.4368448818619652,0.5296757532717675,0.5945499830154859,0.6146591418419995,0.6016559597771718
0.3717199935409847,0.5752729515308864,0.6459992716120495,0.6270416851566103,0.6474227072031413,0.4390496209231046,0.4395341469702513,0.5672493145276545,0.6233688964457985,0.5147801094182317,0.5551842344125338
0.3862492380954631,0.5815790659749477,0.6459252730375097,0.6555357218722426,0.6235170901818369,0.46193756240184497,0.4701840277161361,0.5740246249258484,0.6269186401416116,0.5767002796309928,0.5900099934893055
0.3967716171704213,0.6149100014974149,0.6269008711249665,0.6209124070976594,0.642581834223505,0.48728112235002496,0.4355286264113241,0.5434956618352569,0.5510608871292414,0.5390437611384991,0.5063760122605749
0.340686647415372,0.6014058366605124,0.6613815282522124,0.6611268912560568,0.6527054244949132,0.465073971825751,0.5048056349502227,0.5657183606649883,0.57052000232277,0.5637372179959272,0.5286555626824194
0.3541661053114765,0.5759951641901158,0.6870648042754488,0.686587109841764,0.6569773842999124,0.4784578122655334,0.4966916625189662,0.5663326614487373,0.5865083831112294,0.5943025504460953,0.5514205428082093
0.3619827606713092,0.6077332692063178,0.721580411604064,0.6605921571867132,0.6421036559021149,0.5312578346360596,0.5421837225391362,0.5875779056332804,0.534411031253667,0.5336014240580653,0.5596216250825292
0.3998614586640231,0.670859611968285,0.670181364032882,0.6907479882432602,0.6230059057102401,0.5248414950868365,0.5170271364827461,0.6048198838846113,0.5525898679547405,0.5876579608096367,0.5555403542502246
0.3799473337790584,0.648575544597632,0.7134973636600221,0.6028137890446711,0.6780858609264246,0.5392007678641946,0.4576931201880721,0.5283550881249197,0.55151827745608,0.6056847241670715,0.5751928477933227
0.410294484037346,0.6429456099459047,0.6785697879259661,0.6287959450140557,0.6626497349567396,0.5398136067276129,0.5023042534014296,0.5407954622033795,0.5632022192265619,0.6261580923710499,0.5554867028673398
0.38224948116644564,0.5280723667582067,0.7077704408013016,0.6512874696162231,0.6294247159265022,0.4692141446429901,0.5133160980778588,0.5501433837302296,0.5970115815718908,0.6319424708640182,0.5766027719039704
0.36187782545483765,0.5974656031005541,0.7019977137428198,0.7244507802669027,0.6363544988936893,0.46152020302853897,0.5074495804368547,0.5033572294322384,0.6020513589904827,0.583861357036386,0.5406870700143462
0.3256496602938372,0.713667012719333,0.6477716705887595,0.7307172784600511,0.5734732637750255,0.4342698021691381,0.5041640982290648,0.5709265823103078,0.5956740611535818,0.5187217030371359,0.5711333652754812
0.3266363460063213,0.5298931491355257,0.6543294480718811,0.6704258916864549,0.590388813950852,0.44642750356620375,0.5258210921648026,0.5566761054676972,0.5937443481763269,0.569923418256558,0.5885593188510623
0.33637218875144764,0.5712721663052117,0.6966120387740452,0.7079155545304631,0.5981959216810362,0.49732567541692096,0.5059523805498007,0.5463718360477667,0.5210091898559163,0.5264089919791327,0.5705301156582335
0.3889756662709889,0.44008296569782496,0.671905316667522,0.618100823160075,0.6147689197558204,0.5107746017560071,0.5295608355811321,0.5870719906062416,0.5408252699945157,0.5685481307018032,0.5794235105091394
0.39826543493249145,0.5123100820069724,0.6891043148321703,0.6792765840410782,0.6125468482029299,0.47048730570220554,0.4548348684719567,0.5928009669356054,0.5797026829136278,0.5565590527548402,0.562621667509992
0.4067431571694083,0.5599860964424604,0.6569917715572897,0.6880671913063758,0.6309373895539125,0.47589605126061363,0.4384855485011786,0.5189651395832053,0.5909579821330133,0.5654209578976357,0.5393786180454537
0.36415825675810976,0.5655787095547514,0.6918243519301398,0.698987891785614,0.5643795048216169,0.4964077600316731,0.5077543318296049,0.5512630237065825,0.5538218760189181,0.5752720032256016,0.5231910920240642
0.4049384263772243,0.6278509899238212,0.7102645133039871,0.6558250073841224,0.6025016481046769,0.46853854025724556,0.4808775741369954,0.5211772661279209,0.5843224021983737,0.5985296651952989,0.5621986784088089
0.3671407219120696,0.5649277156003073,0.6497214061783365,0.6812147404956035,0.6130291281333076,0.493525412659087,0.5065331549519743,0.5355470643050595,0.5945652669890971,0.5604003712386127,0.4934857942378763
0.38041737118599994,0.6689024662064866,0.6668524264476282,0.6610181173819992,0.6544785387864235,0.5107245048353185,0.5192537418722614,0.5834517288477685,0.5749356522316182,0.579949171971069,0.5114395396552109
0.39284417700703067,0.613042297137462,0.6741905600313877,0.6716422432656757,0.6443324605603366,0.4951020807912311,0.5339274557966767,0.5930824024132255,0.5389898246844192,0.580777611481835,0.5520681241000485
0.36822516939815236,0.6469681653990096,0.6682973471534126,0.6984595469254729,0.6476012951577481,0.49827056156154065,0.5550616061813842,0.5960708572687783,0.58005177789676,0.6206259982827795,0.5819022272762853
0.3794284332554704,0.6034590651078673,0.6670538103875749,0.7081160095088858,0.6161876897367468,0.5226711296545212,0.5803257110879391,0.6205133283771322,0.582332826336641,0.6183082065972441,0.5897698213419387
0.320108101738414,0.5940205813893672,0.7162800843143577,0.7085578432708948,0.6551068452542621,0.5535297151004013,0.5727124345998683,0.5595813206006245,0.5979531504056403,0.5506815282796234,0.5947482286234922
0.3011227869207331,0.6318992787699278,0.7288243656283717,0.6735714156511757,0.6480760683125728,0.4812520717986183,0.5048879626200364,0.5212323314576459,0.581392203717445,0.5432590800713583,0.6310596288620646
0.3790640000096216,0.6616032728168724,0.7594355077215165,0.6737141346672696,0.5687758147322242,0.518843273195537,0.5008504790532291,0.5444249696496428,0.6082578642444065,0.5690345576742929,0.5765034926616174
0.3509224343189204,0.670012317940915,0.7463297271008903,0.6545525746935204,0.6093038616670681,0.5404216385382599,0.4721380468194155,0.5570753888707467,0.6221972740226445,0.5714892500378965,0.5249690048728463
0.3615079167691371,0.5424296171136614,0.7215049024005719,0.6873497733392424,0.5750425327963216,0.4942910910485856,0.4481887761876107,0.5775179497668249,0.6020286479695541,0.5750830609006394,0.5459921945922506
0.3800440150794425,0.6419510071151235,0.658392559395179,0.7073885865107452,0.6273509200706544,0.5228517106199353,0.4576455165966933,0.6055504407364701,0.6066810914071761,0.5608418765234952,0.5714105913577832
0.33567634020234466,0.5554371429574091,0.7276833781320616,0.7075236662390294,0.574451429485412,0.4697426976232336,0.5465601349359547,0.5921808943513263,0.5952559459791414,0.5408609035343803,0.5397017733751297
0.352730341685755,0.5365215468012987,0.6999184955389244,0.7126843353058046,0.5681979918005271,0.46352019957523766,0.41335489496998956,0.5754542288131997,0.6090776899906889,0.5526940151940679,0.5477770669021556
0.35232480907933605,0.5357855120421827,0.738877179365489,0.6158594478430022,0.6229356310077371,0.5064923277775506,0.4791902041216639,0.5547743814083862,0.6000826448534717,0.5236468794825024,0.5696754526265609
0.36919852087630245,0.5814709559999667,0.7437693929891049,0.6800818930889283,0.6332505066722529,0.5254322840468622,0.49682288736036123,0.5632279031716976,0.5180321955544172,0.5269741504943555,0.5933301095986138
0.35445547091440455,0.5986224506078676,0.7249896552162538,0.6851869195948195,0.653337958006282,0.47870085170916576,0.5025759863983424,0.5956596956539726,0.5364557894988176,0.5780547461031258,0.5726669832033507
0.3928669940133036,0.584441305095271,0.7336922878573621,0.6603113243270926,0.5597769528445931,0.4786719888699709,0.47646841614582247,0.5783959316105313,0.548661464227303,0.573606234538686,0.5577868929052073
0.34984122168905024,0.6128618757912874,0.6905556943952645,0.6875801426261059,0.6118720566062231,0.4542493728870574,0.5445255896418048,0.5824361872827966,0.5062665171886577,0.5245737643191423,0.5502603261315595
0.382016836766166,0.6914863295661071,0.7047409905808717,0.7138777062560887,0.5598411484856332,0.46246150807260356,0.4703253967466684,0.517395734607745,0.5488242877151772,0.5423815139721577,0.5592724540404994
0.3939094906580214,0.6699880376740422,0.7166965456960838,0.6957306505370185,0.5892035600038488,0.4851174119562985,0.4531227903603276,0.5678525502606021,0.5613756287405824,0.5520501491859104,0.5654769062563085
0.3593319662697237,0.6519360137009304,0.6454927331024074,0.6706749359899623,0.6038982229391567,0.5301958327723765,0.4873878896626124,0.5801447042463861,0.563606361697004,0.561608976556124,0.5750561580668887
0.3991650597984525,0.5423458406398916,0.6672657237177406,0.6697203852066558,0.6680780674393922,0.45825191297055107,0.445524474983824,0.5390069420591921,0.5610954031821648,0.562310948201096,0.5896945597739376
0.41920843948428615,0.5291211931434506,0.6975786584722156,0.703641886054065,0.6736458387197972,0.5118201175353418,0.49526544802658246,0.5761383233988211,0.5785753762116399,0.583659452010152,0.6110760325058386
0.4082521212879471,0.6261111280585123,0.6939783758567115,0.7229730668055798,0.6442902607447859,0.49682771747713944,0.4856013321255061,0.5968946700111303,0.5899593260619771,0.5992445593280223,0.5590721367542634
0.4353092397958359,0.6614965188441344,0.701634490147321,0.7218215224261619,0.5773324723594622,0.5439620472590782,0.5423123757375882,0.6107475783417035,0.5067551545559654,0.6209701004237147,0.5986123636644665
0.3915698726387533,0.5828226575931077,0.7009310617767865,0.734773693879206,0.6106083999706706,0.49780010506054384,0.5713603683394244,0.5882034385157209,0.5442270808021077,0.6387221822238481,0.5694215317495872
0.4158754353763371,0.5738890118363245,0.7043415223404212,0.6038276902764367,0.6156316187875241,0.5061437458705779,0.5283456764121137,0.6049654797214508,0.5961188304150219,0.6337314170713986,0.5477936498040915
0.38202100941773653,0.4534659057366999,0.7159151670986018,0.6342446502061037,0.6324550386887409,0.5425687347005829,0.5318701984193578,0.6391205757908605,0.5573567086869488,0.6141721396488896,0.5704368449098005
0.3829516740133023,0.5236417596240273,0.6777090995388302,0.7091382188427502,0.6271177321192042,0.49748901446247085,0.5125890464418792,0.6118651871136513,0.5664948563787955,0.575599473368556,0.5819321336091814
0.36819305809694786,0.5860161339222658,0.7028442059710533,0.6697054812606329,0.6777520862445521,0.5017202790931157,0.5140682196736142,0.618213931828905,0.5708443130201023,0.5857262243116659,0.561048685625003
0.3771639831985751,0.5803228345247973,0.6987455888362658,0.6816737359503149,0.6745876675472642,0.5046618477507312,0.5261140840045982,0.5973724105599385,0.5755902238711468,0.6085552927949701,0.5805821792123237
0.41757690389561897,0.5316060957293635,0.672108827743127,0.7151720139572784,0.6081557972850216,0.5362967229712152,0.5353878355875092,0.6030922436982824,0.6058892575009929,0.5588081356278112,0.6043184149917014
0.34607054542058685,0.545070959649253,0.6951104305718004,0.6970030782806785,0.621023124230104,0.49144519639312145,0.4410315599219075,0.5882375947883188,0.5167391537508186,0.586656198185429,0.4909950410117826
0.37031968471385035,0.5867282958496138,0.6441663492347527,0.7213682359876721,0.6293768590060305,0.5194547447926972,0.4446568656726938,0.6145536590105658,0.5417598968450594,0.62105017785498,0.538478600322766
0.38679736622280547,0.606399602192939,0.65300122309531,0.6717663125959418,0.6615201472971252,0.5599770488573751,0.5228899655938296,0.5962124364454884,0.5516054204726917,0.5807901604399657,0.5539604506217302
0.41215385855660996,0.4968868645062102,0.6941359213571241,0.6852384064445518,0.6710432484133617,0.5354621850524488,0.5610641467864907,0.6008518171641353,0.5261436844455123,0.592585322555928,0.575807908333527
0.43196207034850076,0.5712784315675721,0.6475404374138404,0.7095201375863922,0.6586316281943982,0.5606868166040642,0.5616981191143129,0.6037877290206207,0.5484794210250896,0.6094134475396246,0.5981007458057905
0.43403448389265753,0.6558886579461358,0.6743617368148526,0.6474974215125452,0.6438290656610484,0.5488257901261249,0.49628059204013997,0.6059763839047243,0.5787441368229918,0.5722458888186658,0.6132666149673428
0.40044531478823375,0.6201541835463419,0.6781113738426251,0.6741992419131485,0.6527349353104233,0.5532907531736092,0.4775081909371781,0.629067006118857,0.5701391265324096,0.565495069973514,0.5473331756507714
0.37748431287638345,0.5337788486414904,0.7015401758725399,0.6778975228673054,0.6187677943585816,0.5184300852920307,0.5111913308913181,0.6318413671198042,0.5908898048803444,0.588405622849859,0.5843649027699099
0.3751061401160431,0.5915712837136855,0.7081161267175251,0.6404357458509597,0.5752526231165412,0.4421652167896053,0.47614319799788246,0.5986700346345217,0.5846816777389654,0.591684835080003,0.5877569965727274
0.40475143328171703,0.6257397073609946,0.7158151682027177,0.605448258757882,0.6025440143676535,0.48456617034461846,0.49138194373003496,0.6441819747846951,0.5402133756243499,0.6005714706177805,0.58876263892727
0.3972334739706674,0.6251012752645393,0.7252671203640983,0.6434021322454051,0.5938666153472323,0.4802236058534663,0.5087663026022884,0.530927737760811,0.5875329316438971,0.5585637056436275,0.598519987964824
0.4167414645081346,0.5182484234144633,0.7394148789815967,0.5252921585974173,0.5738674394077704,0.48589938803333876,0.5632313049454052,0.5453075550284359,0.5865374681628731,0.5808573262064454,0.6195953244136811
0.3238033599315212,0.5315794846705424,0.7454259828200048,0.5517559479023888,0.5986958206796809,0.48992118984108124,0.49837213614828496,0.5830925674874115,0.5940414589932534,0.6062892200130051,0.6425552670676393
0.37012790423394343,0.5796445427115852,0.665861637661696,0.5957478088411272,0.620954572618849,0.5253037784024677,0.48115979117418944,0.5875627008596364,0.6235857089932924,0.6173753239122637,0.6314337593071241
0.3784461976683581,0.5434420443486242,0.7028993077445576,0.6775276438920281,0.6374388664918527,0.5337174755727978,0.5436584974317048,0.5993923194864836,0.5373039582178408,0.5918399271150452,0.6350745144280316
0.4234299862489057,0.5730767534204313,0.7262794367678688,0.6467665763998637,0.6385867957999181,0.5122724803865087,0.5149562296190274,0.6129213597677547,0.5521246303912517,0.5979129089911481,0.6108732443781631
0.4006553922033185,0.5370041529227401,0.6679190982575277,0.6879190265451962,0.6453967781830647,0.5507925885850196,0.3645138794716651,0.643612116868576,0.5499997090556984,0.615418356838879,0.6342742091807663
0.4016447198456624,0.5506957481111001,0.6970217959063972,0.6652276344945858,0.6726125260211842,0.5670730027077825,0.49420304189716113,0.6684232658904028,0.5561366763688393,0.5583462435453995,0.6467410600197627
0.40854932374743075,0.5827009903786184,0.687986123935977,0.6843842528254163,0.6179796091809843,0.570351715158369,0.530179226460746,0.5787395187973815,0.5842565596519175,0.5623761014224143,0.6381117199449714
0.44820964972400834,0.6226339853977944,0.7295989428131979,0.6429332559850213,0.6546864779189576,0.561190041859124,0.4182680397828338,0.5863258200306788,0.5519954852352879,0.5824680054851842,0.6515590774275937
0.39606099406402523,0.5766885391200992,0.7310969386219807,0.6735764297884078,0.6594016102440727,0.5782517185208207,0.4388272326308531,0.5844824203547897,0.5346408055532424,0.6191734789265565,0.5624860253986811
0.45001255660966544,0.6405401323609977,0.6950151501632182,0.689642947562841,0.6754713894448194,0.5842830195826376,0.5416215417939235,0.5736989899755922,0.5828593048877706,0.5664369841211834,0.5651972962488825
0.4567825419288452,0.622470582731883,0.7113258195051763,0.6359739950012492,0.6906229356872716,0.5602144953577378,0.5691358893746026,0.5944427025905366,0.523731661801145,0.5977296249670719,0.5938700063493849
0.40609112636807704,0.6262058338296475,0.7346166445015045,0.6475550329156337,0.6868558334269202,0.5618592334435539,0.48778698944307913,0.6144413658517434,0.5510376093742583,0.5952526576159997,0.6174410721204141
0.4346567741247398,0.5732554304555064,0.6816696135647023,0.7078392499976861,0.629481245924408,0.578484489976498,0.468319941897757,0.6277452013855931,0.5058263374793475,0.5573744137217842,0.6451029652543161
0.4510830410334551,0.6185138914782203,0.6907217081143643,0.6834803947436165,0.6448820271371274,0.5910329436979048,0.4774812385790991,0.6367182499137114,0.5069699787695552,0.5724441172224543,0.6074436640636689
0.35537678551904645,0.5087150612204822,0.6719317345753485,0.6006175652768442,0.5464240480982916,0.5937269506255002,0.49212077592249415,0.6092533528780395,0.5730481025844808,0.5960067165964844,0.6626565559416772
0.3675772657570461,0.5775644415054408,0.6915732099132332,0.6081625558426798,0.5277777017281884,0.5565678775937334,0.4750465111112933,0.637978584320229,0.6151113980132323,0.6259003600211561,0.6663196462543971
0.3881333927586204,0.5817376232266989,0.7071390804459246,0.6286792783574038,0.5389390744498048,0.4750245162675119,0.4757651014519284,0.539731692444326,0.6157069935692492,0.6409309371036229,0.6646880370203557
0.44829835404321683,0.5869689585825375,0.7386522571371426,0.6511956073108158,0.5432642503508778,0.43661912748428916,0.42965418054279714,0.5908755895581068,0.6352703221783201,0.6765752500287083,0.6479232955189961
0.41558909888672263,0.5591723855456796,0.7140032939169689,0.6992166764989252,0.573265477652735,0.44493862084594415,0.4442371499136616,0.5923111277976538,0.6479809749161273,0.6396489458545921,0.5861269038033565
0.4514100035997112,0.6037684257410213,0.6905841038666345,0.6722281686103755,0.5976689839501423,0.45322417168096407,0.43329189063024803,0.546081073579221,0.6660418430782546,0.6675605794092931,0.5904819549755075
0.3062147132868751,0.6282104708577205,0.6883788152631826,0.6910894241634163,0.5117985571295558,0.46503167254832306,0.4758945672436521,0.5348932814594355,0.6329535996954909,0.6559987323682898,0.6308155288797173
0.3848841241846206,0.5867699973517946,0.699419158046421,0.7083489701551413,0.5489050096854617,0.5094506817486482,0.49451163299122586,0.5569473824334048,0.6412780689374351,0.5494101207627389,0.6081971526966107
0.3892864139798814,0.6396820074344824,0.7156415865225447,0.6472542902333954,0.5992933525642272,0.49557968988958073,0.41313470845657363,0.6063870154968048,0.6045107254695801,0.6263886781710009,0.5891248227633744
0.4336297698833757,0.5400416196472405,0.7289665784468882,0.6547533032821578,0.5980528281702395,0.5045078372282522,0.3617893062732217,0.5835436384313983,0.5387082819592559,0.6286164086998195,0.5353617190996468
0.4255338953678619,0.472481415709045,0.7438033721201719,0.7000245092823834,0.6142718222694368,0.5080254420183278,0.40329548628468115,0.57993056996026,0.5502488447537384,0.5935970520214086,0.5691097571542927
0.38308411915994517,0.5140654655891328,0.690181509575694,0.5331113329515701,0.6085002691445464,0.5268327226485892,0.4677182426588159,0.5819264771764829,0.5576461798878249,0.6016447206821809,0.625038996354236
0.3960132720300662,0.5255127843183174,0.7089674562197276,0.6217038014613843,0.5937378678587043,0.5299546753239426,0.41620818748783217,0.5940891909340668,0.5662104464580913,0.6246367028318263,0.6252842056045101
0.4052598497039445,0.5613025560088012,0.6673396579264953,0.6292807631120758,0.6032051730849668,0.5406145163773869,0.4334664981483521,0.49971967424630004,0.5665002360611937,0.5777159314395891,0.6373196804535228
0.3964375862694516,0.5544501201078765,0.6913742376895516,0.5836816002672116,0.5567193756829151,0.5291439007476502,0.3321623347116359,0.5477430131183809,0.5720228562305627,0.5867538303157642,0.65493359891665
0.3896708157243852,0.5976296876806096,0.7059942014356981,0.6194731006897521,0.5693248213244941,0.5342279450350412,0.39166208868673846,0.5668383493617007,0.5829032990270161,0.6294789076966552,0.5825275124107028
0.4264783454988781,0.5995004438759366,0.7445840206527741,0.6637157794881854,0.5963702579382237,0.5317837501397752,0.37685621123573165,0.5911798338134374,0.5789449838058934,0.6337943895238545,0.598334461550468
0.366259572501874,0.5238192782816781,0.7295605408424974,0.6717251968031568,0.5546071837090207,0.5090673017022026,0.43902905826229754,0.5398969097903252,0.5946221556094788,0.5759087273464262,0.6133424230757226
0.41188747705871415,0.548985889731289,0.6926681503979465,0.6612138642705561,0.575484385947751,0.3825743945216918,0.26023010895996906,0.5797280395769462,0.6107753931491362,0.5874168255378611,0.6289972434966913
0.30319245789770566,0.5310101808812271,0.6466625868590651,0.6578136697514382,0.5415585248688602,0.39971139151446844,0.3015125308867498,0.5472988543586048,0.5887014538293293,0.6014195369809302,0.5825871011325202
0.2908745802553141,0.5499489126130035,0.6659460428648639,0.6636556497249861,0.5033946446885087,0.4359941014942474,0.3147961330420271,0.5624853204588216,0.5824156037998874,0.6124824852626236,0.5838615859134771
0.2841717899299891,0.4940032095839706,0.690081688872421,0.6372156089047518,0.5041747708670621,0.4277689324315503,0.30961547503646775,0.5716169884908191,0.6103413662855965,0.6627089181223584,0.6105160170678163
0.33247704637693154,0.5785700658096214,0.7313346963456765,0.6820265073769707,0.5415673904592763,0.4281477031922467,0.3619791521221683,0.523680939086999,0.5882604241391177,0.6631003286201496,0.6056288398884113
0.32966197269269626,0.6049070964874383,0.5774527469862419,0.696742032607774,0.5230398960439632,0.4802624749786753,0.37687175780717314,0.5677578977963715,0.6049230007524754,0.5640144318311113,0.610599080308703
0.3205591409769449,0.6147572072811046,0.6074030050299416,0.6777857372147006,0.5025449533996681,0.43033715625139235,0.41300071234935354,0.5980875777967286,0.5704359175656272,0.564045418090102,0.5565772511825154
0.36859212337317376,0.5791991700323418,0.6351077820051086,0.6999215966227328,0.4740442199640046,0.4177006649113563,0.3914848324879789,0.5998555859255674,0.5949571526895141,0.5658899500621901,0.619577324928155
0.3410208328499663,0.4654999008524508,0.641911314588999,0.6966876289512576,0.5097567498771243,0.4546694534779767,0.4090317529962313,0.5169318300762528,0.567020398469672,0.5933233818541097,0.6145153790436713
0.3668020080762957,0.5674645902503751,0.6745005635200367,0.6306560545825585,0.5499269415376495,0.4494042452700431,0.3756045022453803,0.530291004048176,0.5800229853442823,0.6079174293102405,0.6161017571497238
0.3035971598060399,0.5552259095591798,0.6533853666434841,0.652267377244649,0.5287431754329354,0.46823201500652023,0.39907143642277404,0.5376812090051333,0.6086268964853991,0.6179582562511401,0.6200962996077226
0.3337827471326111,0.5121850301086148,0.5914033076568725,0.6608662176784703,0.5753428940189471,0.48672733385590394,0.4703462850245965,0.5720649739398579,0.6144934541861439,0.6249148348694278,0.56576956353451
0.33853788084987346,0.5621057953342857,0.6158062075625919,0.6717776810255431,0.5382749415943981,0.44562099641093417,0.37997123891260204,0.5242543272264234,0.5408334287293731,0.582767710487427,0.5721812140704258
0.35944065698232197,0.4221126038302772,0.6855401136340216,0.6467079862558509,0.5735408821643435,0.48439089242416444,0.33047247100409305,0.5055415770935767,0.5856292609441611,0.5519803909288108,0.5677417680553865
0.3839773876418865,0.5400223385463151,0.7139763461050003,0.661528775931695,0.5246455538463581,0.45530132386513145,0.26723057223809876,0.5144844790405146,0.5955483493005169,0.566877328386873,0.5489708201202564
0.39669858352450554,0.5529193061930602,0.704989072891432,0.6103695141743722,0.5624811908235641,0.48008247038823554,0.3545118017319505,0.5336201265755387,0.5562266731707501,0.5575897364610143,0.563577039582328
0.39884699272731683,0.501982247054855,0.712971098198446,0.6464300670300855,0.5681531159426738,0.44259461173545295,0.36368444421741686,0.508941155217935,0.586271413188325,0.5775037685435491,0.5811172187419211
0.38265500991499907,0.4606112281488125,0.7185633974995922,0.5968845177329024,0.5666898580263692,0.47666213041751937,0.3301810175360737,0.49155647257647767,0.5842951056716612,0.5235196127505919,0.5479644918265282
0.3536371378303062,0.5217919614180839,0.6674155798078422,0.6135534094644326,0.574372053006307,0.5145330395184436,0.4249872333753971,0.5399670742457259,0.4976046686042709,0.5023231571449165,0.5509964527716856
0.35613388784737177,0.5937615939780068,0.6631207259747085,0.6380349131111493,0.5344239642101531,0.4813390305428716,0.3501721871341933,0.5443023620896343,0.5506061272912693,0.5288495420604284,0.5652707739819418
0.387083089929686,0.6323183940382073,0.6796091863355573,0.6758039079326921,0.5269667767162316,0.479545820209084,0.3679025876448534,0.5464161513142727,0.5620566719966344,0.5755066880337514,0.5482505880996502
0.38025418878994544,0.4526398654110508,0.6889172444669363,0.6049079986473007,0.556672652597471,0.4924899120221782,0.39972132244800596,0.4929212021997947,0.5144928513796228,0.5821371074797131,0.5313114804615119
0.39647216254070533,0.5202321749020972,0.6917803339148718,0.6673878456340394,0.5241048398815279,0.4501905642823107,0.4107119359270335,0.5280099206659621,0.555561630904067,0.5908591214449003,0.5413077698189745
0.31361364694724064,0.5384538258676197,0.6379562382165184,0.6854295394232508,0.5311115249291585,0.49632132395193496,0.3937657848558856,0.521260542135679,0.559754336602018,0.5424626908259554,0.5775898884777467
0.33611638378241243,0.5084681415960092,0.652101813485926,0.6441184176491396,0.5092347900959061,0.47892741086732366,0.3743018642705438,0.5449929482805349,0.5895839520507634,0.5768630987440089,0.6091558847525457
0.34822546157332496,0.5234169392501495,0.6457083328334178,0.5897057154164512,0.47666130859607314,0.4723378481988755,0.4211220020864407,0.5561930073524937,0.6219093126255305,0.5378879760496627,0.5711151840784181
0.28788130216134455,0.5160683721475907,0.5997001449735332,0.6215382312607911,0.5563125845590096,0.455806876876733,0.27048361708804286,0.5341912896293508,0.5857251201376987,0.5813103329134655,0.5760564036301142
0.30906627349587906,0.5499989543504644,0.6383569446757333,0.6684828135749417,0.49795380396397926,0.48189164107416305,0.3082265156339875,0.5224844007200595,0.6051331040085508,0.5852172735061598,0.5858965453896644
0.346752264813358,0.572820780738744,0.6362820358283268,0.6494683027283297,0.49301740562056334,0.4234450167809353,0.24387132217051746,0.5547753292351142,0.5823963397402981,0.542688357271852,0.5470886475745323
0.3631991633773256,0.5804675717540027,0.6386539753159,0.6332089946856956,0.4962267084157626,0.45885651686984363,0.28404319217803237,0.565457748674884,0.5999434681569737,0.5802018652105131,0.6026601445800572
0.3970749019221258,0.5971189085454414,0.6509075164195175,0.5871201828586051,0.5268194927233925,0.4713086255765954,0.34820959782314453,0.5457936548055574,0.5747609128551069,0.5600562760640153,0.5534610764555635
0.3985988073604023,0.6096727949088837,0.6518970270504958,0.5898217325035877,0.4923693964010322,0.43117551409953025,0.4204197562023496,0.5389112643728672,0.5973635566851284,0.5519209330494462,0.527879904895151
0.3560364455212424,0.598353396472881,0.6365556158025464,0.6425122185989003,0.5239461266747468,0.46930024846348833,0.4234682994024257,0.5106895886757196,0.6119250362293662,0.580801123671739,0.5444603166509341
0.37971581180497005,0.5029555436749791,0.6012500598142375,0.6397430506825253,0.5479256502256048,0.481834903164331,0.33012140128987777,0.5348467464833072,0.5757693778509897,0.5709782290297254,0.5478347592694697
0.3312893371625239,0.55493488221556,0.612943175569755,0.6526557585371979,0.5582085169228652,0.5125662361435087,0.3603999163339059,0.507775335098328,0.5453164422316747,0.5114916905029164,0.5527396005141294
0.3715280613396609,0.6295850631851415,0.6395352916974377,0.6204728426206199,0.5079878639984163,0.47162421325200654,0.4254733223392152,0.5113507580266653,0.5661560506085161,0.5282664787251098,0.5617193844448991
0.39358887115875185,0.6423510177245897,0.6521537093349801,0.6604498991391794,0.546960499462406,0.49241090118445746,0.4425145865228345,0.4827974032309217,0.6109699865716027,0.5806343908673467,0.5510124262530395
0.3760762387662515,0.6076427800252377,0.6225761771859977,0.5955846268352232,0.51552616050635,0.4035647550142816,0.4624085940515117,0.5445739447768518,0.6520387389327222,0.5895181742684199,0.59411275399468
0.32616434260243093,0.5478417544991081,0.6237267739617485,0.6316842568146683,0.5373662534643115,0.44265091371132703,0.36437251770228435,0.49045093564713194,0.5706436365065862,0.5956577647937704,0.5873511452092077
0.3225954778304401,0.5840043792821417,0.6053605211369864,0.5874795547341116,0.5431089945747615,0.44896433143572645,0.39408320940236835,0.494057292945954,0.5814973645131296,0.5232816809878087,0.601425209836673
0.3498416616120233,0.4745352283584064,0.6195722370924823,0.5736371167432067,0.5364591407568781,0.48157333527638996,0.4167523943055913,0.5394653073944293,0.5935508141937536,0.5492187312690118,0.6122964631799319
0.41654127461546436,0.5002532150414138,0.6386717957743651,0.59227749379171,0.5033046260045508,0.5184920182284205,0.4067229602786233,0.600183580071796,0.6153261043996223,0.5867963685752838,0.5832907302105258
0.3940647496677548,0.5028178366866685,0.6713435482491956,0.6172909348300961,0.5217043969135655,0.4958398062733925,0.3217700015868695,0.5631954673121717,0.5999618897661928,0.5810450824717386,0.6077174305259502
0.35373194796834884,0.5125383014478424,0.672522299916001,0.627946009885602,0.5209636703507976,0.5113264279136334,0.4081078035970862,0.5971114478147422,0.6298612008828589,0.617085841629155,0.6396222897344758
0.37322978907228144,0.4864910304525737,0.6531265337538097,0.6698048173521916,0.5441481560417316,0.5213531253271562,0.4202069233815472,0.559334839068443,0.5900651843934587,0.620150254894257,0.6161778798015974
0.4015145030440346,0.3917300948117724,0.6704484301930123,0.6059844117485991,0.4749581524748353,0.4752379580113559,0.43383458267201847,0.5839721607931796,0.5178830112865986,0.6023843485677038,0.5659725930151249
0.4073458675018855,0.4247177998599081,0.6410816306605389,0.6110851021568441,0.5100860858024046,0.5082982470125024,0.355309338884055,0.522030715601884,0.5639831050447197,0.6227831734833634,0.5986415183781302
0.36865043334790065,0.3872529583453211,0.6459511428281508,0.5556506260347073,0.5315606645703639,0.5252575850264574,0.40513698217166394,0.4984577549622923,0.5767364648484098,0.6620924560119544,0.6241822515272386
0.3665672237757447,0.35081958652261674,0.6349029366955055,0.5721423203046301,0.5792253092043051,0.5319283115042912,0.36416167888541,0.5097494872964462,0.5904012999338759,0.6634517776503366,0.6262195402162934
0.323146814892258,0.429823437442709,0.6461153397421934,0.619488566975044,0.6303378261589714,0.5251343525424012,0.38386289450044914,0.5530606702074639,0.5293798288562287,0.5941944356737889,0.6117053358021312
0.32617747659023333,0.4356104651297138,0.6664032139892375,0.5864294598663675,0.6600463453550003,0.5477554537159186,0.40637903569721157,0.49238491668121515,0.5646874001013267,0.597368064757275,0.560599222997086
0.34967150494230603,0.3356778035732193,0.7098529690722082,0.6368404000789694,0.7022117021493357,0.5732186522879037,0.4092211121322129,0.542530490907206,0.6011033406891151,0.5431506835804756,0.6051763722325687
0.3652415006458063,0.3005544491175252,0.7118069609889837,0.6516070206776641,0.5687035377002343,0.47479980853714165,0.41733330861221896,0.5663806612706963,0.5854814212782912,0.5883229788956266,0.6177066384473016
0.32089082587292284,0.2871822358315232,0.7278410285950796,0.6580080748357007,0.604676906973557,0.5083714361342317,0.42910120701587384,0.5791977662105406,0.595644380987119,0.6097655529168178,0.6048376427787606
0.3260355307808602,0.30748916218947236,0.7500794417350487,0.6189267869221892,0.6068749974067764,0.5122750006597102,0.3707206624130353,0.499310274718259,0.6040906151226375,0.6272817127447381,0.6013385307406318
0.3434326543281151,0.2356501739070605,0.7165292230173446,0.6006418508347582,0.5831765135524717,0.5178295035972921,0.3311576728008437,0.5412453409499932,0.5358981765513576,0.5690031623418714,0.6039794039238158
0.34464456931031234,0.2607377878253717,0.6535753663202274,0.6400442428691202,0.5773372018769289,0.5404410544422762,0.35404151755140034,0.5660585369566489,0.5707869040007878,0.628534033723742,0.6083277470131875
0.30733684304218345,0.2705066831361648,0.622036653529611,0.6265341333585306,0.5840078364775965,0.5483911131634027,0.4152643795304458,0.56469219480818,0.5976381665695738,0.6301776301103428,0.6199599504448688
0.31666466090027057,0.2964911730984019,0.608608753326501,0.6317618658284357,0.6334433823250065,0.5684517172854497,0.42897651455187363,0.5173956176124728,0.6129291670907628,0.5851002489891199,0.6473248068045956
0.29947873551681525,0.19463369448944887,0.6094272186521247,0.5178090255995151,0.645468475654191,0.5328793211675931,0.41385098681645477,0.5682008177673159,0.5906603825255811,0.6324110273191477,0.6180033773561493
0.3006090966768402,0.20071991630206173,0.5829051841208425,0.5550364723956172,0.6553141190093945,0.5774748141792735,0.4227473503919593,0.5328128888202305,0.5771233483539884,0.6390367651561364,0.6023313686406974
0.2829497197393586,0.21937928034081172,0.6063640595883428,0.5021000854343998,0.660782938557726,0.5955603359827699,0.4511279916050972,0.5703335599718995,0.6086110916718714,0.6356024731336403,0.6000772725482014
0.31894888014627354,0.2241271834816767,0.572487595485621,0.452345479211564,0.45687293298560105,0.6127840560781421,0.41359932924334963,0.551765304849583,0.5839023164423042,0.6372273332836289,0.5610636149239522
0.316325785332004,0.20958082833353173,0.5880913367240608,0.446702187077459,0.4766264000511111,0.5891010882539202,0.39751419110618813,0.5554745043179617,0.5356694406410277,0.6150094541232191,0.5774793780179126
0.32131209130005356,0.199696107298326,0.6024556827719605,0.48120857943187845,0.5280845492376118,0.6097565739561701,0.356783693527982,0.5905087882258595,0.5648710145023791,0.6450368387896627,0.5785492393707583
0.33889221106527656,0.18614668881388746,0.5924631937589988,0.4929268175959037,0.5113596203547263,0.6117387158766179,0.38021660782591865,0.5978265371963443,0.6253338157309833,0.6394800708866489,0.6045278904928136
0.3299191574386532,0.1965173872711898,0.5013811362864717,0.43382930769510286,0.47726888680520935,0.41902660002881503,0.45191794939998864,0.5664714682848988,0.6608229386720841,0.648650629754506,0.612598517721773
0.2846509995950482,0.19829881986877784,0.42999348743517884,0.4683744269179512,0.4091056868730107,0.3152728746976805,0.46283666355413733,0.5731532328869127,0.6684988011600702,0.5875714609890074,0.6187770845327065
0.26045716408077035,0.16017207634772024,0.41652162259881703,0.43223198428385556,0.4128501787552431,0.3388071324869767,0.38629940899918075,0.5832003063074709,0.6332666537794386,0.595917979590596,0.6338278401973118
0.24658927341914244,0.14315568994270336,0.4097823016957057,0.3913657542928738,0.42302562338669947,0.3809786478950895,0.4196374916115203,0.5820316292761096,0.6359183889472172,0.6056176079056892,0.6369197977346247
0.22877073976107415,0.13694721430042917,0.4168939356805474,0.34530236078790516,0.3332387639290944,0.4518023047772578,0.369427616266503,0.5673792405427986,0.6612688450886391,0.6391700489992864,0.6582287413269481
0.24247110126131766,0.1479223764928273,0.4309419007606037,0.34651914484723123,0.33292253079248196,0.4591006293197595,0.40455576788404357,0.5488570470452802,0.6148698848266877,0.652321613307798,0.6424030390697112
0.24687716355391312,0.16013622109474687,0.4385891892905565,0.3373109005867365,0.31211193378243085,0.524369683606404,0.43666829600504875,0.5712552406650234,0.6328582460878005,0.5565638534770635,0.6460276524846609
0.2364673108292294,0.15666023076803465,0.42339629827162345,0.3293409983598342,0.33786229350755664,0.5516877535628172,0.4402292070540472,0.558023742202981,0.6385281833906986,0.5432686800375814,0.669320258062016
0.25105238643446776,0.13017509724234774,0.44670342247551376,0.34004156050873435,0.3734319909642842,0.4994898255477632,0.35300563194124024,0.5776836087484213,0.5863136028456977,0.6134568856389494,0.6697567591306237
0.2594392057406596,0.15997817849909113,0.4556233252309493,0.33058340650596774,0.3901807441284276,0.5716366791266843,0.3661729128996984,0.5465845246721904,0.6162278891141364,0.5446655728933112,0.6951999214507714
0.25626568836973707,0.14464355688464742,0.4085971013749719,0.3444336324937809,0.4262699400682931,0.5326018498856214,0.4144002198959189,0.5971182964344113,0.5505445498790212,0.5708446210736918,0.6440328681037841
0.27378984287889974,0.12939765222120309,0.44412173060113924,0.3445555642530979,0.4358631865596108,0.5469297914650406,0.3302812898607408,0.46536080307232747,0.5960127079562039,0.573252822626324,0.6506452965558818
0.26795605173531956,0.15182133033830025,0.4560604839877048,0.3356097512927197,0.40809997401955683,0.5821654892231616,0.3741497307861643,0.488791932103499,0.5781020235227219,0.5757355186781397,0.6667334165773917
0.2823538952092999,0.15587899319289578,0.4878592544803446,0.34795322127713635,0.4144133860042536,0.6111595031691396,0.41096687747225213,0.5511235164798414,0.5798553092694302,0.550610625753358,0.6809441091158637
0.2790581924610693,0.16945183664628077,0.4930735528781606,0.3478325296296646,0.43636786640751735,0.49385880590280584,0.35077796294004815,0.532268326722018,0.5300833590871024,0.5732233278893066,0.6826276339321591
0.23098073784486026,0.12498130551090446,0.4994613125279992,0.3561578288011694,0.46055044626611696,0.41779524962511594,0.34276655128460376,0.5722951183680798,0.547437268511852,0.5789956973663677,0.6761012442227398
0.25468787959874817,0.14916115896007565,0.4791514721394138,0.34113138085880423,0.4591204556805142,0.46517193100249965,0.3560151340844258,0.597952786021693,0.5737102059398816,0.5845287105208679,0.6736838104743019
0.2693967095309494,0.16476772145302965,0.4920521352338328,0.3456361203813828,0.46506225118943706,0.4459159744649632,0.3604429220549863,0.6306683923628937,0.6009582633212754,0.5218980541236264,0.6131616093482348
0.256612497721637,0.1691920918501989,0.508215524314606,0.3599484989974822,0.442275150877385,0.4786093350586551,0.36576848871984136,0.5524644237938258,0.5948185679188666,0.5169139342652598,0.6174447013684969
0.26851410810581366,0.13768820153026753,0.513048214927885,0.3514426849048295,0.45435086592470086,0.5166881321153398,0.4578108195723682,0.5941885875976058,0.6013178722414118,0.5356989427351789,0.6230508487681021
0.2919918855323869,0.16064406225524752,0.46816374013696144,0.3612277877906678,0.4721953090581434,0.5368374697063678,0.449853290174848,0.5692575472758791,0.6368048173643996,0.5298777157514503,0.6321544059150475
0.3045841839212352,0.18058969476815678,0.48356670641644595,0.3836670776940956,0.4402997887266638,0.5629235946422325,0.4403764216057235,0.5610482065064865,0.5986878098702152,0.5432061668907391,0.6313047964505845
0.3160662025436835,0.19367840731961605,0.4803830887643622,0.38761640458641,0.46787882162856115,0.5649220169368535,0.45873224608810675,0.5216948377344645,0.5918211747865872,0.5649178244862786,0.614185316634826
0.27518136989309,0.20801138817873774,0.4454242190029733,0.40336298585243224,0.3860314144587199,0.5080140306901066,0.4323750266340535,0.39860401905474,0.5755594045974226,0.4457358114146119,0.6195288328946096
0.3045414446315222,0.19545302643336693,0.47477871216416234,0.4049485431331651,0.402374760207429,0.42330414535100547,0.42502129868423694,0.4473623627089636,0.5365907689282815,0.4924204315272578,0.631619632701935
0.311826308671272,0.22698159711177557,0.5076073111809792,0.43726810490366075,0.4812253841562527,0.5155714974555436,0.3395582921256908,0.5385550897873217,0.5682620869195736,0.5309366905802321,0.6538780388637978
0.3170119859251579,0.20363116337103626,0.5263471525751795,0.5041344532859467,0.3905290006536557,0.4480806357731372,0.34479041802624677,0.5940269712064412,0.5690282204732962,0.5485094417638804,0.7066593619496147
0.2616282813416355,0.21250815310618892,0.5916860406024731,0.5648313279125363,0.43535639159553285,0.5029292428230696,0.36612662016222314,0.49010417592591626,0.5857831476100283,0.5029545848217594,0.6407151367407683
0.24977868559168226,0.16867731972842095,0.43939638980487145,0.5748740618224102,0.5035437019613263,0.5336735774365753,0.4521913097947785,0.5168090413668667,0.5463067946291588,0.5087296680099762,0.6063779564629712
0.17084822672690808,0.21147856887915023,0.49111523800368984,0.5880298157085626,0.5619571383850963,0.6043794633200876,0.41115078906566477,0.554877057696598,0.5792540263350097,0.575375316854037,0.5676592690673671
0.17674441738532848,0.23561641913145165,0.5025419149961744,0.6068746489294584,0.584878977107741,0.6235256977002679,0.44589291885290433,0.5346410411333731,0.5738643758120934,0.6089432267000916,0.5891233038019343
0.1789670280572463,0.23355961283109422,0.5369107760367472,0.6121279057353206,0.6317496190502957,0.6597392218577964,0.43286809190291975,0.5482509547130807,0.5284760945073,0.6068139749493178,0.6157002597963386
0.1253768699007853,0.26068122310143665,0.5382536804559019,0.6410686422833389,0.6237842222698462,0.6685111604841913,0.43698493878661715,0.49024955293587713,0.5546293537341604,0.6185296180878914,0.5569715286745048
0.14034550422009667,0.25644762605223537,0.5163802432886078,0.5870292334974089,0.5837081014692267,0.6459779828594602,0.4717009081264856,0.5056202542056333,0.5882535918291978,0.6027554150590269,0.576357209636597
0.14138172714368363,0.23518852867443923,0.5128206309371353,0.5767837593930707,0.610039281418931,0.5877189828166843,0.36593073733714854,0.563495645581504,0.5825091268313063,0.497223288265873,0.6226638673755264
0.17172034284006488,0.23309451325273056,0.5206640292826377,0.6007107466072812,0.6180771622794972,0.6397192143056163,0.4434730722645771,0.5359161954238009,0.6049264793992346,0.538684134026795,0.6341303455953424
0.15410731443065892,0.23818580493254732,0.496288520063666,0.5719484558673876,0.6779805969642971,0.6495529393891281,0.4649442245135208,0.5370327422610084,0.6142504577727566,0.5793192719453993,0.606107589724883
0.13127204338073054,0.247099147046897,0.4872595537699272,0.6237949876860373,0.6262640920995206,0.6259877365106544,0.3518269335321998,0.5444646087617723,0.6058260527185027,0.5389657786229559,0.6150425631490042
0.15447518707579505,0.24005528634072687,0.490101214085924,0.6239994094236083,0.5810616920330726,0.6304343247400912,0.3704749375701104,0.556577218645063,0.5814980609398238,0.5702593837293465,0.624023968628703
0.16930652891015152,0.21114515440858062,0.5151358643780242,0.605609343779181,0.5864976005300762,0.6555613603203763,0.39460368624522657,0.551022919164428,0.5626601633126083,0.5824048676385885,0.6429101966800637
0.16542495146930317,0.22626927147680884,0.46345969590635516,0.6065719817621251,0.5907998347676906,0.6662148949345134,0.39763417817532265,0.5742391033307708,0.6227395647558636,0.5513650661451398,0.6653761002696367
0.14675283730943162,0.25266725138590634,0.4813190764193881,0.6288611728977698,0.6097422081061656,0.6874568747385897,0.45705457394245164,0.5878533593902849,0.6496779829568916,0.5515706071862284,0.6382447652546526
0.18253631832892114,0.26121861035837,0.5168620637532388,0.654186041768759,0.6443453461912301,0.7332050790423604,0.41295570476635457,0.6086309744983915,0.599975084998936,0.5384465083439077,0.6577411755029124
0.1647706879414558,0.26810992010470336,0.4932701725319357,0.6854728082975043,0.6451052709722556,0.6871567930345295,0.3795724204854421,0.5785069512661983,0.6185903180978486,0.5508521037985408,0.6669190876723716
0.1579531610640511,0.274267060558809,0.49494707251871906,0.5907818317737378,0.5476706349760734,0.668957667386426,0.4236076352755678,0.5770839017645744,0.5852744242940916,0.5491147541256732,0.603222114387505
0.16628351058235777,0.27034133065268456,0.5187657053492282,0.5695660799934344,0.6097218583875874,0.646885108798623,0.4145004592482873,0.5536977530390756,0.6066076890140801,0.5354962133518736,0.6218276757304355
0.17254535654599862,0.28062946885524764,0.5286103205571215,0.5466901313677756,0.6416655214205221,0.591087710074866,0.4278527290418105,0.5385655422916562,0.6211684037571497,0.5498928061524686,0.6595032957958825
0.14446333261398503,0.282602383488338,0.5452164287470502,0.5575433443301316,0.5218127909678303,0.6266279782566511,0.4664881686928894,0.5430996725585044,0.5882227254019974,0.5710837167795396,0.6506168623242015
0.1401575011517541,0.25734000629453585,0.4899507193286921,0.5620182890597101,0.5709548711276475,0.6628404790956846,0.39543794069311655,0.5624222524731527,0.619259318587662,0.567074740636833,0.6560824846596894
0.17094330341079234,0.2591638629175863,0.5253629210280407,0.5801115316414124,0.5234818367363118,0.6128489779389975,0.3639203831779542,0.4763662208487136,0.6297464990515471,0.5544841687874926,0.6538389095120618
0.1530048309592938,0.25259586134893874,0.5292653981160038,0.5579815000519699,0.544527470717428,0.5788315174568939,0.3903705560925641,0.5120061738526696,0.6065387479656071,0.5554430989657491,0.6312414491950685
0.1570440364510361,0.255964888888009,0.5030689474835468,0.5867171812504927,0.5186457966744582,0.5915310060991245,0.4594348938874624,0.5827297239974643,0.6145157864312581,0.5825445325232959,0.6520083060092642
0.17850656240628565,0.22007070166794385,0.5212446812734776,0.6097365045410816,0.5291503903981567,0.5710489252190619,0.34667368495370104,0.5280374489571057,0.6303101540444316,0.5998937739023917,0.6384640223859248
0.15969438079967277,0.2551334468636503,0.5528472065649681,0.5776514110561787,0.5401782375138393,0.5960727511858129,0.3856430331731535,0.5816969464506945,0.5760463035051745,0.6132335450142772,0.648418188510161
0.1758619793236573,0.2555133023703434,0.49442582647322697,0.570839029336771,0.5662726861593121,0.6455929556363367,0.4009516198214722,0.5707747918556018,0.5727952556622758,0.6030763937479533,0.6083057625243311
0.1761731242081936,0.25220651436163755,0.5029337547967714,0.6162337471381263,0.5572058030497304,0.6440133339667706,0.4450048319963186,0.5238811419141124,0.5933765488588341,0.5770682152694481,0.6185747694875684
0.195596323928742,0.31707915253019114,0.5121221948216552,0.643066025669301,0.576600149297736,0.6747537254552058,0.43870945271349715,0.5277444899717512,0.49642457115259364,0.5347503534699655,0.6464131985328185
0.12192305364455426,0.2691549561633415,0.42994316701728635,0.6080128085959258,0.5285301478806369,0.636195065031275,0.4589495545548634,0.5388699440029159,0.5565503555911461,0.5117377584058183,0.6611186671684288
0.126727590322088,0.2676607847446909,0.375596213451197,0.555256579704904,0.5008433797749038,0.6431551123980828,0.475994240296715,0.5709942168985158,0.5674931464832526,0.5481062931478107,0.6683610360944603
0.0914139366043009,0.2647987462735792,0.38299813144917055,0.5711350439634779,0.462874587346101,0.5977408466531807,0.46865201204038365,0.49291904632043976,0.5960022947125705,0.4916718798251219,0.6485258389237296
0.11174517543676102,0.2542912175874177,0.39952515316814896,0.5835899662302633,0.48082946042597846,0.5932612327253886,0.5550022792105263,0.49974046220235835,0.5841127531707835,0.49508651194322734,0.6223679025125389
0.1165932311016243,0.25949142795983715,0.4062596346171278,0.5864557202656445,0.5137753271759427,0.5540075306796634,0.5532089712008192,0.5013668215911582,0.5979333428003046,0.5293323777580098,0.6353310575615501
0.144175316566008,0.24597703587773792,0.4089076013098592,0.57479069547105,0.5207920195120914,0.5869703837082644,0.4014719536706849,0.4901452581565597,0.6064833208248939,0.5321159082038058,0.6280266368585788
0.13067448713136917,0.26711043153277586,0.4030006248645142,0.5856252259227384,0.49242963302315146,0.6188165076630764,0.458316732282596,0.5298535066500997,0.5996677280257166,0.5789339688809116,0.6460882598906419
0.09421667238301377,0.29407695009719137,0.3832827249412478,0.609704549162621,0.5266112255484843,0.6262101990760944,0.4499772561505804,0.5695051488665376,0.6240020048875912,0.6128424418462857,0.6606810588321498
0.10390501228067875,0.30561384469414077,0.389693169766001,0.5841365645160231,0.5284161674449517,0.6313005791932045,0.4925672212271507,0.576078237224822,0.5910206666376551,0.6261908489647223,0.655636522442181
0.1095217479943178,0.30706084320229676,0.40043129315049886,0.6381344285018193,0.5446903307592361,0.6421117819584288,0.47543517853979755,0.5820855540686719,0.6185407086855594,0.5773947841247565,0.6123001019173825
0.10376360521999717,0.3269311805082527,0.39045794655659766,0.6295619725336402,0.530440557031288,0.6784911832988761,0.4145747627209001,0.5318820014333302,0.6076180665861057,0.5872743736716217,0.6474168471170592
0.11167582211987148,0.3359049022969426,0.37823072894517673,0.6064275124917271,0.5368495912529949,0.6832569257528877,0.4406774603181448,0.5182806525336426,0.6321041858709224,0.5697119774956371,0.6439158473783584
0.12790539210468138,0.27746548027084617,0.37939767666699475,0.5881710314663252,0.48826335586313874,0.6033998821118184,0.3779374530835413,0.47760589396128894,0.5765478203808152,0.5569510694455656,0.6243916109289315
0.1373046904445894,0.28312568593525733,0.36329824907827446,0.5899632756495369,0.5239203053996093,0.6298636762051106,0.4268212011748909,0.41067290261888423,0.6068858335062469,0.5839745595239547,0.5851076305068404
0.1451478999440594,0.307024214671486,0.3746924352523587,0.6022841118658426,0.5374819131633284,0.6420102086069442,0.444981035113496,0.44326304607525235,0.6006587892142268,0.5609336828494281,0.6228767757984295
0.1465933286281053,0.3181298982711279,0.3866032554418575,0.6258931271415631,0.5587841547000691,0.6506198556785749,0.44660803922287945,0.549321236165283,0.5472175476923014,0.5466304660660919,0.6500313888752427
0.12354870350882485,0.308954079731464,0.3817435295328912,0.6269866526998544,0.5674039604325569,0.665462990454452,0.4586098266905545,0.48364760202517515,0.5749073642374611,0.5340050165229027,0.6710274713852002
0.10766564661329328,0.3268603876665004,0.3496748281538902,0.6299977701319985,0.562108638199688,0.6577490914306309,0.46878543177107235,0.5140402056898237,0.6109393588546591,0.5580212798294581,0.6372843351410935
0.09909087714365832,0.3304912565761656,0.363321626673913,0.6557403263523672,0.5218605231461887,0.6666498803309402,0.44103898208964426,0.5454574630630461,0.6110981513022704,0.5648168582270469,0.6461891718543258
0.08854311913299386,0.3239643815276853,0.3615938112947409,0.608460658589715,0.5629277261885126,0.6839964746114304,0.46888686760880594,0.5544234093443723,0.6263959502381911,0.5598770476174921,0.6325115290764615
0.07578110669988146,0.321032844572789,0.3625293609986612,0.6432885461615427,0.5896577728595029,0.6974856391915565,0.49227322237752813,0.5823930385673575,0.6155353152906574,0.5952023852501609,0.6069319652011291
0.07492984630144128,0.3424255297551989,0.3735449446650619,0.5937586528311122,0.5910599759666806,0.6206066173929108,0.5629746609864341,0.5487318618581413,0.620233924664204,0.5689537194492333,0.6237964571908194
0.0907305957185511,0.34467214695926063,0.37661698670868166,0.6128487956898425,0.517359558251289,0.6500312027199344,0.41525844277418766,0.5336487580033814,0.6302133101616041,0.580837021376905,0.6311362343911466
0.08261751098932182,0.29882119763669274,0.35884665881874783,0.5271008956042593,0.5291742198355036,0.6616024808881418,0.4362698811917416,0.4658125666700796,0.6214054921547499,0.6107590182356881,0.5968979814913979
0.10680640032722134,0.30772967314056276,0.36738663050916365,0.5795868328273757,0.6018058614964881,0.6834810171458208,0.44383768917199473,0.48585758317208316,0.6263682419315355,0.6046307340118987,0.6095309404205693
0.07243513343418634,0.3091350312894796,0.37078267957070155,0.6289174723743196,0.6171720350950272,0.6564409007017191,0.47439403568760025,0.5216420539491429,0.6329302815472099,0.5864945195591038,0.6069229257743389
0.08616577679316235,0.31390954650094105,0.366745995630303,0.5759939605143658,0.5837440211471341,0.6721942479909007,0.4638831927946035,0.4783278586394042,0.6467493551934884,0.6113717035840884,0.6255167214543736
0.10817511556110893,0.3328499080797953,0.31089358124144595,0.5787250349746559,0.5991010889100803,0.6816960625016186,0.45232290619962445,0.4957738615317077,0.661398939374044,0.6131443778741787,0.653339070938443
0.10521997424503826,0.30375491512124714,0.3310558559059609,0.6207985771677075,0.623051591321733,0.7040516027415235,0.4224129421775804,0.53886449867824,0.6618286234831405,0.6269572182537615,0.6541159864374749
0.10863050452214684,0.31656542394889464,0.34192415037773194,0.6152572854459487,0.6301563533002711,0.6834087772726001,0.4242964441382095,0.5263720963827468,0.6158208440657829,0.6265575296621038,0.6463526946886468
0.11344383029341974,0.3368055349475031,0.35630883399759505,0.5831791316023417,0.6329783421653976,0.6953096711280149,0.5409874323326131,0.5351648447090197,0.6599930447633785,0.6536384992444397,0.6663346100246983
0.10261153038527575,0.2906594514314051,0.331785427265295,0.5907512154656591,0.6299023609603616,0.6755824014945163,0.4955814297435231,0.522815616204606,0.6671746479387084,0.5893288733862055,0.5888766239044708
0.11790827991843406,0.24006891881157216,0.3601809469713494,0.6130745788458588,0.6477389580030788,0.6933744276429555,0.4245498333458664,0.473247927597023,0.6393465017544427,0.6292432405831971,0.58655634142552
0.11256159121277555,0.2938274845063646,0.36701962576717895,0.649149379777795,0.668133357300309,0.6806479784786448,0.4629315332765691,0.5267650664505673,0.5673233690205935,0.5665865987068779,0.6268009358536945
0.13347538016268956,0.24496973939732408,0.37292321200375694,0.6117434937464983,0.6757237794604325,0.7228315262771292,0.36908116953895265,0.5392102519779318,0.6066767245072047,0.5938436118351631,0.6403213369008878
0.14387041857186958,0.24178772978588736,0.3690799262182023,0.5860287879213196,0.6187330574979567,0.6748103789779412,0.3702427949474686,0.5660850101134658,0.6029272054284137,0.5420211052534425,0.6417660671918644
0.13664824598719694,0.2754031113459485,0.39015058466963715,0.5966900374480435,0.6397869657402482,0.5960163148418246,0.45261393089704416,0.5620864794545071,0.6561952241817542,0.5998656014386554,0.5922410674944913
0.1465154892109094,0.31751681686555794,0.40156608786695613,0.6596568450145948,0.6550208884180009,0.6721987378447409,0.4116636991359275,0.5277096371083209,0.6920629711144217,0.6189021119528432,0.6012658103727813
0.1538063965005942,0.3513410710894832,0.39485973584895284,0.6068706078218276,0.6578379315077095,0.6859253627533219,0.488945205078738,0.5457693047316633,0.7098366344365263,0.6213892185572676,0.5854752213486936
0.16253417547455323,0.35979612287948465,0.38894477727270793,0.6243282704007387,0.5895326064997347,0.700053164465193,0.4440047693543089,0.5913393694707847,0.6544006332682224,0.550461564001685,0.6062552156366481
0.17075607952405844,0.3677104284141614,0.42508093486448195,0.638361634553728,0.6732269307546142,0.6822492142400444,0.39848213142200856,0.5956481750788348,0.6632679688485943,0.5888342309479513,0.6268023674307237
0.17223143493154197,0.3260662420519171,0.36639430175417387,0.6390468830080047,0.6887022064837327,0.7421824585011128,0.4331114837221749,0.6066808060915543,0.6788927306511368,0.5940813048809297,0.6312848870239302
0.11600222143824884,0.36038054116480017,0.36957532313487773,0.6087938183728637,0.6917847553495768,0.6718585180494535,0.3808829587120158,0.5592555493978789,0.6768041673433174,0.587518430819309,0.6166024114890324
0.15537043183453797,0.3681959641691233,0.37258944786151493,0.6011782207850785,0.666417328645205,0.5946275355649221,0.4507396663527876,0.5612125634717151,0.6838745593111004,0.6249373684024969,0.5950088370880555
0.13194733608588474,0.38725258257575285,0.3681050621098635,0.625390061309387,0.6378284926327363,0.6353469587503476,0.536316975039868,0.6445270192799557,0.66612339590074,0.6553394139474021,0.6233104257571485
0.14679832942876886,0.3929627049926445,0.4033407759742491,0.6416026771208481,0.6281310042996661,0.648550717683197,0.40661779402492054,0.5900303508660316,0.6840774875085374,0.6435492398417635,0.6511918531948726
0.11330547542243061,0.3735156556517775,0.4002711458278819,0.6519943485737114,0.6339404452882724,0.66934701844109,0.43308357460581975,0.6098331249413494,0.6441043125775695,0.5837158851837041,0.6069057983174767
0.08412210160109407,0.38589417101795537,0.36551228526242,0.6664505678360872,0.5938493893595935,0.6441665737706695,0.48721749438270867,0.6036263838715659,0.6478576969097509,0.5554264215991404,0.6061953887254649
0.09013879002878228,0.3787077429331339,0.390462523865728,0.631597330045466,0.6111075471446694,0.7211188152906948,0.44795655490982506,0.6247892719054997,0.6542699808477568,0.6082504063818308,0.6220380408811477
0.11980870503730691,0.40218408668887684,0.41494391778501855,0.6717594186439679,0.611781986788729,0.7502942167259434,0.48444652594041826,0.6340061228158893,0.6755976419880702,0.5996166632516458,0.6740884848775148
0.12804279412748656,0.3901444717887216,0.36234049710381216,0.6605765444808396,0.6054388236402173,0.6050616810969818,0.5390142497750325,0.5882512713818417,0.6273271578180086,0.49748307360085237,0.6454315340463885
0.09238879480070589,0.4077949829283105,0.3542702593840068,0.674884227927294,0.6238209864324455,0.6164843616065007,0.4870518795793198,0.6066712788069886,0.6610283443986587,0.5862544216638217,0.6234928034135999
0.12160122163334444,0.4085521870670324,0.3555746211329317,0.6001049550068203,0.6668210716132834,0.6439698221772456,0.5216122799016213,0.5724489797771183,0.6908028636406907,0.5775002183183858,0.5943770576423706
0.13412035611363254,0.41228492299369124,0.3665285639970678,0.5834140398796857,0.6800581460894615,0.6815242392914476,0.5023059097565713,0.5958803390240327,0.6506034349814752,0.5930544000687439,0.5972696119701633
0.13444250792798387,0.4239795439237269,0.369667218890098,0.6121438278410458,0.6703891903128559,0.6853068229002199,0.5058455236379868,0.5777801238654874,0.6678764247645288,0.610694833161372,0.6144174738163283
0.1284341558356272,0.3725457582815057,0.367725188263658,0.6412737543017484,0.6958397617288077,0.7100456718655463,0.5192737802561544,0.6149402937029225,0.6896827341880644,0.6195914259770556,0.6336482572394782
0.1529637318538083,0.37386392836072135,0.3737942226329759,0.6091511805377778,0.700654943048942,0.6840820437890942,0.508092320959715,0.6019901561253351,0.6503323950579512,0.6160491393067519,0.5725477487380459
0.1419265081845958,0.3654843092707583,0.37018852730192076,0.6228028417283622,0.6018009402816467,0.708922120321808,0.4189204236389035,0.6222803436046873,0.6404239515732014,0.6411168651697857,0.5970228416681457
0.13811848864568355,0.3294581605634671,0.38884803246616784,0.5606598044255923,0.6054207613566098,0.6701956518514678,0.44366826310195717,0.595780713583792,0.6205312286299846,0.6220884201942449,0.621382728385558
0.13505911249100558,0.30972336530962247,0.35892005999394466,0.6013306607384372,0.6319089465900498,0.6836994825994025,0.3476412838281939,0.5824684606857806,0.6407634818837181,0.6384795871064091,0.6381144933455077
0.1460034264477889,0.2901674481672814,0.39987827441899,0.5787953613266872,0.5838189272969212,0.6232629830148694,0.3989986941659343,0.6110838160405162,0.6805733133291311,0.6038454501792317,0.6038115999008986
0.1031339824516719,0.3220065961067718,0.34975399708889654,0.5829780315733472,0.6085793123069816,0.6344361380400756,0.442149271269338,0.581481759378818,0.6485375901716793,0.5789247789979273,0.6235916194965152
0.14452273984938518,0.3091716048300728,0.3852971865536536,0.625881155377292,0.6241571552373552,0.6871253746606705,0.4761551134966738,0.6068898738341661,0.6721392855744646,0.6157294680725559,0.6399111424163874
0.14421652089196865,0.3308406968388251,0.39242883055609423,0.6738626689984939,0.6545679738001179,0.6720217573818311,0.5200152886674945,0.5783080187153784,0.6755843499341277,0.624141337596285,0.6455795120319233
0.1445888914574343,0.3364249112396731,0.3910980501105167,0.7033108029517956,0.6425912451333115,0.6719200703402485,0.5069674669584536,0.6054114221906759,0.6507591096514154,0.6270185927527172,0.6303797294058987
0.153515613138862,0.34185747819703427,0.40131765061841385,0.6025933109605808,0.6463748782757323,0.6779149192149596,0.3570765573698517,0.4953372945969888,0.6472316998291247,0.546871841649642,0.5807486264843118
0.1716478344352086,0.3372181874189091,0.3913003776389763,0.6647137013073687,0.6188799029530686,0.6740522772658029,0.3873822869502772,0.5831827456980426,0.6130098048558098,0.5445051179338184,0.6418404583848425
0.148569981138324,0.32032230926383387,0.45814957813247165,0.6809492811188191,0.5186775880641308,0.6887995995227483,0.4246449256797948,0.5897317154545273,0.606377676668877,0.5819430899896026,0.6827636521344351
0.12063880980531408,0.28560091867480375,0.5034284579703152,0.6340874602947235,0.5066181369063723,0.6209095325133857,0.4749444344806333,0.6136077173113047,0.6541793473867172,0.5858301941563696,0.6491285000521347
0.14059649592651852,0.2999847815734883,0.5130747475977933,0.6747855701674805,0.5900166279063612,0.6566158516106022,0.4149212919475725,0.6332660312327794,0.6730774962132251,0.6289420641864307,0.637889901624096
0.16248476779337961,0.31536882723376997,0.48685018512151645,0.6419474248766537,0.6313676648628442,0.672181076769168,0.4501009315975699,0.6174986299045028,0.6153690305981888,0.6529785405594379,0.6775228461799753
0.1513492628242748,0.2940477992607333,0.3796189594189783,0.6210089653180693,0.6566804374590532,0.6090846312612288,0.4497468836744313,0.5918906438864912,0.6396132448868329,0.5957853479663667,0.6629896201331507
0.17036876772430792,0.3280541593436408,0.4214335711467973,0.6649855345209813,0.7013151907518576,0.6609210874480063,0.4397096638407742,0.6203377296809864,0.6496613391351733,0.6123654201802149,0.6613003139419733
0.05691525626183941,0.20293661154508755,0.4526626027520104,0.5938744790789016,0.5321053637518068,0.6936520566736875,0.43062361010406286,0.5709870771068215,0.5476398072357704,0.619921479521339,0.5334292303202121
0.1187562005500156,0.2631316850852872,0.5310939527463863,0.6010152708496309,0.5911899460507828,0.6976692667948544,0.43842063649230956,0.588902128945215,0.60384810197385,0.5379923398666455,0.5732509937994957
0.1278859334346128,0.2638471143140695,0.34831260022874116,0.6247706312622167,0.6033923052087534,0.7080980938264179,0.45001275545873454,0.5948799544552783,0.6318043704572538,0.5812774449726849,0.6084148052172998
0.1327003650163891,0.2540739974226501,0.3943555250329744,0.6480440101584423,0.6325057173711213,0.70662645420627,0.4579169550926877,0.5781293511484072,0.5995429698323627,0.5969133201631315,0.5479466315887532
0.09301682909815329,0.2466470557124384,0.4424418472195035,0.6490852308011762,0.6717596196200786,0.7215374698826141,0.4351853980103408,0.6119356517522874,0.6142952628317762,0.534553250481402,0.4353016870503231
0.10660397695187099,0.2268698904033038,0.29007180201589683,0.6608725833912519,0.6519517268360658,0.6679436364794645,0.3400157400575598,0.651928881327387,0.6041926131563161,0.5173310544890335,0.49176209010941335
0.11699024301935447,0.2452473362624418,0.31971383583927404,0.669873792536043,0.6616584123941689,0.5733079701939102,0.39510349287969904,0.6309276914995613,0.6452860934909623,0.5391941249154241,0.51042152693087
0.07557433981735512,0.21463516602589935,0.35738790093559075,0.6415228602446632,0.6961691440898704,0.5740157819593827,0.4349778911267067,0.5013917873582361,0.611260173203709,0.5912246112704012,0.5859986863850917
0.08325408730418374,0.21586152133621844,0.25176656198119457,0.6130339785083369,0.7203040720878234,0.6537779547300868,0.4978134784172928,0.5984386990983694,0.6030873350920113,0.5346713739442839,0.6383050051205014
0.1053916487890964,0.22332110512800948,0.25700358122018385,0.6557075113497197,0.6889876391307536,0.6736844728108881,0.41659887586115,0.5605340539956597,0.6068800219627768,0.43390305100405796,0.5524808261691375
0.09105385487663271,0.24610837988223838,0.3096707849630421,0.6268373561192462,0.6184683497024098,0.6555311241157247,0.4188841357201271,0.6239171155770213,0.6236803773153359,0.5344228070792152,0.5866501777895835
0.10554704079786964,0.22089565265270134,0.28685121035616534,0.5649337979313407,0.5938977644874447,0.6592855457490869,0.40751273999701615,0.6317305531055148,0.6452136151649028,0.5822241876059815,0.6294004021863037
0.11617710563307812,0.2713128034399481,0.36876050279890193,0.6277699883303911,0.6285229809209529,0.6183570820117763,0.463387574244326,0.6357118680728364,0.6417430616079394,0.6145401141841903,0.674327464604271
0.11342528143069315,0.300082479891134,0.435276042017612,0.6337075561568768,0.6373723892529795,0.6432947986474558,0.4059090561090172,0.6000496780107286,0.6133376708493556,0.6354292896835332,0.6184621349353483
0.12501454151578428,0.30933537909130404,0.5137804924710835,0.6407462441082312,0.5805210862027055,0.6186531341003101,0.464638465909534,0.5816224144697174,0.648206187247474,0.6498864609350481,0.6364013359093039
0.10342167125591455,0.3425109732128099,0.48565854700870453,0.6500845590606694,0.6089797143556248,0.6092622590317942,0.5409244666901748,0.5962068246018428,0.6169918939986337,0.5948263069065929,0.6491373715543595
0.08270484021159275,0.3735109596575651,0.45248673302698506,0.6007948092386226,0.6721089507622448,0.6238702114139905,0.39129822766487893,0.5747372307841198,0.6337226859825276,0.6293349723335133,0.6539031198479048
0.09795692506318356,0.3758174526563819,0.4733475857950954,0.6365092839696846,0.5842439107570826,0.639081355593426,0.3671950425136665,0.5885453376834369,0.6231019382157319,0.6122783309227662,0.6617772108134159
0.10544587551920032,0.376828553442734,0.46454245147420503,0.6655693007305119,0.6164579184384702,0.6544352693017423,0.4128832835869669,0.5748963981846237,0.6510080400238881,0.6076933450206009,0.6697514544067301
0.11470050414553473,0.2748911017967045,0.41108791047688203,0.5680774594794585,0.6514254222682849,0.5376260269596111,0.43581735452848325,0.5960798933190321,0.5815655148398748,0.47709292685455124,0.6450379876910036
0.12188346451294091,0.32245610623463783,0.4533462274702921,0.6126254459667776,0.6394454314480483,0.6024406956879258,0.4572599442356445,0.575395305071607,0.6322705916213545,0.5411855295191419,0.5850238180037832
0.10945022206892292,0.29309231428970134,0.3057203321648364,0.5598238992966434,0.6544529394542584,0.5334807992785301,0.5124114346252545,0.6267303623593601,0.6228422371087959,0.5395772246240913,0.6058882029871142
0.11131000412123976,0.3134891030312558,0.3418891401880064,0.5629458538964001,0.6565533547234641,0.5786340126863441,0.4375587715490946,0.6708771437993418,0.5790000353357279,0.591678183755559,0.6280177833421072
0.0914007591565834,0.35122283805929366,0.3780887619842557,0.5921613600924165,0.6859624358947083,0.592718073549469,0.4398593729342003,0.616400253963582,0.615361390168617,0.5921896713794876,0.6373609681961034
0.0986396491582909,0.35022645351063336,0.37106361091521484,0.5596565364756788,0.6727005872860579,0.6324175128595373,0.43778601104962306,0.5446526461923918,0.558871799081589,0.6116796634090673,0.6484583653984669
0.12700362015546396,0.3561954871128922,0.35457559826130236,0.599013446421317,0.6940552108816981,0.6432058942870971,0.4775528698280307,0.5341466424008517,0.5013515840328466,0.548635068878493,0.5401429852004689
0.09284426236251479,0.27530386678748076,0.32225915257736815,0.6018394165570533,0.6496590950521245,0.6039547591441841,0.47777208760737105,0.5436707429991561,0.5045734149380925,0.44975202788826396,0.5568643904037613
0.12834470788865351,0.3205766017983388,0.363767844308523,0.5994538867750259,0.5922672299692133,0.5988485359327387,0.4710603086861629,0.5603664679962561,0.5485093648264254,0.4588593944455075,0.5746921577788493
0.12331941548613168,0.3476847441187794,0.3284006557401461,0.6025889028714532,0.6105463492341421,0.6225978169390662,0.47527136646355506,0.6107327191331153,0.5849905356174868,0.5220654072977093,0.6367369555634139
0.13640160182194594,0.32542070928860667,0.342607250946508,0.6000757523126993,0.5786824334166216,0.6498682752416598,0.4942899832525965,0.5846800858383487,0.517203669710658,0.5675489292634179,0.6228466972486582
0.1185675904734172,0.36625913214117256,0.33435690990859035,0.4655801750361036,0.612053199776633,0.6658341044007619,0.38447972679068665,0.5126938924902328,0.5638339794551126,0.47838895590849256,0.6338950431943124
0.12220721140618003,0.38489273943362584,0.3545457587814374,0.4977282578560921,0.6568564423723735,0.6683062569707096,0.44363101125883586,0.5318796098868404,0.5972124708947327,0.5444357897096108,0.5758420565664437
0.11616884624202169,0.3889677380650908,0.35707943723413815,0.5734525396627774,0.6070975517143126,0.6761441822693038,0.45165245803797416,0.44317488762092555,0.6165819274979043,0.5786878182757711,0.5841424499993931
0.10662786958601025,0.3733542394179179,0.36205753772485616,0.6607926304364647,0.5906246926187797,0.6392679811880481,0.3623772293101259,0.46035606694787357,0.6232478021747629,0.5936485126171649,0.5631755207580371
0.11787179644469904,0.38777495369016773,0.37471327837162904,0.5847165715237005,0.6219750883319507,0.6508541858466055,0.39563692721024524,0.4266474786146609,0.5375694820818929,0.5954331334190258,0.5833058939505872
0.115950533665182,0.3882429037193914,0.32526341891490035,0.6151781773798213,0.6442126104542392,0.6795334718371056,0.4357036565813388,0.476564878807871,0.5944881570278231,0.5991779715832151,0.6075565328590589
0.09813592829280694,0.29653461001537124,0.3013943413045405,0.5384613531800058,0.6386995425965155,0.6808548746305187,0.4365224035241366,0.44894382301196845,0.5142103084210691,0.5508382205521235,0.4669109580685437
0.11347696575931815,0.34441756212221364,0.3479245209348129,0.6028269477218333,0.6581618737673489,0.6616919486952909,0.38289573586318576,0.4685776614050059,0.5515187999757203,0.5803765566615157,0.5792273919085232
0.11505766143753093,0.37498473126473736,0.36145183468734526,0.5761910482371064,0.6466459747898414,0.6946602552908452,0.404054632884257,0.468375281773391,0.582660088232481,0.584597432970106,0.5912010241487843
0.12079077986545347,0.3550440649228819,0.3683183336716189,0.621760025741525,0.619721851615432,0.5339751090467343,0.41457689495789307,0.49389442896840097,0.5353396694946769,0.5624978975686211,0.6388077058692447
0.11051886645742438,0.25895291151438526,0.2862721026079682,0.6049828579005263,0.5245519109013786,0.5790394445650474,0.44647065359121507,0.33229398098840335,0.5444812952757636,0.511853425923263,0.5125542148017003
0.1166219240174013,0.34021325010433057,0.3437819940335243,0.67767560622952,0.5957273404093733,0.5228727081825713,0.3583941287411219,0.4315898214823085,0.5801160529031119,0.5802669708013466,0.6000292802197864
0.15900145980524846,0.3577893964827351,0.40303406239683826,0.6191864810763905,0.6251803617621955,0.607576663167632,0.36158668054546605,0.44279123277221577,0.48979091119642065,0.5905812433444847,0.5192833477392711
0.12311300766986835,0.3610208598829786,0.31829163787504844,0.608013404632683,0.6131854754568138,0.6310248357373869,0.4450206450432623,0.45656769310142786,0.528910967600292,0.5372135675392352,0.5164124159617359
0.0992885049613437,0.3052335195649176,0.3178250913283793,0.4615158021717005,0.6185717773784465,0.6326061785925101,0.39629396786304794,0.4249848226500277,0.5901810433209291,0.5968229932076767,0.509096630343102
0.10147753467916679,0.3157152410634596,0.332492529096,0.48464605229094987,0.5766902514420008,0.6402988819434001,0.44310905850639454,0.5068887036083602,0.6324221651915178,0.6148265969735262,0.5641486077465336
0.15262080029298947,0.35678054840681145,0.35876935858452536,0.5658761778366862,0.6218664574051681,0.6410966917405418,0.47429648371420285,0.5698131750436053,0.49402361050591304,0.5236518588643497,0.6256026480932606
0.12057255309665478,0.39017876329879236,0.3083240747786073,0.478550300146172,0.5071519924392419,0.6691711730238894,0.44838944048345963,0.5326721055014956,0.5849173901820202,0.5772334258161592,0.6459230903241314
0.08686422613228292,0.2496824045575126,0.29471501542889905,0.528709264974124,0.5447911700565271,0.6692948021330993,0.45865433134327593,0.5537965453020381,0.6378577268574013,0.5887413612789265,0.5293155324840003
0.0657372096392229,0.2723906672530569,0.29245362704735595,0.5421848128413845,0.5588775010786982,0.7070160026659043,0.4156789705268812,0.5605215288559555,0.6394416635925791,0.5462090712136095,0.5735719858015726
0.11591518369964221,0.31812462289456966,0.2925537461028335,0.5576549826671184,0.5793758494433356,0.7248555750137482,0.469142347146145,0.48789690584155926,0.6304979724803874,0.5503591743109124,0.609319778314322
0.11971977570680206,0.33743183057796033,0.3001973926779432,0.6164823380171733,0.5826699101221063,0.6715502071796114,0.36592318313052646,0.5342779734883593,0.6433215916243343,0.5538953707147276,0.6376372144722774
0.1293733236900021,0.39959986799832803,0.35868197463289175,0.5115149452133313,0.6591533489991437,0.6840988848973613,0.4019613293241169,0.4975152839206606,0.6094362401138408,0.5613477606204571,0.6459445810701323
0.13258094671687642,0.4042234236857291,0.35881895290178994,0.40383187174473106,0.5293199156508456,0.6827944616578759,0.3971574052362872,0.5157758308076084,0.6197962533562458,0.5676468106393423,0.6189370188442979
0.10237439404212405,0.32070916619145234,0.31179036896135076,0.47490511172166683,0.5242215262927832,0.474746283900831,0.40749107506478077,0.35479775335596836,0.5650167933395954,0.5104501302243627,0.5033377694843507
0.14101644198847482,0.38929717068889863,0.3245710717378539,0.5430215547137123,0.5854283058641712,0.5287160159647473,0.47310443852396894,0.4774422595547093,0.5793393418901398,0.5646679337033854,0.5738975470572221
0.13278324341022094,0.3382045626678422,0.2595909463124822,0.440505863188956,0.613287967043763,0.5974085132364089,0.47601132003796914,0.5085343510077407,0.6034706938149884,0.5427720700625746,0.564341000421005
0.08035625074011415,0.31091079292043244,0.29711128999721637,0.22932762801876172,0.5151953168879556,0.6081906131804908,0.40394692350180245,0.5455784333477689,0.6057037532190497,0.4365485881451581,0.5720969831193057
0.1262904432890219,0.3845378973782122,0.29993691753306573,0.32595677969806197,0.5809957861927608,0.6236070540473335,0.3474936553070661,0.5199149997559636,0.5731234418230023,0.4980685932832135,0.5869906560202351
0.08218444581345119,0.2773378652814473,0.27382768584065303,0.36996826668322785,0.5218643647941016,0.39664030857926574,0.34695907752561517,0.5280530106986048,0.5453040793569325,0.5220540725057685,0.5905084940790402
0.1384975363632113,0.3237815454918214,0.2945261614747501,0.45578656758605474,0.5429946862481417,0.43979137048207523,0.42593632168484796,0.4825405383473806,0.5651664155763323,0.5353713752907686,0.5710300364696168
0.14553682383712754,0.3945421416390753,0.3201305991854656,0.4946390596338534,0.5326956577262886,0.551657295590314,0.44581994004972436,0.4992444573976099,0.5859239655670362,0.5601008807590576,0.6346196872924932
0.18639694648423838,0.3859061487069926,0.3819694162961135,0.4786853784544462,0.5950797212566797,0.6193876210959137,0.4423138453319094,0.5605635951383218,0.5819887185073088,0.5911743224421949,0.6461325424158975
0.23006988859490804,0.41715966402185856,0.3884245443164898,0.4099256160745894,0.606955726382456,0.562797870356374,0.4386385840880762,0.5175459454934327,0.5779420887491464,0.5722913114935341,0.6228904627686075
0.24978514589563983,0.4167757712136902,0.41312958810347705,0.43670850802702244,0.6040733440155517,0.6231971776013341,0.4213615158739849,0.5299322034082412,0.506605273973857,0.5771968913253598,0.6710305063561187
0.2534726823260455,0.41686426547151667,0.4253675653664629,0.4398284660661492,0.6265318581958983,0.6400297652007834,0.4340023264395223,0.5518984279775276,0.5463192164110683,0.5734575001967889,0.5658749975814842
0.12318164311338023,0.4207706539698873,0.3864558672220703,0.43950754051109614,0.596451890394238,0.6335601397619536,0.476940959308466,0.5674136438508451,0.5804023228991042,0.5557298983126292,0.6084310119960055
0.1897951246353281,0.3885278094463012,0.3779072566089821,0.42690410042530197,0.601315674561298,0.6125899594295997,0.4795586107203521,0.5157816060425668,0.5675610333543849,0.566773552786269,0.6394140815302469
0.2183537611688882,0.4036095782492718,0.4187725121948033,0.5364765308845676,0.5464938987481808,0.6594931675217546,0.4086434838359706,0.5205964680792667,0.5991183298462973,0.5905113995583163,0.6521558660486058
0.2471346775500496,0.40858447598983927,0.47652429688008846,0.49252814545847057,0.5658333215024457,0.6947174917240586,0.3933672099470768,0.5279496023723308,0.6122654486095753,0.6158464461002348,0.6564137948757903
0.1593035417760809,0.3301477561013699,0.3776343347162851,0.5418535478614958,0.41344885051723995,0.5817042767662783,0.3991233531987632,0.5586318204266345,0.6423373257361558,0.6542966510249455,0.6144315342241942
0.1429730223426234,0.29791831143541747,0.33425098573814926,0.5712536977026336,0.3428886442870695,0.5898959031147751,0.3591577448190244,0.5691334407373198,0.6516080680005166,0.6185019690794116,0.6668649227548649
0.1325573918111038,0.347842719551823,0.3181213739653833,0.5847719273313805,0.45149656271884053,0.592238516770754,0.40881676711557097,0.6115570056609207,0.6106330010061709,0.5455462231484225,0.639352317188348
0.10387040642525741,0.38197839639004366,0.3600451302048135,0.6244393652385958,0.5273375854249917,0.6313430217153476,0.40438751892847175,0.603181689707269,0.6450293992842171,0.5902201864855423,0.6354746769659507
0.08152794786917349,0.41064725255009327,0.3649532038813597,0.6120635726747153,0.5701892159113038,0.5451277086261452,0.42080641216383935,0.4750301438265989,0.6488786822885796,0.5994067825540501,0.6495726349670694
0.08394018100066242,0.3622994652983416,0.2992623524136236,0.5496400059259569,0.650254033989679,0.6256098139534397,0.4358798150349592,0.5511849624550116,0.6116938842741307,0.5939022612975375,0.6813946535647666
0.11586728596801489,0.30798689437547017,0.3521857414195687,0.6425237657489442,0.6703532210919517,0.6694266235960274,0.40319991091965374,0.5846288193290979,0.6459150046438826,0.6716953636343718,0.6805080596696047
0.2563282557159946,0.48546950095683916,0.5058869121193591,0.6138991537586248,0.6415980582952409,0.7043764321410257,0.47354926176444234,0.6060807959656949,0.6559417829506027,0.6858512437958704,0.6262783532552214
