0,1,2,3,4,5,6,7,8,9,10
1.0,1.0,1.0,1.0,1.0,1.0,1.0,1.0,1.0,1.0,1.0
0.36997058727928833,0.7696632820751638,0.748723954325694,0.7351257752557733,0.6740749755157965,0.8138016572065029,0.7890221394839007,0.7606584809192372,0.6864831161407837,0.7079164399542969,0.6320655647960562
0.4564726309393282,0.770072949448928,0.8764932070795415,0.7293113557255487,0.7432379475919594,0.7123886027902622,0.6857202353656443,0.75088293094389,0.7458675546772561,0.7268391789506594,0.6947751256938222
0.330881228851593,0.6751923030961393,0.8807338087195021,0.7514361525226047,0.6220586467001341,0.7612525643070087,0.703751751553667,0.7907670747873315,0.6656864710982424,0.7129932517010924,0.7610686015970615
0.31997871100178316,0.68448209373251,0.7356858059590329,0.6445669430290311,0.7259751726057873,0.7750954984960462,0.7322865555633357,0.6797243330344205,0.7058209856405241,0.6405257573335391,0.6859657559486348
0.39048501072378156,0.6860562674750441,0.7701565532165097,0.8383926052502993,0.7215779549442263,0.7417172808780258,0.7479323577210267,0.6801478743332436,0.7336021540038936,0.6727633501587367,0.7779459456593797
0.46925507077480605,0.6449034959425142,0.7423055543663263,0.6397636942974138,0.7288354186775478,0.705270174816009,0.7470977160900216,0.7092560416041779,0.7683494862962864,0.653183886893607,0.595782067004163
0.3467653708346824,0.7846036880581038,0.7853519866451856,0.7330973008805227,0.724376559389447,0.6694766791391433,0.7390242818515027,0.7229889312983833,0.7287848821929422,0.6758324509446242,0.7117881516545826
0.37909784975726574,0.8121297730124889,0.8227099982790882,0.7281096938227599,0.8000377296399783,0.6912811704556335,0.717944179968171,0.6904258650794635,0.6877649203932807,0.7088337727764918,0.6966339917154005
0.4255837206989115,0.7029084411375092,0.7441532637451369,0.7846000808724238,0.7604521616621888,0.6842598497122866,0.6449789201732931,0.7408244449779712,0.6989334940409231,0.6907223370315159,0.7089001587347972
0.3966470501802833,0.6713236758233907,0.7985400300462155,0.7919274886683705,0.713219013135778,0.7327386700249704,0.6606970235066828,0.7737417775788181,0.6908587552459435,0.6299104591147144,0.715258466038665
0.3282553361071703,0.7594934530042345,0.6947687757393259,0.6765074971154931,0.6949394849536908,0.7638921793540412,0.7495789476286585,0.6559326363763812,0.6578666082090532,0.6605498309089426,0.5924315445128847
0.29064146936304974,0.7108020691813064,0.7095536564113718,0.6871710523588985,0.7107895417877793,0.7601053893022557,0.7315543437665453,0.6689878422541241,0.680324493160517,0.6703584357229457,0.660127109330325
0.3123023533273298,0.6885897797778807,0.7063108691773374,0.7195660526574175,0.7003657146819089,0.7334396464269564,0.7334029086087857,0.6473343747694414,0.7162386079810877,0.6761005246243853,0.7251588836357413
0.3449909382458728,0.6279777909135515,0.6818639478622553,0.7113763594334109,0.7124773963549669,0.7033591952874194,0.7380395694009145,0.6686810564095561,0.669500928092794,0.714603505783031,0.7131605050860389
0.38063939567464483,0.7185374358946139,0.7322294083123074,0.7221011216606155,0.667993651577324,0.7177150904808504,0.6007518276472625,0.7028912814432248,0.6898770644578769,0.7243959494861264,0.7448897249507015
0.3803517333358598,0.5764390091736129,0.7265384875134298,0.7465513228844478,0.6798909315715386,0.7542649217412141,0.6432029397892914,0.7261238522128314,0.654458973853553,0.6886285460868088,0.7301492289126137
0.38368789243301477,0.6625799537071199,0.7651596789991476,0.7577411358241045,0.6658416580547504,0.7662453314585622,0.6125644053424937,0.7198478746948267,0.6901589658892331,0.7119352855094331,0.7227926363458854
0.42857575338212595,0.671612493284349,0.7315349868184265,0.767135206503988,0.6833362855183887,0.7236888752562486,0.7008789432473745,0.7320459758210547,0.6950351958488385,0.7520651871768687,0.7031634879585185
0.4071287979536492,0.7064451273701663,0.7532363720013138,0.7468759070773867,0.7315443523323302,0.6632622121418524,0.7301267942256918,0.6853967539833543,0.7174239829751123,0.6760394348629519,0.7010405611945874
0.3660923590367601,0.6722301268596431,0.6907100279214785,0.7576577309846919,0.650726731978658,0.6966232800144948,0.7466063141761861,0.7068834708681087,0.7468883064204385,0.70052546403557,0.7309143669071968
0.35944456187763657,0.7118476934823257,0.6554490239347203,0.7569010925056675,0.6662516637879072,0.7809048385915036,0.7731905283614731,0.6490915028215128,0.7324396810052688,0.7266540840338074,0.7063075749372352
0.36794919536204884,0.6805202109038955,0.6768255961614914,0.7687957218439598,0.6629180579582393,0.7476539352587988,0.8231848387179157,0.6963838378153191,0.7130515792241652,0.7152534711531122,0.7240091889695115
0.3891284481720357,0.7190394023652479,0.677700496140129,0.6493718823066763,0.7152731443466168,0.7411612360652676,0.7468101224505442,0.7238589664492792,0.7454993666625706,0.7388427981708922,0.7128239098336832
0.3608351548952085,0.6954110418092756,0.6396490547180556,0.6798424685538507,0.7455018250451416,0.7748822407376221,0.7203091565159546,0.7263116335534214,0.6860835018321013,0.6008052620923837,0.6656226912782849
0.41636247877661875,0.7224889305472401,0.6976296373636206,0.7152787681780626,0.7188876391984237,0.7632760324502178,0.75708134289339,0.6538266498391799,0.6888722539381189,0.6482166088856841,0.6811399228111027
0.4077519514934896,0.727769297832365,0.7054218937162925,0.7472326703764056,0.7255202262120906,0.7726179596925489,0.7365634030473668,0.6987864144588918,0.6981683082355439,0.7058923480550183,0.6887311440679447
0.4086847104205171,0.7489801876332078,0.777680013984335,0.6017147201678454,0.6461536260511848,0.6589274339281751,0.6745962486541122,0.7034949052494648,0.7047378424876154,0.6726564563570048,0.7106519895875938
0.42490762829637496,0.788491031481877,0.7249992989437883,0.652353944391125,0.6723267841941301,0.7212941536901386,0.6836267770371369,0.7246847742555617,0.711634722783373,0.6738773446762454,0.6910579589858666
0.40965343904558077,0.7915801996241059,0.6576499409500097,0.6350223790430193,0.6630890631752415,0.7339042432665657,0.6746152914764799,0.731283338684055,0.7259872800956005,0.713364107545073,0.7150597067973311
0.37031849561722463,0.7180801632040106,0.7174011340329631,0.6664295792130477,0.6857344753963968,0.7205510054857804,0.709009206345361,0.6590066682406291,0.7449368203252271,0.7493574025390393,0.7234240367919849
0.33866500859998333,0.7408908564330325,0.6999679228977999,0.6470428409175277,0.6472282113987425,0.6550803383992926,0.7427978219389508,0.6870119671659073,0.7312596878838014,0.6731914348470025,0.7504251088898846
0.39982152945973665,0.754390065420396,0.742976532424334,0.6995925913686195,0.7043866823363663,0.6164839442795439,0.7173991393471872,0.6673745705079187,0.7520195291632195,0.6884912163150816,0.6963988548649088
0.33671439275374565,0.7588420662205122,0.7428229821893269,0.674693556681846,0.6666256272886715,0.6628200656475898,0.7002576324187741,0.7059327994734899,0.762085275566594,0.6298768612109431,0.7041248102090979
0.3173562480654081,0.7549698163859373,0.7318459821819507,0.6966223347127365,0.6448563244906046,0.6905306851740984,0.7248120438594463,0.7196904358185205,0.6618944238220669,0.587089447678112,0.6599270477432404
0.389915453930102,0.7743025718411485,0.7464887863582692,0.6401236747441151,0.6613937453478811,0.7270329560528845,0.7599331165924204,0.7327128726651992,0.7082191931418831,0.68903481326365,0.7131530541470374
0.3565822993471686,0.755915152921158,0.6650153810437428,0.6703633881362994,0.6308234948225169,0.7178439416402687,0.7615254867786269,0.6643597636414327,0.7140879005250235,0.6962498984974812,0.7191693148070188
0.3601657987762845,0.7200675337555571,0.7023547487534961,0.6564062389868416,0.6671961707857014,0.6989614762156309,0.7725538460183198,0.6716319221854943,0.7254318431222918,0.7188872331590161,0.6933474574622684
0.27511728343556163,0.6343482182012887,0.7342067659077962,0.6824509964566414,0.6780825255998746,0.7056363813038263,0.7634958836590303,0.6842113015999827,0.7261057448511943,0.7272136014434478,0.6246012034153869
0.30008799518522944,0.6682307465926716,0.7574283799636761,0.7318825258883686,0.6903291841988981,0.747659981355659,0.6684440689021804,0.7037307661524117,0.7486307560666221,0.7013731917217222,0.5949818467696536
0.3358517338684889,0.673779060151483,0.7793697733753264,0.7510074466623582,0.7172299280392853,0.7622078406304883,0.700779229493683,0.7300036167732029,0.709811633241126,0.651293100390859,0.6589153179469222
0.3500218146577616,0.6924739815993872,0.7542587114657529,0.6068862387656514,0.7206353407811603,0.7451547891689091,0.694598757935259,0.720068020079422,0.7350084527762346,0.6550543998364747,0.657364577828061
0.3965244481148741,0.7242367872806408,0.785770252862914,0.6878891659661687,0.6709539460426666,0.7419264297131019,0.6431192941872177,0.7403560305536848,0.7082831344281936,0.7037509081076649,0.7035227072845698
0.3119530180346928,0.7729033385929237,0.7642841709473608,0.7120123235737223,0.6927212611448734,0.6204206138955054,0.662040265827586,0.7493196191858389,0.7084044245178769,0.729061902205429,0.7425573781179907
0.333501708124606,0.7442479270956989,0.6791117222995314,0.6897815637629651,0.6726497378975953,0.6751851900058546,0.6656436254619394,0.714380519819856,0.7091264907113404,0.679959791383534,0.6749273023468652
0.34109052052261957,0.7729448985783489,0.6848931300717682,0.6575133325603529,0.6468820910079411,0.7138774732289608,0.69002108661788,0.6919505285052868,0.7198757305314067,0.6711145343278442,0.6758557302763162
0.35494801252067554,0.8170101009109847,0.6930028785847904,0.6890003669907456,0.662043601579372,0.6904032054181031,0.7221960647652044,0.7168962502053882,0.7255226306110343,0.67416869499764,0.6856557375560115
0.3610013474237525,0.7419335358148897,0.7240686247462804,0.6111945938041872,0.6475973996309623,0.7106471314903737,0.7662051437409227,0.7182626682041421,0.7462731836730832,0.6747210166465305,0.6398081113147333
0.3898514716241045,0.7864413711028992,0.7627801678103421,0.6417406338886273,0.6762557583720914,0.7538663566321068,0.7487218685137828,0.719987192514164,0.6583213874654621,0.7022993395297227,0.6583378079570552
0.3932744387446779,0.7882898827185374,0.765786368257582,0.627489108368123,0.6408233685000793,0.7047982575398324,0.7699233388428048,0.7209885010304635,0.6776743609741321,0.6060084707457207,0.6627577176591652
0.4040519525608395,0.7021767006167811,0.6717303559862675,0.6557969225775778,0.6923524270033343,0.7453417141143813,0.7794583025572835,0.6700065859231727,0.738352950189358,0.6005357834972449,0.6672302586430903
0.3975015450765053,0.6998651955278496,0.7533265482674723,0.6585060242086174,0.7059925490127883,0.728961498410258,0.6950026525123667,0.6891542056389746,0.705908765573866,0.6728954945096658,0.6051611533347349
0.41951971220687734,0.6868678313485894,0.7387492140429328,0.6619996587116534,0.7214046166615901,0.7448933314142012,0.7272697428870514,0.6808299413996067,0.7268671305380865,0.6306002494876425,0.6695782267613821
0.33697875894365026,0.6832968176690593,0.6483202644486512,0.7438399485192175,0.7043541967320478,0.7343597835103047,0.735751086736434,0.7156974739574087,0.6951760423167966,0.6721985400242454,0.6830372851619211
0.33573448878551904,0.7611299926407428,0.6583850932605086,0.5815320903924032,0.718740155606918,0.680133746644903,0.7106283457183127,0.7234598415966516,0.7231038115202348,0.6808511947377285,0.7004216698362418
0.3626727993819474,0.7417603547045069,0.6386246943756216,0.6487485862798816,0.703467984914189,0.6667845819370125,0.713239111071821,0.69959616653532,0.7409805230868742,0.6657945062970729,0.7118395545656016
0.43856569642302085,0.7175219021007267,0.7269535662189659,0.68177611697734,0.6752107460747632,0.6838679039442445,0.6829349016254985,0.679924801034025,0.7727134283584639,0.6658911840961759,0.6763147419314394
0.39024657668284185,0.7281677610634595,0.6914802268128603,0.7037316652901326,0.6970590736992359,0.6876574610993654,0.7092485161089832,0.643350663009686,0.7048319969805029,0.7100372972266058,0.652980298062748
0.3368803634183351,0.7453465514027058,0.7512082959831938,0.6655933204222323,0.6885069046754795,0.7101325422752205,0.7424182178128156,0.6626290076983572,0.7208718417240632,0.7279488523254102,0.7005353436083195
0.366516480360219,0.7641486414241534,0.7624652370058969,0.6720803082958287,0.7295072318356768,0.7193487240918124,0.6770353896342913,0.7199601575012061,0.7377077983388634,0.7343809828008672,0.7012393459743211
0.38637539648525293,0.7641519606713738,0.682079531468997,0.7041570640450914,0.7021542354072046,0.6993567405179437,0.7311467244558743,0.7455387707728116,0.6981307938257152,0.6719451966315616,0.6935051296500525
0.3953412516309047,0.6214700897955642,0.7005821694961852,0.7256492966949346,0.7193473993297024,0.732818498130871,0.7283059768465687,0.696925972122603,0.7094187993483373,0.6619527291587415,0.6356184980442233
0.34887199768385024,0.6744826224876619,0.6921688594942507,0.5965330661594034,0.7325193157335069,0.7022933509829992,0.7307187801971675,0.7010309447929453,0.7282599778766737,0.6868792396256378,0.6853920492782415
0.3742482896428948,0.7201939650068689,0.7133640349163499,0.6563103001384685,0.5998479697006538,0.6904014886828468,0.708274499918671,0.6929811883467114,0.7114672138630931,0.6723119800388072,0.6843683783437419
0.40022026653235576,0.637335512663153,0.7298560834184222,0.6757730514143454,0.6203908365629713,0.6943708097145618,0.7364012597505104,0.7194254671141624,0.6497778444494706,0.7108782510919835,0.697471353717446
0.3847162890773672,0.6747364615017941,0.7214828219259557,0.7003725905940381,0.6299103982655828,0.7041587889702436,0.7034245253181168,0.7265525847659258,0.6551841706124462,0.7245798497225027,0.6600962939359404
0.44938619957349873,0.735094436587322,0.6960523905250031,0.7353284058701355,0.6660429332080521,0.7283350545441218,0.7009429949447482,0.6716242219787182,0.6602285866999131,0.7067450617361867,0.7059215309136782
0.44643064668385446,0.7604663889050366,0.6412711008326247,0.6114197151330718,0.6958139561919529,0.7192954138843151,0.7031486213360739,0.7130332587571611,0.7151633191467539,0.7137635117026356,0.7271081926576902
0.4205713975885614,0.7633063552558739,0.666849248422791,0.6823826160209041,0.7482932615301512,0.7571360488766741,0.6969772337775868,0.7312298909529138,0.6622139463905526,0.6470282759586786,0.7352296019573863
0.3701952440144328,0.6771827955218317,0.6340435945119434,0.6967530902762713,0.6912610179956095,0.7067009237015902,0.6602365953890813,0.723694916215583,0.719215582820623,0.7046814864956361,0.6980556438537076
0.4202129360518614,0.6024865048694517,0.6559111164045208,0.6478072297061855,0.7039770414341561,0.7160407735610756,0.7297977284601482,0.7225158617389308,0.7018142299069074,0.7186750709878913,0.6998196650409507
0.34035327724503744,0.6527715878187514,0.6975631016785708,0.699981508256534,0.6676531605888358,0.7305103568731934,0.7817246352941494,0.729603246633819,0.731886624751364,0.7280078369153564,0.7042124935664522
0.3538313261934539,0.7199792878162599,0.7013896712349641,0.7288346167632892,0.7028034853854821,0.6406219814597115,0.7214738127563787,0.7161682252429685,0.7704131430350623,0.6859530766398805,0.6215290261397822
0.3965813998344683,0.7631317367565731,0.6804283076038766,0.7315034108382471,0.7043806450511907,0.6779707125362071,0.7354172332298401,0.7418833452725655,0.6592932182301334,0.7121255410163547,0.670192579271471
0.4104840062244551,0.7600885002513994,0.7192442510766246,0.6498459752560475,0.7042206452166518,0.6929083447049615,0.7287765692622152,0.7190113136209454,0.6845773281706337,0.6386174816725674,0.6760212793217569
0.3229196194776561,0.7093104646085808,0.7255998629212257,0.6795032339259163,0.7120015072968309,0.7275472539677623,0.7418163668777283,0.727687529736226,0.7066884721394795,0.6683765136319857,0.7203307554001317
0.3880938503381103,0.7204613594664364,0.7383419698103635,0.7035559502207733,0.7235021906704162,0.7459295978136209,0.7191607246459105,0.7220549391019724,0.6455634520718246,0.6750555787571808,0.6972630865112166
0.401089178660301,0.5629772100333338,0.7232381752418666,0.7004926960465737,0.6148995159841792,0.7492185504315021,0.687458515511718,0.6927286927456608,0.6707240765918572,0.6981032944057128,0.6057311766046062
0.3974521213400331,0.5850697939984022,0.7289178294602068,0.7341519134100509,0.6862539097147267,0.7606341166482428,0.6293770817976478,0.717029297148269,0.6901824847132096,0.7419277869281462,0.6811124420647616
0.45599942553748707,0.6542684479597879,0.6429025164116537,0.6308978890076781,0.7231337107844493,0.7340758387149379,0.6786406775241115,0.7273918666531921,0.7239512647603249,0.7361508190873546,0.7019118502994703
0.45910588421366444,0.6760777897503516,0.7104529845924881,0.6661886057251545,0.7035259188948757,0.6923850422761707,0.7321193773047661,0.6682378814200847,0.7319422334527615,0.7566014315812308,0.7193873962337581
0.4694141793056036,0.6919566626742283,0.724837570918649,0.6550681815426308,0.7184341957962694,0.6522605177736379,0.6826921684449597,0.6858224701923801,0.7032190322286526,0.710382735607718,0.7142071431612695
0.45475382679338316,0.7086795622266313,0.6669660085495595,0.6470959158352241,0.6707231750527797,0.7046054757159336,0.6688535701776837,0.7213539776603405,0.7413582776190977,0.7353423902526867,0.7245979093374897
0.3262585800091118,0.7146939919812962,0.7215227897138907,0.6560984757218665,0.7297368178362054,0.7063900000846466,0.6673002497491357,0.6704331466041695,0.7604782082719965,0.7514653216380858,0.6514679044682852
0.333486311492309,0.6899999275881383,0.6769902708490189,0.7028472839290725,0.6080181705371005,0.7185888284059643,0.6813854355183862,0.7022844585029885,0.7697168954507726,0.6293848581495428,0.7329429785962944
0.33970848025350253,0.7023637323021739,0.6565025223395659,0.693540777089456,0.6544623036456377,0.7244097056069622,0.703271766658011,0.7204693006200271,0.7352182783374509,0.6573374118910444,0.70568074998529
0.339433149382762,0.6770828708759715,0.6978746616100766,0.6830182527047506,0.7181862940647281,0.7329218236107333,0.7306490777069126,0.7328135991716024,0.7087144109410966,0.702929188407382,0.7276577846561418
0.3896612843175157,0.6925662810269781,0.7321617427277762,0.689125351230393,0.6470328821274336,0.7223323228404069,0.7429504536344054,0.7306355852869854,0.729834629846468,0.6927454686399033,0.7071811478423515
0.2679240383663563,0.6411180108316973,0.7824933506200336,0.6962373518201039,0.6478651295370371,0.7261411446815208,0.7310407382336138,0.7470008265765518,0.681418602532534,0.6895673055490401,0.7190768134734218
0.3220980096174947,0.6296863202941876,0.7070546748819522,0.700678443211883,0.6468672354466342,0.6578800049118427,0.7508132923556357,0.7032356822434214,0.6638309370200928,0.6763080785027193,0.7384652303907577
0.35236379974922655,0.6103550390686208,0.681909768107628,0.6628790190800489,0.7032421692678912,0.7169016962939181,0.6352051478900068,0.7150805518518867,0.6738012028547684,0.704162750753732,0.6317787350020927
0.2790769298980472,0.6773603454264406,0.6873971109116934,0.731481403747533,0.6887647336729895,0.7607724442389845,0.6722858048027853,0.7391819617974916,0.72156567315002,0.6126987100122274,0.7039105537907828
0.34282588538581105,0.7085091674155953,0.6765429997484884,0.7500285087064991,0.6576655421712139,0.781816661450937,0.710360142168712,0.6967242778621249,0.7396918271422221,0.7134377307608646,0.6704859359479424
0.38029298366946507,0.6765361199513648,0.7068909158391943,0.7654426828879053,0.6730309711985154,0.7915363246536051,0.6736181002375429,0.7212566782887976,0.7127620801079736,0.7526973570322062,0.6917340325725186
0.33123759773854583,0.7058772703932028,0.6882369745863648,0.7322217927488986,0.681339208227403,0.8044596531017107,0.7309644754413618,0.7334220648726391,0.6655000257939269,0.6782297575135428,0.7145024790225318
0.39721700459793996,0.6663920447199657,0.6995661346818831,0.6946877687245312,0.6239656674977417,0.7674231689950513,0.6755832578698884,0.6634132905962766,0.6809416883933016,0.71894909286624,0.7362170547140943
0.4066777796007109,0.7140203293081948,0.6355465468663505,0.6566702371728161,0.681293546462978,0.7427657887926713,0.7137760693029223,0.673986164945716,0.7070962505987518,0.6860250363222032,0.7131185265437319
0.4039166529374806,0.7443141948211165,0.7044868293044302,0.6709062690713051,0.691331428321408,0.7268218566864559,0.7055535369163008,0.7033264203899627,0.7351515099598485,0.7053126810400883,0.7071307466095276
0.4047391360714626,0.6835603661374374,0.6738290108855444,0.6658799738867681,0.6742765307946569,0.7291183576366,0.7608160791679635,0.7284795442959084,0.7352748478426694,0.7384205210785761,0.6954254551949247
0.35024821636223646,0.6844151029862044,0.6402885279667728,0.6730482206180661,0.6042124866959616,0.6693308150597355,0.724133717074895,0.7400481502130278,0.7541167578025483,0.7191160046660353,0.6023768371913601
0.3667174755113538,0.6576309167988313,0.682144413797946,0.6698298728805885,0.6470221573816547,0.6931761555335016,0.7450388090211352,0.6779171364911674,0.7063263330653677,0.5890684395306595,0.6660608937766924
0.373112851322145,0.6777950876569503,0.66032262583238,0.6319091835589769,0.6731104824619667,0.7001848757964897,0.6624240468551416,0.6613118034143727,0.7185681777604411,0.6686447059424794,0.7196965645021904
0.4101872329473749,0.7229732877616164,0.697270887433183,0.6473275584409718,0.7053468279645652,0.7437079367238795,0.6920839735025399,0.6848511369293848,0.7194944145431514,0.707863002494435,0.7485654580938375
0.41393285353768333,0.7348381471303469,0.7150100551232353,0.7011083705054191,0.7063837488956531,0.6622434428983233,0.6849709299683963,0.7091668619514693,0.6775318302863491,0.7238346529343905,0.6498826373342815
0.42588577610532674,0.6612725092498863,0.6783623790897224,0.6372449895781821,0.5358302623963087,0.6675793516948026,0.6712227959770408,0.7142301681597217,0.6973452359551349,0.7314198161836304,0.713325684184327
0.4321432254749853,0.6314860550569584,0.69915334198838,0.7135336377899726,0.5735384556597352,0.7000789851268818,0.6975356067305938,0.7214000754541131,0.7052423806871657,0.7425072630087992,0.7184934357474386
0.34611433522049007,0.6601727344611104,0.641859908289534,0.6977784213735254,0.6538771156060667,0.7147697465204029,0.7442761557553094,0.6966126109694304,0.6605786998546763,0.7488171927193752,0.6776232968055531
0.41367179236619256,0.6992640223531262,0.6806910161720212,0.6119891561990946,0.6603424415871308,0.7179467324545676,0.6908791329188266,0.6250822571359194,0.6353773203104555,0.7201324723071842,0.698488465082437
0.431778707820322,0.6371581274489422,0.7233533854069473,0.6223559657912572,0.6543090587240002,0.6610834631775616,0.6979445491857339,0.6621331047362878,0.7015917819231021,0.7511056591207095,0.7109852846185358
0.35777460006964373,0.7050680432190531,0.7531889334089492,0.6627221593441357,0.665146572125791,0.6932964073514836,0.7196372106116722,0.6942262857560295,0.7220491126340767,0.7299447822846981,0.677966807089368
0.36426554670169053,0.6199300242249035,0.7848319128731747,0.6887577327820458,0.7164890368822399,0.703224402410441,0.7546546793135633,0.6838884104280117,0.7415958000261105,0.7471079938325207,0.6440339739153491
0.41697004315471614,0.6201913921378714,0.7579414715497406,0.7423998457833034,0.6714949168471173,0.685383627686526,0.6308867090663619,0.7236418926353299,0.7003688868548205,0.7143243717719037,0.6769334573973727
0.38669114472574945,0.6496603508921182,0.6879152201709618,0.7132591405944075,0.6890855606341333,0.6706504093069017,0.6397424790584578,0.7274092382963471,0.7206043528970288,0.6412511564426026,0.6331275626192635
0.39767249000364346,0.5989945150295197,0.7210022222282787,0.7057341235041299,0.6810396511568483,0.6939166758142297,0.6560331832713531,0.6619568051534418,0.7330250500919122,0.7251669277650534,0.6391048890247988
0.4535131680323568,0.6194214680346568,0.7759139609532336,0.7187490971499982,0.6578499518095132,0.7016641844637799,0.6711330826499962,0.671683734826965,0.7300550120333159,0.7267488020721973,0.6631800113189554
0.3803835763703679,0.6763741467964802,0.692497011093665,0.636747670032929,0.683998501915738,0.7101715548477032,0.6787208199187823,0.7175936122285497,0.7096100475392333,0.6449764342812506,0.6809241902552576
0.33273099536651707,0.6363613270327876,0.6855473159457481,0.6890206060545992,0.686373622258371,0.7147838529453665,0.7098342553554411,0.7271952818371397,0.7376679599949123,0.6759732512229684,0.6851095926402704
0.3443103915490276,0.6423485576445807,0.6384211791863206,0.5793877453217551,0.7039768458218687,0.7209174352537835,0.6936773164668821,0.7321698825137941,0.6973513905262536,0.6911086979945837,0.7133999256062369
0.39885929021320976,0.682434677581061,0.6971107171451503,0.6490190971281298,0.6879810822706658,0.6845012287259538,0.6869009027190228,0.7396141794951836,0.7260618960309643,0.7219041500142476,0.715626480062628
0.4310346779018067,0.6554267517872947,0.7601232342665436,0.6931403557244515,0.6661896827035154,0.6930686931739273,0.7179406783812392,0.6659073748726099,0.696730025057814,0.7206566249196205,0.7190624767763776
0.4057001541417291,0.6584247513757697,0.6845937786488188,0.6981234043723978,0.6900082756905992,0.6485499210951517,0.7459061015025075,0.6278837553095501,0.7331286204793979,0.7102550333069562,0.7341125544579421
0.42076385564178986,0.6896159189879307,0.7019825383817542,0.695369651720685,0.7127654845500152,0.6967784284478398,0.7532294408008607,0.649024402179033,0.7523972328192257,0.7391992386447426,0.7330497482352087
0.44641575554511465,0.7151008853333569,0.7548104095518482,0.6663548422947962,0.6783026898534873,0.7071815792874947,0.7403444846865842,0.6784705474559501,0.7487512413137544,0.698519571903224,0.7126256852243418
0.43213371731108724,0.7137706206724023,0.6550152645757269,0.6050059807645672,0.6998797611746699,0.6191709507818488,0.7422289495848065,0.6809548204481939,0.6438565249115517,0.6820765176870224,0.6877511455982526
0.39729445121239326,0.6596096212073637,0.6681218402719709,0.5850789389578126,0.7050176670440402,0.7169794976369116,0.716672540921513,0.6888838174070064,0.6871788034110247,0.7019082134855746,0.7122947895788647
0.4020250510807648,0.6481458733808224,0.717279746233346,0.6402050285056151,0.6419581797757824,0.7395582990172243,0.7049239314208697,0.6977667643660301,0.7225426359561447,0.6778769415291267,0.7228194774752933
0.36758105446721584,0.6419191371524334,0.7121394848257528,0.5411495033364929,0.6554140747213493,0.6865962443492475,0.727379750008399,0.7094268190924644,0.7427203589927196,0.7129553446037002,0.7240492100003855
0.39502194812470887,0.5626307920611983,0.7577079881878702,0.6038302525370358,0.7038077866673553,0.6699510988172451,0.6860779117414364,0.6660315880713924,0.737768957228208,0.6697852021303129,0.5406874250758675
0.4284521272471329,0.6115716442830051,0.7067478961798705,0.5998296298755583,0.6238322901577386,0.687179988814177,0.6808730875061157,0.6759524075268692,0.7016995165941334,0.6452272157562856,0.5442839203532447
0.3210622643683573,0.6355290389857146,0.7049919978103739,0.6443389723537,0.6507064880843811,0.6660174778645808,0.6753073412456313,0.6614154525630366,0.7135962384959303,0.6581910359082531,0.5900573721626902
0.33695301942175615,0.6398957703379755,0.7423436457568287,0.6662458404922016,0.6598760463104361,0.6735771177675086,0.6864240418032357,0.6818521005574718,0.7500752731689414,0.6682257012172297,0.6349053276973855
0.32235795903872577,0.6737949524160118,0.7458677862373686,0.6992656371673538,0.6629132258658921,0.7060879549092102,0.6658894800607263,0.6531451644489594,0.7026184276508078,0.6330096858875051,0.67794339529556
0.38215517642560026,0.5372745201120277,0.6947002130336304,0.7166725446365133,0.6804404679614193,0.688742134314858,0.6761413801879985,0.673611223127027,0.620946029729008,0.6444572268416142,0.6680911816949342
0.4045633998194482,0.5481522209504934,0.7471069120859402,0.737247432797407,0.7046765450446433,0.6990848927241387,0.5068861106257003,0.6566066577374723,0.6761463479749679,0.6040744373686002,0.6823212857206431
0.3504946964232125,0.560370943367886,0.7638599998977976,0.7340963491087921,0.7092598744346696,0.7159103568818248,0.6212236058601635,0.570091272709849,0.699489189824442,0.6152234980154481,0.6330358773591586
0.3658407292089987,0.5718055384022347,0.7095513147977597,0.7288164313614925,0.6340832950825684,0.721468238279959,0.6539372657465825,0.6298715038866936,0.6323470577078779,0.6765084946788449,0.6542445010896738
0.37267991070268647,0.580157975379657,0.7344977997205636,0.6708462040990378,0.6430606533384314,0.7168369891764882,0.6522883863355501,0.667050402028242,0.6667223500807627,0.6756407642942227,0.6586217400142871
0.3887027958182487,0.5923247669716003,0.7467932496605538,0.6897165061873702,0.6281347639904123,0.6868612848501895,0.6543457335582075,0.6881566073100658,0.7025241468517662,0.6411456126940086,0.6757587022619154
0.40735778777998394,0.653526492655836,0.7422555419278347,0.7000914256309188,0.604914379852918,0.6998344595238865,0.6907191331621807,0.7119513116574161,0.6896525964680966,0.6707396001334055,0.7007322730846238
0.37377693007285484,0.6771683612383763,0.7119187895128911,0.6282312094502049,0.6479446351516495,0.7472341225037527,0.7220628014668607,0.6458600761126894,0.740805359367832,0.669843314214103,0.6453785101455223
0.3260974567312314,0.6721369832737872,0.6761367870561233,0.6899332928655324,0.6400383146939163,0.7496449953710513,0.7590143247712376,0.6895784899980062,0.7238235025142472,0.638798165886174,0.6752662510912406
0.3381034515853258,0.7087487234749195,0.6256897053138767,0.6425847371521581,0.6139810527208313,0.6226939233365135,0.6937379182319855,0.6993628617273808,0.7410195106038064,0.5876921586602778,0.6409089895548009
0.3840315376242748,0.6330511462864548,0.6740295399274705,0.6620261366892506,0.6270203585136113,0.6778368610609182,0.7300395129713387,0.6791982041528957,0.7528012712596998,0.6708643315950149,0.6291610721670473
0.3852109884145485,0.6204519725031069,0.6696833040905621,0.7092910948748985,0.6098597847099817,0.6924973311695795,0.6961362693788706,0.715285136500733,0.7469194737008222,0.6774160522295795,0.6617093936740777
0.33008527142599087,0.6408684759718224,0.7103090460421073,0.6619264936879339,0.6397583491981329,0.7136001462764285,0.6514436048492835,0.7072854075910541,0.7104563132838396,0.6502174969457541,0.6705778875077126
0.37298383060674134,0.6713103736893051,0.7326656957371923,0.6621340461935739,0.671029938029571,0.6496074704698004,0.6069710732817766,0.7183944564190259,0.7343797802840705,0.6718405610286735,0.6838168883495315
0.31644460995214757,0.6207534334887737,0.5560260152896433,0.6853717104673531,0.6906684869740427,0.672267924488035,0.6274939021753134,0.6354660858273982,0.7138858123486899,0.6646317679428959,0.6483457472683708
0.3882810551300815,0.6277045207845251,0.6170215090393034,0.6500676474353909,0.6595567212014418,0.7004484177577609,0.6980016693859342,0.6642506277418911,0.7314083485770717,0.617764614793555,0.6375394348737773
0.33831157508644455,0.6466390484356381,0.6582603957982516,0.6514392737693286,0.6594865085756272,0.672191048519879,0.7015842022990986,0.6781643715673746,0.7349784228036622,0.6203297500089237,0.6706959464316068
0.3547213150152957,0.6342780295910849,0.711990652083069,0.6981477868105996,0.6788135958104917,0.6982165493576649,0.6625756850419972,0.7037417782370929,0.7246233510414017,0.6526864342592434,0.6981817893784028
0.3723904104318624,0.5757181342756078,0.7577147185309505,0.6269374038818087,0.6876415545159068,0.7339597985100832,0.6795867296952272,0.6399687098241964,0.7537364624254523,0.6750723864335929,0.7143410827179483
0.35553742260502547,0.6218650464715734,0.6909328298572612,0.650884605161457,0.649239451793721,0.7513335939969733,0.6468684619643907,0.6469829101430753,0.6985285844461546,0.6934977207235138,0.6179667091620431
0.3740521236045673,0.6377202492162927,0.7378659619669876,0.6777095073231323,0.6883948926815244,0.6215383963823835,0.6659920499029421,0.6918523762970217,0.7264043376241807,0.6551031974912586,0.6441558447146886
0.2958121647546719,0.5838640169431669,0.7401097359555316,0.6413454625117633,0.679224729917527,0.6606299777030047,0.6721386826308589,0.7211690814186438,0.686484724675056,0.6280576933311982,0.6652233472131464
0.35967657580520906,0.5249373493614324,0.7710137268695025,0.577965857577882,0.6740973736903056,0.6924907984113603,0.6176590444655146,0.6699398114094051,0.6814993028139261,0.6588262975242583,0.5519535861363551
0.3994296071262531,0.5506926489203725,0.6871882012276307,0.6393489021409358,0.7173429657362324,0.729594460328192,0.655091845933887,0.6785660222616283,0.7259011293913459,0.6740588047889018,0.61342625862043
0.34732478352596396,0.6352992763363201,0.6937922487708276,0.6602782561795295,0.7094148159435585,0.72991116186309,0.6676424331759289,0.6891736199399288,0.7453896135090414,0.6339171037804989,0.6471679974783333
0.35242403369528297,0.595424536558786,0.7325100780267779,0.5812780819022252,0.7223213883976703,0.7463751734520578,0.7249626358231953,0.6892644213101806,0.7381739039432318,0.6595388260858659,0.6652863426269253
0.36394499614969233,0.5639368830155553,0.8130302829638976,0.614056620319053,0.7130230692321865,0.6798049642746385,0.6717246106482214,0.6488414422678307,0.7547249082053473,0.6891650827531386,0.5900539864005705
0.40890792853584373,0.5774942430525773,0.736155290700342,0.6388386877775982,0.721049640252821,0.7088136221718476,0.6719958771573944,0.6811110522223418,0.712086174388477,0.6785593350937613,0.6082238747369177
0.3837351381935808,0.6228343893622488,0.6993862439352385,0.6706502080455374,0.7298782984486396,0.7069709088663523,0.6016731848369666,0.6813274878155012,0.7297619670563997,0.5865566398991462,0.6504299023019193
0.3873302785773893,0.5314116906538973,0.7266709786687008,0.7213770370326651,0.7106991108557263,0.6772449049442186,0.6373955672684937,0.6623336211626217,0.7224082784744011,0.6661224323469306,0.6796959151676003
0.2941759584524931,0.5592090829629879,0.7488745722688219,0.6926035186151697,0.7430204300626719,0.6529654996021413,0.663764059140868,0.7006758562523925,0.7387260447542037,0.6896353836341,0.6928208643744436
0.3521750839697605,0.46816238848362424,0.7483240967569612,0.525865086415503,0.6744831924189668,0.6020729205171859,0.7027141562752657,0.72424174855231,0.7423261729654649,0.6975988966079665,0.7030440850518223
0.33401489695630154,0.56630741152885,0.6150161563875527,0.633317495050447,0.6782568403487055,0.6764003416918749,0.7170764180268352,0.7256914435529261,0.7629595094330519,0.7002569166622215,0.6876443679412553
0.3293045859156669,0.6032003028221047,0.7310140528058986,0.6863734338688241,0.6804420946441135,0.6447821193160668,0.6644183383708017,0.7185870216003409,0.7566656017337683,0.7312444819378373,0.6808743869755184
0.35434689218888193,0.6251216215803859,0.752253698476159,0.7019377957754991,0.6997112968249752,0.6991336920213842,0.6915791732118999,0.7367847854721923,0.7299806148462249,0.6788719575370261,0.6848494535129428
0.3267068991160436,0.6649476147486428,0.6874973920796358,0.6649900668462378,0.6555247664787067,0.7185962072879328,0.667334879372182,0.6860567347088661,0.7527717857881133,0.7148049577694966,0.7274863783680705
0.35360818110775094,0.6789135501288911,0.7005532794471001,0.7011009582773211,0.6482264434689193,0.7029961755262027,0.6674686593814154,0.6973833574705918,0.6331708110806208,0.6687604407038314,0.7114209502632788
0.39290792040504197,0.683713698372367,0.6954533898515801,0.6852303587197403,0.7034254142518901,0.6748648391370389,0.6944573021741616,0.6239752837164512,0.6925771746238181,0.6506270399134789,0.6729797539424972
0.34046093950606365,0.6041333552836973,0.7131517041834132,0.6752559451152895,0.7195640362155215,0.7004680798672502,0.5862223227597225,0.6397000103875419,0.7100174144421018,0.7006487568024272,0.6850795885358985
0.294441875787992,0.6524687406906703,0.6770044568918039,0.6688917553811772,0.5996282274917326,0.5912626656510291,0.7001883978218781,0.6940270211842121,0.724487509260002,0.7433801681393273,0.6578382955942773
0.35235832795588296,0.5597890946387538,0.6899852187687868,0.6819415060804153,0.6183926278515048,0.6712080440026311,0.6057426619090768,0.7201651707768034,0.6815255082701897,0.7686425736411866,0.6869680267110322
0.3718656231702572,0.5442496276729815,0.6983097302964167,0.6856913478735345,0.6729942708503172,0.6844101584354664,0.6668916923727838,0.6791604780791072,0.7077046869878002,0.7592393781600691,0.7050682670264561
0.3316607242470908,0.57221831483449,0.7101553616796212,0.6443647524519992,0.6941906951786827,0.7416924825852229,0.6821863402942272,0.7042497136067574,0.7112500368133512,0.7103120958177884,0.6705399438386367
0.26327196986565915,0.5974386031016745,0.7036249753855495,0.6502473340078405,0.6531279406310272,0.6940967287376975,0.7114248740136759,0.7298167019923543,0.7247613012983423,0.6809717291500647,0.7061711260564746
0.30987781536002124,0.4319809274417011,0.710370546442471,0.6852418445416284,0.5974464749547255,0.6987472799850423,0.6877611151012797,0.7080472356282875,0.7615248977830229,0.7137946429641742,0.7474919407330348
0.2870158526001917,0.5176998800502762,0.6826026733965127,0.6695793597012405,0.6460178554447155,0.7133534207540864,0.7481118882019537,0.7205164749449127,0.7414711592266232,0.6484733951313733,0.7201173950241496
0.3339247869223594,0.6309508998099761,0.7479923754484169,0.7264750795891912,0.689435051848361,0.7193505583910749,0.6916938785845603,0.6639833527025741,0.7295579213304983,0.6723483214200867,0.7015728324906724
0.34000274512670076,0.6142190951684963,0.5970759374104994,0.6809824410987586,0.6805141249323249,0.641055263067298,0.6917380873904331,0.6881652461989793,0.7265300003232533,0.6833453171125068,0.6429167441834851
0.32413818200849825,0.628929708110745,0.6197507212048328,0.7085397019360695,0.7235000526718341,0.6612190040883283,0.6745286445631038,0.7371668884992693,0.6789454269988796,0.6491677754731655,0.6886310205558656
0.3604172461363181,0.610455089109599,0.6981871615500188,0.6930624296168029,0.6750927907509632,0.7199252343561389,0.6942796928806743,0.6430181365624914,0.6840990133252046,0.6806882399964966,0.6821204227917855
0.33074368503000184,0.5588832357941463,0.7206873077492673,0.6229183026874947,0.6756107745458755,0.7496164328365731,0.6652733719427341,0.7332522428749407,0.6979407174658027,0.7148329713501148,0.6546471256228407
0.37291249815759425,0.5897167446289618,0.7544464659900065,0.6346021741080716,0.6752503568590494,0.7296063329280681,0.7133959554758327,0.6964920313906073,0.7156647572544402,0.6585344415805074,0.6791608193534355
0.3723326358876962,0.6052999507259913,0.7105950818217242,0.6981880603741106,0.6842397909152169,0.7513375840812218,0.7465709265395603,0.7227919761920218,0.6321862407732515,0.6104879452475847,0.6421107612982176
0.35440972667542875,0.5835542769557173,0.739911789300089,0.7092056325318055,0.7096567542974491,0.777516387880328,0.6918682103664525,0.7061784866320052,0.6689153504259526,0.6546424909372467,0.7007631853289727
0.35949294300513956,0.613164302673811,0.7503738952663765,0.7074856372355193,0.6223292786670959,0.7086219127153549,0.699879743976914,0.7082453871248238,0.6835253233490586,0.6902414706743092,0.7077438902403586
0.3903858582639234,0.5998806305950468,0.7142228445590199,0.7089321233421724,0.7038247728854846,0.7004844722284943,0.6992530997247801,0.7013839660918103,0.7025864467459253,0.6664943536377926,0.6629728831773731
0.30349943397090395,0.5912055344796008,0.769828158385476,0.6438011984808377,0.7141167653008684,0.7285802373504018,0.6719211008799136,0.718468250936654,0.7297051931388427,0.5884513769035413,0.6744812655408631
0.35560198783723507,0.5368684694147141,0.793440886804588,0.6936501225336723,0.7233723782820892,0.7344658175155159,0.6857894141878477,0.7344717468479646,0.7374088519625674,0.6230814027683667,0.6959428823022352
0.36151472138354157,0.5834866516456668,0.7358867129757101,0.7142724665627624,0.6977583089209495,0.6739229183511318,0.6851811251674909,0.7527154047464893,0.6523978822333267,0.6795101205218299,0.6838578097913554
0.3785140882258162,0.6338090290765852,0.7278722765239036,0.6655299095878655,0.7328605154288987,0.7191147349953892,0.7052943888574724,0.7260760889284291,0.6619551113411299,0.6812722350428113,0.6381689034825013
0.2997207534004799,0.5721107197826221,0.6568293532412898,0.6777261802589124,0.7489457279355629,0.7597950099409139,0.7288432283440871,0.7140652542208771,0.6761343787191807,0.716029003053146,0.6544566280863136
0.3380844885254103,0.5233132593967132,0.6930846614273936,0.6642619258080877,0.6660263120049047,0.6542499727245176,0.6762552907924124,0.7023794485520432,0.6954548610641982,0.6836748917340731,0.6918649800076127
0.33620837622624067,0.609034577639933,0.6982901583514058,0.6117555844694175,0.675397446578968,0.681625591522699,0.7340021668481158,0.7323812679500276,0.683404810922356,0.6928739517810976,0.6089544236499063
0.33001095660296037,0.6572699887932614,0.6406535691829389,0.6706173542632108,0.6256893072758336,0.7277449704371529,0.752286724210193,0.6789046455193105,0.6717664741962872,0.6187011803411261,0.6615018204838389
0.37577062011783813,0.6192768255980897,0.6666113263670272,0.6816041350092963,0.6288025755238296,0.6930068189897067,0.7286343788020029,0.7046703819684039,0.6906444552374295,0.6260078053680442,0.704527231525669
0.3438894061542883,0.6591866128463368,0.6987666522517805,0.7039115321114298,0.6869240116363526,0.7133421421476596,0.7288577424309253,0.6477327923669493,0.7322362620582025,0.6526732560473705,0.7213285215757982
0.3639582323107159,0.6039784728822782,0.7337457216011971,0.6476128797700601,0.7106894437529463,0.6186233743318758,0.6585956238726092,0.6887836510683044,0.6709511469941442,0.6673367916669097,0.6616498810289332
0.34422568323953673,0.6542108119768376,0.6699741060580185,0.6803984213133889,0.6262934037815513,0.7020164145237606,0.7089930293606932,0.7052415793415221,0.6942213655992199,0.7040197621791637,0.6919631422228647
0.3188506678861087,0.6525297653470157,0.7245646504501182,0.6775899412472268,0.6535427783186487,0.7471924297924336,0.7485268795735233,0.6643306410319136,0.6769480477783156,0.6816067638549282,0.6363650160439872
0.3254980940528582,0.6522283532688992,0.720846618302398,0.6691082077375263,0.6603564151492991,0.7008647630611331,0.7287208198413628,0.673481977706762,0.7014172606825487,0.6338767037138984,0.6543190867106208
0.34610472192136393,0.6073426358986602,0.7305269971835886,0.698272810518589,0.691953894443345,0.6922357802761079,0.7426903195565127,0.6812961722427691,0.7282583203878283,0.6453119787816802,0.6608939040191815
0.35487636779996784,0.6170685871272072,0.774199773128122,0.7074966684884672,0.6944225779961242,0.7091934147628867,0.7329230736454443,0.7057211510516329,0.7002291288656409,0.6615459922346905,0.6759915097886646
0.3909802494987642,0.6243679827237569,0.7577913390839227,0.730132795814826,0.7207012143073406,0.7408170072270053,0.7373156400471252,0.7082793057601404,0.66216325270629,0.6905290200048612,0.6889129719578871
0.406690024490678,0.6518293499195482,0.6824357079541993,0.7551504311191354,0.6804701152516553,0.7130493601368582,0.744941416116797,0.743022538300431,0.6969418731957497,0.6437756302258785,0.6927083312497468
0.42393830005251065,0.48511087451469087,0.7200889609911384,0.7241520593664844,0.694394730537435,0.7186032230805409,0.7305628848232204,0.6279977734248864,0.648999597524548,0.6702181531669389,0.6605024666195819
0.3230410622734636,0.5593850191210217,0.7283918795355697,0.6543327374120567,0.6952152163226075,0.7381481115248685,0.7336852172973221,0.6935218564033072,0.6757884322546733,0.6621135307940804,0.6902084563663213
0.240817372189432,0.6106582245697839,0.7452118401981789,0.6473676423679202,0.6843144620132113,0.7514250931072362,0.7547191251617302,0.6839295836692217,0.6856156338994075,0.6758385324494629,0.5816346427689708
0.2928427227631248,0.6402850302548729,0.7440572395482856,0.6502052288984846,0.7527592692641467,0.7024730040902291,0.758250578957651,0.7152520648622591,0.6925764518717072,0.6292462182370524,0.6406606982983487
0.33650450229685025,0.5035985577296801,0.7220503832782983,0.7002498712498959,0.6451508493801648,0.7297049927492416,0.7662974311311916,0.7188577793896642,0.6866260109256562,0.6553003307053356,0.6544945451840921
0.3422702558399017,0.5948367476558314,0.6255030436951472,0.6813375437335918,0.6605277842839283,0.7177240049670316,0.6240295675351726,0.6774074253655211,0.7325764691622272,0.6599245799799737,0.6076173446661403
0.37888747702464104,0.6224346779785056,0.7124475947999516,0.6857511316154767,0.6259315394786609,0.6919984367676896,0.6666359786427449,0.6867625751980359,0.5988888369645418,0.6987432654936909,0.6498916354200519
0.2502948244445248,0.6543486147198126,0.7264636538551188,0.6508513180602321,0.6729444664369014,0.6990445390007645,0.7260413255509771,0.6999137772089832,0.6461472075586284,0.7169093783371556,0.6459586580864133
0.2962580994941334,0.5324350455927691,0.765333964496123,0.6662009388227896,0.6746337503739062,0.7048675390535856,0.6053163971890724,0.7163085151583515,0.6906918359390266,0.6576056641973074,0.6625287136396067
0.3934193858372365,0.6223978055585404,0.7774502818990685,0.6745326100527163,0.6917948486759162,0.7246640837516289,0.7182904044303483,0.7323641436816165,0.7188705798267592,0.660970411366401,0.6740717324914978
0.3928823114082431,0.6578936406933005,0.7783378450348754,0.6746207714210761,0.7045286599532983,0.6621435894892862,0.6578765484460776,0.707329189710525,0.698813040452168,0.6976281088673568,0.6785684052154061
0.42797420302635336,0.6763378534493922,0.7136546042508246,0.6960328592336875,0.6959539905520261,0.6949362706043997,0.6771006253423263,0.7098173002190413,0.7240985035039089,0.6448896165061532,0.6711994435302682
0.43524954930022014,0.6448590763304413,0.7162753577648265,0.7435686079454296,0.6523614706432076,0.7089889753554565,0.7120095408073536,0.6180143906564903,0.6224613038909625,0.6456383909241566,0.6842559892142872
0.43600237068540804,0.6297664071819984,0.6849891939770512,0.6447960610263015,0.6589313194906155,0.74699843685849,0.6423811597959361,0.6735754013291004,0.6867359734593765,0.6761426574381636,0.701263600210654
0.3790286731380486,0.6503134126639565,0.6473790241547729,0.6562096392934629,0.6728188879144263,0.7496838998601492,0.6833921543941469,0.6920798630219425,0.6545030849376038,0.6855800931331808,0.6915402258999437
0.3665224105132492,0.6059511273047993,0.6691282010027357,0.6789885473820949,0.6721470443534656,0.6870397774221313,0.7039934082448033,0.7136413794284819,0.6801293731734597,0.7136361180435824,0.6894376936689728
0.35374245112011005,0.4996141372071609,0.7095600980403844,0.6827335538359927,0.6846904471277981,0.7337700997808927,0.725337529534635,0.7100282174876328,0.6410335496331725,0.6682787502249478,0.667639381163285
0.39494627475778554,0.5800497015655693,0.7253070179819654,0.6243353460599155,0.6899245102560885,0.7091894419482624,0.7076426704076638,0.7220066753647483,0.6840937897498409,0.657746446852881,0.6891057701822438
0.34568563882509223,0.5801924255453363,0.7145785132061686,0.6369551310263881,0.6194683090953252,0.6465346131625478,0.6713623645747974,0.7299188525530567,0.67537641891624,0.686578474920244,0.6390562188356519
0.39227615249443426,0.5056150969632441,0.723896776539936,0.6234324687794899,0.6402261029140032,0.6774092578682454,0.6924736982539965,0.7445098937425174,0.6913584352071829,0.6718078964490679,0.6617881262488068
0.32853495952418477,0.502354453762939,0.6352284766908602,0.6924515502355598,0.690915927949183,0.6878223538200906,0.683816089479735,0.7378952364475241,0.6981857099634545,0.6573056865329152,0.664473674763512
0.38383113603386565,0.536815801850421,0.6641663889112691,0.7118900043708681,0.68803265643263,0.705965191568109,0.7398511646638051,0.7459062377549994,0.7026516685470305,0.6795656593064686,0.7097573026409291
0.39486371059603625,0.6043264028328342,0.7110300134364342,0.7564167603622846,0.6570844666256628,0.7473687189520787,0.6890901355292033,0.7353310187869003,0.6465252880729835,0.6961912449205754,0.7060647605725814
0.42116698285801013,0.528073434035693,0.7131225987699744,0.6406625509720528,0.6274791902491509,0.6992903871845987,0.6908894406893886,0.680379159418117,0.6953988299918294,0.6997336570756599,0.6216916213716966
0.3205283256255843,0.5906743473495069,0.7442837369315923,0.6974905980867484,0.666132832600014,0.691543393404858,0.7095001044511873,0.7070969282825724,0.661375815745826,0.6323010617387304,0.6612759195112996
0.33688217408685717,0.554153755861405,0.7003868040013912,0.6628325974812788,0.6663443937778386,0.7039981935545272,0.6125800217586024,0.7420402485536826,0.6799566835589994,0.6634220573485575,0.6378201050816007
0.3400452169916064,0.5640319128672446,0.7230971076336942,0.6972679379124085,0.6975305661364701,0.620284789706271,0.6354846462512592,0.658510186509533,0.7033370799473991,0.6723717147337729,0.6694063723601691
0.3923969425285012,0.5808937274346185,0.734746939882698,0.611588904756014,0.6341201753435398,0.6461018429817478,0.6605648802778269,0.6671461144981664,0.713245567060673,0.6424327174549128,0.6745705217407484
0.4219401451083231,0.64355376633666,0.7269043163124824,0.5716150912149477,0.6724164987928805,0.5812543222081086,0.6305882515065683,0.710136340135207,0.7313842748097904,0.6518847304505716,0.6386380840460623
0.31236461160726914,0.6649784592675632,0.7531280221605037,0.6471787592416287,0.6680989462697655,0.6588689076613066,0.566466881354941,0.7172665136382421,0.6921285461319953,0.6654033623125803,0.5874224281001252
0.31323522203524395,0.659626309406576,0.6239120674244218,0.5495753635611291,0.6706383265681259,0.6898780327374174,0.5996034777000341,0.6597413265727401,0.705532413556494,0.6813221199287826,0.6105519472742655
0.343741693591196,0.507947381572205,0.7113561193251237,0.6076469514483772,0.6870860340721514,0.7212376391316491,0.6149827395926029,0.7200098836976339,0.7229868792990684,0.6568367985678449,0.6507008330347368
0.3696028833289148,0.5588131732231605,0.7630275674387724,0.6682549372286426,0.6620996421738435,0.6418359879936604,0.5874438496133014,0.7176367467820308,0.7239757047684092,0.6530748690528662,0.6742943915780882
0.3360856293674113,0.5828979354140529,0.7419292710591573,0.6007514880690157,0.7161148370740168,0.6841006418646602,0.5927711206912039,0.6774384172950976,0.6962526899181416,0.6593098636284362,0.6863374945305365
0.2906529225254738,0.5989483605501987,0.694771626589192,0.6761189466898221,0.7024556853392329,0.690901359712681,0.6571951727711773,0.712751986217243,0.7092121115609962,0.6705684432475099,0.7217481890147366
0.3337979532180855,0.6053556862600125,0.6975810870219527,0.7295120100279607,0.663494218215762,0.712981381234894,0.6556318528574093,0.6171714625567662,0.7333555710007047,0.6513560879380492,0.7205492949235809
0.37961400516783483,0.6663023688099207,0.7251075916399425,0.6580109268901024,0.7111809158185094,0.7218372259750505,0.5651408310924662,0.662272091973831,0.6924100114061205,0.6434929208663073,0.7100213587721445
0.39265279437388856,0.6723880073573281,0.751713403858268,0.6161544666812988,0.5866036536409855,0.6330403721575757,0.6275280777593941,0.6929289516296715,0.7355025508766495,0.6733614000352102,0.6694594958183469
0.41494580165031125,0.6294143343310246,0.7561532054511024,0.6688856366179384,0.6182270784704617,0.6623638372782762,0.6630295826215019,0.7251095045713017,0.7100884162651872,0.7116027363983459,0.7011652532951833
0.3445429208416014,0.6733180904238791,0.7636143594772382,0.6898890217209099,0.6716350912510765,0.691957479672983,0.6582298140158838,0.7281154234115078,0.6998281521402044,0.7240633006400993,0.7073714234951536
0.3832384811429413,0.682442688932446,0.7356776265916743,0.6902133818282397,0.7010961671813494,0.699405675208047,0.6506016285996684,0.7103758526967076,0.7117547550722322,0.6472813091355779,0.7218097641117511
0.37489795729490266,0.7049222506147144,0.6125722090628718,0.714663479489452,0.6449338416742288,0.7147883739787813,0.6429010490087332,0.7184562075028946,0.7337056379762379,0.6833162668340726,0.6836496621345438
0.3247254656612551,0.6028744346132854,0.6512156452817226,0.6532911266882941,0.6872409222733128,0.6905511656473103,0.6598236960730642,0.7069610430493668,0.732085211462866,0.6280526414367108,0.6914855169297504
0.3680266031882178,0.6734810170913887,0.6988154881961279,0.6630971464947254,0.6745420331311703,0.7160764575321649,0.6342856970236188,0.6625186566983671,0.6534454579372864,0.6690017789331333,0.7296274471926358
0.3681685582060104,0.6259881388660733,0.7040879520492713,0.6964359406776508,0.6823051548086649,0.7228887746986543,0.6582446591057887,0.7157634836343445,0.6825343461823766,0.7166657249292531,0.7135838737539569
0.329605226809071,0.6661234057330205,0.6548566736922051,0.7246143989926734,0.6938330568191347,0.6239792596607345,0.6437382824335424,0.735626254502098,0.6201968025969388,0.67671744820087,0.6881906108730854
0.28478422581131996,0.6545217599539783,0.7099589837146378,0.7192571581459912,0.6392694450351687,0.6914730299714218,0.6374790680079316,0.7330875882847256,0.6635353085715635,0.7001290502022958,0.7035614641440453
0.31374086909348886,0.6504099289123183,0.7558706732275955,0.6156999733239054,0.6555231721568098,0.680291157822417,0.5814640342443549,0.705477271869181,0.6927548484715135,0.64797904396192,0.6822655452452265
0.3424721530554332,0.6766558561558691,0.7544255194584404,0.6367855251016957,0.6894799299078527,0.7039066257312165,0.5581238889690108,0.7254711660591251,0.7018151496795778,0.7099485036124797,0.6560626973229828
0.30056448646451556,0.6156699780422052,0.6409488127427201,0.6760898429268499,0.7009848484854773,0.7537639198948436,0.5970469562125711,0.6777430066457941,0.7226161023167321,0.7590232089592798,0.6615517414941321
0.33695162230207437,0.6475223727065268,0.6971271171961309,0.6795169148650344,0.6906538013329543,0.7615184774963182,0.620761496240612,0.7170329790707475,0.678722507088261,0.7206725217981478,0.6823273366736364
0.32055328383000836,0.6835690698251127,0.6596500537465818,0.6803316746238752,0.7064238399819052,0.6367680384702584,0.6008578209763469,0.654477303678099,0.698885868384155,0.7370815929608296,0.6892047591133004
0.34889202715474543,0.6862154713059401,0.6640450542517101,0.6887719487766357,0.6187651920756038,0.6879048831926682,0.6197525696693434,0.6511222579078342,0.6768237226812567,0.7474713613764837,0.717948539354706
0.3268169847315102,0.6123640998309029,0.6230421597056502,0.6956617822610707,0.6390675244625035,0.7268724114342358,0.606523449741684,0.6739889092663385,0.7229055126120514,0.7593638872425259,0.6948051781065792
0.3707727301647561,0.5713418500989207,0.6523554582143556,0.683707689428917,0.6419548192643699,0.7687038651375648,0.6429940396396321,0.6891604895354786,0.684620473989783,0.7342830379443933,0.6619847409137123
0.3724632844564025,0.5833166347188532,0.6962801784248602,0.7080080572049323,0.6422216495075812,0.6865909215375694,0.6451054845205046,0.7110001988960422,0.6953498044207685,0.707123686875705,0.6436823889415548
0.4336477160274038,0.631534072668128,0.6618142187993868,0.7243182064018368,0.6749381354280559,0.6773945370359187,0.6466927409248523,0.711486411901384,0.6958680171711396,0.6658600911243558,0.6972135916885318
0.4115643212177436,0.6811710450903743,0.6842336613822277,0.758621458578645,0.7032873083052498,0.6922615113302352,0.695496863175379,0.6797312239367596,0.702465448803955,0.6511114930888974,0.6651284210165751
0.42490926245990795,0.5930699634491235,0.5991490640179847,0.7193597039988207,0.6786661350469952,0.7268821635472469,0.6308773644903883,0.6608776885097187,0.6888059772521694,0.6790804242237252,0.6778785585587036
0.34124549236740237,0.5340174317942256,0.675168027889563,0.6747672146229511,0.7072591392086918,0.6732877275070789,0.6531183217988719,0.6961955065674785,0.685108589771207,0.701431139164039,0.6514701577964547
0.3715727059653209,0.6093860036049072,0.715054950580473,0.6390335122119111,0.7304435495731523,0.6130087532881834,0.6423990480776891,0.7148298151398111,0.6923923307667392,0.7223737109343493,0.678982690575541
0.3226906311673034,0.6098428828221987,0.7073262661633961,0.6997301895342741,0.729894087784275,0.697493246191719,0.5893083774511652,0.6715101088466756,0.6997743622490911,0.7194513592465546,0.6680646165614593
0.3311909777561318,0.649821159474538,0.6701722145462958,0.7128523309505477,0.7063100603005806,0.7083313801823956,0.6506720125419077,0.6187859435074609,0.7046911538468448,0.7365468388454555,0.6440517469168772
0.3082374993937711,0.6217106726226204,0.6904741950178725,0.6844363377183367,0.7240333241898359,0.730080079328786,0.6208953691517717,0.6389527224361742,0.7066031858504125,0.6587507136357323,0.6826503304257132
0.3283627045567729,0.6085111855072289,0.6821799327404712,0.6782438815130908,0.6647042059818397,0.7494798222027068,0.6336349176635403,0.6817697736754204,0.6794318699234964,0.6386072343204267,0.6980903170515097
0.33819430837395476,0.5999824740457353,0.6945887119940397,0.6356301841759374,0.6855314142788882,0.6805420266040341,0.6653257228313154,0.7290197847336881,0.7083911270832381,0.666341669866921,0.6995478964023278
0.3998786420046168,0.6576318680581579,0.61970332505225,0.6539257410016663,0.6995062503400896,0.6900503046398182,0.654755375299738,0.7157798026642914,0.6716060037435048,0.6960163927960854,0.7341631817681142
0.3501824864257644,0.6392462359053436,0.6746005302929519,0.7097052653780996,0.7099409074454446,0.7318525573225998,0.5977805764943903,0.7170791076841256,0.7079074803514664,0.6728155424413044,0.7409621607933055
0.35769924461968544,0.5065112659667406,0.6551780038375234,0.7157699141324405,0.6794757898270418,0.6916465225877255,0.6329815721684674,0.7197711341215165,0.6710245110381307,0.7286380204714908,0.7314057676000394
0.36372421602453564,0.5233544046843435,0.6792617407248014,0.6250275445188319,0.7002739110363967,0.6575092113058115,0.5855771795480778,0.7113879074999712,0.7063537177158818,0.65942959831806,0.7468767304402955
0.39358010108390024,0.5675081777778055,0.6909634501352937,0.5992326430009016,0.6889098333615976,0.6678025362397334,0.6271437974524705,0.7290571501103271,0.7351457367279677,0.7129893505415426,0.6692773045299635
0.37434113538947356,0.5986783092558927,0.7283133165527735,0.6709957114165486,0.7036665025657615,0.7041282439608867,0.6454063676942889,0.7323530360434936,0.6872035238199425,0.7007463960322882,0.6766701025836395
0.3742495214702471,0.6496548457408476,0.7434623435057415,0.7286524906189125,0.6862936373253175,0.7140030708731393,0.6389986114386395,0.6450345491327883,0.724432466511768,0.6134881388692793,0.6746156162705523
0.3784168626882354,0.6145273045838627,0.6860812036348284,0.6329185056858846,0.7192679028790169,0.7273758827064906,0.6568570045357647,0.6033049263114036,0.73585642843585,0.5574886386144463,0.7304454241013929
0.3977689592943391,0.6541934837876822,0.67325460152837,0.6913435315743804,0.6547962448262985,0.7423784080161078,0.6762279562005511,0.6617723776270354,0.7369753783099966,0.6262272416337176,0.7086741897341365
0.33356699538459317,0.6536639690572793,0.7182845213674812,0.6934951031461352,0.6823460174214867,0.6863132176771997,0.6894813574088554,0.6635036869229137,0.7369113015668088,0.6389271091907107,0.6998016502079162
0.34949176309034957,0.5963627995046501,0.6904740810834862,0.7302938444699771,0.7004968588316403,0.7275978807513837,0.7022006022826432,0.7026829135354954,0.6626295780690922,0.5677668380901983,0.6780340970691922
0.4034255261119033,0.6508535462528136,0.7011490257331958,0.7117831892531641,0.6974535280778016,0.5869891736130243,0.6833708721593413,0.7250119444387536,0.6655599102735106,0.5865530496144225,0.6412337454332551
0.27796631037125324,0.5667346380977658,0.7028485333364622,0.6738242123882595,0.6881980783126623,0.5986524171276313,0.678532068214448,0.7325961581063065,0.6798957112487765,0.6369418470785797,0.6196534199123647
0.3134464306787479,0.6494975121535251,0.7058175584983089,0.7384751526209204,0.6486207819094877,0.6743070421035564,0.6723873314318141,0.6413779908332158,0.7024621157326709,0.6947127795385377,0.6355110706544784
0.3645930931427852,0.6715785227893294,0.6523717570143234,0.742698896294452,0.7211929740434577,0.6913210085588007,0.6856023548890384,0.6751954482410105,0.7216111822576188,0.6099034228192466,0.6820693242380924
0.38417147540070384,0.6889498878945388,0.6749034815079051,0.5852734921984154,0.6795708932636276,0.7218596682388367,0.618680993630994,0.6203849912138796,0.7099123722997227,0.6568300319538101,0.7055124199429643
0.40910463366991084,0.6198841345985394,0.7040450729856429,0.6294496795026658,0.6790054196846356,0.7171302023538234,0.6379003905844776,0.6593807064947993,0.7181997785690243,0.6701492533112532,0.642117131724774
0.4249975752234336,0.6015009519724891,0.7131124463397944,0.6331313382900168,0.7147509054974348,0.720159447638911,0.6582673532680343,0.6816147659734406,0.6939205826010955,0.5993251474567198,0.6667404609313202
0.301708710545011,0.6308262358415768,0.6241438250089626,0.6437684352964471,0.7013928881981776,0.7009440585176999,0.6777573001249659,0.682018582094072,0.6895908148477922,0.6563720665021696,0.6537535407750823
0.362318679195623,0.5773970390353704,0.6903644684616282,0.6614709078817784,0.7284124207417002,0.6500136131740398,0.5515832998730771,0.7160793936447295,0.7226786631776748,0.6582563674594695,0.6340499547356617
0.3162858559774661,0.6219754976113567,0.7075362235723934,0.6928325195656255,0.6813072019421312,0.7054004881123093,0.6297693166157121,0.700060833323311,0.6811951190485119,0.6406591398243254,0.5104864861316665
0.2799595117016885,0.5766545546799937,0.5862253878618593,0.6288567856784248,0.6867926268160345,0.7038036669630859,0.6782287231963148,0.6284677353213592,0.6883656709902226,0.6764758506933319,0.5880698030014103
0.35779908798047255,0.52779064861636,0.6183163493596372,0.6807714944868644,0.7013265425870797,0.7193390692326618,0.610488057050406,0.6517054175015973,0.7134587052968087,0.6750983591745617,0.6176987302460915
0.39817228679888117,0.6174575616555393,0.6749834694748111,0.695104509633135,0.6806252224911924,0.6834304884841745,0.6694012836889275,0.6962282554132729,0.719594401247418,0.7130045234321873,0.6447617515137886
0.3702684953156351,0.512218199846114,0.6857553800325837,0.71328356648352,0.7049072187361662,0.7471590316360179,0.7140571372749308,0.7040785801356716,0.7240604535142922,0.6526247830062576,0.6681046819300434
0.3460590135934533,0.5486079126784063,0.6354601812385596,0.6192393795879056,0.6855485228618146,0.678285439185139,0.6292325333111566,0.6984900355257442,0.701128580955928,0.5940119537721507,0.5581807203141319
0.2822521317464316,0.6074976877358536,0.6984540902992935,0.6806419550642657,0.723098870789951,0.6956935960753403,0.6117715551920588,0.7272287271581006,0.6996233571246645,0.613947538257972,0.6422217747722917
0.2797135691956021,0.6102224102823257,0.636167915093352,0.709196769938639,0.7374153922484835,0.6792616887653912,0.662915759104637,0.729012552043135,0.6647879907207895,0.6425106843236371,0.604288886645797
0.3360841952872874,0.5714312047976253,0.616229160500134,0.66193262070843,0.7002535334160448,0.7125685717689108,0.6675651712384469,0.6314279010243097,0.6941745004200708,0.5904817698739253,0.6175804724617162
0.36920442593079694,0.6831061089765587,0.6678853324771717,0.719794949022033,0.7165028885137554,0.7413547241959006,0.6867147109271028,0.6616984338721738,0.6974932692469249,0.6274782619496135,0.5695969517403335
0.348046630965923,0.6665138188005211,0.6871701313898078,0.6205026409230573,0.7438976009006977,0.6367302307711954,0.6953816693274317,0.6970302247991562,0.7003447895070449,0.6570725945940371,0.621403774166065
0.3735435865314223,0.6087383984223397,0.6886764295665513,0.6587574746681951,0.702881671933602,0.6485885455169864,0.706616972106274,0.7079826391731248,0.7077811729073182,0.6554675293970764,0.6569550243644691
0.3815272276839649,0.6268363294860755,0.69048818091876,0.7024157332986269,0.6739871041964567,0.6724245494494248,0.5568114165031424,0.6863318579207005,0.6889349024493052,0.6447728102046877,0.6629620698393544
0.41929713959391757,0.6561491707335423,0.6637647525314326,0.716145483990404,0.6765359988212937,0.7634580313237063,0.5889177468342419,0.719136012887782,0.7070441857427896,0.6592391246226496,0.6910136286680615
0.42981864294782063,0.5780903316815343,0.6793059729573245,0.7295518211872125,0.6844773434270442,0.7198090176156099,0.6706353284581283,0.6954359861871213,0.6873438298495911,0.663929134855889,0.6890445575978168
0.3640662856086335,0.519424446123286,0.6809401961324915,0.7317230864938808,0.6491471157258051,0.6783291935899414,0.658807915705545,0.7326992638656702,0.624212444815376,0.6349350321808367,0.6073443798194197
0.3512130673480366,0.5759611621637836,0.5493500988705107,0.6502185239168553,0.6539268231055102,0.6371760927847058,0.6323041776410326,0.751232852030705,0.672231364237178,0.6526639407018097,0.6640296530722365
0.3710137877114174,0.6204869671232282,0.631537184678717,0.6147748404820246,0.6568845400513157,0.6909373031480308,0.6711201176390742,0.7433604982977962,0.711100814785015,0.6706047860444875,0.6846282963951541
0.37000772815614896,0.6457411491642553,0.6131522468269692,0.6215791095016627,0.6858026974456217,0.732044863509467,0.712761560940347,0.6683793916944176,0.6999562573286512,0.6158905342230407,0.7135355229338924
0.3412486201706322,0.5962039254463317,0.6256885680389311,0.6317078775020449,0.63823812784447,0.7022755365412992,0.5863842195347702,0.6985013360061153,0.7320736171865951,0.6283089128011681,0.6478649901691111
0.3079790724928697,0.6172340641660368,0.6858776948365018,0.654569077221705,0.6610103956281855,0.7189038313283618,0.626631929043457,0.6468227801443266,0.6865736729847992,0.6465103329527842,0.6236733771729721
0.3348520646587769,0.5509860208780356,0.6881573977896276,0.7020105029871535,0.6085002407672553,0.6166501824073387,0.69707268331784,0.6778403167144607,0.6969218514654605,0.6859629413323378,0.6650677123398563
0.36866710556416427,0.5803966970267351,0.7193965035436789,0.6763727252570274,0.631425535646339,0.6885673454930805,0.6659240915110882,0.7096319126414024,0.7076940962622975,0.6160233044646456,0.6026305036460048
0.4100710098509375,0.5601959565170873,0.7320782718018913,0.6836984139458515,0.6357360246848975,0.7089205847305133,0.5930375926842018,0.7261037555126615,0.7079681541599567,0.6853863657650365,0.6205931294175349
0.4437679844221475,0.5787078695452836,0.7457787740074644,0.6129973824335067,0.6830022732209409,0.7054762896410687,0.578089305124789,0.6942368840426537,0.7056481736787553,0.726580765378608,0.6967214912960901
0.4280785616868567,0.5363921266753056,0.6792100132964263,0.7054853903262539,0.6923116272978858,0.6855507329235403,0.5245350115001359,0.6396549893800371,0.7598990630971258,0.6594396795036884,0.6299495027936148
0.3860107302456769,0.5816432784605241,0.6860750997502909,0.6748841617998091,0.7230052890973924,0.7191522286910459,0.5737017577070778,0.6753259869598301,0.6884108202647742,0.6487470981449953,0.6446176004617813
0.3607283167690099,0.5382416074366583,0.5980554519865932,0.6623033434413313,0.7246377867692068,0.7304750408683878,0.6266356086734441,0.6986162784171048,0.7271962110758655,0.6540965435216715,0.663997846892195
0.38179857290873087,0.5715849126906978,0.6286976642221906,0.5994207913845658,0.75148302454881,0.7595959278376401,0.6335616495136056,0.6370409054923707,0.7321534218863601,0.4969804942313142,0.5820475769978826
0.3161678313657112,0.5758453587157859,0.5754321220734855,0.6170556808428549,0.7111087269891656,0.7448864790192252,0.6024781886662413,0.6900819371626123,0.7063819411653937,0.5210773611427062,0.6149390128682741
0.37021984496534777,0.6344170031898113,0.5610328168924682,0.6429601704614181,0.6232760279619568,0.721011990926576,0.6171354914439939,0.6907753576314505,0.7223387041658105,0.6144648105243948,0.6287948170997975
0.39028274708288746,0.5608082599862778,0.5873720655871606,0.561833693825728,0.6671521183192917,0.6889517423869531,0.6000738775482661,0.6523971363592402,0.7324325081485398,0.6812941687359101,0.6410458228786701
0.35915152867432554,0.5762632269066855,0.5930424071881415,0.5989352821320917,0.6640374012775163,0.710730747512917,0.6117371370985676,0.6754243096489116,0.7385619741655647,0.6829012275611355,0.6350245478390705
0.31942485124871683,0.6127221819333855,0.6363085313021521,0.6146199575841715,0.6656361786221312,0.7090786307613389,0.6467152261877682,0.6577169478134925,0.7016802348661345,0.7129646496092976,0.6258564866115457
0.3008007395932027,0.495829612952344,0.6642888501105464,0.6205522070854645,0.5996434597231503,0.7142193982392624,0.6500753071599357,0.677041074905587,0.7224247204123805,0.6215810245609378,0.6361964353092784
0.31103365136335825,0.5804555582945795,0.5845302340659027,0.6633531971064939,0.6278095752358162,0.6602671763984571,0.6200674365308805,0.7056695355142879,0.7460325140994105,0.655392058862614,0.6217029577374352
0.3587391652492416,0.5377851355943674,0.6007380215619426,0.6127814296917257,0.7058619008074642,0.63951660936266,0.6272314316042931,0.6936416688250793,0.6820088727641026,0.6685755725853245,0.6249367849969736
0.3693657070990817,0.547085915660489,0.527878892458203,0.5335647375788133,0.6258325433745351,0.7007693263104591,0.6796918768194957,0.6827967703580142,0.7163254121023097,0.6023650997437796,0.6311859905506592
0.32702964735668316,0.4728481321773031,0.5284913968508547,0.5761699119017496,0.6132367397939188,0.7304032341300619,0.6953945005388105,0.6926031111385618,0.7353879093283973,0.6228361791596261,0.6419568274440088
0.33941450796884587,0.4954539946125991,0.5141159993199552,0.5502263615669424,0.6316315025104959,0.7298950877896349,0.6229552132210507,0.7205574045491526,0.7233246655573369,0.65466587614798,0.5838900612558987
0.3796055899670062,0.5138118587257412,0.5509537517511387,0.5841879615817913,0.6620764782000332,0.7551603865528844,0.6269013580676516,0.7330574227798539,0.7274868632600178,0.6624021845964725,0.6024139771769073
0.3624728614539997,0.4876927792420004,0.586367364998523,0.6140059821763604,0.6520590411977466,0.7457334696016786,0.5864988576485545,0.6930350720711105,0.7073685510461821,0.6355266634846822,0.6450515632165377
0.3912068859200021,0.4811384890504723,0.556390012754157,0.6181778019304071,0.5760954943044837,0.6440971695788108,0.6215822394556935,0.7315126679940118,0.6988349402770144,0.6443028032400377,0.653214342285153
0.4055282407722909,0.4959266486542179,0.5837606011987504,0.5668590170277485,0.63033285889677,0.6749224496094922,0.634195945458703,0.7348437131427834,0.7043920417747223,0.5537753845720669,0.6555434569577779
0.40586688432296547,0.5541522201697667,0.5657964589181622,0.5544978032597765,0.6822313526717454,0.659311021043959,0.6235053140966068,0.7431286562836525,0.7310770072159085,0.621415918314457,0.6635042822882142
0.37018165143288023,0.5573455028830996,0.5870716139380134,0.5516711866346375,0.6598349184078889,0.7006751169642145,0.6477862968988638,0.6852264248565589,0.6830351365893318,0.6562339426016315,0.6171582530395606
0.3797429405879391,0.5388586578272297,0.6159764515566397,0.465029838621006,0.6278159596446593,0.6696010028384242,0.6352078324604447,0.7027604199420054,0.6290505780226712,0.6952478956743241,0.634414172027898
0.32760816259913256,0.4993754377720794,0.6330117457986844,0.5174490203243856,0.6544506640827767,0.6799141012639254,0.6022335597097559,0.7035064965577482,0.6564204389063832,0.6578379365953144,0.6603111775015192
0.3606191761950711,0.4624403018706525,0.523204481267114,0.5486828079279961,0.6771781193614184,0.6858308633177955,0.6262506436202205,0.7285921274243514,0.6622517683119477,0.6241199663843017,0.5023332148596172
0.3832131020160038,0.4971990155454352,0.5784382728655213,0.5911005947329131,0.6073526457699652,0.6882859892402802,0.636782436803984,0.7408467935327119,0.6629930477681749,0.6593843354827074,0.5370516281189859
0.3526734003901924,0.5117664709213916,0.6085421070630059,0.5965736194301721,0.6378324761727375,0.6482077786985591,0.6617193298240913,0.700248488403633,0.6898072736778988,0.5991112938516555,0.5374678965530704
0.3171877122596434,0.5390476929176593,0.5860747333016413,0.5968685938976692,0.6595692550763923,0.670170948724501,0.6622337907505048,0.7082083820874778,0.6940589955607608,0.596338812923618,0.5509777452838114
0.3658813724560781,0.516267996536087,0.6251490495613938,0.6114621206629527,0.6084324391651121,0.6920881354827311,0.6776797095530442,0.6871930388522447,0.7026790499790522,0.6214420973851288,0.6128195463610102
0.3791792731809326,0.5265216254937106,0.5965027153205068,0.6276266853377971,0.6659847100041876,0.7261707268193069,0.6936250520179137,0.7012458467579709,0.6577971302710043,0.6572725357741522,0.6356846958380833
0.3715075435250082,0.554271395749026,0.5464879427595529,0.6394119905353128,0.5918421461367234,0.6711561178351628,0.7105831987908997,0.6288149665040784,0.683783692150258,0.6573559093628214,0.6458029537425829
0.40203792904560987,0.5504494306614173,0.5929647770586701,0.560744013209652,0.6549792620786973,0.7080930270382826,0.7365079754322628,0.6946497537475964,0.7129837342263438,0.5770287499890605,0.5572535793933096
0.4344922684892002,0.5416773313017903,0.5880064229374062,0.5727473789597503,0.64620713567754,0.7180055160056191,0.5503034756396531,0.7053819387148026,0.7198065261383106,0.6395999212863812,0.6088663343109488
0.3598796725293433,0.5327633008625423,0.6559758291127891,0.6145898310609168,0.63360417152376,0.7537455625608348,0.5574759791262323,0.7017636152626637,0.6954774980416955,0.6112482705588609,0.5595176203161353
0.366545122447025,0.5462619749472191,0.7114457020160397,0.6768586178208843,0.6564548610492702,0.7355895603739036,0.5846322496775845,0.7353966530685663,0.6733373562064109,0.6259708131953308,0.6170893332574949
0.3752297160669701,0.45755113074455545,0.734451747879458,0.6418243811605514,0.6282772247781405,0.6675674984062576,0.6661306265548838,0.7067746545370901,0.6877421466100972,0.5859023966129179,0.5233745806846936
0.423202219190859,0.4938483381907924,0.686766497863459,0.6563085717634948,0.6369265075198897,0.6669467825944801,0.7079275843777733,0.6889294329629974,0.7303072326561266,0.5924508159527573,0.5936476597083421
0.39107198419055644,0.5135707780019698,0.6572434834783819,0.6294827759379897,0.6870634638736954,0.7084314723323222,0.6486453760588943,0.7138599469661312,0.7264277636814219,0.60875803752105,0.5993378352429553
0.3960385946629107,0.4899494410291099,0.6573352964729138,0.6554465241637586,0.7091707618019706,0.722452774402708,0.6414660831097081,0.6993603115659252,0.7134799864311078,0.6197224213321078,0.6269504918473865
0.41630418840494277,0.5449979301053169,0.6886493314445005,0.6789844157825045,0.6580822679270225,0.6923300084234398,0.6178027851111165,0.7067102835662091,0.7267871363828932,0.6290904080382476,0.6347283377878943
0.3488158382762089,0.5623133561977272,0.6343664543394539,0.6908007063152903,0.6312888929515146,0.6839639907230707,0.6337600298856544,0.6626006623849132,0.7284908512732036,0.6588880979490349,0.5935389565369839
0.3192974277763683,0.6113708865429544,0.6133036022393418,0.7435143002169015,0.6683463370408296,0.6940939789387577,0.6760129905725054,0.7043468320156643,0.7331093366864777,0.6768369582283226,0.6331372522270068
0.36113909259384414,0.6224312232355514,0.5894390292868699,0.7731390329625791,0.6889683112019207,0.7093393190521233,0.7156653495173456,0.7444319691927759,0.7680533669973798,0.6938644911464837,0.6578599275895913
0.39144893190489843,0.6024867663647367,0.5707409448049883,0.7516754571771231,0.6910011787501492,0.6303585886148304,0.5880085176068763,0.6850051781786327,0.7529581611291034,0.7290664070183588,0.6943000643113535
0.31895718454770833,0.5924856527431831,0.5893005032150515,0.6813712885237114,0.7033197515472778,0.6879596479978203,0.6193912284056715,0.7174840008948751,0.7628972744871316,0.7107398564778594,0.6426309451401082
0.3277311344875988,0.6842117248277473,0.6377135680716496,0.6401402642105234,0.7107262911017466,0.6920813832791627,0.6454092846306727,0.7127612727548013,0.7633385823163217,0.701225774861653,0.6897456620500628
0.3394641501739189,0.7285397385436321,0.5426790580153737,0.6757864839532322,0.7417032962620624,0.714198462556132,0.6732547189371324,0.7372548747042817,0.7422211289525602,0.6950311751876487,0.6760846169421536
0.41413950071240024,0.6922247299795823,0.6018201802431857,0.7174480832728047,0.6652081346893045,0.7196983665589908,0.6965285908373922,0.7121984398491299,0.6864626118969741,0.7026940963307133,0.7174224891130179
0.3884741561093143,0.7012302127101412,0.536154826931754,0.705712156474065,0.6729121628610522,0.7337783510340533,0.7180672638962242,0.7285863915685902,0.7311534692091026,0.664988371730092,0.6785298395084501
0.38101698701271414,0.6396330215194398,0.551299066518706,0.7200677768414683,0.6755589253567442,0.7317166743177468,0.7086433144955447,0.6942413607404385,0.7390549636334456,0.6816941459175682,0.6914123639114396
0.2827697434249665,0.6987431852300169,0.5850315439568203,0.7353061931047811,0.7001646325988825,0.7172709117853657,0.7099124321101935,0.7144290356301768,0.7469386675844716,0.6267896575457241,0.6000901131977615
0.3087915871493482,0.66869484988889,0.5791851977610134,0.6643511021656628,0.7328829097798011,0.7686166017083588,0.6546647928009822,0.7358896823949996,0.7226442879894409,0.6617377976081193,0.6698560187659077
0.3317280455001606,0.6298368520110226,0.6012501379317976,0.6958247925919958,0.7113562747383468,0.7418453810104209,0.6931595840326158,0.7356091902576937,0.7516026874369924,0.6827881987466349,0.6930555714122388
0.35485851751917785,0.5940705206899102,0.6693570136785117,0.7137542724127518,0.7194505106231412,0.7009898064738874,0.6737878631297104,0.7450660623609364,0.6959230961815502,0.6927142731575495,0.6628018869942586
0.3431373875658938,0.5982531844395348,0.5446177053660067,0.7069989243767218,0.7329185565249314,0.7367299059861451,0.7030948686869773,0.7635263743516348,0.6735313288400776,0.71291885819018,0.6753343756711452
0.35495926179189985,0.6163044491557902,0.5878320629083218,0.7156725686965757,0.6339744323778785,0.7450549185107642,0.660424329558745,0.7349859493188322,0.7065490450131088,0.6459642623601237,0.6538538893637469
0.37049752781278633,0.6649817189582268,0.5730803744467919,0.7239043189981859,0.6638384576579279,0.7043054284864281,0.5942178085215242,0.7311344514530609,0.7146440149769676,0.6513646491496913,0.6615472060020157
0.3075516517727029,0.7087912678169161,0.5803512283493795,0.6613488128790261,0.6933063358003639,0.7136754103734282,0.6055804341311073,0.7123832394428076,0.730039188729342,0.6833704804389954,0.6827395238375977
0.3322186491097704,0.7052641541497378,0.540341904770033,0.6876569301583454,0.7130858808220166,0.718729641411495,0.6490143450849326,0.7231675351251174,0.7301932794463695,0.6895669418321521,0.6804482517518671
0.32621704766738796,0.6038862333747019,0.5908003631015527,0.6491155835273917,0.7343135772410916,0.7487726486005037,0.6129409609706775,0.6423227771160919,0.7313677946405052,0.6090670995148515,0.7046506502033024
0.2959274848239326,0.5722995106597624,0.5849344264883087,0.6925282745604817,0.7458747731964843,0.6809489110817449,0.6448453696060141,0.6478800840240193,0.7414079813576253,0.6369624395500868,0.6413758775939636
0.30026672046967706,0.5592363405303281,0.5311858262068341,0.7081527058769066,0.6362079573467342,0.6833012789319579,0.6673542091151409,0.6758510457938283,0.7417808049428989,0.6668906115660673,0.6664381036666298
0.30973938289486763,0.5834937690398709,0.5347542613669256,0.7085939340366282,0.6671985421041509,0.7261835626731343,0.6722631569494846,0.6746854093335616,0.7518248370998064,0.6003575967654843,0.6922408067542377
0.3031664326485694,0.5468246718418595,0.5731237856287548,0.6792539349313833,0.6901856914687774,0.7812801834117642,0.6218462550189073,0.6589668899537852,0.7350329841703603,0.6756652195610742,0.725283965643003
0.3049821286951364,0.5574030531870333,0.6150406871863217,0.6257202722807619,0.7104778480841699,0.6918665521961835,0.6639856915521091,0.6850322397191906,0.7339489271070466,0.722378035351462,0.7452556715169345
0.34024140021102356,0.5601194582407899,0.5652329969745857,0.6542620032446409,0.6883669608066413,0.6515437491181122,0.70801042232798,0.704139595696498,0.7317659911355294,0.646754253162731,0.6800470986767004
0.23608914460503408,0.2936059399659173,0.578953824430029,0.6619346251907782,0.6528084962913594,0.6306684575290923,0.6665287196449654,0.6928623407582494,0.7326004335521593,0.6862688495134733,0.6945167200224625
0.2168249405480493,0.282175307879451,0.5239251237555028,0.6563120085886529,0.6136735142962161,0.5784191326797141,0.6287854906566301,0.7104782037422246,0.7437801634708759,0.7283595542170092,0.7190304620306048
0.23902751521999893,0.28649716025840555,0.5782481044626908,0.6695019164551947,0.6353297807484062,0.6260747561812348,0.653308944491054,0.7251156143311142,0.7265100574767797,0.7213437685015122,0.7138092258493867
0.2519974395084009,0.24617522127563202,0.4603075539598554,0.6930409562086383,0.6285390006765164,0.694337053269518,0.6630650337322245,0.7428078879822771,0.7028972797837073,0.6545009760362982,0.6632776980689942
0.2636519319825753,0.2534492355601896,0.48562537077239243,0.7372105912721165,0.6672875472942437,0.652266660440419,0.7054325059380293,0.743821307541587,0.7062544383882048,0.6939020773623403,0.684592432569316
0.26824760243880863,0.2717849758102825,0.5690947990943742,0.7401955779467904,0.6774917378457901,0.7078727844308601,0.6367693890147791,0.7053331515446111,0.707578215696504,0.7196551692616807,0.7078207015224637
0.23502128976087386,0.27144874260131174,0.503920510683398,0.7272352733879388,0.6893576974441593,0.6996186963652645,0.6634371175406025,0.731125144704509,0.7410817708036099,0.6555900574980456,0.6224588290066517
0.23346669795830688,0.2933761800435546,0.5507189333841997,0.7280724827577114,0.6816566910575955,0.6682735073739804,0.6716605837376535,0.7012214780371763,0.7139125446508923,0.6626845233852854,0.665212755801168
0.27519213570342743,0.3052010652520296,0.5997621624801057,0.7294598578909453,0.6650868908505392,0.7012063171884146,0.625932614965006,0.7207564912041009,0.7174416276287683,0.7028359903581504,0.7022365118020993
0.20960137988243555,0.31420715707284963,0.6435136364984202,0.768708001463585,0.6926958706394528,0.7051861164823467,0.6323560123171597,0.7325286430657415,0.7342150775649612,0.7199280164114594,0.7187334561189767
0.23194955719662147,0.3267953180306785,0.5826738392086948,0.7774723246224058,0.6552430630614435,0.6316588882651453,0.5981966653468788,0.7460666617685101,0.7433263374240063,0.66304717185681,0.7476538460484075
0.2574101459388676,0.2788580122812212,0.6048798870035383,0.6894272584555022,0.6299492161142991,0.7091675205931636,0.6227463562795111,0.672145017614455,0.7104020564611635,0.6642102940180724,0.6590035338136986
0.23512934838802468,0.28733763570588067,0.5363418144720717,0.6883400989773703,0.6488603685050062,0.6811384824240906,0.6593115608908049,0.6928936235338587,0.7237093585932157,0.6810291763139334,0.6845268634660815
0.2613359016110437,0.2952459869697693,0.4220555357092195,0.6778374473833231,0.6861246245661643,0.6742780918154063,0.5507898464283049,0.7065223365284956,0.7253547089980787,0.7121410680640803,0.7117890425030451
0.28700454410149134,0.3018709202060473,0.4697612495707644,0.7128155909891043,0.6294474589025849,0.7092435075752079,0.6143519554386784,0.7080418581998722,0.7169942287857741,0.726156753162728,0.7352364873238347
0.26644092072830866,0.30678969811936185,0.5317902846733711,0.7107652030801732,0.6900113732762687,0.7576559915035518,0.6100728977649099,0.723060570886169,0.7312761794132798,0.7102467233019278,0.6703088612310447
0.2566678029919206,0.29365422505568495,0.5428286115176636,0.7409360332777014,0.7257851313898429,0.7699946458672676,0.663054221687559,0.7011023983757144,0.7332064718990469,0.7244920635760981,0.7109796353410289
0.24797688561251477,0.309433892709154,0.5965032206088114,0.69518128640748,0.7365486793918615,0.6266505605474099,0.6676531100722634,0.7082176512861424,0.7640575517915311,0.7252223912327802,0.7279115448963409
0.17798957152466274,0.27095151024115216,0.5965165568438607,0.7325030522398376,0.7129916124800745,0.6648297095755968,0.7002926394044371,0.6825648123695768,0.7525450862587049,0.657459188167847,0.6960919193300201
0.17355039445651532,0.2673018862911397,0.5967599660989744,0.6121658999456666,0.6700163286891595,0.6943711763456195,0.7185262153947314,0.7106190361322486,0.6869414311380524,0.7038617463178711,0.7045592749190825
0.2062478641667959,0.2748596120512337,0.619095752705166,0.6458692770510517,0.6802604255558108,0.6428149719905768,0.645441967019932,0.713280595676685,0.7308963369869795,0.7302450030368549,0.7178442268936867
0.12232701478056072,0.2331317094392132,0.5391585010314209,0.6937140842090206,0.6652809110868153,0.7019520685864866,0.66532621558185,0.725712158248484,0.7476289827012681,0.6458090405023708,0.6624290630020477
0.1436133127927504,0.24041194668258006,0.5942499026854604,0.6305494323120165,0.5710131758530739,0.6906400855416264,0.6829799492677922,0.7042816361935536,0.6948278179060443,0.7029171985441992,0.6741868345857723
0.1453733993578749,0.25748141845287326,0.5820347622764374,0.6766037354337797,0.6539500918798054,0.713214940433702,0.6943790281786919,0.6762467790139393,0.7327789137909864,0.705836402423233,0.6821532881110706
0.14125537832221766,0.23374899666681778,0.5932338497172147,0.7208727721486649,0.7001855487727187,0.6908704059601793,0.6508867630668568,0.679100791123393,0.6885520261247792,0.6734610465793973,0.7258393100115796
0.1498351592247018,0.24028529824429742,0.5942350502090992,0.7354629965005521,0.6890087130916497,0.6827653203842422,0.6835019728821118,0.6624493525176484,0.7176691052268234,0.7002448237302796,0.7445181365045508
0.10734401413015913,0.2296013830401663,0.6323654096931981,0.7331631438150299,0.5834406382246272,0.6428618710273436,0.7028232422603977,0.6907412263820139,0.7568318199929911,0.682897440885955,0.6628631623621051
0.1283776926546686,0.22688462869704956,0.5912764829431026,0.760599886014642,0.6098407911155905,0.6722749728392095,0.7341837537108948,0.7013961907084504,0.7775971492663676,0.6992513879529623,0.65172852531331
0.11792067683600353,0.23683201957783023,0.5276546309717302,0.7348278019353194,0.6584994575076006,0.6473455465047725,0.7467324482697826,0.7063197508395789,0.7318226843278903,0.6102117173242969,0.6229145649267853
0.12714771181777382,0.2490259179076128,0.5741919828645563,0.7128749080513935,0.6671652925936399,0.7095512408929409,0.6941989947339847,0.6520576264618569,0.7439798065930119,0.6587899562663323,0.6487974590553756
0.12614186249000256,0.2503834417661194,0.6108429291992928,0.733926626114149,0.6732129534876035,0.7292197882137889,0.6986333600332436,0.6790267482588475,0.7108660947228944,0.6654135161672248,0.6796767432028976
0.12090356270280249,0.2138070043083676,0.5775285196941724,0.7596420986240048,0.7150373332621951,0.7413182565052414,0.7285118914591178,0.6348179458048243,0.7424267274330207,0.6786118686088458,0.7110095850315693
0.13358647492544348,0.2162665061766614,0.5382903355265595,0.662781615618438,0.7145444270918797,0.7357785897045812,0.6006011332241432,0.693643013900529,0.7368268545153256,0.6840376385635197,0.6906917926366822
0.13228307084522953,0.22785007987312378,0.5472301653733541,0.6983716720663987,0.6916035380272724,0.7428609974955729,0.6275540786423195,0.7055906564028118,0.7381781785313578,0.7242644796918761,0.6963892305550254
0.13936345697079663,0.21773156883817368,0.5631992336597956,0.7199169898408102,0.6629640034430874,0.7288009489985258,0.6092154703545863,0.7483261218140678,0.694546297498957,0.7001995408043584,0.7017419953026194
0.14062587390686876,0.19900735785015736,0.5243849206891489,0.5910612378802131,0.6339362868600147,0.701047389858227,0.6437958935346237,0.7104037229556451,0.7106682931282907,0.7251368022553564,0.7217999653187482
0.19675608340753858,0.2395628549926317,0.5555310278521448,0.6455581173777372,0.661543601303723,0.7136859327229871,0.6741745996732317,0.6467170548366795,0.718646999733261,0.6885838609643322,0.7422593464189879
0.21181004356023794,0.27835386993927,0.5194549781899487,0.7001881308317699,0.6846891188201412,0.7152622106822458,0.6393822034935349,0.6733656522206704,0.7306729137411605,0.7060015586367194,0.7505581046532606
0.17184194702597913,0.2748785402989559,0.5170340743605247,0.7270120254186614,0.6757956527989444,0.7265838549602613,0.6347626561838259,0.6962962256827601,0.7496415431590309,0.7386077534969238,0.7071722788246672
0.16035074903188648,0.25126314984438586,0.540251180623368,0.6919615459564518,0.6998880470396136,0.6687235461646952,0.6424427724259495,0.6867868828631546,0.7358287827100634,0.7279758349095617,0.6739833078998102
0.19096098523359364,0.26938772135848743,0.541210180362617,0.6942948686153003,0.7467135288911873,0.6346595720908642,0.665003494506639,0.6977192120026915,0.7436087829004369,0.6708186172847974,0.6789014398742944
0.18645389392601278,0.2566142046176531,0.5516270670325591,0.6534383610306466,0.6816780252143385,0.6716920103858672,0.6469845150605037,0.700239007389198,0.7693799502699963,0.6934994056163457,0.6951266678786466
0.18327303099161338,0.2822911835474318,0.5638099019073417,0.656230984765191,0.7306468582307364,0.700408101284054,0.6770807926978325,0.7088520530417795,0.7643192470217817,0.7068036102671742,0.6830134862855938
0.21944747528551845,0.30863462460187974,0.5823325806519865,0.6827720901530292,0.6419044606857146,0.7181712529081037,0.7114990488281541,0.692951336556292,0.7502989286939731,0.6601294764237793,0.7145459356881405
0.1302756619161,0.2643543736378332,0.5922462619181424,0.7103249083705802,0.6868444775450979,0.7076884448123397,0.6396514586108467,0.7164434057206619,0.7233602893113387,0.691148712829816,0.7253041683511611
0.16007382451052568,0.2983354769778213,0.5798359938032648,0.6396511115209929,0.6518173427580513,0.6587503432349469,0.6460234213959531,0.7106659522071919,0.7149441270556077,0.7247224470505509,0.7033615393073073
0.21556629737246502,0.29305733246560867,0.5450983280907565,0.6574206041401741,0.7085174189774108,0.6999544127774726,0.5622513742993893,0.7137346400365496,0.6805911250611371,0.6525775248701006,0.7099944575450703
0.16053956902420288,0.2914249242182585,0.4850913748268081,0.7045754371840018,0.674170068125058,0.6902329341763636,0.6329657620927212,0.6655056266868198,0.6993713570851541,0.7018199456364116,0.7285131694172247
0.16191780125671243,0.2946392307577511,0.5192563730916749,0.7193703242419509,0.6770017031083986,0.7193534179189653,0.664296369759177,0.6802191219148095,0.6999560757182495,0.6480824301644309,0.7413943593473173
0.1631574303954426,0.3049881828492249,0.5433766261110827,0.7280358871838253,0.7010211416305805,0.7151798766051565,0.7090134814643596,0.7327041926998201,0.7237580159627367,0.6440042226956584,0.6644596985293002
0.20828896496501464,0.3007172880301736,0.5379572020392678,0.7324615807181883,0.6892970431984217,0.7740448943132415,0.7282532004623339,0.7547600497620499,0.7445191668725408,0.6770285592584411,0.6888720310380574
0.1324037815417205,0.30906819484421827,0.5345547194099689,0.7343372015208228,0.6892707631914384,0.7342815132265476,0.7379491022135828,0.7080128712911684,0.7447909331856291,0.6708463030607758,0.7087678582621633
0.17985153379833746,0.31317760184675447,0.48830960772258764,0.7073040286704443,0.7311796108958695,0.7613945638986557,0.6920098676640541,0.7073061014417221,0.6902990591702965,0.6790956897785627,0.7256668673026088
0.21912563278124775,0.33761762523217076,0.5265986434917183,0.6974491710210619,0.735184575846268,0.7680569141387265,0.6783581256526757,0.7391196385679077,0.7057924655346267,0.7293729206189292,0.7283929209848845
0.22720631323038193,0.34793457422093527,0.5020749315370655,0.7249536266774816,0.7487322325516037,0.7047506474601121,0.6844700096929855,0.6674800532384801,0.7328209653692845,0.7433899839346088,0.7223150775525019
0.18167899674401783,0.3310263627617856,0.5320526092559862,0.668546891614907,0.641954973365536,0.713060220667799,0.695636165193795,0.7066172344348207,0.7322436578059713,0.7272268941949285,0.6652934954720848
0.23233024113996745,0.37889335530523177,0.5641921320662227,0.7238155683037608,0.662702805277293,0.6058399719429403,0.7043441242160602,0.6736776936213582,0.7420049069789092,0.6833246990493692,0.7003155984490668
0.2627832968592921,0.39219527789298125,0.5497564706111053,0.7341971778837102,0.691773322574301,0.6787476413324453,0.7192181524587881,0.7333413692686305,0.7239974507131448,0.6623099209650707,0.7117047378319911
0.29416977864982985,0.4864216935385858,0.5240865101104163,0.6409761920588775,0.7043998813059813,0.6715023940597801,0.6349339636058849,0.7162055485912397,0.7137789770849714,0.7050706383456701,0.70456325467045
0.20400483664259209,0.5239087924921988,0.5811729166886361,0.6594103442797964,0.7015164500286821,0.7156189503337629,0.6484129484121621,0.6917631387933806,0.7252853751201096,0.7087775667979799,0.7329538968159315
0.2631896702946357,0.5202864556558559,0.6114724619366947,0.7295090567322682,0.7279344463859688,0.7495553103343803,0.6134842510392374,0.7237920100697579,0.717119295521247,0.7101605117355003,0.7125640642200294
0.1367545934432972,0.48272115206159766,0.6031748173446642,0.7477023720424576,0.6162337222149824,0.7092920984957108,0.6724415146727181,0.7295893758585476,0.7459267455902194,0.7146524505534372,0.749279136952969
0.17411749706823001,0.4869381128427883,0.5627434832309184,0.7304378260797002,0.6461848911426229,0.663081344661353,0.6888145125364782,0.6799084300438768,0.7310552610197624,0.7053477281529983,0.7087039510518061
0.18671374186990722,0.4810680868313483,0.5013049312965221,0.7199319899333309,0.5734616973978182,0.6866633735736232,0.6974979592143387,0.736394782773806,0.7331120939680836,0.7558730269342284,0.6645475611051281
0.14373955818925013,0.4417270202954788,0.4089388207540779,0.6683172992236819,0.622719795909439,0.7004842320368774,0.6467531923142337,0.7257939112913704,0.7045112288213577,0.7508549923639707,0.7198198154063057
0.17080158344314456,0.4704799779457626,0.43658789930953246,0.7033382995857002,0.6436931887988636,0.6962239184714931,0.6067847782550999,0.7171362572565334,0.6724476478164388,0.7018996268245802,0.7075184507986088
0.16733774710543478,0.42993542776999544,0.41622045970993904,0.6441269098276395,0.6372656348013829,0.7383050197206433,0.6481756673208117,0.6100904953708316,0.7192507252945617,0.6644328255252655,0.6837415140302973
0.20591229082573564,0.4524491769231553,0.43781488891909426,0.6706085453188672,0.691082314437437,0.7522231400835255,0.6313012546395925,0.6766371174864698,0.7280123520442434,0.6806271782124712,0.7205408604822447
0.22282677912852605,0.4650194982614471,0.44643435766803885,0.7149346066665441,0.7165263859442776,0.7317233043566602,0.6764683115324821,0.7049898596553845,0.7226695185068002,0.5781014831122766,0.7131557746536595
0.16187461858691676,0.4663249804849581,0.400335219601174,0.6679236407958463,0.5802824730488175,0.6662625098922722,0.6618720240207051,0.7241003182283572,0.7328958441561331,0.6010542880350778,0.7057394736620419
0.23556532881367498,0.5150116463932315,0.5406173326397221,0.6599971765167216,0.6369439869860648,0.7042894073036985,0.6808804433161262,0.7342779818486815,0.693879550637598,0.6915748387828733,0.7160682347632636
0.23247173224239664,0.5182634810557875,0.5537450941393658,0.6923717086178575,0.7037989107006927,0.6086965787189976,0.7030204136739842,0.7268865425063697,0.7551464393768426,0.7053725651166945,0.7160715204760267
0.23383598238084902,0.5129777930880428,0.5471303398633921,0.6941247871241807,0.7272059123566412,0.6461279666130787,0.6645800124395849,0.742014529501569,0.6565438996790317,0.7178358473940198,0.6150148666295805
0.22786600175609498,0.5610394580657698,0.6296913859758551,0.697063116114832,0.6305276477684522,0.6927307310446781,0.6963370388117739,0.6003889034793617,0.6824932654566196,0.7466385960089792,0.6921936425467581
0.22389481054682533,0.49942850677141976,0.508961980469863,0.6905074643679484,0.6724964380182401,0.6978239855385893,0.5963286260720256,0.669802274991022,0.7319525695813012,0.6487250949516846,0.7192918621145669
0.24984714927997675,0.4597894515395474,0.5094417026691423,0.6722658272669856,0.7135424299043234,0.7263100157816338,0.5856447561123066,0.709556681114204,0.7619477252091427,0.7022276528757112,0.7040055636313587
0.23513712711531382,0.5517879238998185,0.5863252946403716,0.7088472607298716,0.7145376573976154,0.7475354027096391,0.6093005096338211,0.7426042035373965,0.7594506225191107,0.7237738007404888,0.6206274606888945
0.23574147822423872,0.5366168236482638,0.6251837724439954,0.7174979531410913,0.7222415513549607,0.7423526133104145,0.6364608128066938,0.7505702194054689,0.7307169679487879,0.6819325042221223,0.6596908482889445
0.25756162038814173,0.547575225083998,0.6590657938551694,0.7163706347611886,0.7411167306851312,0.724129795167674,0.7108485824864588,0.7510476538913053,0.70763184482089,0.6770042492966999,0.6908877444973773
0.2838148526784018,0.550573536213827,0.6137064401199674,0.7166510470696614,0.7571539558349034,0.7325405805465618,0.5444085716973339,0.6895055942093249,0.7221867776832838,0.6708887268424775,0.7072115761032376
0.24711036814679296,0.5959211770753561,0.6674124030467024,0.7124220022010019,0.6627210213898912,0.7073693689207959,0.5873342126081502,0.6942985406827662,0.7444722137538152,0.6546901640308733,0.6410956873104
0.21855692792699632,0.5586140685067015,0.7075976285335339,0.6787198200775217,0.6881768531469998,0.6477207473265839,0.6656845845453545,0.6679649216528729,0.7084165744693351,0.6918054060168185,0.6807000408201294
0.2807339661795757,0.5740768107691692,0.7225211283670702,0.7062883386993829,0.7239465455617415,0.7122381665523102,0.6632819224443788,0.7021683514642324,0.7199190068870032,0.7408632332688403,0.6824817425375737
0.2232760027847064,0.5932644782643446,0.626524719161693,0.6373227435706526,0.7027781127985301,0.7202252327999181,0.6849427298778255,0.7284628424206714,0.7431833220928374,0.6751421714227036,0.6829106207293165
0.2363873883316996,0.5628943009580558,0.6553011028266734,0.6489471366422499,0.6252301774582331,0.6699944160572926,0.6167744148006133,0.7312820837989533,0.7622787554123776,0.7248107084584223,0.7101663375045154
0.26537579405079537,0.5661899575352247,0.726510187630804,0.6632660086618115,0.6437015459540139,0.6432825663335969,0.7023340022589586,0.6874844605876163,0.7734674117638347,0.7332379478259683,0.6467531020515074
0.22585131130256686,0.5800286883658323,0.6367122469016745,0.727680518554131,0.6559083444714645,0.7087866728801864,0.7102180409131444,0.6381646057002356,0.7663309129658741,0.7585388140127747,0.6923955614608152
0.22068146171975617,0.5944728594133903,0.704669861307559,0.7628958540054818,0.6729871342966685,0.7264731044294792,0.6987274677825527,0.6642152176981988,0.7457639169975366,0.7227308744672951,0.7167214690876947
0.22489833142107424,0.5970352314200225,0.7103279258139517,0.6539893421539853,0.6571684507539575,0.743070494639427,0.6600767752822266,0.7060117341433383,0.7016221485712288,0.7377950834663959,0.7360012908640985
0.24146315026029308,0.6266249567177997,0.71436229634893,0.7028197303143553,0.662945959439442,0.6665825244823014,0.6994790312514679,0.730033597153438,0.729446926268857,0.6511601986328114,0.7363235608323102
0.2496334979555872,0.573279100215355,0.6396925502880385,0.7279138089414255,0.7072833024298777,0.6944628199520018,0.7284676703410418,0.7056071538060272,0.7061136624501968,0.6911440681641643,0.6855534777633334
0.26978185823360057,0.5787050615089273,0.6638728431036065,0.7375115127947943,0.6499072851569522,0.6974823440968403,0.721997771651077,0.7092092595069259,0.7158584868204367,0.7269959974888967,0.7115002733820321
0.14900902483837178,0.5962535920230283,0.6204223734926889,0.6751725727986976,0.6157240673142778,0.6630993539746541,0.6872916913176192,0.7015567113486145,0.7167049538440943,0.69807067831599,0.6231447090829063
0.17821250739427524,0.6101772139353778,0.6246366880759705,0.7356292990663582,0.6825992504735259,0.6455545957675177,0.6788285853469731,0.6885942943572274,0.695791540587962,0.6397118892757667,0.6221378627023547
0.20210378753630853,0.5868556936760825,0.6867293502727685,0.6737656538803192,0.7316371315253121,0.7088628616051454,0.6905307605336756,0.7070182828607005,0.6370219167730073,0.7040345334387499,0.6448307956103814
0.18310999659461805,0.599044650460286,0.6575474280458791,0.6675324647689775,0.6923223794639086,0.6570452119857396,0.6793772657528144,0.7148818162831999,0.6553811860704889,0.7089111397947108,0.6980481463200717
0.2594352420888254,0.6171124619610989,0.6797895684287428,0.6955114337544106,0.7395431450524239,0.6446596759263049,0.6933070272513231,0.7274498720285343,0.6626800343532595,0.7249327793560076,0.6664644403634098
0.24679842772583785,0.5895045799020706,0.6880397856111665,0.6854517976974763,0.6057771282551535,0.6734182706485428,0.6538534873966422,0.7080308701670032,0.6989442398324093,0.7323250968076558,0.693329238592668
0.25861930405137334,0.5915497091809895,0.6578357232525476,0.6545239616768058,0.6180905965250838,0.7079531186865586,0.6651264457570611,0.7106845914308337,0.7004645209677232,0.7478210435360533,0.7358755781963355
0.1765394443377907,0.4898788658911765,0.6482189199198193,0.6790303388820316,0.6651031384364067,0.7170940589444393,0.6546704777263153,0.7431911974973903,0.7008490725593347,0.7576253001071098,0.7014592068247968
0.21539215087902408,0.5213512770086528,0.6721112694002599,0.6879594834941056,0.6779000827781625,0.7168175896821961,0.6832584466255782,0.7550993894402875,0.7089810785022403,0.6477318192841508,0.7170638818122357
0.22026090945372032,0.5358836938968969,0.6963282847991292,0.6900556714542795,0.739794823943495,0.7384896999669271,0.7008025379620162,0.7704419090793369,0.6828462646856657,0.7020851099883479,0.6605893329556899
0.20378464351209077,0.5520560867014896,0.6158791994740689,0.7189136670794867,0.6808977627583953,0.7174934529828277,0.6212386408987713,0.6963053968971834,0.6890445513321262,0.6224463947941876,0.6926780672906655
0.20400654095297832,0.5602707394496642,0.6777040201065513,0.6598266253211905,0.7013013625293636,0.7774974629424702,0.6818224110747135,0.7148564345115024,0.699617425099921,0.6778733407023447,0.6738881713382531
0.20774542986559738,0.5815195281435045,0.7350348253375256,0.6361533545025867,0.6268966058677616,0.704994775914374,0.7156468723573223,0.734961414894183,0.6485178397212119,0.7066765414536649,0.6918610337352143
0.210074248175636,0.4550850690649329,0.7414870578644495,0.6773652221388488,0.6299560122642268,0.7544948903510499,0.6123171101230009,0.7407397909403521,0.694660645212255,0.6544227402764923,0.6513109022881055
0.170509403762906,0.48928039364495635,0.7046369948043466,0.6918837183387423,0.6558581792919773,0.6872850276830875,0.6280458172088547,0.7273535607744693,0.7138840083345825,0.6962102439773494,0.6718365096685353
0.20369239113877702,0.5940758681432907,0.7395294170991608,0.6654159564042424,0.5551977093838083,0.7067488751573064,0.6002090176491754,0.6825528622252724,0.7341812535639713,0.7094976935597277,0.6868754900379033
0.1606529411561075,0.6188319056030984,0.7471869175790404,0.6511502971462756,0.5511458185791994,0.6917352700474074,0.6596675297885759,0.7042195447194448,0.7384519442068456,0.7035255603131064,0.6864470433269076
0.15447447314332255,0.6402139628330511,0.7528893903305721,0.656989256678939,0.6384856190921927,0.6620549209257192,0.6874653729900557,0.6481768092845298,0.7446201676012736,0.6922774221325407,0.6716738434245733
0.24460036650701872,0.5215777487738253,0.5858374470962334,0.6866056367497099,0.6889228924549433,0.683293320415046,0.6954582020576945,0.6527995872521584,0.7488876234440525,0.6560974050950245,0.6904179320423202
0.17931784805592718,0.5686785426814809,0.7138025952679505,0.6481428390284123,0.6902814650198155,0.710626410226419,0.683329698345456,0.7010408752722015,0.7303314906333243,0.6875576426713881,0.7237386537718395
0.26840642298519,0.5553970791293754,0.6095072925850321,0.668957107941248,0.7012786824515881,0.7285203424330715,0.6939262224543573,0.6976472828472744,0.7344769158007054,0.7014308028870763,0.7289506036048069
0.1375955974994923,0.5681646298996206,0.7049278142066158,0.5625950992509378,0.6992124203729981,0.7255038385161662,0.6449223139279252,0.7029645328776404,0.6987615340280482,0.7022191721601501,0.6655366934928003
0.1763198930767998,0.4964097698302997,0.7168536424607561,0.659647377008745,0.647919613379778,0.6983826986609548,0.5617019792710687,0.717517782722952,0.7056618305387917,0.7023813690530558,0.6661265415743323
0.23094227067287296,0.5617874544880725,0.6969673213212074,0.6775943098720534,0.6688934261298383,0.7181971146952226,0.6329608185234334,0.7455579872648294,0.7248485462609218,0.6862197690857822,0.7021561234713416
0.241706829959984,0.5789144744883419,0.7762200029320439,0.5969500735862,0.6671364788743231,0.7363801192639643,0.6654840799616504,0.623173492186507,0.7086981826915268,0.6957556137867519,0.6006333052870051
0.1971816370169889,0.5832553003657285,0.8293175235280602,0.6005706712234117,0.6900321782373835,0.7034062686753862,0.6616637642330582,0.6992487968349643,0.7425765642775506,0.7248057346064047,0.6486278452474852
0.255735424224776,0.5846640094327684,0.7712870411931381,0.5905524490954179,0.7117464082578058,0.7027280063669192,0.6892018786248127,0.6585233837384582,0.6277762911308741,0.6807453352233688,0.6749360483340568
0.26500039505685713,0.594448316757163,0.6441385149666744,0.6537606524201072,0.714089246540571,0.7030834150971972,0.7479462784169963,0.6905987386415404,0.6980963694003225,0.6548069421498651,0.6863454859092405
0.27031521327702385,0.5699422484640809,0.7059431623004931,0.66096768486697,0.5716153426991075,0.7453306208615051,0.6451883656694558,0.7033653895424341,0.7174640787690324,0.6574380082574046,0.7006030564773358
0.12413174380999638,0.5247463562051763,0.6846859288023789,0.6445988528353012,0.6006555259674992,0.7407081383181707,0.7013701705966995,0.7112406851711345,0.6812857182866451,0.6316942243933871,0.6702072107108182
0.15214566003490151,0.5858924043014474,0.736321839224928,0.5720758375151884,0.6264080132964742,0.665722126212088,0.6426858590262737,0.6461914378196056,0.7357466525351399,0.7089490875868646,0.6292567720087949
0.191038761297725,0.5360071014360054,0.6729920565992923,0.6220684820541778,0.6614678429394107,0.6785937292060165,0.6103019932801942,0.6616840787169374,0.7452170163760905,0.7091298533981447,0.7035647920347974
0.25279870236729773,0.5426691005298734,0.6433051400142782,0.6460046435755427,0.6698212308139873,0.7260789006256452,0.6337433406260584,0.7009257844454151,0.7012049285721627,0.7120876798610007,0.7004227100379007
0.2618788489633498,0.5831598639420394,0.6842372412469365,0.6772520338859879,0.6297481701235023,0.7510226064540122,0.6086834258767585,0.7202705836206581,0.700706433700931,0.7025582888657734,0.7063836207326606
0.12980697048579803,0.4813168513547309,0.6919203052971292,0.6881870003843444,0.6598384235342591,0.7315564504147654,0.6842887656787665,0.6816332922982652,0.7227108269228244,0.6745052868313609,0.7496195030313033
0.2031014717026511,0.5689654463976587,0.7437411308114821,0.6128032783274704,0.6552218672126102,0.7063946547572244,0.7772291273874845,0.6479628405609053,0.7264423010482507,0.645997356954004,0.7615543380535007
0.17620699531951783,0.6293196374547239,0.7081650395664693,0.6645879842663693,0.6569910893591722,0.7183543521178707,0.685267523364825,0.7283308258395944,0.7560139145397635,0.6884780413070353,0.640158513990947
0.1377443944054149,0.6576561518899378,0.6861029722900974,0.5982248035254779,0.5822874932457227,0.7208522170575649,0.688909496117025,0.6723393402751704,0.697730691039266,0.7356902826640859,0.6517028225902652
0.16865362494511238,0.6682758816921894,0.7281558976263001,0.6577121698047792,0.6301491874081999,0.7290426412827311,0.6929231968384797,0.6705599666247763,0.7231224442548672,0.6777927726669916,0.6846037325638632
0.17929588564236668,0.6753736128179273,0.6806520314674498,0.6273183445115199,0.6602970670801435,0.737518344659051,0.48583371766024724,0.7313866358488106,0.7034902731895737,0.728578853887135,0.7170686383194261
0.14288682392056226,0.6498816337079398,0.6967729684473843,0.6567221609104413,0.6773623156182973,0.7074171661491208,0.5878163191776279,0.7456344863150961,0.7222698675230999,0.7031408912513832,0.653650665604823
0.2619482712652885,0.602581289460736,0.6559613221217753,0.6867352273019852,0.6906484343630513,0.700313956717169,0.6787369310560157,0.7111427982325308,0.674475095337199,0.6845396859552557,0.6770422074087497
0.19414135156271492,0.6294188413279016,0.6868556618980499,0.6573406522390969,0.6529938341752209,0.6625963049879664,0.5808273900123322,0.6903712470141197,0.6968397320647037,0.7105460799427541,0.7186139028076268
0.22867960266976212,0.6076396600437485,0.7382500714357106,0.6622743772581774,0.6747219072758616,0.688142369546273,0.6571498610561997,0.7157834098815528,0.6804783948112106,0.6944352084832777,0.7296452840650398
0.25521223693760225,0.572474057527879,0.7471329271829774,0.6556138358714613,0.6768209180562774,0.7125798637605284,0.6594034570733763,0.6147786120731897,0.6848045100556178,0.7179823983031302,0.6906693061624197
0.294236933754241,0.587808639740891,0.6375836763073371,0.7026163999795263,0.6829895120875504,0.7520157670972074,0.6800089747409999,0.6818660885274598,0.7172677759324426,0.7503470189594792,0.7076492229069045
0.33280748525988135,0.5618447923903488,0.6862559915949307,0.7261462296367298,0.7001723696964213,0.6899225056337512,0.6773823727769341,0.7387446996797371,0.6802820490516505,0.7312515310914629,0.6670348385191668
0.1997241826059436,0.6059089376173843,0.7504331667431443,0.6772175672631378,0.7047893914079741,0.7083940604673882,0.6732685709399234,0.7263267241679986,0.7034582866369756,0.7197341471831942,0.6887348195514271
0.2499249777945781,0.5525660131084078,0.6590533176334054,0.7179409035299678,0.734732187651146,0.7582939866852645,0.5006107648912568,0.7311090768864182,0.6604533991626612,0.617349052314602,0.670901124876135
0.29954261065835835,0.5758214961788242,0.6268193976587999,0.7060266715853211,0.6712475112665932,0.7222535826052368,0.5392937277789123,0.7472272733316242,0.6928947022354653,0.6629044371539294,0.6957142867620365
0.36266075987860213,0.629716828893766,0.6725811715634311,0.6644210729183619,0.711689047735724,0.75435501465126,0.626229591611408,0.6565259267953089,0.7483718889603078,0.6856273045661019,0.6778328788006247
0.21726104885119987,0.6156120255830179,0.6947948128186578,0.6795508108739416,0.5815235107308309,0.7040458080493188,0.6532765742297125,0.6809398983495467,0.7108135347880234,0.6940592789818573,0.7043340487401184
0.19368807563044171,0.6587741181002469,0.6950910073667502,0.6495676300831961,0.6529234388345911,0.7348699320868803,0.6007045658270069,0.6624574606208133,0.6837016782319933,0.6925775659973434,0.74037288438608
0.12120653441294697,0.6428140789034772,0.6049671814700052,0.6895723400831582,0.5773400305608533,0.7343187362346839,0.6605256431207944,0.6715690913701913,0.7104374914705278,0.6566362999053348,0.6805027380544085
0.1500864477296645,0.624639319329273,0.6269363856265128,0.6434505239931138,0.6467486952214633,0.737250575804676,0.6895322448601403,0.6885130461634843,0.7182377375008104,0.6719462201058066,0.6922270551893704
0.1823026516283029,0.5365091871586061,0.6932109755498868,0.649871607502437,0.650280742691167,0.7152131059253974,0.7000043572434087,0.7024245716470136,0.7005710708818634,0.7333770953818052,0.7305268208784512
0.2251623563429322,0.543223241467147,0.6188982198665846,0.7064822303822713,0.7084153028095028,0.761752801242638,0.7538621677693003,0.7057184061617033,0.667474239919346,0.755215367925588,0.6973168085706593
0.12816138225250287,0.4563827330719942,0.5476760985930589,0.7147527675725686,0.7344153132306113,0.645131375880359,0.7305752819966538,0.7095628501755619,0.6979647113640386,0.6712831583861311,0.6813618708751162
0.24591951466816014,0.5924384268210261,0.6413038454862428,0.6193426880451488,0.6090570677762529,0.6794339410515511,0.6517165487233841,0.6882599231615081,0.7029797908431852,0.60121743368905,0.6918932295658468
