0,1,2,3,4,5,6,7,8,9,10
1.0,1.0,1.0,1.0,1.0,1.0,1.0,1.0,1.0,1.0,1.0
0.5152392378771095,0.9252292716425896,0.71471635611681,0.7241388256785155,0.791063351556598,0.877975251151831,0.7359327592816816,0.7938073616468405,0.7283003802371555,0.6945814769067183,0.6986654910714186
0.4083189225308813,0.8061239440307305,0.7570093025428597,0.7404640050311256,0.7555014713766555,0.7207154965474926,0.6751695400173063,0.7357781097486548,0.7752486518084742,0.6713595322576291,0.8073840544188942
0.3651366378865924,0.6282806627028363,0.7159451271013999,0.6158384613763908,0.7346222674965557,0.7830009777284084,0.669973318571009,0.7475590357140851,0.7132780392027701,0.7080976794023864,0.8358769441542125
0.42099100983417176,0.6593635574314047,0.7941104672845973,0.6961213101878934,0.658013184813371,0.7862020601118807,0.8051369258447794,0.8050368148944211,0.7281672321306769,0.7859105216171358,0.8237684161438824
0.3776431796841361,0.6395632016498152,0.7760897535991426,0.7184810627797688,0.775850430640238,0.7988969400267862,0.712587955753998,0.7464463340535811,0.6775045622700979,0.7697692527452847,0.6948401518097315
0.3280663200133043,0.5687325671976653,0.7832142087155369,0.6954355918833597,0.6960494275313795,0.7747973343967332,0.673649916696548,0.7981147423594078,0.7242240885849819,0.736831349951564,0.751048196756653
0.39138842489512027,0.576044486330408,0.8319410503359087,0.6444369610524874,0.7628684594109373,0.7898649654346144,0.724421030796629,0.7434237997744738,0.7139676104552954,0.712620926276339,0.7310997890489895
0.45966170649459936,0.6768470251037225,0.7845050257816817,0.7476388157056773,0.7376166477812006,0.8333261497737269,0.7322485363635268,0.8217985387316912,0.6698968632399619,0.7248041152325942,0.7505373832517647
0.32843105797215594,0.5687841688222778,0.8311201737870795,0.689530864141701,0.7029526444719382,0.800348993748079,0.7605345458498282,0.774755006599627,0.7488475795857018,0.7508239979226429,0.8000843737190534
0.38548265897710315,0.7257384364782566,0.7054227266812358,0.6612621737878045,0.7380065560900427,0.7239999372362602,0.6973039925979301,0.7495362581352245,0.7949551834725505,0.7773930372137595,0.7332146182024303
0.3924179542807199,0.6331579798662761,0.6318588448217258,0.5802549237663672,0.6796497722291708,0.7165827001909639,0.7105415578236222,0.7622951712994185,0.6591541572225005,0.675328522593228,0.7254074300184281
0.4483941747334718,0.6540097181580395,0.65246225807205,0.6513119277304326,0.7242414955129484,0.7577854636439487,0.7339151757522736,0.7396762543573616,0.6773828462076947,0.7126434445948502,0.7367046131329157
0.3464362657736976,0.6999560642342793,0.7186580376607568,0.563446568933944,0.6418436304489495,0.7061546511382575,0.702784546358215,0.7611655645037831,0.7169635390870932,0.6674523802243236,0.7545720150777091
0.3995193258931849,0.7329874899135034,0.765664616690912,0.6376217694109033,0.6796650360225347,0.7083557713211321,0.7270005761579303,0.7692798943732522,0.6390249946419061,0.6928504004158613,0.7752811227758236
0.2648916132065798,0.6988442491260938,0.6814673943926628,0.6537318689386828,0.7013888003388397,0.7221426741710573,0.7481705059956927,0.7719157871246802,0.6846470770281963,0.7392857739441897,0.7615620275266926
0.31254112592174976,0.7275850706270574,0.721610378689921,0.6781184946813651,0.7113200528797525,0.7044429820221383,0.6849804384300003,0.7498839886340369,0.7356344942524609,0.736938263193963,0.7699682094102782
0.29115774874019595,0.6920458474047388,0.7513200930859947,0.6268001378047326,0.639218591212945,0.737426854419914,0.7119331322162887,0.7113188776302881,0.7010788488466225,0.6839583672303022,0.7600691038581491
0.3075512915404918,0.6874530844323173,0.765684544703281,0.6543037842542739,0.6606820331045198,0.7070945619328859,0.7021629676478254,0.7456183126045133,0.7210837782765964,0.7242686803625364,0.7569539819999067
0.36174970779823673,0.6776928495574327,0.7592921593859632,0.695237913700177,0.7017527227312057,0.7115029913407596,0.7444711995133912,0.7017837471173741,0.6793946198476368,0.7194351230944566,0.7855913603510557
0.3819127839654103,0.6397279196930782,0.746199786637604,0.5801692757447972,0.7106604231368889,0.7405599105882418,0.6198232583653559,0.7390820610463236,0.7325095620408691,0.7330320621804963,0.7615657792741446
0.4114296513361888,0.6675437144603725,0.7700475829899665,0.617863447778939,0.6837305401343824,0.7607142578990067,0.6257750004856574,0.7281773748269995,0.683558332297677,0.6607695955640215,0.7136906149221341
0.3912742831064002,0.7262645460892154,0.7338303008121374,0.6094601033925725,0.7542016334775857,0.7557474412683698,0.6104960825877329,0.6926024582606157,0.6872815375054431,0.5792544502919085,0.7298351352107704
0.3427722187529299,0.767405315272472,0.6517364879192115,0.6353932663510037,0.6994933469416801,0.6945187198068842,0.6693243373632878,0.7174729387971539,0.709764590789296,0.6277199185308433,0.6534609118714192
0.3286637644824033,0.6414595830519537,0.752413811177526,0.6605417940447592,0.7333314439733765,0.7084602440070588,0.6866124896568834,0.7473044209387849,0.7286246035801562,0.6835515031289119,0.6998824408848479
0.4001450275024586,0.6962864893407112,0.6749633870922688,0.6632912742139347,0.7061357233199538,0.7139685255540182,0.7151765675732419,0.7620233257609282,0.7359214235245486,0.7052727072350325,0.7295993862856751
0.416171194574673,0.5659645251576758,0.7209425237546272,0.6432120605878261,0.7521543928815295,0.7135910100251901,0.6824219781338775,0.7812808754475444,0.6874599243067411,0.7489665787527812,0.7305091732702289
0.4376517238279801,0.6923136453544909,0.7454217138476104,0.6728844632348766,0.7753001656148757,0.7047409323526833,0.7229378865065667,0.7193092563479799,0.6882017236802906,0.766957044061628,0.7735560561534597
0.31791985724389216,0.6979207575804645,0.7306016708396539,0.6811424872887342,0.7132216796903372,0.7403115325097565,0.753239193238767,0.748396640858872,0.7176325263816326,0.6618015873920957,0.7530785121829997
0.3602722699908103,0.6640307028746838,0.7714067295412286,0.6354176573762155,0.7082553236076017,0.6881749759806575,0.6225801034462769,0.7728650063252527,0.599864122490242,0.6652434177912805,0.7431345616438767
0.36544520410508186,0.6400436602847183,0.7487825615343522,0.667452107633991,0.7489810787164033,0.7128525036628351,0.6471211114641413,0.7836707468912385,0.7014382749842901,0.6382245025028571,0.7745339413928265
0.4126136942561827,0.7109918770725696,0.708349593178387,0.6602107155056374,0.7319725459009647,0.7237768491607972,0.6150456260740332,0.7751401593058145,0.7194743951737457,0.684107526391285,0.7883055670632524
0.3824293340460721,0.5887396475412329,0.6873249283354976,0.6539674871623282,0.578652317824512,0.7104972059146308,0.6373976655156051,0.7544048684136415,0.7539652933563916,0.7112267491262305,0.7788232430661333
0.26842162196371366,0.6319815474173321,0.7115387702397518,0.6773591518808837,0.6138643069999717,0.7161555940133273,0.6600104534387619,0.7621827579319824,0.6344329935790889,0.7371335384816229,0.7688766052237023
0.37551166173252587,0.6433155015823357,0.714855138647658,0.6320904650959082,0.6781892397551355,0.6933735908383393,0.7062414876916276,0.766664947338116,0.6940576248937829,0.6854446459565015,0.6816880142440431
0.383794027641462,0.6767737317813078,0.687017008480993,0.5942741969556038,0.7148184588588253,0.7267890231725159,0.6866668295033815,0.755824635368476,0.7047207460997741,0.6551064199017895,0.7057407313069255
0.3698632651763314,0.7028166405075589,0.698255782473147,0.6224940828073122,0.6943045930310678,0.7232394992226727,0.7091361768150406,0.7417675594354568,0.7130701144522966,0.6779192655880601,0.7176136854891945
0.36390700263443243,0.7040190085963509,0.7145116368412416,0.6530278472131567,0.6993412704424777,0.6849592307623801,0.7011434539860861,0.7217465437496432,0.703428467329583,0.6851701118169452,0.7480119406130665
0.3831547085555267,0.7407250598349586,0.635599470154465,0.5841718943745341,0.6773080218833812,0.7228698700337368,0.7099580143092983,0.6990903414361705,0.7154546148718738,0.7154898068472396,0.7697654771465037
0.3827219356752892,0.6164163661498054,0.6772049805329633,0.6337432317861824,0.6603035404324322,0.7366976267890175,0.7071773469832291,0.7146096562398567,0.7272574228118396,0.7491590206790277,0.7371905603935041
0.3078394314901428,0.6831391841460859,0.7168983026494735,0.635853550960422,0.6673521457838026,0.7708987011183182,0.7321713535799684,0.7456419450474076,0.6879045250554703,0.6835984685713582,0.8016462087968317
0.36362122845937755,0.7131958865943413,0.7206550108243982,0.5957913382614586,0.6384135947635744,0.7745299189040518,0.7645091822211247,0.7207604147570592,0.7025450247571094,0.6870427857916149,0.6846342714052867
0.3797022998572631,0.6151840107259344,0.7378271980670672,0.6063435924545372,0.6834265974279459,0.7845163613616897,0.756597052606293,0.740060132626067,0.7321385235777501,0.7108202264679755,0.7225601703106946
0.38817594988499454,0.697557771448186,0.7532897030199572,0.6608680609763948,0.7050371692725024,0.7763965426741154,0.7604703012304685,0.7492785705562257,0.6463222677304019,0.6521397094585554,0.7608464250829303
0.38956861416581906,0.732818502342482,0.6709718111330638,0.5678444166374464,0.7037925096183237,0.730735919738079,0.7136504602297405,0.7646780499085466,0.6690401518409417,0.7052434179097642,0.7593458782246356
0.36673311221778515,0.7511682387708162,0.7075849599960747,0.6439948099437132,0.7280176857615335,0.740911346966715,0.6072330556688114,0.7635073426636945,0.6920383103005983,0.7351916909217201,0.7279155892657145
0.4164461090481808,0.7317640979470922,0.697689494593374,0.5954697053694858,0.7104923793659269,0.6548344302600997,0.6449104408197309,0.6928846009457242,0.73239506812936,0.7442441714357166,0.76571096939432
0.3986760342869868,0.5785074617196994,0.7115396827622211,0.6296523233300682,0.7259789617213894,0.7385989441101238,0.6458650831606114,0.757871825440835,0.73335966692291,0.7495817579358254,0.6901111025035725
0.412299763634451,0.6263228825510511,0.721814307099504,0.6540601436292055,0.661559255927309,0.7212183469057682,0.6911839181231634,0.7713784402482484,0.7162177341688596,0.724220896102721,0.7498395752557093
0.43186934758569795,0.726471301816398,0.7501802570821501,0.5952478828433122,0.7213624663824185,0.7114589766120823,0.7179129017128908,0.7049190363315849,0.7031622568118963,0.6263018067623972,0.7499722631043233
0.4256833668876646,0.6887015197823869,0.7559133421405467,0.6311713354467909,0.7437318524003853,0.7006706676731052,0.7050128951460536,0.7586178564392081,0.7344096008490378,0.687948345052572,0.7142837739622676
0.41513428621043086,0.7038349070254266,0.6754285602292628,0.6339020550232424,0.7432566306962682,0.7181856958300515,0.7527976881333667,0.7776622909676384,0.7011408982874187,0.7114071949931295,0.7842627728595619
0.4415323773942541,0.6699623746790865,0.6955940712369669,0.6247075531733894,0.7456909387590278,0.7212424753587013,0.6434972601779235,0.7759510473163259,0.7247700490912021,0.6556960967478906,0.7942173213420589
0.41652458224984273,0.671906683815092,0.7313937575991772,0.5929145408098231,0.7645344089400397,0.7029507321890425,0.6998994842029002,0.7057020569108868,0.7320523117233674,0.709563405372439,0.7242207707988041
0.42997179288983034,0.7355224900061741,0.7362157005446972,0.625540282103582,0.6241065250698457,0.7387857947759278,0.6842750528541836,0.7210346583839121,0.7395794969999849,0.7304042493425866,0.7299012057475522
0.38799835259165394,0.7655417442366803,0.7407855953346155,0.683546492508408,0.7096103896462703,0.7705929663683235,0.7097356004086712,0.7020869610330183,0.7375554821991118,0.7544622716066003,0.7001952918439961
0.40488112681836763,0.7084318246663319,0.7277312586587386,0.6129386909667631,0.6954013957410304,0.7336102045454187,0.6177622810545972,0.7107831857026404,0.7421903998300502,0.7226321283716779,0.6625712741530183
0.40475365740561553,0.6772507131599195,0.7592178620546896,0.6507312379967317,0.7277512916181652,0.7493075034605645,0.6390553005017938,0.7507656460709352,0.7589570561212371,0.74291180973198,0.7021978950321361
0.4254767904808615,0.6871268488890554,0.6528919874361814,0.6264282643550919,0.7439182985934483,0.6274014601678397,0.6331687872542414,0.7573332866174394,0.7475447765836755,0.7519730398506712,0.7126419546779005
0.4082182484663032,0.7412944680697033,0.7377336387563906,0.5700963024444893,0.7633033085705796,0.6967723221298767,0.6694720851457665,0.7051548307873371,0.6842122679782565,0.7293560118277548,0.7392663273560032
0.3352268377520922,0.687705180087351,0.7541076830375164,0.6329709814491511,0.7135492550003062,0.7329462622326453,0.7009573835298135,0.7212664525424665,0.6817307403307198,0.6966467215558882,0.7426542742647995
0.3365464147901872,0.7458026786721388,0.7665535885808852,0.6683052540205342,0.6058815787090824,0.7306198329230018,0.687794880561049,0.7413106341135856,0.7253658148498792,0.6733062866385525,0.7569319691336509
0.3659506637772594,0.6631548799173567,0.6973923824702158,0.6660253407552655,0.7163053234982484,0.7091118093215367,0.6563061307833116,0.6723287380729355,0.7206056003398901,0.6796758831612462,0.7576096889433561
0.3664076923666511,0.6829840638518448,0.7259616132056061,0.6572722998995193,0.6971369336504788,0.7094437879075713,0.6664315849689196,0.7057096886996004,0.7297879861290201,0.7262601820006602,0.7317536602838859
0.38511320643151215,0.6085823523077978,0.6424903267469807,0.6308417130372788,0.7271052608946957,0.7403774953292075,0.6671246897285135,0.7097841784973586,0.7288487717657883,0.6581216786111942,0.7354862309970192
0.35854639480907907,0.5613233829780204,0.6866095130720571,0.6644293334720648,0.6943025450492748,0.7695513364680253,0.6111036422367326,0.7134065438938928,0.6842946498528888,0.7037101549705874,0.7686416997028868
0.3671145552063666,0.6330730820559233,0.6681481225203031,0.6752769437602315,0.7276310638696907,0.5922115381870758,0.6368268308067018,0.7316555607351908,0.7235199735252784,0.7339900869509822,0.6877048051739533
0.3876540991110966,0.6909050827640528,0.7257198359856651,0.6352568037352616,0.6422683411680264,0.6844479986079566,0.6619135420176412,0.7320089519403348,0.7529080200251361,0.7373632374914625,0.702686496739449
0.3570753364481375,0.697253132728162,0.7410956205312687,0.6336701212938279,0.6911358317731111,0.6305651643433549,0.6302999156572568,0.7700750337342386,0.7783096122126043,0.7436914746241117,0.7323435066051958
0.3598905150887347,0.5952338610996953,0.7618845401421579,0.6448999613001648,0.7231464721354324,0.651789917187704,0.6767622831199869,0.7154695011562363,0.7376422531441851,0.7137300613624251,0.7532700940070147
0.35737849474174105,0.6580374821971005,0.7153680812550791,0.643424153861037,0.7596271857747146,0.7005298293786145,0.73759770198467,0.7472636948114417,0.7723430573799918,0.7230688608186776,0.7271814965475238
0.36845524978938415,0.5726142360105109,0.7517565264991684,0.6042892357187992,0.704054893841067,0.7108151987940403,0.6730916564535754,0.775687384030123,0.6721039376475134,0.697239783886971,0.7524466766554364
0.40034301158680186,0.6307138227112631,0.7197327795990035,0.6347263767057099,0.6902857689547596,0.7127593470440654,0.6960089371770121,0.7272848162658153,0.6736778600446887,0.7274254117866101,0.7024479922179311
0.3980597500172952,0.590233273471267,0.7050978556997691,0.6419373190934976,0.7356492366978232,0.7278045737270209,0.6465113081789883,0.7471340168501797,0.6774111170923198,0.6929694960955836,0.6375248805739467
0.3198065540065925,0.6406650341657687,0.7398932332940313,0.647190593733225,0.7549276780679186,0.7064590854592891,0.66372482538894,0.7817456224216022,0.7147428599606268,0.7411421483626062,0.7012923793327897
0.3911124232361337,0.7212390364242819,0.7786079846903118,0.6529787997863203,0.7114921151632179,0.7171370834329827,0.6866092900838368,0.721438365229177,0.6848725042774517,0.7029248766620733,0.7382920152642495
0.3505817750407001,0.6502081034491598,0.723495053579965,0.6780219130634719,0.694960783699586,0.6942749533636554,0.7318384347515008,0.7607243807258595,0.726596613102574,0.7151280906267746,0.7647572552058001
0.4240872475724778,0.7001174930939713,0.7453409791817267,0.6245422355377119,0.7043495035868503,0.7307300723096547,0.7402013598843856,0.7406790948478528,0.7326585110904411,0.7321208307316667,0.7147269778980134
0.3682750889357348,0.6441341183317981,0.720966053521413,0.6445724049137573,0.7137500946458184,0.735080922418017,0.6176742989218686,0.7556171874696871,0.7061349793320617,0.7076471575833991,0.7460848407934285
0.3346428070200127,0.6442932943431827,0.7355592202373602,0.6596693798151958,0.736972469732554,0.6734708962192599,0.663064755357165,0.7432306200055862,0.7280965464521192,0.6918629158018881,0.7602298825262206
0.3414882990095274,0.652048754558693,0.7666131432986394,0.6166715212107166,0.7044753445840373,0.5998594616293067,0.6766885376649171,0.7929987491872341,0.7508455493018577,0.6735054873809504,0.70284812182429
0.3962037191486855,0.5978434715860705,0.7269821382000855,0.5951787013734363,0.7479147031976509,0.691404923502395,0.7036356799923943,0.7493428327419674,0.7402540811717274,0.7001362418303569,0.7378106176474493
0.4066122802445873,0.6746092330870022,0.748468659556677,0.6058030873981606,0.6205139042912142,0.7574427120161796,0.6637018026831504,0.7616319785005514,0.7179724571879269,0.6475667553072355,0.6856549587318527
0.421589732151886,0.6088639777033966,0.7450581006256465,0.6386253411508942,0.6509576375666539,0.7050865185494318,0.6231093078887076,0.7724316230295122,0.6668183090332063,0.6831453800652401,0.6897207748783887
0.408764512486015,0.6562404220239804,0.7397365881180107,0.6166657595034807,0.6172865344873384,0.7477379738870472,0.6766018389453192,0.7138867908542023,0.7070616099278043,0.7463197104579071,0.6710189748338877
0.3792216822957876,0.6303143668948745,0.7495100656763054,0.602967901973698,0.6526863202898762,0.6924007808569864,0.7306973500990847,0.7314336944522408,0.7107030458254858,0.7217696415928172,0.7643098984162652
0.3750904069402372,0.5998783441188622,0.771586761534272,0.631919332501432,0.7201980772882123,0.7318401727935786,0.7292853545253619,0.7250694656227044,0.7108503569585922,0.7691683328654619,0.6736165098019006
0.35951985727686747,0.6583169604608667,0.7508806327693369,0.6172244311369165,0.727254001420037,0.7693459092087298,0.6583006544449819,0.7521800903549294,0.6982480159386879,0.7536761700892113,0.7286293162232877
0.3544593968078465,0.6401903984021566,0.7611507327623714,0.6640083152287892,0.7546896910700072,0.7057508083637176,0.6238497793346826,0.7513268169311308,0.6846898095920727,0.6899860969508874,0.6463747361530411
0.35369836438649904,0.6726776542222398,0.6424271332235402,0.6438330647675649,0.6723709903600771,0.7405913814294891,0.6518805486981786,0.7254211172954038,0.7182186362092331,0.6872541416212912,0.7117599357862566
0.38903326716595066,0.6592439080023091,0.662888114868829,0.6747860220974118,0.6830531116523177,0.7733059495514696,0.6808324337015058,0.7332881899354737,0.7177671238097195,0.7028938276234049,0.6963899819728728
0.3926839089923063,0.6201404151914733,0.6928186518615723,0.6443815433674164,0.6201104977412408,0.7267790596865902,0.7301091655783485,0.7214802820688725,0.7205862141401681,0.7050557040449359,0.7245894776362185
0.29813690792438474,0.6223922018909858,0.6878026501954423,0.6457960316935771,0.6387479154118716,0.665147309969635,0.6425955017232212,0.735902026026679,0.7229715229005272,0.7082096343013068,0.7219233113336662
0.3539562643722858,0.6997073982698625,0.7076961795130494,0.6359235146297851,0.6732475577880674,0.6761549683330086,0.6598510884251769,0.7775010578630506,0.6813002589484547,0.7483920931803043,0.7346432816784774
0.36508825821108626,0.6198797022730523,0.709900603071195,0.6514581008311753,0.7545816939710511,0.6528445367721956,0.5389080242228067,0.785310396601386,0.7032776484260417,0.7640818543679837,0.7737213092469475
0.38039738042979343,0.6556661532460637,0.7512046188300046,0.6192449716212161,0.7701045116328613,0.7059422314820454,0.6506095493450754,0.7163942838482524,0.714015373301929,0.7460387548901424,0.6622950989423607
0.4062961132350996,0.6910990580342513,0.7882885705580529,0.6597513738289658,0.6100814614965204,0.7560754927774131,0.6772904608221473,0.7405831578246711,0.651096009552116,0.7619768787978286,0.7138671159530129
0.418181131207912,0.6596088531244911,0.7243983794004731,0.6057529351017049,0.6476940418001337,0.7588515663913116,0.6736060414774211,0.6918604278580407,0.6656741232503411,0.7692148383558794,0.7535051340251524
0.39194373480869954,0.6309686061543696,0.7494949467357428,0.6170789326964924,0.7239730432976292,0.7214073340771984,0.7169743196850962,0.7328785332466586,0.7406506130160528,0.6765788021445451,0.6811126777916207
0.40395198248024866,0.5873070084011971,0.7283723286451591,0.6481718497642888,0.7420700057091794,0.6723351218907421,0.704741574503009,0.7206516031944513,0.6901936973861678,0.7058152650151035,0.7055112929740335
0.41997630953848203,0.5914508632620765,0.7617994875479674,0.6490767166612781,0.6508006354803484,0.6754581941062034,0.6726725238833093,0.7138638829951173,0.7318497759712539,0.6967140368110428,0.7763693349207214
0.37487550123769675,0.5681679923904617,0.7638828746744645,0.5683428293734696,0.6900441900586778,0.7070309189355698,0.6015609731484918,0.7211173841298284,0.698571748583298,0.7123370400919055,0.7250509404684148
0.38055479265966186,0.6225213968952079,0.7240709139637057,0.6020339570128403,0.6497769164449594,0.6743324341794378,0.6617213795218653,0.7545403503801591,0.7032203234258629,0.734133623067895,0.7473630866025021
0.43087573441331595,0.6620275698447156,0.7120203735858627,0.5767955207666865,0.6829073994014736,0.687017870767596,0.7515946947913815,0.7652990417138481,0.7400944918693919,0.7569180337120441,0.6939560738140212
0.4117489373006479,0.58469070008029,0.7578090881226196,0.6023645664880998,0.7118819679331387,0.7162993400576565,0.6936628702593303,0.7240798662827258,0.7426684519289142,0.6774023141207204,0.7562115470964317
0.42987708138346137,0.6157780387524284,0.8042084226585071,0.626951427554926,0.7165002987799796,0.7136301671994196,0.7496503318247087,0.7406162045749611,0.73150795252515,0.6809122990864858,0.6782386207104505
0.3597186883667688,0.6807192469995385,0.749270742053769,0.6433543767765508,0.6706578985452583,0.7374136717643628,0.691544738799256,0.7301936850129408,0.7393097604688375,0.7151544997863789,0.7110224057220028
0.30792574207390305,0.6843101926172221,0.7221672478315507,0.66863114836624,0.685961183303367,0.754339127803819,0.7083770727021381,0.7700561173002397,0.7593870155229496,0.7276208629429997,0.7530785709691472
0.38407209831140066,0.6815970136800085,0.7344963084109134,0.633935320244007,0.604649549578835,0.7579812787168521,0.5890788419526557,0.7946848589827142,0.7054848711599117,0.7047214510633009,0.7394857896021484
0.35261055610851644,0.7260559859733068,0.7473850190362274,0.6369750953730515,0.6740324694057159,0.7234619236755465,0.6367040408889293,0.7115336404680359,0.7119998333372903,0.7230423674510515,0.6586616685758028
0.3631076947842527,0.6611721773263488,0.6583366195137771,0.6483051996150303,0.7167867882630815,0.7524836561017529,0.6948795173959769,0.7252883893941324,0.736461710758642,0.7263396879297335,0.7022932169914267
0.3487254056928105,0.6612699963843256,0.6970235940932209,0.5843202174299005,0.7291451722291941,0.7863083651966518,0.575301432390802,0.7576492984566068,0.7379106095091041,0.7359317944516727,0.7026209572315361
0.37647422830080257,0.6401815547893993,0.7578928500433948,0.6844857956180272,0.7313615054305662,0.8010777889857048,0.6247981614558541,0.7624238237955814,0.6995242244147242,0.7357474212267993,0.7404344789712307
0.3795394389440151,0.6687095636536401,0.731152606101959,0.7050961742174504,0.6255401197406009,0.7257186214413238,0.6598047299310394,0.7331078382587765,0.6822756131749599,0.7436528318018485,0.7401999427350661
0.343066674834299,0.609889273652908,0.6956463808648973,0.6611341894654514,0.6738411987711055,0.7704994441283144,0.689315981173318,0.7203811759333941,0.6848080519002291,0.7259402953094065,0.6369122111032338
0.37368827472051436,0.6144840464723931,0.7177911234066349,0.6649413872279704,0.6958863664566867,0.7536426559819233,0.6846070597524103,0.7500515401708502,0.6702487997871605,0.6340094067237172,0.6982262583680807
0.31022326823972063,0.6396824853314353,0.6296965177160087,0.6238482312790873,0.7090621841348885,0.7598978775415653,0.7155284055551555,0.7567966435992847,0.6961645660902256,0.7063954285634996,0.7036516666278978
0.3248187488696558,0.6700308760899083,0.6924852023827932,0.5433371075616712,0.7628590186814402,0.7417828209599399,0.6634973340363514,0.7621668674873477,0.7189060125281904,0.7064601721425801,0.7175702557978927
0.3708256377321928,0.6055024308615777,0.7071782551962644,0.5696301021395798,0.6860081999637504,0.7583007637030303,0.7325743825796895,0.7385276151049511,0.702563469753599,0.7101310557364346,0.7457315669380684
0.37571261326472266,0.6058388672895401,0.742980371211598,0.5744343710897245,0.7200997113030312,0.767207006586349,0.609419074500108,0.7772898332663394,0.6895416131781652,0.729539537652645,0.766393867594457
0.4186134853964149,0.6728449284522218,0.729791480764356,0.5804107790927253,0.6555727833415268,0.7509916866869453,0.6556407345271874,0.7205956634383528,0.6628057493208687,0.7458592695799614,0.7398171894877873
0.33280135395317756,0.6925101528520385,0.7351306671752544,0.6031757615877497,0.6792110229001103,0.7210903519368067,0.7005604256512575,0.742889167582935,0.6692225251825096,0.6991558082137834,0.7294624750949683
0.35345619431914505,0.6675119986558588,0.6714168611076625,0.6422012419500165,0.7244838616884288,0.5420567302485415,0.7104304974903612,0.7369195188779922,0.691510528730081,0.7102642248023774,0.6986772697327388
0.3394552477408964,0.602096673422517,0.7009454162575921,0.6473498561075077,0.7361393464444047,0.6282197559807132,0.7557974248011088,0.7828069837949758,0.7102038333453002,0.6934579848913729,0.6963242103220452
0.39568559245213386,0.6379559536198629,0.774895324748724,0.5776371207398455,0.6975195524300576,0.630402610057433,0.6932598232475674,0.7332073452511804,0.7122615638334661,0.6826241081505134,0.7431322669674484
0.3941891382002206,0.6406186650845584,0.7813716396638006,0.5923927387612498,0.7472453035349036,0.6997989895323418,0.6934689313220518,0.7217427690727213,0.7174884320375818,0.7239919845227092,0.6624544047692356
0.29737440182020675,0.6691943971160776,0.7402083402929974,0.6045674982768976,0.7016831194345655,0.7363538074523825,0.7096231344597318,0.7335392418804084,0.6536880662203798,0.6661068769804148,0.7218759130545283
0.2908184714412293,0.6930218129453176,0.7033515863868793,0.6205760902878429,0.7035262176621562,0.7476753524718105,0.712428352742752,0.7642803816486707,0.6818503845447202,0.642014333141085,0.7366984062665314
0.34551526832208607,0.635248367960133,0.7820706601023983,0.6572685455524958,0.6836554391675647,0.7370266647641222,0.714480012245743,0.733982266857638,0.7189497455094378,0.6592040730220332,0.7212808888862521
0.3879821024726078,0.6500993397787393,0.6475520606078222,0.5898925674309892,0.6333859749562507,0.7442864273586752,0.734440448084883,0.7717767605768642,0.7070028001331754,0.7155929869151059,0.6947906377574148
0.3744250676753109,0.699839881615919,0.7126190218709445,0.6271916414359777,0.6893492765033722,0.7432137473484283,0.7418114779776579,0.7749727948494838,0.7364519661451452,0.7252928606042668,0.752248288787515
0.3271479650706084,0.613436682367895,0.7399904323258235,0.6010146410580753,0.6648778249745851,0.7600568191264814,0.7545183215047362,0.7981192424988635,0.7306618214054902,0.7521862864898637,0.6844788049386237
0.36123288961854333,0.616018576967559,0.6403226091994693,0.622501911434543,0.6972050207586382,0.7759011978648245,0.7238449568501218,0.782130142301236,0.7502866588291672,0.6869711642669785,0.7207455725975109
0.3645067539049532,0.6492817316204148,0.711141662487602,0.642084138138725,0.6023613277182682,0.7658618791943272,0.6582348448468667,0.7671583208591307,0.74852868558105,0.7216013325668209,0.724242719479077
0.3033250029122326,0.6749197349568321,0.730901782472207,0.6387889444550707,0.6624789508315598,0.695242730230275,0.6638603440756754,0.7149820902680534,0.771980808282709,0.7345915743116307,0.7227138707771162
0.34848194974408997,0.6824441231853093,0.7283800261627238,0.6477339719145263,0.7014936220263828,0.7044696435493831,0.6998101347340321,0.7500642277614491,0.7480916044761289,0.7297893906266134,0.6870584231399248
0.40061468832716873,0.6406823789204044,0.7285417638104219,0.6692548512839953,0.704226193533332,0.7222629102510483,0.7577078906167733,0.7490842939357174,0.7442909685506348,0.6873466631248085,0.7183678768026874
0.3965646278284211,0.6703671820982378,0.7302494040725551,0.6654925670237574,0.742710589790376,0.6903544075360553,0.6214760396039183,0.7429570757072661,0.7447499984460462,0.6511544249788265,0.740667053244717
0.401086211318214,0.5093496450967598,0.7119421305717261,0.6221144409034397,0.7423423187999186,0.7122199862941149,0.6220341893992896,0.7604849465143919,0.713178067330563,0.691105289139717,0.7399258678280423
0.3365832661650226,0.5747622822207681,0.7133360577088494,0.5766334208169066,0.7596856810712478,0.6894928332239996,0.655451673093588,0.6907450664036907,0.7410294601863805,0.6955185861823374,0.7470310810888836
0.30143419250595366,0.6158931247022186,0.7410179028568059,0.6009236039674155,0.7538386672029638,0.725251826066992,0.6679750948479227,0.668905117451406,0.7482575626226142,0.7128765504230308,0.7712797074480066
0.342116949592289,0.6423708000209467,0.7461744606103777,0.6698848200333312,0.7641822706409381,0.7507717101213822,0.6784788153528793,0.7293416904648437,0.7650270089497917,0.7218608607640529,0.7388310986491794
0.3981171571413607,0.6511826415432536,0.7079637318854485,0.6903506898351095,0.6952466051661418,0.7521355934672704,0.7084994393179234,0.7502071946561129,0.6902053541785867,0.7394784746642513,0.8046664261945391
0.3924132606412172,0.6782632685204383,0.7656332309403002,0.6665934031727255,0.6633090382235006,0.7590150654962298,0.662904291354983,0.7550110433707287,0.7221737427418613,0.7651562176204794,0.7478318384357451
0.3761492294520969,0.6914483883857236,0.7583667236967387,0.604304134686317,0.7396226825288827,0.7724377971380417,0.6526280220526646,0.7475841990211003,0.7276787075381856,0.7585006536017841,0.6888187979139989
0.34675466679051314,0.7008400924893496,0.6957921637056547,0.6257334617679193,0.6034819744786822,0.7668108281898899,0.7131022048963404,0.7560333289426124,0.6328194781401177,0.7139160555936054,0.7033449430533579
0.32889791035760785,0.6973166266864548,0.727225701815348,0.6695828661843746,0.6572885738850611,0.7132495217561989,0.6913900713601636,0.7862147514398492,0.6427891673937154,0.7407261283488609,0.73825541742967
0.3382631156292182,0.6341652046477364,0.7559124288832451,0.5615944108523105,0.6689947276946968,0.771419337531049,0.6890621574600372,0.7037331633056928,0.6960517552722696,0.71357773289141,0.7175877431668177
0.372548344667361,0.6865664362252866,0.7249000334462428,0.6034438368987985,0.7396945258498777,0.6786436189648088,0.6351219778334223,0.7304992983679872,0.7042091699478212,0.7232142302775466,0.7398684989822579
0.36591565033033696,0.5530138006468571,0.7614225023840107,0.6170484077970096,0.7752011731537685,0.7396410040228139,0.6583736319648036,0.7692209867682092,0.7095017163448356,0.709177756524835,0.7419710500591095
0.39878934223054635,0.5857227178618429,0.775323604413334,0.6169818128880717,0.6521568647260639,0.7779937561759769,0.709660392903614,0.7769360998432874,0.7457135157501573,0.7115678658219402,0.6490861163207702
0.31824204666975237,0.6766816266420422,0.6653068384180504,0.6387646288681119,0.6816997610632274,0.7242103905157619,0.6153896641235965,0.7508497512101788,0.7397549230632228,0.733039537133082,0.6767918698759499
0.3862594874272877,0.6874734541882828,0.716243370134949,0.5605890261781356,0.6100352774244621,0.7443380293151396,0.6804797637242151,0.7519792135456035,0.6987425924428485,0.7365187583390455,0.7320459889567084
0.37236769501647554,0.6370425817046292,0.7333862623069265,0.5905591939142883,0.6215521039008967,0.7231325551942489,0.700800386919431,0.7896511423325905,0.6744330856973326,0.7004766320548791,0.6913758765500845
0.35027122347516354,0.6779962044401296,0.6510706688913054,0.5875238983478925,0.6705450994651654,0.7529566279016132,0.7177547501692559,0.6890629284054935,0.6956373224164925,0.7348801499680315,0.7058589649083049
0.39194847138936795,0.6934199085255095,0.6815921050632884,0.5942982654041442,0.7209588700523297,0.7268639477217845,0.7119148747956552,0.7265975380379273,0.6975720141594104,0.7202800182224718,0.7112684933395941
0.33208086863726405,0.6373481210429945,0.7322083699035441,0.6252048270739766,0.7141935329067987,0.7447078382064667,0.7134216930492896,0.7355574663169625,0.7063288145099189,0.7198680005877381,0.6738627718108479
0.35427860662026467,0.6168525489094212,0.7599080319016251,0.6226840262093529,0.6484884779612777,0.7611544541775932,0.7208886064167436,0.7089422120489811,0.7215057926210167,0.639094422093047,0.7468672065057733
0.41290932890849597,0.6267220557310955,0.6957187322273277,0.6048634357813787,0.680862399109524,0.7913289030513158,0.6371939772201761,0.7499434287887041,0.7331719056576075,0.7204151570284584,0.7448312951418119
0.41071154485638467,0.6873889469069716,0.7164328730234937,0.6113001503528043,0.7115555926189379,0.7129708002429558,0.7171491126273637,0.7365763374091717,0.6976083471888312,0.6430949091214194,0.7572663840213582
0.3808924207788322,0.4879963994679024,0.6613728540292274,0.6487196209606018,0.7274964238075414,0.7518619125149189,0.6828589402208066,0.7778139525627128,0.7024373176535079,0.65758351398242,0.7656821693388636
0.3829870510941473,0.5830460280287219,0.6897216704075808,0.6041582292492578,0.7652731938602788,0.7512070584976552,0.7057803608898539,0.7198864638347473,0.7184801188763075,0.7232762220100132,0.7294926662898044
0.4029240820319644,0.6525385748519928,0.70629848676663,0.5983424475789024,0.707693924317908,0.7891888955678972,0.7170546782789804,0.7423224525598768,0.652101016290058,0.7381254208769381,0.7339279393962608
0.42023067673667286,0.640527548146807,0.7193437835326859,0.6343282399976766,0.7445300731469211,0.7376201586339187,0.7324458724700548,0.7326804353865096,0.6858484331647681,0.6379486168037181,0.7062595517676928
0.35534728341795024,0.6712115716421232,0.7298109905266983,0.5978483139265247,0.7709896377251559,0.6958398274554795,0.6451216476926722,0.7423543261434559,0.7032821678176908,0.7060944685312106,0.6831356298590023
0.3422238700913014,0.6046815378045437,0.7350225029671581,0.5916983394890538,0.6707534266014865,0.7088498107548825,0.6643671095024897,0.7202176806102103,0.7358215448225975,0.6958936293911828,0.7144101693740486
0.3759087356556573,0.6530979076197279,0.6955781229485637,0.6143635003670662,0.7140018903540014,0.7414617344825795,0.6927744117052999,0.7431143414516768,0.75093865732923,0.7260315581682033,0.6687940577366639
0.3780659156078167,0.668152217274421,0.7044526552960791,0.6355798760506173,0.6837957783614458,0.6302649862675171,0.6869473953393259,0.7489019648156579,0.7252151334554461,0.7386737923475265,0.7090039503670489
0.3939033759259179,0.631120417365511,0.7434294903299467,0.6391702651155802,0.7030782939143437,0.7100261181840692,0.700054315407745,0.6844702728822013,0.6728917017242444,0.6955177781323979,0.7492603308665411
0.43629980630044085,0.609881139074445,0.7766476066665602,0.6167181636298428,0.6877666323496948,0.7176069947348342,0.6770705627144473,0.7429952978625232,0.676397598842466,0.7095463368367785,0.7318084738977434
0.4175522248098779,0.5900572426859498,0.6998851447107391,0.632478426618291,0.7146531813500558,0.7557639986474298,0.6921155155285006,0.7376791858361444,0.68712679376963,0.7188892036718797,0.7591953536766674
0.425969622194986,0.659219087360222,0.7442790457651636,0.6597164886449227,0.7355492450321293,0.7650100441820833,0.6938736432689762,0.7473804170186686,0.7123848134942588,0.6984234949504337,0.767062180340486
0.40336428362503063,0.6912591030196484,0.6723404395999426,0.6654299547255129,0.7050735525939202,0.7487233675626361,0.7522798634321086,0.7789609949009941,0.7301030309633769,0.7046396634308579,0.6397535330972478
0.3791163291994644,0.6381643564212959,0.6459002587126388,0.6503329609526466,0.7625095884513651,0.6951545431535667,0.7344188435244319,0.7238443330802461,0.7463093898594009,0.6989301152595989,0.6980625900998774
0.3219499730649119,0.6556320249692638,0.6761356832474594,0.6244858622091809,0.6672841928183643,0.7393142796758396,0.7020574302614601,0.7545567014481651,0.6930160982039887,0.7463192720478073,0.7394628686652625
0.34924708739410293,0.6947878600401867,0.7478482026586566,0.6729498213990218,0.6794043610478285,0.7571266484841609,0.7129136646102925,0.7693665611209508,0.7559720902977021,0.7477536458006088,0.5722673780945041
0.3829832218011201,0.6626368034460625,0.753321878166021,0.6940526974306215,0.6933800969901408,0.7870670124124581,0.5897941066547754,0.7952865692658069,0.7413309648726145,0.6928560671560887,0.6466847803669777
0.3933425386420285,0.6541197555492565,0.6652089115985761,0.563076515952819,0.735356653494859,0.6806037630361395,0.6117538770408888,0.8051755949880286,0.6693007933882772,0.7326905218701485,0.7079972968059609
0.37099952381697904,0.6208979536331097,0.7025190017957005,0.6178887802503203,0.62412004288637,0.7092026170850363,0.6862942919786694,0.730466281747247,0.7236364283591254,0.728379478810241,0.7116250065082486
0.3972085107022747,0.5371777107140873,0.7295251401896924,0.6337309643315759,0.6774722975927027,0.7593926645195721,0.6115197556020099,0.7147465111034949,0.7144086289235837,0.7425816133592884,0.7366817750417294
0.39743641293578064,0.5792195110240435,0.6824593568870344,0.5574638126781035,0.7126995760986711,0.7253947240389819,0.6658203077102284,0.7678708067190445,0.7151764704128359,0.7299038747440982,0.7513716890186841
0.3249334869247626,0.5974463369844845,0.7224683240408432,0.5429325804342201,0.7018800364953596,0.7403983084758301,0.6676252147075915,0.7914415710361475,0.7487589168307891,0.7323558900888911,0.7525541983144051
0.3735966029861343,0.5515577140561758,0.7316068854363713,0.5747525103516363,0.7000624034711949,0.7488821994399123,0.6783390575216588,0.7896535303568516,0.7627947961073596,0.7369120666702902,0.7501914826332821
0.4193953286640487,0.5900039937744981,0.6821793591847137,0.6361619828348997,0.7557763016886174,0.7269081902731681,0.7129091481095424,0.7709216913310415,0.7243036918811985,0.686392077416009,0.7762193314959098
0.39256329202798307,0.5444461314782413,0.7053071125658488,0.6545066826936483,0.7118343356950408,0.7441070133484295,0.6458405053591194,0.7811493655785369,0.6234595296440237,0.7193951805463425,0.7272663017921964
0.40015827994232356,0.6017645087399062,0.7121331766636743,0.6368341631590017,0.7083001032331661,0.6293312391499495,0.692525146348869,0.7134271724986122,0.6463740275517957,0.7420027240774938,0.7673028218128799
0.42410510408279256,0.6125122874684181,0.7012115114266262,0.5275840045843,0.7155156059605992,0.6829079897389749,0.7148694661500841,0.7431239938508055,0.694937149085763,0.7435044947442755,0.7305222630939023
0.4396731470351889,0.6116052486916237,0.7116763867528213,0.5754812026266907,0.7476399497813314,0.7114820668114261,0.7235853465601823,0.7560672682600542,0.7470545698322384,0.7427227888137218,0.6577055478982229
0.3659593095722354,0.6419400515489044,0.7545169357962913,0.6126709168157984,0.7361577065362698,0.7326341226240918,0.6872560415951154,0.7421903033573722,0.7091170804164568,0.6811344739442856,0.6933315700040443
0.33643630878741554,0.7172619561076166,0.7558898803315368,0.6173358958907231,0.762398255010876,0.7773268980753996,0.7136132931501419,0.757640886446393,0.7231894222473868,0.7373616096445639,0.7030194378358343
0.3751107809916297,0.7132339483479823,0.7270344491515996,0.5858293292095634,0.6065654061234118,0.7077293121000963,0.7465781496315165,0.7814941091803475,0.7476036930459802,0.7028150196096604,0.7360979994716312
0.4131394936996229,0.7230221966579558,0.7445408624693777,0.5868973227243411,0.64856520172239,0.7209847306647383,0.7473103330191317,0.794445994314904,0.7058907081893125,0.6913263130024975,0.7588038530674062
0.4500573337291618,0.744086505223823,0.7252579824813453,0.5688669856525383,0.6589563483570547,0.7652254217061674,0.7429824285982948,0.7855999762849799,0.6364229819283921,0.7045568310790624,0.7584133102540279
0.4288375887085134,0.7399199148766011,0.6444264537771414,0.5398523617590821,0.6780650402295613,0.7344604500419414,0.7239764054509037,0.7161537272767788,0.6672640256032031,0.7335371133460791,0.7352352080420758
0.45315969492625047,0.670448277226713,0.7329983741039154,0.48397232061324136,0.6983590408891704,0.7502283934050709,0.7090474406734356,0.7294411726744019,0.7079876316537529,0.7315260664204221,0.7385316302440996
0.45877100288781214,0.6753876977192628,0.7458521088784583,0.5683712066898501,0.6744947620320091,0.7507783493433127,0.6971880344679284,0.7443963865958184,0.7153373983417045,0.7301149254476311,0.684683143185284
0.43124722357202044,0.6756407845303845,0.7623485878887775,0.5453591608309395,0.6889998157807045,0.7087145755731512,0.7101876515602015,0.7113194607475037,0.7444119538190725,0.72071795369808,0.7208238739719868
0.37082345124349125,0.5406675074571096,0.6464602937167819,0.6015500800305658,0.6914202315356928,0.7372199622244101,0.6839587238397962,0.7208674214114114,0.7181803259361133,0.736700460184354,0.796077582516337
0.4226162439597798,0.5893061681733776,0.7155831083949793,0.5551007895616594,0.7222253706056558,0.7606919162861124,0.6468932132362524,0.7076540800147214,0.743342749750558,0.7235088622651984,0.7956312743902475
0.4398683306951609,0.6721511723282916,0.7753233071806089,0.6101292895493273,0.704518323275164,0.7571345183990823,0.6714562535232296,0.7220672070464655,0.6838615724118072,0.7134905782725033,0.7740389983696114
0.3306964740670218,0.6810714178993799,0.7564030859066576,0.6404442631657338,0.6881260374540664,0.7301151952514026,0.6886391513787853,0.7508040912994955,0.729994471038856,0.7173795061915087,0.6959049391074575
0.35014372644878383,0.6415921600126668,0.7761255870939954,0.5625897892388585,0.7038625115294986,0.7592047087852865,0.721277819377158,0.7553223910586193,0.7346371023484037,0.6157372851049877,0.6282456921651506
0.41748964311486736,0.6473274952515715,0.7130107747606182,0.5914319511337098,0.7133267782788282,0.7672108654476033,0.7585732212638854,0.7740279065508635,0.7220117929870643,0.6973834957484761,0.6909358555403708
0.42466631943393274,0.6474834796659733,0.7157742507457925,0.6399256954309299,0.6639053131457888,0.778652649812825,0.7842619674354914,0.7076178192900943,0.735592679055088,0.7202470386785438,0.7297306762358557
0.4090985446507407,0.5588008758849591,0.7310285586223818,0.6145941116331731,0.5894462947177785,0.7822350126193562,0.7090094065507244,0.7540164728063379,0.711342422830966,0.7549775260254479,0.7863283634344745
0.3620144636607284,0.601860505100676,0.7415624414597832,0.5911067389983837,0.6476678558795566,0.6401119274525168,0.7436381974332468,0.7264330475782699,0.6289149128276976,0.7303272665898062,0.7913902320756324
0.37254485847423235,0.605115463293659,0.6362348926260448,0.6396697317271083,0.6661276540174914,0.6762774320641239,0.7083780256913097,0.7535685813885418,0.7109799569980103,0.7357582746501006,0.7963206577164295
0.41096254268214494,0.57626844118403,0.7082276742447235,0.49119957765083294,0.6782399958731147,0.6932718451683482,0.6987869861904312,0.7684968000183803,0.6591094096374399,0.7266481661803903,0.773012982520068
0.42326630030392043,0.5996866484989691,0.7331437284956128,0.553677679914546,0.7389037991894316,0.7055051399413865,0.7077092941903411,0.7578974715208617,0.7016292310232011,0.7051495371939187,0.7238374935602557
0.399998772304359,0.6493255896688677,0.7595180669005874,0.5917598086722975,0.7434361203767765,0.7342150495123974,0.7492794664034965,0.7696907543680594,0.7081469916422549,0.7516089121239979,0.7523432653267381
0.2603354206250693,0.5756374605990666,0.5950046547606203,0.5911337556350255,0.6540292929368213,0.7341721393403303,0.6754354029502967,0.6618817464195417,0.7546031978117818,0.6721201270548748,0.7527921568008651
0.33791881566733734,0.6033052139386945,0.6158026930204068,0.6078679502722204,0.6971804681589022,0.7300280744370915,0.7111084720869173,0.7323335227189273,0.747521246592408,0.7388045643457906,0.6894758772198752
0.3968406958708063,0.6178877058477082,0.6794114867531493,0.6210060602310499,0.7312678414451728,0.7456806542571415,0.7388710187882348,0.7155397780658126,0.6739126462988742,0.7185418180895443,0.7089477010280995
0.4170459783498488,0.6051503318448123,0.7287087403163935,0.6360103546488304,0.6481882975302298,0.750408965487703,0.692529103687762,0.7596773893364919,0.6900996108324902,0.7617456194166291,0.7434646614873227
0.3784533247858774,0.6133674614405509,0.7539730447674202,0.6133971031028863,0.7044204967248765,0.6379459550676492,0.7267160123855856,0.7722426237561486,0.6735706737453051,0.7319091942110991,0.6879246987564437
0.4210158237297855,0.5910114829480565,0.7587212355801998,0.6349929063057964,0.7311130805231649,0.662388153572629,0.7629084785514854,0.7934556656666615,0.6704439177673647,0.7375971943984192,0.738168716634312
0.3869161477866432,0.6266485830366133,0.7615500556292496,0.5980958959899015,0.7149582098520887,0.7005526013747183,0.7231644018717256,0.7146154327908836,0.7382501332996771,0.6976663656895259,0.7574185546741785
0.4053211303384292,0.6609007531633677,0.7623916016863329,0.636535022112181,0.7151218247816529,0.7050421438205277,0.7439202867783528,0.7617078207686494,0.7161492187161491,0.6808782417813553,0.7214405749669346
0.4370914156283554,0.6401400423687351,0.7429935602024483,0.5992167859685252,0.6877543333268786,0.6956614241408411,0.7266579873562267,0.7513606309309292,0.7418044807238104,0.7113015814769641,0.7516233025382172
0.43569432304460026,0.6711536367438327,0.6577372953154903,0.6021976854138786,0.6907909787572553,0.6196143328343302,0.7368909066772402,0.6915602882612254,0.7520662667074525,0.7126974696259977,0.7617951442371487
0.463684016629117,0.6071024886040511,0.6792857983902256,0.5917358952272569,0.7322078406996723,0.6308468183051914,0.736967202479933,0.7157632459084518,0.7232659465766235,0.7339351882188991,0.7646250257370764
0.33095959337084363,0.566871606891208,0.7165364569448656,0.6051630959824915,0.7188262329677398,0.643834709554761,0.7424484719469224,0.7440203517146133,0.6722081396104429,0.7265236859406108,0.7004269095695986
0.3867567456643394,0.579484305229418,0.7500812689376115,0.48734843815605733,0.7157606042989751,0.7072423672300698,0.7177024041808098,0.7629387974137407,0.6952359625623181,0.7053288362517699,0.6700916608720482
0.43228641215801306,0.5860374728083875,0.7962757732339164,0.5322574573031695,0.6089198960125468,0.6784697297311895,0.7199036861659691,0.7535189813305748,0.7250041810045671,0.6898348609083214,0.6822386612633475
0.3496117051575636,0.5738042800332357,0.7772364601120912,0.4979476859394868,0.6562903936731008,0.7288036775041535,0.7105555985460092,0.780544843315846,0.7360985043008617,0.6972891418924356,0.7345633179333533
0.3541931076480892,0.612820672779679,0.7595023976971195,0.5803092102408365,0.6318579794988459,0.7835783137104579,0.6924965731284313,0.6987345761419324,0.7393008748720118,0.6766925176483493,0.7708712104949849
0.38803350183732777,0.6156628883556423,0.7795835272824094,0.6099016659669492,0.7309861893373102,0.6633800135926373,0.7269335288403838,0.7452014603906387,0.7622037720438569,0.6823134926535299,0.740285296216532
0.3799660965486992,0.564024721122815,0.7878573213123352,0.5929574324648818,0.6900188130252417,0.72118562538104,0.7280530741308479,0.7048412032501548,0.6633550034832426,0.6976666045836724,0.6600772767753823
0.4294898984741085,0.6113854157212213,0.7389513605240157,0.5968352109316664,0.7293010873890209,0.7240479936767503,0.6457860847732133,0.7085413439241687,0.6608305684162816,0.7304550250330455,0.7186550845094573
0.44671225367151457,0.6188535105390958,0.750182128234951,0.6050490356756322,0.7325948820660373,0.713738346693918,0.6540513981978142,0.7250651708230028,0.6945586956842518,0.7578365308122113,0.7034173959873947
0.4768808059669796,0.5999346370662032,0.6706136696764071,0.6457643873833052,0.6989338814541313,0.7349148596771531,0.7228922437400012,0.7436631432313772,0.698713990062402,0.7648381631952411,0.6726084744601454
0.42884016400290487,0.5887049428839847,0.7306146875352195,0.5702641361372376,0.6869221292720318,0.770765119599446,0.7484999362887075,0.7302894000185117,0.6625679489684331,0.7436193756996085,0.6342015341907206
0.44715176798559103,0.6062406224926159,0.7942411271251619,0.5245651569830526,0.6540963413250142,0.6205638168304022,0.75673495922694,0.7325722702975805,0.6672383261615702,0.7417715970521713,0.7203153696772919
0.4367643307310554,0.583096332301971,0.7784518097950871,0.5722793896481564,0.6729374550456759,0.6526226355049731,0.6656296758088709,0.7444386438012299,0.7100501180510725,0.7020797674566756,0.7245486068873639
0.4315449299250225,0.5682425521674708,0.7855102568820622,0.5816825303245425,0.6862789331696202,0.6618354503292712,0.7188531663472031,0.7319226621946666,0.7298098280450139,0.6563035980817461,0.7172175603865217
0.4391917117476756,0.5995550440320352,0.6696535290537621,0.5043925912098417,0.6953768888388796,0.6889536439344707,0.7676417655482957,0.7608393804375571,0.7005937354188403,0.6822700787424403,0.648880063051342
0.4121759584427791,0.6512504533713885,0.7200614497484741,0.5545281075058844,0.7487004712621346,0.7098808152720268,0.6877146448061486,0.782640114684686,0.6643164760280876,0.6985073995151246,0.6802852580292866
0.41277241877804693,0.6645464802100445,0.7396575382058188,0.5667873834251901,0.6631885422869181,0.7322624276421403,0.7595605987228778,0.7478767206285274,0.6981765070808102,0.6654271289166256,0.7147333686156365
0.4125227334667879,0.6365353452628656,0.7881355412670122,0.5165096514167106,0.7222390005086203,0.7358176002809784,0.7144659520066796,0.6861888082496173,0.6867253062007561,0.7126893019921429,0.7131234746278454
0.4431155975639281,0.6519727912960978,0.733564207491421,0.5165783322951767,0.745987977307872,0.7038783081838381,0.752346279455143,0.703579742947749,0.6674965685086205,0.757038131804495,0.7509816099874402
0.4176407563705052,0.6195885404322011,0.7349925015984784,0.5795386419196418,0.7609971009898973,0.7147436554973647,0.7029478632882675,0.7402930556353366,0.7279996468264704,0.706785982684165,0.7893013364328987
0.42595025653872315,0.5759414427243358,0.759454733279251,0.5982768380704659,0.7131621252595316,0.7620211366913989,0.7466609840558159,0.7748269902530027,0.6943115177977925,0.7271363887190863,0.7434311348682774
0.4195107721351591,0.5999328752895956,0.7726089347493978,0.6049122289606905,0.6919537306970006,0.782292107402033,0.7681293966471305,0.7384888103203997,0.7309965493070942,0.6579836141705532,0.7532365780669834
0.27875310868969333,0.5998448166943887,0.7151010698419008,0.6214362194724616,0.699820576390888,0.6871507280992072,0.6593242466732132,0.7435806424431527,0.713714650572785,0.6759567700352664,0.6671011630783239
0.3464261528080681,0.617545522834295,0.6770676069418475,0.5896433401853945,0.7202777462677471,0.7385603172395092,0.691199289170219,0.745807130156796,0.7004261969292691,0.7030345735906456,0.7205899228051489
0.4294489084462265,0.62737470203198,0.7189937049182388,0.5981832845930976,0.6840111449227491,0.7764788468617915,0.7359001142579609,0.7834988025632381,0.6686836882680407,0.7389918355619429,0.6217594527226104
0.4119889598043794,0.6005886834965704,0.7265194167933067,0.6451480529440848,0.6808621776056795,0.7403161165348471,0.6664419220912497,0.7895674528551873,0.7006073686817951,0.747922071810345,0.6811917534711932
0.41972313417861806,0.6036186772956493,0.7558843182383195,0.6416855003177491,0.7392674404224822,0.6300471492274595,0.7454446790091996,0.7333106692388981,0.6871485955727942,0.7515774159132618,0.6542034406344993
0.4528807445542333,0.6325572846959491,0.7597909622896324,0.5649669203941342,0.7455171399649481,0.672930648852631,0.7215166784635709,0.7320394729441119,0.6974198799613273,0.71317861034209,0.6866359141830788
0.41842975024304374,0.6607042105170823,0.7485175460754367,0.5874567832592421,0.7646800303956593,0.6844519102400111,0.7653501477294594,0.7422105418402498,0.7048571083672839,0.654849021685192,0.708710225986397
0.4346658914517654,0.6161956193565998,0.6991233550168774,0.5640069808426725,0.7133203378643449,0.6096990792233585,0.6816338784782477,0.7698415642414942,0.6858875841763669,0.6884100326970763,0.7370924224765993
0.34935485138868816,0.6545499688499397,0.7624196508970845,0.6022724014586271,0.7099625416550832,0.6874260852366321,0.6321443273899333,0.7470687437624333,0.7152253287208332,0.7013701981351319,0.726117271596251
0.37087104628346246,0.6437299597820176,0.7809808298017038,0.51559508578668,0.7403768572674873,0.696438403639673,0.7285858568661717,0.730076166424651,0.6879682590206105,0.7379656686194427,0.7419841601741104
0.3805514265971182,0.5930465879170624,0.7849354339102201,0.5888891970510381,0.6417250343484985,0.7041942604166249,0.6738259937124885,0.7752872923661279,0.7194050262326686,0.7432332393518418,0.7639486242633384
0.414565872962014,0.6178738291803938,0.7342152775037594,0.6277961594165795,0.677705131801459,0.7355370420852714,0.6782242384021875,0.7910932477235579,0.6754603016297246,0.684861229181426,0.7687309336954085
0.4338613745527463,0.6486926842377307,0.7618904461179485,0.5658302196874944,0.5518933934354888,0.7134302560642538,0.6796496785326744,0.7944209187736806,0.6890545966775361,0.7066365484688151,0.745510874785983
0.44644265651320925,0.6498096856405944,0.7780315401660248,0.5947912857225373,0.6659329096450666,0.7478477905101333,0.722021086916659,0.7989330675484239,0.6431079224769184,0.7448795526015255,0.7459182699490448
0.41857457519378855,0.6392113611493669,0.7374896805029718,0.6272524663618606,0.7207609771592471,0.7630395025125685,0.6793748785153843,0.7419183436387775,0.7016056446217844,0.6928461765629855,0.7846386370585696
0.4244318274692914,0.6082641796706911,0.7516960052901002,0.5992394258523034,0.7160098114738079,0.7199635352562709,0.6978469080329888,0.7239361438617016,0.6762028388957415,0.6855965491916393,0.7996887609685038
0.3891475827948164,0.6085043038528684,0.7736871970250638,0.6042699285831804,0.7172944764513625,0.6980723117247765,0.7343274046260038,0.7516698123033546,0.7298287593576794,0.7189412113224376,0.7433184094983994
0.36694151973192773,0.5409210987291047,0.7438419730721899,0.5654727595028328,0.7476973083121603,0.7291521763269428,0.6693150287996398,0.7430806165916396,0.7460773057340782,0.7170895316356316,0.77429561019062
0.3768132180951883,0.5742430564032555,0.5488994065607093,0.577188920674957,0.6788440618256124,0.6889221742601268,0.6898548212602845,0.7226616405813423,0.7093563111043941,0.7179801146726373,0.7287096275437136
0.38900023358791025,0.6498243679687932,0.664554595335462,0.5816015710369247,0.7080442950952519,0.7356013567062906,0.6923510185963682,0.7310924655042712,0.7200211250524149,0.7521839834156289,0.7398908675642835
0.41462856843077134,0.6883176255160314,0.7220427738541438,0.5948472423915483,0.6556748511997667,0.7658437613157341,0.7267277535649257,0.7012257564687476,0.6728188867011202,0.6857454381515371,0.7533291513917917
0.4416508227463438,0.659384975737908,0.781574381831261,0.5934954731148941,0.6994079406584186,0.6296546598208507,0.7479322439495724,0.7701817612633219,0.6778744813050268,0.7285256903963366,0.7415348137112343
0.41796996621909827,0.7113753254525796,0.8036969418019863,0.5967487537491669,0.7228503036978384,0.6570637455701773,0.7607622130819507,0.765163987489686,0.6865930498303766,0.7390132534905649,0.7597904531377409
0.4184016303306779,0.692895285686923,0.7807887141338459,0.6483606504330929,0.6545267177807028,0.707861500205738,0.7145517165743479,0.776810816838662,0.7187408337723938,0.6503568687187012,0.7389124722542673
0.37767322912874385,0.6288110228811876,0.7685222123572415,0.6262642670811387,0.6429760880695126,0.7116259383980172,0.7396176447044811,0.7427053186226424,0.725321260955117,0.6871139115543861,0.6528974748857659
0.37950181140044204,0.6393173336327507,0.7321964244519558,0.6583282761170317,0.7087436207090061,0.6159288003788929,0.7059362822707922,0.7713411535969642,0.7442998881704641,0.6493282489832854,0.7381194581262764
0.39151214463877115,0.6985342084126526,0.7412911828532499,0.5775217321869828,0.7327292883116399,0.6549560475784098,0.7545818114480998,0.7766354478183706,0.7705239980439011,0.7086893081810433,0.6291867247624312
0.33613686411007726,0.7025838209897208,0.7432367968666809,0.5903259651021253,0.7568500015921399,0.6921261148015196,0.6827077156328137,0.7715880113694238,0.7578387928763096,0.6983890759290162,0.6994239729935805
0.4195898533370524,0.717142903363776,0.7797810361679374,0.6115398532839881,0.708221793951358,0.7067636731945777,0.7022280173644554,0.7821731137143524,0.6903969830845144,0.7046073835275224,0.6668772218957136
0.4321578368787469,0.7537698759039757,0.7123085005645192,0.6397474901461584,0.7286616188879607,0.7155464194667385,0.7149746650291835,0.7178300317906887,0.7032254668967786,0.7445363825998208,0.7257982211434518
0.42627464905209844,0.6855889103414945,0.7126850496049845,0.5139229248887164,0.7041177739954135,0.7480416060269188,0.7124218568019176,0.7258184429318169,0.7127501317762788,0.7503757657899031,0.7116661964142035
0.42639343921855066,0.6788695157187976,0.7549607945439853,0.5850529544320735,0.7331684108827379,0.7950305209269221,0.7127049887566954,0.7287025702119783,0.7397209917793225,0.7165610416958917,0.7629456947949154
0.3943323359085623,0.687542079121536,0.730073158145073,0.5742747904005944,0.6572554771851756,0.7702624423429919,0.6709070013577475,0.7085418747381923,0.7665913577860041,0.7114111595734894,0.7820221490705861
0.4307015347202545,0.7070314224195352,0.731395836320178,0.6010894196131278,0.6494628264781771,0.7402310484014467,0.6899173346856469,0.6812199320771176,0.724647985027996,0.7468181474187674,0.7685855633109945
0.43738625842987167,0.6817997287616689,0.7735371958504791,0.6048948805158799,0.6639279332612986,0.7656420311259885,0.7440615215964435,0.7030395614208419,0.7289404365164593,0.7739079870169713,0.7158947157540674
0.4041633490004276,0.7239725666795171,0.8025370238617504,0.621159814633848,0.7021876390129456,0.7949614875114589,0.705599680569365,0.7318413451683603,0.7509528119652036,0.6885399217877762,0.7180398172054159
0.28854110167102104,0.6410559098565044,0.6935510280990723,0.5601245356326943,0.7194387600303314,0.7723757357832329,0.7073648455144017,0.7419200163259754,0.7182660149084086,0.7197546772275079,0.6615140078554087
0.36398201235319083,0.5415869452324501,0.7505146426564886,0.5862046862269109,0.7294262128001858,0.7640041620332723,0.7360926113755153,0.702749235142849,0.6355710118405549,0.7350957754766076,0.7197734353524243
0.39344232897813103,0.604954421517301,0.7557259493671077,0.5985771540477448,0.6782914147702599,0.693072879334486,0.7363244547100949,0.7607486502178478,0.7101366966929981,0.6730590891463893,0.6449808066218996
0.40866844132031555,0.6682319638224337,0.7499715459038403,0.5925834003141349,0.6683767205266576,0.7021324604844921,0.7133770669818378,0.7275383384327513,0.6942998971079829,0.7185937980313466,0.6950601235594955
0.36616105819255207,0.6138142210468648,0.7306468912170163,0.602970915101238,0.7342801643666135,0.670665480146687,0.7266495991296382,0.738005992463718,0.7327280792304711,0.6537475343094938,0.6641284216722787
0.3924320470684143,0.5811733738230562,0.771332979492295,0.6105210138440833,0.6206338688709941,0.6791406592341924,0.7359020191064263,0.6843146920499033,0.7056065481798606,0.6981242145478125,0.6924909980071702
0.41903914119899466,0.6219584582284752,0.7788003255496857,0.6191544461225018,0.6635599349387419,0.699308783411152,0.7617074937440051,0.7539831871347284,0.6612627656284843,0.6781025125633763,0.6989439177340735
0.3400446580278061,0.5466083957195712,0.7508015204145613,0.6297639152039776,0.7066172886948905,0.7279125762682873,0.7289717898757464,0.6954284934096169,0.7491851665931577,0.662152996987729,0.671841179573905
0.38464311940586204,0.6323818749722463,0.7029584322580832,0.6521849816994225,0.6876081734228627,0.7547491099346602,0.6565960527443244,0.7176628603260351,0.6375930459259125,0.6704323290512746,0.6857804887432268
0.42219280076006904,0.6462134089889081,0.7453295761643832,0.6069201318157132,0.7476083963379849,0.7733756442444664,0.7051395837944638,0.769436684799695,0.6625379609326549,0.6741076096251928,0.7432258664153719
0.36438667067633473,0.6571522955490408,0.7256174781391168,0.5718103930357405,0.7623935141725373,0.6668104776318768,0.6885839943285192,0.7487473903375348,0.6759858672355784,0.6798861090382478,0.7558854062295688
0.3689729606913433,0.6279085401049885,0.6669991918160789,0.6320575190255141,0.7174126000342507,0.7301175894919462,0.7158200486793891,0.7605747317736764,0.7233462625543268,0.6965730111481692,0.7324291010644914
0.4315242909114614,0.6324086148531334,0.6741358832217499,0.6239614713316675,0.7519267466492203,0.6899210139985873,0.761077931818513,0.7332810812183294,0.6580648612183249,0.7109644917949773,0.7685171392846273
0.4254207584511758,0.6862169797181427,0.6704565317008383,0.641720447439692,0.7527036782660863,0.6993784284089768,0.6472934333507134,0.7501849185119859,0.677516219207253,0.7160023440112029,0.761460648803413
0.4508220969455436,0.6927212435239658,0.7210138699858615,0.5831341871436617,0.7303303078517795,0.6833753676569886,0.6650147835199693,0.7549602717455061,0.6908904521246304,0.7440713282285332,0.7116228288244508
0.4252377301242071,0.5899353295976892,0.7299907774883263,0.561277334478457,0.7396901336061422,0.7141692553632386,0.7312823905836632,0.7692112134850431,0.7025761156515128,0.757720418714873,0.6889465060342055
0.37190150191569044,0.6296750897521642,0.6923676572930393,0.5739147438426828,0.6993078683101664,0.6232468797217815,0.6937936093611119,0.7732552121801817,0.7223747007576056,0.7255089189008574,0.7101270285760064
0.4022671335012641,0.646490328048352,0.7309398164085629,0.5938258984195097,0.7158445313050245,0.6538654445593299,0.7270941413233851,0.7328646853688638,0.7443798296209662,0.6322692281433712,0.7511039233232342
0.42516492139502454,0.596746267989854,0.7262718761357989,0.605087959600973,0.729098799902357,0.6526837081402156,0.7310111899019021,0.7781280402308454,0.7422150714323539,0.6569050618726457,0.7591436084628611
0.4123022268312578,0.5378551126556562,0.7672597572436672,0.6069283771490235,0.7064511520026597,0.6881877708079613,0.7726660696016066,0.7679278909549372,0.7439076379838139,0.6743546612735388,0.7807859925209139
0.39797773291567085,0.5157819377287449,0.792250445417225,0.5916333776553901,0.6684753709076013,0.6910877297718157,0.7556273950876754,0.8045294918502032,0.7574591826520012,0.6828741204583708,0.7772265222076815
0.3978472710426436,0.52141094868791,0.6667152931875425,0.6177286620185141,0.6737995095168594,0.639157049978366,0.7149316574785236,0.7914133880455123,0.7587471842112519,0.7283098169611186,0.6847001598336641
0.33924395013338265,0.6368414780586402,0.7106022492967954,0.5681335815921462,0.7109392952808972,0.6916492023397203,0.7060387561124071,0.7948716595512079,0.7365190470212546,0.7325860513599094,0.6953969678900567
0.3360943327078432,0.6315072591234342,0.7552111643928127,0.6071429772530146,0.7271250995286818,0.717976618545046,0.715015763982141,0.7605942247895294,0.6427415710985545,0.7371759405202876,0.7168630764043724
0.405882518022718,0.597970525867431,0.6879321562778903,0.5734106998322324,0.7325433363380274,0.7031893946200821,0.7288561515066936,0.7645743732749902,0.6595505340658516,0.7058022311668432,0.7461812488592459
0.4571849710483589,0.5986249287460419,0.7061898587917965,0.6242546728645721,0.7530015727797109,0.7093689445187283,0.6795107210031228,0.7098552838042806,0.6850124529961132,0.7089280560224753,0.7334455023074548
0.465949927411323,0.6249007397477722,0.7386876179825159,0.585045395254013,0.7641741917950948,0.7447114249147906,0.7322362146336947,0.7587291649645204,0.6518839983122909,0.7171878804988152,0.7283614251921644
0.4371746333686438,0.5857428362170917,0.7546920920998439,0.5959845404926835,0.5915501459619391,0.6623646736824416,0.7149491300197967,0.76394257598754,0.6798648647655732,0.6754555661609565,0.7308454883822355
0.46499510444350534,0.555276251542182,0.7280404403739844,0.5759056085511193,0.6469418174295672,0.7146400515979261,0.703768180026704,0.7617334782730522,0.7285111181437387,0.7159568235733407,0.7675079236259077
0.46144400441956895,0.5980920470551384,0.7624756651672483,0.5390374935537435,0.6646162850926202,0.73035788220962,0.6941792903737376,0.737219265262006,0.7434469465896127,0.7648098902035068,0.6896689553854258
0.4432901027193332,0.6121295391198518,0.7272303594573608,0.5789250274947476,0.6742014824281801,0.758647294720846,0.6973032884774971,0.7780482931793591,0.7363067290349715,0.6961725624378228,0.7322002347237953
0.3550696187730514,0.6167716093565265,0.7106181164565942,0.6006491859987129,0.7112962124527661,0.7633470843792005,0.6448628139725968,0.7934129439752303,0.7379926111798161,0.7598560475434459,0.7050612399365187
0.36318057628877454,0.5733424488894305,0.7095235651778462,0.61762147367599,0.7022071918919094,0.7676300591765388,0.6710330594588891,0.7321851394082628,0.6702081370965177,0.6749923377036944,0.7660871936399143
0.39151770171163797,0.610731758255866,0.7570727459537887,0.6127130013829498,0.5833278036751357,0.6791332820670233,0.6717193588065605,0.7510926857956577,0.6776608237056438,0.6866362699322598,0.7469639270238718
0.360514554235167,0.4965362082443405,0.7937413205487899,0.6164297063752769,0.6448952028280823,0.7070342494540056,0.6991569980792864,0.7129235987479599,0.7251347100402836,0.5803891337206923,0.6826531530383207
0.3655251058995693,0.5392048908249152,0.7724324432574353,0.6256460195210651,0.689822361038555,0.7512113138194818,0.6962924680190914,0.7276377781425656,0.6764836448240353,0.6380427010138376,0.6723263760511007
0.39629748538594295,0.5691977069222468,0.783521035327392,0.6317814274318226,0.6581462750215408,0.7546324538078168,0.7420210779990025,0.7099381600755507,0.6783564801645454,0.6612770221202,0.6868189320653542
0.4408998401460366,0.6219816025204624,0.7198247926826751,0.6535507244712759,0.6773227252828125,0.7673109738439824,0.6793293272565921,0.7014828068091392,0.6480833508987524,0.7113207464646032,0.7544462217008201
0.38909967226087266,0.5834608752895556,0.776364026223342,0.6582468596630164,0.6986431484461328,0.7045230147323401,0.7460865089413986,0.7696102136061558,0.6760569215541092,0.7204863699927475,0.7695954475934961
0.4043577300397213,0.637109467105389,0.8129118975520342,0.6520582078816956,0.7200815474998395,0.7202598063634099,0.7693965844686352,0.7481696582452694,0.6681758117954736,0.7195875608780143,0.8052513380712729
0.4383746487270362,0.6428987843186745,0.8004636392854025,0.6410325758513675,0.7629983674505247,0.7524176206427411,0.7026685034669121,0.764533295505183,0.6535228169928975,0.6735331988118125,0.795330327699319
0.42710419050705073,0.6338175389768991,0.7204604345872775,0.5840328793382931,0.7915296796609932,0.7175278965989373,0.7242570280668261,0.7873998386279948,0.7152030549391946,0.6570868198483032,0.7519082055367202
0.40976409261657437,0.691239413590887,0.704276839978174,0.5865498901592991,0.6504077796579828,0.7453050416773573,0.7424821225487792,0.7774521204536666,0.7353103496445332,0.6854257268408822,0.6737486360067124
0.4629014330960055,0.6676999485462362,0.7364250741773319,0.5585843028665187,0.7196677833139864,0.7352264014515407,0.7789662593615978,0.7574480552800685,0.7204300197554951,0.7276331081793941,0.7364038065066173
0.4165456174015337,0.626046600150218,0.6678613753206716,0.5840532278753838,0.7419587988894951,0.743717248118041,0.7305339329583267,0.7647516702120611,0.6952035703946343,0.6999356555151598,0.7537891448587362
0.2992869139972372,0.5879227743907073,0.699230185280947,0.5923162668573192,0.7562888286045176,0.75087557349012,0.6768705206249819,0.7876635589985971,0.7332518642666555,0.7041631176317198,0.7606206758874281
0.3668635881376116,0.5518066272077767,0.576525316330801,0.6245084202526274,0.6682927139207009,0.6999908991109887,0.7226849049276728,0.7449477071711379,0.7608609867695033,0.7338474682060468,0.7629948571168699
0.3351642970004148,0.5100791866186376,0.6540132996182637,0.550620083783738,0.6844324710024797,0.7370456844718669,0.7463030967743884,0.7539480311326003,0.7537210789987177,0.7120254181147156,0.6951462077125402
0.3726803895506266,0.6109878326599998,0.7193200448528012,0.5808211423972268,0.688333800198762,0.692323951840316,0.7009144214021988,0.7821335946075252,0.7205846994826647,0.7359127159748435,0.7636643073597351
0.40600835648533945,0.5624884875395041,0.7276836959724917,0.5997418052325982,0.7105398306286265,0.6997287265175658,0.7400036082139996,0.7569326569840841,0.7611538206785036,0.7027089437576285,0.6988121129601874
0.3163209557164246,0.6054743912773674,0.682082207000613,0.6089127868585318,0.7408542833845002,0.7138895822848181,0.7066154683247505,0.7578778599958511,0.6853890797985442,0.7054151409573683,0.7108087419293317
0.3724526595336439,0.6345865006425029,0.7589560484598549,0.6180018434594341,0.6857358077408636,0.7717704426193253,0.7215252046416094,0.7477408127181248,0.673712205359533,0.7167278532916558,0.7616203053209671
0.39749179157717385,0.6361093387767662,0.766038963873404,0.5974141344425827,0.6915230146957823,0.6675351508079322,0.7470533852579093,0.6839809859672169,0.7080478254177931,0.6951083714514641,0.7192732937710649
0.3797893812327463,0.6700591920417021,0.7220823032858134,0.6549016350625405,0.7160978920648987,0.670835286058725,0.7521311847172181,0.7251177068291709,0.7255703101499388,0.70784795085641,0.7636619310529269
0.3355838489223883,0.7042514716341917,0.7902877908555684,0.6895728375945791,0.6677149156856689,0.7120143506754127,0.6096964412120662,0.751751026272613,0.7145539758462709,0.7491928032340535,0.756014777638859
0.3936111993861534,0.5692351017614399,0.7583631325860619,0.6636265796540328,0.682035144563494,0.7297239134804034,0.6822031728536286,0.7558831197966812,0.7377371242443034,0.7739678470985742,0.7530929371305896
0.3827645763052449,0.6257467658204272,0.7931857979783878,0.6041106674883481,0.7041599362398046,0.7265297903896197,0.6946990860075641,0.7876570213346088,0.6426370137242388,0.685103867702135,0.7046848837795154
0.4395186373928861,0.6567736612804893,0.8052438970707531,0.6070677261528281,0.7212466698334412,0.7394303791765549,0.6745599444014989,0.739514303030978,0.6876827595463659,0.6956582571786618,0.7444595454504608
0.47792497095222797,0.5871406962541874,0.7303163675013576,0.5941034949060405,0.7395249941684683,0.7175208894629969,0.6873629789724416,0.7515214145023399,0.6875839696007788,0.692852917642569,0.7620252184455298
0.46754865407641455,0.6041736136341864,0.7332095729903816,0.6018308177969025,0.7553205110997783,0.7195710855613904,0.6242984042018804,0.7263096860801045,0.6739366361065697,0.7017745713726411,0.7783567521750459
0.3878285108592264,0.5695769418773797,0.7453303642228863,0.6052966390405399,0.7262900397621832,0.6933458342182901,0.6934667161151593,0.7175154257790688,0.6919907525777149,0.7116968981997924,0.727773346074812
0.385516415640157,0.5086540710180629,0.6567205422978822,0.6289189364580604,0.7058285363212193,0.7214635622578738,0.7237380505165965,0.689018346507754,0.7449554377318034,0.7436286710261706,0.7534848239695622
0.3905313497382071,0.5985345393917048,0.6604380623527286,0.603980469154239,0.6479863198326407,0.7475696977867357,0.7544687633135667,0.7413086871852118,0.7282608938742146,0.7039060736694086,0.7589838238622393
0.4516918864057823,0.6169361624678108,0.7315772687658666,0.5802351088205345,0.6848812706291106,0.7127200240492972,0.7571070189277582,0.7414375848781578,0.7312935960568012,0.5939144820093933,0.6593097075966988
0.43738213758453454,0.6113864239803979,0.7834842663022761,0.6338045594130443,0.7017033174235232,0.714204017937392,0.7313449707603253,0.7404961228420605,0.7435144757590342,0.6580892323587408,0.7035760316464179
0.44384888308881293,0.6434634654032355,0.7210704199492666,0.5622395946455739,0.6891314333891415,0.7220745627640263,0.7407760607356713,0.7714292081075951,0.6679520199951499,0.7009673307596453,0.7428693268341224
0.3585193950146783,0.6553634893247499,0.7588467618993633,0.6076991221275901,0.7458596934787991,0.7175981456927375,0.7368993935031571,0.7737417208685508,0.6803935680831956,0.7012021608634652,0.7212221121936337
0.4108749043505078,0.5671131008048514,0.7754420935075053,0.6542544478160861,0.6872321910609318,0.7393692010397726,0.7498601757782717,0.7549688729437452,0.7089195262498371,0.7014803724604681,0.7251068878303497
0.46223364679673884,0.5948013156792034,0.7946745226505973,0.6446824180113419,0.6882557547258682,0.6722787332749282,0.7015629228859798,0.7802979193052177,0.7469954077211352,0.733358086342623,0.6846814903848157
0.5008189485989272,0.604410424029896,0.8033891843008785,0.6021296337675501,0.6691913568539517,0.6590941847584268,0.6654194313732578,0.7398476777893463,0.6506501768645845,0.6332127532828117,0.7151785436826361
0.3798060040481001,0.6176147345932189,0.7857611163483937,0.6239290230377734,0.6634564654704603,0.6319776897548035,0.6770131254107086,0.7283346314194832,0.6709147188620981,0.6624595003251156,0.7276695051085806
0.4127302308015267,0.6576694208608969,0.7724431234847706,0.5581339392859798,0.6510209663163714,0.7088557058193654,0.7304173335584263,0.7411673277193729,0.692374172138661,0.6870370399885142,0.7507114278519003
0.44636694051745374,0.6650417326411888,0.8072630676838818,0.6120522489715448,0.6745717791709385,0.7617262089645689,0.726986057299323,0.7749237729818743,0.7033352998605884,0.6945142256639791,0.750917473995611
0.386491397276555,0.6029454378353126,0.7792251422317704,0.5916256114487712,0.6434954831785152,0.7513733643906688,0.7576647397405472,0.7609775603490431,0.7010431721965277,0.724470131398322,0.7351239610560998
0.3944207688477711,0.6193518472971105,0.7639291117313457,0.6081616106978471,0.6585392950720173,0.7849138150296263,0.7512251096592574,0.7171313534472299,0.7227991323379654,0.6397510745001483,0.7460338403807898
0.4038881912214991,0.6202470127610594,0.7698032866142608,0.6315428659474456,0.7065742153986064,0.7830277209321282,0.6689932861352171,0.7638770782880461,0.7703286507693876,0.6830685764864738,0.7721703787330392
0.37330573596895356,0.5228039463094023,0.6829947700806411,0.6316262344416811,0.7392445842428654,0.729273913607461,0.640504637462523,0.7787367599050231,0.7113592311442363,0.7274747208900356,0.7579909464078936
0.4000819455579807,0.4971460892190497,0.736703569609912,0.6003763323478466,0.6832485115600099,0.6797606270160604,0.6981861442141346,0.7526475645869868,0.7408342223313356,0.6522952893917416,0.7674116617565112
0.3622254807673315,0.5196744331474469,0.7393321223876776,0.6038834029342522,0.7081823615859426,0.654575880575794,0.6642273987760816,0.7643744702165596,0.7265524789616281,0.7130197266607998,0.7691010827587259
0.39847855937616483,0.6114884909222371,0.7122817668877088,0.6310458429954948,0.7158070362743175,0.6834527269757456,0.7143070615865701,0.7563432024002257,0.7506346631083133,0.719910480992005,0.7109645857384689
0.4031276571483749,0.6631412535393166,0.7349785240969641,0.6623534217272136,0.6421104698518877,0.698833006648418,0.7379054797712756,0.7649852514077728,0.7147493667955207,0.7236037044684123,0.6429123623885508
0.44413569113625984,0.6065425143019411,0.6868130586841766,0.6706037271370173,0.6618927944500166,0.7061397800762129,0.7543327562915562,0.7652616173624458,0.7654270278967684,0.7189788690481403,0.6846108541968119
0.43126964734629836,0.6098703872005511,0.7223946289467016,0.5792229360679173,0.7127228894225242,0.7405138658234359,0.7324228972332378,0.7838464498883649,0.6763753375639342,0.692157507297089,0.704100252319876
0.39792276473387866,0.6271049976100568,0.7493245597322467,0.5874569001488442,0.6891641654907418,0.7766697048893096,0.7690975156279778,0.631325758043187,0.7052268662776306,0.7257402548157095,0.7114394653475482
0.4334373373042584,0.6464002752793738,0.7653990874726624,0.5784100815953271,0.6909248975781047,0.7113305584659385,0.7038679064752897,0.6817107329420974,0.6728592369386509,0.7505838954197155,0.6289797965179399
0.40869521954755195,0.6549987479255386,0.6939926620958179,0.5403035725399232,0.6254696664881446,0.6502378976504618,0.6957411231458598,0.7276334280386536,0.6765104625416007,0.7177282305085257,0.6823271312079389
0.432834851821186,0.6806707640562228,0.7434055034140181,0.582679354548668,0.6620674915739708,0.6893289899061958,0.7191039569536282,0.7498207329328755,0.6971972589118627,0.7334892615451334,0.7261691282687204
0.43623340724920356,0.6580931483259306,0.758147245309277,0.6077754177038743,0.6499397964855664,0.7053425698116516,0.7288374583120611,0.7459573699665627,0.7031544401600747,0.7211570492536622,0.754074727385937
0.356448059364386,0.6301770434620113,0.7416771534407992,0.6091676603028541,0.673115717268598,0.7331087633181411,0.6871755514041055,0.6980074675937179,0.7178120199395972,0.7411703349925867,0.6695419123551039
0.3944409548482475,0.6028141696622308,0.7452258762245871,0.6040612721674067,0.6632524230224028,0.7520395006525231,0.7064674471970516,0.7267454559769855,0.7099754209523519,0.7192917101307407,0.7270561613034512
0.4386029937209318,0.5806173789068103,0.7456229539016803,0.6073755869338002,0.6934010912816095,0.6652690290329341,0.7218880151331004,0.7779113655088961,0.7163624545361991,0.7268028880159609,0.7412443619774611
0.44110748581078085,0.606044858091561,0.7747171714591977,0.6064589500942786,0.7529882190970127,0.7179079776951387,0.7363702814800889,0.771252317123629,0.7383411809385343,0.6816194668369537,0.7856163042988302
0.4615069008201491,0.6233308463704992,0.7788891901930834,0.6029921348939817,0.7349897305989354,0.7544012952006796,0.6964084034162732,0.7192921566379714,0.6669835905657808,0.714816698965547,0.7598050916076637
0.4014989389579478,0.5964846172695817,0.7949106917819221,0.5426629543331103,0.6955050508499661,0.7668882765133382,0.7615593740125769,0.7205041826222806,0.7361834221388693,0.7224238377051317,0.6277755070918181
0.4093297226271293,0.6475184183720291,0.7382111553420743,0.5591102860297289,0.7202197898666303,0.7132517588561781,0.6139540159959255,0.7679893254051442,0.7033548734448165,0.7269945871667549,0.7120689008915226
0.45741454946557925,0.6410529509463894,0.6848657856223372,0.5881146378952562,0.7369041656782676,0.7349501486269183,0.6545315213074809,0.6858482257915188,0.6979626879325338,0.7412506494037701,0.6994868076298225
0.44983123565417515,0.6742213407441445,0.7308945718478054,0.5961557198662616,0.7714119974182245,0.7474246237454705,0.6911553266957384,0.7417247340627218,0.7151403571733059,0.674196191969544,0.7524106783712425
0.40418642014463974,0.6085217639902926,0.7511327770194234,0.5989095629685779,0.7030727431760391,0.6069720456554633,0.6886372847746336,0.7425449437682765,0.7195447395084908,0.6951887084372004,0.7752394854635214
0.390627161413426,0.6109057003634666,0.716255998010208,0.6337635868395246,0.6414867915142247,0.6437545738149696,0.6057675010804886,0.7615499583517188,0.6433269008313848,0.7096593151655974,0.7726299012604408
0.39096060771427715,0.6239422741371332,0.7819614449854067,0.5721488113500064,0.6816003324780313,0.7033945870607863,0.6438888307538313,0.7229222233021596,0.6529536967596424,0.6903402806500399,0.7963205976735507
0.4032768086595537,0.5341094989913867,0.7490290259828306,0.634755190471771,0.7220570831415214,0.679795916244156,0.683872061058904,0.7083120080500734,0.6857867113410355,0.7434876784438984,0.6774237967643147
0.34517752493272275,0.5590776403632183,0.7774455552256723,0.6581144564309078,0.6768132596788123,0.6769913457934255,0.6775757881848721,0.720759402352189,0.753303839050967,0.722237030123205,0.7318641822915877
0.4326353158128634,0.5990266243172886,0.7888739295892047,0.6630721831071212,0.7170670024639865,0.6974258438154217,0.6615633290416579,0.6955015279619536,0.7095609274013936,0.7366961332552698,0.6924903104609874
0.43621412985515506,0.6014078519083214,0.6880070568497734,0.6003523639523527,0.7237303468228875,0.6822204854209853,0.6796934332860879,0.6945415260229798,0.7196260158679685,0.6936773454102968,0.728963987854943
0.35225421541422786,0.5516867503452054,0.7464435237812367,0.6114911454842241,0.7435393719953352,0.7358159922223397,0.69210183667229,0.699582628154224,0.7198749919254739,0.66307950204477,0.7605970165506772
0.36546811860840955,0.6002008952922775,0.7612999740057619,0.6120551450297247,0.7336309813407705,0.7159506588176119,0.6481982975139725,0.7393482482651856,0.7429104361711074,0.7015504140537487,0.7715669788516988
0.34590796178688676,0.592684736371491,0.7908831645240585,0.5930591091575164,0.7106678109819341,0.6840931039399588,0.6742174996201142,0.752963143377838,0.6883303814425168,0.6166739406175985,0.6322141595058421
0.3817527682823793,0.6399013210433955,0.6888030765030367,0.587775514619961,0.7147608301727458,0.6241035110646369,0.7256925903073166,0.7755376799303768,0.7232536784783444,0.651542150285907,0.7121113949278192
0.2916280965890778,0.6341425154852096,0.693944581273215,0.5779057222066897,0.7651873333097687,0.7022737777352746,0.7285765120514898,0.7108274909946035,0.6941612097313647,0.7163991157645492,0.7647777311958368
0.3677701134249488,0.5334524563302411,0.7262831481167683,0.6066183573716528,0.7852710536022034,0.7173919232792278,0.7397839661392318,0.755244466186924,0.7551993224391178,0.7247572746722488,0.7683903814483688
0.4242396002985077,0.612346568186473,0.7277231520383615,0.5168750565163767,0.7965868749873095,0.7490113205382887,0.7468599245939028,0.7259368793373542,0.7516970339679226,0.7174465493361626,0.752625949750118
0.3998965932520433,0.654670828236845,0.7186967375019595,0.5548105125906359,0.7311844743353348,0.6791739998456725,0.7039805252329814,0.741598796228731,0.6733918342537699,0.735502410269318,0.7043936770225967
0.41966272614106515,0.6121293933968596,0.7413875016609897,0.5408648885090623,0.7828880313957793,0.7048601883444621,0.6947304888044729,0.7726505349402337,0.6739052987474381,0.7278602632341309,0.7310822542181119
0.38854522897759297,0.6334838507641699,0.7572490560956364,0.6142455145997858,0.6814645532749685,0.7170849921356431,0.6873551662441999,0.6906109862760362,0.6440699513181471,0.7338773042352226,0.6575280948239592
0.4369030231207691,0.5828648506471681,0.797496087863317,0.5464196551285807,0.7113741989095548,0.708126974707577,0.7123631068816425,0.7399270648732671,0.7080747657938617,0.6825565256443177,0.7258659294525108
0.4285316057604362,0.5829079031728543,0.7351029888755581,0.5908040539616211,0.6980290860875518,0.6886453704967916,0.735421102973375,0.7728911541826077,0.6640496073223966,0.6974562217735614,0.7509481272585716
0.4494481087458224,0.5981904988791824,0.7517797723624388,0.600345697184189,0.6830877631706684,0.7118394073685645,0.703852132436374,0.7289190417349625,0.641037417961443,0.7142785131970172,0.6819154178897063
0.41335668558907723,0.6054808881885484,0.7501598190148299,0.552627958940786,0.6878220132580102,0.6845659960521115,0.7088030285298554,0.7710132987724199,0.6703231814838787,0.6791959486519195,0.7096400752636937
0.4683669251003819,0.6087890516990924,0.7113697379525693,0.5694135598447927,0.6879666161015998,0.6917054588389783,0.7148522684628666,0.7785996891798306,0.654429021575721,0.6973908390360886,0.6858837305922335
0.4308343101624738,0.6267269558459788,0.7244119954552972,0.556907959836551,0.6635381828047793,0.6839101291803691,0.7237037924583072,0.7744313897594217,0.6516845589487908,0.7009880740493944,0.7219991801889337
0.4315409722836754,0.6024572575428797,0.7331891379243614,0.561447270155951,0.5965759973154892,0.6590190079104832,0.7473791183503746,0.784163556107532,0.6849107858165703,0.7252197108831155,0.7796653984251993
0.38501173807918915,0.6128066226887836,0.748504682466943,0.6595168953454382,0.666272152307945,0.6927595176003514,0.7822997684007059,0.7398589659160725,0.7291576869637166,0.7473508763494019,0.755416624307276
0.3836453944117488,0.64240656855836,0.7007901168977027,0.6082116730546999,0.5930645092414054,0.7220554708671859,0.7517825262601522,0.7568450584966759,0.6060097045490748,0.7428259991875229,0.7544273259640774
0.34962664331800114,0.6345172970107221,0.674987578493112,0.605137232300864,0.651093247432142,0.7349954213442114,0.7639465789232448,0.7334713506375109,0.6297926403245174,0.7097482583491271,0.7005275369595548
0.39329099969453574,0.6365283413936724,0.7133074310088032,0.6365387352773971,0.6919863874268104,0.6927654459447781,0.760585230598046,0.717064149184079,0.6674091763697733,0.718490688392903,0.7601432937587353
0.42391486042823256,0.6421521745527532,0.7139699406514703,0.6464021838391378,0.7196911093312994,0.715934936971192,0.6814575568592177,0.7331797871710566,0.731390623305774,0.6653801345343603,0.7412244682702457
0.3901986968386807,0.6197340997396517,0.7398820711371459,0.6379746601612971,0.6733377773049786,0.685814039710998,0.6869197521138981,0.7370729880595307,0.6873915866663688,0.6758781749861742,0.7431904958811487
0.4043623138360182,0.5137372644467803,0.783062489244758,0.5935580803478476,0.6702237832745147,0.676414683110646,0.7347991806034764,0.7627564255030723,0.6954017038818052,0.7192743070575358,0.7540578246767446
0.39605377622020466,0.5478802234375699,0.7651087894978962,0.6066075737683294,0.6522405836835949,0.7272707864016235,0.744638177912619,0.7723859693588004,0.7201015805413635,0.6734098239665675,0.7359404831839776
0.35189708235344286,0.5664467518491814,0.6978386807881571,0.6478802313283101,0.6780990171683958,0.7283588610547308,0.6331467652282501,0.7843027000086862,0.6945537204972323,0.7078686671681949,0.7539883251873942
0.3923225074719029,0.5540257719898517,0.7069309973758755,0.6032997561285897,0.6685211121998905,0.6754341718707141,0.6627541982287386,0.7546729813245548,0.7079891585774214,0.6453983605717,0.7305779846853919
0.40841422417268414,0.6194223557594615,0.752571464331452,0.6075015492134412,0.7002649654003298,0.7057796683671225,0.7086441558804495,0.7616404803908058,0.7195615219104308,0.6953119801258119,0.7683987190739427
0.3867207607376641,0.6391731617806657,0.7125487777982391,0.6260852710429166,0.7094939820408812,0.7366810877033094,0.7490142272782383,0.7765182517311724,0.6657277306832166,0.757478419389703,0.6716253753783172
0.4210731185251275,0.6112394073455305,0.7429196697043108,0.6469990885352886,0.6418727124866658,0.6789251200073726,0.7535363683700896,0.7972463147242476,0.6222916602071037,0.6883512081526424,0.7024318826506477
0.4293154365710923,0.6267692869904293,0.717060633314668,0.6493532617604272,0.7189615448325104,0.6591411311692621,0.7464059179794799,0.8009288439902891,0.6518349406600997,0.6782558191370667,0.6902318028368405
0.4132975050692426,0.6471803908804077,0.6897603618472267,0.6640084588058561,0.5933118676708115,0.6630040340025771,0.7520672784629722,0.802283345346158,0.6959744081150087,0.6657839372573263,0.7447636559022563
0.4325129885703375,0.6948524129962317,0.7409445275946016,0.6024639898177648,0.6610753519922727,0.693451870319077,0.758325460617469,0.694393849534058,0.7333466319320979,0.6504986906277491,0.7141034276758871
0.4285379157746044,0.6182812582269815,0.6737654359175688,0.6169407400349542,0.7217721460844373,0.7501121434144435,0.6945138637561414,0.7188530342074473,0.7474514928733521,0.6414662596422346,0.6609336977592487
0.39341637615550057,0.6469579299401617,0.7263898172535859,0.658167511153218,0.6131626532407783,0.63124606301586,0.7199933107932955,0.722665094059461,0.7171489139486522,0.6911685855990383,0.7131447466422163
0.414617884852416,0.6185243376274867,0.7365237769438664,0.5777546612802862,0.6842070567233425,0.6919771815684401,0.7302487106083402,0.7512619650229615,0.6762731380001578,0.7069654135507228,0.7231839915977726
0.351030474671734,0.6187347041243227,0.7053802102403974,0.6453841684581708,0.5632773036732628,0.7053612637616171,0.6923159124458094,0.6422059675787428,0.6870358771901232,0.7467022241691934,0.7477140044257355
0.38215401606583416,0.5955020339302945,0.7339672523421679,0.5820263077944644,0.636497760348241,0.6695962948803597,0.7175976590534605,0.7001367230788129,0.6944266836955455,0.7538530670278727,0.7282547137621547
0.38033471005264435,0.5468403568442883,0.7528695424537905,0.6214439483398178,0.6803797969273562,0.6857396810279903,0.7235552769764044,0.7109959249371434,0.7077005546779342,0.7276562161108054,0.7336333237899026
0.4555931719055446,0.5969997676356746,0.7605817746969604,0.6581359328130658,0.6806720687180632,0.6801772449563347,0.7012840834149834,0.7083471273829495,0.6974939017488494,0.6930924115900436,0.7200352535862824
0.4363469204987135,0.6364475449578106,0.7780873253365218,0.6290042746314847,0.6953090738829806,0.7409599278272649,0.7484498835236664,0.7201078380046206,0.7162037085698787,0.7018841772475752,0.7220633297311189
0.35989321773203514,0.6393441300044072,0.7848324343766434,0.5837733568086735,0.7047246796306553,0.7490713211329079,0.673090426765972,0.7512958232795601,0.7283819562324696,0.7238197727420161,0.72247804708951
0.4064924351173146,0.6514804138393159,0.8095902113890094,0.5873977504271346,0.6635539274699994,0.7290468318449647,0.6786826772743352,0.6981682516060693,0.6875588818693429,0.7164083036972777,0.6727072639216604
0.4277941895522527,0.5462670567012953,0.7319110531231072,0.6068410867399439,0.637947137172071,0.7406153027022693,0.6395491665997114,0.7362807368922764,0.7374979914461198,0.6727582137058801,0.7238351108033851
0.43059795692024005,0.5948751803341445,0.6966087106754563,0.5529539578114729,0.6417595855769507,0.7719698915482337,0.7171004466869217,0.7422969328193485,0.7504074021539122,0.7176708591659915,0.7476861830556325
0.3866748645803733,0.6031555479375064,0.7552492983295637,0.6202556613572641,0.6931324124144731,0.6967569381615546,0.7542297298279601,0.755696529596189,0.7380401767486308,0.7323176518764776,0.7214765115259503
0.40495557066776844,0.582486554070695,0.7053463430331103,0.6154805780516022,0.7203383187698918,0.7115581120108596,0.745381105550112,0.7327975629158119,0.6662837452516343,0.7269250572267784,0.6908321663198203
0.4223920948725296,0.6190365690803837,0.7309830794485848,0.6280892242727881,0.7128074913388194,0.6386751053503248,0.697565312871052,0.7605397055244157,0.6995881949340188,0.7444627230922505,0.6601543749557582
0.4362391335992561,0.5500218885841254,0.7004492395202391,0.5600902620314145,0.7577566462838112,0.7016887968832044,0.7209179243687722,0.716722485152114,0.7201086223487596,0.7152733562836998,0.7205148167011084
0.3912233307170152,0.5728280377575496,0.7454711692422142,0.613184009424051,0.6102725270580184,0.6825256468279502,0.7785603124627973,0.7345357505570862,0.7240056407752803,0.7162756508790107,0.7687219952280497
0.40982621168390665,0.5943789004747267,0.6512253607830597,0.5996153336638715,0.6562372663161813,0.6916945349486765,0.7785237534912376,0.7360521893776385,0.6198051047420642,0.5936077690860443,0.7365076965797548
0.4220562045376901,0.6079967357316391,0.7173184785188786,0.5375255157680461,0.6880500900432721,0.6881862739921621,0.7515568171264525,0.7473369410028987,0.6425278977596539,0.6601735647471094,0.7519560162428717
0.4357582880498335,0.6302178954499564,0.7248651779077367,0.5551271532380114,0.6307725753442818,0.6953535368451029,0.6662382256153672,0.7399661972230477,0.6733163734606088,0.6671536811843151,0.6785061023997019
0.43243489875964836,0.5720484373937929,0.7658715046867531,0.5830516116332118,0.6979404371079168,0.7346646845953436,0.6865133545599813,0.7427637836241988,0.6286061960218811,0.701600445660116,0.7351781910156387
0.34302911652586965,0.6172534641475591,0.709678844848524,0.5439993822299413,0.7062389542676257,0.6900948353469346,0.6499727086086018,0.7624288200883944,0.6496073650228524,0.7326491925062208,0.7404782790669124
0.3818479685502053,0.5483781516867169,0.7031344672176656,0.5089979822082616,0.6857810732359362,0.704555371393075,0.6883067692006787,0.7101622835473793,0.6466399021096745,0.7264287151464869,0.7763747505789164
0.4353260401419353,0.631423203866398,0.6883275135197937,0.5797242798061487,0.6610020986312818,0.708422732925565,0.7210605607100145,0.7247398707915866,0.6848516697048965,0.7169913087546184,0.6857764189387898
0.41082063869339047,0.5738251518564855,0.7296648538325914,0.6152221080569941,0.6855302400270615,0.7423184500503309,0.6936357106202875,0.7318837668759683,0.678904833511971,0.7141234582477813,0.7517340202666893
0.4211327226475986,0.5974932362358655,0.7377057227265416,0.649219725700386,0.6563030298381458,0.6944903950532344,0.7128880940468091,0.7540989261776438,0.7159117315678143,0.7282800459356416,0.7695410596705239
0.4429568890029615,0.6139953707264022,0.7272191582799489,0.5911308764519868,0.7252123791846234,0.6990644694222881,0.6977670736339426,0.7683975429141192,0.694608262920531,0.7216065817975879,0.7205014086203126
0.4505010087062675,0.6519517288094433,0.7448087617705417,0.6237223884703742,0.6150627192740589,0.68626295303716,0.6838795531339005,0.7094646626682275,0.7221556752597836,0.727169553359869,0.7325882411614888
0.42366678836388116,0.5702619965921801,0.7777392909012901,0.5865395293632963,0.6613117544031607,0.6867631194096744,0.6951454226236815,0.7250358439452413,0.7491865769980033,0.7299614187385872,0.7301193381139176
0.39697183639249545,0.5512853075682836,0.7333407502422565,0.6032986059698426,0.6566953646130504,0.6601204029820101,0.71098839245327,0.7619921373035496,0.7454106212391557,0.734004187065272,0.7617404180670848
0.4393891339371262,0.5737392967753954,0.7392147062281824,0.6187930858791733,0.7246890421179106,0.6896552929808422,0.725030593151899,0.7502802167995914,0.753383114522346,0.7057948639031967,0.7843844995417659
0.4512727134926682,0.6152206415690947,0.773386514187909,0.6219691146108274,0.6509054609400909,0.7031492420004483,0.7058862090036716,0.7076922689622933,0.7447087456318949,0.6526380428466674,0.675746743372513
0.4442350247262958,0.6313146775275675,0.7786791347972422,0.6386421670933313,0.6272629408675295,0.7077436594420969,0.7090932808625964,0.7329746635117511,0.7297114269157694,0.6813307644920797,0.7186179143795226
0.34767216266897766,0.4765611645995124,0.6772697860426126,0.5439719530799495,0.6832849039673783,0.7105556045654484,0.683521909935832,0.7344783015826502,0.7655253693332612,0.678897294272038,0.6336076003044836
0.3957879852351038,0.5772709600974639,0.6842321179482032,0.5922750191496946,0.7179203791394783,0.6577697380891874,0.7273466437018414,0.7687656513243892,0.732181387519781,0.7109229581941093,0.7203175954580099
0.4366844383231137,0.6078690640191442,0.7578166464588416,0.5841879521013212,0.7386010713321103,0.710340886593421,0.7780824904873153,0.6825781027013925,0.7182370664782549,0.7178617373309801,0.6044114719275049
0.4629059631251904,0.5886655413938132,0.770369006985896,0.5496773221993582,0.6704101458951287,0.7246991087089396,0.6687983718422486,0.705586336174761,0.736246094404163,0.7401547370110471,0.6382392737214977
0.39237156268754203,0.6433730760547542,0.7715053537692711,0.5616554459970826,0.663319125665096,0.7483812991731541,0.6731399777105078,0.7184575799626214,0.7352187421900508,0.716899721334296,0.665994024897546
0.3309474344643796,0.5486950652937089,0.5272591993430271,0.5438562770537104,0.5083867070053413,0.7555009277069379,0.6562558132491089,0.7433427998156423,0.7058464154424297,0.7004965171430986,0.6889890380170062
0.3220927992042959,0.5163989949034083,0.5363975360951552,0.53354912113865,0.41440742626659394,0.7705992905295304,0.6796944709063717,0.7448354937415923,0.709236836650396,0.6817000380045031,0.6110163732228837
0.3247810099700652,0.4989228593694313,0.5407410785734351,0.5374222808555358,0.40951216693919407,0.7821245558067464,0.6575193910550929,0.7607533585585777,0.7568292867459678,0.7401703988684876,0.6938621491501524
0.3309884549138533,0.5200821905644002,0.5426568426276168,0.553860870358059,0.4352370558804058,0.7903284488714098,0.7163229478372162,0.7832686031881451,0.7592388303281387,0.6877161494061905,0.6208424580196036
0.3228545328114064,0.5231561722320355,0.5486343050930736,0.5782092111773693,0.44002463427358607,0.7425903418453227,0.6499989391331386,0.739154168047277,0.6547669631635761,0.6881968160170089,0.6646130907754155
0.343154503280499,0.5348062321521931,0.5579275273444517,0.5613373131701638,0.4855136850256753,0.7184224792077838,0.6995314850565766,0.7634501849041346,0.6859611651720048,0.6951459279683114,0.5985835296470016
0.31085625786083654,0.542953788708181,0.5662016176965672,0.5273716017020035,0.5314848073167581,0.7300096161736513,0.6998255680164095,0.7650258841230593,0.6988069987737351,0.720675210414387,0.6184307965360643
0.3396003176421592,0.5465898371496494,0.5881390474426955,0.5214838190896701,0.50841404114843,0.7406048205106932,0.6713563800333647,0.7121355131025647,0.7410431205016361,0.6709750104160725,0.6877805519345772
0.34436723976244676,0.549936389791405,0.5856688675641681,0.5140086141272607,0.5415113407613351,0.667825373747827,0.7165357203045646,0.7176120987434895,0.687835534102422,0.6969240628181594,0.6345698505339527
0.34961161057154033,0.5928056311551461,0.5473242308540053,0.5306141507608878,0.5906569135981848,0.7151143509467119,0.7177506808116361,0.6543106035010039,0.7222538657415818,0.7174095157598269,0.689415519769819
0.34978358521132435,0.540056251894336,0.5480247803218024,0.5314231012202588,0.5917245263504661,0.7000645701470767,0.6627789965007199,0.6980775896848804,0.6893778052573637,0.7302351120741117,0.7149923260985602
0.3416209867921652,0.5466175253370338,0.5416659567433225,0.5453697388910391,0.6152930857685364,0.7222310341538074,0.6974421927366314,0.71848746154458,0.7002117135100295,0.7526021750938753,0.6822819481731703
0.33206995007774226,0.49516027973513554,0.5379322817620139,0.562989992155058,0.6379243514925854,0.7368026657313711,0.5411858356054233,0.7229672580665324,0.7241284556398974,0.7225858259210676,0.6984764609691243
0.3331002485474481,0.5177679780332134,0.5331302296971127,0.5909108296935114,0.6045159975896357,0.696190460185469,0.6249337696972661,0.7450934152528135,0.768431734009764,0.7467652429226286,0.6820299474251684
0.3475572764580668,0.5546532245506621,0.5421311827423659,0.441343905058432,0.5295586802589175,0.696458816137592,0.6793223467786554,0.7723970466304563,0.7386488753770769,0.7125612200078209,0.5905824160175357
0.3558237407905658,0.5703219975515164,0.560086368307452,0.5102323390040179,0.6109451983580723,0.7381248406722041,0.7033336894915289,0.6944538770482124,0.6893943671620237,0.6520911741198971,0.6071837068977823
0.3481193165810974,0.4799379004611477,0.6473327645421321,0.5328329690279332,0.65018119323604,0.6744456274091316,0.6830974001908047,0.7447330612445355,0.6970300088380699,0.6862155519331938,0.636505587213404
0.3624884877882214,0.48025755561749006,0.696130314817248,0.585856655188548,0.6603640661621242,0.6991489427416617,0.7133840643064544,0.7333298141110096,0.680006810455841,0.7443166155486084,0.6415725818789941
0.3213007045684238,0.4854762968438061,0.6519715547964084,0.5257883636503566,0.5494388205411369,0.7140907618876864,0.6799321112433697,0.7415040129302773,0.6697941221891867,0.7642103803400797,0.6696841712182935
0.316361621817822,0.4491688412191943,0.6560559986824637,0.5495900884393752,0.6013434173708123,0.7285856897855303,0.6666842018468835,0.72678464728056,0.7022251125717058,0.687946853241087,0.6939593433774082
0.24977609731035177,0.4173516817316999,0.5497670029530909,0.5590807969434493,0.6317959424769647,0.7357335641741843,0.6809955845504644,0.6607824892594701,0.6502915949791308,0.625303504019988,0.6393906101015866
0.2339989975997364,0.3884422769234749,0.6013695180045187,0.6005714786962748,0.641426048115741,0.7874217877030214,0.6963442175066723,0.6827376815490696,0.6863213975302928,0.646386968061545,0.6911031088412609
0.24839801596434155,0.43447535237753326,0.611511488026312,0.6503294616023243,0.5537231643604432,0.7879165128834948,0.7089647642354319,0.6671543402743182,0.7274571859822172,0.6743661638096121,0.671547176323075
0.24289802469735075,0.49971289255142004,0.6269569530944611,0.583698962025356,0.6127736697267605,0.6886619037580677,0.6721885945054005,0.737086133426774,0.7220611300423728,0.7048131396185005,0.6109464489589602
0.27538878813073886,0.5076324995914323,0.4731240960792774,0.635206886322544,0.6322024757290468,0.6946073695132753,0.6840555850843817,0.7459607140663109,0.7395181036260934,0.6207372188135292,0.6766602042413883
0.2418851311778895,0.5161646892063085,0.45713325105992114,0.5745062337611225,0.681140365704846,0.7373401814632419,0.6269126419551877,0.6841975204826679,0.7404484992872757,0.688364776895539,0.6271999669686567
0.19279428030400397,0.5593102990901697,0.4665396145336988,0.6227707566471685,0.6828415607812733,0.753478706562192,0.6369520775675285,0.6781967670118655,0.6354959605427313,0.7219819967142557,0.6648934337994872
0.170403143777312,0.5782165988844503,0.4816781501013815,0.6461549740346915,0.7464339158435942,0.7628095985064125,0.7005842580595286,0.733014210203431,0.6657391037923387,0.7093128894076967,0.67774104092974
0.19916666940595618,0.5980863240151724,0.3935542689128093,0.6644898046906498,0.6879697790610916,0.7904746449121822,0.5824830008349214,0.6639137151452845,0.6572948952839598,0.6746684527739805,0.6568159607034948
0.2092076151901736,0.5576509886516531,0.5178155295024405,0.6330133555274482,0.6306894438475157,0.7402547852398826,0.5900645935901996,0.6517218128925136,0.678070123936889,0.6558881675037022,0.6503613821948256
0.1689882551718473,0.5552550730297644,0.5510032828290465,0.6960651168524974,0.6534029713344387,0.7307858774313494,0.6348330316915778,0.6837013078518706,0.6941904551669116,0.6657124543987702,0.6521871472079961
0.19379084908356972,0.6080650432012402,0.5568465508246516,0.6167823511552982,0.6690535821396556,0.7329471623432122,0.649685514990746,0.6964609655260101,0.7299552124937184,0.6596247417039911,0.6424049346216846
0.072827559176616,0.5671385524272647,0.4552165583979346,0.5955406820275825,0.6221581370168672,0.7625394648708865,0.576100801557892,0.7606706216115551,0.7439922919450687,0.6036774233106362,0.6459165991951253
0.11610200648826868,0.4092774528544985,0.5292801936452032,0.6512706920800335,0.5818671672627876,0.703189259464179,0.572071570606752,0.6759146166876536,0.7437291832343825,0.6760895898181851,0.6538959804200626
0.1522521461411921,0.3136409382963728,0.5734970642940012,0.6527568140793536,0.6576186504300354,0.7396774619120593,0.5817262373609026,0.6965088069490131,0.7283909978713083,0.6567213257963449,0.6152979324317864
0.10887012490012778,0.211116097059293,0.5358209796607081,0.598598735982251,0.5427718971535497,0.7712675851606436,0.5999155864873874,0.6384702369345479,0.6573067910886387,0.5173311021029724,0.5866049944506595
0.14184458630419639,0.28930093293012477,0.5468022158118052,0.6563325909939535,0.591115357945126,0.721648619265335,0.6583969903898848,0.662332618228642,0.6966165760857519,0.5671813481940429,0.5962831727923461
