Mode_0,Mode_1,Mode_2,Mode_3,Mode_4,Mode_5,Mode_6,Mode_7,Mode_8,Mode_9,Mode_10
1.0,1.0,1.0,1.0,1.0,1.0,1.0,1.0,1.0,1.0,1.0
0.2813950922531277,0.7842726390216369,0.8167289044964379,0.8319447244642622,0.7724724473149452,0.7898112547684263,0.7574575654837512,0.704890934814402,0.7601663243795671,0.7545874067427109,0.7939103702172532
0.1930865352231937,0.7701053734308132,0.7669833537855282,0.787951384402434,0.8131769917275425,0.8020588235477133,0.7338881911105745,0.7494958846378227,0.7571555095348621,0.7646650071837404,0.6691358527816768
0.3031768586646287,0.750425902854593,0.6999843067700754,0.8190974082937225,0.8005003429720781,0.7991594309594852,0.7749356781026391,0.7443148377316033,0.7622300998766643,0.7131467327122958,0.7365199113831407
0.3073964351020649,0.7527681734433384,0.7545380763604166,0.8075134729284684,0.7808912880718125,0.7625010446669882,0.7743298181443382,0.7602198185380536,0.7287548106666062,0.7854048339054728,0.759777488430856
0.2596016882522532,0.7808311066941905,0.7734819758302837,0.8324386765389284,0.8339462288306413,0.7713650276117471,0.7633767268497111,0.7637596798138584,0.7420957764331003,0.7664448918483738,0.7192312565306176
0.2523272501279892,0.7105613586046867,0.7858764370613432,0.8143121496739537,0.7902748364736493,0.7992983805979655,0.7272610537039832,0.7599915476638367,0.7555519427304473,0.7411192761895726,0.7546804723784422
0.2140197287383317,0.7477771876849604,0.8095765677381235,0.7928552561389604,0.8032778010223112,0.7863081886062189,0.8088464802238755,0.733692559953169,0.7151014262583991,0.7424893302561395,0.7379807073176072
0.2668374101605181,0.7707321139769642,0.7858632360652236,0.8108318446283813,0.7781017265627509,0.7989798075413187,0.7478208409432939,0.6991004676850248,0.7898947456166746,0.7843132978300995,0.7079157564322394
0.2880245268200019,0.7431162181969886,0.8110026784431872,0.8352519613653425,0.7883998322491966,0.7853038123739801,0.8126342616280975,0.7956930221028966,0.732508327772438,0.7722509699269123,0.7187817647973794
0.2691531826141523,0.7515245573637341,0.8139921948877948,0.8091272418030003,0.7621355342856527,0.7996795868626708,0.7532625758942973,0.7322484079597738,0.7443662533211339,0.764435683804603,0.7580792818852712
0.2560884385078738,0.7783757733752051,0.7490227609652128,0.8316833303294362,0.8190419279548522,0.7641494006655493,0.7758068098447266,0.7650472607519422,0.7582244666412185,0.754819123540704,0.7340580034808732
0.2650608978056743,0.7724566445120963,0.7465485455135631,0.8159421645920644,0.8072427018726706,0.7804497238090409,0.7188520252592483,0.7680082091273376,0.7338833664122267,0.7336917300039275,0.6869338275379726
0.2651627449739112,0.7448137977630361,0.7652221274847248,0.7698650794346799,0.8098614491244063,0.7855365020315519,0.7620889435436566,0.7430239482040867,0.7282292413744224,0.7550348011645331,0.7018013034532056
0.2554601478015628,0.7452477035408103,0.787396151798126,0.7773170978280872,0.8008082607852643,0.7903655523177888,0.7590197424018249,0.7420436015548716,0.7445366144615764,0.7723717760820094,0.7141135558708763
0.2588859853284749,0.6264088334665233,0.7284751028626744,0.7791889470645887,0.810401568100197,0.7928149923079756,0.7603158530405048,0.7408250939844543,0.7530743165650863,0.7433600320767999,0.7257706642837931
0.2832034878826954,0.6957753241677183,0.7552289958957032,0.7882155496921481,0.8162434012892875,0.7612859288535518,0.7644569747505805,0.7176160507744457,0.7476900166553224,0.7218539349459278,0.7421225155569052
0.2797138073433183,0.7229402920905789,0.7639343113992791,0.7939127062027889,0.8134486186283995,0.7802030504546608,0.710717244938565,0.6975396518518259,0.7339766722613815,0.7422328210311057,0.693351615841322
0.3113432601851077,0.6571632291736699,0.8034769469221612,0.7011822712279389,0.8148084235883295,0.7774687968726501,0.712759957911561,0.7213549977205029,0.7097977055824342,0.7660323213468888,0.7096671972978441
0.2800360311217453,0.5752008367918312,0.7068958914798021,0.7314261227381403,0.8174118946078579,0.7596803624638306,0.7437076733743582,0.7321709700803181,0.713111046639151,0.7804210016296917,0.7311049147961203
0.3120235268694782,0.6023453626947134,0.7086152154284857,0.7144183995308756,0.8112556132208546,0.7689647856361849,0.7762882326597371,0.7553312607969301,0.7444175169159889,0.7817882410747928,0.6566302249552708
0.2809458202334606,0.5915117523679175,0.7229030054594934,0.7664400293157797,0.8236905001809912,0.7733589310589409,0.759261096220517,0.6860024109625785,0.7636351904081236,0.7546214745293017,0.677193143795048
0.2382020106329464,0.610695729044989,0.7157337739532009,0.7846334274281467,0.8107974568932815,0.7735357715681732,0.7684158889549675,0.738794417764081,0.7643984889139297,0.7739423918260728,0.7101868248019922
0.2816175501040989,0.6516119757034039,0.7296834331532416,0.6983745508084639,0.788905973154656,0.7465591003556609,0.7380254773703924,0.749499149099589,0.7838004426182176,0.7957221240426744,0.6918539758018223
0.3037984432398961,0.6723705884758993,0.7339568397551526,0.7031124597638654,0.7896333999925491,0.7542883680981982,0.7665501529256158,0.7744020603708893,0.7364594686832249,0.796431096504014,0.7295277444444807
0.3110438576885793,0.6369358466318322,0.6724037604661658,0.7223442132648938,0.7929865366834028,0.7258769492852174,0.781089530503244,0.7540834603709187,0.7386070138280505,0.7401644943949474,0.7043866550280161
0.3110845306578416,0.6599236534683126,0.7098295344918757,0.7016902621175153,0.8140415961732486,0.7489874165444992,0.7480950731301489,0.7647251876884718,0.7598272702503507,0.7465322882160588,0.7383032682821807
0.2387587151945806,0.6722569135368801,0.7277092509170378,0.7307857483048628,0.7596324795108544,0.7484374731361484,0.7669793049986633,0.7470083723898062,0.7070565431257005,0.752830891204636,0.7539702512052193
0.2603382536338565,0.5791237054544924,0.7404647560867812,0.7026072230685232,0.7683223709098246,0.7656305617403438,0.7623233709053076,0.7214020345856811,0.7238897016231295,0.7545813281739371,0.7276231219742066
0.2787202175531951,0.616141582654151,0.7359956839237556,0.6762868389321146,0.7950456082927102,0.775861075241125,0.7602598926575547,0.7343574347886994,0.7492981755374178,0.7477838096320966,0.7431528951647199
0.2946135524380109,0.6401342274798815,0.6714575230502233,0.7054198528721967,0.7979618316517509,0.7737654659842371,0.7689062044796666,0.7481854290755436,0.7798907955037745,0.7612840586812608,0.7246038438621625
0.3032960532816395,0.5959668002910301,0.7004758923415348,0.6931790492154388,0.7878550837541215,0.7698020923690045,0.7199969144987441,0.7510438220482318,0.7821201853686702,0.7579542880093421,0.7351317356635985
0.3053835957675647,0.6390876333467732,0.7027101742289042,0.7057108352954096,0.7952384453527355,0.7468398878058656,0.7639962907402157,0.7752304324625419,0.7584978497866561,0.7850342189529788,0.7333042503221999
0.2571859547625922,0.6006189690904467,0.7215607257560063,0.708940863395077,0.7970930461325673,0.7674309025928177,0.750625167893893,0.7842421919233957,0.7860136825119317,0.7684760027648406,0.7503165806253322
0.2682046576569985,0.6365547297682301,0.752063765893993,0.6784853010053462,0.802851897144713,0.7568357115554876,0.7695211250033366,0.7700164839794235,0.7885107498859141,0.7827047866141664,0.7524747079848618
0.2818750452449451,0.6372225021641292,0.7190674717199786,0.6572470701514334,0.7854832037584747,0.7670906016519174,0.7619573688133365,0.7595471423236548,0.727894887615465,0.7434857168861404,0.7555252224092275
0.2867272744523871,0.6339391139432926,0.6974258528228924,0.6752592466927186,0.796972121733029,0.7229865672246397,0.770507389776856,0.7616429214919052,0.7352534022803718,0.7517662286952699,0.7708052931441203
0.2951763171708343,0.6464356899167262,0.6952693577869403,0.7020769422427187,0.8081652147701374,0.723861438020133,0.7386747561545972,0.7728251064933448,0.756735681979404,0.7614367538407409,0.718211220026807
0.2620933911940206,0.6601826813979397,0.7122098990864981,0.7040000990004739,0.7843061103446902,0.6605178215944276,0.763116381209217,0.7268966020369109,0.7543593449711515,0.780179401214085,0.7447145347757299
0.2724064167448171,0.6050216348025099,0.7389221944607499,0.7247654154784178,0.7991835291767098,0.6773155545864644,0.7579963554878855,0.7580367047195127,0.7620967949649977,0.7729552834259887,0.7507717818180661
0.2781359993844378,0.6301468940533487,0.7484881248984614,0.6868533496126645,0.8014265984366118,0.709630120650734,0.7563610339305797,0.7645699880789121,0.6809019877598047,0.7475149895632632,0.76511940726616
0.2954935727969217,0.6381714860627947,0.7359228044989284,0.7170333314938782,0.7567099485166575,0.662482572957231,0.7720588922363052,0.7541975953582273,0.703222320515102,0.7690399640087339,0.7102441819724686
0.2377806346049728,0.6097692207408546,0.7532516018767823,0.7465721270504244,0.7662000942493674,0.673749374203708,0.7474809577907082,0.7731673670010482,0.6951691846758353,0.7471631322212673,0.7128758822651938
0.2610488798529748,0.6361020890349152,0.7649828958527298,0.7287940575598155,0.7719631445854385,0.6595308356209225,0.7576978900591568,0.7446239230742608,0.7116314445667458,0.7443910942564966,0.7321477316626062
0.2821951842430976,0.6529462777702972,0.7056269838850572,0.7194232024105351,0.7839204000724782,0.7070813672824358,0.7080541510882543,0.7660226789424983,0.742202093370655,0.7751453694791501,0.7217397088926596
0.298906334578891,0.6791809395515477,0.7246824255810081,0.6313946701560371,0.8057285632032747,0.6675254591378162,0.7216462252223079,0.7012878156438158,0.7337397527061394,0.7433645670092877,0.7221720693951208
0.2443170800688595,0.6723956775344831,0.7409220025388493,0.6759907466764393,0.762481917206784,0.677845317576558,0.7407343039702632,0.7348307984910055,0.7528274962448085,0.7653812993451858,0.740742342329562
0.2222070169151875,0.6278266678329657,0.693258967758292,0.7009856486920011,0.7461512181522625,0.6674842065401884,0.7455610204313889,0.7257654929822125,0.7635304730726047,0.7513843484645831,0.7454709678293536
0.2200308833293393,0.6291204738804062,0.746577415544957,0.6736173202278606,0.7308546566483677,0.7185069725478336,0.7503627092344236,0.7506350097899968,0.7569999060693282,0.7542403870704597,0.6966705537447002
0.2530210911677478,0.6595617634577933,0.6972269327261426,0.6820403572502418,0.738278519753006,0.7431101695925126,0.7326825920111352,0.762751492095047,0.7555774137828176,0.7538415946660497,0.7394584940948393
0.2918893900444661,0.6655007336929732,0.6930966084758184,0.6420757120659187,0.7493960284448629,0.6967630282039459,0.7260199559541861,0.7833873745316081,0.7462704403802087,0.7592972744334601,0.7323296278770142
0.2885463870021958,0.6806784552056699,0.7396525652204233,0.6710167607528291,0.7467415586400377,0.6709371144744013,0.7366512378334811,0.7261055557496824,0.7550542718393871,0.7651481625359491,0.7146958052187242
0.2386200666345479,0.6662598351890046,0.7054660032028519,0.6893311108726798,0.7707395588273043,0.6773339078105604,0.756061211461192,0.7474525031444834,0.7335066647117399,0.7475238127986806,0.7372398997455025
0.2679987265064689,0.6423775640520875,0.7234919624968752,0.6948396511915677,0.7625413030000451,0.678602587574398,0.7683187057564647,0.7505746700105758,0.7405011284764196,0.736191470193214,0.7438411455669535
0.2416783163587062,0.6640506789256369,0.7205912362270448,0.6391477308336546,0.7666354561236831,0.6713349158124178,0.77817852004694,0.7541334244522693,0.7586186140166997,0.7371604918530197,0.7397172979690924
0.2795558939814704,0.6517168857424886,0.7221256282612327,0.6630125584088582,0.7826225886278617,0.6869383378846938,0.7421839511706428,0.7680801928579468,0.7492652213360654,0.7403598509070233,0.7365164492572132
0.2500009055038708,0.6256157953508518,0.7121301362131489,0.6712677796891404,0.7820223630841878,0.6915974850651894,0.7429687320799565,0.7587683848223123,0.7690914681818477,0.7324284909672599,0.7368636033577237
0.2503106231231,0.6301796707026552,0.7328767694369447,0.662482271189188,0.785917185943589,0.7003464495215939,0.7336191959101032,0.7570496409747554,0.7685690305287146,0.7582033264079182,0.7450266657843001
0.2522868596813686,0.6515959606111649,0.7143908209682971,0.6450654684144113,0.7621146223285912,0.7227712327464519,0.7694510735345491,0.7416345134140567,0.7292263223814699,0.7481104248447087,0.756979000893959
0.2519296913608254,0.6606484612568947,0.7264676303360244,0.6789834514310351,0.7656690018549854,0.7471763128935208,0.7588651908039767,0.7639117235438916,0.736104818684135,0.7730502679852691,0.7039664580884224
0.2453856309622368,0.6198348254417833,0.7375616199905788,0.6385321489916881,0.7426501055827261,0.7451908421488279,0.7579719895632417,0.7657882507517113,0.7431358509703812,0.7690919303222412,0.7045236528719865
0.2437080943066254,0.6587158218971934,0.7541898681882049,0.6655476827046052,0.7705482726018955,0.7587018986162524,0.7651903874377614,0.7513607426048418,0.7471591451863159,0.7755054813422446,0.7066901580627047
0.2748697790449848,0.6617160119389023,0.7520266994169394,0.6298443439805629,0.7753997494345115,0.7533946489839781,0.7698893460270952,0.7269122008301325,0.7545927555552931,0.782835425089536,0.6890035409766169
0.2563310334778789,0.6529034097542671,0.7340688725754265,0.6455648673206564,0.7830994148998542,0.7601308077813773,0.7665931656848283,0.7379974179052975,0.7555335494505264,0.7908788268095102,0.7209355099396889
0.2631418134597726,0.6730626387829574,0.7436034941297387,0.5977538894823144,0.760038630253526,0.7464769281258069,0.783623219321032,0.7762990721655935,0.7761931137073215,0.7597635253560246,0.7350069813944398
0.2645327571255708,0.6681128685758986,0.7286423480351266,0.6494405717142666,0.7709956723347269,0.7538065294603185,0.7351743388074992,0.7620509522338937,0.7647297412416458,0.7761148267287107,0.7308549590587551
0.2802650541146902,0.6454107092985982,0.7357514746406846,0.6294466469166605,0.75173342693704,0.7645465583196335,0.7350517627126053,0.7712930282699555,0.7648229962692172,0.7615778757826029,0.7133694314737347
0.2878056282113165,0.6662925381503105,0.7553484528774654,0.625259652095554,0.7799802067246682,0.7493881559769764,0.7669231474714775,0.7887449691372853,0.7540128833109686,0.766891936843079,0.7336127001549007
0.2802391751082497,0.6617337701738725,0.7519454644328506,0.646390971613595,0.7916444123068895,0.7563392131195692,0.7694437531793914,0.801490590126503,0.7370893244369735,0.7734328582145438,0.7087840097210437
0.2750444859789185,0.6523068859639306,0.7591249671134774,0.6809425197995929,0.7908830932980253,0.7550066812694479,0.7768135780533804,0.7844310051342589,0.7552996091072034,0.7548386525187958,0.7134085914317437
0.277597034454381,0.6544367629433956,0.6640354715428296,0.6250648296204225,0.8020803025923668,0.7599286717324825,0.7660589596835641,0.767811521994282,0.7675503587988179,0.7657767201551249,0.6781003122612905
0.2976803330381918,0.6839718006754079,0.696651767381304,0.6868647110048864,0.8011405402378248,0.7583067492711633,0.7492690459816909,0.7422819475363108,0.7405890887194775,0.7786551576367589,0.7078489819673874
0.2617750966312173,0.5608113478940486,0.6796084522588036,0.6869873532486646,0.7951342410959166,0.651737064273638,0.7512525252358613,0.766149649234759,0.7570432133762851,0.7538549624191118,0.7221116893996792
0.2675400803752358,0.6295133450446858,0.7293650616759602,0.6735244696089104,0.8025976408785895,0.7011834599257063,0.7432392012966833,0.7800203453698487,0.7668675933820759,0.7746052519889401,0.705084065892421
0.2772400053633941,0.6266426410324321,0.68493865684831,0.6972830810355746,0.7806617946919501,0.726848206983749,0.7693926473761706,0.7821531169575519,0.7443932674391736,0.7874411143517062,0.7367939348658858
0.2425460277236509,0.6435334972443337,0.705327980211181,0.6929652547291707,0.7656392967631699,0.7355704249791626,0.7660668429617047,0.7624835773220584,0.7591531031388797,0.7739848392338278,0.7240715633983256
0.2628675760538003,0.6064270618814896,0.7275175858156773,0.7119076738161567,0.7873691420914122,0.7550038633336087,0.7701412954958353,0.7797531827392243,0.7499870921175514,0.7802388877793778,0.7373225147488871
0.2521984927377854,0.635848860304634,0.7374529792871594,0.7372875852131637,0.775200251023913,0.7614464263818617,0.7736229882402278,0.7565604164277632,0.7441748597385219,0.7581234063393094,0.7248853631836325
0.2562910680114066,0.6290175446945079,0.7315701703060188,0.7412616158473587,0.7771256364114134,0.7685039710189205,0.7771603116747696,0.7528896071729656,0.7289025556482176,0.7377485174023132,0.7310931478375566
0.2758301534890525,0.6231608573848487,0.7248386958955381,0.6202454461927024,0.7713084793534688,0.7719344656472178,0.7596819078953262,0.7564093316366417,0.7104653422313875,0.7719079492935605,0.7018589693293251
0.2901589910187532,0.6462585540202598,0.7351107221735731,0.6256915055570078,0.7818158959759367,0.7710914658980296,0.7805932342839768,0.7413610976527769,0.7331334459453073,0.7383341625086142,0.7191290069863885
0.2846101416049081,0.6619819560154159,0.74768518752324,0.6857215412147882,0.798218578663094,0.756015279113628,0.78865162051915,0.7596234967317355,0.7548471947320772,0.7527297654255041,0.7074814420458915
0.2985074736517983,0.677310397670173,0.7338043077014461,0.6585137711750825,0.7490561751166246,0.7434503932520088,0.7419461597147755,0.7472627735758537,0.7296608355793154,0.7554246776003314,0.7263030630274483
0.2872347087033456,0.6682998840351481,0.7477375382599581,0.7157661124938557,0.7428592474497318,0.7542841369021105,0.7661108192156643,0.7239113598231428,0.7461468184557642,0.7455633602836997,0.7256004781304375
0.2487409680509668,0.5524119198171094,0.698970195884636,0.6778703738063924,0.7728307956878246,0.7009940179022529,0.7339364710206479,0.7572464255328105,0.748477839620981,0.7504451062311419,0.7492152495894364
0.2580320362054095,0.59707592599437,0.7109742877899077,0.7311218505073785,0.7781937407651066,0.7302704561481101,0.7578122819912654,0.7528922862137446,0.7250014135663116,0.7651230673467522,0.7401693606450193
0.2648127015501994,0.623876157062123,0.7289741838347454,0.7241644504855586,0.760757743090388,0.7385117918747757,0.7560495318034212,0.7429188096149622,0.7518879799542393,0.7602571302898741,0.7064243104240515
0.2423242280196854,0.6521208312830384,0.6715368893796856,0.693285283150473,0.7709626286298434,0.7398182539134537,0.7640631188042216,0.7045508072296993,0.7616383421138425,0.776527911987132,0.7224657695871188
0.2134246800541409,0.6405582425624211,0.7097717811230433,0.7243751124303259,0.760279976535612,0.741640978524891,0.7444546961283918,0.7243043837730121,0.7333100307558275,0.7134431634170096,0.7287775646191995
0.2296386256327621,0.5756866080854974,0.7345435831157028,0.7310949269494342,0.7628005625353802,0.7454448593185916,0.7395595224164171,0.7449479900923079,0.6919522072856731,0.7294855123239794,0.7239339506914549
0.2553152125704473,0.630495059210633,0.7425093969131944,0.7332725276436369,0.7622668743855269,0.7689171923037817,0.7483117864379747,0.7362754034226886,0.7338236164554575,0.756716129691344,0.7323509568381388
0.2744285960494406,0.6378482787978161,0.6631830275496127,0.7331058116616951,0.7653571519632179,0.7430516636520214,0.7659832438129017,0.7533509373880806,0.7479652880338763,0.7365604130556169,0.7400417921611748
0.2562552945456494,0.653607954496171,0.6743042946156386,0.7120306374528861,0.7673026442067515,0.7447127426434506,0.6999198332778015,0.7665165166326582,0.7205441298810966,0.7618255016406075,0.7347894350833961
0.3063875301180713,0.652832764494961,0.7064244273477391,0.720558891460237,0.7786601469696863,0.7550418286254922,0.7340916465563685,0.762036788676419,0.7364954197705619,0.7668751555851332,0.6924619441706777
0.2802148248803637,0.6786282119251804,0.7399117164928692,0.7040902916335388,0.7479573883900513,0.7568671040173899,0.7126918110140577,0.7571870126482506,0.7307501701086739,0.7536500375113514,0.7166673363224054
0.2809636835190816,0.6256031489540407,0.7326629920477742,0.7104647123179109,0.7777983462176847,0.7617568235026633,0.7379299421488634,0.6943171871609735,0.7533211643994626,0.7674025371278084,0.7138444588405616
0.2413304587439854,0.6518779007523717,0.7302373303445489,0.6886069424868215,0.7481885072878053,0.7375375516740243,0.7335366623933296,0.7142364917172601,0.7215921516874704,0.7790854688343674,0.719638772681173
0.2916894492914553,0.6439233331692215,0.7504157730680685,0.7275269648931062,0.7663957037393134,0.7558885758213021,0.7494051162572077,0.7264561962929059,0.7300914972573108,0.7955965594322667,0.7380938097340316
0.249538835851229,0.6553284924586031,0.7170845254845315,0.7079792522884267,0.7529715424033694,0.7613271699538863,0.7652914342746787,0.7505762033411436,0.7084638558349617,0.7649945402261799,0.7568165151873635
0.2538180966413284,0.6622312536605468,0.7195575373729615,0.7270730910081353,0.7573239128619262,0.7397276984923413,0.7311515318662288,0.7672161662836536,0.7104883811573837,0.7486179355440228,0.7335239437543831
0.2809328254150141,0.6728289600271555,0.6669668280092809,0.7006040902513537,0.7714115075245817,0.7513887686992995,0.7260748899678748,0.7661078362101373,0.7110315020359546,0.7412315488370154,0.7200861981708769
0.2315175988504973,0.6829069438138322,0.6847195618444031,0.71882325825411,0.766152837312571,0.6790304599647096,0.7510317209768781,0.7545898963605473,0.7481392140327013,0.7214156651034325,0.7384276460674202
0.2584163601408453,0.6858837694777034,0.6982306856059476,0.6854991085793962,0.7524807597295942,0.6676578172543081,0.7228574462506948,0.7187928434247601,0.7457915752205332,0.7597516529620024,0.7648112342992787
0.2385325306101528,0.6450556906840345,0.6906531571666853,0.6744552029665015,0.7551825043512894,0.6331562175389406,0.7284708005691867,0.7120411959837982,0.7129066785079443,0.7544227727528601,0.726432532040419
0.2564179787105369,0.6742236916630608,0.6789414016007989,0.6625130045181228,0.7687952588019449,0.6969816771974184,0.7521710105755853,0.7380522286912179,0.7207345599545554,0.7684843940339943,0.7251356894675048
0.2601535718622003,0.6795241600144697,0.688000896001911,0.6696597253731651,0.7639578990221569,0.7104946638234173,0.7139652656077118,0.710075635931331,0.7040680031162277,0.7656215976431988,0.7396982388403415
0.266337395826776,0.6949265467384442,0.7137497398106327,0.6959382454075932,0.7785799949026639,0.7424296427840491,0.7491977193683212,0.6980826927617084,0.7227749613760746,0.7602683706707791,0.7028725614025401
0.28075567967707,0.701905096228924,0.7314889528886734,0.7293219641492846,0.7734491862645694,0.7494747575409584,0.7525520125335246,0.6871573444580802,0.7330320749333432,0.7826759471116155,0.697431524786621
0.2816223803905082,0.6217511073623212,0.6998812314217534,0.7419898532602409,0.776231720844273,0.7463035791081486,0.7579029676572625,0.7222795851666766,0.7038738364108502,0.7362851153523915,0.694842029741176
0.3042862575213932,0.6588595641416408,0.7395484149806649,0.609688742880826,0.7892961734492504,0.6849215160269381,0.7478406567138869,0.6626962889642486,0.7200978019719491,0.7154512394475016,0.7453783198520323
0.2385248878450668,0.6428715725572395,0.7407260146281482,0.6524661905279403,0.7619920393420839,0.6276471222099673,0.7442745120755362,0.7092308601399513,0.7280232540967271,0.7140033793913643,0.7317605590998422
0.2501762490497091,0.5775324959163753,0.6831336976930822,0.6986366156829877,0.7679900650604254,0.6514290529819445,0.7588700475629668,0.7032586401736298,0.7315906553226067,0.7277272860980394,0.7220625007152653
0.2251763197428763,0.6196793011072289,0.6926569924307908,0.7078511226036767,0.7326341573266623,0.6480623817525083,0.7737113366699897,0.7293166791537342,0.7385383692096112,0.7240528838930158,0.7402012595152722
0.2464101194162408,0.6551255683839601,0.7080993865148386,0.7000904393909491,0.755522237725825,0.6539701177865673,0.7406743689234349,0.7409881618269694,0.7271377842062228,0.7519116944813204,0.7055648992799503
0.2643682823272226,0.6553963165290244,0.7074624918143037,0.6714584077867067,0.7697205345653282,0.6838046410914635,0.7656395180267394,0.7542506747795836,0.7307166209002688,0.7123674335381978,0.7275019776801743
0.2600970070337899,0.642945491866784,0.7056940249385548,0.7086352908589559,0.76997921421125,0.5980778914087059,0.7784136348747848,0.7764343721368603,0.7286571962016155,0.7266459511285704,0.738803112220407
0.2810230436038661,0.6764386701483394,0.7198387436590357,0.688576290894783,0.7765997426934179,0.6054489572664796,0.7161488205305097,0.7073591649351259,0.688692711052043,0.762650544702435,0.708451039995608
0.2449467671510399,0.6788834561859045,0.7124812480660986,0.7047018167942731,0.7338153385193565,0.6263061808523083,0.7453095620656317,0.7253522234794221,0.7151885065539852,0.7468099627019261,0.6858678139792572
0.2487708142775142,0.6502177172403214,0.6691782946979028,0.7066023785410538,0.7466505092092562,0.6250543372768628,0.7423623507524176,0.7290725166386895,0.7376892367404854,0.7577228493725146,0.7118729152920178
0.2496250022377025,0.6597268831986506,0.693461356463767,0.7060633259525559,0.6842593407859392,0.5837527131378613,0.7197840164394521,0.7496513896598582,0.696471286876546,0.74198931239537,0.7367104142850435
0.233384344645408,0.6659725264065322,0.7064493186422491,0.7212486434614359,0.5976573844406757,0.4797641942696629,0.7405678374533071,0.7540492541287164,0.7136318547558442,0.742079647124986,0.6812674300455943
0.1654933873288653,0.6143184879851754,0.668944579780412,0.7358604076701359,0.61347859805691,0.5040182957330983,0.7145778224744165,0.7558486554628443,0.7420896278284173,0.7543268719759124,0.7193822811951851
0.1729998146884484,0.6382620961059151,0.674355307368085,0.6842542831130971,0.6144609636027072,0.5210134197995768,0.7377129077038824,0.7519404616140445,0.7566231475685234,0.6902492500936903,0.7072745692883255
0.2106460281115594,0.6435789438258893,0.6686824866254499,0.7195315088897423,0.6236698933902086,0.5464288454324703,0.7274569798136594,0.7024906701262963,0.7726978493149625,0.7310987074436243,0.6693481262258606
0.2188566199690689,0.6218698914449103,0.6986963518751299,0.7157534338619571,0.6600530063989731,0.5109936900697492,0.7396490493118195,0.7185200307805031,0.7801737913727018,0.7339353952626932,0.7006497027784344
0.1947556243117324,0.6470545789140527,0.6085215134063792,0.70750169869976,0.6362641594036647,0.5372749092075875,0.7436168770110703,0.752189448230252,0.7467590752606668,0.7385603964603891,0.7043121619848525
0.2050422121912637,0.6620609852372621,0.642551096179701,0.7149661256766093,0.6399968948337318,0.5507660808690638,0.7482318007383568,0.7576879965669063,0.7501093221095287,0.7531979916216436,0.7162207669826005
0.1723408897249064,0.6383199699652929,0.6625481521396429,0.7352120337114771,0.6420292624587588,0.4047052347534693,0.6547361381327176,0.6711565008750354,0.6753331622802108,0.7047365365302963,0.7198841804191674
0.1779600408461754,0.6500037106591185,0.6403357026410057,0.6622465283116243,0.5717993730442105,0.4456384253813511,0.6757548001810106,0.6772585108667635,0.7053414481375828,0.661906620035789,0.6502971767326879
0.2008387420171852,0.6406180585248314,0.6587454657144176,0.6966946277389168,0.5766918105187557,0.4624777498494773,0.710049831464633,0.6543972343453185,0.7086734404471453,0.7073730708653334,0.6697896943445991
0.1718958860253835,0.6304085447225835,0.6496406821662369,0.7354122422174839,0.5773563945451821,0.4803473904573601,0.6883532642943841,0.690100368015284,0.6937474002158952,0.6341692880213747,0.6690129489424983
0.1924326634738829,0.6559883814562999,0.6454608582027356,0.677701162225647,0.5964649196708567,0.4882762134439672,0.6755744446198924,0.6551981229784191,0.7025572019930149,0.6524375333113972,0.6595764357183054
0.2003804008947685,0.630781398531444,0.6551088691181366,0.6944153274499818,0.607714937453034,0.4753385901628176,0.6389767544704322,0.6695474663949887,0.6712899546744032,0.6564062211896748,0.6364578634251437
0.2011149254326114,0.6426611568266725,0.6571746823686867,0.7052896708655997,0.6261667259989989,0.4771713193342195,0.6639342114662085,0.6600528498682863,0.6691516557847045,0.6311645307718365,0.6489284991995453
0.1944598162391533,0.6532036073391273,0.6083276195371431,0.720661296838398,0.6268473164127848,0.4608335392495519,0.660531613588002,0.6510147396684329,0.6531749376115259,0.6434542263756928,0.6177365366668971
0.1733928258301205,0.6241479321844718,0.6247554287937854,0.7167098433310917,0.6483943649886308,0.486699683071999,0.6509083182519532,0.6712688211931983,0.657989571908984,0.6587936063621616,0.6488586452865943
0.161257613401806,0.6335708454111298,0.5967086442706544,0.6939193234764787,0.6602843172329342,0.5047979903654152,0.688404212034165,0.6730850185607185,0.7020512650641366,0.700116223882842,0.6621288036723512
0.179313185474729,0.6327904260797658,0.5950527428982062,0.6355706497650424,0.6644483142243576,0.4242126897074537,0.6297590550456421,0.6843946893210152,0.6833537581142808,0.7006305039842848,0.6124943527158959
0.1899870348016789,0.5865303407248599,0.6008980172708858,0.6585301162603108,0.6663419633205727,0.4818530398032753,0.657092312295342,0.6204553760408533,0.7026756372957299,0.6865365927956909,0.633977313774055
0.1918604674475295,0.6221080651228297,0.6012537818627339,0.6957223468689586,0.6134347537234724,0.4282982804595591,0.6699403264906032,0.6222358324698855,0.7232998354911455,0.6775089847405354,0.6424468650451005
0.1997614847102931,0.6448161099604102,0.5712019007943219,0.7246452210187904,0.6225059036096944,0.4501746272833817,0.6925212085389203,0.6438695191485856,0.7006013544385179,0.7052410160900684,0.673107408536247
0.2170095241479616,0.62838743244532,0.4993158518256891,0.702722166855505,0.6389132990770408,0.4423492093250299,0.7080330472828313,0.6552306817032407,0.6585145062137722,0.6552102369326127,0.6723760948319121
0.1889429531675116,0.6559055424874968,0.5415375359021218,0.7060337872304447,0.6103477933113568,0.4900340366633521,0.7100067086944211,0.6716053327290853,0.680555360519886,0.6679898817019445,0.7017947895748857
0.1791743308601851,0.617781522988339,0.5613170328256525,0.6968307857464748,0.6134765622298186,0.4781626403735414,0.7161288552360565,0.6764140603157811,0.6755079986942497,0.7020829645422269,0.6516449897935
0.1801777015806179,0.6021271787783672,0.5298975920100161,0.7028766866048726,0.6491916551800568,0.5078847634916404,0.7235040456347713,0.63821863775422,0.6525547816966975,0.6632894709521397,0.6310606013413226
0.1958501989286695,0.6192707861151259,0.5377490050679996,0.6885128234398931,0.649875125025678,0.4783253720067281,0.7251372147292322,0.6773896108369372,0.6792956708455962,0.66588809306635,0.6121366694210216
0.1963417137988428,0.5777956838364142,0.549910248647145,0.6812226054849052,0.6118732246249918,0.4835294975397886,0.7259746159517855,0.6818804254772004,0.7026726372138384,0.6788085282578027,0.6388078730407494
0.2013487722323916,0.6234095212955493,0.5547926931496501,0.6663684637323595,0.6322770459153733,0.4967012637639533,0.718233706634838,0.6580175732631427,0.6742359644904471,0.6264824903358981,0.6389932923261556
0.2080322916823702,0.6385043751285907,0.5409042802842183,0.7003664500360833,0.65110514663466,0.5173817509030152,0.7092838142712771,0.6891268462736768,0.6876213729238037,0.639081238950683,0.645547038849899
0.2049311220135876,0.6300204122086444,0.536222195613329,0.705547446999383,0.6605896961981947,0.4578218318569733,0.6682940207461867,0.6938882197218323,0.7040770259220904,0.6683145683789438,0.6290454254861653
0.1848011064869311,0.6531139118403451,0.539841315806109,0.7211789305790447,0.6571048104366773,0.4920961982530084,0.6959888056114372,0.687666523924068,0.7244019011150462,0.6789464237107687,0.596276912902159
0.208412528084866,0.6294562747714773,0.6131486595520321,0.7094497834744634,0.646119286268568,0.4436494000227239,0.7068648654027314,0.6981824447618674,0.7247475432175998,0.6849798541228953,0.6347782618232591
0.1825267409664278,0.6209406434584983,0.5400014995065785,0.6689647009547725,0.6389331895688225,0.4729065732862751,0.7254494837270888,0.7049153166087373,0.7364493648585456,0.7243867160236024,0.6170319136821801
0.1916108234945225,0.6439351673199886,0.5621074692293196,0.6972474477087626,0.5902691588569909,0.4961480398456783,0.7264998495623958,0.7022701542942833,0.7480355622439375,0.6956835573079422,0.6344336360999847
0.1758254357350743,0.6354874179568291,0.5254370982414497,0.7179735677455052,0.6262400269862625,0.4876206096568284,0.7331180730928468,0.6893249534480249,0.7063621839004719,0.7094672279504664,0.6345244435445745
0.2087122595754639,0.6248686431856805,0.5297748802225982,0.6903307207338577,0.6303238703389493,0.5264792101792701,0.7491633767804209,0.7045233689576198,0.7411419399825367,0.7338291438989528,0.6464817733549719
0.2101283076089614,0.631928377349999,0.5350044367204905,0.6995256625172196,0.62836468303836,0.532716910413914,0.767222372483275,0.7085909801093419,0.7020571317237485,0.6637232878725203,0.6517185372714962
0.2103466363123561,0.6670851963264435,0.5376888271145568,0.7000157940244695,0.6040251291081259,0.5327999980945362,0.723902860270128,0.6875118471188053,0.6991967209582485,0.6915855704219372,0.6599383243704076
0.2004495062966699,0.6563999678617717,0.5456961071307993,0.7310161463787147,0.6497696548516105,0.5345845713293167,0.7295017071663059,0.7020354972805418,0.7172095343798528,0.6785464722759404,0.6163704240760758
0.2101529801973263,0.667969861240171,0.5148048086980077,0.7260301033437819,0.6510089867389997,0.4990513735725453,0.7554773707006212,0.7168794687444167,0.7044514288864975,0.713658937328931,0.6292104988021263
0.1924597511218013,0.6641290383586618,0.5556440369004321,0.7209198957563893,0.6630587543426829,0.5326616321343653,0.6762276339721217,0.7090885643312926,0.709538954541181,0.6800157204416848,0.650184873286676
0.2022188826581175,0.5916702385343847,0.5011911697625099,0.6924543832492638,0.6520100550832085,0.5591911395375505,0.7259588507872379,0.7314646304952492,0.7312849518210119,0.6188892642605077,0.6643223332647088
0.2216594285869792,0.546935213570699,0.5583143117451396,0.6666780847355233,0.6776991716035697,0.5436964790948807,0.7027452694559748,0.7204406503507774,0.7416256400925921,0.689012947892789,0.6614052696689501
0.1966472171086151,0.5535938450565867,0.5704689788236492,0.6938397913230155,0.6971570734766743,0.5411134281128478,0.7183250303373185,0.7561799344553595,0.7454163874967185,0.7294857688430277,0.6957540103699438
0.1980163016601747,0.5768874954806666,0.5060528791916681,0.6808354347049455,0.6480080340223933,0.5537437498679302,0.7498674933589851,0.7240401960972723,0.6807148834969535,0.7248319194637197,0.684561840028509
0.1980406739265825,0.5912865410737691,0.5188700190360993,0.6584817678313865,0.6504179143711462,0.5151617392151765,0.7141647529858914,0.7228015855016621,0.7259888219004224,0.7506022346169537,0.7397714547233782
0.1818970330546434,0.6106997076580953,0.536975758763172,0.6719023742857819,0.6513556003486591,0.5239800402209563,0.7014844480549656,0.7397610942813893,0.6865085247838364,0.6626901541062268,0.7026378272290803
0.1702005593772384,0.6153902836567904,0.5673282399726693,0.6844043598422193,0.6785953603200259,0.554702664759542,0.7145921238714423,0.6629810105043707,0.699043913796464,0.6849368317966265,0.7214114329779607
0.1760019263388122,0.6323014659144008,0.572204009016763,0.6908549469398524,0.6631865589813716,0.5224626319758366,0.7271213327499659,0.6857231237047132,0.6304234292614568,0.7123041683936299,0.7146552001115649
0.1949786051886231,0.6459749514553793,0.5372867867868117,0.657831067132811,0.6266140451760828,0.5311129486670338,0.7248707853099038,0.6603858642314913,0.6338296975805958,0.7328945490409359,0.6891353888264763
0.1778749188192519,0.6679529798974757,0.5716178754123432,0.6705438051962485,0.6432045332644212,0.5459224132312224,0.7275820874262382,0.6923222479097996,0.6349720533237223,0.7502469157155085,0.7017196454538848
0.1858161167038493,0.6684193373262753,0.5732555553394052,0.6051249060230915,0.664813584935781,0.5591757543877249,0.7400761859181659,0.7140138166909882,0.668059885925882,0.7606382892984951,0.7141622175335982
0.1824137808370643,0.6056879054824627,0.5605871239848494,0.6516774546859481,0.6771497372136659,0.5389291393555855,0.7529718609469884,0.7019628264635218,0.6640858474525314,0.7307540751693847,0.7152312253314668
0.1825436628485378,0.6196428117878479,0.5851444365406959,0.63365031390231,0.6808197325443681,0.5576330797326561,0.7505507983069141,0.7183807965095412,0.6977334926611423,0.6948872930540392,0.7137108380819285
0.1895528255384111,0.6151985894766958,0.5872281214145919,0.6660844589508002,0.6698807196336567,0.5722757893776526,0.7622690870526392,0.74359974658728,0.7108275985811848,0.7171698402708329,0.7085603004229275
0.1875009472608715,0.620894459381086,0.5143753516772921,0.6594349650762216,0.6154032677146034,0.56680606135265,0.7151373730060816,0.7392617159620887,0.6871906286724985,0.721854510530646,0.7043336806086886
0.1997209532513905,0.5842219942303339,0.4689762981169318,0.6610567441582922,0.6172137290182691,0.5766058686401956,0.7443930152030198,0.7448351946924314,0.6672313427220352,0.6973106639047794,0.7068118163351849
0.177749473992811,0.6158227034078733,0.4903696104399323,0.6702616089972373,0.6610629123265537,0.527708833452295,0.7133550932912736,0.7361925387209951,0.6891520931230573,0.72007785346476,0.7109740072634217
0.1640918473602651,0.5534790638603504,0.5367595551618399,0.636841424900983,0.6958756872323666,0.5319446500147498,0.7417839780472961,0.7566451212503755,0.7205414097163578,0.7320991247282456,0.7309826621736842
0.1660044522848532,0.5956882272830226,0.5410533613787609,0.6625153328937086,0.6249991612371676,0.5398084385849766,0.7418869752330037,0.7033208776129738,0.6740839003839401,0.7383186065908071,0.7384962224260956
0.1913490163400629,0.6125045093446935,0.5028177655116793,0.6629472215170731,0.6320331282641216,0.5059382820113334,0.7496720336259804,0.7091135867522989,0.6797478976263824,0.6961146569218035,0.7324534298380216
0.19402123088001,0.6038356070072042,0.5287704791712327,0.6765436119608114,0.6624988783305312,0.535152604954952,0.7603776955306739,0.6945067925066399,0.6685351323201766,0.7268892890481968,0.7057511885823154
0.2003091862424159,0.6285458345001127,0.5528482947402449,0.6600523278761897,0.691233796958064,0.5680081896789919,0.7596989495271887,0.733142064249187,0.6798627910685953,0.7268975544882295,0.7102214111902381
0.1684390407264989,0.6173230950433874,0.5516281123130602,0.6607380367614146,0.6879820099768528,0.5785645943609037,0.7923921860304008,0.7337305585767142,0.6793627270411646,0.7394609460676782,0.7328665859577265
0.1861882472896525,0.6172508990341286,0.5172110231636607,0.6591686502722793,0.6789006919273968,0.5707073876930191,0.7782952292122103,0.739917685464988,0.684685155614599,0.7042831794041632,0.7221063555210809
0.1904412301073962,0.6344942307813347,0.5745299812994332,0.6672426548561394,0.6656801617003428,0.5437046281849734,0.7526971115965849,0.7257878275957895,0.6931070773538721,0.7187822072562653,0.7275103966119619
0.170509981478172,0.6504310211356527,0.5789010278027593,0.6631683272938527,0.6768737672687655,0.5640342429782379,0.7540063364547701,0.7320893663333865,0.6992695053496627,0.7546997864313237,0.7032315968343906
0.1785835053195712,0.6573680720316513,0.5942712356800649,0.6514020658931968,0.6891065559857503,0.5742509960652459,0.7585198987116774,0.7455687943295242,0.6675621686541383,0.7181396049230961,0.6987237778654062
0.1529997250830209,0.6667996630240323,0.5996697225529954,0.6724106025036658,0.6834891685723995,0.5862019968908506,0.7354669623136778,0.731066372178843,0.6900722822310645,0.7307594562830868,0.7244607760891812
0.1646783315864656,0.6313604310476382,0.576531315657261,0.6420674734981152,0.6858531194623958,0.562156979138078,0.7463966684138166,0.7349678220738745,0.6421350511290335,0.6945302284369866,0.7291800268493789
0.1868817933052245,0.6389305540000512,0.5612619085376473,0.6726832451199303,0.6640714042114484,0.5638285827507343,0.7473973400283214,0.7188869039944061,0.6906200560279472,0.7263003714003002,0.7420053064273142
0.2038490601639634,0.6329945951231971,0.5250727317693881,0.6720259387623976,0.6240969436172115,0.5445626826316828,0.7801597484434466,0.7333467511077729,0.6474837495437613,0.7569921441251303,0.678784118993772
0.1913244449692778,0.5889677721385655,0.5275455756450158,0.684977620478117,0.6321494440279576,0.5495355157118302,0.7181120493591713,0.7140613789589823,0.6546804206247533,0.7221065668548087,0.6980725583649778
0.1746605361395612,0.6148359285027151,0.5541595408402973,0.6631950895701793,0.6805886131952461,0.5561898898444732,0.7367995523762806,0.7176230137723979,0.6667894240049774,0.732535001347842,0.704229669033152
0.1916457149065657,0.617954393373574,0.56081328119268,0.6632314411891558,0.638082169346806,0.5433138104672458,0.6920448645867557,0.7207435666070465,0.6817036072613349,0.7258074675489801,0.7124086624999386
0.1868826396832688,0.6184853072779599,0.5863642357141096,0.6813739516076969,0.6350090222445175,0.5854828093207045,0.744079361041832,0.7383411304339718,0.6978685617779812,0.6868145070214208,0.6934748820064826
0.187867987336405,0.628032658807107,0.5783046922106156,0.675400814706079,0.6180078792822524,0.5963459144732506,0.7053423011170541,0.7454148879636495,0.6331220046589447,0.7039154000007446,0.6980081427801382
0.1805975203971724,0.588193412561419,0.5792360251911732,0.6854731889744894,0.6438678272284621,0.5912195153591708,0.7068453801693031,0.7738523207285435,0.6821442013141447,0.6447823921224971,0.7233280744505721
0.194951686384381,0.6126429799328066,0.5795035412543237,0.6923285536118373,0.6740967179983524,0.5981907150007438,0.7652121381449954,0.6666475516122304,0.6641946289905679,0.6895948925241785,0.7263797067628508
0.1983390383837504,0.6220676433004395,0.5334350155706395,0.6868756832557981,0.6392396229419065,0.5737566060050701,0.7386940587990074,0.7070079794045504,0.6767535392851165,0.6820348567658988,0.6694422435439858
0.1722797937758087,0.6281311438676104,0.5361682159169139,0.6686489268016024,0.6402975688447254,0.5426789838638031,0.7469853048728023,0.7224142803295741,0.6713376189682745,0.7121225405637224,0.6885098517826107
0.1748638621567752,0.6200196754729981,0.5623256071275218,0.630849635291008,0.6431295813418726,0.5637157641466177,0.7047965221275171,0.7291070232850487,0.6542773190730043,0.7138598408364496,0.6986848223044799
0.1885611765737559,0.6256382603555035,0.5988503401691861,0.6561028318378909,0.6250063181139608,0.5688504026777456,0.7058384028390483,0.7117560692987879,0.6636317280118416,0.7041405111621319,0.700043209047474
0.1684863068457394,0.6392360070939689,0.5452497678622736,0.6629803393655789,0.6479978701720668,0.5784821099492347,0.7268031996962907,0.7352270769838716,0.673295164030096,0.7084914291776683,0.6701422944201456
0.2016870263629606,0.6137481419555966,0.5776575595591795,0.6749197252816808,0.6551939134564773,0.5568436883383406,0.7423912729513036,0.7188924584211793,0.6856735546296647,0.7138065542933649,0.7085959573477192
0.1808586274919345,0.6183921529839943,0.5810073419210233,0.6574511207647986,0.6744306729648272,0.5660227666763427,0.7388484202647316,0.6831077333205591,0.6807905459889744,0.7094906672172154,0.743524183812649
0.185103003998563,0.6482988070007079,0.5433123183195859,0.6430212492843802,0.6515014081485699,0.5796636424768704,0.7207935836375989,0.6898351213654044,0.6919128015350211,0.7249061521661906,0.7458275218583588
0.164172135056538,0.6577366950258743,0.5595157016550381,0.6683527826683431,0.6516873102748153,0.5751062265225636,0.7407652239245712,0.707172888173091,0.6823024256380105,0.7268390043360897,0.7151529672443271
0.1885300613198822,0.6290494120376732,0.5675237390411532,0.6613450578332845,0.6522491226722062,0.5829641550938478,0.7683610523522242,0.731874292508518,0.6539833703100355,0.7055509432738295,0.7289461142411571
0.1907171989941145,0.5850557444788879,0.549751839830923,0.6351147423245314,0.6523984090707993,0.5568446610160624,0.7743052990849393,0.6750288658515573,0.6858910639128797,0.7137775240470081,0.6924937802644364
0.2059648333962902,0.5907176025834053,0.5718307346006131,0.6316747139235886,0.6684100803167997,0.5854612924550638,0.7455928217386093,0.7214135575142281,0.6898191988599967,0.717385939059957,0.6968370324449034
0.2073804860050621,0.6366448657851207,0.555986739841704,0.6087281743734377,0.6463762160417623,0.5557424238520295,0.7267778734471223,0.7193394021175936,0.6467740263698516,0.7318662605064803,0.716336562533771
0.1942547802139133,0.6243196306070126,0.5596331134038541,0.6452243354298779,0.6725393687567178,0.5883318407648834,0.7264799806086758,0.7328832109764156,0.6576355268528742,0.7447053965194066,0.6945897164835895
0.2141425096273316,0.6145299699348856,0.5646153452726591,0.65150480457005,0.6753588091628375,0.5907957249150341,0.7549281451714485,0.7323059045243774,0.6500614611745428,0.7464364594015729,0.689959754158952
0.1879336102056756,0.596060541767721,0.5832923867709832,0.6404400760451391,0.6894551452085721,0.581285540068953,0.7194155191703593,0.7537482090223211,0.6645049665897235,0.7281968346254174,0.6723452736856808
0.1758600057815455,0.6106824015009679,0.5168712410040551,0.6570306647235632,0.5957694923623289,0.602570180637478,0.7405605748333908,0.6848017302239932,0.6704443720794908,0.7182361714129751,0.6876913156583433
0.1919655111575362,0.5823983944893975,0.5480313118918541,0.6520700998670247,0.6291154120728203,0.5426334770391823,0.7375668780638726,0.7451852567946312,0.6669652475843871,0.7205632698298048,0.6966448923349751
0.1808090243813871,0.6278280511967937,0.5575783365880663,0.6472342211310179,0.6601591858617756,0.5545831918072459,0.7515665061333809,0.7153042965327117,0.6792351345585638,0.7514419318043024,0.723911703757356
0.1755354591111232,0.6268894112923659,0.5707146590831531,0.6613200350458828,0.6801786050497333,0.5577361596081964,0.7293707618730999,0.7304890066822385,0.6416009166808195,0.7590875440529332,0.7318868106674487
0.1835922995965283,0.6357851093847605,0.591947812218139,0.6484917048949296,0.6858321963712375,0.578925663191076,0.734682582073367,0.7333052656819194,0.6463764942821806,0.7206929433781305,0.7257866600607954
0.1654860468166104,0.6016267001759296,0.5636413915109655,0.6225910328336474,0.6629540758258681,0.5538688383396458,0.7412060334247148,0.7497591405609823,0.6638185282207862,0.736198168546907,0.72045214776451
0.2002774175083716,0.6170989366842361,0.5865909232535329,0.6543129527524354,0.6641869389028382,0.5995103998349727,0.7617985179428153,0.7310090526443207,0.7139776604342006,0.7166204083110412,0.7376624543864627
0.2229593742246569,0.6208479433520092,0.5877505341597806,0.6638721397307707,0.6798876887840197,0.609562941328027,0.7253243955681777,0.7377937997849383,0.6957766996899386,0.7320558935420727,0.7315148596769945
0.2021600244718598,0.6119471386835266,0.5293820287283292,0.6602466686752236,0.5867234583001028,0.578014857287393,0.7393751945816232,0.7522396854169917,0.6592476224796032,0.7388991329272658,0.6965940729643635
0.1454412842493758,0.6146412844110041,0.5285871974566552,0.6299475639664003,0.6043067570030557,0.573397537892847,0.7468648898960908,0.7605716023463673,0.6769359803890271,0.7402168560752538,0.7484376111920219
0.1678872293792704,0.6133625998863174,0.5425353783561844,0.6553488166211164,0.6420696445792543,0.5912530834063516,0.7380017545023981,0.701440761544633,0.7020182512781579,0.6850264023190615,0.735746464175593
0.1728014767024334,0.6044780677157311,0.5484482036912719,0.6606620194798147,0.5905391416084167,0.5794613308595721,0.7479069600292394,0.7228608025075952,0.7219202524325423,0.7092852642437917,0.7585822862869396
0.1732780237645315,0.6165880808144658,0.5694977470732945,0.6305828134372254,0.6257852143956429,0.5725385923906376,0.7201266201508827,0.7463358156339782,0.7399032393990062,0.70977483604354,0.7602694640954957
0.1731788846542117,0.6018888377552857,0.577470762113176,0.6570954442434243,0.6436112933158818,0.5632068288005128,0.7379110168885742,0.7320007837688527,0.7313078799687958,0.7027006860073424,0.750012505181568
0.1479253904324133,0.6332988656477521,0.5750528737617066,0.6216588301225973,0.6500588208730351,0.6165924421639002,0.7134228967616475,0.7345912692416389,0.689832389649474,0.7031775929337459,0.7204371322567765
0.1526047861517815,0.5808593051672017,0.5991700761922547,0.6537291045289724,0.661460469629539,0.6099942769793916,0.7487386815002648,0.7300632059988849,0.728763077333404,0.715841297377299,0.7340165848879654
0.1635251301019186,0.6159894750820671,0.6006394233119025,0.6602470923346782,0.6775241316780471,0.6296831731759016,0.7173327884531955,0.6884685199897871,0.6867347000606094,0.688785137080227,0.7354105797690358
0.1578403057974018,0.6241748384083785,0.584631750868833,0.5822576618108557,0.675705884988971,0.5982091161877993,0.7011513021703897,0.6820039700286789,0.685460748096428,0.6823487092177618,0.7392943416252985
0.1466884592864783,0.6179232140924664,0.5851646630231246,0.6121710998240537,0.6442867937870491,0.5985724479130874,0.7171925123269186,0.7155859223163752,0.7147560285824546,0.7046069430668709,0.7278698832820514
0.1344367925490588,0.6323955294525683,0.5871346349699027,0.6331138550479116,0.6506652441578076,0.6348831045000869,0.7610678603993936,0.6582014641569532,0.6528091469970548,0.7026863395090694,0.7185014811888191
0.1391378908496158,0.6346931372994769,0.5895181377392943,0.6325628071981918,0.6630165293904606,0.623121665445257,0.7613880321728212,0.6804882482044478,0.6811348894833136,0.7116716899596234,0.7275690865533544
0.1591402120724776,0.6495137676868794,0.6030058284733594,0.6352610439448758,0.7010941242871832,0.6031086025405903,0.7253264009333815,0.6959870056858872,0.6512675522476873,0.7174943517960218,0.725259547134619
0.1583683478262416,0.6505415799090927,0.5772855769087211,0.5935126585307311,0.6986958428563932,0.6224676994125617,0.7416373665363698,0.6588454784995319,0.6867450013547198,0.7373929178861824,0.7203665100533019
0.1690234874301374,0.6376066061048904,0.6090222493468809,0.5999800567176281,0.7091749148726777,0.6205218446543752,0.7535531350392424,0.6915971970770074,0.7042315636334122,0.6998209408398689,0.7317893005309198
0.164149055784882,0.6329072186915232,0.56281542596673,0.6147142414401837,0.692758097122717,0.6360268494959709,0.7722334387978208,0.6776823156589242,0.6439995529356822,0.6311966027916436,0.6829193277225043
0.1518765563208458,0.5808628264262381,0.5942042534877237,0.6627310569995157,0.7018627217244111,0.6105429687726033,0.7398766864182429,0.6920366526194037,0.6513069603978838,0.6780473047455831,0.7042636850958729
0.1594330450776038,0.6315193765520811,0.480270185136137,0.6688399631890978,0.6229406981086922,0.5399433094108119,0.666004737783129,0.7045825918054885,0.7029248734689594,0.6814442836671111,0.6673234886198725
0.151168199605169,0.6354383352326005,0.483112748058835,0.665102392583802,0.6248686268559001,0.583202754991964,0.6898087591005507,0.7274270345006972,0.7293613250083264,0.6578506754062989,0.6871054085570125
0.1637144988386046,0.6369844193492936,0.5291826162679012,0.6500321768820239,0.575681419521256,0.6149210287482049,0.6637755860748108,0.7409394191565317,0.699863821984376,0.7003451737015349,0.6846970588859965
0.1760923545391744,0.6116175829445291,0.5243520758071529,0.6243577512150367,0.5775283723074106,0.5950296305541607,0.6199324802204251,0.7638121543629606,0.7297395198409036,0.7164035438759349,0.7009095731198176
0.2123011330767737,0.6406462518713869,0.5438514616103844,0.6619357429884084,0.5742193846199481,0.5755315082360155,0.6609406202863763,0.7207526180399986,0.7455957243053419,0.7411542050014857,0.6900595200856381
0.2264735852126516,0.6390404189542169,0.5484212131038617,0.70059273251288,0.5881963735253397,0.5358865599690816,0.6645055730624582,0.7332549526460161,0.7001350809286403,0.7219291016663051,0.6999250972096881
0.2147056591288902,0.650822557677267,0.5644931281754115,0.6976043419418689,0.5773785155173915,0.5474255840942301,0.6771069009404782,0.7372900772446684,0.7212139052211278,0.6880049031311823,0.653964255286397
0.194345728380976,0.6917783326698036,0.5870017798273603,0.6970499632117417,0.5916003445633253,0.5618902413161488,0.6963365865285169,0.7439237244316266,0.7156372738084698,0.683818003644147,0.6809578450966629
0.2023901732321587,0.6588825608817268,0.5182874655467782,0.6212598941121799,0.585253524654893,0.550567628580818,0.7128361132911336,0.7281165368473291,0.7091305648875532,0.7041656237463971,0.7010165440154481
0.2096886248242482,0.6925400325897686,0.5510893238991748,0.669416942610165,0.5754294055068861,0.5568475108576305,0.6819424921717097,0.6981681815172831,0.7268653872800062,0.7220125965304884,0.703294237553197
0.2118392988446709,0.6357280191869968,0.5673144174149043,0.6857286059850893,0.5986044873714801,0.5739024925688678,0.7220281384427417,0.7333775353402369,0.7174378209078062,0.7155467724817245,0.6675196846090882
0.1806299384668936,0.6437892897082294,0.5564364490780231,0.6798118299599627,0.6059085769716464,0.6177473854961613,0.7371165719410497,0.7697908638216384,0.7245099071131258,0.7211030793099817,0.6688086553102052
0.1777773874655479,0.6605904420197712,0.5273451756331278,0.6647924025923361,0.6057028668129909,0.6226176880105065,0.7396121794324544,0.7642836138297757,0.7023861140553401,0.7278416009911284,0.7147390418076471
0.1927248170983201,0.6501420782821844,0.5390551178435622,0.6937933047274658,0.5658993226813585,0.6290267206913225,0.6819815893492898,0.7382289800694691,0.7038530892893494,0.7259962784253857,0.6842294256426256
0.1940349091148476,0.6607093956053447,0.5664161720747838,0.6548237003019919,0.5941109776074778,0.5917118562885193,0.7030302360309449,0.7491006117033636,0.693634094178727,0.7338819981267298,0.6924858263489755
0.1643888997253777,0.6575930159346344,0.5765681591292542,0.6578436960158327,0.6105955828639407,0.590666634728935,0.7300828208626212,0.7572755315706036,0.703003030398346,0.6630056362470153,0.7127029836519776
0.1406531792079131,0.6496832903220296,0.5620188628834362,0.6680023494603633,0.6112694454014815,0.5796934134216827,0.7004298630678059,0.7250868423415456,0.7187762818270135,0.709163861462875,0.7010203205144757
0.1640463907000649,0.674905421533294,0.547807388107654,0.6285887560904733,0.5904875706586514,0.5589772224252056,0.7246815374037888,0.7578444847986596,0.7260803639548568,0.7051316197843197,0.6826888670521053
0.1487267504877554,0.6527607584045767,0.4571230060198906,0.6606095537736554,0.5073752442500165,0.5709037123023982,0.739029791474608,0.7425910319645032,0.7502031988076272,0.7209258589237493,0.7144056171073863
0.1663801807137501,0.6476766629527755,0.4592578462790957,0.6493094531438153,0.5314542147188683,0.610820645065737,0.7397564111116846,0.7515624536626002,0.6953148722079733,0.7019914981054813,0.7072510463278879
0.1228207088810634,0.6487678603402669,0.4601605809574682,0.6023417806226624,0.5472380710434898,0.5924795342324949,0.7482551925122902,0.7143112171601033,0.7035842642027546,0.7147958121644429,0.7015282380256489
0.1551732081619159,0.6604403323306713,0.4202298145489899,0.6435767450578946,0.5360930386722207,0.5474597888635363,0.6835566122471214,0.7344846499773853,0.7179310448897362,0.7226910476933441,0.6443203875911255
0.1129735428432812,0.6656948475640114,0.4306380214512794,0.6474782513789441,0.5404726158826835,0.5306258484454812,0.7323693699112127,0.7426356986995575,0.6543242354825851,0.6789875892451629,0.6863700480070012
0.1314599824221069,0.6151322662655729,0.451732219466978,0.6453289451004622,0.5353538185324085,0.5642500414195037,0.7488837463460849,0.7638920450528907,0.6844684148547353,0.6802317377174385,0.7267733811542634
0.1599101185234265,0.6372042669939701,0.4585768842273713,0.6542683604581745,0.5390958132483501,0.5695145130565404,0.7630308260318405,0.7714218933178496,0.7011822446636446,0.6893231846639738,0.6777961829939563
0.1635784433505351,0.6497260545327399,0.4520670177830326,0.6500475806933488,0.551285588517169,0.5917403805999607,0.7448901962750877,0.7299277372505681,0.724453850334862,0.7234846079575494,0.698256664228348
0.1543896100796826,0.6715694362256448,0.4683503162596524,0.6514503170145483,0.5494191466058794,0.6341885491715172,0.7702764606395451,0.7480861973353514,0.7253623058438405,0.7108009862379333,0.7020756239482366
0.1416632538580829,0.6678848091506182,0.4204426814491994,0.6200823389627504,0.587309140351679,0.6405937187526476,0.6904032419645392,0.7506139921615438,0.67984246950629,0.7109578078918923,0.7161791564138462
0.1599795368601106,0.6780217976544687,0.450507621256898,0.6209836852918841,0.5583999915746608,0.6044564996357552,0.7186326641570127,0.6960003199072374,0.6995991557720898,0.7080634388882124,0.721894415871157
0.1793391720948669,0.6941365353618747,0.462692579745121,0.6112779959428332,0.5781069078746688,0.616455411048171,0.7357489105136409,0.7131865587046078,0.7042050942812335,0.7082249310390634,0.6858500027425541
0.1823791778226379,0.6366310253960439,0.4761782005489593,0.6200545261380926,0.5740541227635475,0.6242362061896618,0.7445057834729345,0.7478726323974085,0.6629626771685472,0.7206180739820813,0.704290235484144
0.1879317382798073,0.6053410524251056,0.4898036123454652,0.6306478982215613,0.599088529537503,0.5953597167202538,0.7222894335802369,0.751527371931423,0.6814646727454854,0.721733999084996,0.6784145552843184
0.1556174962400128,0.6414639665980053,0.466078384643604,0.6449418937021794,0.6059138767489862,0.5624587809698132,0.7036501149914873,0.7524826354478582,0.6850207853635414,0.7074694115999333,0.7157591259355109
0.1597628548701131,0.606471325829523,0.4725817225830897,0.6538435901466546,0.6007993832255863,0.5688923709337372,0.7231546996981462,0.7644327611757673,0.7049725724644921,0.7076667415196729,0.7182032485117174
0.1506576289210824,0.625254619600188,0.4807634721075849,0.5689978457758386,0.5981501627563449,0.5826588224938712,0.7456737946277328,0.6885093887508986,0.730827129574286,0.7059767135169333,0.7156402032917546
0.1728424325283673,0.6326918517928748,0.4176458561598656,0.599401827547247,0.5269300166802897,0.5859874155146739,0.758484949414367,0.757580415864396,0.6922271015140825,0.7065443114863696,0.7234292838386562
0.1732818197589362,0.5880637516878665,0.4119036098205254,0.619393268545327,0.5470381245536433,0.5452630373540244,0.7764758773582714,0.7611355237136653,0.6365758387410761,0.7192566201953008,0.7268276609550212
0.1794958550644532,0.6298300496384708,0.4245466622915219,0.6403035272428357,0.5617073016216261,0.557644621771312,0.7510216386661082,0.746639640836128,0.662591763202524,0.6747132924379153,0.6826828021600162
0.189086781323637,0.645571851409859,0.4429848101942017,0.6434469804862374,0.5253692025488402,0.6011783518048158,0.7417488690955519,0.7195944222021416,0.6866774323459404,0.680090520615233,0.6893881626782152
0.1594985588078343,0.6493224976211815,0.4448822767252055,0.6259300733174072,0.5765119772136797,0.5619305862410112,0.717249014860236,0.7514068990273941,0.6974060241097967,0.7244504998813895,0.7095850366450867
0.1628196158632177,0.5038476667003499,0.5111884783660998,0.6972576535050996,0.5591736189670059,0.5795079211102139,0.7279078580721403,0.7294479336116276,0.7192253804716864,0.7318108830649794,0.7096354465899342
0.1744062142562693,0.5768149007004242,0.5060909273743325,0.6280450466300588,0.5616215246315486,0.5836792357094345,0.7451107914186472,0.7399718645997708,0.7115988174178691,0.6917224558568866,0.6946184479162787
0.1456669905398684,0.6179432087056425,0.4898962363952256,0.6171565232684566,0.5694667244306796,0.5918667876180637,0.7602384608238175,0.7403020859342404,0.6921915626582555,0.7191376290480236,0.671304380002723
0.1540399337804787,0.627450980603362,0.5020131795649594,0.6164459247932845,0.5649789821305266,0.5500005336264588,0.7673366033185258,0.7500961410267153,0.6920166126166948,0.7283243161709574,0.7075962889984384
0.146155709500652,0.6398462589360117,0.4312792643078966,0.6561780092420082,0.5760175147717033,0.5700785445970086,0.7541726443349164,0.7518822022101285,0.644277305637325,0.6984034679388416,0.7174398778140842
0.1404036489276155,0.6285029810014855,0.4468217406267435,0.6053650804132487,0.546462344228642,0.593354367931076,0.7650603290085976,0.7613828028005103,0.6752403169500958,0.7105918461848011,0.7391546009489102
0.1220036637749578,0.68181355208097,0.3754738613369591,0.6116470471407383,0.5468395379213004,0.5504573753116645,0.7636453244976259,0.7695503234008922,0.7205332749031292,0.6889943247239255,0.7409144977362074
0.139939166501107,0.6541535677152249,0.4134142984306462,0.6134059280881088,0.541880242509192,0.6055315577696159,0.6982263539614287,0.7633557380704681,0.7228471739594695,0.7089087363462723,0.7604249163174567
0.1610580157701876,0.6491605875321973,0.4513664705754184,0.6086157230364604,0.5506945681188247,0.5865137718456065,0.72886647737923,0.7652861478626555,0.6832202527557099,0.7211980827892521,0.7033148309128922
0.1448015395171009,0.486148129569727,0.5049165565390374,0.6936540901960562,0.5520619620414606,0.5841772051027527,0.7528757241050192,0.7343356934675489,0.7137414368580491,0.7304397364910596,0.7170701460802891
0.1179714142909028,0.5750504571178802,0.481099775607517,0.6179459213627977,0.553916638071317,0.4979056423003664,0.7434406431567501,0.7427249801913904,0.7166989360222815,0.7350676099243121,0.7320263070124073
0.1355581246873128,0.6255129742072634,0.4361638979302509,0.6186761665705035,0.5344358229966295,0.5619984836853041,0.7491824048027766,0.7466223024016834,0.7000889426810846,0.6698723603212741,0.7283228401217433
0.1468607019832344,0.6381878782294064,0.4382654672161449,0.6286848934776624,0.5385975725553962,0.5825089254229607,0.7567025073539946,0.757995488490198,0.7025325726424443,0.6873499910288583,0.7162221207993927
0.1374575747977685,0.6414645076457484,0.4346753396820361,0.5973536233383459,0.5529754841090586,0.5731350418429266,0.7572152820803248,0.7573781756190474,0.7291786920545598,0.671977098247799,0.7301926959751706
0.157121050640783,0.5825526820693991,0.434818088617856,0.5995363360918108,0.540413084521696,0.5945503060172237,0.7698105746807158,0.7822294431410148,0.756128601568578,0.7016666045515836,0.7183515921961611
0.1458510934667863,0.649043976513614,0.3283964281495201,0.6138094546025465,0.4834579254485053,0.6138613506177195,0.7520477228067505,0.720081038697734,0.7464924898133813,0.7016739002479024,0.696240680167241
0.1260578944018142,0.649836421469506,0.3633752194508896,0.6435735904532269,0.4883218563276112,0.6317872938096434,0.750211814842599,0.7377148946175962,0.6628151698873861,0.6993939615691804,0.7102805245543338
0.1164246521174289,0.6662545492161636,0.3991744585286119,0.6562079463674841,0.5228113649578857,0.5869432274768545,0.7463512814259209,0.7319679831464436,0.6959038339710033,0.7158681740172166,0.723822794724399
0.1397991518602111,0.6516782614348909,0.4161018175899806,0.6069121524820501,0.5213103479463125,0.6053232322292923,0.7174820275550444,0.741974724415911,0.7282511233411889,0.7029656015211823,0.7269270521709642
0.1483954355004661,0.6516954215908646,0.4138162980725309,0.5772106719998754,0.5225499926558927,0.5693640709731547,0.7193814154087439,0.7579192876002341,0.7551581933264339,0.7282498641942567,0.7474730726707601
0.1073198542439845,0.6215670403641204,0.3777966534839831,0.5855233659804701,0.4792056557076327,0.5963391357731076,0.754553168963443,0.7677840978474763,0.7105898134346944,0.7296706433239581,0.7110139510004919
0.1057683550950688,0.6365032110141313,0.3805951435848209,0.6434350296536657,0.5582498955752161,0.5042124794437327,0.7553054831098011,0.7037199467905293,0.7240455021773654,0.7417226185764156,0.7317365939439637
0.0926683764650152,0.6409814951736541,0.3582238912080025,0.662003508137369,0.5707465905575337,0.5121521388898649,0.6944298311459518,0.7355296915503173,0.7406392068908981,0.7051373530800058,0.6954723496246652
0.084015857680065,0.6510571708849762,0.361858881136226,0.6933731809914274,0.5823637615049067,0.4971642104226961,0.7031995693895143,0.7594850698050424,0.6917307698694994,0.7116283609367713,0.7219300057876115
0.1033625699810011,0.644537161232897,0.3698492836792483,0.7176503376178618,0.5667258468798143,0.5098436207068388,0.718862554785259,0.7830210975124534,0.7076089350849645,0.7350257172123532,0.7235205840147938
0.0964975865656742,0.5958277056573701,0.3961829857539314,0.6374366772580903,0.5716797510207623,0.4956992624958311,0.7687004375747035,0.7564504817540364,0.7208944005300818,0.7459187123110151,0.722656338516714
0.0972653202034662,0.6429814457016997,0.3781369369461541,0.5846500495616134,0.5885426519172251,0.5480094952462969,0.7290119867750422,0.7401485961532613,0.7119531572200841,0.7287745414070987,0.7210271041225764
0.1085598352178111,0.6613355978075046,0.4171343422748713,0.6453103579211052,0.5999418562073987,0.5502899257767683,0.7560171703949041,0.7360098146913705,0.7214517212123441,0.7496302033237161,0.7520962074320736
0.1189128280970166,0.6895422685276134,0.4603523502372872,0.6072114298719399,0.5952817968967384,0.5269872741745902,0.7644478514311892,0.7374051381565229,0.683892050413486,0.7736130024898213,0.7051682755971405
0.1204752578377501,0.6611732402262398,0.4580879119824005,0.5841271380946966,0.6294205798014818,0.5203823400999936,0.7381140613457754,0.742434199188525,0.7209600809293188,0.7319502870785412,0.7148056080182263
0.1015221651227025,0.5288661431566667,0.4793460076532348,0.6265384420311266,0.6386259234269661,0.5582505683273986,0.7593858191425187,0.7566761218767213,0.7260365474689507,0.7420269014196696,0.7215378576638285
0.1498184111556554,0.5640248321513741,0.4986721644138796,0.6993581908745545,0.6400367882087821,0.5207834501806192,0.7640992148369153,0.775130749326983,0.6736438303208935,0.6874164423517448,0.7086270014480951
0.1621111578150682,0.5241321279636163,0.4592096682778446,0.7422658467557257,0.6523715529336955,0.5335906979832168,0.7301716046846256,0.7591403655162543,0.6956689331379724,0.7143772204842604,0.6994571521383143
0.0709939466895006,0.3666722975797372,0.3507578293896117,0.7200418000541079,0.5936784794384913,0.560709940934572,0.7531896860580822,0.7196080949074778,0.7413038712271014,0.726320239049947,0.7028534100395258
0.0656670313908824,0.4933603082987853,0.3635379466055185,0.4405660502608945,0.6357634579406926,0.5876865453576283,0.7573454141694361,0.7403935243199975,0.7551180565507742,0.7371313146649534,0.7273574968185685
0.0594045146875207,0.422076201106658,0.3368751106263103,0.441110491321718,0.657173071453605,0.541060169969674,0.7293936926787582,0.7654178772423227,0.7254525395333676,0.724518481494134,0.7127288650916249
0.0538211449321923,0.397735244910785,0.3426119541152316,0.5040692580137549,0.6805153525363739,0.5601067279622658,0.7499211353515309,0.7594919018436065,0.7282754711973338,0.7413372600239534,0.7183386769504184
0.0496911404340261,0.4397777191098232,0.2212805964746629,0.5980269061103377,0.6270797017394322,0.5681183580394427,0.752064253309924,0.7770080412268996,0.7175826267389354,0.715751262708651,0.7389067087422796
0.0591195972920345,0.5005045944976753,0.25836908888227,0.6237841093199514,0.5935230480576397,0.3836535626888039,0.7555550977558301,0.7208069701371445,0.7317698564392687,0.7332258303117047,0.7451580775916088
0.0568915901867644,0.5258068876006727,0.2860822629973067,0.6532027823703619,0.5873800516096064,0.4174847570974165,0.7629757596281006,0.7476304697560687,0.7096817697688047,0.7508472787305709,0.7490705209347954
0.0539585678701058,0.5289102540342733,0.2779887335044423,0.5026721258212349,0.5534271687574231,0.4633905416843522,0.7233271243492152,0.7544200490996884,0.7097889561852737,0.7535730925434894,0.7048655339413756
0.0520373460492473,0.5424137281566311,0.2870513718683256,0.4626574122102277,0.5542351589535437,0.4663913710747551,0.7549456469569615,0.7759970730719002,0.7394975524707917,0.729388047027621,0.7005659710955973
0.0364448383042697,0.4543155956277749,0.2362076595224585,0.3972307990879291,0.4812583179096694,0.4759032685012334,0.7110788247536476,0.7933706346272792,0.750065740969549,0.7504640781081087,0.7094280382853133
0.0422482542496216,0.5032657424510664,0.2351620671010891,0.3518384554638762,0.493685277697577,0.5163266519814687,0.7214177821511218,0.7783061256781882,0.7581885682678626,0.7219662235929147,0.7096615917920033
0.0319686920429194,0.3606833363769253,0.2475071572755004,0.3474479331517754,0.4581309832887149,0.3633420052362083,0.7155017915763597,0.7609644180999608,0.76171633672005,0.7313103349332948,0.7292311798285028
0.0226759909060609,0.2528085304527863,0.1900362335895942,0.297373166168384,0.4096695543606293,0.2595467687924042,0.7634131223327758,0.6805390690703116,0.7736702818958243,0.7062583191207147,0.718273257933984
0.0135045514290773,0.2326030103409993,0.1813842607709846,0.2979442528571432,0.4279193033624127,0.2788703898179726,0.7421632074138604,0.648151213566987,0.7155692788197526,0.7084151297292522,0.7412498407782631
0.0165049095489469,0.2218293408949942,0.1515575876665568,0.2878518553951218,0.4783259279424863,0.3032207758363113,0.7099149075490484,0.6804899396438042,0.7425146091077468,0.7174416194190114,0.748717285184543
0.0112559193954564,0.2225847733647086,0.1549944139824075,0.2766457694868581,0.4384419809027945,0.3685825626619761,0.7142204565323611,0.7306785942068843,0.7701852236322811,0.7299918105711743,0.7666665730268016
0.0155540122508194,0.2284448643844105,0.1478746616465721,0.2822621892516187,0.3709238334613318,0.3813179676837421,0.7436300866110729,0.7400447272292072,0.7600643223174581,0.6879154753117487,0.6598030986310774
0.0198843846346506,0.2368823831018794,0.1479924433436243,0.2913732685308514,0.3251301806916454,0.4353673774306466,0.759961460548669,0.7363929838436928,0.746733927318556,0.7275471147461707,0.7112998146793703
0.023877971911035,0.2503902053297151,0.1581307671260801,0.2871141674426622,0.3708221319239101,0.5237062877530109,0.721771847212825,0.7540490918546755,0.7421379211357964,0.7236679492496272,0.7287384948131296
0.0293000928604356,0.2635724102935924,0.1561506046003615,0.2964099270848063,0.4071741726899596,0.5152756860964673,0.7402472207618285,0.7511608305133367,0.7548663297681356,0.7273138808945692,0.7084099692811019
0.0315870241002575,0.2815273508029595,0.155052019869919,0.2983926855958532,0.3632535445429449,0.5367345105919418,0.6659438284248562,0.7461791480456886,0.7557460844349475,0.7601705632955047,0.6970957154526268
0.0309476464233452,0.2828296295296749,0.1454799171345775,0.2587627726330209,0.3717922754268392,0.5622047435081858,0.723397768654585,0.6681929691164546,0.7498400684977726,0.7107411056848297,0.7188447560072628
0.0328608606395905,0.3018168303156341,0.1538675094588295,0.257618201920604,0.3998269711010567,0.5624438739350558,0.7465676466713952,0.6967305438365949,0.761493479648969,0.6821081275569153,0.7192023756241086
0.0296268138431898,0.1799427142567325,0.1563830920564641,0.2497123629069713,0.4192299156598638,0.5082217025288315,0.7799073116942931,0.7288948466179234,0.7302222337838863,0.6910041484010448,0.7447204146452291
0.0362551194988865,0.197899131705914,0.1665805748644117,0.2645648007229722,0.4179192931985803,0.4671653744667986,0.7450845559495105,0.6723951086974765,0.7447899668332427,0.6984428531655769,0.7068016086390252
0.0289393495918346,0.1956309750341471,0.1811719134944942,0.2656035359103065,0.3767684963049889,0.3869032387166457,0.7383914240914927,0.7006677861605809,0.7207607584713376,0.6932038924828041,0.6867102230897483
0.0309189756147796,0.194155964005135,0.1669439083081231,0.2620020511552387,0.3796045518655636,0.3495963982216684,0.7502856560792381,0.7193204201569906,0.7223354433775333,0.6513902944836598,0.6841426546186337
0.0363525427425396,0.193891282037707,0.173837717598605,0.2662925590362313,0.3785090287275507,0.3617701230935689,0.7567309388816239,0.7232340882674957,0.7202199160209785,0.6752136955241808,0.646430891212006
0.0395152444931588,0.192856162096589,0.1813340617462743,0.2582193929239282,0.4097382855028975,0.419363879530349,0.7697049169855085,0.7039383162639734,0.6330520760704694,0.6583121914631277,0.6466425437058676
0.0506988762970116,0.2071303491173712,0.1882353407709066,0.266902607711278,0.452975332550983,0.3246346360724501,0.7526839814405782,0.7161660048882456,0.6714839258809627,0.6750547644412155,0.6516572657753343
0.0513417184693107,0.2011582646841971,0.1857140630183114,0.2695477888049289,0.4825292156656229,0.3812748096077525,0.7484469684478836,0.6691089622414533,0.6910457740472237,0.6662590275740818,0.6129270353729404
0.0534490221739633,0.2147440756537121,0.1965529729125272,0.2947473004302509,0.4918126087264375,0.435964268138063,0.7590390487854215,0.701682726223764,0.6832944041321237,0.6849404251971267,0.6131832093605194
0.057936101471698,0.220266730949277,0.2173215051286536,0.3173699713363332,0.5272348777335557,0.4653635698465308,0.7788904974500246,0.7088643324120631,0.6871997241345111,0.6614187891283347,0.6159158562552436
0.0573030091705229,0.2310879396124158,0.2261253538507494,0.3258437179139057,0.4577047688064027,0.4037577806868311,0.7546814736553735,0.6672373532219986,0.6464425050100258,0.6622350988219534,0.6306454558825328
0.0511678701535399,0.2310611760241885,0.2329484617693361,0.3272028229558922,0.3979119406802258,0.4093245434504857,0.5284601007554072,0.5992373043011721,0.6812986896558084,0.5502199299128596,0.5854071271931358
0.0590983172727776,0.2414607069664657,0.2339413163648194,0.3073828155633387,0.3706801076385535,0.3417010787467456,0.6039458801671025,0.6149496026528956,0.6868333264769441,0.5641640821954421,0.5883617101277583
0.0666608116697901,0.3139947742963477,0.2724016996686087,0.3531271192702904,0.4264554014251585,0.4553416025639802,0.649138091784928,0.6267347571549304,0.7002984715966143,0.6161060922776059,0.5911623514307486
0.0678513209621506,0.3354267980841651,0.2909218425516977,0.3576840362363761,0.3826478229543767,0.3228826273093036,0.6898155623988974,0.6338946612862091,0.660291472530596,0.6333787557426818,0.5973297536474513
0.0704427905222162,0.3568319380142139,0.3124446227892593,0.3990239966100468,0.4473878924860314,0.3619078483910013,0.7189740910489295,0.6445168339490103,0.6607208058257481,0.6052207647128641,0.6037894332556861
0.0691919295758685,0.3321253174840415,0.3442452204885552,0.405919863529988,0.4631077974168902,0.4011090932468408,0.7462717802518775,0.6642202575135578,0.6181877216980948,0.6262034575570528,0.5904213404163089
0.0695535713553384,0.3410208598629821,0.3488357755311275,0.4495520328310972,0.4993828277055048,0.5087066952416096,0.7497451404909954,0.7126351783126149,0.6598546358307611,0.6551435919069206,0.5951385840669889
0.0713480463764479,0.3470164105329864,0.3650895981361592,0.4566763888022288,0.5740923771090063,0.5238120109152132,0.7197798441238682,0.6958185080399537,0.6496919231365232,0.621080656391391,0.577153934405495
0.0530408868450092,0.326404142548067,0.3261058607241008,0.459789126281411,0.5514484699616492,0.4931122671745351,0.7625199185080471,0.6896251523791912,0.6815227056414213,0.6546642412778494,0.5826557819725243
0.0625736535828487,0.3287397198239319,0.3396212246976609,0.4443323712770189,0.5523090854594941,0.5335165687485334,0.7438273527272516,0.7147283603012151,0.7118029408764044,0.6815887097495754,0.6087098202554595
0.054649097933634,0.321849243488481,0.2907827298938807,0.4292546879087102,0.489919623992271,0.5426913236529276,0.7668591372506564,0.707715346443795,0.7124593142404527,0.6687235864751061,0.6256616757478659
0.0584828413399053,0.2998424160068733,0.2971951032180016,0.4335705086701941,0.5711059517766066,0.5574744905461178,0.7322225345536787,0.686078587802992,0.7062695812299444,0.6470142437672246,0.63215065665059
0.0613492407603259,0.2973758751522427,0.3090767901985359,0.4580113227651534,0.5926131430219356,0.6128638075912166,0.6967151848336741,0.6872753488483603,0.6806258232435647,0.6622401495535328,0.6047179688717464
0.0693066614532105,0.3033090556104039,0.3084329547579298,0.4655598730183065,0.6337115827774056,0.5862073250048515,0.6996264776746302,0.7332885579976306,0.6938497517313431,0.6205899382707444,0.6057635840260098
0.0658443692424818,0.2990897412715025,0.3034385388239901,0.4689108455502591,0.6417094701665076,0.5938173209381921,0.7016347959238786,0.7660154778361445,0.7156265575588312,0.6497164712904933,0.5625081439813551
0.0788378689170458,0.286654710238195,0.2781539491495889,0.4279861600260851,0.6333009228653582,0.5988216460932454,0.7204273201534306,0.7243173877741889,0.6821044538653099,0.6676842688914122,0.5910533391080275
0.0651250618238961,0.2830172924330475,0.2721245492297045,0.4155560780745156,0.6204629246084632,0.5739776346152841,0.7375301702928483,0.7239935842138875,0.6927577450768416,0.6631413240690546,0.5961578515000965
0.0598982293052123,0.2868590308598983,0.2598349500617329,0.4163151367652044,0.5717734110147629,0.5405709398986817,0.7613447045780638,0.7523165402201587,0.7356358258525841,0.666930552263531,0.5834901155080267
0.0688056671822105,0.2987994732362524,0.2954921865827384,0.4538312413307946,0.5847165577713667,0.5487244308877657,0.7677849417149145,0.7316861026487069,0.7364667327164645,0.6526226212466522,0.5786382982422236
0.0680145098462465,0.2919176103142756,0.3027870760525509,0.4580058665751652,0.6175155800432226,0.5525880378549475,0.7855452442685693,0.7514878973921142,0.6778265129044169,0.6744693394870548,0.5830009280575355
0.0766159521987331,0.3004283574301848,0.3312668526986299,0.4591208698638622,0.6139760251947415,0.5469786035312616,0.6857981480366057,0.7120258387257153,0.6885972405250603,0.65779918862853,0.6256356361125444
0.0687783175624378,0.2754647631996446,0.3320809699349437,0.4649697577907561,0.5864679160265827,0.5531858156379,0.7085497379548361,0.7363972437673745,0.7186887583341086,0.6787491663140909,0.6270137860820586
0.0636286520464257,0.2887901474818431,0.3369968435174226,0.4860670597773112,0.5637330504799071,0.5435153074794716,0.6993537817354096,0.7324355988714109,0.7052765076780348,0.6893850560334296,0.5919129260336835
0.0553185408199467,0.2947479483955567,0.3260942712300998,0.4802575760447411,0.5014161720293766,0.5459644976032781,0.7256020329709991,0.7346696441170493,0.695015737752366,0.7057871501415668,0.6033906504722243
0.0575589718024766,0.2993478949051825,0.3068188870058998,0.4500147421407345,0.4990354986710975,0.555711984610435,0.6729467670211998,0.7400799815818891,0.6881044978742906,0.6795422000061185,0.5865966808446484
0.0553848475560042,0.287138129896082,0.3124095956135783,0.4501488571852438,0.4857094542457687,0.5171454699400251,0.6745001686257075,0.744075225197771,0.6994371927843336,0.6953799376734574,0.6157466377874894
0.0538312811969548,0.3028584338178161,0.321616833844405,0.4315072865356327,0.4601490883386304,0.5178097122663183,0.6597911129785461,0.7388093581801563,0.6801270522327562,0.6721082931910902,0.5704732066622931
0.0484511889693952,0.2978200229325357,0.3280742565237816,0.4337769288218306,0.498745069796783,0.4556932356988772,0.7112621782883819,0.760497892265872,0.6875596100052229,0.6481411145987591,0.6180735882935716
0.0550832525025533,0.3000244173425739,0.3381840648190214,0.4414713133812299,0.5074300222318011,0.4679224758527915,0.715132847156315,0.7786650830016164,0.6936340317358791,0.6649421462619103,0.6200986280334789
0.0547040072423965,0.2831446084722911,0.2986639721795247,0.4156042673128259,0.4958533238758336,0.4419583881006294,0.7197086170488931,0.7460545530669384,0.7111572824606525,0.6775208323511936,0.6003197941013112
0.0643867024597185,0.3028326966156291,0.3367651504222362,0.4324725018670204,0.5091547706935717,0.4190911325566522,0.7193884317571394,0.7654372976136052,0.6934900708522759,0.6718284194753351,0.6144463783081444
0.0647192632950029,0.268599614245019,0.3202335728920388,0.4355320392436036,0.5246097713654697,0.4386485385897825,0.6774960216387206,0.7491175201405468,0.6826814812599599,0.6760891544131271,0.6310031849783508
0.0698041025446906,0.2719031016567111,0.32421148644357,0.4424806496957091,0.5187950737839102,0.4413505332827955,0.700317733815842,0.6977133105061207,0.6846205904380914,0.6624886999430424,0.6310985847068621
0.0647544297503729,0.2794957363437146,0.3442818852160151,0.4799027898851554,0.5190353923554686,0.5050892732548165,0.6864103939054953,0.7043850413434631,0.6451308867157495,0.6847744390618278,0.5077455974373422
0.0611464268806341,0.2921152990450562,0.3475921556569056,0.4694931134108926,0.4468169771327287,0.3820995499792603,0.7238794122676395,0.5554066908222173,0.6797602825529419,0.7064495309880515,0.5571474868384281
0.0519925854277042,0.2940744739528574,0.3271632476275705,0.4717244028345803,0.4289611387660113,0.373977065017803,0.6918884643799413,0.5698580992328177,0.6905356484359657,0.7230499997359847,0.5767816850895764
0.0386648779040969,0.2963118801213379,0.3164348638012541,0.44027129910416,0.4321879754646974,0.3647179072480442,0.733791277821061,0.5712684228719207,0.693900242342725,0.7395758757750395,0.6082800850665212
0.0407013381499949,0.2691461468300428,0.2989829376512246,0.4518933989486931,0.4336507888816472,0.3661797256912156,0.6927073607627918,0.598440783955323,0.701162160004694,0.6400300927453308,0.5852451268220822
0.0456501040894087,0.2726395273097912,0.3235836943761859,0.4571370372531261,0.4389906982466846,0.3821727872120485,0.6239411299095037,0.6036115317305337,0.7013169131910045,0.6696127806765044,0.5940465018758486
0.0501755862949968,0.2891430850220661,0.3240527711401821,0.4741723325598108,0.4486100886406833,0.3815917740431673,0.5164626502315859,0.6290135447738967,0.6709642683890203,0.6799283861044356,0.6059866216925036
0.0500590820961606,0.2904987971150852,0.3189587443877597,0.4848343444940698,0.4634052473685228,0.39282842046674,0.6189166323803799,0.6780951518297562,0.7040907160086982,0.6799301780202591,0.6153557276116526
0.0565708363457325,0.3137051629401245,0.3470579708970985,0.4556114636017805,0.4780675281495831,0.4267949174410915,0.6332575522227186,0.6870757154237253,0.710769732963497,0.689150528195474,0.5912394365092698
0.0700406041934205,0.3163443489961986,0.3608456270557649,0.4758876279317657,0.4888192639953339,0.4636775640331829,0.6641519965310227,0.6885222598830598,0.6982984927089918,0.688841892290922,0.5957106644513677
0.0765649814020091,0.3289383857685433,0.3749375523138363,0.4670250230616746,0.4779748414149909,0.4829104906359952,0.6736453331495149,0.7172800353417933,0.717802181666148,0.7077279386184429,0.5988024538343358
0.0658275883065853,0.3417067306741535,0.3790264893803189,0.4836484208846289,0.4493984070126489,0.5106633610851863,0.6759400383060035,0.7247119917355178,0.674765825238016,0.6932541453257666,0.6098477757377707
0.071412978167857,0.2847303231866168,0.3763469771306297,0.4859018126260498,0.4657367384686744,0.4908934230319351,0.7007162907473103,0.6892244498233016,0.6689751711495312,0.605432139492296,0.6138215550306951
0.0593496508256366,0.2841640449141131,0.3619748137750251,0.4931850301147554,0.4742414019676143,0.4573844648277346,0.7089851032367818,0.5963806125284473,0.7017797615116759,0.6224923376067311,0.6384180483370228
0.0596486708887169,0.2876566886842107,0.3675979932126563,0.4945664903400462,0.4858610235901405,0.4938997648626336,0.6411381669295625,0.5246033391393734,0.7061405334431883,0.6164052557091925,0.6503694886583964
0.0731777010217663,0.2818291038631701,0.3787783854086258,0.5066128368082549,0.480102826664235,0.5242383433395665,0.5726287954461442,0.5806010754958807,0.6488412876898115,0.6552278443276867,0.6180589687746828
0.0733922066550254,0.2863100857456542,0.3900797208857178,0.5168478672552319,0.4775923085856257,0.5320151529232731,0.6489123177824987,0.6152712861531453,0.6747846220388223,0.6763021338588913,0.6193478803398926
0.0747192629280377,0.291620681547888,0.3730054056311359,0.4865018335615096,0.4574153596553352,0.5367912633836041,0.6807936111911509,0.6177197211384758,0.7122969439375264,0.5879758085161139,0.6023138750499936
0.080292653564811,0.3033590205345078,0.3945427604007995,0.4984263651644243,0.4740938244849904,0.5484107309913597,0.6993765585998659,0.6689281111709942,0.6812858372306009,0.6741449896434202,0.5849543994625652
0.0691153653652519,0.3019296375447874,0.3987258513364689,0.5249736258748491,0.4954411685619746,0.5569869350571534,0.714358499067057,0.702559962751784,0.6243134525656763,0.6845626802209398,0.5688323888420784
0.0725065167947421,0.3083830451551371,0.4048035153432914,0.4823945132571418,0.5187749213725522,0.4596984074847196,0.7183671456052869,0.7303391271598735,0.6600920599379221,0.6958436831532482,0.5732816333541672
0.0720056641245614,0.3107752565863746,0.4073178725824307,0.4968698428263799,0.5379763365986396,0.5022690399414986,0.7240430627561346,0.7339821964981321,0.6647361111257355,0.696556178932919,0.5495459321462431
0.0800603489004851,0.3125009078240252,0.4114244265127566,0.5017456999426287,0.510754667537692,0.5158762532014808,0.7274239486816214,0.7461278275692778,0.6933642639820643,0.7158827616936525,0.574119852654411
0.0859206612057676,0.318825735993157,0.4151858081137149,0.4855833863895833,0.5155970659110152,0.523810284808272,0.6862872081378987,0.6985428412397503,0.6746036438908538,0.7120524120589149,0.5803607274643114
0.0843679249004223,0.3207652575255481,0.380268868437372,0.4815972250150555,0.5293346266378263,0.5248091376586015,0.6734491382009253,0.6833136000166434,0.7121465176198545,0.6871791484739832,0.5900566895260748
0.0865895582763483,0.3210575780904967,0.3896803396132585,0.4753675420172582,0.5543038202438084,0.5122635659260785,0.6844661010120342,0.5873486622247507,0.6785366183642269,0.709848700409943,0.5938024337062286
0.0880854719859753,0.3214012985172167,0.3949380896110321,0.4708435128359577,0.5414045405359399,0.5129040921411163,0.5699457994195485,0.6712581359532812,0.6094928370116651,0.7194085217230994,0.5797940433816126
0.0791895096955385,0.3186800537501097,0.3970208509320139,0.4685978629734102,0.536194317756049,0.5208143920679289,0.5754486056586482,0.6813552954072675,0.6451284086558475,0.7385719022724222,0.5989057835622678
0.0823783745837327,0.3217703117209992,0.4139964062051325,0.4696365182290191,0.5405332642626475,0.5448446574399846,0.6279115898563419,0.6685269564878563,0.6916849857497249,0.7410681637492882,0.5776372655372483
0.0845908658829658,0.3177774589595746,0.407450043132528,0.4789309627835617,0.5874194600974012,0.5759454608790584,0.5846619548610259,0.6516137948444021,0.7025654212128207,0.7459247936822888,0.5894708354054095
0.0883082201648623,0.3343484015264511,0.4722981480435155,0.4341428409853942,0.5792396519110995,0.4890488481910489,0.6359470066974209,0.6667966594787622,0.7061716756265264,0.7497247065113113,0.6278268244679022
0.0823223328694167,0.3444560598873773,0.4982695712324141,0.437192427616322,0.5635195526654906,0.5344993603884229,0.6014798191158034,0.6785708971340255,0.7334001954618878,0.7272018448059717,0.6265000842843627
0.0946499634541189,0.3549720224863624,0.5553041145399413,0.4402578165518885,0.5608487170627182,0.5387826482809361,0.655739403694799,0.5792815953311493,0.692881846196428,0.7476107057516479,0.5978623302587349
0.0964211591777276,0.3436424773510392,0.5561326905935822,0.4652567583825875,0.5785832639714558,0.5618350874042599,0.6984178399386705,0.5917609290752248,0.6688627654892741,0.7047117705502385,0.5997284575806674
0.1026926981865852,0.3555172923445558,0.5431344699858541,0.4813439553497531,0.6068187758549966,0.4986517100888862,0.7130258411271986,0.5851038905129292,0.6773349675150757,0.7111730305499373,0.570346258580127
0.1130241770221256,0.3422463473194808,0.5564152758641199,0.484646745906552,0.614193110535233,0.505830536297827,0.7335620481569591,0.6258587297492366,0.6619889657941713,0.722546374036757,0.5672300477457907
0.0942132313690453,0.3466024919149443,0.566174482890985,0.4818329855451759,0.5605146920051891,0.5273496060794577,0.7265995777005329,0.6540181636228951,0.6513702693489997,0.7404915467875787,0.5753610378061844
0.084307173051308,0.364032298318571,0.4660039555185291,0.5086660308169592,0.6013034925096623,0.5357060651717356,0.6861024794928157,0.695202377086354,0.6846154401753224,0.6907070389420492,0.6478302025444033
0.0949605817365859,0.3553711506730541,0.4419786264309807,0.5321009792960554,0.6280432351664866,0.5621666606957119,0.7001529115286312,0.7249224905481733,0.7049813742896738,0.6937495978993597,0.6300575020891604
0.1070713541200687,0.3612113307053218,0.4571412034761455,0.5624067559409771,0.6771433810850455,0.4889005853409158,0.6912938433179169,0.6916743155276639,0.7036352534529943,0.7151901629632227,0.6440085270381446
0.0961949453533421,0.3597618325012751,0.4631385507852259,0.5816355514316942,0.6910103204329876,0.526175148608683,0.7161912218886917,0.7280147689870695,0.7155602080586408,0.6744413793471311,0.6610483429286724
0.1001692172892405,0.3689902598323243,0.4689486517492299,0.6053190603760388,0.7058895948258201,0.559415579925642,0.6872563931986944,0.719134665003821,0.6956136275211234,0.7086719073119365,0.6614291605543332
0.0848845441912948,0.3662256287404752,0.4895300424412002,0.6052326069383422,0.7202126955230185,0.5625224944147589,0.7116906062147876,0.6880008096559561,0.7106196120631734,0.7274709966970019,0.6754960303959872
0.0865791899656008,0.3491943340917587,0.451756511421755,0.5898702969916548,0.7029890514895253,0.576794910439264,0.7191250584424922,0.6899708174412938,0.7047662965404886,0.7342748237441757,0.6230675350855919
0.0976802765758979,0.3384281041535497,0.4891881068402587,0.6190676249473996,0.6855868915612914,0.4716445961336844,0.6933618576609285,0.7029303475404775,0.7082747841917958,0.7165058803507728,0.6354499141805079
0.1063641471945159,0.3369029078144238,0.5018560420499074,0.5685291892350934,0.627626482205465,0.5230487680122948,0.6938702662421166,0.7034562657101819,0.7114465940049706,0.7426267185869702,0.6440301340077456
0.126096802045324,0.3442647994262111,0.5319514013819722,0.5788673266913131,0.6501081236602685,0.5251572749874214,0.6379895586996153,0.7302893948077819,0.668505023028325,0.7179633574930788,0.6593434482889112
0.0886149532962218,0.3488066974133277,0.4793603024320547,0.5491129582880668,0.5960362095431533,0.5330590545583727,0.6572393202233653,0.7189487659058571,0.7082592721610643,0.6622375783269916,0.6270151209748155
0.0978309967810593,0.3580202343740772,0.4820751170712863,0.5604899861621255,0.5885843997575153,0.544919109686409,0.6926557335309271,0.7364892836107857,0.7355906174294027,0.6777742747788001,0.668781244129913
0.0872004105789242,0.3483786239141238,0.4793996463250365,0.5710314340723495,0.605212531721925,0.5384177286526367,0.7157332721243514,0.7062525133031797,0.7376971340701237,0.7091530963969356,0.6251805038898941
0.1119483144432587,0.3552272069058782,0.4519750484656848,0.5533026160947374,0.6021773709898016,0.4941414556254992,0.6894364167943963,0.7187350204829126,0.684113346478919,0.7158000040483519,0.6279003944289316
0.0899732776447085,0.34792626881809,0.4594480588094926,0.5321105518690583,0.591042515904179,0.4729129460779727,0.719366841052979,0.7403973465946847,0.6831190941235586,0.6621291264947714,0.6408264970954397
0.0919340560807956,0.3570706831639133,0.4821639892806563,0.542171045541165,0.594308242959464,0.4950932443821378,0.7268870126464128,0.7419874070053949,0.7209890595105815,0.7132772618499363,0.6576667396762443
0.1076022556529708,0.351842971814264,0.4900404351427899,0.5535326767979444,0.5669521566784037,0.5294688928217428,0.7613910919927862,0.6869664611287618,0.7388976091035465,0.7242688645534805,0.6339194966246207
0.1112970606843664,0.3586128996781591,0.5120849515528547,0.5659381611476646,0.6023907373427548,0.476819962300007,0.7169895466546692,0.7240978899103737,0.748823704710571,0.7398746038837081,0.6177787649251347
0.1192664144393403,0.3629879434322727,0.5251220680842088,0.5237975229780695,0.6059296687795424,0.4676499410205597,0.7248707868171314,0.6961964249886828,0.7237112529101859,0.7371710475916432,0.5955645627205933
0.0914044479021624,0.3679437546669092,0.546304476044084,0.5348378397490461,0.6241153631941335,0.4603303845050774,0.7359748548915122,0.7065977338364591,0.7397273899920167,0.7465930158680922,0.6096418172335053
0.1003856877297882,0.3375585678889107,0.5693982126902988,0.5542079514686374,0.5605463290315678,0.4067859925786217,0.7525757138129817,0.7466772060368716,0.7401772361161607,0.7652064210240325,0.5868402180722513
0.1037533952725917,0.3470312879167733,0.5588401099066866,0.5637275748420493,0.5712411633779235,0.4764165714945056,0.7146052814580737,0.7668163139461218,0.7053668424223903,0.7299953140596108,0.5504918031222927
0.1054159780628446,0.356282049911176,0.536302939380806,0.5937565926866731,0.5705848223200642,0.5016537742166242,0.7476536367183827,0.7315535058631798,0.7155981992838841,0.7224724315316905,0.5771890384588123
0.1106855726431377,0.3538747662379984,0.5709932317026065,0.6182016030809259,0.5808610217857113,0.5247391402573681,0.7407401922255596,0.7033252491972262,0.7373768826016884,0.7364556803048399,0.5811614389145909
0.1122387689136262,0.3334718548856837,0.518056718429288,0.6065408498568744,0.5811857317949518,0.4850638147297728,0.737355475493237,0.7125403057504324,0.7537468719084053,0.7195391594675871,0.6048618287451335
0.1139492243458172,0.3435340530580093,0.5288422795477248,0.5829968896592824,0.6068872099097868,0.4930767554404845,0.7318472237928566,0.7299911581432341,0.7061426503116329,0.7303615814994335,0.6010338307187458
0.1088981753246816,0.374639935976391,0.517883242992988,0.5965353471256087,0.5666431874055742,0.4716705978661744,0.734020228344762,0.7307372608021867,0.7538330222325922,0.7372824913311984,0.6101738065058488
0.0977030488950979,0.379835349226256,0.5240196900900794,0.5542574893886458,0.5610041830895791,0.5388767127197641,0.7369894017421874,0.7527179686814688,0.7669548899361177,0.7561220530506743,0.5978894706445851
0.0960127396009379,0.365512514895351,0.5243916008047368,0.5433700752748379,0.5689331880144011,0.5470056893829638,0.7357094821536045,0.756094843414278,0.6913863236069281,0.7473922994284743,0.6129450137970591
0.1026274795137769,0.362032569673541,0.5114123455016149,0.5662070383036397,0.580126719818839,0.5305143665356578,0.7353870876591735,0.6947641873734743,0.7129751046398589,0.7016317882423304,0.5738889106422624
0.1035312426819965,0.3650594388545627,0.514566066302945,0.606266289940547,0.5897317186923798,0.5368016953844108,0.7026455627872038,0.7000217480299552,0.710525159592757,0.6965875017997631,0.5504555259378878
0.1070470877346548,0.3385725720090203,0.5187437233673138,0.6130065766816055,0.5538607943296048,0.5458923189877656,0.7450811932720249,0.6990720775414079,0.7255407291814995,0.7197039639784815,0.6253975664166451
0.0977994800396978,0.3355083642119539,0.4914133245690698,0.5963112263067036,0.5807544766346454,0.5216497839196756,0.7553450041404179,0.7113554208187003,0.7522405508478445,0.6443299797695263,0.635038439380256
0.1020809474979891,0.3418328692360063,0.5049295882898389,0.6251474878990353,0.6090668485673736,0.5354719266514609,0.7423388911130383,0.6866584067938573,0.7388099053743935,0.6580625438326464,0.6385031145480647
0.14442045966876,0.3425164919512803,0.5257575903369622,0.7013433219412158,0.6375204640573042,0.5531555885419811,0.7510823023937243,0.7270636570313725,0.7374375531990559,0.6863230875335391,0.680344576789273
0.1732993583430397,0.3497122366873851,0.5405335038304312,0.7501199628470738,0.6550505532577255,0.5629132884026962,0.7122051535614481,0.6935634414487941,0.7200633627281209,0.7034965392862482,0.6331154638515498
0.1699445323702903,0.3548041639102539,0.5589630882159737,0.7681055222651245,0.6306267403634228,0.5316073595842697,0.740429076573335,0.702124001966733,0.7323888925078967,0.7332984991060884,0.6527911492183778
0.1095511447144766,0.3106903577391181,0.5631253014645481,0.6582535794385496,0.5658551645070186,0.557057647576084,0.7330696774839858,0.697245379656475,0.6234658698796205,0.6670167906624288,0.5738486707878899
0.1513143608779373,0.3467649579327195,0.6164418767412116,0.6804315438324626,0.6055686001690137,0.5567205479074131,0.6958309957864218,0.6306987184932644,0.683569428883598,0.6859779627815357,0.6135120748344802
0.153472174305633,0.3377818249119566,0.5564144293273067,0.5485139787857382,0.6101741757007061,0.5754978876835877,0.7114043215591923,0.6472641393725873,0.7076531483219002,0.6011305369605187,0.3843565383404885
0.1160692595937027,0.3362262534183393,0.5091842550774521,0.55904889654633,0.6272764018184156,0.5862449909088423,0.6665524045560528,0.6787405965382958,0.731256449531836,0.6140163748452439,0.3619472289715412
0.1352947395168866,0.3305701289097232,0.4516682837134555,0.5587183932443113,0.6156342663313568,0.5669678398944152,0.6701654347144421,0.7071254778963019,0.7050648322034777,0.5845581422793098,0.3659199149033081
0.1134672742767376,0.3263020783342132,0.3741806364929833,0.5314342589981838,0.6353247866912901,0.5815041435329993,0.6957594864736749,0.7339398991137374,0.7144965154408911,0.5968640623142624,0.4141097961933103
0.1025092065927839,0.3275466188528412,0.3651794031888902,0.5403439316631173,0.6489021709321834,0.5957049101550289,0.6769158480183518,0.7165797273864325,0.6750034442284634,0.6243065726994079,0.4673488907713045
0.1074431184095533,0.3490407595812108,0.3744982800401944,0.5245982789893984,0.6586584311724586,0.6360648063129477,0.7372298708089299,0.6424707882775765,0.7220716212371772,0.6067757001167503,0.5181701474346989
0.1185609928816544,0.3427076597914754,0.3867601117824376,0.497533118081141,0.6342633372651374,0.5803671130749655,0.7305484856078731,0.6658912484068714,0.735629392073216,0.6224405268821528,0.5634629219648692
0.0904439836264346,0.3176750737590542,0.3663065604150154,0.5138491785983843,0.6568500944306154,0.5424534791089072,0.6679567920511823,0.6994922858381848,0.6998399104750896,0.5720924029344829,0.5886208291242884
0.112022467569664,0.3529913549263586,0.384230557672451,0.5342634098657416,0.6707374527767709,0.5478619196112329,0.7237843223511831,0.7102629583664084,0.7491869398264818,0.5906800709400222,0.5627297558474995
0.0700130103833927,0.3303983450280751,0.3221527492466035,0.5202543856000427,0.6780364381162244,0.5526433733304559,0.7568926747767184,0.7340448476184596,0.7547607641183367,0.6339469105553551,0.5727134418547768
0.0839792296843691,0.3615723096088657,0.3671558786194451,0.5302425699643039,0.6651674675266054,0.5535328930871577,0.7458706261661167,0.7681143910548172,0.754456602514266,0.6458815850462991,0.5822171842447235
0.0818083487548992,0.3690223737346667,0.4016414964526291,0.5623792325529654,0.6821659800895166,0.5287142447004256,0.7335605132228443,0.7678729210125657,0.7788245262600646,0.6930753636966176,0.6022677211105104
0.0702760003193348,0.3712583885322248,0.4336001269880041,0.5269219053911943,0.6889129059960171,0.5350732650050314,0.7451662082442128,0.6944295679924869,0.7501777748158314,0.7056705062230006,0.6255491783788567
0.0764639092961796,0.3803935486521852,0.4577434640536951,0.5324641918265021,0.7032090570787827,0.5434793343072882,0.7521978113311298,0.7096122757198032,0.7512686604068772,0.6880347981225526,0.6422560147306465
0.083765644001189,0.4066940720457489,0.4413203723603215,0.5631803066733339,0.7147786871101156,0.532159242999886,0.761297553825956,0.6964412113319374,0.742865136654431,0.7235267158773717,0.6667041242309422
0.0885338632300286,0.4118747903464376,0.4547158464218204,0.5240800899461466,0.7281966165598284,0.5549719672187966,0.7001917585281235,0.7161057765736114,0.755820945986787,0.7038436037532584,0.6883923703501654
0.0891646949418548,0.4092661776374214,0.4566588817354231,0.5662238404010007,0.7057648232496407,0.5897124364356,0.5960121826314067,0.7257195841491513,0.7579886981026922,0.7040680327086697,0.6587003056211859
0.1022056087500817,0.3067677484508763,0.3594237242446333,0.4342345480240215,0.6220089740599303,0.5994508701897503,0.615168843640873,0.7213548910087926,0.7763472498063416,0.658935230188682,0.6832293006771304
0.0877272784510584,0.3480439156301667,0.4059393470879548,0.4714711693553204,0.6474156621537288,0.5791503127737148,0.6530023313705836,0.7606861630513679,0.7432618542892309,0.6763514191123497,0.7049846395159158
0.0944562543143958,0.2871398822571443,0.3300150153273858,0.4031859459532093,0.6033531793069333,0.5595971938249663,0.6862427162209921,0.7660570128707507,0.7459847271340849,0.7073645665607141,0.6451675531663653
0.0750635481652898,0.3244851729433792,0.3901871759210805,0.4979609534305008,0.6339363776184623,0.5712025981340626,0.7218632022123775,0.7686893894807298,0.7620101237291707,0.7352156712630413,0.675309034665587
0.0938109197493292,0.3593663828420192,0.4354926815303136,0.5934790688854411,0.6539824014841191,0.5733118704998544,0.6549467918945322,0.7466718453778117,0.7728683503920589,0.7562444917651137,0.6901790005600539
0.0904515213572578,0.3657705935998546,0.4645929159270837,0.6376712896575798,0.6337090006564238,0.5592790772968688,0.6748429038687312,0.7305717236528763,0.7521966960809398,0.7430184122619241,0.6992695512455456
0.1082844373036238,0.3293233776894887,0.4542024090502522,0.5966643422566286,0.6405701606652849,0.475915907777052,0.6121227257875792,0.6829291842674949,0.7002197246102819,0.6383130138865852,0.6678849302807094
0.1121041503266417,0.2659088753488465,0.3921013861399133,0.5474865917054871,0.6551178171501517,0.4967628183790669,0.6321334130310161,0.6980930014624971,0.7219887482983625,0.5632368949969548,0.6230454297122034
0.1056818622903009,0.3173367564803624,0.4230241887157759,0.5688071186885265,0.6340906346024322,0.4809026448910238,0.6081563001561258,0.7079834738325913,0.7514499260459043,0.5711658898980388,0.6659032316697655
0.1023555348612293,0.363319945075904,0.4533435535664446,0.5742494000548747,0.6628173451245845,0.5327052800450899,0.6501242580673845,0.7178122375553937,0.7615825486614671,0.6547978207924534,0.6730096550455389
0.1093029991590779,0.3003883015373064,0.4116893536460683,0.5299503231968685,0.6549365004461651,0.5455428620844749,0.6771901090669166,0.7277502682017989,0.7896001531748438,0.6617433869128061,0.6729142154416544
0.0799832062709881,0.3221100534067236,0.4531700308285399,0.5460137166491078,0.6655827840095061,0.5202929504692093,0.4994677408432091,0.7171883667768845,0.7053946133520937,0.6060182445843357,0.6583299306070223
0.0829058317476217,0.3352075610596468,0.4427682314191265,0.5377465357493977,0.6321681195567085,0.5321131131902752,0.6284855393964253,0.659881064794618,0.697413235177622,0.6368523804595904,0.6593640886004914
0.0895754684145695,0.3592849291905732,0.4701989831869165,0.5268545464779498,0.6168935197468749,0.5433208288131995,0.6628845146673181,0.6148414627656907,0.7131052878090898,0.593409820197703,0.5748257322620366
0.0961932014747826,0.3832920392280555,0.4892375153449541,0.591886791125428,0.6432234948660671,0.5506930966989487,0.725815660063284,0.6538832129504266,0.7052932285021591,0.6681620472778713,0.6619038286741845
0.0849489182265836,0.36696432264021,0.4699185766245767,0.5523810049459161,0.6592992118853405,0.5658433172456242,0.6409470611561819,0.6504823998205489,0.647679750529931,0.6614075636195095,0.5368184480183895
0.0850048537258861,0.3796398231698949,0.4972018393385054,0.5458322153169063,0.6639812545865041,0.5019446498431961,0.6565689421821612,0.7027155542126428,0.6774176901299688,0.6448238142333438,0.6174352089380374
0.0849484813779143,0.3476639231643055,0.5075098518003798,0.5108113753810251,0.6148307650082906,0.5236473712106962,0.5277996160693329,0.6165247406266583,0.6550845757446719,0.5039208539113872,0.3936605330751997
0.0829856886144058,0.3625682036534803,0.4409069559156318,0.5115768397578522,0.4826223598058442,0.4505082071180831,0.6290062429673962,0.6284634649875004,0.705277096037528,0.5689791628679568,0.5702267668007591
0.0990761365839842,0.4022512015650759,0.470544146864987,0.5519503715792548,0.528295344248284,0.4388991765715799,0.6387217190971215,0.6382120860509521,0.7165138211784985,0.6001665197908986,0.582374577136686
0.0925030565464543,0.3767905166990101,0.4208902831969637,0.5787985509006401,0.5859088919094484,0.4765331176427977,0.6542461198330709,0.6897463915262889,0.7388332005997964,0.6118014322441555,0.6486681796406635
0.0709611451653084,0.3317433764382628,0.3907615769598007,0.4411160379880278,0.4932286302334464,0.4246276425017887,0.4599040619015032,0.6359167175706195,0.6382396980767024,0.5335395330124826,0.581731045973873
0.0780487207144327,0.369642211103094,0.4404184959451535,0.580882041247142,0.5436454542434408,0.462421676719333,0.5280698875054621,0.675727381148305,0.7008921252175351,0.6265313387759535,0.660433162579223
0.1117413720695943,0.415299732462524,0.4222756069028399,0.5523320766583689,0.6121773307284017,0.4666600745993126,0.569560199117132,0.6850097057610844,0.674648620394242,0.6667092246824933,0.5906643277396182
0.0403699920205431,0.3307041856318632,0.3501121715624248,0.4810424487131918,0.5109710584214295,0.352291205613037,0.4257649930243683,0.6701580279306089,0.6351247624866578,0.5349542461594118,0.56483666468361
0.0640740135697338,0.3540755370233427,0.3713170077045219,0.5286808942892255,0.5256491009259905,0.3665367002026607,0.4674191639499009,0.5885471964987645,0.6908363646118086,0.5414861004247811,0.6132801750335928
0.0915367177882287,0.3802356559185821,0.4047472379580595,0.5662982516174724,0.558795644168661,0.3873277911519638,0.5304899894316194,0.6656635042302352,0.6495202744813612,0.5037229364968453,0.6461078886563869
0.125736652805486,0.3992078304006724,0.4084389432454525,0.5706223557056491,0.5615610098946866,0.4602093328279121,0.5391925057471845,0.616789214725989,0.6828549126463659,0.5590085676011769,0.6757258825069989
0.0893224288324173,0.4089696710801587,0.4298919163770511,0.5285585374605793,0.5763448744967314,0.4159059769651875,0.5648872003103171,0.5968095082169967,0.6952113339964054,0.6384334280345878,0.7035480628816841
0.0638075856278628,0.3421849126522564,0.3423419360878529,0.5336676004806471,0.5420479375180087,0.3985033790418404,0.6607645554111976,0.6254427568296406,0.7184672474381001,0.5800970365942512,0.6525606457043288
0.0660253555897047,0.3546450820748408,0.3492096527220988,0.5476948540640274,0.5488732246011383,0.4589290405399917,0.6912371682063678,0.6301207623262031,0.6828452023697635,0.5681829069304387,0.6352252273080071
0.0889243100419302,0.3569197620665966,0.343934012103496,0.5431884556121844,0.5301852012145742,0.5417149331823793,0.7209119419474592,0.6968286534875914,0.7177342070760637,0.6267141056007016,0.6620116105888888
0.1035021303613239,0.3706431707774282,0.3733171141886235,0.5436866061904844,0.5429841870585744,0.5584944450964623,0.6874978253025327,0.7138417614239065,0.7597943809600802,0.6239155892316116,0.6944616044498493
0.1072950299543938,0.4083921192264096,0.4556763815990507,0.4938836430486499,0.5670456770064528,0.4618163704477393,0.5219432640609645,0.7172951298528285,0.7677678914634278,0.6518178311380634,0.6610655574128591
0.0819452312919498,0.3971237865058767,0.4685783550443132,0.5462119803880726,0.5881113608069551,0.4810667229851263,0.6490166583106314,0.6092450643767469,0.7659494622521644,0.6831488792664,0.6657471277342694
0.0929986748206849,0.3933246124625575,0.40354079416564,0.571100284643303,0.612247901347252,0.3791759739378407,0.4989879818515598,0.5969031657978481,0.6333595697114834,0.453029565884176,0.5717998574002366
0.1134424107279837,0.440565222300095,0.4400788029327868,0.5752649320918897,0.6224627012032624,0.4469529539441212,0.6212920362595604,0.6485185342740376,0.681567059174688,0.5426927597045806,0.6427626518256306
0.0725282088190929,0.3755761599336382,0.3499664760608202,0.5345617140805795,0.6160677921131594,0.49890572007779,0.6823427938740435,0.6552392500120199,0.5844736230665535,0.5226937641321533,0.6428971658345037
0.089787010166415,0.310503870285607,0.3807202064497167,0.38456936342745,0.4857986412996191,0.4358709002043247,0.6817370085942479,0.6792929147146328,0.6719404754369884,0.4547301701770322,0.5781159092900994
0.1164370191464644,0.4089874243697076,0.4506219738160055,0.4700612548427649,0.541069237951241,0.4573408217080733,0.6898393832709033,0.6599986144525257,0.6791631002018896,0.5313902816174056,0.6248827482874671
0.0715523236096419,0.3693616479196885,0.3588586215119697,0.4786638020897719,0.5603038750128275,0.5058231406248822,0.6640527575011436,0.680183713618826,0.6649029785318461,0.548865098894284,0.6342806063016981
0.1022804347488072,0.3977378565362556,0.4289017943088199,0.5315591884183584,0.6022744104414198,0.5357551271163956,0.6782086702368442,0.6734475339922728,0.6996642055488802,0.5742615467601215,0.6466850137984796
0.1046557224516833,0.4147222039487659,0.4951077326782854,0.5884344605397964,0.6283544330403086,0.5559386953547268,0.7141291546244048,0.7129427726584674,0.729470251677153,0.5771897811784864,0.635112305749422
0.1563596226455358,0.4814637449382378,0.5002573124238955,0.6054686544142374,0.6136637819675469,0.5627295822384564,0.730422843875387,0.7353877209315078,0.7342266046689302,0.6580390811923278,0.6792991100420163
0.1594746654117335,0.4837918776835435,0.5459707831342686,0.5801159060561855,0.5905201067438998,0.5835648551654625,0.6599238880561306,0.6742595321345787,0.7343466498227831,0.6470451017568505,0.7023350117216365
0.1722783391629826,0.489084031272284,0.518075709438222,0.5881520963705791,0.5996116803950449,0.5865215751336297,0.6641335904213401,0.7304433376399391,0.7571632899984286,0.6894654859524285,0.7307930453259287
0.1208987912404236,0.4985258750905822,0.522943219115797,0.5764585142051116,0.5156098774143008,0.5730710942982482,0.6771472703151094,0.6698860720228336,0.6970842262223738,0.6915272321580088,0.738582364488586
0.0990472149617125,0.4365558431063416,0.5108879228976307,0.5589151226177446,0.5181461170363773,0.5552176189379541,0.6448500669854552,0.66600432622257,0.7258721977062337,0.6328586485248607,0.7114288200055672
0.1257136154965513,0.4672588652667258,0.4814784846564059,0.6171899773596665,0.50479286773946,0.4238608399166595,0.6751329893662286,0.7159483827453604,0.7480167702891863,0.6756968774758179,0.7211402884479157
0.1473467268751433,0.4814136574661104,0.4818510832867665,0.6244336740800227,0.4977447630044385,0.4348822653329575,0.7180312596009515,0.7521006183212282,0.6972547326627934,0.7164189043793181,0.7376756513996319
0.1807211023699042,0.486078621847802,0.4758965077438947,0.6370484157788527,0.5410674461914615,0.4077492662353255,0.7238618028953585,0.7261537756311682,0.7148087737919164,0.7523419151262724,0.6910218643449028
0.1344899100918661,0.3866632875967504,0.443662559739898,0.6604587542475802,0.4122437253177021,0.4243658069130824,0.7030481153474744,0.7080508016677433,0.7654631877377676,0.6673456578040464,0.7247719598930549
0.0981514271473774,0.3326816903157666,0.4105523828689501,0.5710288171472417,0.3793241345294779,0.3709501357878061,0.7469864783747142,0.6383699705032765,0.750545733199924,0.643256828602218,0.7008669228266015
0.0575755689722453,0.3396096783512795,0.4502359313273071,0.5859250178350356,0.4706829925902801,0.4327056819277944,0.7318654050157549,0.6707882428141618,0.7223604398154502,0.6322366789676197,0.7102281393799446
0.0783773836749721,0.3583684293350859,0.4676113975918654,0.6140760977072257,0.5661968161306126,0.5053916145343955,0.7456482657064174,0.6973573161906874,0.7291129848895709,0.6949847381817825,0.7189198694252839
0.0779103140549959,0.3871559638702331,0.5267479532591836,0.6648498984620181,0.5729930164957653,0.5082249197998356,0.7558271152585965,0.7260638352508104,0.7346743078257485,0.7064986344587223,0.7387418690987202
0.1115798914686886,0.354650655023499,0.3992280724077483,0.6477708066252104,0.4891011147025441,0.533961627855694,0.7217132074835125,0.7022012629124448,0.7622980044598267,0.7316404121867474,0.7321827569741641
0.1569481365367131,0.4041377784388312,0.283069743611989,0.64357860162529,0.5692444586409817,0.5630192853449734,0.7356193849337391,0.719065416367211,0.7510996994521353,0.7405579581843923,0.7260836134795432
0.2210092419231184,0.500650460799125,0.3771376228419535,0.6658041082436864,0.4719124085410277,0.4815332659527396,0.7360443205112374,0.7198968728079562,0.7525260826059614,0.6348828365791267,0.7347042398354964
