Mode_0,Mode_1,Mode_2,Mode_3,Mode_4,Mode_5,Mode_6,Mode_7,Mode_8,Mode_9,Mode_10
1.0,1.0,1.0,1.0,1.0,1.0,1.0,1.0,1.0,1.0,1.0
0.2935847880579662,0.6803799782293956,0.7776019872997709,0.7264867024228725,0.7391765806592389,0.7358640372420564,0.8045670703701078,0.7335741809386758,0.7057643450061037,0.7704594905138249,0.7909545464857924
0.3435076055312062,0.6600656742501596,0.7415328354432099,0.7443114357293189,0.7463368276573396,0.7326887034983847,0.7610988347739694,0.7167427910468362,0.6862342362508635,0.7853209109416194,0.7869374219438768
0.2985456247145171,0.6426424856209106,0.7567420180679864,0.7413575452296338,0.7320330762995207,0.7150173161960253,0.8175410282524679,0.7612550135982978,0.761410390081554,0.7070162849317398,0.8097335747158387
0.2885645420064984,0.6823775185799237,0.7120702328399825,0.7131924587878002,0.7658751795402463,0.7629722615417139,0.7959598094088968,0.7543578824651276,0.7820181322915754,0.7347092827540435,0.7925635021374026
0.294881185754448,0.7108814010243305,0.7387481279633571,0.7014355139664422,0.779190782103858,0.6991063653961855,0.8124714038286998,0.7888129870662817,0.7312373429109469,0.7223809100549219,0.7627358753192337
0.3220139283241178,0.6505486950068021,0.6403700123162839,0.7327447152101464,0.7936822321295487,0.7477737954028937,0.7693847631129975,0.7588442939689516,0.7077105140843482,0.809085359445649,0.7982504678948108
0.3086323047167686,0.645836185227202,0.7555852592029945,0.7069901916623546,0.7601908216551928,0.7703455714035874,0.7940038779417703,0.7314889545715475,0.7784284499928783,0.7608710753339316,0.7320490897036172
0.3530507980818039,0.6821151216047581,0.6809520659258043,0.7556223312354946,0.7545539950078207,0.7276192215624508,0.7534129880145909,0.7291781866722572,0.7441748648723582,0.7216526914143774,0.7514489333278873
0.2993913642461208,0.7522970523062529,0.7766187778293724,0.7085640139897192,0.7518447244149313,0.6939166020089427,0.7480770718968126,0.7440183285186339,0.7333012523137972,0.748135581475344,0.7287496548913501
0.3311058142109664,0.6543972551768619,0.7025766699239154,0.7007065658171827,0.7444615454647954,0.7788863970150264,0.6896010318793107,0.7819713196055744,0.701804814803493,0.6954972499071168,0.7686929200112175
0.3215631271839196,0.6799531284439699,0.7303288727621129,0.6930532403475993,0.7728234549371601,0.7383792366134075,0.7773696108229191,0.7281482224080408,0.7276935616157318,0.7369664847924952,0.77482055206046
0.3157063241628046,0.5618125382139364,0.7224746411189727,0.6586850989805791,0.773321699673673,0.7563918744081408,0.7792506660268359,0.7395894998920958,0.6795667005607324,0.6857881875259254,0.7769513632454559
0.33748128776518,0.6845807679083538,0.7491513114136028,0.6069356509753553,0.7717528639361626,0.7177312966704833,0.7587090795174665,0.7469420304503079,0.7279751283318476,0.7089096898335803,0.7961037155668516
0.3297888483098753,0.6958641035643367,0.6958329520652233,0.6517934845908282,0.6748885002362298,0.7308261229336848,0.7025250219033983,0.7486030044786226,0.7464570739956506,0.6985496331949814,0.7775531324685199
0.3296297169393655,0.7238669916403622,0.712228250831376,0.6689050627511441,0.716252163252826,0.6963192202612197,0.7128611634219477,0.7345073148325539,0.7361941615361038,0.6937537504180736,0.7398156837277067
0.3159926134579493,0.754923030393886,0.7457325380972396,0.6808570654553214,0.7128154215604076,0.7308924610123559,0.720316774190689,0.6977180313150022,0.7180982657035299,0.696300563840582,0.7550641665071689
0.3153616121108567,0.6469310886443941,0.7477484419943283,0.6660818738461738,0.7026743900633465,0.7395244162105271,0.7326691629363796,0.7153217133443656,0.7246878194890669,0.7198465718738641,0.74971393465378
0.3336772440404284,0.7291830952192889,0.7343333127668639,0.6053907835089768,0.7318389665923675,0.7324005488961779,0.7372756705228711,0.6991406931549998,0.699015681478627,0.7164508606969917,0.7728264180107582
0.3583607860348666,0.7051065240709268,0.7418827929563458,0.635433543705664,0.7237051782543114,0.7160923669957685,0.7725216183999135,0.7213525128382874,0.7220549414175574,0.7370990199026481,0.7478128871473784
0.3658277301122861,0.7274798633171757,0.7315948320777036,0.6514960207690581,0.7121076289225514,0.7434874555921582,0.7355213686744977,0.7455618915179857,0.729756687382849,0.7478012840991186,0.7460418585411577
0.3041214246394278,0.7108916669028353,0.738407573420963,0.6888741134592034,0.7219049546951463,0.7217420544463254,0.7646858244556831,0.74277218828861,0.7449494922756471,0.7085523276534412,0.7787669930845128
0.332829579923462,0.6993698631930507,0.744209735041772,0.7138001900264329,0.7517116186826291,0.7337851254658362,0.731048250253335,0.7552496894590324,0.7104484951941871,0.7347070809088874,0.803165881663424
0.3507322915239261,0.7317643367387059,0.7907989142571474,0.7231029169750418,0.7376116973822834,0.7369710243220964,0.7458802763913079,0.7450007027860885,0.7202681854751756,0.7700990179032056,0.7503515075148267
0.3748579001516975,0.7351432426149769,0.7955850290219615,0.648879141178304,0.7426742427146322,0.7310454043356738,0.7765867990994326,0.6932661204522861,0.725398624062795,0.6978041972111433,0.7647177418339886
0.3374326155907777,0.7503428882740872,0.747037242561363,0.6858201295240621,0.7293738603734617,0.7294415608513254,0.7412270674220303,0.7294427657187943,0.7328331315039425,0.745445132046696,0.7539033689761613
0.3470015273328176,0.7425917275501348,0.6086089386288537,0.6723722151336218,0.6857564456978116,0.7484505272723928,0.7524146561436896,0.7312592467810116,0.6758217021100204,0.746874878347203,0.7618964379086006
0.357755684485406,0.7769190238254313,0.6915768755248343,0.6638417591253443,0.7070049308415265,0.7359022396782522,0.7264265099581744,0.7321037116311551,0.7261302010192756,0.7637435507098809,0.7727501310788895
0.3591921379019999,0.7783949944008597,0.7248305842616112,0.6795273380003064,0.7164525007831607,0.7510764191596491,0.7578462502010892,0.753423186083563,0.7226350780285516,0.7373670191466322,0.7706956263877203
0.3474235105061317,0.7240088934078808,0.7408805767927148,0.6923754277086774,0.746481902627873,0.7621282697994005,0.7606227201230534,0.7467744577012169,0.7217978004857953,0.7573857044050296,0.7269701389156978
0.3273073005104797,0.7036050268353492,0.7288513337845233,0.5886722880811603,0.7383564671891172,0.7071895684431979,0.7043041920152542,0.7388892254058018,0.7285891934196398,0.7374002988136135,0.7518319711086157
0.3384227166259475,0.7214797031423368,0.6894136805425398,0.6435865646906378,0.742513916948953,0.7160132932374599,0.722090295861239,0.7100849385930634,0.6917896601332431,0.7463248791455896,0.7753557480170181
0.3404175115955176,0.7567697085870722,0.7124362105379661,0.6524372332851724,0.7829943083845023,0.6974221962131859,0.7465374796055984,0.7443584935606669,0.6978409768819416,0.7587100750491579,0.787034311823573
0.3490656953774164,0.764414261542268,0.7240091863742495,0.6528835178640199,0.749106250889603,0.7199764958992272,0.7445268704456653,0.736725779238747,0.7186802468046412,0.7561309725072154,0.8048888169137456
0.3390909364842898,0.7830088326748252,0.7509641818508943,0.6289351400829031,0.7352134766024335,0.7307800053868615,0.7135174688404372,0.7502832636990949,0.7388502653006627,0.7369435969981649,0.7990807583831585
0.3123396969417546,0.6773156999472633,0.7561905474403926,0.6657031876353169,0.738714933525553,0.6929611517628846,0.7443787311038299,0.7105533050422952,0.750754912169259,0.7464678833442326,0.7774963448907022
0.3313101251591959,0.7165633942816165,0.7065672624116079,0.6956559758434198,0.7396159949852807,0.702750126024203,0.7501621311622564,0.7271555757064011,0.7720926306165663,0.774815736783873,0.7737517370086249
0.3426312040067176,0.7448410340910288,0.717077573798488,0.6910638151588142,0.7562600689491525,0.730679085482387,0.6656860319733832,0.7396444101934818,0.7914748851686562,0.7700306725398975,0.7842266249561254
0.3619078913391269,0.7444752551377404,0.746891366850948,0.6375191160133361,0.7549259872535193,0.7051166475397819,0.7137644281143496,0.7403979873308325,0.7638029502818696,0.7551340449541248,0.7406225943550927
0.2776114898097951,0.7458938880767509,0.7546952225557482,0.6611598547780869,0.7471740225732965,0.6858439727450476,0.7335555021204655,0.7148778669949715,0.779850629010403,0.6960282792000517,0.7810266060199889
0.3109472713578622,0.6529112728686316,0.6885339101697415,0.7052244905380126,0.7475592363745663,0.7074687148744986,0.7021516818371333,0.7316932115877528,0.7102816105345301,0.7246848189792692,0.7843179323904313
0.3321743170969272,0.664681576847604,0.7311607260292401,0.6901478776422711,0.6747433720520092,0.7303694465097563,0.7341950600969562,0.727218221091626,0.7372372141269649,0.7449201182065794,0.7554875473969763
0.3200735589307245,0.7064320809360725,0.7301290103890863,0.723313077573005,0.683007619604556,0.7333762598495712,0.7650757949320355,0.728116168943375,0.7359613423183164,0.7479073455004609,0.7410382227722675
0.3213018531005834,0.722152251568391,0.739358743094144,0.6660588445618201,0.7125850451948851,0.7380412509496229,0.7331675719457712,0.7205782597210406,0.7451011163142973,0.6810712007650845,0.7756624051352821
0.3372405246650838,0.7428194950095546,0.7337080603508913,0.63917675073804,0.7212957828022092,0.7088839891406064,0.6793201550410592,0.7358090518243185,0.7487430682462222,0.6906269370447375,0.7521991762641215
0.3242384931113909,0.764321224655143,0.7528557248906989,0.6683291685003945,0.7455691891252337,0.7161762137708965,0.6822150099580437,0.7194902309943828,0.7261882532384696,0.7113358357428459,0.7655382427304234
0.3383993601285022,0.7222934885264324,0.7608535292023839,0.6850563107977335,0.7527537825249837,0.7028679143531537,0.7306653548540085,0.7207294804458798,0.7175174643069702,0.7245646933059162,0.7646896845120517
0.346551464861584,0.7487240722959605,0.7291799073446626,0.6813060592266034,0.7589275249991472,0.6774920530013687,0.7529057502207097,0.7348859951960518,0.6932711192000417,0.7337554952060579,0.7779530584874313
0.3388484256127879,0.7012433540595064,0.7056278784716654,0.6915266454472675,0.7062625125983142,0.7265461362872759,0.7613085963604105,0.7366393928945516,0.7273531105432298,0.7406216913688553,0.7608838388346434
0.3242433702562807,0.7147794054784924,0.7071477110751582,0.623886335477567,0.7349416482631245,0.7412071647043418,0.7322156475131315,0.7370547620911632,0.7476246970231325,0.7432432602817531,0.755906808461108
0.3303318003204529,0.750505790970794,0.722142653699634,0.6634886337571415,0.7081825757775284,0.706696329855833,0.7384645371948684,0.741902471547347,0.7535674278831102,0.6884280161304879,0.7413461395782646
0.3356583065458384,0.6464288701043637,0.7268744307498325,0.7106580311964228,0.7313227938982072,0.7123993682229561,0.7414548220572319,0.7528189036728947,0.744778285325186,0.7089877296460406,0.7691218899024606
0.3217624047790889,0.6843087277585242,0.7479913389131224,0.6964603738450261,0.7202330805813705,0.713938601534544,0.7403809180733191,0.7481309892521285,0.7382750036016812,0.7163520524275793,0.7489711975781899
0.2964043913994243,0.7401587920404218,0.7710866961152971,0.6103853140257074,0.7279239837810433,0.7235200623959128,0.7243021644673471,0.742391794639952,0.6661913473585911,0.6919322064556759,0.7523114054895594
0.3184353747813657,0.7760950851422725,0.7861890168443042,0.6310336786835301,0.7248499013674118,0.7297680559005805,0.6969298261022113,0.6936361209912668,0.6961112195428364,0.7180077743085495,0.7434413185207212
0.3239072266857089,0.7136821388155652,0.7185591361887967,0.6579659429619189,0.7305107833546278,0.7326091014410197,0.7387309443390042,0.7357899093508073,0.6868412773398598,0.6943313690554204,0.7547816438360229
0.3418607710045824,0.7374442320554788,0.7347970809411077,0.6119602454004921,0.7294545721788199,0.7457691521617626,0.7444053646493716,0.7231015609431731,0.7055692159696585,0.7026039436431326,0.7439263585594302
0.3376969596123401,0.7517575578353751,0.7566712043176693,0.6338598306243581,0.7462685374988239,0.7020573107968374,0.7560601521183667,0.664288014745048,0.7158419640578344,0.7202110228594529,0.7190266265036609
0.3412606922981781,0.7071235218639091,0.6951091672763707,0.6530766655676458,0.7583304067539341,0.7278390578203338,0.7681665465772021,0.6867294222434575,0.7363947785349565,0.7261066648688256,0.7318745004471681
0.3065920061753698,0.7105277193675201,0.7233745223303769,0.6693180013286402,0.7182710595964239,0.7327968569202131,0.7587522220660096,0.691735179454162,0.7621056720004559,0.7266372195718906,0.7451071461820762
0.3365187708085945,0.7649889217210324,0.7671492252003216,0.7055906158570162,0.7284422171508453,0.6872563425818246,0.7666235165817301,0.707872228410527,0.7449375604282114,0.7414114157100258,0.7512021298682277
0.3362580055393667,0.7523834183427125,0.7236172979837859,0.6868518801803539,0.7065829178371896,0.7002722627848604,0.7619637532920993,0.7296539803008153,0.7186537034665659,0.6816637652046793,0.7313253523852543
0.3383731815265419,0.7808981161905171,0.745702777623611,0.6393756936955644,0.7336593950845478,0.7219975336289528,0.7263280810078147,0.7127119144906184,0.7289878370160013,0.7002136349579464,0.7695890266616219
0.3122286441487302,0.7262780813639031,0.7577997148479159,0.6791944551561283,0.7204522418062622,0.7361923505964891,0.739154652899123,0.7185947230216798,0.7192858297200634,0.7050396031740443,0.7772264996514759
0.3499889621593391,0.7424257795146072,0.7711876090008929,0.6792773520375321,0.7254445303624769,0.7375031116072559,0.7333146879694148,0.7009444529013482,0.7264873035128591,0.7038627751753206,0.75472340288521
0.346115494859308,0.7561482288395476,0.792407526266071,0.6944857354409814,0.7306086147404194,0.7367485354830472,0.7452795011886815,0.7307665247766632,0.7043480801884073,0.7222862532750116,0.7475828801763302
0.3506054376656166,0.7587639809554438,0.7482560345242142,0.6619661897144159,0.712779694746184,0.739706733750365,0.7459688070921744,0.731650813960755,0.6934150985238251,0.7223896973993272,0.74062932927279
0.3554041361535996,0.7591944069735864,0.7465683574390722,0.6742785345809512,0.7410600850185525,0.7180730350052305,0.7199667605936598,0.7330141061331612,0.7325501906755973,0.7335576366835268,0.7247471441393635
0.2917044633910006,0.76669938488742,0.7090770064318913,0.6325760033793923,0.7428493303172925,0.7336633125969685,0.720816138583247,0.7153540856734336,0.7009165186680618,0.741970519397371,0.7240412659326235
0.3225149188671229,0.778125528654624,0.7332868203364218,0.6413399352736949,0.7436839808682192,0.7018726795046303,0.7304116830442778,0.6730925912472261,0.708518732946773,0.7107689862916344,0.7378812454149445
0.3296315795706788,0.7646539489886733,0.7340357751443318,0.6531357456121318,0.7471022666806971,0.7067734016202879,0.7186619344309128,0.6678634547638436,0.6830890241172001,0.6810776594176374,0.7511742056959381
0.3599239763419557,0.7609571576891574,0.7433809839778353,0.6717100134084368,0.7294528960637038,0.719670216953342,0.7213893880830164,0.6986776440683131,0.7052597415575363,0.7032070636200067,0.7671164059424906
0.3618078380029789,0.7673762451689976,0.7710058823633346,0.6872683359666012,0.7152061573395032,0.6729523701784165,0.7359374857767292,0.6951135622644483,0.7175981775293083,0.7294167166570035,0.7670341568344893
0.3749219305843508,0.7738312504941405,0.7661370803699465,0.6561553544824933,0.7263804649456438,0.6580072713807161,0.7455404313103047,0.7013519131039812,0.7277938437524525,0.7005726402910054,0.7534505008504779
0.3187674753381014,0.7171584885113225,0.749243544824899,0.6856444557140065,0.7326476167931155,0.7019831837445172,0.7504421876144254,0.7122402585767422,0.743635999123851,0.7019355550327375,0.76571123309484
0.3466738872383811,0.7167929980300569,0.7546656125777367,0.6922801494356907,0.7418090722927986,0.7059460719807684,0.7329997788684111,0.7345100397398441,0.7263442020275441,0.7100530977639126,0.7701826815100448
0.3470288141120698,0.7380156950688611,0.7320367800607515,0.7109493951015065,0.7172894855823355,0.7430790601372457,0.7435638874127934,0.7453890997709969,0.7313262039962051,0.7074792997197247,0.7451847679690802
0.3483376155328103,0.7424637028530187,0.6924711886955389,0.6527508732435271,0.7381137236561084,0.689919338002226,0.7636165662854069,0.7063809054355189,0.7283922652707159,0.7151874291511708,0.750719087194796
0.3118235638033968,0.73013130347714,0.7059879256325592,0.6665054867257838,0.7385947871503109,0.7427358602544197,0.7305584112548205,0.7241046317685988,0.7263639069085672,0.7053824979607632,0.761220632320414
0.324873931677423,0.7402759844208001,0.7184752935500125,0.6249360741071096,0.7196151760423487,0.743403499085519,0.739080481917946,0.7402775670677032,0.7440473901435893,0.7064921962540063,0.7313684918547971
0.3617816805258763,0.7488095503546652,0.7560061404488899,0.6799164595390137,0.7437038318752311,0.735533314368959,0.7510731535987789,0.760881759901022,0.755751654325302,0.7163694589600373,0.731955200948908
0.357172764540433,0.7499744304303799,0.7725335019914334,0.6810783368128199,0.6942189872641907,0.7101402605084481,0.7397739456649193,0.7685022115830606,0.7446167658752603,0.705424438346477,0.7445930393391456
0.3895647865064394,0.7594969859110154,0.7739055994498429,0.6911329314949948,0.7048192731468572,0.7196413081759642,0.7385191082059159,0.7420532870670048,0.7266192044125553,0.7045168535320662,0.7517504772316315
0.3056415916614635,0.724236806967809,0.7842248049283969,0.6808394735905396,0.734056692245658,0.7106074812909001,0.7066782702163468,0.7553503604308663,0.6981389207663538,0.73543778924744,0.7214236615906018
0.3405306688164435,0.7347695749664438,0.7679949990888182,0.6617442485735299,0.7659171028148829,0.715569734111414,0.7472287531245748,0.7305279621486336,0.7005837460795183,0.7362543258057093,0.7505963194908823
0.3494689124843015,0.7135007805505035,0.7461105057375299,0.6749321336620782,0.7678504711734052,0.7354505039859909,0.7543365581539752,0.7245541332414331,0.71129340679314,0.7444328579224593,0.7429754509614303
0.2937938531208935,0.7184633848026863,0.769863324358705,0.7020625771014861,0.6920732530336663,0.7108929360999952,0.7569434360773724,0.7348306639859417,0.7128036731979965,0.7295972552354528,0.6887350169303228
0.3163516335657892,0.7498680983112043,0.7491270172444413,0.6785109254834651,0.70308524141344,0.7180322888339857,0.7392652435848066,0.7279023701253238,0.710877446127484,0.713248121532831,0.7033891369735198
0.3249537425958565,0.7320769692678347,0.7535351579001281,0.6392634402570334,0.71802617427754,0.7352297678840205,0.7126834878014066,0.7379120620417889,0.691405359463481,0.6614687865206024,0.7698660937169425
0.3476992896200266,0.7298830148278463,0.7670864250012492,0.6623713700199558,0.7001269544981924,0.7478354116650221,0.7529012102317755,0.7491614683265533,0.7180390748337542,0.6653664092564857,0.7314759246853026
0.3624350885697546,0.6723304341727733,0.7664555892443786,0.6795615265149969,0.7234270898699329,0.7536161239183499,0.7543227070947134,0.7261720096196509,0.7338102929327235,0.6931773830958934,0.7497459832931639
0.3665355049841858,0.6974542293965635,0.7860177166698998,0.6741800308708402,0.7276237708728132,0.6924003627412917,0.7404736031101778,0.7263367033405917,0.7441046380432013,0.6983222289122316,0.750204954272552
0.3495148459855817,0.7119015946357574,0.794356126554413,0.644893103885229,0.7330017677368525,0.7088945480146079,0.7266805069362533,0.7508907936018772,0.7593373553667684,0.7158048529996934,0.7629069977587998
0.3696602481790597,0.7358826982227473,0.7363004200277898,0.6659759300147565,0.7287573557042845,0.7153070288723092,0.7321289846201162,0.7042737679863174,0.6830848514527782,0.6957346972888552,0.7628671414288393
0.3387400335960951,0.7534493728975676,0.7036907438515896,0.6693689908392717,0.7467683770771671,0.7287591581855251,0.7401639356142522,0.7249843097046254,0.7275672327697164,0.7116430048953015,0.7711417032034926
0.316334190315971,0.7202315297385933,0.7121194489900173,0.6383547910142305,0.7580555705014944,0.741926732299304,0.7788817947302622,0.7422074942326653,0.7629658426465332,0.6258392584281536,0.7412032896327014
0.3303997120378368,0.6963549580683244,0.7333260265315948,0.6263582801380728,0.752425116228818,0.7367611526194723,0.770565783736531,0.7335870520483329,0.768683432269331,0.6505049586764927,0.7446634466765996
0.3448499328164651,0.7065339915031223,0.743935929293384,0.6405341072385284,0.7374441668499774,0.7401669972208451,0.7411227008478017,0.7379688206106473,0.7505107472562826,0.703124053918113,0.7712217552280618
0.3536774301798698,0.751358286510466,0.7357070576088264,0.6552569464257869,0.7497998101254053,0.7566415061885128,0.7456288263269797,0.7283328787640232,0.7538378749084897,0.720871123436573,0.7816386601263783
0.3571767504614686,0.7628455458115575,0.741990877082735,0.6837603392662361,0.7689109402423814,0.7715541588449716,0.7585856522081249,0.7345655686582249,0.7144714668199248,0.7086355468275628,0.7421592011142989
0.3599671151625101,0.7732884872424259,0.76670983257461,0.6266275052072178,0.7048319247721665,0.7840504056889679,0.7655517300335846,0.7314335643175478,0.7223744353391108,0.7028882307591614,0.7682307320614984
0.3114710399985445,0.7832146427056381,0.7563221155212674,0.6637998963548774,0.7259364162302607,0.7346087677269872,0.7438544860473115,0.7018896140298504,0.7318724739140545,0.7221286075766983,0.7402506573916834
0.3300789569014015,0.7392867845544884,0.6940846712005324,0.6476679667978822,0.7396278681012987,0.6755020833162669,0.7073142036701014,0.7397425296223448,0.7468293051000945,0.7521892303214444,0.7383708657107159
0.3462409786820711,0.7331021536417577,0.7297527578729404,0.6688492538999535,0.7378845854043176,0.7112271898977608,0.7260048615355108,0.741600052726423,0.7659882185495575,0.7169854218045688,0.7588273837345294
0.3313618419467219,0.7558067178742239,0.7503133650174525,0.6176559449305802,0.7529226412303098,0.7278689687064456,0.7115369527211245,0.7437829065631172,0.731748874723013,0.7242611047203079,0.7513593033019145
0.3315754374450996,0.7926934109871435,0.7467053914163035,0.5948761818766084,0.7572278801818026,0.7096295574138736,0.7584906044247905,0.7498700090181024,0.7569064318218508,0.726680791728711,0.7686702255079649
0.3378718301534203,0.7352005651592507,0.7401811304703678,0.6642405642996159,0.7634830768334495,0.715704703358955,0.7479784703653612,0.7459050425293348,0.7466876316168737,0.7293889089135766,0.7705536568555265
0.347593449304712,0.7570661997515093,0.6554506926701615,0.6748356908665445,0.7302549243792743,0.7542742227706812,0.7345795431857529,0.6593749170154258,0.7455659931232206,0.6730262335203482,0.7898422098428051
0.3324894078945854,0.7240096040980212,0.7117460994768732,0.6808381435560937,0.7392127872635661,0.672550193507527,0.7472995584164795,0.7176546244399308,0.7235796934959516,0.7187339848792534,0.7445442598145869
0.3395470502077869,0.6424386804509385,0.7440189116344411,0.6835800064730742,0.7577956641919941,0.7058467969406039,0.7456696926006042,0.7342228855349215,0.7138377553046913,0.7127037791944448,0.7197076360556446
0.3535346766185431,0.6847456374213666,0.714086597784865,0.6381092091887527,0.7525458716759604,0.7133322328228059,0.740908206683153,0.711074396867065,0.7134983022025739,0.6869607164219539,0.7388319763082185
0.3173108956315045,0.706708454004713,0.7352568338806118,0.6637779867463967,0.7438717211752445,0.7111695669368532,0.664695782407399,0.7371356006817741,0.7285008980052051,0.7227177419897377,0.7584585436575081
0.3403662525172709,0.7308200010721846,0.7421580024704106,0.7088614029384295,0.7260784810090815,0.6893392606122798,0.6930549103425719,0.7541911920094628,0.7316264347768773,0.7080122420909091,0.73836130710903
0.3483356439299219,0.6878890950636766,0.6597558488104102,0.7093867368818585,0.7517174187802993,0.7205124628695745,0.7382842759735984,0.761243344304003,0.7060058319832087,0.7172241457896417,0.7473922623081499
0.3706447060567152,0.7130482554499089,0.7222762977669034,0.7067640932393399,0.7594739982301586,0.7441901426606297,0.7596314580155323,0.745923370184307,0.7310664479358802,0.7213382343359502,0.7597207767916445
0.3498545409184433,0.7171831772894306,0.7292098034872533,0.6963308998234211,0.7574626397167293,0.7354406076665976,0.7154270098940324,0.6961557586960784,0.7327820677619549,0.7399669644895428,0.7609521153339358
0.3274370803624112,0.7435534020166332,0.7692637089049539,0.6805479972450253,0.7275655120362545,0.7388569775055094,0.7209042786430477,0.7276826383682725,0.7020809419843258,0.7063012615635942,0.7416743090074185
0.3419574739963484,0.7607650021519486,0.7833407292822154,0.6678319669744787,0.7346933951557846,0.728664693932756,0.7442049577057106,0.7498062862381721,0.728860820478999,0.7091937973659892,0.7490295228981529
0.3574942971256679,0.7672562444810582,0.7645439412574639,0.6868876302824642,0.7475857974570967,0.753185503513523,0.748852077960025,0.7410315297583002,0.7573878217504196,0.6793703279279548,0.7504506926507655
0.3595436123656252,0.738164841091427,0.748375486946352,0.6630499489868783,0.7495123183934689,0.7567777381194866,0.7692513239765976,0.7145637616325291,0.7447744582585627,0.6911151424814456,0.7699494346237971
0.3270514586804348,0.7105794526574072,0.7587747361159658,0.6927434071148955,0.7556324092871145,0.7379231839279435,0.7760313900903597,0.7521430082041752,0.739283326952366,0.7200744399777217,0.7141204373281526
0.2997669718203902,0.6777825467582401,0.7036492771881876,0.7109220474442424,0.7562164771789839,0.7254056390119873,0.7299734654119642,0.7418837034595828,0.7145586376445655,0.7151415110839209,0.7442761292108784
0.332609056720325,0.6719081048794785,0.7375859005175867,0.6342956145112255,0.7502540143551893,0.7054780684517475,0.7373542784518191,0.7249096758875389,0.6972774533766398,0.7183856306480494,0.7092686732876655
0.3178149930358809,0.6732255411020949,0.7562489596771358,0.6666928032971617,0.7490855236613388,0.6987777843618955,0.7230586529121099,0.7327523183712653,0.7240151456470896,0.6974161754302771,0.7478522228432004
0.3495541990316947,0.7110742630299888,0.6865804659989968,0.6626561014393961,0.7641350720340234,0.7330124956158978,0.7090729608625536,0.7224875601915668,0.7538780253570405,0.7230975442376466,0.7727996846219605
0.3636548349532791,0.717038393555895,0.7133173694870143,0.6666603014519485,0.7773405723115239,0.7364918760100125,0.7114314793683256,0.7310614194273404,0.6950744116002155,0.7000580473909567,0.7398217627784974
0.3719506786101412,0.7284856658185588,0.7492304004718888,0.6627303836267359,0.7476394216672735,0.7132925314578793,0.7601251170558103,0.7432321967706204,0.7034558063330748,0.7093633250949075,0.7415991119255044
0.34174714576079,0.7336315662169972,0.7721415639048466,0.6517790142098843,0.7652572516356987,0.723786326436294,0.7343183427830897,0.6973679922205667,0.7182329685825009,0.7166548000226067,0.7422561632164205
0.3466520238901427,0.756053848289012,0.7580632340271091,0.6600066872907127,0.7116788522962291,0.7166087690249141,0.7640725169522808,0.7214667976898419,0.7399797647916995,0.7041787666847537,0.7552105174141404
0.3343416113868261,0.67451159973928,0.7667785337533597,0.698024314276533,0.7365037633814664,0.7308882144107999,0.6949810192211305,0.7240098315250626,0.7552882759051505,0.6753828561792088,0.7662340460300798
0.3340047795626351,0.728989688984178,0.7413659844967928,0.6642381497456826,0.7409934237447153,0.726716485807102,0.7330671682350118,0.7431845850615654,0.7169402083500283,0.7077471098626009,0.7738675578422631
0.3503623680948558,0.7446432329442934,0.7751217976764238,0.5703350948039116,0.6910089396217034,0.7148464937824002,0.7272453813932909,0.7320782681090803,0.7053472988434178,0.6724230188152147,0.7576246151504825
0.3628024922020348,0.6946190158102843,0.7926048952461986,0.6164587320500337,0.7119304032563223,0.7205996709770679,0.7217736741002186,0.7240968721896809,0.7570370478902626,0.6918467356925125,0.776258967264351
0.3668317647104072,0.715116793792653,0.743001333629892,0.651623362757163,0.7205434123268866,0.7208855715620537,0.7277063902511725,0.7117570626317018,0.7214395196194939,0.7169240314503529,0.7827077479306064
0.3519282610299526,0.747563231127855,0.7812110699472444,0.6582760517096607,0.7265543947677379,0.7248003017671968,0.7472045823664675,0.7110611890192311,0.7234782355829756,0.7050677726418542,0.7508249724736115
0.3178192444077981,0.7512556700580629,0.7561061026284089,0.6684371938701315,0.7167483277052288,0.7005323335768397,0.7135983560665842,0.7297337761044111,0.738146780900157,0.7088419877060855,0.7763550683703528
0.3382442585602381,0.7038890133125927,0.7422201784319747,0.6335018520829221,0.7153428436990077,0.7001302880377561,0.7178665128195453,0.6976779111793554,0.7075615465114259,0.731708336213464,0.7762871103964623
0.328965707630671,0.7232308221534876,0.7304231795716545,0.6690625213554959,0.7290120045954892,0.7336370257231111,0.7227011782451225,0.6988086710027589,0.7445660879992309,0.7083700842432488,0.7485322148997198
0.3455111781465796,0.7376170331648393,0.7384052228358056,0.6428727330216225,0.7435535250169001,0.6931501480445041,0.7064851086105982,0.7318160801659213,0.7251208816418837,0.7131731877429744,0.7696952029778292
0.3636464649620222,0.7385737907454922,0.7403917607259811,0.6823363438398802,0.7002707666416481,0.7359714854274136,0.6835041370795524,0.7262527551049696,0.7384673069611185,0.6782921166358854,0.7760804684247179
0.3389039431520988,0.7629806785292417,0.7527600862669377,0.6772597436992329,0.6884756658130357,0.7523617128302885,0.6903523608118209,0.7397003558115722,0.753993334453309,0.6927370933522249,0.7637454233617947
0.3481812433389096,0.7725367306041289,0.766601728264087,0.6296919202882683,0.7370204964275334,0.7119900108672074,0.7132000756828993,0.7349977810729871,0.7076395460576229,0.7337720234815748,0.7326963952225418
0.3590427191118368,0.7773373905919148,0.7022429987817111,0.6314532480595667,0.747637903246996,0.7326776689758087,0.7403002245330241,0.7463303372164374,0.7218292664759148,0.7502768416416916,0.745294998229475
0.3459586288276124,0.7795127121091927,0.7406319723672024,0.6683919621768792,0.7020658819469192,0.7501180209370469,0.6770254453014993,0.7246501884314723,0.7312035167218073,0.7522656068976952,0.7483278015018076
0.3232525116815489,0.7405461086462893,0.7625279929094738,0.6405981711924159,0.7310368687482611,0.6903204148525213,0.7252117355521568,0.7495548444250334,0.7417340869721611,0.7485946787815092,0.7597997758227448
0.3478244017784315,0.7322415755976729,0.7233655993496674,0.6484782323494007,0.7446176677870855,0.6865872974473888,0.7633125943092707,0.7473859739826227,0.7249338898373107,0.6901315472629376,0.7612153584068992
0.3142559959946003,0.7520033227239975,0.763379409667629,0.6403024767375792,0.7296633455958403,0.6948022265776187,0.7048939293160669,0.7502233051404834,0.7278573655390999,0.6999266070914656,0.7584654693664676
0.3165691011403067,0.7730312097606524,0.7785589759990083,0.67056407047555,0.686455358135103,0.7152630392562249,0.7110330440310866,0.7198778830433749,0.7440487657729753,0.6730298732827503,0.7646839725805306
0.3330675921183481,0.782331421729481,0.7882257802410111,0.7072797072514778,0.7106507536147715,0.7092633346708782,0.7117217070579508,0.7147945364901505,0.7039360130435791,0.702792549303425,0.7775046617435539
0.3444682609912941,0.7747730734719888,0.7129895962090267,0.610576532992215,0.7284950113760864,0.7190672678683396,0.7128298993541222,0.748798885497841,0.7194670683196807,0.6931435227697602,0.7308781828106349
0.3400292939545893,0.7179454646920249,0.7321729099401026,0.6581487248055372,0.7369613974309271,0.7449711534673056,0.706953593585978,0.7639078754672122,0.6983645675986072,0.7277707777822898,0.7604932733806806
0.3477699810069709,0.7532701169083498,0.7377812565165978,0.6703050377551955,0.7235872489506299,0.7428164574878601,0.7292465008062632,0.7601281314291574,0.7155775973414753,0.7342717023506973,0.7684918385896445
0.3362174687545863,0.6555768177706406,0.7386403799440173,0.6992681032680881,0.7016063190596629,0.740316808651775,0.7299386414856615,0.6848394801767617,0.7251648444263166,0.7091190904447825,0.781501884559118
0.3281465541966142,0.7110841038556148,0.7552364043657471,0.6683077176550666,0.7398525359503727,0.7464774474280673,0.7300666666146061,0.6985773498545471,0.7264999193721688,0.7098145546722894,0.7557288104264702
0.3492979484120749,0.6560706848954189,0.7642638995448308,0.7019386504295353,0.7263980847378229,0.7279948898111815,0.6891774648746603,0.729697562643446,0.7117101228748373,0.7226171936478584,0.7637836691725868
0.2894490874091395,0.734904982378229,0.7590776522829121,0.6473594859440303,0.7536080138795707,0.731075405721496,0.7044897621214739,0.699064646973254,0.7121763219681203,0.7158965520322079,0.7718443869421848
0.3468119630122744,0.7465416706221562,0.7477324033491973,0.6419274613838264,0.7509912857724358,0.7342302852352269,0.7326928646804234,0.7187921938963993,0.7094732322566276,0.7441971324628702,0.7269526407834518
0.3492823680952093,0.7490446202077481,0.7758748216843692,0.6617757574496401,0.737031099241793,0.7408991615718997,0.7457712100557505,0.7466103844812761,0.7076814611035578,0.7207057299247622,0.7313827532415975
0.3086545204311744,0.6977481724420256,0.745244080536293,0.6925331753502636,0.7283188090328029,0.7296281161198053,0.7629859829003358,0.7510951649592601,0.7233877023616448,0.6540208703456256,0.6826835328932843
0.3316429919339952,0.7334886032652436,0.6838405526389799,0.6531665384730587,0.7311939730022203,0.7343146290097592,0.7237917304943363,0.7410090418314065,0.7133408698314546,0.702804181925873,0.7423106608308743
0.3537174259326373,0.7068267866983822,0.7207135653041128,0.666628301945664,0.7412105922622478,0.7154881854814886,0.7309980597885248,0.7410158106085882,0.7565597267593721,0.7248415058595321,0.7549965227229949
0.3380078336572593,0.6739223563639829,0.7451652083583993,0.6916987576654543,0.7461516593228387,0.7053338204787677,0.7476851335650956,0.7516317154099363,0.7705724600865831,0.7451155058184618,0.7577464982058901
0.3410832796625728,0.7010572070247294,0.7672876820518639,0.6837882666435038,0.7755468148436586,0.6774011069204704,0.6951084078768978,0.7713254709926078,0.7858430956088723,0.7505350279784144,0.7581553861622243
0.347482038371411,0.7078587224272004,0.7527590927051077,0.6617721629724009,0.7189169130884406,0.7141429875871534,0.7202917316850372,0.7858315745750114,0.7151916089214592,0.7050174489847788,0.7691286515608152
0.3516026851582968,0.7446362987849595,0.7277887412851576,0.6589804783509886,0.7267157805223454,0.7085423290557653,0.7345846241713596,0.6801616297224068,0.7159791820668981,0.7535576494084639,0.7839022728029139
0.3097868145901969,0.6964222054749962,0.7456499849982556,0.6928466962269058,0.7490408859025769,0.7252053086684827,0.7378504523744108,0.7191617577158624,0.7100262160767522,0.7661864856767799,0.7125689365075818
0.3254017617065941,0.7348525802500918,0.7174961894737233,0.6783994438130805,0.7467583732745237,0.7268964044245179,0.7337505043172672,0.7274989175165805,0.730680149788486,0.6978305469374482,0.7281598508801659
0.3298183774620237,0.6057080241440932,0.7351033697914153,0.6306179796180056,0.7173167340958181,0.7471441870849863,0.744191771435645,0.7391329962834945,0.7106241904049325,0.6733310672304044,0.7427216347977393
0.3881905039411532,0.6677330158321197,0.7422214749361322,0.6485711744065122,0.7305523152540846,0.7509926555631679,0.6743111265628151,0.7248154879376936,0.7186116362952419,0.7164462754342853,0.7509411812904481
0.3331415703386047,0.6887729920303555,0.7399598486771477,0.6693843115299565,0.7395663169344012,0.7400501834857297,0.7048118446997289,0.7430678350980191,0.7252668726643342,0.7497718590080151,0.7395436913473472
0.3500541943780817,0.7100222061430976,0.7655858484451181,0.6560490369760653,0.7556688106267893,0.7455509670103011,0.7300304320743018,0.7161179339521995,0.7121114986366089,0.7224752147812511,0.7432321969978717
0.3103181030965677,0.7248186147569198,0.7713744510832785,0.6692424589127808,0.7102941395492354,0.684658610846567,0.713852378436475,0.7112248210049402,0.727103544035374,0.71533408714011,0.7593987906842445
0.3390866906665409,0.6344520620668048,0.7437914354333269,0.6773537586912695,0.7297450820765647,0.6955707543185918,0.7231307713858692,0.6845576398719689,0.7402189889103084,0.7310615764489138,0.7673215648336107
0.3339782835654121,0.68866803621566,0.7689452647002757,0.6327196559588907,0.7383249116785358,0.7108761034177271,0.7062734170251923,0.7173548888075276,0.7277416226962774,0.7262957085189126,0.7347123109942774
0.3548445834875399,0.7188820880752801,0.7519248523669495,0.6193320712599556,0.7380808296048419,0.7161087084904592,0.7441646084011354,0.7174582321508192,0.71422185975629,0.7282942221898463,0.7463246135640497
0.3663521664841086,0.6665382895752519,0.7713420572786291,0.6657961496456313,0.7205938583149383,0.7087360884242245,0.7388529390876352,0.7344193931282263,0.703891791054072,0.6786148950370924,0.7699370491468378
0.3436960763614131,0.7043624512001295,0.7605481279342194,0.6066968978594613,0.7280031835779983,0.7184060752142103,0.7401549571237058,0.6777278179372226,0.7111324695119842,0.7195311965622774,0.7747234497154138
0.35807398422413,0.7056575218408268,0.7764175652994483,0.6391748717344327,0.7070644776957143,0.7199428783846722,0.751584121383917,0.7255087628170984,0.7201758318913363,0.711429701299145,0.7681834104544446
0.3244753761926426,0.6936209480995914,0.7512055867096147,0.6498259602611132,0.7004573315222844,0.7379529049800733,0.6801967426469193,0.7386236806136984,0.7090340950600772,0.726124195883396,0.772681421763995
0.3193593799976235,0.6966931745730784,0.7197080686232316,0.6646832722275472,0.7307022774076901,0.7258656520392196,0.6872450219288587,0.7529596935753076,0.7197757955818416,0.7291187323628455,0.731619504878954
0.3245354060250213,0.7135792861956831,0.735576300537917,0.6686237539625736,0.7444777597191343,0.6888633975669421,0.7363812124306153,0.6865878763562224,0.7383342258925845,0.737867298064979,0.7332489086829261
0.3157885458119601,0.7160271102232247,0.7393066397251287,0.6692667694026597,0.7059989077406768,0.7097768282803705,0.7542343029587598,0.7157271046245608,0.7431974129526682,0.6974221271387867,0.755315319165364
0.3275561034591505,0.7474432807544591,0.7210178284223184,0.6909136262284616,0.7193646700971063,0.7259063107676123,0.6903409047196214,0.7378165525396316,0.7531887798079119,0.7012463179711772,0.7285129991724516
0.320022523973643,0.7772405057965157,0.7121923119097682,0.7014510302251089,0.701130809661178,0.7334783374947644,0.7152109975251264,0.7412904851672082,0.7332080980806276,0.6962904362901895,0.7403753187364028
0.3253860603572236,0.7303084413272772,0.7346416283946186,0.6058451252885697,0.7275029143157065,0.7372153315038767,0.7208957806138466,0.7492139941567797,0.7126113651972863,0.7063477989699442,0.7316446122191068
0.3532432141510944,0.7757062767134599,0.7682997886624122,0.68629329136906,0.6959526982072852,0.7157836885231981,0.7409716812098305,0.7294246289267476,0.7385190536129266,0.6985841575938943,0.7391381182101311
0.3808702831454801,0.7147840861291025,0.7570292223716378,0.673179065279116,0.7298575637073892,0.7121543098598829,0.7617674060828261,0.719510210353013,0.739837058482588,0.7211468750959258,0.758948988247784
0.3260304457332739,0.7493554245164518,0.7670233470114138,0.6956092283300707,0.7312900636995228,0.7143767893393045,0.7554130697941922,0.7236116624094027,0.7424768075728784,0.7236695961029094,0.7743505141448772
0.3406348472523494,0.753848958103807,0.7423154908761496,0.691528854891916,0.7249174703250434,0.6649887069855566,0.7510975063444996,0.7119536001599532,0.7406851048545036,0.7258714055832507,0.7838560195864521
0.2766695540018169,0.7573517229844855,0.7282741904190158,0.6348640812288241,0.7341692319418893,0.6721217020442509,0.7570596826388729,0.703787343898997,0.7465746891296836,0.7067764686635408,0.7962371438002541
0.3111253763434658,0.7472810776348981,0.7351578957835774,0.6287403334611813,0.7483536509541733,0.6991844889796266,0.7939758950410758,0.7217986462148088,0.7615826312888814,0.7346212322010344,0.7540881582367148
0.3371936011668304,0.7595624303433777,0.7654822123727769,0.6421348759471899,0.760356938427936,0.7317770010028536,0.7168763522453574,0.7390698713470626,0.7769007426459926,0.7285949101354512,0.775002757368551
0.3491248957713881,0.7211808271592313,0.741279289568464,0.6455036594175809,0.7455112880688414,0.7083847129382024,0.719325167485318,0.7485265235098362,0.7794210561926792,0.7269537017612833,0.7201138626297516
0.3583636151797424,0.72700571984025,0.7541504597397133,0.6735767624918747,0.7639875663181793,0.7305872607678479,0.7241337966597816,0.7535322018418686,0.7564135285112913,0.7141378192301234,0.7547489987911677
0.3760362464620105,0.7065004232308981,0.7770816469417634,0.6768008288722687,0.7553317322679444,0.7459471222284163,0.7370319000952433,0.7588570574525986,0.7221937957226746,0.7421167257959902,0.759351977086123
0.3629778258893447,0.7205112479188525,0.7499406549301554,0.658697888772592,0.7579586968461449,0.7464739946138457,0.7302860842314172,0.6819539739659177,0.7321926678778179,0.7447532788076461,0.7527920456856281
0.3453665719263684,0.7190864795565298,0.7306028055935726,0.6489876966296835,0.7335361906104118,0.7253742355385463,0.7561877773761556,0.6823811558038977,0.7549201893242303,0.7282058175937915,0.7208600169819815
0.3662080177674887,0.7425401869806247,0.7257160273982863,0.6701261955281349,0.7363369867850685,0.7305106234277843,0.7408564827649743,0.7185917812786153,0.7598517658680654,0.7103855930986077,0.7267676673400695
0.3254009493549039,0.762683280820375,0.7258737695859449,0.6719925685742081,0.7443359673032193,0.7188969290484624,0.7034272081800497,0.7344635962152655,0.6906336747945228,0.7312610350836446,0.7697725597342565
0.3406613710346413,0.7153408125681422,0.6868709124136967,0.6845278724253514,0.7161196981224229,0.7177800832855485,0.7328006952178023,0.7541796030027565,0.71382265911544,0.7200830666579633,0.7230482654255839
0.3442851657843584,0.7262874535378269,0.7422857224599653,0.5987007519190187,0.7170294640147244,0.731872502776441,0.7688422442764031,0.7294117075683275,0.7513831026363642,0.7441555879430934,0.7374199740586882
0.3535811557541897,0.7163589778900028,0.7800178205642586,0.6177027136239638,0.7477333586472339,0.6961832681981012,0.7708997979516701,0.7085399143906946,0.7347299765812126,0.7467381605582983,0.760881218244851
0.3747480247630956,0.7258968048544947,0.7281379739559203,0.6532364219326048,0.7388988792964192,0.6839802494205139,0.772732854596803,0.7138333865831725,0.7428688767056334,0.7471156707893007,0.743969722198126
0.3614215316175967,0.7487605926507768,0.7195224648062113,0.6619388817455638,0.736694271933597,0.7231816169394215,0.7843758217273071,0.7230210734511722,0.7503509591382163,0.7506120397800033,0.7554386666257744
0.3303480387865532,0.7637634086806611,0.7451693746888606,0.6363201858828184,0.7390303505730867,0.7303495803454394,0.7652659433628798,0.7632249088921685,0.756234012195395,0.7373279430629462,0.7411742409858108
0.3519798637770515,0.7716042687799967,0.7712333322411955,0.6596333237939764,0.7292272857362039,0.7258375748961837,0.7764991338416176,0.7578728303718626,0.7658909131660028,0.6777465938469339,0.7525975431538385
0.3438972181158138,0.7751052059852488,0.7746736001872241,0.689081775854054,0.7501702590871829,0.7314323183869176,0.7296460701711039,0.7055032217289898,0.7182905333162556,0.689448479642623,0.7205401169390586
0.3508320017879025,0.7246846625342093,0.7394755859180003,0.6763996912064049,0.7502210753857885,0.6955651234948521,0.7210900251621337,0.7334124542384015,0.7216316795622757,0.7273031732595737,0.7515416221058488
0.3291724520474507,0.7207482950050124,0.7522729104505913,0.6643333406234925,0.7589961457076351,0.7036927766109846,0.7182272470309652,0.7459910909837884,0.7363834968891857,0.7365309016874604,0.7617181449137106
0.3399107730750874,0.724876135173537,0.7019666579581779,0.6802751378796497,0.7597615052394917,0.7437680239750686,0.6988262824822329,0.7473148581736979,0.7498673587371025,0.7532717194148492,0.7659795892371297
0.3524018991660855,0.6723731295654037,0.7292817337272693,0.643859963200788,0.705032948127653,0.7265399681972372,0.743209105355009,0.7669036470693953,0.7701057806538267,0.7295181075599231,0.7207714286835734
0.3073069735511121,0.7051960989726774,0.7553041482657246,0.6258954964987256,0.7221020946164624,0.7207363162242034,0.7144200846530262,0.7362319185936317,0.7244471432275417,0.6697510013663097,0.7742547243524546
0.3375191371731533,0.6626868748896393,0.7621515629767661,0.6646118536168723,0.7352313280625185,0.7212865786552478,0.7552010590888152,0.6879831682696637,0.7324261149013058,0.6965752301793511,0.7698962203940832
0.3427463744762984,0.667110476175043,0.7631050236804977,0.6654848643206859,0.7461506370383972,0.709538560996242,0.7333696465095565,0.7168356787046533,0.7472347216271626,0.7289522656236467,0.7723778107277455
0.3343829285560389,0.6694292310805428,0.7700543375950701,0.6770811441246474,0.7482250549591413,0.7256427232676057,0.7528565995030327,0.7501248069592072,0.7522589730778138,0.7124767523231142,0.721186053261173
0.3546572614248381,0.7010301165885431,0.731408054835402,0.6920872899364824,0.7691994148115344,0.7509479653736604,0.7581733289246868,0.7393222366384395,0.7440245336376273,0.721985500830867,0.7455375195338497
0.348535649964348,0.7176824868273921,0.7135185811214656,0.6966182982536808,0.7518179680613112,0.7340940857704288,0.7345456740654064,0.7159150347416301,0.6948088978192277,0.7610848819020894,0.7138780650823361
0.3656874990665196,0.7493002574801481,0.7228586914583237,0.6253342778542691,0.7579018686772128,0.7433699194309934,0.7427745969317738,0.7508289268735897,0.716427140245782,0.7467010293359818,0.7376847639195272
0.3739793720703287,0.7486929227402084,0.6911132070669083,0.6629006066931,0.7149562104764661,0.7118370452384732,0.7429294872671747,0.7541263320218954,0.7102781933158772,0.7144682337711428,0.7363949978848761
0.3765079547654878,0.6658800688842651,0.7160464124658399,0.6929493996695062,0.7250946538797307,0.6773008436798679,0.7440660246068993,0.756376419026671,0.7061516236620609,0.6979407495595001,0.7311684174399472
0.358269137402141,0.7084169379782435,0.735376230571439,0.6278930710138075,0.7496797859193947,0.7112287613920569,0.767568254184005,0.7102593633160893,0.709461309720264,0.7195250351950155,0.7557537754197483
0.343948486655882,0.6348134497267106,0.7126163382156451,0.6262515021433026,0.7570449325182682,0.7311485948927006,0.7557698371101667,0.7295828722099101,0.7211941775214603,0.7038864741342861,0.7438003055846713
0.3455054330465626,0.7075693640655585,0.7386624785487351,0.615508136284979,0.7591008950713124,0.7375094580719486,0.7622993084624674,0.7562574208493889,0.7495831936221535,0.7193337735720622,0.7605914633957467
0.3447255345788223,0.7285384196701861,0.6985928189727013,0.6259518192822457,0.721975279259239,0.7090770394975351,0.7712017314746549,0.7401213926516224,0.7501544659759023,0.7286518481403732,0.7584633239066605
0.3572181545933902,0.7425552034308897,0.7114629207347627,0.6754042959677227,0.7405292332609104,0.6956281572468538,0.6949192606671191,0.7107128834860011,0.7687720895666421,0.7434819524574698,0.7665136069246468
0.3741151724320561,0.7735446564209636,0.7566439394759271,0.6897721523074241,0.7595941627385197,0.7103661873435736,0.7163543031426647,0.7208359081099773,0.7259920008999128,0.7488075825176401,0.748359863543027
0.3240345686686672,0.7765356522094594,0.7597522683028456,0.632672209038918,0.7485634024900014,0.7192701721307806,0.7308465498810746,0.7476597483884041,0.6943991942655627,0.7176699842007593,0.7690468303689246
0.3378955885093853,0.7989931976589856,0.7344801761114128,0.6617831849138758,0.7357555403371876,0.71744294542524,0.7648500638541942,0.7201635753820526,0.7127661329959214,0.723466974325934,0.7633328801561041
0.3464176237962707,0.8060521964130509,0.7383560369166474,0.6731247651812045,0.7438999330346876,0.7260739884422687,0.7542959830266776,0.7110623823143355,0.6722354178584408,0.7609575409426403,0.7492223838586017
0.3549645061301915,0.6774326542273322,0.7852852958114809,0.6960552888924403,0.7530312907413591,0.7340327196055738,0.7041753590047094,0.7149794340206859,0.7090757820722371,0.7834020010080431,0.758276110863974
0.3764291640631905,0.7006182221158551,0.7160139564214031,0.7110772256345351,0.7626744580342151,0.7445279013722612,0.7055667360569177,0.7101858350679201,0.7197814278154131,0.7040681004672847,0.7490487940346472
0.3526612418002861,0.7064714458420942,0.7559881246063285,0.6876266314601145,0.7676204548238513,0.7445929116018472,0.7391432905499863,0.6917719754771695,0.7271721869189529,0.7189027007957856,0.7538083496811288
0.3413513467131449,0.7242532410296394,0.7215069278516029,0.6472087161826837,0.7351415519250045,0.6819936378465548,0.7432805553461221,0.7041187669373337,0.7491014397235116,0.7203872633699802,0.7683971544279689
0.3593244102493319,0.7293349677764001,0.728474531288857,0.6446468212914627,0.7303041524947143,0.7258140630857508,0.7480911172045228,0.6913002798844915,0.7569424392927308,0.7267078839453776,0.7609175881381663
0.2918085163534461,0.7070615589239332,0.7163175322757567,0.6582726965793195,0.7498796593358006,0.676290663719961,0.7065788423972083,0.7015598730936616,0.7260184915697488,0.7266646000787127,0.7943606748451004
0.3181836223896171,0.6894776720980442,0.7483577371914145,0.6287717445603392,0.7450865216763506,0.7194296759140495,0.7493625989905949,0.7320806909327765,0.7508184017287589,0.7341163168616278,0.7593103119902759
0.3376583134307487,0.6978923066018989,0.7566287331349187,0.6272540429002831,0.7413784092369416,0.7144225640062765,0.7497092027940434,0.7655797433764302,0.7203037966075237,0.7149781698594522,0.7588808639901709
0.3400060142248989,0.7098443290439411,0.7243884617855576,0.6371030032287288,0.7549693562428046,0.7216636035566858,0.747928275102391,0.7749883093151249,0.7323231965942822,0.7322772143053723,0.7546872661320249
0.3154631908567172,0.7311304408534434,0.7561037084697529,0.6485997937545835,0.7409533702833939,0.7069068954154808,0.7553968114905585,0.6839039560195673,0.7394231149942916,0.708707548324562,0.7554023400127727
0.3044131270769248,0.6592793045202939,0.749908913883616,0.6552523869942752,0.7726741463181886,0.6658075728962318,0.7699142301295394,0.6965107188245221,0.7597712392481142,0.6868810409717836,0.7817025189498007
0.3449411493202358,0.7088970856718708,0.7453655068511803,0.7017544782683873,0.7516596491916634,0.7166277322602049,0.7730547351138974,0.7505383507045373,0.749336403697433,0.6922152807377087,0.7343963068846184
0.3492855550307726,0.7109070314328224,0.7424314733527081,0.6319170789210699,0.7546895473036117,0.7217957004352382,0.7810397754160339,0.7603770303330168,0.6684115878703454,0.7201884306450351,0.7598847051608927
0.3674989430452858,0.7279626846926075,0.7245492286087704,0.6388015155064133,0.7170686008798427,0.7262176913026064,0.7780373689901389,0.7321676093677946,0.7026298004356771,0.7400715599125783,0.7724532932832874
0.308384583359814,0.6493371843477255,0.7545826599991332,0.6544974769253482,0.7332370930143391,0.7169320529794809,0.7857591723598514,0.6668887782564049,0.7195894543581981,0.7272528529241109,0.7871265932010878
0.3468582485661073,0.5808890602013996,0.7580530203986421,0.6539664255246259,0.7394946444840418,0.7495620696957956,0.7605310983838335,0.6917222169810033,0.7163267803123674,0.7541254626811256,0.7386701251290188
0.3485664817231755,0.6650920523261847,0.7718676356015444,0.6529220020396256,0.7330965155956481,0.7671521549410414,0.7805935923995637,0.7282621593010226,0.7303433230616516,0.730087525920731,0.7546016341727271
0.334756996801734,0.6864790358607007,0.7550753870004685,0.6454645235185015,0.7601816493398537,0.7207980748598461,0.7705483317831877,0.6858065813405185,0.7351076744145169,0.7172445837567467,0.749136720395026
0.3446052796828803,0.698859870534756,0.7741547464432526,0.6932992709767148,0.7427080856491493,0.73786871435634,0.7010893339422203,0.6810381089892116,0.7269867330410367,0.7265043343935726,0.7478690488225831
0.3495437525450555,0.73268571143532,0.7841108082259667,0.6987153672909502,0.6791315917367925,0.748593865950477,0.7457611444326404,0.6919798923038735,0.7637763108929903,0.7174550557803733,0.7340782200324849
0.3273619042221709,0.7416687706150396,0.7954656340172126,0.6898276327021681,0.6956711091823748,0.7362961927664154,0.7548121367598062,0.7083908094366131,0.7373562642602368,0.7022515735329814,0.7465708119186991
0.3545876136860822,0.7540146216019992,0.720779995728836,0.651360714743374,0.7222345076304417,0.7403101603642774,0.7565742107518436,0.7294722280954543,0.7517598377607796,0.6995500826682586,0.7498235595855016
0.3547529500050075,0.768133182888002,0.7717832790585764,0.6311379072624038,0.7433707754587912,0.7086036599678486,0.6932919061552127,0.7437960449467234,0.7399277962875841,0.6982946752610418,0.7509144718663103
0.3160919324481998,0.7151863080034635,0.7020296120090048,0.6465205472313489,0.7264971939467831,0.710472662511999,0.7000950493952882,0.7055651312101452,0.6969565785237822,0.7177533491946444,0.7320590608373413
0.3253079620949396,0.7278668270837446,0.7254611290170221,0.649772585547014,0.7465703140085839,0.708671952243984,0.733902888186927,0.7149332651917775,0.6985389634292256,0.706721429369652,0.7510115836758345
0.317871729217672,0.7262242595673961,0.7535022202919317,0.6843974044011971,0.7652841616263655,0.7191268568705157,0.7525937385133773,0.719530740895153,0.71481230103714,0.6947397482518797,0.7639967638379986
0.3320109685495854,0.7432870099744584,0.7755039857381698,0.6408790819612957,0.72716345425505,0.733811485798628,0.7420458884074528,0.7426272304717192,0.714958963128415,0.7179114992488007,0.6784742834392637
0.3499669942204407,0.7236523684373437,0.7926544431534843,0.6764897576338931,0.7491727612303989,0.7171968565987713,0.7557689189971909,0.713508353593704,0.7244762177139943,0.6881810047955079,0.7174599876571734
0.3697046149357254,0.7231883309761928,0.7697486044322241,0.6933306059570545,0.753370787434473,0.7327121057052758,0.7324817269749497,0.739753549537333,0.7364093542863417,0.6941647872494141,0.7303886722518123
0.3403546606450415,0.7614306271224462,0.7428787530243705,0.6537135906622469,0.7648465199046781,0.7413959270608638,0.7387411791316632,0.7045879002578737,0.7051456664139474,0.6744512087482679,0.7248657218077675
0.3511685615220253,0.7136360175733955,0.7772695992506564,0.6574461627952505,0.742177604898922,0.751054817311009,0.7509850168114788,0.7325220400273829,0.7255110497116193,0.7036955180823541,0.7560421211999915
0.3288628594172821,0.7310540193681676,0.7742132245483633,0.6806803240959556,0.7459862147424051,0.7380545565099726,0.748751311813967,0.7397521710360366,0.7537587226826383,0.7148142388357401,0.7727666715321739
0.3676675930147793,0.7485253585250995,0.791258444659237,0.6251771551274723,0.7612790879057028,0.7415316880307252,0.7022274902708487,0.6586261648262632,0.7282232287866638,0.7404674069035344,0.769694381084639
0.3358173117070344,0.7740861365043076,0.7545497866089469,0.6517049724788126,0.7350846557514866,0.7417674106427778,0.7092352473264822,0.7000646312284178,0.7339552323804864,0.709090263608077,0.7755021396739616
0.3208770848634357,0.770136384705351,0.7630312457588676,0.6040145383795456,0.747231034644855,0.7451705117698932,0.7407171642046482,0.7151220825964644,0.7190168872490754,0.7359001136271772,0.7415506298663341
0.3375652227694468,0.7742084225574324,0.7641450513236172,0.6313515559665095,0.737366289005454,0.7477164347622217,0.7773614277370888,0.7375784167534205,0.7198850494752,0.7231160973244409,0.7648701722690817
0.3136353184565447,0.7670591227568231,0.7130873997701472,0.6570850610394859,0.7159396097376663,0.7468173019100578,0.7385576259753629,0.7503348641685428,0.7366008577174179,0.7415988261848192,0.7598920327782623
0.3189728202135876,0.7156022157668961,0.7525776765106957,0.6947835098965589,0.7393906962961765,0.7247820400312256,0.7482014334680493,0.7725776972592673,0.7570765398552383,0.7506094818060798,0.7824813698189775
0.3517872756023871,0.707850493094056,0.6632151821732759,0.6557749102276493,0.6992452981224179,0.7092273841095704,0.7606848474527341,0.6985868726301968,0.741517189231975,0.7397148595396138,0.7764763946441033
0.3148169161757601,0.710700290865034,0.683175021706369,0.6076742073751702,0.7125208012828461,0.7291299353389267,0.7729686160272461,0.725279141361549,0.7301351499132613,0.7198582020176512,0.7390286833540326
0.3452406138342261,0.7370317704783285,0.6975813665817137,0.6172894175651165,0.7325770995659707,0.7412943933342842,0.7376593552742238,0.701231491084915,0.7147101754380262,0.728056946277551,0.7563758982789117
0.3365875588544987,0.7249640661146798,0.7104016494254495,0.6538664059338282,0.7456075660230526,0.741767719633111,0.684375433714023,0.7062200931264937,0.7180388173228812,0.7486988708970179,0.7474756917665267
0.3012291077053693,0.7550825139505399,0.7316125249510268,0.6718257743086569,0.7443491632298307,0.7605527592154687,0.7174719275729,0.725867637299354,0.7463816366003074,0.7512029395246973,0.7585734025309548
0.3151203394277817,0.6466842967410503,0.736788083901313,0.6876137504604969,0.7108257811398198,0.7060866107297776,0.6828494385404592,0.706607995965056,0.7210688564610975,0.7223542635661261,0.7613116430848987
0.3244570613983716,0.6770666611665881,0.7489308100198888,0.6656634944160889,0.7398400297147949,0.7262014579477996,0.7271396672158674,0.7161862548273619,0.6869883407078954,0.7470910726888506,0.7371263961915203
0.3411746543537929,0.7244611009451094,0.6851517429140789,0.6780268985968771,0.7401229275750261,0.7423088007947316,0.7757204616985489,0.7456021806440922,0.7190958149019601,0.6920262436375558,0.7576717647207477
0.266884856245218,0.7547983758688637,0.7300857927721902,0.6815746487042413,0.748311266449925,0.7069093418018676,0.7541455263125552,0.6816551844380498,0.7445274021825603,0.7351942446796604,0.7637371250360618
0.322566583972155,0.6904562849771787,0.6826840049261184,0.6603669459389254,0.7736576060142625,0.7324268766914845,0.7880639728046934,0.7079865460325425,0.7535980153608846,0.7151695065486875,0.7058590888249745
0.3189740043980231,0.7363218853759477,0.7151950160893416,0.6727527358142651,0.7637124771171363,0.7418624484075091,0.7305793148608684,0.7205443398903589,0.7278813861131807,0.707920465235115,0.7205818101763279
0.3323421455726185,0.7248904861319276,0.7761033583445649,0.6476480699521043,0.7405529736848744,0.6862967736479334,0.762890104656901,0.7314430067103064,0.7467501382671211,0.7149952144766123,0.7312252234946621
0.3374371794440858,0.7414248857661063,0.7027644340400735,0.6626579375295735,0.7407411785728143,0.7102452116673728,0.769175567459103,0.7220521767780896,0.7131465190084041,0.73354165984805,0.7534259439935493
0.3342072969446267,0.7062770920634346,0.7556625427691248,0.6647601923305556,0.7476168952312139,0.7480874458982918,0.7259079103096842,0.6907780747523614,0.6885288308864923,0.7262814978125116,0.754210804179978
0.3389590608207562,0.7204156559255301,0.7211748075434874,0.6231537838754306,0.7485478263093025,0.74938064972193,0.72775934261398,0.7031270538944805,0.7051804611584405,0.7077496376743619,0.6928099895113167
0.2923085616125398,0.7223934291783184,0.7366913884832138,0.6731821697371136,0.7306540418457877,0.7284792168455202,0.6995242195388363,0.7034612368064551,0.7281903322692101,0.7223078757044494,0.7283343205948227
0.3387307761119452,0.7016805096354927,0.7532360050236129,0.6650447987330148,0.748036599718638,0.7545580867687798,0.7375293909032711,0.7094997354866462,0.7345155781005315,0.7279269148358889,0.7368226962964075
0.3300033467318614,0.6929055282519568,0.7031505454523908,0.6743556989333618,0.7341153464615278,0.6991719868516386,0.717262497508101,0.7424823401224687,0.7203928439454338,0.6967415434362699,0.7648135336629613
0.3389675374896232,0.7229129124288297,0.7252255085560617,0.6788468660307472,0.7476291234030711,0.7116513197875868,0.7193771544496292,0.7499496633744172,0.7288833737254896,0.7082159902033403,0.745392054763783
0.3522320718601013,0.7150069611229825,0.744825294047228,0.6528978599691487,0.7036130239307185,0.693895382515787,0.7251778683237189,0.7530274548774414,0.7531035125779272,0.7355550091347602,0.7697825899330651
0.3492428178637567,0.7420074989355976,0.7641929351200745,0.6086766698007385,0.7218012481357796,0.7024670220756573,0.751070450852291,0.7568163149730156,0.7676783953753553,0.7507086348213371,0.7795253659404426
0.3614730760535816,0.7059241441659666,0.7842021416351229,0.6672441438099059,0.7259402838399193,0.7085389377111353,0.7109871875265261,0.76214257473038,0.7706702179739305,0.665536628173098,0.7580795435289811
0.3589823034093952,0.6816234454403177,0.7458999850343269,0.6148061641699647,0.7260600550819581,0.7179605011394052,0.7143837696744524,0.7297573573669925,0.772630075898487,0.6877446817351611,0.7463712333855667
0.3154573691760318,0.6967820832171554,0.7372880693768511,0.663160055848617,0.7426383323599739,0.7381364807092798,0.7376803878680569,0.7312914785657727,0.7272549775053042,0.6864401433728392,0.7588993169126919
0.3519008589681667,0.7295181156568886,0.7700598546427473,0.690624349809166,0.7427635590899361,0.7281898099979073,0.7832462197566092,0.7479692393700952,0.6931856851216799,0.7124275789199583,0.7632079854082452
0.3522440293621783,0.7312898958248102,0.7771873797187199,0.6096419541884756,0.743989410249815,0.7512085509890858,0.7292762820073363,0.7398821971458682,0.7346908835298109,0.7326789707767656,0.7614312184464059
0.3448459634165667,0.7404179768881094,0.7141160729001068,0.6322593707850896,0.7539973411688954,0.7722485408618734,0.7413840381348471,0.7258153494582817,0.7484760209041996,0.7206611926618208,0.7330523725825391
0.3661781672308506,0.7091104214127205,0.7343263573332424,0.6680357773207872,0.7547885661630871,0.7422855091668978,0.7406158883077492,0.7344310278097921,0.7616800217086828,0.7342296194998753,0.7531597399282686
0.3578569105042678,0.7332732091353219,0.7563548509423283,0.6437238137839387,0.6905517606585531,0.7520406636465198,0.7460073722921143,0.7366564757521137,0.7404740579035117,0.6927662171941997,0.7661774223385459
0.3635773948366528,0.7438168292854923,0.7673280415089911,0.6658772031156783,0.72815701039241,0.7047173514896699,0.755013003880628,0.7659011593645357,0.7588604684531919,0.7177790065541866,0.74677860704009
0.370065043841203,0.7660619896765453,0.7697848299128234,0.660234284383735,0.7262442783485819,0.7304699069140743,0.7567290897390155,0.6798859872618228,0.7564743150864027,0.7184490110789694,0.7779901209145297
0.3733784500601487,0.7196848093084354,0.7323160642322569,0.6500545726423448,0.7535884570182588,0.6953527221262547,0.7035916328504406,0.7108558684598674,0.7427086476267754,0.7068627793447059,0.7582895184584109
0.3697845569030361,0.713664248426969,0.7501666921769995,0.6211850299196925,0.7558796415113922,0.7027999406438226,0.7415400088990661,0.7255867060966454,0.7374848979660111,0.7246671761328338,0.7673901324026078
0.3704095505827455,0.7438834709254776,0.7088591885854311,0.657760179087965,0.7328063199649315,0.7089022043133013,0.7307727228831529,0.6995949190553238,0.7381792154315945,0.7248737182983463,0.7781185052172481
0.3368646996804609,0.7541864612029985,0.6759721585024343,0.664856139811778,0.676129639288842,0.7172384863195467,0.7397910281437533,0.7284492381971321,0.7593135842459728,0.723870829901996,0.7534596110667369
0.3497983576057956,0.7549447500881252,0.7287069203446634,0.6716610564291602,0.706604456616647,0.7406019583455739,0.7427311201082012,0.7498606360598616,0.762767985525312,0.7488857674305793,0.7680848423653104
0.3202703045860412,0.7681100311371378,0.7178310997385995,0.6589203515578953,0.7292645597183804,0.7533059424326414,0.752402180314365,0.7027425813372018,0.7294607070548789,0.7399195228499544,0.7772287493037615
0.3253693441486163,0.6938442504091185,0.7409316032199748,0.6967035506266613,0.7282867636552961,0.724332181692273,0.7445697902845735,0.7220884545459217,0.7229106684114329,0.7299691417704506,0.68384982608078
0.3150498391050966,0.7028503448509951,0.694557250356057,0.6280935249440401,0.7320206850819512,0.7199355019217909,0.7139271769478585,0.7235953153232653,0.7073422210212486,0.7556213368127656,0.7062738927764383
0.3228679316387904,0.7336738815875677,0.6925790341548413,0.6214924019445857,0.757765312811667,0.7410008079666932,0.7361998518897435,0.727160575304897,0.7116804806149077,0.7545740634255821,0.7282437226525569
0.2833124866698705,0.6699969623771826,0.7506127517952303,0.6519011369170752,0.735478231346147,0.7579281786723604,0.7467438797385546,0.7282290847372537,0.7402055754648829,0.767121767175444,0.7336515331218417
0.3094062823684029,0.7447736115004826,0.7110738637148567,0.6555570649169903,0.738991424235224,0.7520388663145243,0.7073417824662014,0.7408653295516495,0.7664153636203046,0.7698937071187453,0.743658245164758
0.3350167561703774,0.7532357553732061,0.6536846744430139,0.6755699221479856,0.7651352128127582,0.7597094037432066,0.7195704100028233,0.7027260240993843,0.747437638605588,0.7184606729688795,0.7355555037078522
0.3253778947812836,0.7668646114833384,0.7202005811590538,0.6848365847040692,0.7456808511860897,0.7542049993670248,0.7390115618287305,0.7344594128409617,0.7324332878217917,0.6952859789874242,0.7302797672478102
0.3243068285491139,0.7082849587746455,0.7302614165120844,0.6371028474810886,0.7600717483945217,0.7440261589960602,0.7501541835966286,0.7390572013642158,0.7197404224845914,0.7105898365297428,0.7524522302056804
0.3311611672507096,0.7099233958052789,0.732247447356513,0.6700393491042331,0.7434993579107257,0.7205305465991445,0.7535779143177181,0.7472689766957001,0.7180788594921379,0.7163180088645061,0.780829560495679
0.3358886967462141,0.7513935380450272,0.7713296918332222,0.6255123201510547,0.7389420520490121,0.7316915762287886,0.6463351149727625,0.7155083009256237,0.7352171403376974,0.7166119884826583,0.7394566516629882
0.3382895678706821,0.7494575270119237,0.7390276603363933,0.6306122667232537,0.7121937749636609,0.7434355942092985,0.675921129235368,0.7183798076897713,0.7248883251228055,0.7347739468009816,0.7366123588624578
0.3534905387002195,0.6865347903435066,0.7072977994350308,0.6435334906342466,0.7284582493540266,0.753568129752866,0.7483078343972396,0.7182316229039447,0.716467304539294,0.7173202444793263,0.7577092520139852
0.3508956754703304,0.6610924996766991,0.7156993334601577,0.6544597554044036,0.7151374649374934,0.7157124318835573,0.7438630408369454,0.7015481662244593,0.7257872717907913,0.7078614137495174,0.7748522467447703
0.3361147353621183,0.7264881976962524,0.7484737673309207,0.669510369169817,0.7400158572006288,0.7086503971953952,0.7471293895606401,0.7190034287949991,0.7392658004395916,0.7205768163051601,0.7461728722847861
0.3333272311228841,0.7174164401346714,0.7580465257153227,0.660813378491879,0.7405069384033137,0.734955695622233,0.7165837870780127,0.7317808547417977,0.7413407697172345,0.7430430883436733,0.7615144717672355
0.3504965126954746,0.7188781543859932,0.7674643935454661,0.614139042238597,0.7551390032135463,0.7487902736001618,0.7399320523278567,0.7062906537828633,0.7103926986685418,0.7453477492175493,0.7184196880453171
0.3510012234104406,0.6587575209797875,0.7524717331765721,0.6466312454673189,0.6982821504285339,0.7418543459149155,0.738207775480812,0.7251763940172202,0.7287727658994694,0.7323185658561354,0.7254987603840952
0.3754337281076375,0.7199584555395744,0.7680867018131752,0.6353180151454593,0.7510132331892714,0.7313878302854587,0.7449198545666527,0.7046913400461531,0.7160352870482934,0.669400063049662,0.7403864766738989
0.3385537784784367,0.7454548799121645,0.7707006912395199,0.6420150718777622,0.7112682684986102,0.7401447095721119,0.7469877542091685,0.7069793751870448,0.714536483935581,0.6996400615636664,0.7616002412632745
0.3488936771840017,0.7561677937338773,0.7605043535794179,0.6669689083210609,0.7273816609727891,0.7360707582147071,0.7567141219678628,0.7412487307095834,0.7210749325876689,0.6748055301492238,0.7373388563025609
0.3497050533836005,0.6718047819139421,0.7379294061312176,0.6811347497259918,0.7563995904241003,0.7355870607994709,0.7582486308284214,0.688114637471764,0.7293476364424795,0.7180855096886095,0.7450385450563397
0.3530689919920347,0.7048059891908915,0.7700713849893022,0.6428506911323614,0.7022047373319512,0.6921969617534012,0.7511162138473874,0.7015253724861834,0.7392163603747585,0.7369615028563679,0.7246932159704635
0.3695913583319194,0.7203146697749724,0.7615478525745218,0.6731150951680125,0.7211138203644135,0.715573294013839,0.7033918086596427,0.7198784276143888,0.7523814889632102,0.7112441746025606,0.7422712096553382
0.332016137635064,0.7466468539798261,0.7627165227383901,0.6972106964513032,0.750741674102057,0.6680984237129428,0.7138768627478382,0.7118614763612569,0.7617899770341605,0.6863947087407921,0.7562928647209548
0.3479327009653157,0.7607581518926058,0.7364804802309691,0.6569280671294234,0.7513880288967855,0.6998937559477697,0.7552339261961419,0.6964759373918207,0.7239801272045511,0.7087092252057827,0.7604637472713187
0.3297518358622834,0.7879880041255143,0.7223249130959286,0.6131479241673528,0.7145449897703057,0.7043721583746566,0.6841010527925365,0.7333480365565749,0.7361651537788187,0.7259525755007538,0.7609510795354848
0.3251370502548116,0.7285100776195963,0.7189723414567902,0.6361861365491002,0.7286865310027297,0.7000713134820452,0.7326102996046022,0.7551820547137696,0.6976274191900892,0.7371621141113265,0.7681384947314098
0.345586374232024,0.6835570947267633,0.7429255458073525,0.6459277365395136,0.7636168630325767,0.7212087152001023,0.7629453672561891,0.7532071568415359,0.7120110691681889,0.6980142231752736,0.7221357302227435
0.3556769457735668,0.6879335331038412,0.7262047877382177,0.661091878980949,0.7407834584948549,0.7412848550389861,0.7340987680548644,0.6903597537953423,0.7442619382963807,0.6931487958802764,0.740394156363555
0.3715992325512931,0.7339871937308927,0.7419929782222512,0.66977694314302,0.7446516984178075,0.7385301271179687,0.7453856070617728,0.7085664326234089,0.7596985500337751,0.7121718115111773,0.7415697724193633
0.3240156064620555,0.7510111262385044,0.720620387731471,0.6795935323915694,0.7712516686782378,0.7476760609989539,0.6938498029848778,0.7034477792193239,0.7404994651022955,0.7179685431419676,0.733000713876473
0.3281955207197501,0.7687773719795471,0.6863862663411099,0.6689377945308335,0.7265372718748033,0.7213653029107295,0.7187355195327838,0.7158091276512608,0.7413987908995139,0.7438855392583091,0.7404821213436792
0.3085801693531662,0.6996912005333731,0.7415477681881963,0.57159602195866,0.732199756169822,0.7354989709822677,0.7058774228140141,0.7120767710460486,0.7135482466810966,0.7577495870397346,0.7569175221543218
0.3131108834675085,0.7380168573290264,0.7555704317089045,0.6004967082186816,0.7569355538225178,0.7142261133118171,0.7333172589363226,0.7304693685915435,0.7113626010655064,0.7665827197607721,0.7548312041199368
0.3142620152292568,0.7445212024627377,0.6817404881553011,0.6346199988830338,0.7483059145474491,0.7176003223376726,0.7536602620437256,0.6983243157174752,0.6939109207607839,0.7492254204506789,0.7752416112895578
0.3337303163851352,0.6912775748331116,0.7060595454429948,0.6837668056195547,0.7280036363269553,0.7181779695734967,0.7580872124794746,0.7302910217656873,0.705371099057714,0.695628396982875,0.7793342670261827
0.3581478891694175,0.685223723117588,0.754905679245435,0.6148907874339335,0.7454357427464189,0.7027691270589864,0.7226099457137308,0.7266764457033015,0.6913815969051103,0.7194907120016083,0.7793958384815803
0.3061581347815102,0.7276321483094463,0.7507009060878459,0.6328081549951684,0.7394001805915946,0.7006679385136881,0.7493646176100253,0.7431404125049058,0.7426517049549848,0.7369532612830751,0.7369181081709214
0.332189283346697,0.7519303310161778,0.6796228794433402,0.6854911234795323,0.7577262019710084,0.7191222875629548,0.7356405376306395,0.6641157012102057,0.7429914180421842,0.6941236877438196,0.7526697114398464
0.3530885250817877,0.7612314772831678,0.7189225574457259,0.6958879060955998,0.7761095144694357,0.6994591376954568,0.7529144814613615,0.7181887995953362,0.7498476958331481,0.7245674536733839,0.7651132679192725
0.3488392010189725,0.7844351327967635,0.7539279395690706,0.6961591027406818,0.7188554161961591,0.7358261241527335,0.7456076877524864,0.7042920357598728,0.7707483638832948,0.6739019127041588,0.7403350233613646
0.3545981586027719,0.781415839980559,0.7599584086999378,0.6075357949312977,0.7385196774019613,0.7028854209689007,0.7249853147396257,0.7276851403366544,0.7629368922064889,0.6919998376564789,0.7476639578830114
0.3448064795958282,0.7856009442331702,0.7639023921131887,0.6330782971577152,0.7434427467170241,0.7045647814931353,0.753552040965112,0.7383481447764899,0.7640830218623289,0.7129557193772506,0.7530178461519832
0.3297619695688037,0.7721977827371226,0.7389607399517233,0.6749840955584543,0.7507145238307196,0.7233884111619556,0.7518118239237599,0.7182343175928002,0.7546658435716331,0.7144773294403348,0.7829259215064814
0.3109844416020069,0.7897315046437701,0.7406346155507493,0.695659938047141,0.7566975667259315,0.6855839263822676,0.7379842922086162,0.7254233053241739,0.7582606104948597,0.6831672169529368,0.7063285855970906
0.3383124010103019,0.769682447237313,0.7408738925965329,0.6294912738717103,0.7331480042959528,0.7396188949946192,0.7057629133587152,0.7130735447912004,0.7152580572549966,0.6943139093161392,0.7280748953909788
0.3449431483487043,0.749929945558528,0.7807403085309543,0.6473603464307117,0.7427079183944787,0.7465716283559818,0.7411864283259704,0.7434632278926729,0.7271554810569831,0.6999162435777351,0.7227696709323846
0.3455791980673447,0.7808935913319428,0.7519455688937856,0.653652733697163,0.7383963920184413,0.7163622761292111,0.7382069174562822,0.6894532932350743,0.7415618520788063,0.7122462241011669,0.7371709858098189
0.3092224761819286,0.698382367557058,0.7074266383640713,0.689162632385711,0.739207725172776,0.7208947973797866,0.7397913488568215,0.7130596632856382,0.7691554639396865,0.7260656128572303,0.7471567884044099
0.3354522693728075,0.7223396268957695,0.7343731150297192,0.6884481675995477,0.759033204980156,0.7243444498288905,0.7410774159742961,0.7352375344224688,0.7058067542065612,0.706253943447137,0.7419108999544267
0.3604140013847513,0.7482111474355657,0.768127507461551,0.6840524161795875,0.7626803681025731,0.6997827243212561,0.748473537172659,0.6854211592973634,0.7409984549662593,0.730268193786755,0.7231561028456819
0.3636271922475663,0.7714505712807624,0.7737006536809873,0.6704520780057879,0.7636874287850106,0.7230415375510855,0.7736281870297661,0.7159632116608978,0.7187942764670856,0.6647999420495578,0.7274293994185235
0.3716223110232175,0.7608177828261348,0.7562500617456626,0.6437897601255239,0.7190577767762716,0.7376480190921444,0.7729168634914256,0.7183545013488473,0.750453796139387,0.701242255726056,0.7324844660399473
0.3666761324134018,0.7145789939550561,0.7532525738181239,0.6174017387477521,0.7472998919000852,0.7225715665312795,0.7171528625398558,0.7176052470214217,0.7659333407440422,0.7323857989297209,0.7447162268227705
0.3664462309329819,0.6935314806943833,0.7322152376462249,0.6613847171446025,0.6933857235085348,0.7129870173546395,0.7518765756079906,0.7176549980151439,0.6437407750652252,0.7435185715395876,0.7589431006886814
0.3493065296809542,0.6908219498792978,0.737417035322248,0.6570546082598827,0.705778004877861,0.737885589822525,0.7457102554519935,0.7253665252687782,0.7015280460184603,0.7511515461238902,0.776394922898058
0.3496029549510333,0.7074605709630797,0.7749959777167574,0.6301763849336194,0.7259791411280365,0.72473789858361,0.7758886991487884,0.7082025163156712,0.7255936137769032,0.717151966504758,0.7861600065109121
0.3438236488398599,0.7210986891307412,0.7925658911526794,0.6755947893777774,0.7321818364400036,0.7042321702380154,0.7795168251355988,0.6999733132609754,0.7351367599307274,0.7189413842351309,0.7552827128136902
0.3640651993785722,0.6882224662964674,0.802617149721609,0.6369487376620322,0.7436915163971145,0.7384027444543939,0.728150011600792,0.7147910423811138,0.7532377557260783,0.7177280483129679,0.7564034796551595
0.3556302043718963,0.7068686982045024,0.7640305798679703,0.6881270049707606,0.7494771336400252,0.7019293769527819,0.728461302878127,0.7518207800515578,0.757127159263933,0.7105565025378502,0.7568700009016647
0.3634054708319115,0.7091792544436639,0.7292374341405452,0.6847071426938569,0.7359272065508178,0.7343049323315769,0.7231391472385743,0.7498086436523467,0.7403534743058975,0.7141010085754904,0.7698397159385426
0.3336994466981775,0.7246530332918177,0.7099830458944498,0.6528129185753876,0.7265536185179191,0.7465720334338044,0.7414055835564493,0.7325320359831073,0.7334233038240165,0.6723871360507805,0.7644612186248492
0.3509046463422269,0.7355097799983662,0.7423020994556531,0.6590213710449149,0.7408908512397282,0.7178359345096318,0.74587795509847,0.7335765204332902,0.735452989774863,0.700616919227365,0.7662792936432172
0.3249387288395332,0.7096644481284137,0.7106286891241679,0.5916108750703096,0.7589308071506359,0.7282227219201207,0.7595554549101144,0.7374795777702315,0.7296228489720684,0.7213102608386659,0.7777150813541873
0.3398826870185708,0.7343301485019086,0.752083568841502,0.6487446632605742,0.7786975749003706,0.7306866788835853,0.7641388843530843,0.7242063165505448,0.6669852251698916,0.7209677017672307,0.7149422222053637
0.3518287755653916,0.6479995985242462,0.7507694268626863,0.6349852473821023,0.7346246612842866,0.725072902427781,0.7336285785420258,0.7101622812222835,0.704051460305751,0.7376234112563713,0.7256865935327227
0.3404972406994566,0.7196035009250596,0.7648809711797627,0.6649868090916347,0.7479007227911706,0.7252433984632609,0.7490202161045054,0.7244490074482037,0.7301795522854613,0.7402479160734587,0.7564931563717623
0.3212751401502697,0.712856293680412,0.7200642109750175,0.6461982432687514,0.7478881829831998,0.7350185069845341,0.7685081175063603,0.7033531433005812,0.7543291522817914,0.7487524297606354,0.7760434004459643
0.3310603681974093,0.7166517660759149,0.7347932868329135,0.6037532778425381,0.7507265779006411,0.7416863593130509,0.7301777503953759,0.699695465749739,0.7040574642382509,0.7114055099212122,0.7811428632237846
0.3310230355017333,0.7208814200267815,0.7568247361833975,0.6204593990052925,0.723630837096411,0.7499670447594244,0.7251833076626941,0.7233680575277629,0.7165890753747567,0.7336051407312476,0.7709541587703388
0.3474556546344441,0.7308977190977552,0.6975191896580781,0.6577454994472394,0.7309437923980091,0.7535923851619619,0.678940675891956,0.7292172462770923,0.7410743565795483,0.6797531720738792,0.7859468230037849
0.3753866190103909,0.7271040637922813,0.730508086054183,0.6627910199958066,0.7537205460709577,0.7503043326886452,0.7132031695960912,0.7207395168909889,0.7253834227903116,0.7194807263866074,0.7327560949672004
0.3548484709058553,0.7138667055102399,0.7531286450136345,0.671006389759786,0.7474954258110855,0.7305989226822275,0.7182209344788069,0.7359314885545805,0.7491287585748534,0.7296107908368433,0.7460734153255828
0.3526146972005114,0.6221660679337874,0.7587682717481345,0.675831948498665,0.722369491427896,0.7294275752574106,0.7421799511987889,0.6884398707650146,0.6931555867040796,0.6964219553938328,0.7509206395299075
0.3675448975182712,0.6891745374362119,0.7195394751007415,0.6680717535066305,0.7459074386317321,0.7435339650023614,0.766016297151999,0.678689075800721,0.7409537105125527,0.7227391600043876,0.7595429670376084
0.3346761501533386,0.6974048882660329,0.7037158560338755,0.6904307919923993,0.73180656885499,0.7315847894700817,0.7486928576564222,0.7205597485678465,0.7066541493887006,0.7549620845074063,0.7736174899563807
0.3510871367182637,0.7045244164346598,0.7077100527012683,0.6698051573476671,0.7463560684330705,0.7109799546925852,0.7119134478561261,0.716630216889548,0.6839374736928503,0.6917718500017586,0.7575763841058262
0.3525634419997985,0.7172998114141922,0.736713157394524,0.6431045933112217,0.7682877599701738,0.7203574974013716,0.7360654034681934,0.7250744880659608,0.7106598830018922,0.729612491404079,0.7343326443343443
0.3504438967620076,0.7366081841349907,0.7592346377793515,0.6501242390240818,0.7683201713426187,0.7293045510187264,0.7480252138145376,0.7349441466932818,0.7135549383966795,0.7461740071986933,0.7540542959870273
0.3729562393081087,0.7407320766548524,0.7880336135793582,0.6811328279257054,0.7229638221690823,0.6960412723533517,0.745997001821554,0.7373092923561793,0.7264433225132793,0.7411219503155975,0.7592625287300456
0.3754205538777714,0.7150904645930901,0.7369288031162694,0.658559065876485,0.7268612715404625,0.7151439639125741,0.7652045353252835,0.7529244380356538,0.7097805124532564,0.7343159272800349,0.7759533418724218
0.385023380287021,0.7430735096132335,0.7654369210189569,0.6728322501455917,0.7347712137760134,0.7313248784868044,0.769646583603308,0.7116272547755902,0.7290183710437701,0.7320191588825687,0.7342456766428186
0.3842205341443085,0.7386117895412059,0.673912446570495,0.6339096875952361,0.7380311285137016,0.7390206692261805,0.7196973859472643,0.7231854484552176,0.6802394726790344,0.7448083165738053,0.7604555950845017
0.3301619377736962,0.7643424955859872,0.6914359589293746,0.6547053247756017,0.7485414135765136,0.7147308543625075,0.6989774065704376,0.718055841961938,0.7200361216778988,0.7142907636535221,0.750399579275763
0.3614982028465648,0.76631706005009,0.705617976668564,0.6587432629289365,0.7453360914033172,0.7242741663432697,0.7235354078815838,0.732427393056142,0.7431031266221847,0.7225173408333359,0.7489606059358394
0.3353695884313553,0.7913757215520749,0.7278505459059251,0.6817342790192508,0.7301406310597259,0.739942504940867,0.7265853161523195,0.7254410866829014,0.7606282188804441,0.6996762999878267,0.7605242657199573
0.3511304246174627,0.7947188802166796,0.7473179108113968,0.6183716706906384,0.7491295149402581,0.6971785580832223,0.749343537601777,0.7143722587853018,0.7405870351921668,0.7134687432560902,0.7472711584535559
0.3273097229829348,0.7427321990207332,0.7662623325561033,0.6415324371950506,0.7508628774272943,0.7170494959581661,0.7504313863725491,0.727399612988884,0.7205007118901801,0.7333254589864663,0.7555364223986878
0.3347118596586365,0.7270304671428007,0.7667759588167506,0.605443193715596,0.7583877514999784,0.7359721838276154,0.7667039085702163,0.7073396961921732,0.715602788177278,0.7489490087899655,0.760531756745435
0.3352062166229235,0.7053175676091369,0.7603679761643299,0.6432448583285795,0.7358001455168032,0.718050675123303,0.7260616865698833,0.7257029124081325,0.6978630244150469,0.7528478495314163,0.7609685334957121
0.3201897815026418,0.7217237640238554,0.7641135110094303,0.651613257443121,0.709945816589734,0.7042466501108904,0.7510341847682802,0.6867426482131193,0.7315575446657248,0.7596557151310785,0.7776044393178227
0.3349825379641916,0.7210039994775502,0.7810676897752348,0.6826400122861387,0.7260745974330913,0.6937763286050334,0.76196091197757,0.682573373180753,0.7279632653498739,0.6850563325761052,0.787930256981923
0.3451493744022475,0.6754007201515846,0.8021340118238198,0.6049328786489804,0.7253466595220858,0.7088113853266811,0.7401569516909343,0.7053629208972605,0.7223951012891838,0.6915514555551282,0.7663843209598624
0.3201766968047529,0.7076631697907916,0.7302993771188294,0.6643165337576489,0.7390272075592699,0.7040525539108254,0.7409803037301909,0.7067143729515324,0.7470184781692945,0.7077971228302053,0.7706716715458624
0.3236509555675309,0.7624196075181389,0.7107125656078442,0.6189183707132471,0.7288422730039573,0.748745008352347,0.7548249473683881,0.7228433381843955,0.7477578595296075,0.7010210166872978,0.7578963954704447
0.3472407133714597,0.7234693978599078,0.7432513800250049,0.6814520654630716,0.704213394842423,0.7157559212026844,0.6893894084561236,0.6939622464804003,0.716627871816018,0.6841353771424763,0.774979170771164
0.3328874000194317,0.736118022337171,0.7172837455639749,0.681363524763479,0.6825373986125822,0.7198156831347865,0.7276649976201286,0.7187636765311695,0.736096496346438,0.7214366180583653,0.7866898140204037
0.3565671070806103,0.7542421467767949,0.730196936504916,0.6235682370568989,0.7023276263539999,0.736666306041541,0.7335177932923045,0.7363487705675813,0.7288285897437956,0.735495180711074,0.7725953674821204
0.3643257422662921,0.705722086900097,0.7613267226520006,0.6473507303914966,0.6965779826709657,0.7628132724200702,0.7368666459240804,0.6860598381390922,0.7091859557637452,0.7260797392012506,0.7766527385376163
0.353788122972959,0.7124121654407155,0.7028056160536795,0.6887342661961288,0.7132846979567811,0.7066522461406005,0.7646657772211214,0.7069525058233022,0.7140229685590431,0.7015941382529263,0.7537536817038959
0.3458218462408987,0.7385040849006383,0.7272661043620892,0.7005058528413912,0.7305282445294338,0.7199404567217583,0.7658268398576031,0.7392912350045775,0.7285465858451681,0.7286398342185296,0.7490342701129249
0.3496451083702887,0.7608088612287898,0.7127499983068304,0.673753419037563,0.7598302023507889,0.7371495834000812,0.751898665145429,0.7092187868535478,0.7461505168745579,0.7266944129739686,0.755707736119741
0.3236643253255928,0.7390592980605376,0.7317710313317072,0.6918659216820155,0.7533924681310008,0.7430593134885365,0.7328541624264693,0.6677622323744277,0.6688258817256164,0.738065610343963,0.7716347636140699
0.3478460766225247,0.7531432847727751,0.7351401150377379,0.6433064809340713,0.7468457788902991,0.7231406514295353,0.7531064777435142,0.7193672948330982,0.6995350539573459,0.7136792713252956,0.7841742093656379
0.3558022075017971,0.7367589258593302,0.7571945184014888,0.6871041374436799,0.7629981180007661,0.7214452772864467,0.7724126538812203,0.7225979594777936,0.7275290589807187,0.7167840012803609,0.7679394641404306
0.3053116114268461,0.7519029374494866,0.7811718943749013,0.671870192226227,0.74458593796407,0.7332445013244108,0.7671228151708996,0.7302466441073427,0.7584897078927643,0.7138465051007858,0.7733136398268297
0.329396953119028,0.7279999829121729,0.7310756278920268,0.6469439861899889,0.7043427595408638,0.6854639097403289,0.7488064605882965,0.7214611662919471,0.6755435853279304,0.649834318875765,0.7796157777511161
0.3497962597018282,0.7360046176487661,0.7382193458812216,0.6729756131460152,0.7115566781203624,0.7120868861847302,0.7270703208100269,0.7344106146711069,0.697915815869687,0.6860743816076863,0.7561133489291174
0.3415579370503005,0.7564900225273905,0.7492189368640136,0.6778796400245567,0.7423043287753756,0.724855394181374,0.767150169964006,0.6952442168863876,0.6813107509527512,0.6948546953307806,0.743598481431889
0.3466479051482588,0.7565170126638391,0.7548068594001904,0.6648774416344928,0.7530036354645615,0.7286066163340097,0.7354972114123105,0.7255434970380876,0.7338217409856619,0.7231823208984739,0.7482386459931533
0.3446925734541386,0.6667194229346116,0.7244807440955782,0.5757014829052164,0.7562887530090124,0.7437196224903497,0.7502820337553273,0.656074360649876,0.723500817182378,0.7431235143448096,0.7281280545275399
0.3097145293663839,0.7005347878227141,0.7010028423882355,0.6070132097595253,0.7515940618409885,0.7447792261231745,0.7634061120050799,0.7199388332517563,0.7231742945349398,0.7599927667881616,0.75448251302652
0.3325813930742302,0.6944247791695222,0.7160751653061295,0.6188868382002815,0.7283439513207123,0.7623025626694119,0.7545353325414439,0.7286208632010638,0.7323810812634718,0.7281077466049706,0.7569673218299284
0.3327829578090414,0.6958286385721473,0.7246023283532675,0.6503995900341415,0.7492639011580843,0.7185204788459951,0.7395996226668631,0.7296855397797339,0.7378130474280142,0.7414056374757712,0.7585269659647863
0.3253722722448229,0.7109015739676168,0.7454106496341877,0.6533448878456622,0.7491826944346232,0.691375960016162,0.7709679705650758,0.7126615449637937,0.7367534276427534,0.7584442194215049,0.7678298979275919
0.3448359894728636,0.6352065321059365,0.7176371454662954,0.6721378359108983,0.7573836416812445,0.7067033083708871,0.6760363274977533,0.7323017391184397,0.7354613885999864,0.7598523543093114,0.7282870305102082
0.309567681928009,0.6657499377217881,0.7312970864659067,0.6785325267212066,0.7515303060871403,0.7163201134444894,0.742708182025932,0.7330264283635474,0.7049757127599713,0.667297785169803,0.7466503154320507
0.3398626141765261,0.7010139617559042,0.7498806897098357,0.6839764387414268,0.7587512106749652,0.7178142196438337,0.7804226101576701,0.6967060720664036,0.7175309937101502,0.6955126550163251,0.7622016983670283
0.3452041135173983,0.6852409760175987,0.7199436070514409,0.617380047367732,0.7438242754630591,0.7078974278236772,0.7417236949161807,0.6980198067226857,0.7382528909654669,0.7328633970742882,0.7607309236543893
0.3378207217341366,0.690933524399125,0.7581656739934113,0.6280581998608633,0.7585591059610652,0.748980054930422,0.7404495667587631,0.7292679777621219,0.699851906148894,0.7454671049898889,0.7747074507802003
0.3475039589851514,0.7257884104292356,0.7468835695122317,0.6702811034728616,0.7677516900556182,0.7383118479760977,0.7692526696602251,0.7388006656327714,0.7218276051736376,0.713666530271495,0.7435321077493209
0.3225357228874076,0.7148962415742676,0.7343329218681045,0.6198505650175059,0.7468613796917775,0.7422055988087914,0.762897434960752,0.7162556068695938,0.7397495660154565,0.6948633481416829,0.7643918927325895
0.3244461480233327,0.7366658119768864,0.7603018694436279,0.6167422043911472,0.7387827718404957,0.6806088782796851,0.6983378791920867,0.7110659981208697,0.7421753537941636,0.6907515183954105,0.6969983052704323
0.3365850100944233,0.7387806141629517,0.7701290323524984,0.6740403222859692,0.7308238091133921,0.7170154610730018,0.7292948672430988,0.7411965827042749,0.69045808893541,0.662799583860221,0.7299745130692772
0.334071993436458,0.7238102187947244,0.7111186954991853,0.681665673973028,0.7483288994264978,0.7004359865953581,0.7049835265839249,0.6917517461430412,0.7325308109513049,0.6959630873112799,0.7335872787736959
0.2993927742169721,0.7415249657542935,0.7333750459121572,0.6962676998058723,0.7024528184459561,0.7352975985308432,0.7414283158990018,0.7205119323201197,0.7433441326592469,0.6944874384039836,0.7503538428249812
0.3258425778199081,0.7230478690501109,0.7182086982302758,0.6293026748757061,0.7341591196574108,0.6914286064471303,0.7507616644170958,0.7318869898225915,0.7508349718375892,0.7069121256880202,0.7386824795809963
0.3202335404248961,0.7413169912186413,0.6983202861800809,0.6301619099398407,0.7256639946279675,0.7018857090900705,0.76274804869222,0.7469649652838428,0.738491332518083,0.7400022952536729,0.7209197862390123
0.352087490770939,0.7321676649935152,0.6604491238333754,0.6451877657107303,0.7552929519248511,0.7317515042102549,0.7312689222993783,0.7239013701504631,0.7468417313113902,0.7352412604733989,0.7094334473064632
0.3569372079652744,0.7107180955395369,0.714270429975125,0.6500015430555258,0.729564498320533,0.734975749927032,0.7477444664009303,0.7399879106578782,0.7548366537858688,0.72592362032365,0.7422416732240297
0.3200017738646818,0.6997701315067487,0.7491463078180635,0.6345235896545434,0.7234379281517708,0.7429582974228728,0.7546059378292862,0.7326005654725357,0.7375409611686248,0.7116489092750594,0.7254399115117406
0.3256245808509124,0.7239229136005616,0.7610377478697943,0.6513283528194975,0.7200132167241207,0.7230160976406882,0.7587358562962663,0.7257560398357512,0.7337427457436566,0.729812848377299,0.7037308456457898
0.292039201486806,0.7291216308266895,0.7599107923321158,0.6354604576305906,0.6782324668507134,0.7273794327236685,0.7607348259229214,0.7246393874168574,0.7435336709238771,0.7479784487665684,0.745131376033149
0.3164406036028013,0.7284046736247536,0.7491348837684298,0.6725179630709247,0.7111683250144554,0.6987675356807238,0.7878211509606203,0.729213164655116,0.7399546042436355,0.7491206510972628,0.7559639049735525
0.325939130238186,0.7534756584427202,0.7351881459527841,0.5952681356443841,0.7006516902023188,0.7221595229236848,0.7928251547972658,0.6689116594938209,0.7431283527529238,0.7221473025578319,0.7677398608376071
0.3381079544259319,0.7310732980791895,0.7759980940794702,0.6414382337632801,0.7436368379228863,0.7496265209412567,0.7751290132228177,0.6996569846900234,0.7382915466087147,0.7257220802761943,0.7688361508388332
0.3566593703973745,0.755537806795263,0.766614454158869,0.6288529784466863,0.7613670686279927,0.7041688720229933,0.7096213480547318,0.6992853886359288,0.6981240180362079,0.733545627662552,0.7701600005973225
0.3284485085929848,0.7424703920077804,0.7680657507876768,0.6489604667985525,0.7311721656225171,0.6877393582447621,0.7357284741534165,0.7253231523356772,0.7078861938276055,0.6805403812403397,0.730696224259525
0.330646379585173,0.6825967111950643,0.7692846708733163,0.670389391867773,0.720978924680405,0.6988751837531427,0.7454187784277295,0.7497128778003812,0.7177746773823888,0.6888233267925745,0.7419146319691771
0.313591802515717,0.7127067071524015,0.7852426185887231,0.6710548153136948,0.739853174172129,0.7023884838902725,0.7483604022575047,0.7572079111026577,0.710862827446976,0.7200054491369061,0.7465666327178351
0.3175674912976416,0.7256569121917429,0.7396761306362488,0.70003838179529,0.7521469524998817,0.710168037397449,0.7470492904123229,0.7570397630975714,0.7267602635215278,0.7274963708712359,0.7627904006048132
0.337745024300199,0.7004898412636148,0.7287323109496686,0.7014542161125304,0.738418394335943,0.735785867331876,0.7682961733141745,0.7281769041509843,0.7221993046593986,0.7350544000213632,0.7207140145630436
0.3392381860727079,0.7166187192020816,0.7455426411618542,0.6261484649759574,0.7484546664318503,0.7536414163736295,0.7594018662630451,0.7089435659627424,0.7309703464213042,0.7239542229768356,0.7461160802153113
0.2907157595891296,0.7476270760931163,0.7201235046030102,0.6617243211366342,0.7523323318491673,0.7546296215007302,0.7268824557021074,0.732191966012634,0.7679499976086481,0.7349998815399591,0.7591428409409304
0.327622895524403,0.7054918792166429,0.7387717573687025,0.6653445256403361,0.7254687824696319,0.7586013364393542,0.7620614372008547,0.6783922765653424,0.7078527476243556,0.6770380097211389,0.766976892216216
0.3254849444533901,0.6479019187355205,0.7534210361733745,0.6674879617666609,0.7348607703810542,0.7107868078740367,0.7747480578664898,0.6884734541231272,0.7207147514212409,0.7039505310058949,0.7473000305670895
0.320406290468447,0.7314144500039563,0.7360390138668617,0.6524922841950372,0.7423059241358887,0.6965456303372944,0.7747746931332721,0.7173249474353937,0.7349227007558529,0.6984592444476198,0.7285660240879243
0.3244011759581708,0.7369100312863207,0.743396414335481,0.660828266159458,0.7236919629544825,0.721578222154362,0.7779069682552553,0.7331910071461669,0.7374657149053849,0.7247594542403499,0.7640013710567302
0.2375982211516576,0.7246896188358675,0.7213355117141482,0.5842195047041459,0.647384359107663,0.6974512108699351,0.7609167865677409,0.7121059355574125,0.7387311593506413,0.7315577967680056,0.7442534888996869
0.2467947769973127,0.7398474735022051,0.7318558758735496,0.6164050499235569,0.7046663039378264,0.7184566372705294,0.7522708962866255,0.724199926623424,0.7141876108233137,0.726821908441663,0.7501644242421779
0.2472082936998962,0.5725769536913687,0.5460794709884439,0.5295669978203167,0.6783974488249371,0.726521470037474,0.7703756859181868,0.7315251430361719,0.7343424884805965,0.7498530083076649,0.7162157427731503
0.2557611888884158,0.583592481750032,0.5650918015733992,0.5840238350441105,0.6902289741571447,0.7224687105479134,0.7964446514880384,0.7382529372162321,0.7174752228584895,0.7545914317268165,0.720820674442262
0.268524216854931,0.5840181833205862,0.5918740257405328,0.5551117194937476,0.6782887348260438,0.7324039534190474,0.6801879804488076,0.7387737610901268,0.7232745094903434,0.7531421785962362,0.7446961058255511
0.2423092509285241,0.5722765575937424,0.6195632304386717,0.5792187470537105,0.6316050218435059,0.6674420174675364,0.7081721157096996,0.7368530573670349,0.7410861811473592,0.6891479451339296,0.7462113530874801
0.2327694953111648,0.5603535783663359,0.6720052925135274,0.5796756545855983,0.6628336226190285,0.6993369719477969,0.7267330721103403,0.7408857529976294,0.7253273123509784,0.7119776746524178,0.7404875579400441
0.2284032432418268,0.563737984721205,0.6792115672839125,0.569249152926167,0.6405430107378172,0.7201498470873391,0.6806457571826983,0.7438823324067447,0.7402286462445489,0.730037892782923,0.7143341616651179
0.2411841959652133,0.5312171675133823,0.7199748658527698,0.5628246928957354,0.6898486841791187,0.7200423297273907,0.6997207928271157,0.7478777025221913,0.7306304165988943,0.7673133576608493,0.7449376965364689
0.1721443675836413,0.537563555496656,0.6037590877528048,0.5809145266010267,0.6108105348825232,0.7031095881727772,0.6750473226828277,0.7273791140128694,0.7488647195632012,0.7162528424586307,0.7539147284811409
0.175445782513975,0.4127404336204976,0.4840861858073956,0.4611004816363327,0.6679455156250691,0.7046706214825362,0.6589740279669737,0.70134630531252,0.6602034996649273,0.7063604192603337,0.76654937340534
0.1410580120997417,0.4307405399379415,0.4737519558580543,0.5309875058785745,0.6699343402096152,0.6680325999340742,0.6325804618817878,0.7221478102908869,0.6974562528253937,0.7208231817624188,0.7205799192242227
0.1440767697010811,0.4594099941049617,0.5176519500860904,0.4996595351075967,0.7037273971444755,0.6296708365448529,0.6285794600345385,0.753728865708157,0.7334683661232175,0.730395237755686,0.7551627031263348
0.1572658367859411,0.4618378362344801,0.5583533184984337,0.438859479467862,0.6811224480672554,0.6290448719598009,0.5152119692178777,0.7035931088559588,0.7048542423981192,0.7307356089286751,0.7524181001042223
0.1788061496999463,0.4733288816285768,0.4525386936940174,0.5046791267060619,0.6465651778707886,0.6402407318301553,0.5479515961233015,0.6828858926902283,0.7160257840341007,0.7546324430669932,0.7215432874139377
0.1881497169565539,0.4742738736344875,0.3683094586786546,0.5239950340042099,0.6182794704188149,0.6485487833243511,0.6110255374277954,0.6957096197321732,0.719709281259804,0.6888867439733461,0.7370724101631139
0.1935001107629576,0.4734109471156051,0.3861434747284967,0.5353588825503087,0.6175079770364652,0.6708177665642507,0.6639507500814243,0.6755650564178388,0.7059405126647079,0.632622601050897,0.7507354254992594
0.2101019822639768,0.4917679467433051,0.4285807330036782,0.5432097366806832,0.6681407282444679,0.6698400964998735,0.6929948677731139,0.6906705569009123,0.6798159160682316,0.6746127571792813,0.7620926698628798
0.215986234619408,0.4768114283469201,0.5173216352386796,0.5991672672733244,0.640644589973334,0.680002936391155,0.7030483443928497,0.641409959995901,0.6909128290892375,0.6447008187503932,0.7589745783125127
0.189580886964982,0.4033777253049518,0.5265619967482676,0.5892427358949567,0.6798564726758043,0.6880998757452039,0.7432330865085107,0.6979275356120398,0.7218998512518126,0.6830497636379206,0.7242391047973573
0.1685491923720652,0.3748410636894893,0.3954606332629614,0.6135881447198057,0.6945477896806964,0.6925598353173562,0.7269780787166018,0.7367340887296657,0.7280134554963661,0.6713833983617459,0.711593278719588
0.1652201126592096,0.2653443176731503,0.4781712943758331,0.552122751576996,0.7104787589639554,0.684534395625754,0.7433475272732235,0.7434075609193767,0.7602951548390067,0.6834280096235696,0.7252229343167338
0.179157046591865,0.2900411506570942,0.5139587961361847,0.5472113183312448,0.7327231209902776,0.6745124729755242,0.6790276242021547,0.7529280241668292,0.7451106442923013,0.7265192849458604,0.717640829592622
0.201368052555908,0.3373522741680214,0.5837852355820119,0.5881590264621032,0.7038586915524746,0.6485453893462563,0.707575584605002,0.7701097043393851,0.705096683881525,0.7200130780430387,0.7392885078313631
0.1757219480721236,0.3521376100127293,0.588847646930178,0.6339816757574395,0.7192637306504928,0.679791679557044,0.736733961147051,0.6726399267167189,0.721555792697157,0.7297922288599163,0.718354212264916
0.1676381593062242,0.3680638957105475,0.4853969295077735,0.6201123037466846,0.7247614770944608,0.6831214050961736,0.750257470474364,0.6827240384342548,0.713970660992055,0.7209497927252543,0.7385530094638013
0.1952783350895854,0.3728484697628019,0.5175035757499578,0.619369722974354,0.7203766424361564,0.721991666342608,0.7145941953906643,0.706973411353416,0.7251542847822361,0.7423136600711763,0.7419430767397303
0.1617549376739445,0.3804834543582363,0.4866699675572822,0.569031555980194,0.7458996803059152,0.7011545054911734,0.7452594530003585,0.7039302933326878,0.7307524593594165,0.6617020347720078,0.7680544918785945
0.1546902153439004,0.4428296924704336,0.5169371417619674,0.5858443547067204,0.7513052778061466,0.7177074711731414,0.732759483062067,0.6843488660615615,0.734945680965523,0.6812082288103047,0.7449463780913415
0.1780206979869162,0.4717881543125263,0.4443054489750878,0.6157300110297477,0.7418275177890732,0.682920278644073,0.7568034111172688,0.6903667734050704,0.7173104179255078,0.6900480347440097,0.7664672012293632
0.178623926017524,0.4208995444331615,0.4717901708184471,0.6567170569386389,0.7330585294198213,0.684549662139087,0.7171222854397498,0.6921173497905264,0.7314418864716496,0.7212011797530333,0.7790979867803589
0.1978386847330661,0.4537660502479284,0.5044637079589456,0.6671331612073526,0.7334346395301341,0.7253005917801851,0.7361205075698667,0.7236986087481991,0.7392938095444321,0.7254899411655824,0.7499367731601919
0.2186262007886507,0.4634568145161557,0.5386383422261223,0.6129923888159964,0.72690605050738,0.7298669977686253,0.6912907631654939,0.7417601429632186,0.6950857797791592,0.6862927144832816,0.7079339880749385
0.2411700827230194,0.4895948969714093,0.5632214447066498,0.6247863180168121,0.7130550345187662,0.6862427751070209,0.7357154919503462,0.7466655550118908,0.7197939544782712,0.7221094046094232,0.7358456995001559
0.1861944565447982,0.4462654307962214,0.6058694814176784,0.5630966101969838,0.6917642806751951,0.7168928701662407,0.7633862469397938,0.7199444778357579,0.7251753657086721,0.714306583644099,0.7386354004356355
0.1439158157465023,0.3230851313358495,0.6669036045799108,0.6044089590232395,0.7082009149514027,0.71575113610923,0.7183356575219996,0.7294798111438612,0.7785199602653184,0.7042236747389121,0.7064174957906787
0.1741674706912306,0.3222079942803889,0.6000331731581781,0.5938824867351219,0.7297425578495444,0.6997578394381837,0.7287430085360396,0.7401631886716042,0.7787604579003152,0.6689059187639729,0.7198205532512393
0.189357706967244,0.3976376915564388,0.6313843654326179,0.4945115342236073,0.6579170239088045,0.689045414337212,0.7370994449247106,0.7488845145282665,0.737551238814236,0.7015985704697856,0.7390551292526966
0.2092036265154083,0.4369158140809029,0.6069439521592342,0.5868768048121742,0.6777891202267218,0.694117922387155,0.7433183747687027,0.7534310831538278,0.7201774449638084,0.7102056808956991,0.7509807983506301
