0,1,2,3,4,5,6,7,8,9,10
1.0,1.0,1.0,1.0,1.0,1.0,1.0,1.0,1.0,1.0,1.0
0.40442700875156523,0.7536210174491035,0.7768587615624017,0.6787347941989258,0.7094079505573467,0.6371784191455103,0.6860554212087319,0.6856791460543327,0.7199652452213462,0.729191364978325,0.7237931198656498
0.3140023071285405,0.7206924283651527,0.8200820089618988,0.6558714329682357,0.7249524065919666,0.7072226730196528,0.6649763836461642,0.7626600397753838,0.786021528252117,0.7181763452965904,0.7368465102257957
0.30960646485641335,0.7818512935182184,0.8315419340620195,0.774539183184365,0.6161310455993921,0.661170066661982,0.7640905713055993,0.8092181979667425,0.7407827654370788,0.8214533582881256,0.7696819094387622
0.2921793123282496,0.6927012643355746,0.6619813165041962,0.66641736853334,0.7130355199390187,0.6378974586375831,0.73543643335407,0.829440107218182,0.7589313586849591,0.695725154884758,0.721624904575575
0.3427058531575927,0.6656076881987435,0.7983547472844866,0.7550573934995164,0.7315715051752307,0.6777576481477595,0.8006907922872981,0.7769269565080423,0.7162482208217117,0.759288077578365,0.7199021958531815
0.39436810018116025,0.5926716975752597,0.7996618813713792,0.6679907744579114,0.692044965687421,0.6012202990948456,0.7250287841639139,0.7645744128122989,0.754923312897313,0.7306925328327218,0.6693250535144807
0.3257774759111342,0.740030077668238,0.6980777619417495,0.6682172751444374,0.605032624608807,0.605953766737188,0.7739095410487044,0.7639908523655254,0.7735024158408677,0.7446159037473838,0.6828882881580098
0.33702969972069186,0.6649457058882373,0.6171110112151862,0.7741055076243312,0.5591500901611172,0.6736362524519396,0.8075009797248835,0.7141551865954454,0.7304558712960634,0.7646090979042647,0.7247678687113528
0.20916949818539643,0.7578064068647044,0.7298292484045995,0.6285996844897394,0.6580558377778167,0.7275768329927503,0.7921923125188595,0.7991214114790973,0.7933419422718218,0.6656364701570572,0.7926403555382867
0.2800379634987133,0.658411702879772,0.6759618865139027,0.7026335990492114,0.6650209635673281,0.7385852065068828,0.7595758469164424,0.7910220377043644,0.7777835303088698,0.7614355125463592,0.6388152339697754
0.3207554407895512,0.7380950659191744,0.6363128294141365,0.6972400113949945,0.6671873206270443,0.6845728511642948,0.6563753649816213,0.7556593549637228,0.7322252319996357,0.680308495398918,0.7389517712281457
0.3576610673110317,0.6690381261811243,0.6077119923908708,0.7372946922626662,0.7057957156782085,0.6326058933702957,0.7043235562627337,0.7652253937440787,0.7497336721687626,0.6948523098389988,0.7499914242434058
0.3489443958459773,0.5993960344439462,0.6719362182868266,0.7003344271012166,0.668737548910246,0.6758662645736782,0.7073344131810867,0.7711022558486993,0.7161907356719933,0.7249706580816486,0.746756607234023
0.3240560685319451,0.600190750567472,0.7185573892699803,0.6941476071099117,0.6861301446188353,0.653691818454807,0.7310021375645093,0.7849235100750114,0.6773692569641521,0.7375104119184885,0.7049554164452313
0.32518274521731416,0.5997637272194524,0.6802261324964429,0.749512462756273,0.6873173525035474,0.6500945401739908,0.7870907401707377,0.7835642189216203,0.7495661188776933,0.717341919744593,0.7385196194697035
0.3329508303687936,0.6811114433562315,0.724671905073028,0.7176116930829856,0.5368463283551613,0.6175862466660562,0.7739047392740317,0.7530302435068438,0.7465348297069889,0.6454671844968866,0.7432525744632426
0.277036463785174,0.7055611353635782,0.7403424960410891,0.6502510945387364,0.5809805512909497,0.6698426127224367,0.7690559477552374,0.7702124642111637,0.769213795245699,0.6852013248683437,0.7530148800545085
0.34361747151738953,0.7178150165535211,0.7873596802009659,0.7309123445387726,0.575412390315761,0.6757116280709574,0.6964071679122558,0.7224967621299099,0.7077030924197103,0.6430434034456741,0.7209515748890711
0.350320691135973,0.619875578939218,0.7810762226001668,0.726209709581375,0.5946844129733617,0.6836039831797701,0.756384415820946,0.7192975501878026,0.7193372940522593,0.6695444779777366,0.6757800977627294
0.3084039078986468,0.621359112086791,0.7772577221821815,0.7316222155838699,0.6185925989260618,0.7150600423286951,0.6913275046741808,0.7441694422191012,0.7587095381202893,0.7167425543722183,0.6776867351975701
0.3054427263222283,0.666225787214773,0.7556296121609799,0.6884718482224766,0.6240742788847025,0.6790299862295229,0.7328671446805188,0.7032809382474293,0.7186177712187031,0.6966279240195468,0.6795178340143935
0.34716067449834165,0.671020552366749,0.7607063520106097,0.6816908729313851,0.6082328117894555,0.7115730501429642,0.7777603599623081,0.7366754105763219,0.7108819730326337,0.7131357565606948,0.6878510239009861
0.3923589005137056,0.7022440655830369,0.7502025112423283,0.6959761351698244,0.6146961765208603,0.7028325162758093,0.7621672694513403,0.7577185603639229,0.714353423059594,0.722976141849224,0.7385546712022648
0.30508245181388594,0.5845190593322431,0.5849445065058532,0.731303007598753,0.4941241965304921,0.6120212137383411,0.7664536696627118,0.7612202645978048,0.698567959002231,0.7409913401203643,0.7621786008493696
0.3030462912228807,0.6795943237803191,0.6494017011460118,0.6992712700821406,0.5847328808981623,0.651394903115226,0.6644719454030077,0.751720314107156,0.7445284144096573,0.7485687894246089,0.7691174818310873
0.30616252257879145,0.5988376902425333,0.718705059017316,0.6935077057390235,0.6268432069640739,0.6723948300326446,0.6074889675697214,0.7743846856684997,0.7542059279311827,0.689504535707307,0.7700116775166883
0.2949431934830829,0.630097056586066,0.7180065626589722,0.7057940676397081,0.6478118893290528,0.7422795848627473,0.654328375169224,0.7785091053062838,0.7645467767941259,0.6988582452263035,0.7575518654793043
0.3088973661729905,0.6585763767083792,0.7824166334307057,0.7496927599590264,0.6742924312422411,0.7135100454365203,0.6808618621384476,0.7051076508951907,0.7525946459418837,0.6661008436541226,0.7158643623751672
0.34850108405224134,0.7125399510477524,0.7720181010111289,0.6929526579487197,0.6420663671391422,0.6709198000131809,0.714166106205354,0.7352876435989415,0.764999874276777,0.6881165069840092,0.6785010888069725
0.29726623957428927,0.621328098360646,0.6739611004371888,0.7186809485695017,0.6843050841381395,0.7317729658988396,0.7783696245018047,0.7353723665117311,0.7475799265741992,0.724627370552573,0.7053562028108536
0.3446507164461467,0.6661604522964588,0.6701626624375355,0.6602112653066418,0.6451793109587306,0.6412787873885739,0.6922517505703214,0.7185695777548015,0.7539733372959596,0.7343460243385467,0.6713259194578556
0.37037567473641947,0.6798661047985957,0.7014479267061222,0.6779946353636004,0.6589487877525111,0.6586703585716251,0.7006562407742266,0.7436991545462779,0.7755350448567719,0.7780010330393221,0.6686718607714295
0.37923341055184134,0.6211873169026395,0.6443692693682394,0.6975746359711149,0.6386383974134284,0.6597093272407963,0.7163742567873805,0.7593201402472072,0.8047059135243628,0.762447922573817,0.7041225219944559
0.3978975430998748,0.6727567779478572,0.6613522310487643,0.6125410385942092,0.6162060308429083,0.6440574080367233,0.7560098959640247,0.7748687895298723,0.7112016651237829,0.7396798095017513,0.7558757878586624
0.3827762805934916,0.7096770970256796,0.7660144286212466,0.6989586089410891,0.6087948141301328,0.6766973189249941,0.7998094600110011,0.7711543715913978,0.7197405196085378,0.706454129543225,0.6888962849717699
0.41243894118870567,0.7056993983686684,0.7879543456239321,0.7036627652290268,0.6663359852709841,0.7116936149481343,0.780490078552516,0.742171147642722,0.7534030383715848,0.7021479334426352,0.6817398597398154
0.41990897324113696,0.6722357165050838,0.7812329105302018,0.6813742072353799,0.7101442226917684,0.7118979519554911,0.7047776723843164,0.7472268443271568,0.7531276508259428,0.6968630130275959,0.7253216799440108
0.4108656237973062,0.7066822502272319,0.6573047601337433,0.6814400059823367,0.6069090301968395,0.6781342268156089,0.6434518722967876,0.7672845797404751,0.7882063076920214,0.6961629811777881,0.7247142943321946
0.2860536809525679,0.7122474919777619,0.6716557478290222,0.6699021020426738,0.6514018291772636,0.670836922105366,0.7078886440005405,0.7265239981078454,0.6985263421167216,0.6587092590628549,0.671844712266067
0.30936362157082153,0.7239669812497889,0.6540839114767418,0.6873146204847597,0.6726527135792968,0.7000879335684271,0.7340447341246642,0.7490590217406508,0.7326369733712068,0.6306755388522128,0.6901392578102
0.352554213816886,0.7192470502275006,0.6681499560737482,0.7367489990474467,0.650741430766798,0.6775014327705524,0.7433714273786984,0.7715888641723778,0.6839892933571606,0.6732500132966149,0.7273311198655925
0.30594249027209325,0.7327371983728377,0.6708922806349746,0.7673180346053556,0.631550528796683,0.6403683539136787,0.7049234432208161,0.7715429339777167,0.7405506971449403,0.6599728030915001,0.7019954223360086
0.31649781723108544,0.6887846037792335,0.6945543045924785,0.6853453041314512,0.6559449150296438,0.6896770923789117,0.721703681238535,0.7811084562521815,0.6812208060756935,0.6932035944720925,0.7238250508949733
0.33566315094837695,0.7081040741801975,0.7466791521198997,0.6533765646249838,0.6599455107077573,0.6968015068352333,0.6683554047474456,0.7178239902579535,0.719261413700037,0.6962649296277359,0.749031473837692
0.3604709536910062,0.6108418904340002,0.7504276696901475,0.7351203160499077,0.6884011553391374,0.7160217607714128,0.7132469113564712,0.7623239255854011,0.6977448320730553,0.7032598568455455,0.6657424692785343
0.30195619839234444,0.5951105292736737,0.6778990511584837,0.7256697371836186,0.6442855950344442,0.7212614110421571,0.7132425438993062,0.7300423794904933,0.7287483752043145,0.7248986340760539,0.6992369037849755
0.341336030556741,0.6246366569789448,0.7396719924719631,0.6457971334055379,0.6435383671455086,0.6449915673270455,0.7143323141971524,0.7398958633026325,0.7577322511013199,0.704104688693642,0.6849350333841651
0.30404173921088135,0.630658442255342,0.6512359468721535,0.6752257617670305,0.6647761762425359,0.6651750329743567,0.7433003389497777,0.6616234003211799,0.7611379927077404,0.7151213805436215,0.7099243972296654
0.3470778814745165,0.6669843593671132,0.7131130189264361,0.6936764223325882,0.6242294928822617,0.6528266642426702,0.7440731743513521,0.7334809235785238,0.7973059473877668,0.7241003126381423,0.7582745865364628
0.30724132694339557,0.7177782938272693,0.6571219873528731,0.7041341853985162,0.6057898069131452,0.6920802420414021,0.7554337643724441,0.7558239943593756,0.7641512209338929,0.7585455449914797,0.6786417073288062
0.2596775540918095,0.6075775297487582,0.580583124644099,0.6554218180660188,0.6132871520465271,0.7096117525851022,0.7113526857814957,0.7466946514256425,0.7752867597438119,0.6960147598705865,0.6809967708676159
0.31190926724583895,0.6758474643214478,0.6088596710746905,0.6699197611085903,0.6269488029317122,0.7115739470970484,0.7490929268659381,0.7141653560305012,0.7195060988103841,0.7091682157456238,0.7068938700473029
0.34770378378421485,0.6642251306316601,0.7075391662609953,0.668862321093208,0.6557659623604122,0.6478452488358015,0.7510848364099576,0.7522298875148121,0.7421020319590017,0.7202810315058321,0.731550962902813
0.36163861792240914,0.7136705352028903,0.6863812762188334,0.6896545450974427,0.6799624309986569,0.6628373024335772,0.7115511881491736,0.717569926013758,0.7756583553852878,0.7072445019336134,0.7165882957249374
0.36939194063871716,0.7176008633343854,0.7145438282385328,0.7050204922135761,0.682684841810418,0.7018602860117784,0.6502532711623105,0.7514323193812373,0.6930314197141013,0.713734259159335,0.6837971159022298
0.35957789057998746,0.6372318021396727,0.7347294174352844,0.6916386692168648,0.6404366171222757,0.6099525120887143,0.6778006334780107,0.6618160712233684,0.7115984334930892,0.7349800779495275,0.7124264143089788
0.37963159962205695,0.6070206554559402,0.7461957745827912,0.6563839356412706,0.6473394096798581,0.651446421296825,0.7141261052005439,0.717810458073624,0.7453306204467319,0.7555062432063592,0.7538568375004595
0.38400949085262126,0.6794425913599969,0.7661734759254011,0.7067459846176591,0.6482323283658615,0.6269897647257046,0.7445563201692142,0.7401849841931791,0.7949741132835668,0.6950805189257325,0.6609936178060618
0.3973953071046252,0.6924073516075779,0.7625193894609373,0.6063927146157453,0.6665877686103947,0.6579989487101792,0.7049907158935631,0.6708932300793765,0.7402920877295919,0.6563643914308422,0.7129543665365468
0.3561241594286886,0.6416148085540592,0.7118497031775919,0.6555734821099904,0.6799505655442206,0.6763139327663343,0.7334633509309428,0.7271160026468815,0.6686449088277838,0.6710971097462217,0.715298295350924
0.2993727007390568,0.5752919451696177,0.7312497155786835,0.6680407041065268,0.6966739123809447,0.6871133521952881,0.751724072285759,0.7425487746742734,0.6499100725358735,0.6409501388972356,0.7662954774100412
0.30370993203544533,0.6328424076638692,0.7813657114591082,0.6936110540815881,0.7351340814284515,0.640102122134267,0.7408218149147895,0.6284991001366999,0.6581888549716708,0.7348524680040395,0.6662317796313088
0.29970222959760456,0.6613141422004536,0.5507579990905065,0.6981728248884234,0.697188968768908,0.6602010360499568,0.6911243634358512,0.6654505382849245,0.7084813819523881,0.7489275467769465,0.7196193671772455
0.3555196386840452,0.7028786321065023,0.6664066820817686,0.7154166159744755,0.6765368194620217,0.7034831849896039,0.7064989725773148,0.750430222658703,0.7145089235304255,0.7526620865919658,0.7056216494923082
0.32755540533577915,0.7096089931680519,0.6967033347222877,0.6557173029040004,0.6733901246752471,0.6655752493783453,0.7512348162117786,0.7637950286954047,0.7582698338093055,0.741333054076078,0.738797005092888
0.34776683714448176,0.6877456219124458,0.7438670020499133,0.6587876768503221,0.6616497744706706,0.6717516675481682,0.7714135388610263,0.7867140405976621,0.7554033796640319,0.7478172272652005,0.7426741024060184
0.3452911924126697,0.6940912858807531,0.7771266523900425,0.6985810005123589,0.6650632608352485,0.6987609356947431,0.6648933648270263,0.746532222633909,0.7311180754331229,0.714510980687166,0.7126539860742287
0.2990889978201832,0.727316204567189,0.6831628419377265,0.6477025190397508,0.6157479320503373,0.5918214506638529,0.7096582434150293,0.6690580783204513,0.7487426994660152,0.7011978973744749,0.7078185887195427
0.3116026701325718,0.7082345275328772,0.737315587833672,0.7179339277538913,0.6505705171697922,0.6478439877622637,0.7293878511680167,0.6834593170590058,0.7678292505534299,0.7519367389674095,0.7380629037009754
0.28992096157569175,0.6905354301832051,0.7544700041102816,0.6498770637680719,0.6114413309156177,0.6684520028454222,0.7465099798399351,0.7247755110275663,0.7676121470325812,0.6937378001995731,0.7144764441534556
0.31634803851232823,0.7321944134078183,0.7033419523677051,0.6967570994966936,0.6304423175820819,0.6471933544472647,0.7705604640940862,0.772654394282599,0.7577258469744157,0.735936197564951,0.7479621443604528
0.35096011536761584,0.7123496526125599,0.7351328354000376,0.700511805632228,0.6838987741905154,0.6265027333802036,0.6957043183310835,0.6581076442745953,0.7721944350844403,0.7833749788694991,0.7334569780737088
0.23387294446592932,0.6515677024427623,0.6134872597925202,0.7106876449973603,0.6951782677574285,0.6617941365641693,0.7065990806123583,0.716427409536647,0.7636314929229615,0.7537942327745533,0.7477886503621425
0.28945247244671646,0.6437981159719876,0.7273661972423403,0.7197834727892267,0.6961930488942316,0.6712618020039924,0.7168914271747522,0.737033978904835,0.7616439479873028,0.7483338297793021,0.7456984747128765
0.3340608350117952,0.7040712213904574,0.6390989271532969,0.6669370464433606,0.6847584337834625,0.7099962674507747,0.6595324886042044,0.7876142267699259,0.6775536257424232,0.6931662111625471,0.7045698921099248
0.2916638621594214,0.6922837567705377,0.6590106187445086,0.6768186234769817,0.6547701461662285,0.737895844173825,0.7051824177387005,0.608838837836849,0.6804914881606302,0.7359953787743219,0.7423865005652939
0.3407910430477106,0.6903579389646471,0.7353613296511352,0.6770447267772242,0.5999241688713347,0.6310986461628487,0.7244575074398404,0.6252786870898552,0.7420960890094292,0.752254426329817,0.7450328853480549
0.39272829129474013,0.6008385084733188,0.7773017915350995,0.6808384682705179,0.672061457420916,0.6500766879631776,0.757026746972798,0.6843396617456551,0.7541256198516036,0.7631370651632041,0.7446784082789277
0.2977967198484095,0.6221207052544027,0.7000248039772627,0.5789938209070347,0.6922855051297796,0.6565344547162264,0.5863679393188134,0.7291384259706166,0.7365183972063684,0.7661718033165952,0.7126853386726849
0.3142742068316411,0.6312831554273843,0.6732549349132687,0.6440174424900853,0.6538269269541679,0.5450296744919229,0.6686407065729489,0.7410722703798087,0.6925254624290672,0.7031794354094006,0.7373792543168571
0.33436697868247234,0.7031202933438883,0.7128539593662591,0.6844689561449384,0.5749082521319658,0.6210814084817045,0.7397927566194133,0.7633432944979317,0.7377978162619527,0.7136221206564246,0.7266728834316958
0.33574070909573095,0.6599529019898188,0.7162866717231884,0.6946018023396372,0.6273162224901445,0.6548070418351022,0.7090370130376742,0.7014586161325728,0.7600593210833753,0.7088874166319028,0.7290037043555084
0.32035193018974983,0.6083876256061752,0.7030866760074184,0.6996108934154893,0.6312802548812017,0.6759357684346411,0.7141829077496411,0.7419841125769409,0.751400726855419,0.7332376450301596,0.7366854568209904
0.3388124287977311,0.6596754152855682,0.6840631509025357,0.61439849985952,0.6687953588269113,0.6521073386391136,0.7190912417408013,0.6714546244309192,0.6710248344048232,0.7239329639100068,0.6474755802532378
0.2618365116469263,0.6545799163093817,0.678483984760418,0.6690681040781201,0.6818557544687542,0.6453297575917152,0.6428577709452855,0.7378026613839821,0.697936679880492,0.7273606849623357,0.6959458700123656
0.2836606893451188,0.666379051026798,0.6828467507923757,0.6587831573389391,0.6584952362833314,0.6922629248991373,0.7312996749589983,0.7597807544491565,0.7276804367955574,0.6745205008435078,0.6744726822878689
0.2943559911870497,0.7121921083009238,0.7016849279724169,0.6916811504905688,0.6971032251342546,0.7011903761889449,0.7402628148680027,0.6857732288315663,0.6947766291033618,0.6993980986430648,0.7079990961403724
0.3042536732900712,0.7308676733259113,0.7266196497275879,0.7151970241239729,0.6408247388652879,0.6675470345638919,0.6927261851100992,0.7139849911050933,0.7246077996422149,0.7123997120385341,0.705962301848021
0.31349708470959037,0.7165848301677606,0.6828193868453795,0.5632037582221692,0.5922387685269557,0.6184217814237721,0.7399787125580428,0.7156909998630008,0.745909288089881,0.6915897540779965,0.7219319079550603
0.32170618295808173,0.6802109915004864,0.6688462482214718,0.5664537976151123,0.6421993495296849,0.6593464439076205,0.7408405811325178,0.7158579808923073,0.7609831696354117,0.7265005984319725,0.744274545083122
0.33111780400862195,0.7002297715088539,0.7452162984805757,0.6228019781476535,0.6727418003730923,0.6695747716017311,0.6583570721299865,0.7203495970836686,0.7738893140318437,0.7326125105121684,0.6953075763487592
0.31150996295938865,0.5951044846946394,0.7394727862249374,0.6450122098987197,0.651759753306319,0.6700351189105911,0.7050461405415391,0.7503287451903393,0.7507345239188593,0.7355186466834576,0.7168194064834771
0.3525688813821563,0.6583520599145909,0.7522533681587036,0.6641538356528063,0.6561124089449091,0.6884819773109043,0.7275218392646385,0.7696130764471993,0.777078319648534,0.724660098169948,0.7347694770230069
0.3264517668986721,0.6955653723902641,0.7557299131635666,0.6786064503153533,0.6680796483300472,0.7060291000995271,0.7323508840146984,0.7432429263995932,0.7252794149923252,0.7056412690306058,0.6993085943761512
0.3165511933490736,0.6342467454560095,0.7608792742295674,0.7017445461312563,0.6604033120015145,0.6984387713504209,0.7038532073424094,0.7761929628508324,0.7449243112990254,0.7214758916034043,0.7367859568620388
0.32517973274287226,0.6759161156413324,0.658942298585313,0.6859053321489426,0.7123077728442025,0.694918738681909,0.7342943197190315,0.7863384635037263,0.7414797018704213,0.7296459025618933,0.7491852705758492
0.32349776276451436,0.6987510692578418,0.6949193845614082,0.6781309286833995,0.7320092046380817,0.6821081173430603,0.7449278156410819,0.7284993914814271,0.7168224581236546,0.6794465707648286,0.7250319469064967
0.36112581277683176,0.6750995996209269,0.7045985207553456,0.6878553447707056,0.6974239516173868,0.6433650156600591,0.7505811616822473,0.737309378463829,0.7755266413823185,0.7022733807106768,0.7192048798825228
0.3868082392384447,0.6267171348831903,0.7243709335867516,0.6792729489576053,0.682619923238342,0.6849913701192187,0.6882556166216984,0.7698819819023088,0.7888443022454683,0.6570825475679334,0.6323600201904064
0.35584895352536444,0.635788683508095,0.6255976955530542,0.6202989192268754,0.6232243750836278,0.7091048098652922,0.6781705716034044,0.7156160184765413,0.7410955689798305,0.7124134774535096,0.673847846884121
0.28589468602474666,0.6883901209199117,0.6728146433137452,0.6415371927540692,0.6413354616461143,0.7069331473644913,0.7034940828421181,0.763644443199982,0.7258391527464214,0.7015016745515513,0.6934193234167364
0.3352984948856613,0.7056273091705249,0.676550585749147,0.6868326657628883,0.6441636972506601,0.6861912861504407,0.7102516618073903,0.7538924856957031,0.7423706424507817,0.7290152310177747,0.7061383984981846
0.3142896545504016,0.7160086671590915,0.6897342639979673,0.6312343607935179,0.663891870591136,0.6817095423485549,0.7394468360937023,0.7577516078631826,0.7145074615908868,0.6982147472630715,0.7165957760496731
0.3386813027454628,0.7281903289694688,0.6538015112695603,0.5873388987743909,0.6694736887087168,0.6960370490631034,0.7548964974275073,0.7012379843367784,0.7241943844167814,0.6823568641686579,0.7169705254560321
0.41294710966133774,0.6534701162854248,0.7559664540062032,0.6454516020394636,0.6794380455248221,0.6432388223846054,0.7593427326872882,0.7308557329908689,0.7498507317714771,0.6981745104638752,0.7383397537123906
0.343385464247182,0.6803201455488674,0.7505508659788286,0.6283687361505833,0.6823275316507704,0.6580337253262568,0.6225754215338117,0.7799861252251807,0.6924267399658263,0.7195701381915892,0.7285754458238888
0.32616947185673545,0.6873816781152362,0.7661181636264651,0.6418265614373297,0.700443600239534,0.6163553191236613,0.6709196168273452,0.6999702929323998,0.7287108571557588,0.7488685521785765,0.745365354211587
0.32696134596326576,0.6501933946865935,0.7984785957546594,0.6757062176724322,0.620552411568721,0.6571513614205386,0.6752227741649492,0.7224513671314662,0.6727677258879396,0.7008339350556352,0.7318517527438649
0.2656472181850258,0.666399972136916,0.6891269046203976,0.6299193036749736,0.645492652911595,0.6752280843255748,0.706526635688348,0.764594372260851,0.7120627765592238,0.6442515021662146,0.6927825533857999
0.30646597021562466,0.725893437460903,0.7399787142476706,0.6320379848547952,0.6619145838256757,0.6768143230599606,0.7185354831798325,0.7573880869542078,0.7651148356120518,0.6889793082377189,0.6648550260725437
0.25173324479812115,0.6446929037195405,0.6704867031241531,0.6595415055887763,0.6932597152838571,0.7036578951255466,0.7471010877841486,0.7638381513499076,0.7342820600408536,0.7212125509302099,0.6969137929687993
0.27482950909365034,0.6763523343326501,0.6727429295762073,0.6466265295318364,0.6579148038140818,0.7074269735508463,0.7138998091451287,0.7782657128678516,0.7013787891017975,0.7272588425851295,0.6999632059517735
0.22913821103138587,0.7314250032861381,0.6636850008730591,0.6881795131122481,0.5898566021045706,0.7303228261272974,0.6122636923178683,0.7827222962874858,0.7343602065452597,0.7069983590637466,0.7310763939908389
0.3072770493435511,0.7167900308058919,0.7155515510483705,0.6489355471162115,0.590657361364675,0.64931670362973,0.6398971659706756,0.7821449325314197,0.7644037495501075,0.7183870797830763,0.6599048409244674
0.2972775337479426,0.7395155883540826,0.6717544989820277,0.7009064022341083,0.579264934533503,0.681097499000777,0.6661205464972104,0.6784635775571879,0.7373698611875874,0.7237789153924407,0.6902760199036282
0.30936605794123057,0.6710228154167789,0.6896378469406432,0.6345224227188908,0.6418762392192248,0.6493073797840301,0.6709832901089261,0.698724367322276,0.748507689022873,0.6423559939559182,0.7186937987792761
0.3313990428058359,0.6513942748875529,0.7351779199997781,0.5978607925834133,0.6880838201733555,0.6631681789479036,0.714194910624034,0.7582318626063174,0.7584275082580353,0.646381963210767,0.7251938636676831
0.3192544461673099,0.6288694897207601,0.7386643938579653,0.6020527207281785,0.590886292687592,0.6880524085112372,0.7271970155985639,0.77061052866702,0.7317712131436792,0.6630348427189171,0.6984095154462963
0.3261335939715302,0.6299884145838759,0.7416952342720393,0.557979512610098,0.6488302577753329,0.7181689722868054,0.6765985528973223,0.782516111036318,0.7259195733105906,0.7296586562300802,0.7020709984931677
0.2908650740392821,0.619792189735795,0.7384368418538688,0.6252310260008154,0.6928082888830158,0.6776587330626715,0.7407660234053288,0.7336122739710578,0.7148892623700398,0.7028918619894482,0.7143432878611488
0.3452904648658104,0.5135114899992309,0.7127251940619835,0.6222015001792787,0.6322141285549706,0.6454717320099207,0.7111067603962915,0.771549359207636,0.7506828937530665,0.7421546489950649,0.701693450395169
0.3525650665873864,0.5796615357654403,0.7278903058089812,0.641471306696801,0.6354391765423719,0.667367707005558,0.7137726152875704,0.7625736953204573,0.7539650136653698,0.6788419505620925,0.7180741004867566
0.27768361996566854,0.6070167482581532,0.6993058356897206,0.6565880196346346,0.6833836734490284,0.6487903119164765,0.6367847031052455,0.759048074024882,0.7641969197124714,0.6470959198945305,0.7206151405236358
0.3157146501285695,0.657424687193618,0.7626856237457781,0.6890882149322084,0.7111519832498954,0.6623362993156536,0.6600617830713897,0.6822973527714141,0.7608242217776603,0.6749521585017271,0.7234137022125997
0.33144342351194533,0.6947984831347298,0.6997250703323237,0.7129877569859815,0.6780472643141796,0.6635981509857003,0.6884487025673536,0.6355741892539646,0.763460447165548,0.6867038339140392,0.6997219745334348
0.36245026109195205,0.7175092072616418,0.7841819225026668,0.6754306312723408,0.6503882895381582,0.6876366458938761,0.7164014106073486,0.686397639401914,0.7300444979494083,0.7011295372530284,0.7275562987366868
0.3603448623159604,0.6854356315300921,0.7650434076568965,0.7197749758290731,0.6712927664908435,0.6965803917091242,0.674689998148801,0.7194643353054465,0.679025257461992,0.6565688347563319,0.7530388064249923
0.3654212951373781,0.6933059954886749,0.6630109771609237,0.6171366795721809,0.5843711772834014,0.6902675218249003,0.672996312603789,0.7232542735843362,0.7018087357935705,0.6892418050107196,0.7054219240692309
0.3384985062281468,0.7144625896558107,0.6970861613428352,0.5751221288794606,0.652840518496858,0.6345713246372923,0.7256200968889093,0.7608660421306008,0.7270653171240602,0.7394184320823483,0.7529767633788995
0.2810867482064154,0.6521039063710482,0.6935573165848313,0.5975733582021436,0.6413652697566852,0.6558974011991952,0.6952145729188138,0.7549385600360523,0.7583111058586938,0.6960740465299909,0.7487486404709687
0.2875546876737557,0.6679042098488044,0.7497408869195694,0.6675138669372729,0.6747698670122939,0.6691719136059295,0.6829901138120494,0.7458123578368473,0.7778424939505747,0.6776064212505405,0.7224872215586714
0.2888842836523932,0.5780480793476818,0.6711384278200804,0.6654407695340262,0.6800818889251761,0.6165251290089845,0.6934056217328988,0.6780336631548635,0.7086122837141022,0.6780070588320466,0.7065217839735366
0.24366629508375603,0.6302368331811359,0.6996439046720122,0.6815609920907968,0.6929542759583481,0.5800422361415775,0.7467184173241782,0.7535741422910072,0.7566580884490886,0.6404691175804489,0.7086862042787816
0.2799036318032603,0.6740778339650746,0.669131690086125,0.7063046658828045,0.7102371176598449,0.6295315394207346,0.680423121848083,0.7711346253496184,0.7758762206640761,0.7014486034722891,0.6573150909746412
0.31982431817949014,0.7072395709695369,0.7434225779490873,0.7169456202914313,0.6319045223558526,0.6502960647034843,0.7232690561115525,0.7723669754096005,0.7170342670615066,0.6091150677971411,0.7139154164467938
0.2672788755305955,0.5350944217160707,0.6424447494212538,0.6883079315746121,0.6609341201099962,0.682849781533217,0.6833632456362722,0.6894650306856983,0.6868036213960844,0.6515400125487725,0.7071200657675214
0.29784032179906206,0.5978086721740051,0.675116728060797,0.7543850558424382,0.667543152742307,0.7107967336682426,0.7002300072099371,0.6270452748370462,0.7370378427388053,0.6626719116299591,0.7270120550509884
0.33849094439014943,0.6764093188458479,0.6834486244129411,0.6566249640243358,0.6505552350745883,0.7253096172649481,0.704141235853601,0.6993257189203971,0.761719943515483,0.6856244856599046,0.6860498243974877
0.3148630968959954,0.6626274823568138,0.6878227923170972,0.6891995652345271,0.714760115547241,0.6438249646355362,0.7151253604162112,0.7326432820726994,0.7518620643682543,0.6773211167067742,0.716512721824873
0.34029055571228933,0.6798872583715521,0.7304631513534667,0.6831049702877171,0.6791014948067439,0.6546173059546957,0.587055975586007,0.696452705692407,0.7890391362857441,0.6919089499238018,0.729409396868827
0.3741653072061961,0.6942256399004012,0.7520998992236153,0.6859178175305154,0.7004683608465634,0.678528412276617,0.6445284655038559,0.7226440019716872,0.6905686148201597,0.6687125865954869,0.760527765618729
0.3064008737582815,0.6507789345927705,0.7170479060545832,0.6708338947587631,0.6240749078205616,0.6829105201356698,0.6724690018634172,0.7577986733843828,0.6968462219553843,0.6801948057199023,0.7790859176621955
0.3348164201069279,0.6180284839409674,0.6981383268358069,0.5786336757836097,0.6270785083245156,0.6351626241733208,0.6861354833654814,0.75688276522111,0.7470015843235822,0.690229903716532,0.7175357341769409
0.3431498206797918,0.6533494406682183,0.6693481316592007,0.5922319846150892,0.6327562498722619,0.6985849254214311,0.6798848273217571,0.7494318608939212,0.7034445784715978,0.6938348568450938,0.7198850774574864
0.2735824375839336,0.6677882140990417,0.6740755231411834,0.644903496033155,0.573945002171956,0.6991842463108604,0.6854978580023343,0.7736884853028629,0.7477704336664865,0.6515458002203031,0.7287060414235557
0.2936133286486372,0.697529800693188,0.7057414534443289,0.671362369025623,0.6344834417860267,0.6818423296555459,0.7025835169558055,0.7581335071981306,0.7531619396638952,0.6707082788000711,0.7519938165658107
0.3642276289204962,0.7192630224791955,0.727286502074501,0.6777261854394923,0.652249222048525,0.6444767207838993,0.7297127286786389,0.7635151407629454,0.7777141222378545,0.6744498874156946,0.7485967883888117
0.32722593487305934,0.6918798089660441,0.7831712864541125,0.6792520720255971,0.6537035739792463,0.6401882041147758,0.7293592982110259,0.6975230715513249,0.6862720360427798,0.6766599957013384,0.7323352963389367
0.34438269133354266,0.7147588223773398,0.6825118907260094,0.6001031544302994,0.6825278095884295,0.6534998572539157,0.7328981583123568,0.769978477581066,0.7149492391491079,0.6809009755004671,0.7547249146814317
0.3413554289559316,0.6395613259018603,0.6502583008287689,0.6738672554422706,0.6402148833224007,0.5546135317569053,0.6393965706799597,0.7587753547680991,0.7344552253986627,0.6205328663978747,0.6652595210892075
0.3612703760586464,0.7045341992879173,0.6983665854305867,0.668302819986649,0.6446320918934847,0.6358329536753813,0.656386057369452,0.7558694901161805,0.7245813268960839,0.6468860309459572,0.6937331560384612
0.3557052636908621,0.726121781822424,0.7000289811774836,0.6568421554139893,0.6386623321471453,0.6005200821619453,0.704974030606911,0.7467343302680824,0.7336860823570385,0.66131579401181,0.7053697178347214
0.3592226364850426,0.6942706730890882,0.6662807889818804,0.6702934615556608,0.6601777163462741,0.6226493123750098,0.7003316773964263,0.7837734484990184,0.7508335220738539,0.6440996900556853,0.7279098205828859
0.35615915198336856,0.704957393111096,0.6785768583512852,0.6814686370482338,0.6770137973679431,0.6524297987748024,0.7396574784378729,0.8055391226497437,0.7546116894894914,0.6993920562118399,0.6824414610549904
0.3605193691021361,0.6683094789817523,0.7001646571315876,0.6999256378962826,0.6940660902646585,0.645284809847371,0.7366698650956609,0.7584046105549912,0.7426348897900863,0.7017092539701776,0.6986463874840916
0.35675185658176245,0.6219624079591423,0.7473659992414659,0.7204848094513907,0.6285791622805165,0.6532678670360081,0.7614602073061314,0.7713176081635886,0.7672002602148773,0.7431696701082667,0.7179132508157444
0.36845458093848893,0.6836782874704511,0.7028558870483944,0.6237217340650026,0.6700833470944791,0.6811561408067283,0.6936637240470374,0.7710623280223801,0.7658134278829286,0.6560282723490163,0.6958343360168411
0.3558931431878113,0.6918476528076987,0.7238186446459512,0.6238537057518385,0.6532933581778733,0.6302855736817337,0.7178599894546944,0.6810851058034039,0.7828736059313508,0.6011367488900907,0.7083083878924833
0.3560891607550514,0.73836686087358,0.7556636887544892,0.6366657853076853,0.622700418276232,0.6682434066120181,0.634983061726065,0.7167489747123343,0.6920116248923248,0.6407506304582337,0.7251858833070205
0.366292352876887,0.7387702762624553,0.7230577429327715,0.7096860861281155,0.6438584483458154,0.5892212190581438,0.6658984415425102,0.7327615727068869,0.7114151102572085,0.706802948678089,0.7195478571648556
0.3357512881337691,0.6718325183379635,0.7647769638031475,0.6601860195942745,0.6548784658948922,0.6487478715182533,0.7027726166969156,0.7119620393421617,0.7468431994196897,0.6498882565378297,0.736162551992428
0.33947917777262804,0.6844700401849861,0.7092357566917681,0.6637584628962414,0.6472830005292047,0.6660930646757612,0.7048178647635861,0.726092869244521,0.7347577591493756,0.6694788156639209,0.7219116225085098
0.295909125480567,0.6314241548203726,0.6506778251654102,0.6667352838618268,0.6842426925267511,0.6969284456965836,0.7512822526994618,0.6952212521508152,0.7551845794300541,0.6381027117471669,0.7414187818189828
0.3463510748200266,0.6795398120418554,0.6225635734851702,0.6116860362979684,0.6486193481236295,0.7253358434466528,0.6238291223466522,0.7175319721329287,0.7414934154348818,0.6790227383999601,0.7634044691069761
0.35073387486972185,0.7412144492657355,0.6447148071696613,0.6624847450385709,0.6283304664879416,0.6223383644165227,0.6742857016558621,0.7246941603120207,0.7463765220299377,0.6398758669528463,0.7020308751870243
0.38693044833991075,0.7472960843266434,0.6985271972818983,0.6119958369013634,0.6508641709356308,0.6667377128091573,0.6924261613122489,0.7419917137201668,0.6985110758431342,0.7199935624246501,0.700422822935173
0.3424807541527044,0.725487037100289,0.7448719632629531,0.661405903252168,0.6471954560603936,0.6872197313323984,0.7296607578920029,0.6630691249097743,0.7012963071019891,0.760547962828569,0.7276652536942997
0.3489824560336383,0.605614399847592,0.7713554821106902,0.6495247884918471,0.5715214212582133,0.6404171044925839,0.7012139313305681,0.7187414337382283,0.729057502285597,0.7617375015947752,0.6618708949074897
0.32663095943571857,0.7028396584474945,0.7194693601866858,0.6681357496723934,0.659902157785852,0.6498446516913065,0.7496374078966549,0.6331490166851843,0.74234686976969,0.6540971813782991,0.6870272071576276
0.3565797425358325,0.7257215706198565,0.7275819843474237,0.655989476970891,0.6126071488546901,0.635977100802483,0.6967153104161957,0.6859794633703677,0.7574698463437796,0.6923578428598031,0.6933315372768902
0.3397998498428309,0.7521795981398922,0.6870110014663683,0.5604440041472861,0.6324971523000777,0.6066531247873903,0.6993678530768457,0.7162959577866139,0.7414384703105223,0.7093130500693137,0.6951195997993407
0.35981151364496916,0.6711584810698926,0.74562729409855,0.5904601384921694,0.6824130115058684,0.6401011541225983,0.6315297944634053,0.7203819244454341,0.688716329545322,0.7110238789337906,0.7400567294823137
0.38292359843923945,0.6950483252360149,0.7621231796771157,0.6142333212706597,0.6852145064274282,0.6448976915733855,0.694330670526532,0.7694465651116245,0.718010638840976,0.6231730295994741,0.7403203896539552
0.39404372202879034,0.6217773679248171,0.7838852649219372,0.6557483496169977,0.6370962010280738,0.6216868479892808,0.7136907763906517,0.7798738990208204,0.7371285369574174,0.6453922873894833,0.7170916839039881
0.35820717843249417,0.6627884239534589,0.7930008013667171,0.677789010950224,0.6273599079843238,0.6711989001450984,0.7540169691825143,0.7450401139659699,0.751410026519054,0.6517384789188803,0.7465434267897415
0.3679958225697382,0.6715469837869361,0.7321324036607374,0.6828865403600537,0.6106728857761019,0.7038125366564345,0.7423138878363914,0.7374496416061039,0.737497100049958,0.707491319703885,0.7550671212982403
0.34311944750146806,0.5678984910296351,0.7857491895457018,0.6963499581337834,0.6498404017746896,0.692629761733312,0.6940237253816551,0.7696775838608374,0.754267477827477,0.7097720482095433,0.7673295559423279
0.35738146639035673,0.6382030655991774,0.5919084031116862,0.6629405333511643,0.6769151495769474,0.6951274400285807,0.7196926154182671,0.7730318690620563,0.6858971662888227,0.6807471870219586,0.7811856753120201
0.39095467385936833,0.6706871796746443,0.6887377200508971,0.6488974666257313,0.6420345184413047,0.6421491027297067,0.6978883607035299,0.7476993497963604,0.7285303432746318,0.6951811510560966,0.7650770440266101
0.34124010035904484,0.6865573718765478,0.7440446715449933,0.6136720963177067,0.6712016969392749,0.6342932226390392,0.7015274094934218,0.7294067700400116,0.6609460595081031,0.7110723205062064,0.7184598413906443
0.32361105480398633,0.7392298706783502,0.739355652050863,0.6281787854588758,0.6750754458878334,0.6313006704686661,0.6922954160982524,0.71391770121473,0.685965717819926,0.7263745385346689,0.7167951755932715
0.3523721430796114,0.7688610781155396,0.7452301513889856,0.6656418311593251,0.6503104891567549,0.6658852176723722,0.7206039286754826,0.748024580323358,0.7322276700036354,0.694705071559106,0.6922785076233198
0.3835897271946116,0.6619403461876832,0.6275179327316738,0.6067869254249816,0.655902992989128,0.5731823494342376,0.7266893965173697,0.7526589843389352,0.7508852325548769,0.6489731854632711,0.7218445915138427
0.3972669823175804,0.6774355511094141,0.6539279158343557,0.6169398516152855,0.7058289646641349,0.614844937669346,0.7347827922722638,0.7322425727464142,0.7485340734517189,0.6501493960720675,0.7158930026915581
0.3424030157800835,0.7122445269039382,0.6631341617918456,0.6901993453741639,0.6737275394486127,0.6646425798647582,0.7404384271728229,0.7522757748274089,0.7137720124883308,0.7004301413721894,0.7113835490914042
0.2956397360376146,0.7127868382564209,0.6774243563160292,0.6985805883991738,0.640115784495917,0.7020825860477922,0.7359122445337406,0.7228096724104436,0.7245420465795249,0.6436502744946008,0.6563571062542174
0.3104184904663595,0.6631355536811109,0.7220043932777525,0.6709030666291069,0.6114885161508459,0.7104590837200687,0.7552617103714426,0.7452227503592087,0.7429259396256003,0.6527855043208228,0.7019248727836735
0.34075829137341485,0.703975121184869,0.7637103145387383,0.676374635900353,0.6385471735773882,0.7035268305274069,0.7357363544408333,0.6729138560484639,0.7663189022477849,0.7088143441895445,0.675392694943359
0.2846957369515175,0.7120052862577256,0.734074454311953,0.71545492907282,0.659698337897249,0.708436972163385,0.7211950583836566,0.6863166596290791,0.762369297058222,0.6884570152695014,0.7425915939413449
0.2938602934625668,0.7179611776637738,0.7205157361133103,0.6614811408903749,0.6712179605640785,0.6302395677333953,0.7745244418519068,0.7179600477848496,0.6276986013787419,0.7165304493811162,0.7275665124307492
0.27971994446274234,0.7567530863201231,0.7408558722469183,0.632083803102853,0.6262663230324603,0.6607878745493438,0.7602897053256167,0.7584508182118291,0.7074987547130643,0.7486580857913963,0.7123501901705138
0.319934103174528,0.6892916044183666,0.7458041924012985,0.6132102570382615,0.6574934598774272,0.6825846261366917,0.6656760544729987,0.7656597058128966,0.7152558196461538,0.6077367535204109,0.7195525876451561
0.34276619778316647,0.7010138419501587,0.7573748491146575,0.6515094486638955,0.6656107313256105,0.681909125863369,0.6859217563141503,0.7479228178025703,0.7318609476724104,0.6571573696676387,0.7458566107138906
0.36829308988509857,0.7157454609667626,0.7178741241951099,0.6730447058379364,0.6733211677247211,0.6890491308578375,0.7005461891028839,0.7341328491970627,0.7013635166191665,0.646965066471263,0.6843202909787113
0.30539710752440835,0.6651009572227141,0.6659394412209214,0.589430403681346,0.6650572100003574,0.7170213025981462,0.7231038096545609,0.7683937205667213,0.6608159878279336,0.669365718420059,0.696709038127896
0.25856335827300847,0.7276372428339246,0.6922728028982466,0.6382303309077413,0.6696416478916247,0.7093141886380854,0.7215120388059827,0.7478245851097025,0.728958386717459,0.6774319991421951,0.7320808175519085
0.31248672117116755,0.6482725332776147,0.7195002903446662,0.6433746416837498,0.6230433983288852,0.680758111536709,0.6608676935378076,0.7688858957056286,0.7828870534225869,0.71879409962938,0.7065587930038333
0.2847649489105031,0.672132715257316,0.6490749404636078,0.6729073402049428,0.6782362185035677,0.6652321105443542,0.5968329866253181,0.7149470294648829,0.7355502721718779,0.671113458053782,0.726244653105492
0.30625777388618747,0.666946129045178,0.7251331656427318,0.6435081063399921,0.6497003720954396,0.6410521928372208,0.6445217272911188,0.7496989580873956,0.6915326484760009,0.6774589462114846,0.7415975914868107
0.36919499699,0.7163175363806438,0.7521298624606145,0.6835953536671655,0.6623627508432857,0.6737383037276912,0.7038963704987936,0.76384475808509,0.5998853981405426,0.6961082292913376,0.6573069500614763
0.3572963654211032,0.6972325977516375,0.7676086282920562,0.6827338402630638,0.6392088892413992,0.683895488351408,0.6562025367930828,0.7802138497384241,0.6665883195176994,0.6906161253300013,0.7291751387377785
0.3607756325323176,0.6634081701257227,0.800877243547301,0.6802415386773488,0.6477220913795014,0.6593051256713807,0.7199286841713648,0.7821076272148118,0.6871390885413116,0.7062151992080226,0.7464315390636891
0.3565186767900148,0.7052277128387983,0.7656852934478539,0.6546075618139815,0.6382452403287926,0.6347677756199959,0.6789482466509843,0.769770252039937,0.6860851697073301,0.6711745247680672,0.7532303299648997
0.27735078191884616,0.7058322447316105,0.7809442395881963,0.5710655142668188,0.6653365387042784,0.6645012294749484,0.7297486501450192,0.6624465339411331,0.7044310746314701,0.7042937258998831,0.7695571798594973
0.33351548258320673,0.7352907080858407,0.7804116542460298,0.5663257892552443,0.6713274603085668,0.6543326876856121,0.7541284314154867,0.6882406454784771,0.7380633674519397,0.6829257658154693,0.79657656543759
0.3309839212734312,0.7345540629590642,0.7861145400998818,0.5865552979971178,0.6356584819286909,0.656358089946268,0.6689351441271196,0.7376455184328716,0.6894128293035626,0.606549956307291,0.7198401367538049
0.31420726826757306,0.7478862504201231,0.7007672465628169,0.5458269561099683,0.6651752826470554,0.69033287396406,0.6705410712480298,0.7209442871308858,0.7091763207267783,0.656347821759375,0.7049509933937884
0.27645376414674644,0.7060905152858291,0.6864430220284319,0.566671654395147,0.6893303093316785,0.6568971581592798,0.6800170510840157,0.7110445775990963,0.7196232258481591,0.6750429626414578,0.7376631150861034
0.3227471260004898,0.6902299730519996,0.6962913506996404,0.6083876432886481,0.6030907317710698,0.6962478329090453,0.7334216043314874,0.725308930675673,0.7671351859640637,0.6575671277625151,0.7381428531398377
0.3248033481044261,0.6884784934951601,0.7088609362504736,0.6439278424587846,0.6475947209801399,0.6307174824068297,0.7279441826635733,0.7445268021648934,0.7652294698304548,0.6604524816476569,0.6751385966031155
0.3394892340814166,0.7050308512533665,0.755149211969469,0.6766899971343882,0.663116696978305,0.6419936518577711,0.7257369122344396,0.7940968639821501,0.7443926429633856,0.7014429867650045,0.6891141425251035
0.3640662277711716,0.6655856616050306,0.7299450050882116,0.7239277947878142,0.6573588890579147,0.6582033818909707,0.7371475832682144,0.7024506485755314,0.7068924832395056,0.7146837412682423,0.7038453304785929
0.25372448454758856,0.6940990247333474,0.7311814310075856,0.6940497375473466,0.6265801201883728,0.6602668382058297,0.7093573672493685,0.7197624803941043,0.7388478263009279,0.7369689237696414,0.7148347411800617
0.3268286736357997,0.7474415610610146,0.7479733285354637,0.6189230208252964,0.6393538208089493,0.6776593079989787,0.7422126416285093,0.7353650485458081,0.7564045690136192,0.7314282728986468,0.7189904663819169
0.3540486897080138,0.6801385236113499,0.735292775154137,0.6493556479053699,0.6756678628776971,0.6968458365285826,0.6608310446291707,0.7385551290093313,0.7108611173310321,0.6947599320311205,0.7113683087154146
0.35948898193843715,0.7024839356343671,0.7771357718508817,0.6122390618777304,0.705576518279081,0.6933384465922866,0.7133455085389606,0.7451279531591941,0.725239923255419,0.6495501798016604,0.6736314938376939
0.26295986150674505,0.7269150967312215,0.7008251861069051,0.6066225594606528,0.6401908584171931,0.7007556909028645,0.6342531072813671,0.7828032633240016,0.7521261688038288,0.7009727186645998,0.7192147371143777
0.3069572385818491,0.691725025141799,0.7219280712988664,0.5975483431085168,0.6191438944036778,0.6191442984150464,0.6952850101242702,0.7117527258011774,0.7311528205823123,0.682850987435248,0.7731120266083809
0.32378059659567643,0.6829059814132648,0.7476281439455403,0.5968407174056357,0.6604061697306518,0.6486645546568861,0.7300140136120132,0.7382884114169233,0.7415289157794434,0.7095764725643043,0.6859899134547752
0.3308162711319151,0.7149392051079195,0.7579997640277665,0.537831874111132,0.6396434145620585,0.6567576145791734,0.7539325154400573,0.6722898506223552,0.773405705403235,0.7182663785685164,0.7159922984137987
0.33379251844523544,0.683160918844508,0.7552618840007571,0.5955515694950613,0.6429270879674063,0.680821428873075,0.7638417930245922,0.725032813837159,0.7603844714138761,0.6328886144318698,0.68078356939121
0.3474096714387678,0.7156103269083158,0.7877617668200159,0.6348691155646242,0.6518439994814078,0.6038848149300122,0.7145036264820068,0.7129697480026389,0.7258413250743783,0.6460225889841213,0.7121595490535357
0.3463284267240681,0.7124806478013564,0.8196427196749039,0.6085616892583862,0.6697612456652391,0.6335487093097721,0.709737079744561,0.769678928183507,0.721601199762461,0.610460033236029,0.680172124005794
0.3383216689318406,0.6866619101055315,0.7148142874792234,0.6300725637812301,0.6714013659911848,0.6504655879447158,0.7259266011794452,0.7935976440285389,0.7767818080452005,0.586836535344794,0.6994561995470665
0.309386334806064,0.7059682011748218,0.7387764353713082,0.6794246995118151,0.5807691214750791,0.6719194317527271,0.7287381685908574,0.7309524076791538,0.7346950271265711,0.6341083886302258,0.7127103793647611
0.3284615103440999,0.708033876798095,0.6923608333523293,0.6874962991219334,0.598788527472279,0.6889902224879136,0.6290835706837657,0.7310289834095547,0.7489604072561795,0.6893636915942384,0.7590740539352756
0.29316499265675977,0.6939809963275689,0.7470258290005026,0.7129921398216332,0.6389373871162294,0.6750481159816785,0.6495980421237685,0.6649202274905729,0.7756164169340731,0.6967624467832907,0.7242691820454955
0.3352479063554188,0.6793745860169724,0.706132127614159,0.6790124470413886,0.611598347385854,0.6439934236183571,0.6635520695837235,0.7220603849880178,0.7840162990269717,0.7162791509454673,0.7248989517367986
0.30589964329224595,0.7036301427919366,0.5895937326416079,0.579889662236215,0.6579735590952831,0.6699353138057192,0.7034848968516443,0.6689996707261727,0.707613707361919,0.7244198553647885,0.7704233211375854
0.3395630870413542,0.7448793440401662,0.685625131887504,0.664795518977325,0.653202840865316,0.6807493536147214,0.7109942897290025,0.720632010115728,0.6846974668805985,0.7225904578094358,0.6797037466854182
0.25134149672800027,0.6479590235920819,0.7014454874578269,0.5998997089300844,0.7009952998337255,0.6859521783375181,0.6906235143900864,0.7370509067084825,0.7086777304302018,0.7164189091117904,0.7175508046624415
0.3326073840686764,0.7138690174549494,0.7223963678441877,0.5595581606740654,0.7141133427499242,0.6556600505062996,0.7191286121441849,0.7423722880914787,0.6827575709908441,0.6644199242401463,0.7489310200527072
0.33348010263110495,0.6912831248098977,0.7714472669598273,0.5789244745758015,0.6328963116149242,0.6768574676140425,0.6909786861366594,0.7659635872255011,0.6888177626128992,0.6593030007392631,0.7307263827119096
0.3433275228610946,0.6856320005515218,0.743968147028035,0.6287197142770633,0.650202965535407,0.657226774694377,0.7169854344366199,0.8028872107938544,0.6825849749952589,0.6975801456493526,0.7413098810645573
0.3538134980420966,0.7210330760894795,0.8016125669613212,0.6110352935342173,0.6730112575051201,0.6721510383430969,0.6954388781014268,0.7240976969941082,0.6858184303548331,0.7036388377110718,0.6849993259439223
0.3227255165548619,0.6444961146704404,0.6835322135984758,0.6150553163638312,0.6419280854362683,0.684870399099714,0.7066599840654024,0.7396587887811574,0.7300431064413417,0.6938549641661476,0.7230792232805866
0.3035720395230614,0.6749893688175526,0.7387363328606977,0.5744001765187787,0.5771570548570869,0.6149401059157431,0.7204341324389272,0.6078662876657304,0.733232792101403,0.6755281965101987,0.7296182465384573
0.3193366553165998,0.702121423340635,0.7625879719189006,0.6045074391529587,0.6273096259333422,0.642597262283246,0.6804603521632637,0.6899465294497908,0.7389194187729571,0.6791623916006038,0.7529180241244047
0.2953744438891127,0.6996985169572304,0.7240031724823737,0.6021602898343927,0.6556237360270949,0.68437575729146,0.7421586104344513,0.7125446143802474,0.7384193273775764,0.7301752219631727,0.746277603113317
0.3014223954806631,0.6809845539674477,0.7389308214815443,0.6559211938433438,0.6672194340476993,0.6858446629372923,0.7355868502559825,0.744943075527764,0.7163980238415499,0.7235731138319386,0.7317032327207875
0.32336625808072733,0.6863075933275634,0.7447571759524958,0.6823144320940393,0.5677339028735113,0.6926275789926043,0.7274826578366762,0.7067391894916044,0.7536462290947026,0.6883686405699487,0.7509014549220367
0.3405919092787623,0.7422901037940959,0.7781202844578903,0.7067991453531177,0.6202390632233676,0.687295402259257,0.7563506201524841,0.6920711974518992,0.7588744713056165,0.7100659782754688,0.7527836577062661
0.3347771639620688,0.7439476713823268,0.6997057097640218,0.7066007337424031,0.6424379265463991,0.6541729520687669,0.7618378040870615,0.7417200750709502,0.7261185236237384,0.7258024236054043,0.7215451164693549
0.3831702426645724,0.7323653933084951,0.7042054869195041,0.6764804877826267,0.6505374101159507,0.6581580726458922,0.712844269987538,0.7015710646492961,0.7694441165802509,0.7044562000988766,0.691642178923079
0.30468955981480594,0.750519835670103,0.6867287065747775,0.6793489150370672,0.6844623242565979,0.6666067841638013,0.7050651526626204,0.7154498666111382,0.7586409842792214,0.697451945812358,0.7138535143347877
0.35803206531704246,0.7587726403653194,0.732952116069715,0.6352840445941306,0.6564352685191409,0.669290253001648,0.7329316635720023,0.7161365933107171,0.7740385302019837,0.6149286498535786,0.7009551649722491
0.34353599631298976,0.6610832573041225,0.7291059156684926,0.6026156112358053,0.6388586884275336,0.6663654755267879,0.7257673144108132,0.7197718473611922,0.743740124880461,0.62525228328417,0.6911023980962263
0.2937748797335636,0.6935060960211095,0.757030401083024,0.5904246884399849,0.589936191970625,0.6653840258477945,0.7335483401670249,0.7418531170031963,0.6939257140075588,0.6407091424719512,0.7352580754923206
0.2981564275448505,0.7172277669814922,0.7607128423774201,0.5624577888448192,0.5991355406895323,0.6163792108216002,0.7189701019990048,0.7723018804152497,0.7444369597692442,0.6844715219785613,0.7602791091193826
0.2735936683870418,0.7239040295325766,0.7729567263140955,0.5788840690722518,0.6353763366545083,0.6288187471083779,0.644381319393488,0.7156893478380226,0.760831815862955,0.6976419861448846,0.7726395238604054
0.3476953260280116,0.6968635417944603,0.7792916460548145,0.5894627136955428,0.6570681599848338,0.6495995892926005,0.7184838875922792,0.7606423104208855,0.7559485230860029,0.6565916675457515,0.7244776741713495
0.29180799384299694,0.6986871718775648,0.7022655980439032,0.6178145807735018,0.6745199136098033,0.6759052457357053,0.7451339014594078,0.7199654369755826,0.7607154148273156,0.711901429757497,0.7402903125828875
0.32812837210732126,0.7043155145589233,0.73551829386832,0.6107419692025604,0.6731646242774977,0.6376002355459266,0.7766998162847037,0.7458512929801359,0.7619706184616242,0.730794680579463,0.7111046989859507
0.30543042677295607,0.7000379647410075,0.708893185644526,0.5466198862877129,0.6709053855021543,0.6266863069144546,0.7680655782750763,0.67860227070477,0.7346649814282052,0.7131739694440558,0.7701906383962138
0.33144406114448216,0.7107654993849953,0.7179535216299162,0.6096861590043294,0.6843107302010927,0.6486234348880566,0.7568138098114664,0.7090786148384378,0.7419076836497924,0.6225189401798317,0.7735491425573593
0.28536576819842413,0.7065535741858251,0.7485676482096308,0.5478038724044322,0.6890911369303825,0.6936461503508893,0.6877446593201131,0.7062995010369384,0.7218209287138256,0.671290534886413,0.732895670533595
0.34653888518238524,0.5844481820621946,0.7540697559347542,0.6128789093934778,0.6355153717027614,0.6883722034173965,0.6901883434519103,0.7354621926918681,0.7663103698833936,0.7196684178573851,0.6977305556628504
0.2388353390171111,0.6384170416118586,0.7743504858108139,0.6681688959162704,0.5746633150177965,0.6909171432780212,0.7058345018576193,0.7078281055028256,0.739360373370674,0.6661231570638445,0.6835966171001574
0.2821880233078329,0.6520514443738988,0.7131365021689533,0.5791107851059235,0.6064540348026988,0.6968153512591182,0.753996261889587,0.7475827930655308,0.711574524393291,0.6860810546447336,0.6307889650502418
0.323366585330524,0.6570006493467065,0.7640123257985361,0.5980828995615427,0.664114372472068,0.6715455571395696,0.6810067154119996,0.6580172406581128,0.7360723831394462,0.7090408124954755,0.702868039218204
0.33546188386086284,0.6902352404373653,0.7530847296926664,0.5739171895581803,0.702752058543017,0.6085047563934198,0.694395404013234,0.6637167312422171,0.7481219192273504,0.7025715295972642,0.6312520701110209
0.3177673188585622,0.7250968149778797,0.7923158199700238,0.631553316600827,0.6782246099324732,0.6511079217272169,0.734974334065708,0.7233572909130496,0.6917932782982418,0.7128875601236877,0.6873081007258328
0.3393169945133364,0.7004448310047428,0.7198039629619958,0.6382068580087649,0.6343266292476267,0.6439724170006448,0.6095888821316113,0.7491430771860741,0.7280840786344601,0.6769649433842915,0.7111164990038816
0.36417304120019195,0.6928930262566921,0.7381382010244335,0.693257445366479,0.6087478923479277,0.6614913820122439,0.6456686650865315,0.757241830148175,0.7034818292961208,0.7017927234001065,0.7441733393361967
0.32326872464942136,0.7116815628976662,0.7536112933744867,0.639270415710407,0.6660502485796626,0.6697200461903601,0.6976308470266771,0.7579790295211193,0.6802093388169196,0.6876064388315946,0.6906707065431156
0.2661314552323409,0.7219633056270207,0.7293041813935015,0.6326543525591768,0.703181022053912,0.5993496700138811,0.7016481425248136,0.7593089825739014,0.6883337338483154,0.7363097058060561,0.6482725680407438
0.2849630527331748,0.6625587835238104,0.7357161643422178,0.650528833829372,0.6488229067914065,0.601370551097145,0.7230551419245382,0.7626659945159999,0.7373968129765593,0.7403315350176378,0.6534509435153917
0.24055761522713814,0.6792527121172869,0.7553473026207944,0.5208880512947979,0.6331450916841621,0.660309855669604,0.6540987583226837,0.6979043861796951,0.6893009063774116,0.6666343736732593,0.7101294564486431
0.2700321118452602,0.6481528326916548,0.7786145457673597,0.5231087163609359,0.6671953486002766,0.6434054676512062,0.6963109253906182,0.6873214162994034,0.7302302648395692,0.7050924116097805,0.7408368922364381
0.29605008332134514,0.6580958318052277,0.7484995029171064,0.6006185642312143,0.6013428615701277,0.6777430482231512,0.7155557403185757,0.6987026079342731,0.7746115388940813,0.7400925636683469,0.713549280984298
0.3105537078676669,0.6378490973236846,0.5627363080551834,0.6388209991649851,0.6044174624820553,0.6787823024667101,0.7116958425768501,0.6541689459866753,0.764745406872257,0.6177364832339649,0.7053716426022416
0.31188388147619206,0.6862063668343494,0.6541873278125216,0.6508121496689987,0.6535026824402179,0.6654594617079376,0.677058611553237,0.7275712558589735,0.7571372028172283,0.6621333373653764,0.6835377323172156
0.3461916286408976,0.7341430092659176,0.6632854759929137,0.6406654845567893,0.6453565788107255,0.7037017434258688,0.7082004299733002,0.7639315569188054,0.7213881712607803,0.6681835438431669,0.7278801570827969
0.30980547805768405,0.7207468023561785,0.7047669139231124,0.6795726099374604,0.653450851920077,0.6183464622847116,0.681494105128891,0.7569617665976909,0.7481190428662692,0.6608394845132616,0.6662333277674531
0.2812034630456998,0.7681225702681219,0.6813124535802415,0.6825827019571022,0.6549121220278618,0.6632038143003335,0.6735859058354015,0.7645345243228765,0.7706206955392896,0.6817634748891905,0.71428604822251
0.2527842160290613,0.7309904191782833,0.7188415771646963,0.7049520032962273,0.6740417518911946,0.6594960046617037,0.6738528353946889,0.6781173457789118,0.6919600418171693,0.7454127578749905,0.681608664692568
0.28883652477876276,0.6742092075453244,0.737142957033578,0.7289451912726446,0.6506916978558561,0.5973260134182194,0.6905255859153244,0.6513320662459516,0.7321146181468832,0.7223558888589737,0.6730302633755385
0.30592331586767496,0.6219357735697915,0.6944138059341541,0.679042833864677,0.69807210188641,0.6514557671403552,0.7324471360039816,0.698436406624825,0.7608346174182158,0.7524330088291089,0.7006198261250819
0.3057493613830693,0.6915569278481181,0.7211710754313905,0.6453443789204637,0.6481851932535325,0.6806207846745844,0.6993357988333478,0.7104329898704584,0.7481660057633105,0.72989455620074,0.6662405194853026
0.31485072836755934,0.6747189745393962,0.6589951045258728,0.6512951053569276,0.5988674405083195,0.6557236095813984,0.7092449862612311,0.6764077407237512,0.745588014893347,0.7461112475190645,0.7190854246159335
0.2839265461683502,0.6819110027849031,0.6848267355547903,0.5660934199700242,0.6207010445161368,0.6881215046085352,0.7359749122789161,0.7247332460720628,0.6820225286045566,0.6569662654203481,0.7346691273865013
0.27531493971015214,0.6770788972065525,0.6960515120121042,0.5954179105491593,0.6410098684752363,0.6765104680544602,0.738619206402457,0.7572903025405182,0.708266478160213,0.6921656251433956,0.750630021572809
0.38921954316083796,0.6926697546113707,0.7514561002748328,0.6816049547152532,0.6284935285871885,0.5910754586407782,0.7602632292928833,0.7397919586728149,0.7235741647020311,0.7005118209546678,0.7137029464185344
0.37413766315397173,0.7513113445055115,0.765932533199872,0.6943509520297888,0.6613304026448257,0.6269227773110455,0.7608129321537038,0.7628292565864283,0.7456449664047161,0.6786940579621852,0.7089898723505422
0.32985709284560316,0.7268862749071309,0.7702251602322974,0.6468757815110668,0.6829656252026031,0.6721323884394084,0.7022127739617621,0.7419139758189253,0.7073493921276136,0.6713374923110307,0.7233679163451002
0.2645806000139341,0.6254019200647205,0.7702414797280941,0.6598637447760758,0.6536936756150964,0.6255981794892519,0.7196852343680968,0.7082450301096115,0.7207655485155842,0.7190608465705773,0.6898891812857112
0.315519381081625,0.654392554930708,0.693279728957035,0.6213449910551857,0.6588768937120226,0.6555554572244187,0.7096869793769477,0.7228595711403952,0.7337270285395883,0.6695547603684612,0.6735834369678751
0.2567794282627134,0.6298204805078478,0.7282328895769936,0.5074657002451635,0.6784040773624203,0.6561843335410222,0.7350844423256353,0.6871884957321626,0.7280439124640916,0.697999703306952,0.7138880035807071
0.3131557018433797,0.6651161446308455,0.7853990308187052,0.6305215546747955,0.6788753767620663,0.6353330769240939,0.7359704762116802,0.7089526302242366,0.7099521372637859,0.7038951689387223,0.7168373004822772
0.27897617615482834,0.6479756096142082,0.7563724655651574,0.5807699574486141,0.6936724884304546,0.6445573418895056,0.7356917465519343,0.7360048355084547,0.7185839899411,0.7167434311778236,0.7318955339796072
0.2721342797772512,0.6102205318610773,0.7075402785455329,0.6084393252571452,0.7182151801385235,0.6841841691002433,0.7207840750370942,0.7279041473349628,0.6983315871055706,0.7262860698598427,0.7405195971631862
0.2893124179521669,0.6520239317188445,0.7304336223581258,0.625968439038111,0.6917479270373877,0.6944500403685101,0.7307370155614334,0.7423440875268003,0.7570109809585361,0.6720247369900882,0.6591199493801951
0.33324531052188205,0.6791682910709531,0.7472634510815193,0.5950988686334436,0.6564025670761975,0.6304855763811914,0.7315408847594835,0.7288732010360204,0.6826992394841956,0.6843325436456569,0.7050209010543398
0.34938711010414536,0.703884172073233,0.7468151628766404,0.6166064488548897,0.6395607865490098,0.6238868586005063,0.6831183223971974,0.7151782208527636,0.6378902536710905,0.6705850449508722,0.6694961730106604
0.3378839274741935,0.7225602387485501,0.7514892217114895,0.6303565202038198,0.6412935101944739,0.6468701375282206,0.6845382057770473,0.7268949038118113,0.7100910447876471,0.6945559968259694,0.7052122833385372
0.3475149548322656,0.7066870520954335,0.7157721344455619,0.6573066471249397,0.6394348359608041,0.6765860798270917,0.7182928989249464,0.7084835937773171,0.7316985508932143,0.7260705268917766,0.7039087582515474
0.3631503003465413,0.7385824761802081,0.7508603770988842,0.6656825672418205,0.6360822734735452,0.6943443413179087,0.7215721676784038,0.748224648811247,0.7477444485993707,0.7021137866350574,0.6884932346391481
0.35960111257035127,0.7478863862825764,0.7145433076899071,0.6656672604123727,0.6594528452722562,0.5997978756973329,0.6734011161182684,0.7176376526428078,0.7516776376256274,0.6506236450096349,0.7385940442780909
0.39131503857667915,0.7127234439127659,0.7194698167357343,0.6792098278646578,0.6642769891645581,0.6420252884916398,0.6761615579257075,0.7584671378877252,0.7394322461731667,0.7073563380222057,0.7240216647733109
0.34491131028843375,0.68264018221922,0.6704082694673953,0.7184845691756478,0.6686114931471996,0.6899214502174784,0.7230400175477489,0.7420699491469319,0.7260179505277254,0.6351128378889204,0.7299463406759461
0.3495294281743896,0.6632232290181242,0.7102212289508786,0.7460448316162474,0.690336361669885,0.6048825095605587,0.6379305797754143,0.7556173340407448,0.7453427894752204,0.6528951326103646,0.7254740039483581
0.296545991430853,0.681319017605666,0.732918353233645,0.6152603758903477,0.6608425555042289,0.6607239763592272,0.6812490018934421,0.7331196654574409,0.7682896114032236,0.6843257982424029,0.7427783519984257
0.2528193451960846,0.6818899984418698,0.7685061727555358,0.5514068784817904,0.6250077289563047,0.6129181110179185,0.7233170048332365,0.7050660319321626,0.7934976487775203,0.6081928940564492,0.7503451366432736
0.24586486369712532,0.6368146453161834,0.6656007161129012,0.5829948116940956,0.6400474479711891,0.6425237738838712,0.7173381698296236,0.74232346648674,0.7415357067242095,0.6325308895509041,0.7470867867741005
0.2844650186304423,0.7105233425284214,0.6672631893231722,0.6186358287505438,0.6423310810756726,0.6715575634422366,0.7024174559154492,0.7076985842453225,0.6716016480461481,0.6602155802917742,0.7150388426399616
0.3112977825196825,0.6708879260549581,0.7075187242859041,0.6851909735843802,0.6550905812434856,0.6829746073536371,0.6645800168104417,0.6505111543132611,0.7027126856211725,0.6158491128538782,0.7111424642999333
0.19414470578339016,0.6849883737841441,0.7037700695165626,0.6700110360329407,0.6623800517918685,0.6498105968019456,0.6998675279304105,0.7075214527364604,0.718732187733045,0.6717090908274467,0.7088354353756752
0.2419114691870873,0.6829008230724855,0.6692252084321796,0.6880091500867664,0.6639073005415936,0.7114761550941746,0.6653741091391588,0.7465049637923118,0.7645330483148531,0.6881690242117553,0.7534174256928843
0.28075096183045384,0.7116198413106329,0.7131442697978667,0.6432807853346436,0.6989367751066127,0.7314637539371054,0.6955495823456181,0.7254610255249527,0.7804802514678372,0.7017268883982323,0.7460916904974088
0.28562590250063874,0.6573556044793208,0.6582667994875291,0.6852384447256837,0.6345834818744404,0.6886145105387035,0.6695258114012019,0.7119325360209284,0.7369139745418607,0.6406666685240987,0.7593043597723352
0.2849501756669618,0.6720399615491431,0.7095942967026897,0.6958424144241139,0.6770687480842099,0.6333264280273195,0.7034898083075156,0.7687408437129526,0.7763629228098834,0.66328747842215,0.7186567709180212
0.29847817436265056,0.6819533847058723,0.7456624361626226,0.6890385996334375,0.6858651403123628,0.6753898270559098,0.6989211927558503,0.7312218056338763,0.7277226288939185,0.7270643092186317,0.6466472270038259
0.3034061560108944,0.6975341942219869,0.7456912670192859,0.7029639002388377,0.6638260863114516,0.6005923075350691,0.6961401628253573,0.7485289586050297,0.7779429527677775,0.7296973322933089,0.6745387830430771
0.3385485411430855,0.7010545416532435,0.6231503521321904,0.6357613777129744,0.6940340749075491,0.6131210152141991,0.7245815229863452,0.7720304841734544,0.7581207792913687,0.6843073446925934,0.7366035350189265
0.21692137593766597,0.7032273724837572,0.6935344367248313,0.6376110171846721,0.6181811063510578,0.6190680206025542,0.7303981798244719,0.7755844569235558,0.7549695375206639,0.6695428161936345,0.7288090351873635
0.2482296889501018,0.6850632811412746,0.7086905364611316,0.5704734541641248,0.6843564680637795,0.5839918008886025,0.7381189672093403,0.776598666720745,0.7507508340593599,0.6357236963630214,0.745818119652807
0.25556632492743747,0.6867803681310372,0.7199970088486816,0.6181808816962837,0.673948228514564,0.6367509975689802,0.7517501321867278,0.7239943019829694,0.7401086184191072,0.6666290372043124,0.7416357963234655
0.31507003335322437,0.6334874031370719,0.7626148655371601,0.6523987081494871,0.5607654700550173,0.6566198544792468,0.6791585929915342,0.7518631596192817,0.7593158251107126,0.7198889961738291,0.7509653936885697
0.32097381656160223,0.6559914068374264,0.7248149856732115,0.6255609401957534,0.5943418753216803,0.6520589771431111,0.6905128778796428,0.7079160166694556,0.7643212868879894,0.7128234517884151,0.6959175967786315
0.32500202241787723,0.740695346572485,0.72096465450904,0.6397179285176806,0.6094552487190432,0.640932231421392,0.6658669281136207,0.7607073442335506,0.7714319164275686,0.6585801779193833,0.7041333243077286
0.3500016504226028,0.6643510743854093,0.7061148330722997,0.6457802822296315,0.6375694310082015,0.529754255837234,0.6705669036272532,0.7850921698057884,0.7748932608570747,0.7126422668270425,0.7065111717093107
0.3169671032609971,0.6957141020275622,0.6259519251643756,0.6575040660612691,0.6299356454352067,0.5844789556223381,0.6931957562904703,0.7469569834269443,0.710887092389654,0.6791709616220233,0.735491207285498
0.32811266651755033,0.7416082894312307,0.7082007481158259,0.6877229332669905,0.6668977165718671,0.6291608783648778,0.7265891840908075,0.764770162946089,0.722445162085565,0.6807492180805474,0.7447831305793922
0.3409771273487257,0.6495554007181235,0.674842197756363,0.7128700270217563,0.6259198431754311,0.6490659773598473,0.660727241542664,0.7507216094122461,0.73842617928608,0.680957793828943,0.7255579449488955
0.3301340462759458,0.6569835818363619,0.7311525611487104,0.634235974805989,0.6482208575402504,0.6460738960905988,0.6830437022275684,0.7275945943264659,0.7585398063115523,0.6938163324632196,0.710906668185565
0.3154423390988234,0.7301639490365285,0.7040136911779128,0.6658198969580196,0.6332292669454115,0.6877400838408582,0.7054795211571707,0.7012843537631376,0.7595191307537745,0.697231944437692,0.6989382904700375
0.325835224979756,0.6855811481993639,0.7549059963103828,0.6558680361218799,0.6775228906970134,0.6789993146271983,0.7100202266474156,0.6871748855611133,0.7431319981449931,0.6151922530131881,0.7396303056837054
0.3002101142133232,0.6361679909548533,0.7123615303196384,0.7130333550152539,0.7027593423810874,0.6537751181760497,0.737854972305208,0.7393220021327488,0.7095214744864273,0.6902913232587763,0.631917404514364
0.33630565095974735,0.6169522732208537,0.7400898916989139,0.721448028514073,0.5332958535226509,0.666020229423282,0.6811756377041968,0.7829396176583254,0.7368348060239402,0.7125630539627874,0.671103016747499
0.2554270675721547,0.6521017244621288,0.7513951296476407,0.6250503831628826,0.6159548427707286,0.6589709867718033,0.6971178870686365,0.7991791974784703,0.7203841988818059,0.642599114697457,0.7413915603157658
0.3122743642870378,0.6855395087183103,0.7736315164162018,0.680729752729181,0.6519801316285058,0.6658441036695866,0.7372509548860504,0.8189601914845852,0.7231610628920249,0.6702468621895263,0.6857413715455902
0.3087982695125342,0.7235588211756196,0.7873707271594813,0.6563604756882615,0.6551161051178052,0.6664816919728992,0.7497618342641759,0.7861610471367827,0.6878586167048749,0.6968942953040729,0.7269294329728727
0.2917882257226038,0.6604721757367468,0.7957266271365766,0.6707814889349248,0.6777275750625245,0.6932643069840398,0.6911289874654235,0.7997177384677967,0.7217823496645585,0.6698870289345483,0.7559954543522149
0.30148515263470876,0.7067772871964528,0.6984469287978611,0.674855573343131,0.674936660223823,0.5649963624046671,0.6789327255588177,0.7893963730526585,0.7798229403911665,0.7211155795135011,0.6967317159365674
0.1660466581488944,0.5905594367763695,0.6604352514426765,0.5805420487186899,0.6058214098682657,0.6302901695379239,0.727963323537616,0.7509428645145328,0.7243947869294386,0.7342462643839206,0.7356434944817811
0.23951234557910736,0.6583849438265863,0.6867293528552472,0.5948049673005166,0.6030703484280828,0.6362808376962537,0.7186022954507393,0.7693024091588818,0.7280865298282639,0.6558046365817103,0.6615698185178468
0.2977425228971516,0.6696394207082792,0.723363811932074,0.6649672943421362,0.6582805539687775,0.6236277987354307,0.7269256771116075,0.6112889788133826,0.7730012638601217,0.681771718350458,0.6428657473446655
0.26139144989816954,0.6833205540552796,0.7378374372298342,0.679814689872049,0.6715751818343338,0.6537202616721536,0.6445657037034445,0.6577045005949673,0.7011438684583313,0.6964199170608905,0.7153674659185858
0.30704191993971763,0.7207504535440312,0.752403702329242,0.6358843210207095,0.617258876846799,0.672110387198285,0.667597512586605,0.6963180067229813,0.762816435509589,0.700842763370723,0.7349661717134792
0.3313711481858309,0.6713370361610588,0.798143531320481,0.5931877824177199,0.6479524813128219,0.6028067094152898,0.736015520991074,0.7106320929289035,0.756924562763336,0.716970269926916,0.7367756752358355
0.281519295849448,0.6695015039061761,0.7355836631525046,0.5886217758448173,0.6613708046163149,0.6568738117101228,0.7807289097132608,0.6099493908904394,0.7230814235686235,0.7439097745435848,0.6751344280413358
0.34791106209766376,0.6929941540262268,0.7625003041451648,0.65402572459284,0.6724725532528606,0.6641723508489941,0.727073355828528,0.7037385143488254,0.723550060426867,0.6726879862234016,0.699166775976363
0.3912651486252785,0.6568603047525114,0.7663818432238076,0.6190488585450837,0.6921338617075686,0.6885257939959033,0.7481745171328104,0.7168458622597366,0.7152465814320633,0.7026494784919122,0.7157413400097972
0.29112233747104316,0.6839124552830704,0.7126452370806029,0.6114669247561106,0.6558614835715925,0.6900511116234829,0.7288202836696026,0.7423238834093744,0.7316083924399928,0.6240040637660854,0.6313890612783111
0.3019112191531866,0.6857247482521838,0.7037852027549787,0.6097508247512164,0.6853164650969448,0.6843210225863835,0.664476802235949,0.7522175230968652,0.7443735167506287,0.6146255396659127,0.6248948720413813
0.32843002423935364,0.7065326438257828,0.7529912637430709,0.6318367422051377,0.5805485656180356,0.6614049394758472,0.6843213329320207,0.6883253378078485,0.7724166136064257,0.6698965796299154,0.6736653468264991
0.29201049760704906,0.72864821963995,0.7273318702293665,0.5589014661403162,0.6269777695014003,0.5943176524686206,0.7220564595995933,0.6909918279656813,0.7667173665803938,0.6922616555277934,0.7240703255647446
0.3052561121516447,0.6062295201149429,0.7850088669760229,0.6105662198056676,0.677484650727276,0.6303337474558759,0.728586685219882,0.7196952086839101,0.7499748815549341,0.6640389988811484,0.7006540995782514
0.26097699553180226,0.6081615458931807,0.6048733886917933,0.6083587663273453,0.6136101544006582,0.6734834642749978,0.7525674184481768,0.6874210416137273,0.7790308198995413,0.5884483749063546,0.7141127773220042
0.2669635942694393,0.6435202712912848,0.6322989845871836,0.5554742520771547,0.6502067265352842,0.6931735275541859,0.7622817119083339,0.7002802541632218,0.7627668216808385,0.6297212947608297,0.761798200006187
0.274875061938166,0.6753986973020318,0.6870675545147455,0.6121688940572676,0.6726564666601592,0.6382261968376137,0.7790553458113011,0.7238581629729539,0.7827842214041858,0.6623414120973548,0.6455543064926179
0.3084500562827963,0.6587056433219449,0.6865518624530021,0.6128281717612105,0.6502645125406401,0.6320558085167202,0.7215881539316928,0.7497848168572059,0.7442922344243121,0.6850762748500407,0.6853827793782854
0.3109851535333421,0.6788440830721926,0.7236625941030566,0.6417732052714576,0.6869798615705731,0.651102391419325,0.655391028293532,0.7308573876195226,0.7471853650366225,0.6819487141389216,0.6991844830917539
0.2983840877183789,0.6342828775292557,0.7730463993281269,0.6231890742158314,0.5837209459817642,0.5845028791855268,0.6841426076935433,0.7317487810418384,0.7713971790900184,0.6806639884685765,0.7189290504245052
0.28993072417975896,0.5477329086912935,0.7388205587144098,0.6603361026883697,0.6311966235233955,0.5969001202960244,0.7216602030777495,0.7181218898965427,0.6630180267445294,0.7086620733687942,0.6726999653039868
0.30911669233259853,0.6023747330170939,0.6923943159905589,0.6788012384714572,0.6517951323394129,0.6319719023347391,0.6980975885262234,0.7255484394292926,0.7060415141493559,0.7124381780089901,0.6788356474132011
0.3177617887209889,0.6154927069864173,0.685856391750896,0.6682605780333946,0.6552226407978392,0.6546835868559442,0.6612125262777103,0.7501480896310112,0.6661235755885356,0.7132233818856673,0.7279138119322972
0.3343923522395158,0.6654927002423648,0.716303316171252,0.6163095817230052,0.6957431401093312,0.6173138936095144,0.7083545508315627,0.7352664702469358,0.7166064677450652,0.6383451417007595,0.679615645989413
0.37012141063699,0.6852854994381975,0.7431557136717641,0.635603808274112,0.7190656867092015,0.6301309790152836,0.7260110496561878,0.7615819487095816,0.786187373395562,0.6977723775959259,0.7011652202566981
0.25701124151472315,0.6732145883295785,0.7185186658965789,0.6386758851300242,0.5708450273860236,0.6626651235351146,0.677507839970887,0.6862263680695071,0.7194206746877221,0.7140870685078742,0.7600420564032222
0.25118036578454106,0.5846378224278502,0.7240722559827433,0.655459397917254,0.6137260912790705,0.6318874754523782,0.6804064627544459,0.6757410722595509,0.7596625546574115,0.6572024356529178,0.690744436172644
0.2539955892069921,0.6329736779915142,0.7569037113130825,0.5637063689566425,0.6137151319615756,0.6192153108686598,0.7132513298046914,0.6968164399880561,0.7819010679547898,0.6937070806669012,0.6346237944173715
0.2784914311212534,0.5444732182346099,0.7292169637084159,0.6515015788129577,0.6340234896549535,0.6328986623407462,0.7257157127756038,0.7528068278389655,0.7830073692173799,0.6789771279269969,0.6870712901496147
0.22436658998261874,0.6138428952103654,0.7002542441543225,0.6532551325633075,0.655920510001033,0.6089827001577963,0.7617486339054231,0.7130753930275114,0.6931894629813566,0.7094003727422886,0.7116754838587245
0.28886095778596926,0.676143924210391,0.7472536085857975,0.7107598406520675,0.657470735915148,0.6572571178230531,0.6962708296209795,0.7162641583862561,0.7036059550181283,0.688775787847722,0.7192174837886153
0.29693524004344213,0.6644122353556516,0.7795387426091703,0.6150562860476164,0.6830670864482452,0.6716680060178766,0.7239949334624274,0.6842519510520922,0.7315812931368969,0.6454340233761781,0.709130220412236
0.26308788310616166,0.5656390733895634,0.7036957896628471,0.652048909084112,0.6120991890496397,0.6218368923866155,0.7776533622440205,0.7080203698373722,0.6963298661621576,0.6447974750436253,0.6357472548052091
0.3041757384103422,0.6089981880536808,0.7252934198477149,0.661623131243374,0.6558128785427471,0.6361242215676499,0.7453470583487418,0.6932755166017374,0.7279795633187183,0.67548557205914,0.6355313293172484
0.26293848605891945,0.5343018057213846,0.7487422503351565,0.6805331160746882,0.6773020672227457,0.6416500224659593,0.6741506661147882,0.6081453985801564,0.6804740952142996,0.6885016626282225,0.7010007047869764
0.2935830617561182,0.5962665535447587,0.7856175277652064,0.6020379441039836,0.6466718362439074,0.6690139053155499,0.7297436198704097,0.6734285579736956,0.7354097553294707,0.6169625489597267,0.7358559435209939
0.3208883978758441,0.6490323188456109,0.7525812163655394,0.6498091032059676,0.5879336640098252,0.7263111121755594,0.6853543868816057,0.7252751520599224,0.7263645898045266,0.6760740699849467,0.740330454195328
0.3233401044957064,0.6729583369581464,0.7761053939016413,0.671285334857266,0.6153686089415231,0.69803644468559,0.7448051458103101,0.7454683821001906,0.737679616263163,0.7038299856939261,0.7219073225844231
0.2679129175659937,0.6595810314663304,0.8102172790230082,0.6853766965256174,0.6281186737446135,0.7234954366225153,0.7619910221143729,0.6969405072194393,0.7703805209570931,0.6454501165448281,0.7034831351185582
0.31406707367190423,0.6588402484443446,0.8299451330948,0.7180452262623787,0.6172899954788,0.6879283359855938,0.693151233697643,0.7372093167471858,0.7488273796019754,0.6468364574848278,0.7233286673993519
0.33025782581170227,0.5769050609895954,0.7336908595204926,0.6073915477721883,0.6393939012297611,0.6818166298651318,0.7032428518888351,0.7112229652086497,0.753792678072829,0.6539255302166662,0.7341869124798114
0.3293129941686876,0.628749630302464,0.6834894620221652,0.6660755592180025,0.616747260803723,0.6851189955679323,0.734056300988913,0.7402476895533611,0.7474180457018038,0.6301129391258049,0.6797400330315164
0.3202675812718276,0.5785149929880347,0.7512687546320859,0.6302615874090552,0.6499547443769088,0.6888760389714963,0.6976619742124195,0.7056603344187539,0.7576744597963605,0.691692396276242,0.6926259308584714
0.2472449973017995,0.5621690957487475,0.7236164409721046,0.5849281838423871,0.6717370248686191,0.7002853971506681,0.680849700256019,0.6876417218460663,0.6537999204384484,0.6355217196002196,0.7087784073218022
0.28144081378217223,0.553917963505484,0.6698110406369656,0.63797610406539,0.6987454367829533,0.7165885437852191,0.6957074022745662,0.7101423635739865,0.7308559648691009,0.6926304558780471,0.693962005061769
0.28983109596639534,0.5634701887365837,0.7072448318788229,0.6459095097307324,0.6923534592399235,0.609976577453167,0.7256526317891933,0.730739691367462,0.7311951608360578,0.6590703823373929,0.6985047160969788
0.27415482136127395,0.6157235037233919,0.7360420449733427,0.654431349581765,0.6379676363401022,0.6674424552614313,0.7637876635653569,0.7238833810208429,0.6957308945518202,0.6938206043187676,0.7327295815252778
0.32884414084393604,0.6390509422602793,0.7368492584823589,0.5962377147668458,0.634744227587278,0.5758185151938512,0.7636104787180483,0.7004785779846664,0.7174259141577234,0.7022811020790978,0.7667369800497238
0.33638815169819514,0.6942593746263377,0.7307636847775082,0.6134353242943992,0.6456638582386602,0.6344477226351282,0.7964749397897424,0.741869684190839,0.7434558748497455,0.7183897709762619,0.6754619576208114
0.3419633102390496,0.732948717893701,0.7323696703113871,0.641110701469259,0.6331632565849524,0.5812279545281495,0.7422951052345639,0.7378535737873617,0.6980199533560072,0.7291111506866601,0.7060912555185638
0.32352545153243445,0.6644272215408776,0.7354125562112873,0.6625559905365116,0.642050459558932,0.6627172934181973,0.67440147815251,0.6872898076319012,0.7312181057231705,0.6099402494847357,0.7161449988969122
0.33604591324826516,0.635362715812788,0.7376511959419741,0.685296480721191,0.5884315301575428,0.6634470567874925,0.7106814356894258,0.7337029596553772,0.7588995116396768,0.6486288580431898,0.711985960309521
0.36773980887977964,0.6839495639602022,0.7875515114616123,0.6957294389273807,0.6245070239402788,0.6884006049164884,0.6343470852507394,0.7747187644540476,0.7680879885846079,0.6997912890983813,0.7302090592045896
0.3816977892806183,0.716171195903845,0.7260044344370299,0.6525731650870266,0.6310775914295531,0.6382733839701518,0.6832023100354214,0.662039839253424,0.7563875559429767,0.6199721378964264,0.6708686683833831
0.32773999300964146,0.7258157339288837,0.7739669763203958,0.6234028435856822,0.6323078175638834,0.6676245239636098,0.7084050747533759,0.7046065680622081,0.7148400774419461,0.7068691011252599,0.7238220187302349
0.17943157315851657,0.7496284377851323,0.7970512494321722,0.6359286132649011,0.6550997498752126,0.6936596595325086,0.7418992093428383,0.7174130929413693,0.7427111963493964,0.7315262849827417,0.721472632746372
0.2512797282577459,0.7489343290761608,0.7942204625434546,0.6182838119131493,0.6890250727683351,0.6431376778224267,0.7743893488088818,0.7194101012941766,0.7482885083824067,0.6744355163826713,0.7166267068964126
0.2628743142053753,0.7408588207038757,0.7222128660455359,0.6740941072981548,0.703581040740128,0.655134164528133,0.7948085939968149,0.7214614371385317,0.7507053987419015,0.7096700693522092,0.757577205719242
0.30543673270013805,0.7036116792088021,0.7105013092702228,0.6915816530573906,0.6555715162679235,0.6845628491123315,0.7562235841359444,0.7492679874600834,0.7318753309108721,0.7007081361798414,0.7445700796869447
0.215989729813095,0.6256164890129852,0.6644284116359265,0.5500895336964037,0.6746538840838943,0.6432847721367881,0.7665949433437839,0.7504782248123021,0.7393684506241309,0.6732146736664,0.7284913261804926
0.2762924079312393,0.6608946983342209,0.6801628491708298,0.5288194155630703,0.6529305870819206,0.6485656749067827,0.748409911527866,0.6629150993783274,0.7638868047739592,0.6358057102629938,0.7459086968623548
0.2929630555263068,0.6173501962106135,0.7254126530241485,0.5496944218070561,0.6767735310761726,0.6744163865451176,0.8106947643311939,0.6958647801857083,0.6956690569401819,0.6688351559828366,0.6937888805550576
0.2828373804303303,0.6535125830392376,0.7286199896770134,0.5838910717176631,0.5992384447274243,0.6285095604728579,0.771457068116876,0.740059623400684,0.7160320094396957,0.6498844786461357,0.7056283128081412
0.28478818809777817,0.6612330807415068,0.7659228871752399,0.6585956338172392,0.6134704333039898,0.6085365298732657,0.7428459848067668,0.7110700955932785,0.6939991834959545,0.65526680216871,0.7261595842894826
0.29453091298456513,0.6840745300204045,0.7081020406714277,0.6713809311162335,0.6500465143747296,0.6479995822412672,0.6757935820683743,0.7242584775334138,0.6796262895312942,0.6791956394738801,0.71871747283424
0.3024242955070896,0.7017234524213827,0.7427387884734196,0.7215803111987881,0.6776826650785482,0.6107785917888805,0.6887026776915146,0.7444777423650637,0.7321870167965618,0.6405724525825252,0.7316112213807742
0.2951508036522284,0.6286362964026517,0.6726071065450564,0.603566226847357,0.6763560107630245,0.5639013487655369,0.7153411038005506,0.7356093117001167,0.7470419330912299,0.6610067039439327,0.7326720886628306
0.2981833531037853,0.660214054919984,0.6965534190634912,0.5112601451379943,0.6763363566551818,0.6451046870680195,0.7574829228072093,0.7033636087402103,0.7506957982022047,0.6244683213787803,0.6817462955176551
0.2937082865292971,0.6709167143543537,0.6445424222869179,0.6037389873479352,0.6675899945527242,0.6358728871216229,0.7884348677059234,0.6688989425278539,0.7254912652813077,0.6578816341381923,0.6977166222216475
0.29989614810826926,0.6837601157438111,0.7417297920072036,0.6307123462982641,0.6311452518265039,0.6498796776105673,0.7862195485752262,0.722965176808836,0.7785437148549884,0.6520144729957419,0.7351571387999414
0.32109300340419167,0.6945706844980565,0.6627632712624482,0.6653893868674527,0.6745777250466465,0.6664002199612538,0.7913178213425632,0.7328733248800794,0.7350836800029837,0.6540438160462202,0.749730759214731
0.3493260669000821,0.7284672309372624,0.6992065140351441,0.6820265218177367,0.6391324814780793,0.6681509539782091,0.7559237140284265,0.6810850510342628,0.7300983722030847,0.6730403622599437,0.7291249885955886
0.318283808994747,0.6478467294037844,0.7161184053533594,0.6986478338869508,0.6575171182187136,0.6725534731921741,0.748254474719,0.7030093113288192,0.7446377504521291,0.6808968810701883,0.7155847780805104
0.2757674048182172,0.6062700149246978,0.669762554434044,0.6762382708671448,0.6267405065874015,0.6831463927925563,0.7486574822860341,0.716364245746768,0.7492956619209659,0.6723496884301796,0.7199138201829722
0.29700860599198997,0.6461119652022487,0.6824228401746735,0.689132724869564,0.6964629818308203,0.6380655317468265,0.7803097474258682,0.6828261805666211,0.7689751528297215,0.6544160700744422,0.7391793259390081
0.2978041314087524,0.686121670981088,0.704077909111151,0.6348212767100212,0.6866666123234778,0.5696664973249119,0.7578966153313292,0.6959349443308633,0.7591834037539814,0.6908603092563022,0.6614761970635198
0.22657670288812673,0.6945055097739268,0.6921515945164449,0.6075597527750034,0.6365585773727783,0.6271429222303788,0.7561433910517733,0.7018557073373065,0.7472371889732009,0.6925450005801321,0.6698038330122107
0.2414860767344265,0.7278607778390566,0.6951416635123087,0.5716191580430615,0.6210192671161575,0.6263023419478896,0.747066482401287,0.7421914058353879,0.738607318212078,0.6687462478285102,0.6906272794469102
0.30321517938336506,0.6922783894243306,0.6426574217935938,0.5106931517712371,0.6793672804945579,0.5680813123498966,0.7297265314204723,0.7045632978604703,0.7399252388711965,0.6289674193030563,0.7007735345474344
0.22470685404557014,0.5373583117837163,0.702346300513482,0.5439619462718225,0.5487696759348004,0.6413533827435661,0.6812433938709465,0.701620857547817,0.6759998656173761,0.6453965582830445,0.7266712402421747
0.2494337151371469,0.5924735232113053,0.7580297832663858,0.5802934923874298,0.6259533800310348,0.6293383023828321,0.7266190259219554,0.7106987188274438,0.6957371121961081,0.6383149974564004,0.7446067305947506
0.21945751184623724,0.6137463422165574,0.7877718782194973,0.6463850357923815,0.6486469795388089,0.6884525601130506,0.7420651703714278,0.7512631317241287,0.7421372114035834,0.6916556354116441,0.7288985803434176
0.29994637286414016,0.6789549593167601,0.8018394907079673,0.7180725356768446,0.6755786743825086,0.6321698763081017,0.703546799175609,0.6921657229843443,0.7091901360868681,0.7056779045338113,0.7332410075923704
0.32094840558827675,0.6738784114077278,0.6723294747376292,0.6690046091113029,0.6901203565538934,0.5866402974388808,0.6601494652918716,0.7010378602882421,0.7303197640028884,0.6316398270828759,0.7224799943652129
0.3282414130379666,0.5768916551318483,0.6465259801726057,0.6930893482941235,0.6893686476653131,0.6602183334918268,0.6991906483993329,0.7429754941063031,0.746977292092166,0.6910524203875225,0.7244223165617897
0.2172616831325778,0.6212146163752267,0.6622569006337029,0.676660196283778,0.6298850258109979,0.6845888595070808,0.6847715884888348,0.7453290560220044,0.7722158161915273,0.6265031113907158,0.7466155106101218
0.24988111307666605,0.6923294008662867,0.7015920343078624,0.6334494495342896,0.5815341420004047,0.6855639487848117,0.7001074804795249,0.7475000084379149,0.7963013660155548,0.6984768372923991,0.7184162727343935
0.2733358439126362,0.7214629633582751,0.7259873451704766,0.6975180063764499,0.641301416466092,0.5489027225067035,0.7388467244322228,0.6184487384623487,0.7910867841290633,0.6577945967549359,0.7387960490998304
0.3203774830115413,0.7714133038333372,0.7714096005352742,0.7083956176545569,0.6606785351276757,0.5834510908643746,0.728373383087342,0.6962858891837138,0.7519046367903481,0.7124989777396582,0.710759863500656
0.2476088319491331,0.6603118556297597,0.7404888821268905,0.7140438766759512,0.6706508423044373,0.6064932336793165,0.7261733262312215,0.6969004496076648,0.7665284114335753,0.723405294735836,0.7221764832773543
0.23445291787452388,0.6950990699467046,0.6436193607419521,0.632452756049611,0.6390820781083816,0.6284207130546815,0.7424172454826583,0.7001000237308628,0.7650647050401844,0.6607809013381983,0.7310568420406683
0.3045840133117883,0.6951848819294603,0.698476018752541,0.647002336406298,0.6092498937813813,0.6338880670168361,0.7229075338457499,0.7092735148281594,0.7754837508428152,0.6856469138659919,0.7438815576295333
0.3355635535052406,0.6724593155966226,0.7134727921647057,0.6726377652069506,0.6338090600943942,0.6355272591137624,0.7427267617433113,0.7251397330788518,0.7865269070710104,0.6945567322333293,0.7092795058479616
0.31520884983267305,0.6829001753046147,0.7417414908819975,0.6883160547270237,0.6463324431056661,0.664803547279139,0.7315467248229671,0.7327712417815261,0.7357008806052373,0.6733783936424258,0.7319988530321124
0.294638039779764,0.6607015659239291,0.784562158430768,0.6400625443074153,0.563190359985117,0.6807299478237142,0.7553458617552911,0.7547913104947985,0.7422224819734284,0.6650090060118446,0.7309162364471972
0.26066109173433055,0.6098008553942662,0.7438001508411792,0.6263078946347221,0.597929081876489,0.6463894680000254,0.7875273017802487,0.6767273557455102,0.7602417949656797,0.684020886621814,0.7076409817453474
0.26995683955313315,0.6521614104127975,0.696381912326568,0.6574784103206979,0.6067825186774132,0.6401841348356926,0.6808523620158007,0.728079600878438,0.7280483044564342,0.668376805176263,0.7560021101527366
0.33282597923197454,0.6598553944929904,0.7084621050150783,0.6095307983563534,0.6614802531002486,0.6450868113236154,0.7352335889222252,0.7652360508560638,0.7321378017506976,0.6948132737533032,0.7587091792277213
0.3833644505176147,0.6754491256901731,0.7308122219401605,0.6097413072423989,0.6067632340243637,0.6643588020210144,0.7363257733795326,0.7737506845712041,0.6809667598721715,0.7230721622725746,0.7321095554403222
0.2865169746284458,0.6900379248956443,0.7478844075857444,0.6359278169566532,0.6407679123299617,0.6582508421850218,0.7678510466355488,0.6628213094856071,0.6926858454607535,0.6849506548094796,0.6812365425885628
0.29544658856417894,0.6670522583195508,0.7643138801639004,0.6795277034353788,0.6490195741651608,0.6905401202855266,0.7803545976805116,0.667705650536218,0.7300900100363912,0.7129785371939108,0.7220293373133768
0.29988108097582933,0.6593003420764298,0.7246771433980771,0.5755486414031216,0.6610311877382313,0.7016956070534212,0.7558123324186311,0.7000690415533226,0.755500282587475,0.728115823768669,0.7174065514429994
0.3075171188610541,0.6558806298257608,0.7604118437217173,0.5386348241165357,0.6792722251460617,0.6381439038459303,0.7283169210184529,0.6723837589698973,0.76421290131747,0.7241680474784924,0.7267461556692871
0.28799363142308376,0.6827387717001837,0.6285166753022776,0.5782228290847972,0.6900200706942032,0.6640666964042008,0.6232828291156084,0.6865167885631899,0.701046812544651,0.7248099869343338,0.7461138465407395
0.2927157399017366,0.7069062760991758,0.6361154048899909,0.62271301243722,0.7196909550787616,0.6425668276283226,0.6620319910291963,0.7137795692003726,0.7336495479407796,0.6932054907505103,0.7506077730450809
0.33168924119298604,0.7348962068230642,0.6686503552767598,0.6733473787114549,0.7070198943049953,0.6480080746946838,0.6860802831555073,0.7123930800621557,0.7721193867293061,0.7389763773055429,0.7483126020481856
0.34625192548696093,0.6880839564213841,0.6961120256878799,0.6855964075883103,0.6425293170279479,0.6563497365420466,0.7071002381661413,0.6916138475885187,0.6783944922590689,0.7498604427418825,0.7560977983082205
0.2275056530814843,0.5822842877204173,0.7329036198548454,0.5697030423027926,0.6906464111338706,0.6660340362435792,0.6904872091574948,0.7199051920975263,0.7237506432861569,0.6594919989850208,0.6875207708292916
0.2930847252985106,0.6486877000614892,0.7490874274375385,0.6454170698017201,0.6779961647866745,0.6823854824023416,0.7757191364630758,0.724530001918512,0.7250993946704489,0.6960340148476969,0.6423914798407786
0.17417555108275062,0.6661659261716236,0.7272810491585554,0.6678861289101992,0.6365755119778723,0.6999219243035364,0.743826738413982,0.7440375144250367,0.7611422152010918,0.700473753046506,0.6405487186517478
0.26951946616262434,0.6580081342939286,0.7702658625275989,0.6056552137522478,0.6629938372640243,0.6987924059863486,0.7639729423184536,0.737337589651237,0.7187077961385856,0.6515456159812716,0.6167878536325492
0.3156120912172714,0.6844014915888673,0.7561411779440489,0.6641483135043781,0.6647991160045139,0.5518587508556203,0.7180728872896698,0.7497705408052897,0.734153885224502,0.6789578199003963,0.6821763151520213
0.2530236189892944,0.6422058067881514,0.7052613764535008,0.6007123974490539,0.6382542164255864,0.5824882062234279,0.7083440081657524,0.7211190134959621,0.7551587628250098,0.6796755899389115,0.6618664515475371
0.2852144447932202,0.7046876748987487,0.7234864227560008,0.5631508011947401,0.6538820628425177,0.5944921651687582,0.7415030953845465,0.7429058522495173,0.774481323538684,0.643899545323282,0.7009155611192381
0.22233340842890964,0.6454680172307496,0.7481887926117511,0.6371478499520071,0.6168190422881782,0.6620850234353077,0.7035873877954212,0.7302508896434001,0.7245438014498329,0.602889968528141,0.7108578016609823
0.30142686760744025,0.6752059684337577,0.7506620907388335,0.5707677034908546,0.6320477902027453,0.6491706960256456,0.7108594148773866,0.5979966161935945,0.7261798599924681,0.5995944751826903,0.6570506553062571
0.24491652782811293,0.6914528695346229,0.7199907296137356,0.6058604630588553,0.667840430234506,0.6777993618662346,0.7505226043410842,0.6645751253194156,0.6712281041064984,0.642608198715451,0.7197530537586193
0.19798822026327856,0.5347068302348174,0.6493103590620327,0.6444969046768926,0.42619672046603607,0.686531233045048,0.7363768595707527,0.7092195840568981,0.7094818479736109,0.687008368500046,0.7162517202188587
0.24968972762656447,0.6334791510181239,0.7153534065569395,0.6432209449544529,0.4932058017094851,0.7143200151086997,0.7291172444822184,0.7422040402631656,0.7265850369155502,0.7091763963266133,0.7494757222771842
0.25121493991068133,0.33056651319934766,0.4350077476848358,0.49375584187422705,0.49792423287331167,0.5799677130157899,0.7304609969215465,0.7780058696119245,0.6448958845895599,0.6816357628258105,0.6326706589958322
0.23571436114442598,0.34365792582018767,0.47324997285071624,0.4970389873872284,0.4079079545020051,0.651389796263127,0.7492965704492787,0.798016131144545,0.7041923981075624,0.733427580813815,0.697476007786376
0.2323923600445611,0.30524874325256923,0.4858063282706389,0.49115530813253533,0.4190171605491128,0.6944111395908454,0.7163949294307347,0.6927131347353477,0.7298649755855968,0.6932867246581456,0.712963186277021
0.21397339311974564,0.33055655676141454,0.4357947369691907,0.4942212594425027,0.4597895972350702,0.6513910395405947,0.6548460742089103,0.7017781615744143,0.7415058068018316,0.700932860279799,0.739488596414682
0.2261431414144678,0.34946167534650385,0.44861556736933,0.4995239256991624,0.5315213303253936,0.6731876472515562,0.7202520088044833,0.6459511846007469,0.7412074462402263,0.7424145139316365,0.6554765888271993
0.23362828796864804,0.35558533927566816,0.47622738926593833,0.49301472833050874,0.4855483364203515,0.693139032087881,0.6046534459420506,0.6798730413251417,0.7043741148553849,0.7737586472267288,0.688855681419885
0.23223727397543006,0.39366884870993657,0.39326839389190554,0.5682600764462667,0.5509894208105952,0.6504040554091141,0.6350504695730874,0.7103333591659409,0.7167034132447474,0.7031905698668246,0.7018977487415123
0.23143473534625722,0.5139716290945688,0.4580563522133154,0.48734373628493544,0.4472602622262319,0.6711275879456555,0.6510321156775772,0.7204012068351164,0.7501663674323491,0.7393236149652395,0.7247438349724551
0.22410865864535381,0.3649340464888573,0.4547702506388356,0.4683972283802405,0.50789978768938,0.7341929622633808,0.6874583891896917,0.7357307067296933,0.7092239842851656,0.6636664329884446,0.7167006855089304
0.22698059404064855,0.374931256344884,0.4603958079450149,0.4806109655205414,0.5561222087108435,0.6996333708681631,0.6753663098587119,0.7581424610618688,0.734082596865425,0.676508323545947,0.7498899645188923
0.21784372142473216,0.3877297086937803,0.4469225760300597,0.4814639362033458,0.5572501715180873,0.6762951791914602,0.7153853479758703,0.6818001983847778,0.7594006943323084,0.6528664849977884,0.7310566489863984
0.22454516200019,0.36665765423839086,0.44630600679922044,0.49322781586041925,0.5670038896050309,0.7014126239669237,0.7615189082605738,0.7483358488982066,0.7250102523335898,0.6748748498023782,0.7152309715969394
0.22556898205216647,0.3583401760744766,0.4733341823109861,0.4986909835923403,0.579118179007088,0.6446162737263118,0.591667866227987,0.7361651523314036,0.6542673765880622,0.6970053260425333,0.6838020139680013
0.22577787953728945,0.3303003367413982,0.4887891206359519,0.5355840152063664,0.5533532150585067,0.6728839558483648,0.6205573218190498,0.6781968351207927,0.662454886416566,0.7061753397440387,0.7085580523622301
0.22511007944165665,0.3480276156794059,0.4465047260050894,0.47282260876167004,0.5091826509588256,0.685645921396608,0.6315863963415651,0.6869313690155827,0.6719400136241,0.7361112696905637,0.650713587512625
0.20578732733519398,0.36115501393730254,0.46949542782618503,0.4612325225937019,0.5800122028966344,0.6648341917113444,0.6710287662848609,0.6845072176175633,0.7138589521350107,0.6581613000660983,0.6556180485493934
0.21948491288039812,0.3991252969064023,0.4360617409689372,0.513649348876028,0.5569285908997416,0.6343595173427519,0.672535073748961,0.6806119055681218,0.6816907144915323,0.6382765682672054,0.6950855725170286
0.22224766369416304,0.38246351205755413,0.430264896289735,0.5805127562979633,0.5994792120213127,0.6591272349322695,0.676374470915097,0.6815865219359436,0.7397916930468287,0.6838819149793574,0.7189738288537099
0.18981398958833554,0.38191781867293123,0.43850555173402517,0.557034000652698,0.6044466772413113,0.6835758942504413,0.6961978820320077,0.6915116348335048,0.7093803901205512,0.6885502140908141,0.7008690307313726
0.20538461418693255,0.391138105503847,0.44124193834355563,0.5840800389232121,0.6239643696990901,0.6303875169730571,0.7178028505572847,0.7153622048422069,0.67964174097849,0.7310383096495008,0.6960483279858537
0.22184204590740736,0.31258111660391935,0.4131236514152609,0.5140964081621003,0.599337252096739,0.6359403842700087,0.7099585207177119,0.7618756130913396,0.7218434672929968,0.7402916527209966,0.6256860913741933
0.22544587666605354,0.3591884993665877,0.4552807056512673,0.5238042418741009,0.601769030610997,0.6767331964142356,0.5835854166723583,0.7523507375027886,0.7009990412001597,0.7432995919783365,0.6774965752131186
0.20636443502620905,0.38397154048587945,0.44684313197343517,0.5728567060206118,0.4958846511091726,0.6904430136407786,0.6305727028196106,0.7185459130735045,0.7529181085770089,0.7494630368966355,0.6758411563101558
0.14190122735466998,0.44744179329521105,0.4766249894436114,0.4907380203043158,0.5779004473405505,0.6447975676618681,0.6602880896935934,0.7056232372539671,0.6798589342165425,0.7311688000918093,0.6692708458189134
0.1784244765923877,0.3472645648807926,0.47225653848368515,0.5606237431771981,0.594347135133388,0.689537020102756,0.6948928203190603,0.7467778006625995,0.6871353178175743,0.7111647054941842,0.7076421215527631
0.15065704379930217,0.37221410145591216,0.37807188589019847,0.5817566104732681,0.6382016571591176,0.6586872068705314,0.7227694090824628,0.7261671459372083,0.7517606808953681,0.5687982590920695,0.7099394970337771
0.16930115850074673,0.441791032797995,0.40584972130652086,0.5903130528632358,0.6569750229059734,0.6849979239957665,0.6783342503382684,0.6980470851344909,0.6196336072600761,0.6435227214568894,0.6737467889459869
0.17321857148463612,0.4841063433456637,0.44947353664563056,0.6156589199068234,0.596253217244566,0.6766194441482974,0.7250101639663868,0.6993819263359876,0.7156927204372208,0.638503597425182,0.6908235233433144
0.20613917604013862,0.3546511208180192,0.4716408130126187,0.6482804426437141,0.5346654498045437,0.6956873106396022,0.7189781001480391,0.6995363802282133,0.6806090461670516,0.6989886841759276,0.7186945906290955
0.22314608916298262,0.4367965511379723,0.43688336401084665,0.6571508121960601,0.5508276634947997,0.7024759962947803,0.7064839239222006,0.7323775977948037,0.7235250016956369,0.6988772556620236,0.624302251900376
0.22559152314575756,0.5434083200604579,0.3560841944365327,0.6217602931887521,0.5730814450601835,0.6725531611717457,0.7560973440834755,0.7653928714513809,0.7237571948709359,0.7172310995409117,0.5737595311913873
0.2119926343951649,0.4129972193699576,0.3556272207882604,0.6655312586991325,0.6085503713822827,0.6353212945178014,0.6890245899115617,0.7815819726451598,0.7354293003075737,0.70888365484035,0.5888178864614808
0.14654558794569614,0.3613159879141946,0.37265791187382885,0.6683598614982886,0.6329215389275016,0.6805595941584015,0.7207248712355556,0.7160453190623838,0.7380780378885616,0.6977541380761608,0.5425362813455449
0.10751428806473089,0.43561562177689217,0.5502005917983553,0.634973637047268,0.6694405223950456,0.6244572922823526,0.7443539524594766,0.749640735224868,0.757036583674159,0.671113579408915,0.5825080620662533
0.19002097353581723,0.27112320794663874,0.48959707463523094,0.6795959107018195,0.6740645807064392,0.659798609700591,0.7699010876713446,0.7188479805327159,0.7010015283188354,0.6740196687574181,0.581211580123488
0.17553580221465473,0.2519667144734178,0.237844318176064,0.5955854904124521,0.560814797792781,0.6370490093370327,0.6176559195623442,0.6765840297373203,0.6408118871561957,0.583650216217361,0.5473155470894688
0.25958922034740245,0.3932083540667185,0.35238570685036463,0.6141059151468202,0.5565678890580288,0.6122377802478356,0.6504912617052057,0.7136040366571277,0.6870826548179154,0.6548611691268851,0.5772116093491968
