0,1,2,3,4,5,6,7,8,9,10
1.0,1.0,1.0,1.0,1.0,1.0,1.0,1.0,1.0,1.0,1.0
0.3968387205415463,0.7336409111636544,0.8996278390671166,0.811707731275722,0.741439845554666,0.7091191950610627,0.7232330625758058,0.7619457044719943,0.7341977409423827,0.7774601122394236,0.79545692420992
0.2934202789415098,0.7228172170650313,0.8941576095022914,0.8331134045469113,0.7477594398847925,0.7049356618320944,0.6884096184504992,0.7596967024920389,0.7787167263629821,0.7185184332574791,0.784896670251473
0.37091074124826795,0.7759196431893971,0.8940167630089527,0.767534533305975,0.7037252131215594,0.750061751060934,0.756710473559672,0.7225865608946864,0.8187467167003334,0.729263102114959,0.7303144561093043
0.352808205675165,0.741207224538851,0.9136594460229166,0.8117530499034684,0.71967964931145,0.6793796954069752,0.7429440618506803,0.7018743634036992,0.7495655732886382,0.7124145967993191,0.7824211320469799
0.32603275079470173,0.726986596198939,0.8627682401919535,0.7013627681376975,0.7227984433689069,0.7319798282286754,0.7159945111482163,0.7815483597651927,0.764177798337162,0.7204867344122038,0.7407161955935333
0.36218674638225595,0.651121933768692,0.9302585205945711,0.8026170881287116,0.7790903105240593,0.7485469329761304,0.6868376994325485,0.7233117720446258,0.6769571511673188,0.6969042624720021,0.638996165209382
0.28655833796188435,0.7655862385554186,0.9093610479840709,0.7815008372008757,0.7227761411815752,0.7281892312226304,0.6684893247253136,0.7726980178617644,0.7008698911451127,0.71307110970085,0.7501533853321687
0.2981708401201043,0.7494846254733517,0.9095408387708032,0.7173136544449695,0.699597066786639,0.6930151077377055,0.8215824951537842,0.7851636456690112,0.732226088543489,0.6897877833522293,0.732592364616006
0.3560359709986014,0.7804280364637923,0.9012508273907529,0.8025553291364805,0.7174834172276173,0.7583324474750007,0.7056042513872047,0.7352355931940736,0.7397533164685437,0.6477112451929247,0.7225701333029028
0.30068627340956117,0.757747373310968,0.877623679477928,0.8111944077612703,0.7304818762342613,0.7046412358041826,0.7817299984308704,0.8064770436306956,0.6955099819776636,0.7350670596252533,0.7710188628465902
0.35591623589012816,0.7196785583315298,0.8784037375659527,0.743370437742836,0.7095660545507186,0.6983102292809036,0.7524270573189549,0.750457849181734,0.7627087772695988,0.709333388547979,0.7475691643669219
0.30321862226735125,0.7361798493333949,0.8772643618115273,0.7602309330308588,0.6614711421520413,0.7038442614019249,0.753027002834759,0.7730942393871625,0.7314053129410699,0.623936455589138,0.7253819950506513
0.3724870638503133,0.745647361968721,0.8830106184895822,0.7545706332799273,0.6355020601459946,0.7125336447386746,0.7531514676816782,0.7763713235606189,0.744392863567878,0.6634834449881644,0.7147846567095714
0.2767098732377794,0.6658122965691464,0.8524473807601067,0.7771161066441773,0.672182120385624,0.7367423815159875,0.7421862312851133,0.7043217159903836,0.7560737552845442,0.693517782634149,0.7238185875407694
0.30813696827816517,0.6709719999967112,0.7047062159423045,0.7765204068236089,0.6748610620836588,0.6658102096084556,0.7292765490102667,0.7236864005743169,0.760908152697292,0.7046809862600119,0.7220694709989319
0.23259357415906695,0.6788234885087807,0.7863789456436592,0.7930302237415412,0.6976015513725894,0.6717412818051153,0.7411916069641751,0.7198469973873262,0.7217293654375255,0.6675815195766435,0.6866747563765115
0.2404427985873093,0.6714493449083048,0.8419452892185346,0.6957251592427685,0.697476519740505,0.6762125603591223,0.6717444221512175,0.765965569734667,0.6999944072861133,0.6624391024070835,0.7326083735307167
0.2860669583773675,0.7032089796713297,0.598478857825127,0.7590424161728351,0.6597420034610436,0.7173556146744962,0.680285838954922,0.7708510865833884,0.7266773677948686,0.6636979199193495,0.7099541577541665
0.29003637409817595,0.7007200350727897,0.5977903324932756,0.8008174715022436,0.6292434549233544,0.6928600150110352,0.6771432724949795,0.7400635463481973,0.6631187411268622,0.688486429678505,0.7231072541159602
0.31045310177709984,0.6600140237623644,0.5860066031322272,0.8077892176896188,0.6946962147711054,0.6850459156851042,0.6603132321861757,0.7903452586458362,0.7333590414032638,0.7064615301771116,0.7311452096660565
0.32602114917338576,0.6755407118652133,0.6547411243659024,0.815330920182044,0.7210516639743807,0.7015799961531887,0.688696023991727,0.7416445932113886,0.7600255158621367,0.7210617425939656,0.7175650946836424
0.32826676578426084,0.7211727264043594,0.6875656418808622,0.7929870999065496,0.7121617842653899,0.7206220316121351,0.5810811752432474,0.7501197100764887,0.7036718036587333,0.7409634139997465,0.7291887915084034
0.28847249735688074,0.696225839510514,0.6966483783922837,0.7513304262240386,0.7404364687704325,0.7121486110154739,0.6692723860162764,0.704893301793003,0.6943526342925039,0.7517968571032925,0.7426314756838823
0.3126320811848784,0.6723317364287958,0.7027087561318608,0.7737032408123461,0.7274607020595069,0.665612725981851,0.7260720068740893,0.7346310488455503,0.7177430096552151,0.7025186547916636,0.7484075990479638
0.2472155427498557,0.6754487825732809,0.6230762169512231,0.7962252246870791,0.706972951787208,0.7054276197979295,0.7020789195814284,0.7289711509327236,0.7498116390997244,0.7139911074817832,0.7594902697643269
0.2802570754456509,0.7049060055321396,0.5928148527069713,0.8048571504632756,0.668350076280148,0.7021214444986957,0.7270754886962083,0.7043731907818674,0.7603721322818056,0.7485776858732468,0.7482390270640275
0.2808516044328806,0.7044958993310543,0.6022253107028677,0.7332163115711271,0.6871782492722701,0.7299078072211314,0.7661484788306349,0.7329811767832819,0.7238841211392064,0.7687023310422552,0.6948948187467923
0.2622641898992871,0.6993952268429574,0.6219719500119845,0.7634876013539569,0.5791621452372234,0.6859556921250647,0.7072547542778646,0.720206121761946,0.7080233802581287,0.6737367794385353,0.7351984983532317
0.28158039680180036,0.7106670164592483,0.567303007710522,0.7446551995700238,0.6303371424548515,0.7125649188706333,0.7339114796069874,0.7524038044821428,0.7127681517728296,0.6871323721644049,0.7662326679547529
0.18486818826881007,0.6287112411560942,0.5285249055865149,0.775477927211726,0.697109175733426,0.7128156925608882,0.7285296310722846,0.7669509442505662,0.6660813971666891,0.7074950599456487,0.7166657008705697
0.22200838553899446,0.6466151881819138,0.6471300562496134,0.8032059920977253,0.6781373762688824,0.7182814052036683,0.6923354033532029,0.7730912130140601,0.7320652829269414,0.7215189817821293,0.6882010509396845
0.2239560444719746,0.6860973423584978,0.4940366383148978,0.7577538159970478,0.7055614718242947,0.6858777341226123,0.7619332524554501,0.7465450208065666,0.7761149106743447,0.7055194010771183,0.7039979129368898
0.30568556611280057,0.7086052319730076,0.5787226861581968,0.7773733740006007,0.7021817065036546,0.7376146460839199,0.7042337776826676,0.7357190066417579,0.764950619892404,0.7364104145554375,0.7219181760562041
0.21251825639670563,0.5799039679654139,0.6066081464974549,0.7788283888812291,0.6846132662777443,0.7504411500204962,0.7361988783190044,0.7414242412121417,0.7100514754304321,0.7521255832482299,0.7126124133803712
0.2848524178492458,0.6141834382273782,0.615422152052443,0.7853940294693587,0.6653661416942991,0.7214314536971689,0.7520280927234613,0.7499419375558891,0.7449191874833592,0.6817179060830789,0.7331694604411549
0.32799396921546975,0.614886612144729,0.6682561084277642,0.7998450913057469,0.7031383176234385,0.6275179871026766,0.7745310236276536,0.7754848473352406,0.739662996647442,0.7135181591664559,0.7452922045978886
0.26987819760924264,0.683287448868988,0.5371212587760907,0.8084663040924237,0.7483886521257836,0.6704525850147607,0.7122085598795005,0.7468143451415551,0.6503546988954028,0.7239454856923817,0.7299423138908089
0.28396328818834043,0.5709667554079688,0.6352592718793224,0.7194055927961757,0.7543260501580534,0.6868886959986971,0.7573494115487349,0.7464747462549981,0.723487392669602,0.7427002536992178,0.7392034937071563
0.31325080428960994,0.5933204329487813,0.6778652582183926,0.7498904251124823,0.7491136583519744,0.7268902586977337,0.7716835930361998,0.7496095385117699,0.7373054546492357,0.6967528654346127,0.7674491914982173
0.33268680612545753,0.6304553544312994,0.6554790613355557,0.7417001948281575,0.757542431262559,0.6796903788137528,0.7293097114548726,0.7291167214304907,0.7236351132834733,0.7061942661612431,0.7595620837074065
0.27534265965497,0.6158753380958789,0.6625092694162272,0.7225680113558971,0.6915592748008124,0.6910823244737219,0.7513128159884227,0.7816752992984659,0.6981115290390645,0.711607591718576,0.7430217845848894
0.2857805786811223,0.635204286795052,0.5682064647683943,0.7745128077917907,0.7019058675485899,0.6496190924964129,0.7244893158569555,0.7433597535321105,0.7360467008392673,0.7002956290217522,0.6973840806325164
0.330214451437319,0.6212492070651895,0.604338927578943,0.691238432912613,0.7225863490396347,0.677205058628247,0.6752722582944347,0.7398167091777776,0.7459797607080394,0.6659048361116576,0.7002192587385844
0.22849946042475158,0.6359840261198956,0.6464288010079778,0.7501709658744345,0.6871752595254375,0.6415183923047831,0.675495751186272,0.7268601539162396,0.750392400185479,0.6984809881325483,0.7101571331849033
0.24861047875916925,0.6247055995799294,0.6574225885198213,0.7585070855812366,0.6444145458137864,0.6722104375226496,0.6946661212573577,0.7044499944231748,0.7280120640042145,0.7290890931311658,0.6861715723333541
0.2656430642244259,0.6766770829112878,0.5396172669486238,0.7707132252020277,0.6475868342685487,0.629148294876867,0.7040155579597404,0.7314903989312311,0.7316007184038242,0.7042094217693313,0.7117890236596076
0.2961019937518973,0.599033086853496,0.5889279815749531,0.7760077639588052,0.6925197165259416,0.6772271004707922,0.6977844767594985,0.6691297602444564,0.7342505494730602,0.745541721485881,0.7174393948452349
0.19588462487274985,0.6412640612037606,0.4551104982134463,0.7570693090050398,0.692685399231518,0.6235814023969307,0.7217109888998743,0.677837346155029,0.7232073506863526,0.7552599799195068,0.7245967065122108
0.22871957210521565,0.6941229207853321,0.4919231332392638,0.7802546069688645,0.6675446998130089,0.6700475462974582,0.7158910100144872,0.7129933964933524,0.7810233746427174,0.7076807425896382,0.7438247167791776
0.294887966319214,0.7210473945977582,0.5363802619255923,0.743025880343844,0.6731744155330794,0.6849754283829947,0.6989861621751492,0.7272832470542595,0.7795450673889158,0.6987902612448005,0.7389031641134143
0.30815649849946913,0.6460021970055514,0.5563035423657763,0.7856844453860102,0.7266894764022436,0.6801771950492614,0.7311363441580381,0.7272247607803773,0.7109264779091636,0.7020850604612131,0.7644229863868292
0.31780985419177266,0.5795316893863236,0.5813562660956448,0.7610777855789266,0.6896972914196231,0.6823998388013348,0.6494994394266349,0.7269843998483608,0.7100480124721764,0.7279242546260325,0.7095365518708563
0.33713502393893824,0.6062501073349991,0.6131177177304136,0.7737235512166963,0.7025090624413841,0.6327001023533109,0.6841925887079915,0.7417896423581283,0.7259573896025799,0.7379298261136529,0.7196532359130106
0.25125736418830846,0.6776323649546369,0.5496512024419911,0.7677149940345723,0.7122593819730312,0.6553920590786179,0.7056868532262149,0.7469700178588117,0.744640881379498,0.7409162603238628,0.6670293390758544
0.3049165912980487,0.6494398265355155,0.5392229771260225,0.7402365964030131,0.6905547879542958,0.6649541358705469,0.6149498213553457,0.7643130926332504,0.7068361279096371,0.7476521316196749,0.7161496241727754
0.30096313428289007,0.5678785544374083,0.5238419739388269,0.76169096328249,0.7037360586301507,0.6630989791083275,0.6078806181144872,0.7348741196413249,0.7452507780762785,0.6937725690174924,0.7301632071216684
0.20971887478382822,0.5733015301152338,0.5291435054086968,0.791601566514591,0.7199282694210326,0.701569995711919,0.699337664429615,0.7690609164876142,0.6842713151844877,0.7372669582320328,0.6572897661322817
0.22660401656310813,0.5744402793207677,0.5959021489493646,0.8012616020375568,0.7134576805370044,0.6838959213834238,0.630314022810312,0.8070049112486244,0.7382861339736629,0.664502447605291,0.6889288717960016
0.24804458919381864,0.6023453519773119,0.6273694979717865,0.7898934807873614,0.7176987392721572,0.7082047737841302,0.6359994109075932,0.7834356567361408,0.7648558771918191,0.7139326083182136,0.6909423271045456
0.21954260280570492,0.6278753679918341,0.6511933467457675,0.7341472676433402,0.6922642976452855,0.7252680097127986,0.7134745392385239,0.7802444471412111,0.7819689900668825,0.6781258412482147,0.7331132403166152
0.19631444289318264,0.5680623164968837,0.5239470134887071,0.7629206595345805,0.6380152513739803,0.7187998075857162,0.7501178904597544,0.7019725005754777,0.6924274135504505,0.7173460187343079,0.7077609721486621
0.2164262074843673,0.6175706187324024,0.590378016030636,0.6746707074606205,0.6411442841064181,0.7383976963578227,0.6685736599029923,0.7357986986920614,0.7054746103175762,0.7195069752523018,0.7082130028969167
0.18622512861783683,0.49116974871813557,0.6428215652044608,0.7473948242606275,0.68077202001617,0.7419339953799877,0.6929777884798063,0.7318727428957111,0.7312695496823838,0.7518209685854952,0.7252027403324158
0.2364363313781359,0.49316005961015086,0.5881884312915213,0.750820848358502,0.6787959198911329,0.7480664911826573,0.7184751237569091,0.7355529675529422,0.7356738141800283,0.7553208534471111,0.711074927960884
0.2570245671584578,0.5360294597161106,0.564206053481535,0.7548756002219439,0.6953237987694739,0.7101230292056945,0.6951105490941734,0.7827299194130277,0.7909301898413366,0.7485404434166539,0.717928217928872
0.3123740929112736,0.5927562731639751,0.635034788981635,0.6946689804067275,0.6838274987135394,0.7397734402334248,0.71218684685367,0.78677074335776,0.8016387200315094,0.756564100841286,0.7252331903082927
0.25225867177180755,0.5584364502588894,0.6527171065108451,0.7373200940672322,0.6853821872240249,0.7630960990415083,0.7648834484674778,0.7868078091368713,0.7613390759799133,0.7238714442012423,0.7049076118931745
0.3238286117039841,0.5804548098744174,0.5663102592203668,0.7207015713793729,0.6942014885048814,0.6905802922780763,0.6900294778683501,0.6907232553803474,0.7739598908538756,0.7108688193294004,0.6671474777762524
0.24597989512527638,0.6081181351037815,0.6126179041962001,0.7729133022656267,0.7109257264413262,0.7045961351584311,0.7234464890770165,0.7271625138473128,0.7666885405672708,0.7193733930512314,0.689116573202124
0.30575097527118944,0.6458610631335262,0.6247839418504274,0.7554266416086327,0.6523950487150717,0.7136923197119562,0.7048859483283157,0.7402353293498471,0.7889635434223076,0.6874314901702354,0.708956868697739
0.2543140440361604,0.5994669417669605,0.6270445182451897,0.7627421492855686,0.6989888629589632,0.7224527939582035,0.7571534843428085,0.7781182027901237,0.7742139182793033,0.7345088682679692,0.7092210349626915
0.2809777840815463,0.6159305818234181,0.6371480302299064,0.7801853096630522,0.7128348584873444,0.6759011995593394,0.7598300200991572,0.7084523517380847,0.7785534402283409,0.7320855564460497,0.7143172580852133
0.30240939559888996,0.668776013889639,0.594042112225688,0.7190858465781917,0.7257317155757492,0.6816364521914343,0.7131642142775564,0.7307280421211814,0.739414790038666,0.6046082083789149,0.687641744961522
0.3240330156513909,0.6277494034608215,0.6637096993711715,0.6737327554691415,0.728104292960121,0.6933810777223313,0.7520281242619784,0.7441962853800181,0.6684518944581183,0.6416978972137155,0.7204125795387799
0.27255990115433204,0.6662883341987799,0.6653928930255808,0.6863940251755426,0.7319803625618411,0.7014538010952789,0.6658026961308819,0.6840657807076218,0.6701608701967541,0.7075745601599492,0.7328585786428751
0.30179008305133304,0.6785398029417666,0.6749236170335853,0.7379261792652575,0.6852112975049037,0.6946677921140273,0.7256056986962045,0.6799548522937168,0.6784218017467877,0.6947626572430587,0.6741078012624121
0.28113979111489124,0.5179858871128072,0.5683676849548823,0.7117867494278098,0.6870352946577538,0.7125862838993302,0.7646035566094415,0.6992291939984863,0.6852694505709164,0.7029057966603448,0.6777340485133293
0.28137173279505534,0.6131457794286306,0.638344015471052,0.7070449978012439,0.6874118136546691,0.7076157932279692,0.6684595567678431,0.7286544862548199,0.6659921392579514,0.7255180821140976,0.6929329700317657
0.2426132323201937,0.4891238183838678,0.5522670763923601,0.6798200052963896,0.6620307968279753,0.7089519356841905,0.6521701369045102,0.756842941774297,0.6707086690527739,0.7504168191518439,0.6532435490744285
0.20509000576514277,0.5807683702349344,0.6004073798606238,0.7031561951816301,0.6760705455123666,0.6955960817205267,0.6204612299245492,0.7615569188228551,0.6824044683723196,0.6992914404402669,0.6909467144725288
0.2516525436194497,0.529740442446098,0.5670571499851487,0.6812267602738964,0.6856183590743377,0.7357118097256456,0.6674219418281846,0.745208308202674,0.7143341730043886,0.7057234238096741,0.7015084175560138
0.2308767484113107,0.5925061413927869,0.587918617483343,0.7231248364842464,0.6947515215987494,0.6985766621425924,0.6712777433450119,0.7444861659005949,0.744015159191425,0.7121189830643564,0.7162904912050351
0.26313650006792194,0.5380375290453615,0.6142241736011724,0.7702651670357001,0.6843094919824346,0.7227761191085166,0.6942875023784447,0.7556282111065094,0.7872527060661751,0.7127458650845857,0.7664618063151123
0.293188968364568,0.5688743616434111,0.6574812906407432,0.737235452069494,0.710563285772281,0.6729109129975416,0.7037896187468168,0.761984989825328,0.8046995385647921,0.7292102065650297,0.6955942083648164
0.2965153619358044,0.6345098295126801,0.675380092679579,0.760705773167909,0.7191781368260897,0.7035397394763782,0.6949658069339648,0.7135105335452869,0.7102685897222673,0.745082982211811,0.7067505796523457
0.2504498100544611,0.6761574643465748,0.6950199457527079,0.7578247061926097,0.7270128179630319,0.7445722129845569,0.731312429652643,0.7379110970077898,0.7685477651503944,0.6827616658073704,0.7259501542520739
0.23263205395289524,0.5580678874480275,0.6033143951921477,0.7147971385148179,0.7065810328021079,0.7214353875031856,0.7417306408403049,0.7199387638269148,0.715439208453629,0.6837703000102193,0.7715859788672692
0.24566718011287703,0.5677844753099393,0.6158782914504812,0.6690569264678036,0.6369644906889689,0.6448858755015421,0.654900668522388,0.7432349647145311,0.7439565262989555,0.6109473564055691,0.7748189923722384
0.22892087984687762,0.5776163029913338,0.6447738869302259,0.7159793088808133,0.6539908261375444,0.7083550150611017,0.6990471469779334,0.7663138470733522,0.7171379940884662,0.6687382650894282,0.6225125873567663
0.26533049755599514,0.6258586904794408,0.6369046155233524,0.6860583843775874,0.6842082551196156,0.7156429615987117,0.7101842841525701,0.7596468737344452,0.7688832214688545,0.6888024906957847,0.7213396997882819
0.281543425855722,0.6371299173401348,0.6110873355083253,0.7420069681715622,0.6613487389370384,0.7438527210839773,0.6555885042621795,0.7292316727017341,0.6966334533901402,0.6859816514215844,0.6759187023252473
0.28200180001759534,0.613881563876743,0.611610084761623,0.7237570942800811,0.7052281073927149,0.711488244520881,0.6877002762064102,0.6908409944288392,0.7468594763944636,0.6828283102916662,0.7069010369648231
0.310201452583514,0.6355087273412492,0.5413142454307427,0.7227767776809955,0.7190203211932431,0.7048616683219382,0.6474652286029725,0.7171415377154334,0.7538629632943378,0.7179987231720181,0.7489494331326012
0.24696591759587208,0.6494489585612366,0.5643644621640878,0.6913970117963835,0.73079532085392,0.7166826452466439,0.6799384620682423,0.7234662519112782,0.7109479905205836,0.7509976204865613,0.7033108652202997
0.31221350068348763,0.6731579275273563,0.6337201816617135,0.6934570165395428,0.6627126689239399,0.7270761368270818,0.7204214123007062,0.751177751367913,0.7288781491310038,0.6941350223814869,0.743105913273288
0.1820200471044895,0.6255069502433356,0.6022599143269483,0.6901816807550223,0.6721348622483151,0.7392060346936862,0.7541874441818703,0.7910238200915405,0.7394822199040106,0.7108216946551832,0.6905799277177678
0.2497076423309275,0.5824345431108815,0.6795449073876713,0.7268105851731286,0.6907911879485561,0.6961886415966224,0.7697378866831572,0.7651641220260289,0.7527614480893776,0.6785388575386803,0.7138745977613601
0.2536591252436171,0.5710573004908016,0.6372546832443039,0.7545105235127845,0.7021722900198646,0.7146721661781563,0.6976939255718344,0.7205806175060416,0.6807194141719006,0.701361793327977,0.7339645193076795
0.19179762413462678,0.5852865826402985,0.6760993439997937,0.7366350784145546,0.7023498505059027,0.6693807021027365,0.7166284045108291,0.727660473722652,0.698917391636555,0.7078039525707451,0.6984693062597684
0.20037997655028905,0.4875577730886698,0.6794248002604161,0.7377600742655404,0.644619631850257,0.6942920184442074,0.658003367876097,0.7377444863600577,0.7150583375124819,0.7167138495754853,0.7041742824524787
0.2618220946391214,0.547791629539796,0.6098305301387649,0.6904697211788572,0.6658740986182403,0.7125137504563157,0.6912157007622284,0.7547997002035036,0.7455705760791123,0.6787987242671134,0.7247933172049152
0.30199394424233994,0.6499723644913978,0.6299743092604823,0.7500179323224445,0.6959839213080306,0.7322438211898669,0.6739603819818977,0.679199629553307,0.7857667771511496,0.6906002568021539,0.713187612349122
0.23270872433328338,0.6676370143594819,0.6564922614993097,0.7513803047976835,0.7167954043466471,0.6817595647543655,0.7027653210593509,0.7047181113796228,0.7594562272161285,0.7062349708286382,0.7233412514110436
0.2880515730547324,0.5479044969022879,0.6211255689417983,0.7858740341812608,0.6961820438958494,0.7045736461736036,0.6037101278563185,0.7401687031944298,0.751012823004102,0.7197013085742748,0.6769647255279593
0.31518923244419605,0.586414279708156,0.6232248818283657,0.7516583925288981,0.7183622475344484,0.7426577954203352,0.6647946051370159,0.6720087978713501,0.6958701691113245,0.7575208293478696,0.7152839185163709
0.33741999664124733,0.5665352534160731,0.634599843844918,0.7544489107798953,0.7189698347523328,0.6378717191226578,0.6708895558917234,0.714057003364743,0.6656631688998875,0.7610738058095946,0.7292056557990514
0.26064831448355896,0.6462352290094977,0.6548759159654172,0.7606929109545296,0.6912407712464262,0.689069746701561,0.7121962600919439,0.7049398447753193,0.7403655155456496,0.653000158390266,0.7166239173132459
0.2752303267954631,0.5567032072385278,0.5662979572609222,0.6948137514390144,0.7215137338370561,0.7233095713103594,0.6709630152525323,0.730806303700446,0.7441695076533433,0.6845146117317421,0.7317395226378898
0.2695725824095425,0.5918061406460571,0.6448083692320469,0.7337846520107527,0.6335721088691313,0.7307046329361578,0.7071193190709045,0.7062783669545488,0.7411138801786016,0.6995729444388793,0.7278999439334525
0.27310166346136744,0.5942125520391099,0.6429151670093048,0.7190644056610602,0.6800326939082033,0.7413800986469694,0.721190390667269,0.7292152392536763,0.7234385437601106,0.7036208898567651,0.6514968189943948
0.3300091184001749,0.631349561059883,0.591073807429839,0.7256754572879158,0.7172633169030371,0.6803689465707287,0.7121466361690928,0.7030521085078847,0.7214381811356539,0.6746833472306943,0.7218617890975136
0.2738857192024325,0.6485998543364955,0.487089403113393,0.7624951376975928,0.7298079751142421,0.6939229934671507,0.7635390803392851,0.7557574498953039,0.6907305700954672,0.6636394341741346,0.6516156320754698
0.29235160378023783,0.516362614752665,0.5278866374191264,0.7132161964725081,0.7414629306522411,0.6482602511339087,0.7515463650044532,0.761026542683602,0.6415255026041577,0.7259598493455002,0.6847535389370122
0.2947421624400718,0.5248339818162427,0.5590282182353759,0.7248755205882176,0.7605256511812827,0.669454862951177,0.760431283359575,0.7712246767070083,0.7044598851834543,0.7415564575479918,0.752181361823437
0.3033607057845513,0.5567459554296392,0.6012711554922736,0.702350668539587,0.7802325370956331,0.544913280011129,0.770273320501768,0.7806315917112278,0.7181329746265175,0.7329102706632907,0.7581711489134468
0.30792317716934464,0.5981943600189431,0.624579080262293,0.7097909321005411,0.7674193288735973,0.553796581811727,0.6976411943054625,0.7577201907153517,0.7288399395306427,0.7058299058809019,0.6980836348806443
0.22518195225581428,0.5884292226662576,0.7056707461227945,0.7218341060088229,0.7524482672502313,0.5659234462969915,0.6060407311922149,0.7330126729470815,0.7654076044942519,0.7253721423515218,0.7312212133497351
0.29063781707896097,0.604809858628649,0.6771859120498314,0.7346164721884689,0.6378012790308216,0.6384871264888177,0.6037804691603235,0.7500310681872084,0.6745695879355125,0.7101340207129894,0.7418166111572094
0.31141345258420844,0.5969586862588612,0.6331650744646059,0.6637693837058006,0.6605063584555053,0.6494809150569496,0.6552094923499127,0.7374533351171584,0.7176837468410299,0.670962219082455,0.7688219099890916
0.20821888610561473,0.5928665658577745,0.5584706979501398,0.6854279261143905,0.7198444860032189,0.6999488687762718,0.6935946576998318,0.738655375872121,0.7525529088561739,0.6860605456166672,0.7405858921772199
0.17901392165253327,0.5790944967631118,0.6049327186155234,0.711260204110718,0.7156063002890085,0.7327030086758797,0.7038754716843625,0.7737098092289652,0.6903084107478793,0.6808001245425823,0.7705251905150192
0.18706457756153239,0.5980299134372342,0.6669144811094692,0.7187140286104408,0.7113532084116019,0.7151154311685828,0.7157266194991942,0.7763295119927409,0.6944420270707593,0.7077840008021092,0.7619949192265056
0.21900601042809026,0.506183628043882,0.6316300941306062,0.7341564816326396,0.7498707107683485,0.7043551169411721,0.7346488109935234,0.721054234525877,0.7180394558173319,0.750342839667541,0.7054906802504817
0.19797465361561375,0.5244080307578891,0.5919034209719874,0.7003896569623306,0.7708473321189003,0.6969411849765177,0.7271296652566339,0.7459525078435665,0.7497488739640792,0.6877713404552064,0.7270462724754738
0.24118670251821955,0.5437717721010933,0.6115799698702555,0.7117963271023193,0.73745935139144,0.7112277636157656,0.6374719138848446,0.7770449817859484,0.6621437532902688,0.690569377167063,0.7273507142058431
0.2692683702083438,0.5784295772596251,0.6555313745051725,0.6576420735748928,0.7012689062680569,0.709922322975987,0.6899422768493417,0.781938173229145,0.7056703388561275,0.7212125953530543,0.7294576879324588
0.234519754779989,0.526136729371033,0.6845735298458285,0.6862623937609424,0.7159048379370244,0.6916768262218046,0.6905910333899546,0.7306947294636418,0.6377975652229472,0.688653367204711,0.6939651535305464
0.12399391604426768,0.4662445186874118,0.5302860680283535,0.6751759762459636,0.7327234079869146,0.7246475449455214,0.6972057096789406,0.744294593918234,0.6629782998856466,0.656636891392642,0.6883358181385448
0.15044585745886274,0.4847108585163693,0.5491325385231973,0.6635110773379903,0.7403693768707953,0.7196580233115124,0.7381027597306902,0.7515502244005364,0.7027570792530645,0.657876490000134,0.7294670800763956
0.15057455818189658,0.4878955800188256,0.575218386762985,0.6828111807427489,0.6924279857863633,0.7285919648144533,0.7369625590411735,0.7170697911016507,0.659920681246248,0.6871888856502143,0.7174269562677414
0.20350852666468133,0.5039757750739422,0.5790688719235606,0.6845730960218304,0.7016303349004295,0.7047895806589605,0.6948785136183128,0.7422642537063504,0.7037006203583688,0.6509081769314653,0.7423099822588708
0.16391946228801277,0.5363917787411127,0.6309902147689626,0.6895426856091755,0.7252452916236414,0.6890635214292177,0.6642891191078415,0.7426712407395661,0.6677604514339633,0.6685682410396123,0.7092386665036493
0.16483211857640073,0.47555013296657833,0.6563437088698036,0.7071215830201028,0.7442735426713535,0.6850661021526798,0.7056202588590166,0.70403011578782,0.7043358302932529,0.6295238445655583,0.711134543526621
0.2033263145376738,0.4918816333443654,0.6150915562878261,0.6597076113551208,0.7306474402463963,0.726099960582784,0.737272634048224,0.7394955918647318,0.7252347649925232,0.6599293133874924,0.7572519825408349
0.16794802555173058,0.4724598534671411,0.6506842867063588,0.6095921753254592,0.7514759214927429,0.730554953027331,0.6846698071603419,0.6720902367246694,0.7559657166870795,0.6838572644928116,0.7354711311286696
0.1622902764515622,0.488417061511516,0.6502862421981311,0.6695747127472764,0.6659008079375887,0.7316686546524249,0.698265504784571,0.7071576391789285,0.6890638835548789,0.6595004341420078,0.7235711859014131
0.20841915501351713,0.5645691580038805,0.674434497552769,0.6629384802098534,0.7016936834334379,0.6932158266663677,0.7164253958383514,0.7211385032931834,0.738088227590927,0.6705146903820542,0.7362204487918219
0.21476043685340468,0.5805924424139682,0.6199247811061536,0.6606140548473151,0.7049254857563549,0.6470437246496041,0.7183174293446803,0.755868236606217,0.7181777963860507,0.641926315156364,0.7291477413944424
0.25783103462506707,0.5874189568626355,0.6353209722780186,0.6613116477767789,0.7324264760585923,0.6905221162980899,0.7209127651660547,0.7501791113678308,0.726614665896141,0.7090060476931671,0.6966780784765035
0.2012429677350247,0.6099843781143517,0.659341248945356,0.6313176953356444,0.7182526699494532,0.6366712073911659,0.7330290515685776,0.7661862045146863,0.7445453549828172,0.688964631451914,0.6989416980159266
0.10383834814536472,0.5488029909127564,0.6014787127275032,0.6458275268517211,0.7077090253028288,0.6732926845201461,0.744588930345109,0.7433624553211656,0.6804803969373521,0.6904396142200386,0.7327238828001379
0.19392595937462898,0.5876604264613408,0.6450546449943553,0.6504261093493193,0.7093785481196899,0.6809937113715746,0.6276129977603131,0.717472812945187,0.6189190875724273,0.6746185648878631,0.7574722883310412
0.0840064913257437,0.5580307619439052,0.6298367753064832,0.6789787397322564,0.7197511291024938,0.7096395694508135,0.6842549881417923,0.7007337770124766,0.6864493190473246,0.6717367685122164,0.6984801901510402
0.1259939954477764,0.5768725903786921,0.6564697193058372,0.559429370939217,0.6407860521986132,0.6978805497388134,0.7352443682454175,0.7123219824076334,0.7078453497321568,0.7029057712181499,0.7329372336307636
0.20521229784561956,0.4507668274511617,0.6808796848361315,0.6284719558281315,0.6743867976302202,0.7266816699777741,0.6633013671421094,0.7358736207161799,0.6917392006160719,0.687524165592303,0.7390072745391341
0.20812931541141028,0.4909233089311874,0.6678069786751186,0.6911390128611539,0.6842167985618235,0.7468534658742625,0.7137868049024516,0.7018742028457211,0.7091796828665802,0.704270779425085,0.7010265677467887
0.16278001922638,0.49229552067741605,0.5608979734267714,0.636085782489381,0.717160724501728,0.7194699694668989,0.7347403464897667,0.6259642321975846,0.7163123288035829,0.6240438073614394,0.7135251724311462
0.13941725555328868,0.48213431721554373,0.5183313131629653,0.6361126282300815,0.7166151532666405,0.717154614731759,0.7002448599987892,0.668359166338195,0.7476052543150105,0.665377863442953,0.7167515201743702
0.17695459595604637,0.5233632458265499,0.5434442170347988,0.6925010077892666,0.7309435218466573,0.7351798291539502,0.6524651658144076,0.7128978404076514,0.6977024499205248,0.689505647224716,0.7362373505798291
0.19876163440057942,0.5436293507763915,0.5742375208376125,0.5754680698560173,0.7401897473750538,0.657649776989105,0.7103857817616788,0.7350753963938691,0.7300422864630257,0.6855773284067556,0.7535062521142398
0.22088201650869488,0.5420872569458259,0.5875747743099449,0.6252542884511176,0.7045251514791305,0.667939049639805,0.6314742885948038,0.7671335206617445,0.7384119552873627,0.6626327211816724,0.7074032260630776
0.24231547393735223,0.5411246215903985,0.666022610386936,0.6446241355406392,0.6781278507390025,0.6829886159460019,0.6863197046792305,0.7185596435386561,0.773428819941135,0.6915422115161383,0.6819214085526363
0.23719219350042806,0.5435838272007781,0.6726251386480806,0.6260965047147836,0.700912163718702,0.6896587059346513,0.7184639701840086,0.7110353850862291,0.7091466362141329,0.7392110082245409,0.7072101928304662
0.2076861295491017,0.5548857584913218,0.6003605825977011,0.7011709132535403,0.7339608802678597,0.699547287755123,0.7087511903386841,0.7123347495788656,0.7278823522873252,0.6577412061610601,0.6913243203245507
0.17344588861502816,0.47924973243585905,0.6363931252807389,0.7048808569895701,0.708452591680622,0.6790084366183097,0.7277856863475276,0.7302497423028316,0.7197596611189879,0.696074348223048,0.7082441827583745
0.23073520322902613,0.5041067377868212,0.6575527351134685,0.6321346308538089,0.6807097823023036,0.6766544213211313,0.7388249405547385,0.7361386672594253,0.6500657324285173,0.63822746667762,0.7250764286017737
0.23489601130081136,0.5400387803703902,0.6457711898408203,0.6228873039075387,0.6685898887580707,0.6625973152678876,0.749499746357958,0.7121075740985396,0.6874805160739083,0.6828970049498664,0.710617066498527
0.2117410381387186,0.5017155639037677,0.693131004253478,0.6741126256514406,0.7258020756114352,0.6761218192998721,0.75703027737165,0.7148750631550054,0.6951575568856645,0.6443615044916857,0.7128308981022919
0.23567815816039034,0.5460058687357504,0.49288481941122114,0.617625014461756,0.7325555081643805,0.695989704729175,0.6795752988048265,0.7244247477968373,0.7092939467510424,0.6466970040060496,0.7106500264652607
0.2283993338842952,0.5655073201883778,0.5282843894235637,0.6515047406631898,0.7172462228195288,0.6987597336872554,0.71445799308099,0.7028977603239995,0.7516510726911043,0.6673353548558802,0.6808268413378733
0.1509250969354052,0.45003399782508074,0.5632043633705787,0.6835292142891332,0.6458492981360999,0.7434259652988258,0.7705919121150662,0.7579463600248437,0.7747680168758908,0.6655590775357575,0.690536658095138
0.2084222951371787,0.49590161018141865,0.5939731703361579,0.6503387303848817,0.6727627834600794,0.7290472154992771,0.7686549867552938,0.737327383905352,0.750833782155383,0.6867258208962863,0.7321575963604768
0.18092895340495674,0.5093064729171599,0.5930982454594764,0.6211532515571185,0.6785694225583926,0.7327133578249626,0.71930674688653,0.7392744857435971,0.7691316638682505,0.6374307888042599,0.7655147507105748
0.20211934473410437,0.5132685573062011,0.6260721583367186,0.6231440617266181,0.7217145277607137,0.7623620747904458,0.7376943286426665,0.7415844522051281,0.8010676409005173,0.6435178844925202,0.7262902834197229
0.07039702188860396,0.48651307696762497,0.6551088552518878,0.5934806139552572,0.7212462654341386,0.698703561982805,0.715648943414316,0.7770479846880072,0.7638061026706202,0.6689766366722144,0.6725522553874171
0.13933971152842883,0.5424203340200286,0.60379613563948,0.6439797571099716,0.7006692259523974,0.6996861235466405,0.706843629498138,0.7104753812894495,0.6864792307221008,0.6781521054176913,0.6646310967991698
0.1958990418991354,0.5668918690181413,0.6357660694062889,0.6777842808169062,0.7402195547960964,0.7155211676313572,0.717505662742774,0.7241992818683651,0.7073388385735508,0.6570239550458189,0.6948736535866674
0.15732984784530238,0.5280395128934637,0.5939555323820132,0.6391217004247043,0.7282267825715258,0.6931768004518519,0.6900550247953359,0.7470859280048018,0.7492613749668677,0.7028246630180421,0.713014063853014
0.20032494015774782,0.5333083100712277,0.6284321627266903,0.6602339422282453,0.7058721763223086,0.673941631209801,0.6588749066043396,0.7228331201106749,0.7608709841841148,0.7267455507824199,0.7221450069312263
0.21769182752489336,0.5433948330202101,0.651288352945109,0.6962909607453232,0.6915822400308009,0.6881437831562778,0.7079348328659755,0.7043124359788875,0.724390369989705,0.690537764914067,0.6368988741532196
0.16376675371190777,0.5120493233348105,0.6062819706811087,0.6546136320053352,0.7061415732894176,0.7140886546423786,0.6773730646568389,0.7166186043612408,0.7001358353126304,0.68403829857595,0.6393893972736264
0.24692309382810712,0.5184450003008441,0.5083626896919865,0.5902966062370392,0.6986593331053175,0.7160240840644845,0.7259819402678247,0.7113419859214405,0.7192299940339095,0.6906669027997011,0.6839855841075746
0.2248193331007294,0.43227981836997875,0.5391141573785447,0.6436733497582969,0.697587972533508,0.7185179677024991,0.7436368365606385,0.6785987766031844,0.7425832087280312,0.664033043554182,0.7421374173286495
0.22511722469483184,0.4894998658760274,0.6000870368009223,0.6503604241964178,0.6780064029541856,0.6479419252319495,0.6957069707391934,0.6930678486540488,0.763121718555057,0.6975345317830748,0.7203708247440586
0.18742234111634873,0.4158899238509874,0.5107737209429956,0.6027245010413652,0.661468999519637,0.6992393007225319,0.680517439480632,0.7193243957292161,0.6679996417869293,0.7006852909062834,0.7223485589111414
0.2033660506068967,0.4544143955850465,0.6140201357712582,0.567287654104873,0.6659271857727953,0.7097466729034909,0.7137222188253938,0.7416761328209087,0.7254048517464751,0.7371753675756355,0.6802465860403141
0.22119382811445332,0.48938302572007686,0.6688683837908875,0.606828425122448,0.6375513854056132,0.7104599346019036,0.7140312805739798,0.745300563556404,0.7167322530353526,0.7524429611963042,0.7034980252425191
0.1986761386100487,0.48875464972434973,0.688602922084808,0.6426237299222415,0.6788455907093471,0.6457633116990149,0.6193139357891875,0.7634587379422053,0.7182987576767432,0.7600626429334374,0.71909214354442
0.20294645936340702,0.5450757708507408,0.5450264886514512,0.6481666616307145,0.6965343616683849,0.6723033597651095,0.6917189393407213,0.7809277034240856,0.6597166351228045,0.5754706019369592,0.729072460567828
0.13169809084453304,0.4563468260045894,0.5854239549319108,0.6051720520380335,0.6691207712027311,0.7004605496499792,0.7390733547468602,0.7122551089626128,0.6350180732128328,0.6435930731180243,0.7337973232810401
0.13521926425686717,0.5317624655378512,0.5987160131447345,0.6719806639152954,0.6900599447818087,0.6387951585692169,0.7157649608501873,0.7384490488473698,0.6688989315428318,0.6590987444877481,0.7130660319958733
0.18600614431059556,0.45057288702178583,0.5690342646939057,0.5959614863361135,0.6639885633754251,0.643335422521874,0.7110554510411147,0.7542501833980029,0.7152450435461972,0.6962484784372747,0.766133297736074
0.21725871092876253,0.512251641149198,0.633084293177405,0.6449965751651432,0.6746670365391763,0.672053054657761,0.6126653181330207,0.7330412741710348,0.6620113594647167,0.7094196216834333,0.6872976966998378
0.19151979413496176,0.4758638637094819,0.6535668888604262,0.636798685994235,0.6737284867681691,0.7226995965397622,0.6859792880121358,0.7217904027082379,0.7069338458925776,0.696510148704557,0.6772103104564496
0.2002610137823725,0.4989704268511338,0.5999015417784335,0.6698743632387286,0.6811451820635316,0.667024069207759,0.6761543368973676,0.732201795036322,0.7567485550342912,0.7197871083172782,0.6992067068363675
0.22219633160673738,0.44729477767969666,0.537176959936111,0.66043705887152,0.6523741013478248,0.7162142436694741,0.6941107933639981,0.7452860015569197,0.7611094219436386,0.7092110705040375,0.674808230083228
0.22712831237097494,0.36112897903221003,0.6022823153149678,0.6886317679059275,0.6586812020324735,0.7306274634788771,0.7261647530785472,0.6921790419822593,0.7344102890387014,0.7311470708580345,0.687989802912973
0.21023433543360764,0.4173008228448521,0.6128124564281243,0.6994133591817515,0.6998288870926971,0.7353486937730975,0.7654084605235378,0.7230674364976878,0.7027721603506012,0.6570347750137202,0.6882032252195183
0.24478396365479677,0.47885493364714793,0.5501287723672753,0.6801003767691401,0.7206471579354385,0.7434733650837728,0.7151943109035399,0.7345746947533824,0.6791342638803304,0.6615495528669333,0.7120140079789384
0.19669309306283742,0.5022686559721279,0.6108557333537461,0.6781746848687266,0.6012587840859026,0.7081617177462597,0.6664793114627423,0.7139621122403231,0.750797237553775,0.7040549807502028,0.6835345325860777
0.18074652419420772,0.5341416143887625,0.6244612784651484,0.6611903429485301,0.6473785415270841,0.7107573075448705,0.7152487797061285,0.7313545471992037,0.729470845861943,0.719122329279184,0.6895347323526797
0.15102537471340496,0.4275100135842986,0.5672561848660307,0.6578454881465103,0.6499082912434373,0.7060810156821772,0.7375655573100004,0.7525225308911805,0.7752215822041364,0.7281744167751852,0.6951238783773883
0.17310921047013045,0.4639091158935117,0.6126517158716422,0.6430000137838127,0.6926522117134772,0.7465924604308074,0.6920430366318815,0.7456447994729167,0.7434426325949194,0.6571466034493194,0.6454769118170615
0.1867117190693416,0.471261294291039,0.6425490110013925,0.6527428900983144,0.6765184459679776,0.6886703084626496,0.7399381618439184,0.7205493759868662,0.726722049576436,0.6910521149300481,0.6724243978811912
0.1357803775931269,0.5117966433892178,0.5631223798405982,0.6611596031302044,0.6015638560048141,0.6514970082710883,0.6712003492015616,0.7133934335964999,0.7071164131195927,0.6950162946149827,0.6958386739211575
0.13771540605637111,0.4792589801716304,0.6023634738684907,0.6679800156617945,0.654375378087535,0.6654953812108344,0.7236341533292261,0.728027894433505,0.7389105797393256,0.6393473209743883,0.6979503609176878
0.15300607717137926,0.5035307911166783,0.5899104133137713,0.6474259094826097,0.6756813966798066,0.6844696947873306,0.7240993662563666,0.7549651536483765,0.711382791108647,0.6887790342147269,0.7204181717144629
0.21759734840713504,0.524343663887309,0.606846356434029,0.6498384886610726,0.6988329305148077,0.6813769937137332,0.746647333844813,0.7238344106886313,0.7176587012835751,0.7057289084328732,0.6578922743095184
0.2320673769089342,0.4832239825047383,0.6242222607586141,0.6777802132487016,0.7186146386349233,0.7021317303529662,0.7683226112384475,0.7182564986855732,0.676911380254015,0.7430152545309442,0.6949099134235528
0.20167434874109025,0.5024005268913538,0.6679326286856582,0.5922099940771662,0.7256086293326958,0.7123978982479366,0.7375729588619222,0.7252615831214198,0.6954104586462306,0.731157604479406,0.7001740292720416
0.2016146662228098,0.4911859317973957,0.5406522565481048,0.6088182096207537,0.7215076465879541,0.6979356500361757,0.733104710624689,0.6720573272666586,0.6822073620125542,0.6889979621612611,0.7015597537378557
0.20908457994183896,0.5197546955189689,0.6312386540800619,0.677759591745758,0.6271039339217485,0.716643302380981,0.6993713360335059,0.7313303642071349,0.6612012195300867,0.6633724983694005,0.6218630962827677
0.1481908047520245,0.5376777106110393,0.6380030834068335,0.6505018711778368,0.7044864402406272,0.7053737722411952,0.7262682856393436,0.7818530730867176,0.7179205922501131,0.6989844020101577,0.6613479923868685
0.17558575998514594,0.5116130189488051,0.6126597638566241,0.6563013647565663,0.5841456313333031,0.6822944132465014,0.6418173966025879,0.6861411547616354,0.6358400139763201,0.6738976811728995,0.663756335247064
0.237307979776749,0.5485349366704274,0.6552948156594033,0.6612788040708062,0.6195436002822456,0.721151800138842,0.7094955449467992,0.6965452071006828,0.7104505466051774,0.6640743615624,0.5915096571732675
0.08339676475357584,0.48843319374834565,0.6729457378348488,0.5822348855068403,0.6574375484262147,0.6548771118196957,0.7053080325518741,0.7325126694037682,0.7452835089476656,0.6930651823062036,0.5954547790459725
0.14739759785870374,0.5106037232828596,0.6274502035684104,0.6160061967155686,0.6793654176609156,0.6846846466668878,0.7439664725586611,0.7524156551735246,0.7512779477072415,0.7022082824139959,0.6343566891826132
0.16283441577389113,0.5280317037683923,0.5401346299534422,0.6309344752327102,0.7078196358858087,0.6912432007580886,0.7246203667185169,0.7241022619729609,0.7219570837864704,0.6471674715019311,0.6687179659086715
0.2282665368786446,0.5467816327532748,0.5962023496421871,0.6503417703958461,0.7171073546511056,0.69240897662681,0.6518728973091469,0.7523768690573553,0.752436610620306,0.6590496490462632,0.6780868907758211
0.2673016360570846,0.4641644323411387,0.6074674521292562,0.6019207617448447,0.7305454401537033,0.6927652545913874,0.6952969049872273,0.6850615744547586,0.7653059215390081,0.6882457121806823,0.6331118877578011
0.16917676980553467,0.4331408588541176,0.5784339122342127,0.6016123252427711,0.7189597802299931,0.6804042018691464,0.7316392514772938,0.6817744626718015,0.6708912580752528,0.6610993143617624,0.6568699019791733
0.2266658046802954,0.5494541002001901,0.6082346962728532,0.6206985789413979,0.7271794220915505,0.7128892477984687,0.7378607612236876,0.709385548269195,0.6837131773236702,0.7023822515086275,0.5964912958938106
0.2526484844158968,0.5664411252572854,0.5500490929198668,0.6749644792387787,0.7326721387196375,0.6980193913438284,0.7315777576947532,0.7316788404590846,0.6789563539601238,0.7190801651349686,0.6153710081166744
0.18827807603165544,0.5901704977488956,0.6452056213187554,0.6628411011297203,0.7048860543804586,0.7367870771391279,0.7031629419672104,0.75543292789871,0.7020778835870845,0.7335712826458183,0.6239417853404817
0.2029422069008474,0.421661905002174,0.6511688788446234,0.6894688062327075,0.6722486117339663,0.7283376341753363,0.7374027314068398,0.7722017498134146,0.6961223153935248,0.7089239889121285,0.6587251868406994
0.17136805366319063,0.4172117630452847,0.6671065881101242,0.6351473639768513,0.6916676177351829,0.7381074780863698,0.7503041720209032,0.7094699597060696,0.737014500968824,0.7224543927277446,0.6675669019760131
0.2193176836197739,0.46683636711084053,0.6955150196669901,0.5852901638146365,0.7094962057326402,0.6555044125986851,0.7198612583700112,0.6840815273106737,0.7499671136732885,0.7135530980399761,0.6409724233460519
0.23767824375588475,0.5562237460656319,0.6588861031462748,0.5972365544279576,0.6633523055592224,0.6974961906202639,0.7490550984107655,0.6890701065021563,0.6633161153171648,0.6897770978521042,0.6744188574523404
0.1983160969522096,0.5214072122854583,0.5999425956826229,0.6646839746593859,0.6777941038770798,0.7312951344824972,0.6670200269624982,0.7075940711082849,0.6608800910452278,0.6486808048388775,0.7192807812460982
0.2179411206530775,0.5391017937285854,0.6079359181893402,0.6738397386552233,0.6974519567618004,0.7431526022208175,0.7024118231581487,0.7141986037893817,0.6818774234078169,0.685245914682316,0.7331880642055066
0.1376168186100748,0.5310586204288941,0.5930210520112347,0.7052820812444395,0.7308212222240559,0.716759786031688,0.724766960752713,0.7588474784307262,0.7074684196522971,0.7239505193874041,0.7433951619744701
0.18192072140800267,0.4809582183101534,0.6224428617588382,0.6283392426819122,0.7384741715837481,0.6588152850667045,0.7131903759612043,0.6530698344108212,0.7247646170978825,0.7316431916761033,0.6452292467343802
0.15822487291753226,0.4109991818026315,0.67236487694889,0.6851349443586419,0.7141362257393006,0.7161573446530243,0.7537983348776995,0.7180823804164251,0.6932998991930258,0.7281837454394797,0.6623016953895904
0.20487656945983673,0.47407282817980717,0.6800434434811482,0.6168086735141002,0.7376800298186399,0.7003032441345812,0.7141039541590878,0.7389683849673672,0.7019603378273837,0.6712155924863197,0.6696802319274207
0.1461933779046701,0.43938828380356604,0.7391280180574151,0.6566814972107082,0.7582497527014278,0.7147379932439215,0.6755839687166549,0.7574184588648241,0.716371620133086,0.675432235113338,0.727761050509512
0.18636898945636618,0.4736980627873857,0.7414052569579123,0.6385797258415927,0.7013094111689915,0.7338574598119183,0.6996680178896756,0.7213728525323372,0.6847332551769256,0.7171722092368981,0.6756772878774642
0.21283365158635298,0.47882260374319296,0.7046268724634527,0.5572381118919286,0.7185591373492565,0.696713906675384,0.7296798935619417,0.7173054256668536,0.710325727231973,0.7147115974963383,0.6459916363609581
0.20064609324995994,0.43388176318809835,0.728295085152547,0.6339163198951092,0.7093415874362919,0.6975817424814523,0.6604775449206961,0.7424206698431263,0.7212681707900184,0.6316152557853929,0.6468733911463362
0.1696838741690506,0.47753500843516594,0.6553185955673932,0.5910352885910168,0.7235157513204739,0.7031600529747286,0.6897500361727463,0.7258784695221454,0.7591159670697893,0.6838154107777294,0.6655728535049434
0.2236806143442629,0.5025267331842078,0.6775412413700421,0.6432702330980486,0.6701297030484413,0.7094307411966136,0.6951356225962187,0.7469599376393548,0.7270043483889442,0.7116886884472556,0.6863991616506069
0.21359114200377632,0.528012731617252,0.6791900714737569,0.6185702972888274,0.6738983357551194,0.6962480801211887,0.7022967162204653,0.7763816183542037,0.7031084585218674,0.7346641641343564,0.7031933425519358
0.21950904919142303,0.3141301800019744,0.6275779135632829,0.6612323466200003,0.702333680513471,0.7186057417504117,0.6370505425514493,0.7490667369246594,0.7308107778458661,0.6793445420580336,0.6616585511764193
0.19278675495134448,0.4384529721953867,0.6483676155049016,0.6529745838552488,0.7098115894470174,0.7344009611326847,0.6938167164850024,0.7269759352231573,0.7401222996179991,0.6861813168759364,0.6627521286164735
0.2480067356004395,0.47916870933269934,0.7049833044175671,0.6627278929027018,0.7237182930294053,0.7311811394139603,0.7199596743414745,0.6786210716316069,0.6991302332419231,0.6475527434637854,0.6793996240679359
0.3017287397576358,0.5554835177814053,0.7555982926793687,0.6539742020667444,0.686646268252037,0.6844150921431643,0.7378513842498917,0.6918748365414618,0.6878216896725187,0.6944758480500373,0.6548327714479343
0.2609295503986384,0.5364220395655561,0.736268581508141,0.6587115951841719,0.6976092337399356,0.6903089450826926,0.6525206168160058,0.6836245175206935,0.6814591859503663,0.7017766467526718,0.6652450211065433
0.182983645113304,0.4395837450872316,0.6244967629057523,0.6375991475431136,0.7030537324973567,0.6948408046817569,0.6673333561848092,0.7439416716223077,0.7106220035778794,0.6872780934044141,0.6506629595746524
0.20326403586762,0.485082778048318,0.6325811685741738,0.6276901933335862,0.7305510553551245,0.6667554317838639,0.6716714401523204,0.6614824058177621,0.7200186824864014,0.6754715455198519,0.6654909545750929
0.19899606957015692,0.5059856566267021,0.6569054056829637,0.63114307233132,0.7336538008074678,0.7086337414527129,0.7110286895790907,0.7095875084290317,0.7604641815326315,0.6859297843031215,0.6186596123664856
0.2307352461920399,0.5544233796488168,0.6879244417320602,0.6505416794696315,0.7219598063087571,0.6716568070739232,0.7201077597048974,0.6497874197037408,0.7298622801818451,0.7100865931862457,0.6841190401531183
0.23884677430156984,0.5400747563940218,0.6902891312304632,0.6695398082553261,0.664182254399059,0.6963106038271736,0.6902335237657953,0.706114790656747,0.7555509469598047,0.7238910483730709,0.7373286172399769
0.24061623123655648,0.6259872605708747,0.6570274627007566,0.5849534016187672,0.6897648490100665,0.7325364154738229,0.7161398942940871,0.7021264738526327,0.7687172227344414,0.6898122190095476,0.7493853156679591
0.2746699507140372,0.5342785771533884,0.6661028993382312,0.5898299799316518,0.6816419750610576,0.6473635183406741,0.7245409978330715,0.7317570952207888,0.7725884924480579,0.7013954040560403,0.755279493643226
0.2599073442954961,0.5903168051492961,0.700727352380733,0.5147044991548041,0.6586821627804458,0.7008907651593546,0.6993436841209787,0.7552539029030851,0.7073209855644228,0.7477206466195874,0.7505580655492311
0.2411952533177758,0.5965513037214195,0.6750220123078484,0.5574388188020443,0.6720895607834079,0.7076869738494995,0.7241025495738798,0.7564644306782382,0.7340225536153949,0.6398200190598736,0.7635092468986591
0.2260376599039776,0.5575107370594218,0.6809631318636549,0.611454638644132,0.7006206989085394,0.7107673010630517,0.7467523526484088,0.7517255587428545,0.6860608669996908,0.6678936570230679,0.7757211082415016
0.14675995567706143,0.5867836916157643,0.5534929337026484,0.5821447211464482,0.7299559106833979,0.6931498717845497,0.7682234666469803,0.7380467519936668,0.7100492977585193,0.7026486246642634,0.7555261799572204
0.19736571986888174,0.5864837162668493,0.6213775656272051,0.5417690258970037,0.6793579459325769,0.6657194193874963,0.6710944364426213,0.7025186583835586,0.697683204161103,0.7048823283327559,0.7601600154761814
0.2634775155604411,0.6299377278300469,0.664326388993122,0.5052963641635645,0.7052866374793276,0.7030250509459903,0.6958854139941055,0.7318175461736054,0.7076259530935769,0.7003450907532444,0.76054170703801
0.17688962235624583,0.5204584093221366,0.6782761569070093,0.49832068932848905,0.6503208523246443,0.7096491712585525,0.7392797413737076,0.745062800419051,0.7361991624822375,0.7016957280151659,0.7553797344507784
0.21007682947737433,0.5778348345067822,0.714346030134438,0.5102781829390344,0.6876003070068697,0.6807920810249061,0.7576227059846468,0.6294600981308004,0.7110901556967848,0.7251147460104597,0.7658971045527033
0.23880268429041046,0.6093125368758192,0.7333303461676057,0.5489797030521477,0.6501507820303964,0.7031547145241118,0.7584007055179727,0.6868632032793857,0.6747903091082798,0.7377177800363799,0.6811509995824062
0.16120123753926963,0.6334724775465742,0.6618737112990118,0.5567074224825301,0.6725921730434568,0.7001745792885543,0.6794425939738429,0.7199801177172416,0.7212784887063618,0.7237274826079908,0.7012053793757798
0.21117818937605853,0.6143717635223198,0.7175085988354328,0.49333628040128086,0.6813044434738926,0.7121590553835826,0.6851858069671727,0.7456997291240761,0.7164065922752477,0.7027020789408244,0.7040092188595842
0.22453563844561708,0.5925821513296549,0.5618744523403243,0.5572371496015379,0.704293699933736,0.6808762303332976,0.7051594060284904,0.6674606458884657,0.7430523361932648,0.5932157103945622,0.7239359962289466
0.22820839838984586,0.5947797692202972,0.660523274923635,0.5659664518623744,0.721996212645388,0.7140586154054802,0.7570230343574751,0.6865366713857681,0.651970782157352,0.70794769311802,0.7544464234524952
0.2049325371463172,0.6052398805817212,0.6952853350302863,0.4871042237693308,0.6915315709497519,0.7390825094670196,0.7455564610669649,0.700702254778423,0.6952553636014929,0.7094729577888623,0.638332949070444
0.21120605413627339,0.5783110962386732,0.6880710905069688,0.530176933713131,0.724236586797036,0.6905194823762392,0.7201243099367289,0.7511615293414153,0.6542859141549385,0.6597842961031929,0.6837991488237107
0.19652527852246005,0.6150998189427425,0.5583408916605233,0.5158402102409666,0.6828212862183811,0.7039788945428394,0.7230531654148102,0.7619117428945072,0.7024116869430214,0.7379236372881358,0.6669443686092155
0.20869111234712,0.6290619541111352,0.6915288429274669,0.5431311643514847,0.6899375565892639,0.7040802119137317,0.7097724506910905,0.7306832088783842,0.6005499045612177,0.7294935281380612,0.6865873883857141
0.2349800081469684,0.5741619813523424,0.5806318298607783,0.5240794089015571,0.7188282133330128,0.7069022111499351,0.7175998794051477,0.7310766955581691,0.6949743686366533,0.6803271017135274,0.7082199443266259
0.15917733141800722,0.557834344408989,0.6116637882752793,0.5265970252025982,0.7114648577726816,0.7195711061813229,0.7269099407109463,0.7033400871538588,0.7424545923510437,0.6860582330489682,0.7476560757582973
0.1244429816228818,0.569650040422329,0.6351211389599891,0.5286108054319661,0.7244721397603222,0.7203677844072465,0.6314074070214253,0.7280508848076956,0.6932061572858679,0.7145035996674062,0.7634199564623416
0.1674690768416886,0.5818424266716953,0.636658529015796,0.4723904452476607,0.7203918284109346,0.6946113943130384,0.6659845330640128,0.704800117049675,0.7169670680799257,0.7217406029528526,0.7587346758983242
0.18796617496022727,0.6045077233237957,0.6578703290222307,0.5066591261307427,0.747020361357533,0.710328842589964,0.6702304388993896,0.7325425030598076,0.7639973513572642,0.7584921189978948,0.7767715538220308
0.1640254122870694,0.5866775167301239,0.49909657030921595,0.4959879333224874,0.677732893950249,0.7289782775889277,0.7294583998256832,0.744387147635396,0.6740518494364248,0.6885919139675983,0.7860102584788866
0.17097396730119901,0.6156152435980039,0.6033736301134351,0.4522920170434752,0.618325556012706,0.7114497420533761,0.760993143850376,0.7662362466264534,0.7207953334527908,0.701441968800752,0.7131864874195455
0.17465619481644185,0.6171851121950847,0.6539508237796261,0.4794026684077183,0.6611045148086421,0.673909276956675,0.7337744426544511,0.7153296622813697,0.7446200634248643,0.6737417883106429,0.7661361915195521
0.07681371351982103,0.5385571974976571,0.5790244239347306,0.5436593447465721,0.6481290056516498,0.7135805965947911,0.659147317922742,0.736279137642323,0.6887950815044754,0.6856068645805783,0.7533509851734271
0.13961298168719558,0.5879759897318031,0.5872465029806353,0.518885191008496,0.6971274179533494,0.654141017465374,0.6816276717057486,0.6736835711068602,0.7043057774934505,0.7070546845089496,0.7572309141106977
0.15587966810874154,0.5909002165779753,0.6211388737254354,0.5300175281060102,0.6940195632000813,0.7028396895447431,0.6912787816139836,0.7081993648243655,0.7505894702258218,0.7183997806649323,0.7275310409572582
0.16742588782960163,0.566385931956609,0.6314056225804336,0.5800131764474148,0.7158246105963368,0.7204468597697269,0.7086437496644793,0.7366725623901251,0.7215857363527088,0.7241115327996814,0.7404400129669766
0.2161143104935424,0.5759271027231103,0.68344937357196,0.5092397681324964,0.6542232201595244,0.7502733237198504,0.6978402194045527,0.7137931891770466,0.7407072147423731,0.7127266333968012,0.745863391991517
0.14470939337482544,0.5912767967422552,0.6603674880642902,0.5124893252135843,0.6949395550831611,0.7019420355770029,0.6885831069746297,0.6789782069165644,0.7417651319784067,0.7177135346332855,0.7589572921421919
0.16975179810809582,0.6086025671301771,0.6660666165889602,0.5209607596658883,0.6864298114659128,0.7076935005114329,0.7053760516675851,0.731983285498392,0.7676955004387729,0.7184054513820071,0.7592776271980108
0.19352000355866578,0.5754991968248061,0.5564298123546159,0.48378620589759136,0.6942410937211065,0.7147947502799928,0.6282717205639412,0.7456968216431277,0.766982313315921,0.6661490398109629,0.7678665090562949
0.082077269288417,0.5560986258049968,0.6181515187509512,0.5127605482595426,0.6593700330348935,0.7181764024252277,0.6814129078882052,0.7596434440320246,0.6956906221901191,0.6716194414202945,0.7566113492052579
0.17021139658256484,0.5682772859665279,0.6549495044927068,0.44819443553352795,0.6759992383108262,0.7141032540004357,0.7125705362743833,0.670992728316247,0.6726486626677444,0.6888101238281038,0.7596181542715519
0.1820214400524512,0.6092308833468187,0.7273327891024519,0.472385931160734,0.6886154805809787,0.7404031892709808,0.7303537775240883,0.7311608374400126,0.7007433679672519,0.6577708603850628,0.7611385952620404
0.18197881849184547,0.5510548049670128,0.7039819975324495,0.47515641197684055,0.716568354605905,0.6723814584434616,0.7517251671639185,0.7540679983723901,0.7488531939576399,0.6637774253385087,0.7159151623989393
0.17325117814738616,0.5958744866829242,0.43762989979557126,0.6028514289319873,0.6946341650371447,0.6903352715577538,0.7711056392642749,0.7561500590832032,0.7466081732380146,0.6732821176164588,0.738956775811864
0.20527645762209526,0.5835100984845126,0.579330158440902,0.47333284229396067,0.573735184142967,0.6951222015488554,0.6449170180034565,0.7073859188667767,0.72809573764865,0.6307467778039848,0.7538476726862425
0.18575438881539816,0.5357921173396571,0.5628923298467153,0.5169383905039402,0.6440184806134872,0.7027477813167369,0.7094788536185244,0.7319473515858302,0.6631264579468599,0.6352312268528606,0.7064537095189706
0.23472947784194387,0.5610058447105358,0.6554775043919869,0.5267530886392955,0.6790056421450881,0.686497010445338,0.6623874265973839,0.7531585763866038,0.7295266613932658,0.6584024966561217,0.7155123576048591
0.1601615932244074,0.5777894686457106,0.6299801374755767,0.5683657842202918,0.6353037258096754,0.7141696226896823,0.7075893623531687,0.7281939477448353,0.7360547219716881,0.6511865447444143,0.732875384828365
0.16216627385649163,0.6204185092918685,0.6826654611679891,0.509218414321103,0.6637715082826978,0.7340320532427673,0.7285389716866878,0.7240228456799583,0.6759778457505424,0.6857326093873419,0.7643335742209981
0.19650145570868394,0.6166289635029669,0.6278700667401089,0.5073867411912082,0.6940778422327758,0.6994506364989976,0.7306217533997184,0.6637192961760507,0.7127704587179463,0.7323014300647527,0.7279016287348663
0.1830057777714814,0.6557993816179031,0.5856587395924411,0.48248715714331575,0.655531895364369,0.7150316124593799,0.6147042293222736,0.6935070159925208,0.7256035505695673,0.7337377585700025,0.7088452163686753
0.1287582529508007,0.5503595980451758,0.6073456917206843,0.4430742174428383,0.6765337834796212,0.6811024651496431,0.6192206226837809,0.7091397611959569,0.6857077372230349,0.6288992763230338,0.7373877481829626
0.13358133116238094,0.6031348434493138,0.38457128079238795,0.5753413078731626,0.6793692041318802,0.717331589174462,0.6154545622485882,0.7249427460253256,0.6635584890905895,0.6494919802853849,0.7611135029858149
0.11817247933649443,0.5704329139683793,0.5046229340407137,0.4758965021268175,0.6899506723266575,0.7272708636982528,0.6585393033885473,0.7472524466636025,0.7136966511796081,0.6674799836973498,0.762159672700675
0.14843471551075513,0.5723023258830606,0.5704500701110987,0.5073927350516187,0.6778856404002145,0.7244749850195062,0.6762928816795721,0.7325084607675079,0.7424110397121484,0.6842170826103608,0.7811662455833142
0.1711667730589706,0.6147063651257036,0.6190181855078887,0.4315551315759228,0.6291444500841531,0.7024207716877552,0.703080040432495,0.7458319929909252,0.7089833389341093,0.722682960652616,0.7155880321873177
0.13917497309259516,0.6027237059138836,0.649957630560831,0.48744753445735445,0.6997148429537461,0.707661147487427,0.7222486779077235,0.7489922563652942,0.7103514689393688,0.6932458502678138,0.7350127013641148
0.1737029419293189,0.6391922040987779,0.7414223299054477,0.5127704592715181,0.7133888824596186,0.7035861431323075,0.6721434050759492,0.707179674878169,0.7501427081209193,0.7112878975744579,0.7366242427071705
0.15678645463771226,0.5696205416268962,0.6113954407421794,0.4500607427792762,0.6699202782485565,0.698072320668333,0.6761877458482783,0.7306331827815902,0.6867654851172503,0.6307176575655894,0.7016004929117506
0.1291098401725905,0.5760997313697136,0.6706880439372849,0.5613536787434552,0.6780203001950404,0.7001387695315671,0.6681257609258547,0.7325447458873633,0.6889650340894943,0.6226164879723085,0.7336823691149377
0.18162409056471757,0.6429394764305563,0.6486002603481182,0.46433266799138195,0.6957752352788016,0.7107717354237258,0.7057725987541954,0.7153216845991381,0.6384082642590504,0.6492595627807027,0.7343837455876987
0.17949963997799298,0.6380229899529527,0.6621089384961774,0.5604163778051596,0.6657249360273497,0.7110926454748758,0.6173949844473724,0.7308059287754229,0.6547030523887827,0.6850615629321893,0.7449518533743111
0.14355307760907804,0.5567950196848372,0.6474053748742887,0.45881046635283895,0.6809558137762868,0.7087512341802116,0.6664314586798603,0.7428406369702067,0.7137291488489648,0.6256464299524302,0.6769359347957692
0.11494416485667276,0.6010806500821338,0.6546541565632682,0.5337020900271281,0.6850143885479185,0.7258992840706687,0.6997294053960481,0.7194284355053252,0.7141085306483934,0.6533493243570183,0.6826589628082491
0.19909744323565828,0.618915121158797,0.780395132340959,0.5743551343544464,0.6534017780066449,0.6725741591380838,0.7254858295511912,0.7508399342510124,0.7167954855337393,0.6902045856762791,0.696012567405369
0.15514576292526044,0.6201594347136375,0.6783992794856847,0.6433303898500293,0.681558552704356,0.6811678006107845,0.7239364850859871,0.7511154824563051,0.7312175522631755,0.6099370061830207,0.7123056424136589
0.17098238418582115,0.5434087435631413,0.7354679159546418,0.5810469248222181,0.6833990505830729,0.7158374563461083,0.6936214828307071,0.6928627083874325,0.6165402182159608,0.6480843005013812,0.7373411681433744
0.18169260847135504,0.5879695897310862,0.7399967835842948,0.5957173443794073,0.6874015960516663,0.633291815024441,0.7138988180805159,0.6975145020269606,0.6624212103527813,0.6545531899859722,0.7678735305812705
0.13731836328276856,0.6058036437880039,0.595026237427076,0.6126869502632819,0.6456960580584523,0.6601584658385496,0.7239885616276753,0.6900930967419814,0.6746249404266882,0.6678374232195543,0.7668709276201401
0.15827027424580745,0.5853821810870031,0.6322855367465772,0.6357173021970137,0.631487566483664,0.7161229562745548,0.7300721773107641,0.7026253179004487,0.697753958286818,0.6697468512465077,0.6758542258930498
0.17308084574722213,0.6244862469000434,0.6420983687704083,0.6556030458078339,0.6463970562673278,0.7568496189920246,0.7014407452690747,0.7491902548748086,0.7006177111357308,0.7120490518572591,0.6846417062039506
0.1492221019413694,0.6550224380854679,0.7282155762211727,0.5585621681330373,0.699608526041597,0.7113953248915394,0.7437861151141265,0.7548667671787035,0.7337782596713094,0.7225845001600433,0.6992650383616357
0.17449969267442783,0.6600243584302203,0.6277701443027736,0.6021767203412769,0.7429104793317467,0.6881558948550941,0.7359892709688591,0.6629561391254539,0.740820440538312,0.7127409192837202,0.7411525070923367
0.195271280163895,0.6985867316313519,0.618279548337726,0.7097337948183118,0.6132886741877224,0.656699365146644,0.6556129862206908,0.6908442470212812,0.770255575063942,0.6770769646110516,0.7455498840084036
0.21246493069063754,0.6302648018572566,0.37982064330209203,0.7336781298316328,0.6960038247093746,0.692562310997334,0.6907511221108789,0.7197708945528607,0.7019732325766126,0.6967444465318284,0.6896295268655368
0.2186251929950464,0.6324102042119775,0.3513617398594686,0.7651278894801231,0.6824396381331002,0.6996020407586399,0.716484341976938,0.7129270674220809,0.7392294764274613,0.6331082229449003,0.7219361236024506
0.22174494440362208,0.6167958048988252,0.35635717294530367,0.7280560066056292,0.7149119704386744,0.6394443193510588,0.7182171084290192,0.7158231383018234,0.7428382228323758,0.6696117619924656,0.7552836624759711
0.23803068191153318,0.5844029568964032,0.5193954709628372,0.519509733883231,0.7300000561941351,0.6819618670039884,0.6471948506165289,0.7109691542459263,0.7597476152706406,0.6400526663591228,0.7557698040275048
0.1325286930246161,0.5032618479770808,0.5716975739568131,0.48367943653755785,0.7253906782430698,0.701789525759678,0.6636835867196931,0.6924714051594977,0.7059541706564009,0.6960478824422935,0.7225734517568879
0.15089601719439932,0.4272446845076494,0.5798422044885629,0.5047928829599291,0.6819132568329359,0.6603003178280166,0.691545618053591,0.6313730901326987,0.716605307796851,0.7181438930044228,0.6959984015758399
0.08158962018476719,0.48548687833883053,0.6094147669125646,0.5961542518392848,0.6713201356832198,0.6926343216018733,0.7066452867483317,0.7000774516715442,0.6403470528103455,0.7170229061740515,0.7255912500112429
0.1313516737977205,0.5113697627624103,0.6084160265190263,0.6758345978523217,0.6805850288104496,0.7278931451849832,0.7322921749409722,0.6922552393113325,0.6876653360429537,0.718649842313555,0.6567499942077025
0.13417292471345157,0.5418763592680739,0.5889911739444184,0.6031054434749692,0.5929925852381346,0.7648130055239151,0.7098343400431972,0.7159009305721811,0.7186076889441368,0.7277986671622871,0.6834072944668064
0.14315279828213823,0.5541298456180979,0.5397347291698215,0.6069830864188976,0.6180474287337416,0.7607664941233194,0.7448452553238047,0.7530031257838632,0.6458508553480855,0.7282216096848835,0.7049767023058203
0.11939675439569045,0.5550216080780144,0.5410726312954153,0.6315854647928223,0.6664897338070981,0.6957534023340375,0.7257620896487974,0.7443832363110956,0.5981200333236704,0.6567964329297112,0.7071651845453133
0.034565261843056236,0.5474191632752069,0.46824597214624253,0.48044846813779346,0.6410539709412251,0.6641763384939224,0.6224328091946333,0.7503903468556041,0.6833376895421468,0.6865430642153616,0.7544447688034096
0.0865095067141762,0.5665368161016455,0.5328765816740506,0.45790549413569137,0.6171572034293584,0.6851190389239601,0.686571415716658,0.7367448785758236,0.659231711181768,0.6799768582629235,0.7250992470956019
0.10573861839845805,0.4726608841337693,0.5028748989643883,0.44041777391416836,0.6276970141023566,0.6222092631219479,0.7154935096333327,0.7381056542486064,0.6771102431796459,0.677981727498084,0.7381494709039566
0.0898954897532897,0.40175114737882855,0.46459375852473683,0.47466615185517075,0.6328383594861645,0.6300809290407339,0.6941546426212419,0.7515605327407846,0.7154145619591059,0.6929363960428141,0.697716349472497
0.09215165274655018,0.37417775385904967,0.4838872895513521,0.48085589295967307,0.6445142818075029,0.6504614090295636,0.724273666915981,0.7650589180236367,0.7275868922532494,0.6604850537616656,0.6991495398800567
0.060525581195545373,0.40894546332796067,0.5422012144183399,0.4779886295805578,0.6742434160464799,0.6811793231105019,0.7483393342923959,0.7075875631548687,0.6981779020777856,0.7068143369132821,0.6112265176117556
0.062095990576706936,0.4380532926526154,0.5636659693923367,0.5067126740162968,0.6610651118784165,0.6883502424181835,0.7189636531913804,0.7192893339859481,0.674007628519478,0.6863010145801487,0.6325209862128683
0.06698362249926111,0.4615064968365571,0.610694795039317,0.5154559394942113,0.6241224602455251,0.6972467222953365,0.7248950277578874,0.7270723864287753,0.6823805628006023,0.6091244858019763,0.662765365844128
0.08291016623931058,0.501215133521042,0.5587816404374301,0.4543360240831072,0.6083603300572737,0.6902839862753396,0.7319040139441157,0.7105818049776383,0.6511845248626239,0.6420003696164375,0.6771585230571353
0.09098858848312416,0.4271108894423678,0.5340152290417194,0.4547354123332974,0.6660443423966111,0.6891717432601784,0.619252509987905,0.747866776038598,0.6085762403834741,0.6948998003349872,0.6831873258482979
0.0968574773320127,0.5068778203442434,0.5333828130572518,0.467150857237038,0.7014448140275321,0.7077237127794883,0.6537502828329798,0.70008905169723,0.6099628019525817,0.7022858769368909,0.7022239327587209
0.037202319088974825,0.5300734012653197,0.4715786194897271,0.3691499316449162,0.6700836535674008,0.7159100570799932,0.6898831957793921,0.7222892438372529,0.6520074504363541,0.7271739921288483,0.7061873105599127
0.07812355899579478,0.5620610137892474,0.5063135374599403,0.37728102734815394,0.6322643505837123,0.7238274655724299,0.7394137882925149,0.7097212401720008,0.6765704215412692,0.6624403456692104,0.6013998444263463
0.07598493858527766,0.5463818235635519,0.508984875918276,0.3862474578795114,0.6593832298222072,0.7437441307820061,0.7208918186181584,0.7002065550865987,0.6894002977252582,0.6275266046023286,0.6208448267004485
0.07963533077856416,0.3981227137352549,0.37087249730965177,0.5488021666705235,0.6342901131103981,0.7050599157154666,0.7009459893296541,0.718460768816191,0.6323613767869685,0.6334465725547926,0.6701981205726444
0.07932588668198458,0.42132514825647516,0.38576528923645914,0.6087397562233767,0.6498499973765369,0.724739414942283,0.6761383394467567,0.655366898952276,0.6441980227759012,0.5580626423074303,0.5831453051035289
0.08584726052383934,0.4251868299810775,0.4232888518594884,0.6455301234677301,0.5910128892280249,0.7682683894918333,0.7353873114546818,0.7113251381804552,0.6685640648262954,0.6389495184469834,0.6441508879637919
0.09411016609160439,0.46089359260882906,0.41893995612063584,0.6474746271204972,0.6123156393999813,0.651237719927852,0.7139700432454087,0.6834061945759927,0.6296413770167745,0.6325850773197381,0.6801403482475807
0.08225970634846597,0.48761610492248464,0.482688334197682,0.6493668951206597,0.6309042196907733,0.7039843426146754,0.7166816579150902,0.735293488986779,0.6459362107974458,0.6355016273789387,0.6782343504864345
0.09685699929486388,0.4919947206557871,0.48638340174879546,0.5958518822484719,0.643650358777965,0.7399302926519689,0.6920059049876819,0.7518273027560529,0.6442936087320265,0.5851936583301084,0.6834825174196288
0.10612872547908175,0.4523698382469083,0.48797279339218785,0.5911881498808189,0.6910709551332628,0.6822422639259759,0.6988521745490122,0.7502981953443445,0.6775221699186724,0.602838849494333,0.6638086254285117
0.1138233895752026,0.4739285357186457,0.43846008462418423,0.5922691689147872,0.6164385332008507,0.6726990324468104,0.6682452431367547,0.7431941213334398,0.6755495113720572,0.6335636231535122,0.6781210062018781
0.10577704307974145,0.4873137242237282,0.373245437892542,0.5140099263742335,0.6766321891406752,0.6737177387577028,0.6974947078642018,0.7088865543723446,0.6304108960830057,0.6410083063604897,0.6890824685094423
0.13309991217289024,0.49156796166540395,0.39522666004978735,0.47054975581780806,0.6901348653223438,0.6843104589467076,0.6829360532221361,0.712609482149537,0.6614268538406197,0.6316703822921763,0.648057955065928
0.15004032638444897,0.4890888418912727,0.3545395999650149,0.47048068632680057,0.5796297586871841,0.7195851866310912,0.724064130022193,0.715334083752737,0.6701577792120117,0.6488737838058511,0.6547344986936641
0.1690737905950056,0.4730825580714486,0.35459530079752116,0.4767015422416492,0.5811386793859679,0.7011796780840729,0.6391541881848779,0.6725983812658289,0.6883008090261631,0.6368399285248861,0.6996552081064888
0.07950823641788332,0.4892759262032352,0.41950160544820203,0.4829239469132407,0.5864525044039727,0.6553043794087395,0.6888196851800066,0.6818739269533718,0.5909103000291416,0.5675733238981108,0.7086340139179376
0.14915840868197075,0.2926103397928169,0.5216774002630467,0.42702929295734526,0.6163908760528551,0.6629561598011416,0.6993657005812199,0.6967820969944143,0.6323349411751291,0.572130079152423,0.6944998446024637
0.15783038916697797,0.3139343646582741,0.5256292582653181,0.45890836416486924,0.5287771765964854,0.68403729485851,0.6468107291464836,0.6639956542742238,0.5832116803917909,0.6024596039628294,0.615164976788277
0.19359214250967344,0.3224829022825124,0.5209690394693336,0.4148200269236835,0.5207371855599959,0.7253787999026362,0.6690955990429268,0.6826773324805916,0.6218488207349133,0.675478035771824,0.6749393993409727
0.20003284223745738,0.3463268630817391,0.4918641191549915,0.4370030573494153,0.5747144074556609,0.7315889990063223,0.6374490389658191,0.6805483390670236,0.6502572554793654,0.5522712665064491,0.6812275581064337
0.19015465301736875,0.3670078299589773,0.5487724150805897,0.51872412805122,0.5942210619537727,0.7423349628977202,0.6542830455849108,0.708225005836019,0.6896955694581047,0.6183956627164965,0.7055046622028068
0.20615256385859676,0.37172709289472616,0.5627092082799766,0.5735555844593032,0.6251914488812294,0.6596697299816313,0.678950385573265,0.7269300957680598,0.5538022367638141,0.6887939287047159,0.7181949675909072
0.21112520906302,0.36387851711344965,0.4822656868024193,0.5625372257307235,0.6439335503207555,0.6757634067482805,0.6951002891503185,0.7104608576865061,0.659658597755809,0.6709462367497466,0.7162935679135256
0.18708993545619743,0.3016867598219345,0.4397020666168959,0.5631363148587067,0.6666677843657534,0.7116243777542755,0.7044116854556188,0.6445015107088861,0.683868744213008,0.673049421126444,0.7169443616534605
0.17452322191419956,0.31059541017625986,0.4457695249710215,0.526256717263232,0.6700115140119511,0.7211614411100152,0.7295362756515388,0.6916183791225496,0.7103864339861485,0.7093948647009969,0.6838987900010068
0.17749598906718853,0.3053519145378689,0.4561160060724654,0.5882299622783298,0.6726157082688605,0.6803920589663267,0.7356759167136246,0.6984092097474575,0.6442790727739071,0.6832971975304167,0.7059287140429037
0.18052936853066892,0.31729779587164747,0.4600897998727179,0.6013151259271132,0.6925353169018342,0.6934473317092814,0.7468920641826176,0.6634076248015378,0.6609914116334668,0.6860916765576257,0.7147757735893455
0.17544340544240425,0.3179638992493229,0.4900645205151477,0.6465399452758943,0.7092889916964686,0.724369576620224,0.753502641202809,0.7021238227171064,0.6938444540022763,0.6870977885922298,0.744096474090455
0.18280584202165834,0.3362765994605772,0.47708617437910417,0.592217422536258,0.7092017190673572,0.6558136499119998,0.7767945834850385,0.685144983567361,0.6656988759542017,0.6070155719437722,0.7673901063987824
0.15355122690979991,0.33852810648604126,0.36511253041209596,0.4936619828944934,0.607448242371209,0.6878243613438679,0.6573242707872133,0.707384059112864,0.7286156614694115,0.6527281572089572,0.730632444564059
0.15887894397807098,0.33357169267479675,0.3901929114628388,0.5251367505596658,0.6514238994017696,0.664810256971692,0.7138624858161678,0.686593692980721,0.650837745758591,0.6798988137252067,0.657357019122311
0.1660026207651773,0.2890442851448613,0.4174810614766665,0.5649769676897594,0.6462893625877345,0.7028686008096424,0.7279243923788783,0.7288174330545855,0.6447351017825347,0.717066297918247,0.6739114831036388
0.17937117895930602,0.30883379006177686,0.3693103848084228,0.576519775831436,0.6545666360559889,0.7162994936184788,0.63093111946954,0.7352202337918516,0.696318352893178,0.6689688303573817,0.6924756929100013
0.151042756567077,0.31843685760526413,0.4051859600940744,0.5877472896890762,0.6767440802730431,0.7155180399035299,0.6757809985598104,0.7177529061396724,0.5822883192690785,0.6878146029449999,0.7074463700527652
0.19329688901912673,0.3555830893013381,0.41839488984301915,0.6018608312427177,0.6037660958288509,0.6856421521067514,0.7175417738105482,0.7533867307785205,0.6792342195435036,0.6980003640514593,0.6933781684049135
0.17131926008164183,0.31234302515678736,0.4359368836280587,0.6179367769239966,0.6269745290655723,0.7281506252063676,0.6302049922802913,0.7582472049237612,0.7116596962507823,0.6678474380438064,0.7199100192287301
0.18084879051770852,0.3174969161075397,0.4692875301845223,0.6447698423728433,0.6651401619794894,0.7468439475829624,0.6833223960251453,0.7072544247536791,0.7182560527237366,0.7096242427223753,0.741477517473677
0.15416236940763728,0.3230387929354259,0.4169100141568794,0.6529081090934072,0.6222417987792574,0.7173905979011644,0.716599315767519,0.661506333860977,0.7215568168017115,0.6629573267534403,0.7536220197708962
0.1494248152796931,0.27986491631497945,0.4309189702133091,0.6061538433366,0.6667199227794002,0.7242380717956789,0.7369677603294233,0.6974862051540458,0.7417302341505863,0.6813590723350519,0.727678354095493
0.15133669216596107,0.2960327179875831,0.4096516896430309,0.6110075372388524,0.681502113061532,0.7195997947664584,0.7047013665799385,0.6921532362174261,0.6605750658196738,0.7172629488551807,0.7135683378867697
0.16377904784056524,0.2717123759001083,0.43177233720055685,0.6147820752148676,0.4855126203301021,0.6703405793720899,0.7224776264709982,0.7268216161602087,0.6650827369278759,0.6018351676953894,0.7473347051608641
0.16503730232163788,0.277862396658449,0.4528492563155082,0.6408157610495158,0.5362645727220439,0.688397492805901,0.6948661106837501,0.75518644324,0.6734081055202117,0.6535200787935821,0.7487816978684773
0.18442456843923535,0.2801944085972903,0.45799700135052657,0.6274784730834548,0.5796252465121903,0.7136421134382915,0.715002593734887,0.6787365662587295,0.6559788687850432,0.6884672080630747,0.7222928277884371
0.17115421350303167,0.23713280827634894,0.4651526979415808,0.606238138586295,0.5826873000761712,0.7406211371724405,0.675901618963659,0.7102909378737686,0.6811722770965148,0.6764026925614759,0.7289105437492915
0.1849677747814375,0.28948771185901273,0.4634983786452131,0.5711114614354368,0.6180662390009142,0.7376017291752327,0.691500861756414,0.738670059385734,0.6491680963742547,0.6919120769700557,0.7380515055163416
0.15989259997671762,0.3248763713923043,0.408027294468475,0.5265637742382753,0.623054375392408,0.7246043816242512,0.7313346745029488,0.6817315728878098,0.7064142483779267,0.6774105416858468,0.7504514804224574
0.1627375125742494,0.3439863336101664,0.414540566314593,0.49531340521356254,0.6292889359651628,0.7294818482094977,0.7480561301839357,0.6933025645122909,0.7200722376173073,0.6987794677252648,0.6723609329483891
0.19049468686359605,0.4151020863200998,0.4565661006653653,0.470913246381864,0.6578761452165829,0.6839002427850007,0.7336069405508578,0.748717341387392,0.758486892770674,0.6755234529577543,0.7000450582898723
0.11136372283097465,0.41539964175117144,0.4080212179882363,0.4989418875389455,0.62780520894159,0.7337102961562136,0.7418340475304696,0.75677204572308,0.7845092804076582,0.6403011889819343,0.6717750631978943
0.08069594121601754,0.40601629191165367,0.446384039799595,0.391342755233953,0.526838272252944,0.6007395353143172,0.565842634414349,0.7529338883624574,0.652944092241421,0.6773177221387705,0.6979654882545676
0.041013631403381136,0.391515613988738,0.41835199249887817,0.40679976619600766,0.5420060047746853,0.615835762724234,0.6423840513947601,0.7166682023648572,0.6965892079697591,0.6964576164857299,0.7020817419922653
0.07978394779674587,0.4042234712522122,0.4193781166811955,0.38291794999300455,0.5363760187225659,0.6346359344659742,0.6839027294236564,0.7257797982935954,0.7313256290290582,0.6545078082677941,0.7221498439389141
0.07695952603661436,0.40328664999321245,0.43601983803074784,0.3931904536336886,0.5402135030886339,0.6399305950807217,0.7169134972169855,0.6900797621642454,0.705836267535771,0.700663081348986,0.7331399782526733
0.09159699387432207,0.4245157696477879,0.3812369845183618,0.41399869184779997,0.558680940717726,0.601944692882118,0.6578079045738716,0.6714190266995745,0.7062439433505512,0.6235933054625461,0.7562189304936966
0.07026357932441425,0.42585990428685505,0.4137560590530768,0.4474826331604742,0.5835513366774342,0.6265240139159847,0.6733894059913375,0.6892043742540476,0.7537336859167106,0.65829949698415,0.7668802175784422
0.09121324940346368,0.3732013902390438,0.4011548053481933,0.48481444692196884,0.6146406209159005,0.6790034400569005,0.6917117850935581,0.7306034327448832,0.7613852972392823,0.6623468965342658,0.6727628547459071
0.11990975618748809,0.42495532558664817,0.40349318443781346,0.5201176689968354,0.6391192668237428,0.7001937311490136,0.7388804528046509,0.7217622478928749,0.7944700732572427,0.6738890281391161,0.7131450215368522
0.15739879530864725,0.4085018506428573,0.4853637498290279,0.5287738730142919,0.6028390899585266,0.6598166595085901,0.7027341937459298,0.7001950671820142,0.7855401831899287,0.7263565099972855,0.7284535711949731
0.16452638007869635,0.41226669329009336,0.5636716430436797,0.5419957671251263,0.5746607411553069,0.6630170803063911,0.7275039453746117,0.7272664184518687,0.7968636210250895,0.7129713781524653,0.7041436183968338
0.17005507102754888,0.4197418232735296,0.594328349408948,0.5700043661945655,0.6218942063045947,0.7137551457272602,0.7272930534521991,0.6965866515560707,0.7824771820890289,0.6715877535065669,0.7310356373218394
0.1095678572735767,0.3944162967452754,0.49796543049881775,0.5869466616074919,0.6093868487466119,0.7265341375721678,0.6613816062054167,0.6862442010229607,0.794436874660273,0.6729185160078516,0.7523861799748016
0.10441887999560372,0.35761780306770735,0.5113803702852497,0.5749415337452503,0.6291104498428002,0.5894530088670507,0.643503951925895,0.7261325687471458,0.7152053653862008,0.6856051320961638,0.7684900320642537
0.11783407039382046,0.35893133475997285,0.509070411993657,0.6115484249732073,0.6444087556546237,0.6677254221444061,0.6919309802201294,0.700494113192924,0.7189520411865179,0.6873319596165957,0.7524661017098707
0.14963913703005985,0.3853193416565251,0.5011863867321172,0.5007443775254068,0.6546734967387564,0.695505399610602,0.7056412449739926,0.7229639697841729,0.6929575481752688,0.6513278698568038,0.7792631580961159
0.16737099392810523,0.4015302555938247,0.5102470294864359,0.5434935417229192,0.578184308491589,0.7038574391301371,0.6674867065949314,0.7569719547892628,0.7116712878625014,0.6408996071135853,0.7171080172251899
0.16295231702794113,0.3770261774437841,0.5451660226593888,0.5901317533470981,0.5888373652237255,0.7384050001652787,0.694252450930359,0.7395345140315336,0.7323490412474614,0.6839907300393017,0.7366081335015997
0.09458538378995415,0.4030478194377507,0.4700051076375204,0.6003206903195389,0.6012434577477885,0.7250938251860469,0.6783873513521945,0.7583749875139085,0.6893774056827103,0.6762817249114534,0.709202109325261
0.1025993122092912,0.39221416539136833,0.5385995733665366,0.5159193890124685,0.6399758056477842,0.7381279669985249,0.6901609119806699,0.7268428201620605,0.7161991413280255,0.7338969825637398,0.7422745508830021
0.10297422679769763,0.3801904439071605,0.46807480539093893,0.5515472802973818,0.6345542121838681,0.7226710761938446,0.7285698043733573,0.7670501577448616,0.7310152132301112,0.708814070552187,0.7410807183548817
0.1066795913477209,0.38469280891781005,0.4362952867217866,0.5088953680070044,0.6062545065619438,0.7107347765181006,0.7107968798193637,0.7456740345543466,0.7112574405231171,0.730211646814652,0.636428408225035
0.11565415856318158,0.39076777132105617,0.40744551808689666,0.5487035719648177,0.570427031032937,0.7189625609224073,0.7258768517663934,0.732674621722933,0.7256432006383842,0.6516284332504882,0.6530262900164763
0.10187848024944654,0.39709948386725236,0.4310683709708133,0.5454378168794871,0.551634443737743,0.6601181883708875,0.7322173825315399,0.7280302019539795,0.6911362614386245,0.6899308317829014,0.7007721896008534
0.115039480658062,0.3816763638664798,0.3878769933894224,0.4821067952080028,0.5673197903966072,0.6745441428107093,0.6554508412541321,0.684241329480943,0.7532196499716284,0.6704745869333458,0.7663315805609354
0.11380065376295131,0.3588352392345768,0.4346666180290073,0.530408345839061,0.5560062566561119,0.6853513888631948,0.6969871986151677,0.7252362782435127,0.6352848563828483,0.6772944995051287,0.7358859731373334
0.11255612789325548,0.3283366096081249,0.3960552433362051,0.5491916446675442,0.5466028166759128,0.6976006631384324,0.7207984056489767,0.7199792882277384,0.6836223824514968,0.7037065993979151,0.6737326745927219
0.11253445989478711,0.32226256983175927,0.37835847032657677,0.49990638600745735,0.5890041359099227,0.7095376323328328,0.7343991105426193,0.7554110099546527,0.6991219164628958,0.6375649880441702,0.7259595338188849
0.10565733248309793,0.32979908081637843,0.4047063695735159,0.5370320207769432,0.573438548033226,0.7140073993057052,0.7470167500716793,0.8095310711717902,0.7307325556818048,0.66111246361263,0.7383803153269444
0.11310475236741625,0.38914142162690235,0.3956367744279487,0.5653246317043418,0.6215754747305673,0.7277321582525584,0.7635877043850539,0.7770384925838292,0.7458923288705956,0.6771171575550994,0.7350588642509888
0.1267852588211255,0.44311502228443567,0.347424132899271,0.5637147040473798,0.539733499101114,0.7213165574172178,0.6886593522928718,0.796230590895341,0.7631101784552166,0.7091412962692498,0.7074939974026242
0.06858889156671388,0.4613705013731557,0.3497177284772945,0.6204220368999964,0.608452658589495,0.7192290903976143,0.7022355186024551,0.7212403543399192,0.7722723351342826,0.7277206615656604,0.6953631558147629
0.10498727283310866,0.4997395648301956,0.36925368563718974,0.6610169506996875,0.64027070893986,0.712713982873523,0.7180642918908937,0.7472233735408897,0.70611040936482,0.7445704842929498,0.6991978197379101
0.14508234674821385,0.49884256435950913,0.3588557201029222,0.627316991705602,0.5961076119259114,0.7117188181520151,0.6147105684573805,0.7480864115088721,0.741015139699153,0.7115197972545253,0.7287642994857075
0.12319810014441136,0.49909198262106125,0.3691863046959367,0.5837969960827192,0.5933980303920664,0.6838899921076602,0.6738488691833734,0.7843717242973184,0.7651752675205058,0.6526439761359284,0.7251051882171202
0.14672423266041856,0.5126694320264382,0.33281717960521806,0.5725170434267488,0.5471094700917061,0.7298010587544252,0.7354470687907224,0.6972523616697649,0.7226703964787587,0.6842125079687214,0.7276376745976751
0.17456638986796594,0.5701402327722911,0.4081477566779893,0.6513073819714362,0.5599344823109211,0.740681953676436,0.7377065737870678,0.7317005066364353,0.7425106480291761,0.7156571296852491,0.7500212355126442
0.19640536423963073,0.5301156991857413,0.4518929269400669,0.6118731392542501,0.6074219692991356,0.6906867629331795,0.6737070505986673,0.7538323923814745,0.6916595163591951,0.717200861532602,0.637532762807518
0.19502171753050665,0.5239170120380662,0.31590509886356677,0.6454168664052007,0.647484995510107,0.7302171281831835,0.7141799213475625,0.7465144602186236,0.6897990718604994,0.6366852763579318,0.6636557825909232
0.1645128929315616,0.5177315587838934,0.30451892834058686,0.6768004890943011,0.6519140575138319,0.6315344518192016,0.7447221639285282,0.7628278919456016,0.7242483207800823,0.6598030627839298,0.6637127867843848
0.09446150159683545,0.5046154545242391,0.3010766623770242,0.6883424017353987,0.687507705215647,0.6878766207548292,0.563895835402918,0.7906990637795241,0.7320494279943548,0.6735309551405384,0.7051878801010771
0.11696779579033757,0.47263880748350207,0.3222517760995073,0.6966003875374762,0.6817155374384476,0.6994832672040743,0.5983315649534425,0.7570411440607923,0.6743287179269781,0.7199507856767601,0.6851310172704157
0.09774735828687622,0.4107054593995488,0.2031057828437263,0.7221679707284143,0.7130192263807684,0.7202503334567644,0.6502831147983041,0.7548321987792476,0.7432052536792805,0.6824753502971026,0.698945600184727
0.0939656215720283,0.40034896417336313,0.21339443731844626,0.7290123320913234,0.7034368230885938,0.7264155252753788,0.6605140368748343,0.7825612908671435,0.7353656514630208,0.7042461246925966,0.717681491071992
0.12150937976213924,0.42190514378253385,0.2767766105156682,0.6523022979053589,0.6371610834335923,0.6736608123328582,0.6821015130382289,0.7169916460869611,0.7420989415139774,0.6575719360600039,0.6832496116298997
0.09345375400124993,0.4083435465554555,0.28285514440106385,0.6290778599768629,0.6372485198747495,0.6848793587127906,0.7133812165974882,0.7557648236783919,0.7202494929922822,0.7107501423870464,0.7168481532001101
0.1312616441522252,0.4284699605533648,0.32740934310861247,0.7064596624104311,0.6493882866004488,0.7083259382349256,0.7145388472160481,0.7683428264375085,0.7120778623059255,0.690076999069228,0.7355412327539133
0.08299312848214338,0.4307311452992682,0.30685925065758374,0.7199598982639537,0.6611278059700483,0.6550496660800195,0.6963162182135112,0.7159470631653788,0.6981880069745956,0.6501309252693354,0.6996255579243469
0.09062131121384465,0.401866600777431,0.3016632638063026,0.7334321331661866,0.5980050073246062,0.6702550181534619,0.7343530674557279,0.7522525893128773,0.7287589689906064,0.681450718903229,0.7158340599088329
0.07560427053980168,0.4037680132492709,0.26073512714559594,0.7380466529826073,0.5799005643370317,0.6827369266343946,0.7368239440055384,0.755472979362259,0.7487812112909958,0.6564301554579631,0.7313766785295136
0.10723488541769059,0.4146137482320688,0.3115046474729678,0.7465712471562487,0.6086611440452061,0.7252678822222716,0.6875401674116934,0.7088720917465404,0.6362661552804961,0.615791169204168,0.7496188871568414
0.10265059431059027,0.33413391851026314,0.288818573887951,0.7407231316938138,0.4860619939390585,0.676914012928719,0.7125971424462927,0.7167211080863498,0.7362474470176962,0.6558193374817001,0.7263916634522487
0.06356596176407944,0.33233432717258776,0.29903748065569996,0.7364278303180334,0.5060411330652865,0.7114326687060869,0.7204052443216191,0.7199912619481368,0.7552517567004815,0.6518363516446362,0.7433913751900347
0.06656376894188881,0.33793839025786987,0.33272399706470124,0.7375517755811922,0.590438732300988,0.6407842340641698,0.6886584827530662,0.7406952249726692,0.7453030807783656,0.7063053422640801,0.7546407495614217
0.08808607481491594,0.3597450652876897,0.2799182260653722,0.7549412428633109,0.6290542671146542,0.6765690719895538,0.6452801625892934,0.652387022650205,0.6928284992371142,0.7095003511327984,0.7223452691627521
0.10469094834160275,0.3699567419678283,0.3040637565648028,0.7243607563258968,0.6666945893177707,0.6800718671596404,0.6759147005944102,0.6418334701235411,0.7258767756338766,0.710960973034678,0.696759017702951
0.0420015993960448,0.3720287960786743,0.3083426671878571,0.7321196504061223,0.6675942109083243,0.6972325886100413,0.7077157518109662,0.7026712668642626,0.7490603414563176,0.6561304868622748,0.7060590618807264
0.07529217169076756,0.3693220778774217,0.36120905967457023,0.6824677139650365,0.5902701565064503,0.7037549343578697,0.6375174589623732,0.7341578629363941,0.7397017179468317,0.686364534834182,0.7134673131571488
0.07039355209622633,0.38379341620925156,0.38812428204374183,0.718274672721956,0.6296724808028407,0.7031944265508843,0.6596581309877156,0.738368365042412,0.7082434655729247,0.7276853059646747,0.7406125353251118
0.06536322328465707,0.3868996468140755,0.3976856282278618,0.6706620846907715,0.6227971199764933,0.6540040918357088,0.7236668174103635,0.7573832073114894,0.7244957187937744,0.7047925985685853,0.6500868655975282
0.06747822510377705,0.3498226487837862,0.4007972073644629,0.5691620936544338,0.6053622340696236,0.7061378680429105,0.6691628176036922,0.718067164180789,0.7476046662512263,0.6949551649098469,0.7108931072450174
0.08829836941234653,0.35766055709685074,0.3293443821412669,0.6072812443760935,0.6063550889218946,0.6650490443338236,0.6916548248084182,0.7506577768308615,0.7712284675435068,0.7289842073849946,0.7324077931610671
0.08754806346446654,0.3684248409328842,0.38433330202896065,0.6732343715899436,0.6233237543401351,0.7122939767436134,0.6339335474127608,0.7779732958150144,0.7657964496388944,0.7659511583774812,0.7470413497460626
0.08809257440338761,0.3319404902611406,0.2863247348344083,0.7089586116496742,0.6008275968281908,0.6600448789929699,0.6854665724150718,0.7544439443742668,0.7451508443137954,0.7819066293324466,0.7049999772507451
0.07361050167020478,0.28597075433211516,0.2842725841178181,0.7231273310155886,0.662011368222961,0.6838700692280418,0.714674515781027,0.7581132855279984,0.7302570071282897,0.7109406507885543,0.7070717393793533
0.08353549863226428,0.29868814749452555,0.2898899740380371,0.7397319567931748,0.6689677754172876,0.7198071949185487,0.7258394374488755,0.7568454491753436,0.7107136932201705,0.6221464600950251,0.7253852898916247
0.09622797115041681,0.29753744353364203,0.3443729646688611,0.6874726534882717,0.6752474770874224,0.6889738300965824,0.6852125098106668,0.7630671033634844,0.7372346215792859,0.640892889900246,0.6978281915561242
0.1019830404473747,0.31090047340135457,0.36613687656668503,0.6950050800236154,0.6835171063241139,0.7074340282757239,0.7215696831901841,0.7381779204314083,0.7096278993682016,0.7041038065127854,0.7057839665010659
0.056282626931780114,0.2672552324951457,0.2950221555951047,0.6818474962934111,0.6264439428365876,0.6389656415599563,0.7022321119580328,0.7438698219980526,0.7091308211649547,0.7266518292932909,0.7379816818790379
0.08014418107754825,0.26895021010977704,0.36722574604320135,0.7553044160622615,0.5721681891811774,0.6651261864346514,0.6924120875617812,0.7495504284895029,0.6981718349043587,0.7010606183932326,0.6953034733831795
0.10390714661960715,0.34590932400549707,0.2958370447216211,0.7749300005629749,0.6330355640062635,0.6718964651915427,0.7080609939393787,0.7215150302966866,0.7469190852645176,0.6689802302968451,0.7011965283294477
0.14687077814993793,0.3854078564864396,0.2961068206142228,0.6696078268430337,0.6455030978649465,0.7066924149919909,0.7159653080200241,0.7271793086497099,0.7458845629048914,0.721034159668819,0.6970021722681089
0.16047723306539555,0.3868781350984456,0.320093638958725,0.6345623437649746,0.6614147318325334,0.7186530267070776,0.651052813104624,0.7287938628406114,0.7490011440450657,0.663948536154291,0.7108744246989805
0.09181852208688587,0.3704976385901984,0.37280711569433345,0.658579304130414,0.6694092421768,0.722265394464421,0.7100111273676848,0.7067910607084584,0.749416129583898,0.720480376993488,0.7346556368052846
0.09919938930398116,0.2957999011402077,0.42758105270697655,0.6623731239288062,0.6198175062540969,0.69344041225746,0.7383136800476405,0.7446598555146644,0.7358425367676809,0.7324214310484809,0.6944944468354227
0.04831129721966041,0.2563319995393123,0.35744389597836956,0.6866939429693981,0.6621345336053324,0.7308755349469018,0.6874275514462617,0.7454775290954336,0.7387506673004604,0.68501001349354,0.6417419704411679
0.10775096322451354,0.2952672193820939,0.3948267771725143,0.7077297780077276,0.7024478255365776,0.7282460246108658,0.7157148636733701,0.7437918091481307,0.7482887700167311,0.6981379508202531,0.6535174696153729
0.14025378994623694,0.29859466149351555,0.4381987241572567,0.6339853546347118,0.711775551966788,0.7193237594662256,0.743945674421509,0.7332822320874345,0.770782084523013,0.7048986606368746,0.6311880383698506
0.08609031458177371,0.30566284575396135,0.45764782652640956,0.6007205251855696,0.6887388071758243,0.7430314034279015,0.6992072052787852,0.7377423238863416,0.6752641471226003,0.7115519425571932,0.667263960370957
0.07149055196746283,0.2972654085637099,0.39615995260555886,0.6315491904877222,0.6774118926740533,0.7463476209832387,0.7485117084398578,0.7475026255959138,0.7056410709076286,0.7245501394854386,0.693805165568105
0.13032939608412067,0.38893809825460635,0.4532913767511426,0.6867264155907067,0.6888061645151353,0.6856276727387292,0.7627761456896217,0.7626566977708473,0.7498661781868019,0.6605884443614218,0.7366959339803569
0.12816136468042563,0.42327765076549306,0.5077490707855332,0.7103514324704749,0.7151580080951864,0.6934041944665568,0.7265158717285412,0.7153235594674087,0.7510599208019795,0.6943923719369751,0.6926721017283525
0.13849463586158567,0.3374322039979541,0.4526124164504058,0.7505235882467591,0.72707294008526,0.6638548512666873,0.6525038591922281,0.735067728253973,0.7121649423778186,0.7107346796117513,0.7264683996226066
0.1659943061552876,0.4041961941589406,0.46799301277582717,0.6630620049524208,0.6986472528927207,0.7064517668766264,0.7145767599737132,0.7445198023313402,0.7051312747548911,0.7318766050771556,0.6989026656124545
0.1071391553075563,0.37011850078884206,0.46705197648910163,0.6850639236924121,0.6671691475750294,0.6934950659493737,0.7161959219846183,0.7481906209548453,0.7198441021423057,0.7305651635556476,0.6784493117652588
0.17197816195470816,0.4503574357179436,0.41854943015904683,0.7062369747343188,0.7209649696962233,0.6799846473365366,0.7503367121518549,0.7854085804340227,0.7530541765336444,0.6641163448400147,0.7205218093549077
0.20435085916049078,0.4773972830722106,0.4389314214576973,0.6647328911230651,0.6705546994081409,0.6869807868948838,0.7586865140718879,0.7149425902878584,0.7164266097332803,0.68405076995695,0.7218716720523797
0.19141262864727804,0.4909303756986033,0.3938643090977227,0.7164524518517899,0.7037627745653676,0.7020291634058312,0.7457933334260342,0.7128299138175854,0.7484898995173161,0.6954162097132441,0.7448745434884121
0.19293730706507461,0.48958617904758867,0.3975909909967134,0.7555981523856137,0.6986796071364465,0.7220840590025752,0.7061916320740395,0.7167368722319776,0.6945963450499067,0.7027611351622796,0.7351107199634798
0.22376487320864272,0.532500166933825,0.4366715729441236,0.6856678084300789,0.6964207641606841,0.6897094249310877,0.6012977816005732,0.7414011727523291,0.7057011409507641,0.7200010355108324,0.7377804160712209
0.2247111150548501,0.5253168189039055,0.4617712718705027,0.635788411863246,0.670105129672372,0.6921453579638808,0.6686059539127284,0.7494896043887989,0.7306378547706439,0.7244326671583106,0.6663144325093852
0.20335323610135114,0.48549712321402344,0.43375496671100194,0.6644100223203104,0.6831618464205705,0.6939224673117239,0.7007059550007702,0.7873319426468062,0.7494771217551446,0.7692123813765893,0.6789621338361206
0.2127538040331491,0.5878526674187525,0.5088178783421092,0.7089167365233584,0.707425370714512,0.7088890650871016,0.6941004892714993,0.7764382103386042,0.7294497858182334,0.7005843331776598,0.7110103552458245
0.2208644829613854,0.5254893859878818,0.6047580536546797,0.6383299971640706,0.640730958771208,0.7045466070345797,0.6913863878472409,0.6883125414364993,0.7652730969926378,0.7150517140856059,0.7501083543993854
0.2646892094153508,0.5376182287707756,0.5553382901934216,0.6788101433575903,0.6501182623891244,0.6892100474815295,0.7089682453705104,0.7479422165092294,0.7827078030279506,0.6945968739214974,0.7554363926592864
0.22506426960424283,0.5613751860030055,0.5680804804079997,0.7208614765704696,0.6858697566159395,0.632033055343164,0.7249535958280499,0.7569726406262025,0.7680085601574056,0.6911311342318696,0.7103219149390778
0.27825781970930125,0.5137092170610513,0.6386809717508461,0.652786516087509,0.6967200497620414,0.6701772324340497,0.7604781883491457,0.7344701602338789,0.7201996791774653,0.6952832246347558,0.7131245247645965
0.23793007326089427,0.48043120938481265,0.6043939442300793,0.7129277936187655,0.7444337513315493,0.6789899535082237,0.7386318035310273,0.7495320867889068,0.741956918394734,0.6954073234675336,0.749934928320084
0.301380497929001,0.5909823492003046,0.5984147525672198,0.7301652056355215,0.653890533337502,0.7067355603125067,0.749554601723883,0.7563809296583002,0.7862443965094852,0.7089151910807927,0.7517383233142123
0.2695335227813175,0.6235386993169978,0.6442077362913899,0.788591713115508,0.6586427003119197,0.7002500657872339,0.7509603621565708,0.7595924086249652,0.6840386200875085,0.6825950008943458,0.6959601644270023
0.2696240911772777,0.6438822785707949,0.5346618589099357,0.6737467995749106,0.6663595792251255,0.655532370108421,0.6184291818520089,0.7746931356676401,0.7131975781327591,0.6972633583934871,0.7326530179587722
0.269368276253956,0.4924739897941927,0.5970207294549317,0.7148516063956778,0.6816507284179775,0.703217254207761,0.6999884634330529,0.739871720902136,0.7309742791415272,0.6687370077856952,0.7109962641587917
0.24730133514799024,0.5837059701719042,0.6231488676617479,0.7145751171253326,0.7098088795597112,0.7306399630662328,0.713612478872764,0.7359120896754436,0.7216277012203166,0.7402628855541435,0.7250488769165091
0.18367614909060348,0.4936301662405362,0.5342477613639257,0.6373511636777685,0.7184563581412879,0.6992153931310082,0.6882326620927071,0.7440835898887128,0.7751708809202126,0.7438923368445809,0.7279014233314931
0.212419398662073,0.5148884448308857,0.46441925450875193,0.5837330423846413,0.7456599893604503,0.6761073176283952,0.6021525795485013,0.6396699332438665,0.7389036080444635,0.7074961343480558,0.7284543353932322
0.21854197129887984,0.525900762705353,0.5270362844050931,0.6490391869800398,0.7497389984360242,0.6746902649521519,0.6732160045697924,0.6781469938901802,0.7551836378303283,0.7135004368068718,0.7225880370509341
0.22052409689317312,0.5662643187812304,0.5607437797163302,0.6824671783462044,0.7486572981567212,0.7018528527292329,0.6786628248305928,0.7117907174385295,0.7428369548597972,0.7270625563981946,0.6950176805745284
0.24618424243817022,0.5298522843616401,0.4915936473753427,0.5377501203478965,0.6993487476305447,0.7368454362509509,0.723477876656873,0.7491942977137847,0.7485120398165583,0.7453852919902739,0.7143994150867965
0.24844435940578288,0.5229935138348771,0.5394233437807843,0.6051735823524478,0.7074364282639395,0.671779919100827,0.6615584071477639,0.6745695020944179,0.7048042487682848,0.780507682431284,0.6858761901689023
0.23330679711255148,0.5842244458405529,0.48547804611813933,0.6370215755536113,0.6997503116999074,0.7193471872918669,0.6816963046377142,0.6980364144993858,0.7330768397021991,0.7286175232268294,0.6786621857307399
0.26169197566204366,0.6221240309041112,0.47658944074266396,0.48170651109623797,0.5886922513974908,0.6666281551216576,0.6551407792332753,0.702910891849749,0.74617557820866,0.7378952255749784,0.6997595117135278
0.2599696779785119,0.5473536568659501,0.5797447534148834,0.5560785939530399,0.6827708856558707,0.6958135407379799,0.6281084301936585,0.7329902718663756,0.6872222303310843,0.7020236587434835,0.7316221171090411
0.2795193719130301,0.5905730692917752,0.6056912588395136,0.6064963906837626,0.6845703798987502,0.7398333022240405,0.6469029301676198,0.7105746570588607,0.7367652148552368,0.7270441301380484,0.7240551503283238
0.15970266359793286,0.5266798929122687,0.5703733794337058,0.6466772132981067,0.6894663398923404,0.6949125030166617,0.660733594573542,0.7060085690597001,0.7340253665518838,0.7525791936019651,0.7256480862372798
0.18140672499721905,0.39933427575499414,0.5366348619796513,0.6854422361637016,0.6682367573338648,0.707641937748167,0.6916216890255295,0.7211597164604542,0.7362607786564914,0.6774837937507266,0.7494967966835024
0.20511243466215934,0.47524164821911763,0.36638718159322375,0.7094372158313076,0.707236388334274,0.7199623433744176,0.6952637699520706,0.7422898127390927,0.7474776945461463,0.7155740298460275,0.7536429993016802
0.21948858412271538,0.4173720554957497,0.4048091975057998,0.5915676085470832,0.5746922841774801,0.7227805856738099,0.7238306897601289,0.7614694470190995,0.7462653411643875,0.7174857379202182,0.7006968448313693
0.20457550068647853,0.48862808387446577,0.4775573188465265,0.6197213103648199,0.6516213629918268,0.7314230911205141,0.7069477227879059,0.7421215979907194,0.7100687730197258,0.7487671194961113,0.706787115772473
0.21388168731932683,0.5105410983876302,0.48001713692545134,0.6432227388223961,0.6893077995064942,0.6861754673650458,0.7333397608323058,0.7590304834061534,0.7212941387819596,0.6846945205130149,0.7609851733631003
0.21702363745475953,0.5654249956643151,0.5690013243478356,0.6669639686280611,0.7194078428062927,0.7071611640809059,0.7354664003241295,0.7201763406512692,0.7598718062790895,0.7191111452411119,0.7505123335748688
0.24532982714113427,0.5876725296507621,0.5571820413941847,0.674814288439441,0.6607153091236623,0.720820670025657,0.6990998592428754,0.7365668371664205,0.7616908417941555,0.6938398715996893,0.7455376406792366
0.16144521242833895,0.4384039502542826,0.46390544111354204,0.673706285014449,0.6787874343823252,0.7271458158746991,0.7034537994550902,0.7526315470909634,0.6165163806276062,0.7069204874282367,0.7014997910841975
0.17640787454712897,0.4626888193235299,0.5089859909465146,0.6769157578916982,0.7000631023853281,0.709923256536404,0.7350124656442866,0.7140774524400599,0.6179552622314382,0.6710766989160453,0.6560636346965624
0.264509681250502,0.5811721811216335,0.5986984139566953,0.6923815447926868,0.7007220899481322,0.7324364198077544,0.7450910668159023,0.7384581903639226,0.7007269086122014,0.7037318746508079,0.7467961641418106
0.31201948936535084,0.62352435811539,0.6043061155679252,0.7129470826551387,0.7446213762383919,0.6776249622201138,0.7523209974327472,0.7053138590058194,0.7542344736039872,0.6640350709633582,0.6529585079933566
0.24648815202560764,0.6053143455596645,0.6078664574073649,0.676366482848301,0.6558430139205635,0.6966188009795486,0.7261189526703083,0.7350168843263988,0.7686278762385697,0.6818672456248573,0.6980485019671614
0.15290132576303564,0.5740878984898299,0.5644531833775076,0.598497814485561,0.6858566002101419,0.6386882737218298,0.720138155424826,0.6852710858998512,0.7377552221112474,0.6518227277657455,0.7320161399163485
0.19719689745000119,0.5164641467927918,0.5971775876320506,0.6242567089248028,0.6326906440898832,0.6867746026671042,0.7212766421783813,0.7411887419657925,0.7398224311030587,0.7025880713368398,0.7473984860807176
0.23485560673657213,0.5723056757262324,0.5513341241738353,0.645157565318421,0.6739904284159932,0.7067499677087046,0.7076730709474792,0.7229465986087572,0.7046750311189505,0.727042745959491,0.7696754233245788
0.2265124121201106,0.4977235566539958,0.5109362278557257,0.612628619738392,0.7017317162169087,0.7084991464791117,0.7389475472993855,0.6036993905010498,0.7325003162940421,0.6828047823385675,0.7479647122792609
0.20752162397218243,0.5514794439378482,0.49149416443225047,0.6201747855850798,0.6786373730236235,0.7251472644392027,0.7450313909029876,0.6755084326013173,0.7526105438592148,0.6885040584498279,0.7025139011764214
0.22618762322894018,0.5742743977786287,0.5501895403228255,0.6403261160538554,0.6970922513570416,0.7225653995831175,0.67180782356187,0.7252832008452275,0.6907170665449734,0.6924841499971776,0.7101833630831702
0.20450398259021407,0.6103884135224833,0.6054171613750969,0.6465879106112398,0.7439955731347929,0.6797772557622742,0.6880259604425951,0.6552552235997757,0.7412629394364303,0.6887146755879026,0.6523003341468182
0.3048264602848648,0.6930788080347249,0.677423927748635,0.6819931017073076,0.6324346594351173,0.6917396847491701,0.6788300023165831,0.7082831405198141,0.7344645925258191,0.7026550850838025,0.6791900544091489
0.28070471885959436,0.661610053837576,0.7087743313627561,0.7001562999734838,0.6905067266675622,0.6917645274794373,0.6882319809289887,0.6985573316609124,0.6979782414999011,0.7227720123408186,0.7035527826487503
0.3295791328179586,0.5851139571949588,0.5502849518343346,0.7313529021164188,0.7019419862297239,0.7065012641340439,0.6708363088290956,0.7027243306728479,0.6513044382504333,0.6456372530308365,0.7449993539285222
0.28388043902304655,0.5775852688361368,0.6113775018903678,0.7095100766968083,0.7212500181077719,0.7185321553900063,0.6826838368076342,0.7275274151748841,0.6972242729505447,0.7064806478450268,0.7112813599724429
0.3301712137427383,0.6084152882847917,0.606921061482912,0.6092360245398485,0.7334550898254213,0.7151970270166346,0.690448724743104,0.7600498029976239,0.6951268319813173,0.6930532981239642,0.7203983409446458
0.25566976611568554,0.6292439021267344,0.664226704427519,0.6893976154303703,0.7350049777016652,0.7280071408331581,0.6725517055811114,0.7695974623506414,0.6939205083533516,0.7209620484410125,0.7366844572710548
0.2675996734685326,0.6612467455435618,0.47460546269224696,0.7320186397968904,0.6930293264011941,0.7289258950218358,0.6073590979314153,0.7498703475681335,0.7212713616487934,0.7018685797595441,0.7096104403249276
0.30905537395476834,0.6612560762566999,0.5693082863812537,0.7234805458810286,0.717071739016632,0.7343779423029109,0.6340705549959416,0.6978858574864537,0.7055610100326879,0.7200778794707667,0.6984220018245226
0.2899844910401328,0.6155381098887417,0.6403470196685623,0.7552833136606899,0.7431426410364506,0.7546106822556393,0.679501802479447,0.7129510086648593,0.7387848784956492,0.667130434526736,0.7287061374903416
0.25201131942302873,0.6706303471295534,0.6697100038573469,0.8008723200765399,0.7088562122843493,0.7819826059746043,0.6543548928314995,0.7513478193182844,0.778183897734702,0.7197904307235347,0.7111226980237282
0.23138704242612337,0.6670880023052125,0.5468021653277976,0.79407059539598,0.706930267778865,0.7175075784032781,0.6416937992056571,0.7595291984534158,0.7556543136586154,0.6671209401949176,0.7283583536420268
0.25178679781379837,0.7025209545150928,0.6357237138663887,0.7597961158029014,0.7181955065598211,0.6940099126406458,0.7051613417447984,0.698298555265545,0.8029451452744454,0.70590231559016,0.7552510463825861
0.15546139510089543,0.5973423089377552,0.6232357249146793,0.7400243357993795,0.7361231875760577,0.7370783996975747,0.7241976020993165,0.7694489112816272,0.73896660264626,0.6485079271127969,0.6826111806030116
0.18055326966401541,0.47879114962373504,0.4008397500662137,0.6669882662156155,0.6742312059913979,0.6411287913822887,0.7464545427049813,0.7578982894084095,0.7804060579713832,0.6863091003681978,0.7155595698525712
0.18390050511141331,0.5556308066324847,0.5261470873707115,0.7562254180175846,0.6665711269663068,0.6791792165186206,0.7808153472904948,0.7324901534731029,0.7426209651611896,0.7091143322227853,0.7387709432034019
0.1897251076833338,0.6344248732607636,0.5492549438447405,0.6435951083699345,0.6607602691475655,0.7223061080895712,0.7573143477024321,0.7371602239025792,0.6569355111481389,0.7117119879384903,0.7555096781099541
0.204729441887403,0.5565197915184947,0.6159116697908831,0.7054892344392255,0.721475672195367,0.7012293676372289,0.744546662096823,0.7389255819290712,0.662852075952717,0.7319313613813319,0.677946376945786
0.2263552864637482,0.6225901458318149,0.5510286181992221,0.7260008630226902,0.5567544603205066,0.7128990829509407,0.7665930279074414,0.7188223583647501,0.7031703174063407,0.7409901576802744,0.6544884946151257
