Mode_0,Mode_1,Mode_2,Mode_3,Mode_4,Mode_5,Mode_6,Mode_7,Mode_8,Mode_9,Mode_10
1.0,1.0,1.0,1.0,1.0,1.0,1.0,1.0,1.0,1.0,1.0
0.4314786874761804,0.812238892511137,0.7524874761774382,0.7347807358655248,0.7941304921346155,0.7904742208272025,0.7291650459345601,0.7610822334110322,0.7175732894699652,0.8026778530048291,0.7910996886273627
0.3925298729155527,0.7264904457762003,0.7775213360114417,0.6851910801329991,0.7796116815059833,0.7287570230817292,0.7873484048965146,0.7166287527400707,0.6984426048733596,0.7714693932358112,0.7814157570281363
0.4061159552029124,0.6559779359923469,0.7133845697970148,0.7273666672508102,0.775551029747698,0.7259458470120628,0.79604019262271,0.7637454824822317,0.6593614399104164,0.7080547597359739,0.8201404289089413
0.382777898878851,0.7302932316853685,0.741245279767927,0.7630351626282253,0.7529861597050207,0.7388213106393242,0.7467254721746599,0.7638044623536491,0.716572267740625,0.7709412114619867,0.8170979722029772
0.3822715912059538,0.7084554417380069,0.7777287829619354,0.7006361025093847,0.7022556974329671,0.7300781704479136,0.7505472207793935,0.7233015967502849,0.764208461694671,0.743198854591186,0.8009660146425213
0.3160899342107927,0.666870582048564,0.7026461952588231,0.72885148861823,0.7524245110047254,0.7740349897197246,0.7813870316192009,0.75361188711498,0.7849546448082756,0.7173168873815599,0.8217336617004489
0.3274955080641455,0.6897464379872715,0.661703017540165,0.7238120019952227,0.6937513360009893,0.751978011912129,0.7866346880257088,0.7358631020318706,0.7406240925801345,0.6975903511290716,0.7782982109159917
0.3582260146281935,0.6819529207187636,0.6959522561643186,0.7583415757265799,0.6674186586149222,0.7364793347416578,0.7537353458601527,0.7359109696272165,0.6720556772120451,0.7636937413521201,0.7597120533726855
0.3363247777755752,0.6279619705345164,0.6737345905418258,0.6825223164884342,0.7694293021494439,0.7266815638885386,0.766157059916475,0.7573460127361239,0.6955011555297638,0.7644722512740523,0.7938747941549152
0.3863420768014485,0.7147642615239294,0.7540974749837192,0.6574655452329294,0.7183404352074051,0.8083026117030044,0.784735191745793,0.7787622633848682,0.7025603890628341,0.7173401146504049,0.7689770233876059
0.4037810923275777,0.656908918118665,0.7764018213902835,0.6588703869468882,0.7455745109060068,0.8264972345395465,0.8158567463451264,0.759986654787783,0.71386902361771,0.7159376553511997,0.7426669674691811
0.3429343891297297,0.6712896875529513,0.7139172047940922,0.6573830791481364,0.6243251424827062,0.7503499128950667,0.7599481252653436,0.7458947242314865,0.6953594971209983,0.7279422404572419,0.7671755158763669
0.3686019477222607,0.6611619467933474,0.7170066937152028,0.6979970885988954,0.6669840155566354,0.7192867302248555,0.7765042507239523,0.7525183153124471,0.7163235187434664,0.7283022904005867,0.757879392602571
0.3740598164951559,0.6575658726767256,0.7236134189042318,0.6995962490334582,0.7092350710244728,0.7404163721648065,0.7749205508505578,0.729802798003769,0.7029679828557469,0.7269412101994641,0.7568392959148618
0.4011906664353816,0.662171003162318,0.7238570152130501,0.7073809334328603,0.7174876888112243,0.7192408253557372,0.7965140145158078,0.7493306300591858,0.6577676525140911,0.738598880414062,0.7428377500432275
0.4087866730353674,0.6627887640033456,0.7113623065611179,0.6642309358493104,0.7387957677706409,0.7298310357698712,0.7705137945316374,0.7090876074529961,0.6803686372832667,0.7139760008498158,0.7745350451671067
0.4236072197006073,0.6963361765578331,0.6964121972305365,0.6792940940534617,0.7075215170621152,0.7071267228695532,0.7965189062386011,0.7358004638685487,0.7020114320825583,0.7489178481479413,0.7327616558245794
0.4111160305600193,0.637308415236963,0.7414679417071908,0.672146907310116,0.7331244761239528,0.71610167541859,0.7975354571794406,0.7237353731100088,0.6265141114819708,0.6990011598683915,0.7689602805428895
0.3660153723089786,0.6292431382815364,0.7661393439655388,0.6988017237881523,0.7182827718372808,0.7258791740128154,0.7855637597833964,0.7434635186348665,0.6845748742577251,0.7013378678596368,0.7817394946759972
0.3613026824365155,0.6203950522507693,0.7188954699854313,0.7211938897273944,0.7207912938497242,0.7481930740365468,0.7640083011282699,0.7357065965892252,0.6761665062651218,0.7213480172052054,0.7371870145490419
0.3865207289602458,0.6747284817011023,0.7316846467567071,0.61929681172861,0.7405313202917246,0.7406958972006712,0.7679808566093123,0.690995662437215,0.7094626485216332,0.7195346859636411,0.7736451846179118
0.3860953404125586,0.6865076899202376,0.6749603737138602,0.6373876375201781,0.7423135868157877,0.7540032150415983,0.7738701083120834,0.7146191392805216,0.7294746296449303,0.6816525750960892,0.7388791908724544
0.3884452040269807,0.6068007678978367,0.6985526606325356,0.7060451712367515,0.7236392401186884,0.7610759854881031,0.7465543104413165,0.7202606645750083,0.6786935560373166,0.7091901958526222,0.7690126050139636
0.3668014029273917,0.6449200855434424,0.7024867221549321,0.6586022537667372,0.7656965009249825,0.7085480885447131,0.7407117641709928,0.7358004896511817,0.6738079965534002,0.7221872861790443,0.7385622886281126
0.3744435975219047,0.6458476980815581,0.7198320242210181,0.6999168486472256,0.704921662473352,0.7227139096445467,0.7626346597505491,0.7295021339450695,0.721524230641942,0.7336097563144566,0.770624243302009
0.4144680395040953,0.6578763391708288,0.7388000735888732,0.6918112665655677,0.688410062655086,0.7418140509526026,0.7329217529950842,0.7141177757699495,0.6824026382094361,0.7365522985245494,0.7638793315198573
0.4131900201346867,0.6007284877932666,0.7681183322834979,0.7000734838897934,0.7256024701111563,0.7157318031034914,0.7361949191738782,0.7391902205755908,0.7081180795684446,0.7369007404847582,0.7657259122151927
0.4017171423470889,0.6231214160352652,0.7742018552746563,0.7313908695136887,0.7357928130964423,0.7694344249758474,0.7436887507191428,0.7445341615182923,0.7159399130807376,0.7212819588277155,0.7886227565353939
0.4059603550307729,0.6765125284115319,0.6764343855828594,0.700144528881412,0.6759361701725632,0.7238794340665153,0.7677365380362878,0.7177121494025255,0.7072146421849536,0.7464157466498873,0.792626695161398
0.4005464238813858,0.6842364172732949,0.6967089316970025,0.6677524511115912,0.6961751230101698,0.7033162157140631,0.7676358026213895,0.7367384843268594,0.7125006895082832,0.7422660697735097,0.7843056058588957
0.4168954170590156,0.6931534325013637,0.7169756548862869,0.6754398276904154,0.7181919424931522,0.7307166342479703,0.7555439176662372,0.7058892591070033,0.726734071568392,0.7441436638696663,0.7891227496380141
0.40387622395976,0.6011071444724344,0.7321117488850293,0.6556490024374783,0.7259687789461191,0.7039893960337237,0.7721698554106147,0.7266858760690768,0.7025841394091277,0.7465714547896521,0.7909893067577634
0.3905564245959783,0.6147128522100627,0.7615768912423504,0.5981443566913627,0.731426678088897,0.7093414662638886,0.7333448404867077,0.7477367113128035,0.6655187242218735,0.7426903609351704,0.7818582550883779
0.395003932418226,0.6405593454052467,0.7300523670848603,0.6217163570272948,0.7390829321028866,0.7066537930123794,0.7509251282507479,0.7163928056703297,0.6634976050438158,0.7076251847489026,0.7841536389478378
0.4085154056237477,0.6810771354330216,0.7023491999654399,0.6277035473851258,0.7433496645067319,0.7206303383917929,0.7871775453521742,0.7414927648524328,0.7172250393170398,0.7207061372719521,0.7458682811676828
0.3689995975368202,0.6243980580332393,0.7280469175728067,0.6749478374708113,0.7520145009286217,0.6642843050677614,0.760045447088596,0.7419290073471652,0.6870583124432215,0.6998805764629237,0.7754318330298462
0.3995251122757101,0.6939339692987457,0.728984707930073,0.6177571075308401,0.7396729626899393,0.6861424044098727,0.7904966135122966,0.7401676054939405,0.7056647704747689,0.7168151332878394,0.7672712458731816
0.3817867856457417,0.7414115177028695,0.7335182095630786,0.6810182251631588,0.7504457788203156,0.7147854801324727,0.7521049792701693,0.7309783978625788,0.7171426296191767,0.7256852981458433,0.78423916514055
0.3553030214117346,0.6086954970818508,0.7163242802727584,0.7201012043503853,0.7349173300278626,0.7451961547934162,0.7664825405804065,0.711893740642286,0.6884942171542305,0.6911946521497231,0.7890990892137316
0.3679739821670525,0.6409631532477188,0.73370153174468,0.7191312598793227,0.690428687311714,0.7575145015706901,0.7806109931072842,0.7367133274884514,0.7255461439320039,0.7313626717782633,0.7940106740204117
0.3939748649603493,0.6208703492713998,0.69155120147335,0.6476305921960567,0.6965797883343421,0.7459315157353491,0.772409797216006,0.7477927320469244,0.7093364038302624,0.744504373944251,0.7416538314431663
0.3987877647642983,0.635299668464524,0.7029727508666884,0.6527047336435696,0.7402515524461429,0.6501846098837889,0.726626512871671,0.7562885480188074,0.6611740505738029,0.7415494826355461,0.7686405292452498
0.3984995114684185,0.673459051157882,0.72586619968422,0.6738814538077694,0.75501534486152,0.7051371173905441,0.7368497854975371,0.725454728775268,0.6843337336113013,0.7096632078716807,0.7025420215642885
0.4034849440847537,0.6341029126281807,0.7385953470505375,0.653711926940348,0.7035632142986992,0.677271245549764,0.7775839379933578,0.7368336041815157,0.6657252931217847,0.7154596358530986,0.7557053375567573
0.3460143955580436,0.6810211247650831,0.7125388188796561,0.6862542453293247,0.7075364996526099,0.6662711210439888,0.7469708021872903,0.7676443594746397,0.70257169440912,0.7272569971653728,0.7884133456895144
0.3616530800278735,0.6963427503136124,0.7268743811175034,0.6660735677977766,0.7190821660437092,0.7276815610701424,0.7521022553009067,0.7313630891316009,0.648809933485524,0.7577211223037457,0.807043522184153
0.3845525369476554,0.6582279034707548,0.7158574161211863,0.6822132691387326,0.7466549425084189,0.7502196671101033,0.7671805378495133,0.7439310664682613,0.7001929423833897,0.746152744788564,0.7644820557644039
0.3771716489642805,0.6997401002479163,0.6471783356365179,0.6948863303306481,0.7574162936525215,0.6926340307808826,0.7816701270604679,0.7197109183741872,0.6947646666852355,0.7566858560966512,0.7694003969362204
0.3786227341754352,0.6276291934148137,0.6735505319921179,0.7037147077966546,0.6899914421675003,0.710867047812924,0.7507817680964801,0.735538669678337,0.7178488195625488,0.7000362397735732,0.7940653671327296
0.3833478685443459,0.668093216377037,0.6823543980418639,0.699125793680102,0.7097850522276091,0.726854379752438,0.701162242773078,0.7217856372603565,0.7122349786186509,0.6832226474121477,0.7707335107042464
0.4049280200853783,0.6742763052799372,0.7164578574676708,0.6950434585341004,0.7412901114820372,0.704413013209855,0.7418053263487369,0.7319120625411574,0.6718648474313954,0.7099881596642954,0.7936016055202699
0.3965455565719322,0.6472458248177471,0.728663996193095,0.6776829321528244,0.755245406505763,0.7142817301026687,0.7643830333583458,0.7281907940929258,0.7094398142382599,0.7345454369361799,0.8071788096881289
0.399916285181946,0.65838040931341,0.7297596995160596,0.6877559203802326,0.7376628262128757,0.7204388501733423,0.7691539292664085,0.7460869446546362,0.6607947009371603,0.7424669682266164,0.7639219180369016
0.4120831990962205,0.6197586666728879,0.7359902014534545,0.6740651375111615,0.6957235368853611,0.7157416665547992,0.8043566201930961,0.7319955116528322,0.6654454507634087,0.739484332586213,0.7950154638891611
0.3849155273821644,0.6591728320001671,0.7056826134910782,0.6832406598548099,0.7059053372544403,0.7460580589108663,0.7869622671893879,0.7618654666604938,0.6904008026351479,0.74969967434305,0.7871000914066918
0.3915118343088224,0.6885222096613659,0.7247607945461046,0.6680623325480247,0.7196685376920314,0.7665505345540695,0.7622365606686194,0.7587510108669958,0.6587213581701407,0.7290124569483998,0.7465704633134479
0.3985782337264332,0.6559838058230355,0.7379398789205671,0.6835690004125612,0.734076514659737,0.7388509952357454,0.7678283915256126,0.7321663678993272,0.6832796567799985,0.7390465620673552,0.7749633549202773
0.4127496576438593,0.5949053160719706,0.7345282468359436,0.6826042174534362,0.6998196427423672,0.735768205143281,0.7385424841679906,0.7331267917152495,0.7039495716091234,0.7300785833623048,0.7714031998273284
0.4141643393713157,0.6369731717751879,0.7606190808626166,0.689188471681929,0.7067844645529764,0.7361234661163512,0.7404192918934658,0.7566899037352517,0.7125213935443259,0.7090226221949563,0.7715203608090931
0.4015384314685778,0.6857964284947143,0.6913224231978324,0.6975086485126086,0.7366424079322773,0.751317172579544,0.7627450013300703,0.761091791275158,0.6828526047805672,0.7266552016096228,0.7745537720217652
0.4162573197025003,0.6832881486067544,0.7064348805136142,0.7249250693943896,0.745504876890337,0.6570115956216142,0.7637542285317994,0.7474974314673964,0.6985480236085635,0.7365471878310499,0.735774870752379
0.4169291930851851,0.7102697814729197,0.7321311057102653,0.6791985523599009,0.7601452162507815,0.6970016090499775,0.7718565964055724,0.7582759818277613,0.699295846762283,0.7392318717745617,0.7434323713580626
0.4002155312365059,0.7128888970255987,0.7382571178262803,0.7062666870501197,0.7482274442830108,0.7148041278419031,0.7899510193867414,0.7400826882933931,0.7143359032554274,0.7495315041780404,0.7477259174794031
0.363853110911502,0.7282565841149204,0.6853195155868734,0.7112365878609508,0.7104888274372606,0.7299777950251954,0.7425067338131012,0.7037111352111777,0.6977021711079587,0.7408539821413561,0.7582784512609368
0.3669364495826003,0.736332054512229,0.7029871157229073,0.7228899435659355,0.710797311973461,0.7200737420282048,0.7652090216824576,0.7003894371789882,0.7041270528548347,0.7255725449559782,0.7838630282911394
0.3819753285997036,0.7213191011531704,0.7035249396067551,0.6933097851216067,0.7203153239896696,0.7264225640994543,0.7742363057634088,0.7208221996420805,0.6470399167763452,0.7339102319560484,0.7794443007533239
0.4058252074914293,0.6478343187571567,0.6994965798880903,0.6513559037870391,0.7558423257740439,0.7258026287359062,0.7634663602731104,0.7391079287310656,0.6605233294179766,0.7249585247326061,0.7640007101361753
0.4115224147706855,0.6707198132913165,0.7376632252580989,0.6709075391898498,0.7790390221765369,0.6950725913146898,0.7648789473997296,0.7538592384060371,0.6562386833834444,0.7243774717571781,0.7924948334154089
0.4155748704110535,0.6923887913923422,0.7375034302355266,0.7050284111940244,0.7452146391508832,0.7335727269604899,0.7780884009023115,0.7443487042567972,0.7009333489878302,0.7412684279633095,0.7988242551320821
0.3751763765566117,0.7119824892889131,0.7466970984638638,0.7097622900380907,0.7351399220832054,0.7273443710924564,0.7899656428920018,0.7543190770287143,0.7009364924174815,0.7361792554058815,0.7832272883904445
0.3911163010731907,0.7202330641969366,0.7471411675360874,0.6514328071156059,0.7361844176518453,0.7436458969252054,0.7775216960538638,0.7669227754283716,0.6819465339345369,0.7200876059568325,0.7916106021649829
0.3980000764666198,0.6829429941314182,0.6489795583388981,0.6696128116518789,0.7537899503449033,0.7217384942126831,0.7653411635504863,0.7275686882699659,0.7010370537370132,0.7572297869817619,0.7928753439436863
0.4123741223413055,0.6564954063771752,0.6891340101296102,0.6719671302923533,0.761363034966428,0.7186856686133757,0.7724977381922158,0.7474255786678305,0.6935258738548412,0.7445360595490476,0.7991518093974324
0.4124562898295631,0.6677645831219785,0.7220380098903594,0.6758974023494546,0.7400328368313569,0.7204623482874916,0.7847363777456631,0.6860194598621279,0.676465842769834,0.746530791375528,0.8023056175435003
0.3979909268586317,0.5939665722878277,0.748413185970157,0.680455378749622,0.7458624317065217,0.7508192322467622,0.76772997589629,0.7376301565703185,0.6568227416415198,0.7534428489841918,0.7871646640567476
0.3877651277174777,0.6477127663156521,0.721426963245304,0.6540101162437569,0.7458402118463556,0.6707145087564832,0.758080401388761,0.7285226172880491,0.6948307561949855,0.6860476385267542,0.768716425448997
0.370310755884748,0.678488267859817,0.6939792541692541,0.6723552930662458,0.7491897889669299,0.6803494435826486,0.7646482209961424,0.7424981707901008,0.7205057174661591,0.7168318729275689,0.7375730411907988
0.3934000651746524,0.6934255006764686,0.7091967498305991,0.6893009521431428,0.7293670053834097,0.7085530484693924,0.7659280538467981,0.7598235517812302,0.6890528902688793,0.7425188975450507,0.7977156426179761
0.3819039295011482,0.7215912386561112,0.7133849027042596,0.7071209201585955,0.7434098798009279,0.6892165144397682,0.780196948043417,0.7198859796811421,0.6899860479796385,0.7550345054018497,0.7776109111247466
0.3967644127857235,0.6280011757251734,0.6959197255541415,0.6719624095384777,0.7390258595784901,0.7068582637888375,0.7833988498179083,0.730729282259831,0.6913677500948999,0.7374435295385044,0.7763825297217226
0.3950966642422402,0.631620124635238,0.6895629601234599,0.684492753468434,0.7468566494155953,0.7083186859307664,0.7849200064249416,0.7237411173462025,0.68951215938594,0.7382747483767971,0.7813551999516548
0.3915014982510634,0.6936905958181381,0.7131871969995716,0.7030359161280382,0.7434005828503778,0.7093119139882018,0.7646622930170288,0.7357256418329485,0.6765529854748833,0.7585457010580354,0.7833393022211798
0.391457591431383,0.6992898303985369,0.6765893051704223,0.6317688423159599,0.7488726910559087,0.7418745072832149,0.7767377576814024,0.7479565800678581,0.6972328317870998,0.7456778881541304,0.7971078679355987
0.3918541665774623,0.6466344216507098,0.7082856203457875,0.6674518143425436,0.7002960990714773,0.75677058649168,0.7793131939599041,0.7592615027934597,0.6799763356386166,0.749529588641301,0.7978967325841433
0.3996807937363549,0.6650575463398483,0.7229030913133826,0.6582748613471527,0.702106444412002,0.7164743293537775,0.8077904180124704,0.7468563993689087,0.6968275295262247,0.725671127051511,0.7730165260809824
0.3644509622620201,0.569149814225524,0.721997720278063,0.7128549359648333,0.7292983805326696,0.6583336751873284,0.7991421045614941,0.7587840514939276,0.7214309898717515,0.7535926780679956,0.7828313117515616
0.3860517674161458,0.592826274313417,0.7371024058795446,0.641847461666829,0.7141365840989926,0.6981729525706324,0.7563447208458384,0.7517095682106909,0.7141005445300951,0.727434279010995,0.7241268758054271
0.4024447252303371,0.6643170041123592,0.7387273979434612,0.667159832828812,0.7372167208324376,0.7133958640433037,0.7746835449417631,0.7098845809374505,0.6897583539036128,0.7516349954332642,0.751511784091575
0.373713209425874,0.6276203722479313,0.7048386253064313,0.6793418132996518,0.7331544731597606,0.6904041590288903,0.7869496157499929,0.7251072063938709,0.7022501864021657,0.7247606503627751,0.7800009481820711
0.3840327805478893,0.630969388684609,0.7071493678030292,0.714479961516927,0.7501830615700691,0.6954193412879263,0.7882357875978011,0.7244038037422178,0.7220838957329395,0.7414678025921526,0.7576728755863233
0.4138688642419937,0.6708357855705964,0.711422017101297,0.7342167651826772,0.742380542899735,0.713380890774391,0.7908021709878097,0.729326040703296,0.6699014651422547,0.7360878437858668,0.79415859742278
0.429176074304841,0.7120016582423776,0.7258657738529845,0.7154490209877956,0.7198237289901495,0.744636369308036,0.7635729478097911,0.7523016539643654,0.6735116835192927,0.7436325963900787,0.8165536778295275
0.3776346672149842,0.7240324757670467,0.6906327635691046,0.7252702189070077,0.7379372227306704,0.7377948041987493,0.7800000355472125,0.768062667299251,0.6480970279377278,0.7284329010790974,0.7935666272488545
0.3710545312916385,0.7129749713691961,0.7184037357996154,0.6819585022087731,0.7157118267878024,0.6624392778592888,0.7817041213716772,0.7221495345395256,0.6679626146023578,0.7350001310257058,0.7404300700603937
0.3907658134743355,0.6460109710490454,0.7400013075779373,0.6883715590107751,0.708237216332719,0.6916587589072047,0.7919146596810406,0.7393512331316814,0.6897236478538734,0.7558457270712631,0.7446728815020344
0.4207669164154954,0.6665044701369015,0.7068003858328538,0.7176805764479042,0.7120582382693509,0.7017122716921076,0.7751159148983346,0.7774999268955118,0.6981037083096804,0.7483908970122475,0.7842110604194544
0.4180743543368833,0.5988086075473498,0.7244230903848069,0.7080184647586555,0.7345774973880481,0.677661807999276,0.7618806432028116,0.781999931182185,0.7265392313076559,0.7716665502452016,0.7576552435508495
0.3918460570045003,0.6394928172283727,0.6696291242921889,0.7110278289582956,0.7185204781221985,0.7101729044100935,0.7858357884738703,0.7449194245953189,0.6981810041382432,0.7035861255515724,0.7336627889982925
0.415609219763976,0.6738204721160104,0.6696527618692341,0.7418047961510412,0.7287883484276828,0.6733278044661687,0.7918884336281253,0.7284706793928635,0.6777634414070091,0.7100273076382246,0.7673521244322852
0.3725391362096579,0.6874712505997331,0.7012412904346151,0.6373684642462466,0.7205637774149287,0.7164576418268931,0.8010223966269567,0.7462991263088572,0.693839968954957,0.7344684837349696,0.791577272663347
0.335258557797828,0.6528395089889522,0.6825095913792248,0.6675658889048117,0.7323063839746011,0.7187954303966166,0.7970784175447345,0.7547104489428551,0.7059626373784045,0.7487755213195428,0.7926065531410897
0.3865268533923559,0.6615410500935544,0.719085067279162,0.6855304509152798,0.6602242553796389,0.7270942200983963,0.7584092271403483,0.7788557080289781,0.6915928456066793,0.7506224604325152,0.789141539734634
0.411683165574279,0.6589300454703704,0.7279243088689806,0.717102340854744,0.6830996002219707,0.7389615473313687,0.7295898066929118,0.7421176321960237,0.7091197401307523,0.7420469995898974,0.7909287395668945
0.4242575603537261,0.6577004929456255,0.7081405856589894,0.6811038640093781,0.6974569134794606,0.6842612778609696,0.7391135309695762,0.7462090617726442,0.7220273907502692,0.7556096191531125,0.7914128737557284
0.4290515082874401,0.6395353786212724,0.74161813634532,0.6929239534270614,0.709336790278075,0.715561359470523,0.7781423674033008,0.748860914623906,0.6166840993858506,0.722872322771209,0.7803982233361137
0.4123920862230074,0.6509669861407699,0.7525400083033922,0.6859463829396906,0.7563313182093391,0.7494274622105692,0.7988841725675053,0.7572084878094776,0.6841363941736254,0.6963143475716669,0.8023246451353336
0.4064202016005073,0.5869039400394214,0.7534660245054771,0.7053379871272983,0.7094924945479159,0.6800814764760051,0.7081711888467804,0.7543438847327664,0.6663360904729284,0.7410735111252404,0.7467272037725987
0.4336104064528965,0.6367895113616371,0.7284692996845703,0.721316559481578,0.7516224669710355,0.7015838701486584,0.7540935851485194,0.754463413919151,0.689813535655043,0.6884906236603968,0.7568710592129092
0.3806737002676659,0.6274837236200139,0.746936340095887,0.7268535959648806,0.7590185930862683,0.723024469925012,0.7821308695253302,0.7720505934212925,0.7141791312821226,0.6834778066683825,0.7788752970840807
0.3931885908648051,0.6301249791063361,0.6369969682156307,0.7446641198707364,0.7538293164421563,0.6852832834971165,0.7344233685383791,0.7310558483201842,0.7192051969565088,0.7360039037962527,0.7663462785038373
0.3917903135500069,0.6180103335014406,0.6640262636872836,0.655236150859754,0.7573624316037322,0.7067761245689481,0.7457930760289729,0.7294827189506488,0.7169149619635401,0.729207932912631,0.7835819148881125
0.3699488929007118,0.6358025396218616,0.6914813088137366,0.6803263340198551,0.762618591251556,0.745010658127355,0.7627683763869484,0.7582299288643874,0.6621270689407048,0.7296905394236171,0.7536361744430891
0.3904351622615654,0.6513845276481989,0.7078256598301591,0.6436694976520452,0.7031968906919427,0.7556831151177341,0.7705559183662367,0.7035522475625207,0.699687363744711,0.7104070593348365,0.7665331326516795
0.3947564501313165,0.5923926831222011,0.7270594625944956,0.6388019554874881,0.7119808976833686,0.7325837046370289,0.7816630903540895,0.7105075441680424,0.6905561693103582,0.7316471626307987,0.7597757530460362
0.3918185233793675,0.6131671619450965,0.6841289804132732,0.6802139868438621,0.7422636448087729,0.7491950749688701,0.7543042818822607,0.7163521363830103,0.7137446973876632,0.7671860079839891,0.7612343229179039
0.3696050722261745,0.6082906901660955,0.7216120125981418,0.6861571331326202,0.7395304690650513,0.7345225354050872,0.76229304611909,0.7292024254510632,0.6846069323179291,0.7447278364331079,0.8039271629266277
0.4013056376093216,0.6477239867358477,0.6999558069733283,0.7266362114799085,0.7306864838942326,0.7071523121562294,0.7886814117195596,0.7604560003717342,0.7212177081414622,0.7562720724933907,0.7985741120612935
0.4027717389545256,0.6267849875423744,0.7170763147657335,0.7159647230444752,0.7497817923420321,0.7513879385267146,0.7655185473895308,0.7679067925569893,0.741063876050816,0.7079648391575386,0.8057178823566336
0.3604586301766109,0.5944699331341047,0.7149937909319274,0.6883412593616306,0.6903194350995111,0.6845754574938984,0.726247811046654,0.718158377613899,0.6815186824384376,0.7324989446479431,0.7749854228599795
0.3925374017566762,0.6291499698474949,0.6901880002912597,0.6794814727970877,0.7115720302584778,0.7030976927711549,0.7408991223265664,0.7494496306380334,0.7146517942293515,0.7281437201493789,0.7883765768900715
0.3924389891831852,0.6016296391870135,0.6678609311433078,0.7139963721329793,0.7279739251857833,0.7375643445008536,0.7606176362295909,0.7511848431051659,0.7154437531810101,0.7345895479370312,0.8022663640536889
0.3930591689999644,0.6052769736293268,0.698431579921636,0.7038817990179597,0.7197423241314683,0.7207938453183512,0.7563049284358234,0.7561318139425063,0.719534493832747,0.7368527927116699,0.8148583127989082
0.3716775446817586,0.6322248410205182,0.6116612165398398,0.7257610810022304,0.7274046484762846,0.7308183899443401,0.7642280716237186,0.7282105460972379,0.7234992277042468,0.7451647931974266,0.7932780755417744
0.3900474281223169,0.6659005475878974,0.6706316125891573,0.7087580912694309,0.7396512914591702,0.7396235470029123,0.7636030190731319,0.704162626632334,0.7110121609375769,0.7628978988934824,0.7619704425792097
0.3835514713082877,0.6559877439252058,0.700422088032629,0.7336719256387372,0.6805813342690334,0.6955015439921505,0.7767376427327687,0.6993472327028726,0.7172767341025603,0.727974013266127,0.7731505665909404
0.3864399285934627,0.6961020112887736,0.7235165877591065,0.7456969036615855,0.7059566100606914,0.7137028854360503,0.7845148224814416,0.7133889014666179,0.6906386720252363,0.7273389855036151,0.7730362562830342
0.4042880783321926,0.6992095727449128,0.7526221809562141,0.6750385927512963,0.6891597354128933,0.7149569048301038,0.769011499798077,0.7252517895166566,0.6995171307774926,0.7402186265785163,0.788560554475586
0.3944390828678,0.6900738977165681,0.7196374353677129,0.6937071119875828,0.715937116998866,0.7223181657899351,0.7837365259552644,0.7399857632242409,0.7225191481892086,0.7449609497453631,0.7792011871419916
0.3745947322626949,0.653193879321452,0.6516463230713817,0.7044759555139304,0.7403635155559354,0.7006285063006071,0.7736078859827412,0.7528930057160004,0.707114930714814,0.724420308217692,0.7497405965639
0.3890425064882158,0.6263487901690153,0.6654867416248678,0.6904332606328771,0.7416944503282383,0.7046133653311553,0.7825936349376317,0.7297763539842955,0.7225798471372702,0.7588935602564534,0.7886688810311284
0.3962840689353847,0.633469657318478,0.7232337692387574,0.6963244611573558,0.758118985892418,0.6975159946441962,0.7904447894629029,0.7564754287932745,0.7307579301950367,0.695549105708097,0.804652705037447
0.3890445065357638,0.6358438268214983,0.7494088076968132,0.7039826435058143,0.7271199463142091,0.7079881716620762,0.8047934739387259,0.7530787179483334,0.7124674335795721,0.7319048614382629,0.7892548371692032
0.3526168532058229,0.6492661748911557,0.7415219351736532,0.707177656202027,0.720356773051331,0.7121526068841953,0.8014828437234052,0.7462310088452015,0.7221088569774885,0.6897686467707894,0.7718032951105525
0.3977397090767339,0.6507235643470737,0.7554289152803566,0.7087939402200609,0.7383327499832806,0.7030442937795413,0.7843087031916324,0.7406284258150758,0.6725956205669973,0.7213156849488109,0.7955908540568315
0.4220301238193059,0.6603889356298491,0.7516921225453645,0.7229985690985485,0.7240569775485943,0.7190584959182134,0.7518807650385798,0.7559214172807552,0.6759761345311304,0.7390458718582102,0.8184141375023867
0.4100731564995761,0.6733570190470131,0.6857626285129738,0.6671083681166213,0.7442645908563534,0.6863002696615375,0.7314145520710605,0.7326856354332651,0.699165365084148,0.7613916038723638,0.8317769314110253
0.4207863377103248,0.668304184726849,0.6587648639323477,0.6340329116853165,0.7294482925331505,0.6788366299605552,0.7613432808485286,0.7136480522786959,0.7089624756266517,0.7049596370620824,0.8238928712454334
0.3926036963263292,0.6514693064111772,0.7145878866526421,0.6374129133397894,0.7294063525391513,0.6968790910200665,0.721459966682666,0.7113100854547804,0.7467823801420796,0.7381456003651321,0.7560491501806198
0.406648747534203,0.6325032611920699,0.7322570866880478,0.6503028681693002,0.732172558886908,0.7091604498686335,0.7484591699232583,0.7252893510244098,0.7216766389999386,0.7043028955180158,0.7851057256803731
0.3744028318248983,0.6442097682956824,0.7200717812844365,0.6559087513156759,0.7434989267615992,0.7268652992491784,0.7357291061668837,0.7221056679585484,0.7109446829819881,0.7002680422020499,0.7627287875073332
0.3917724904701821,0.6734686520667484,0.726324035761265,0.6824111176892356,0.7399003159370153,0.7286653452076801,0.7569256235548498,0.7274146375704102,0.7000994897484483,0.7193333707757246,0.7152751431332564
0.3913901738152915,0.6557949499677762,0.7102232479423071,0.6858111363023865,0.7219227633545808,0.703913064321589,0.7843274312689736,0.7360125135714344,0.6424729293216302,0.7448333027692373,0.751190714792545
0.4003752140620851,0.6055039844559735,0.7176612641718383,0.6501365996219549,0.7224660449622733,0.7126470924646544,0.7707300963680254,0.7391443312124244,0.6699847427883083,0.7291850327507119,0.7875573539104117
0.3783178322564186,0.6539234131891737,0.7188474788188343,0.6839537784679008,0.7298690463076216,0.7029627738098059,0.7735823076872795,0.7043409203935558,0.7070308549620385,0.7230869793999898,0.8175354960181151
0.3916560792657119,0.658736524744596,0.7278246544640494,0.7139330457740133,0.7443827397139993,0.711047583071288,0.7545953331522319,0.7168535351891137,0.7201417723221462,0.7587436674719574,0.7970328581808769
0.3768305137973417,0.6607065122707663,0.7572453848881127,0.641995480863933,0.7401309563194511,0.6926381829385229,0.7681682505882262,0.7021441458604223,0.6932494942556758,0.7513971423817469,0.8240026640443818
0.3971168604557442,0.6550130999268237,0.7570858548334798,0.696975175474313,0.6912977247550294,0.7096446925738367,0.7770042940467596,0.7378722428804676,0.6992189056421294,0.7376076987690879,0.7108921271708194
0.3793241742441458,0.6115619981240735,0.6938490271162109,0.7238554943416196,0.7148978766470604,0.7174170407647338,0.789883397425102,0.7464907845477311,0.7140933711424752,0.7108604980858181,0.7624007978578545
0.402170853093068,0.6271601004330376,0.7221253512543903,0.6637360159827246,0.7300232619811267,0.7390624362611682,0.7519724129492904,0.7009050921992549,0.7318242638487218,0.7210166100948949,0.7709000263504363
0.3691884929738154,0.6330893951756669,0.7268411208406258,0.6955074074479926,0.6897613516681933,0.7481417994409718,0.7843211404141016,0.6912819010753201,0.7512159130983822,0.724834184357468,0.7727331174536871
0.3757606574306656,0.6268939322799949,0.7215770334342392,0.7036409077834621,0.7112640195884674,0.7650871153544829,0.731143487350873,0.7244476981759718,0.6921686360513433,0.7187617724604064,0.8011511212043306
0.3973360698164108,0.66545908843448,0.6893805728981975,0.6859954813064222,0.7444605830436369,0.7107616773168377,0.7635329360048646,0.727968630713691,0.7292898458871999,0.7205248491233092,0.750314792876904
0.4113780293224894,0.6238014025700449,0.7022707850409078,0.6675195295895381,0.7299672355532417,0.7380028755514922,0.7787297940264205,0.6835883888319246,0.68612713361587,0.7431541088893768,0.7428707276234294
0.400940713028004,0.6565309396576232,0.6841440622174513,0.6335002808378787,0.6714545731016566,0.7438350886628784,0.7660848748594631,0.7334813190249145,0.7019569712858326,0.7601891401161263,0.7801422558022604
0.4028227049010997,0.5873071521465005,0.7056816634073153,0.6685901988356355,0.696854576676261,0.6880300472812354,0.7868321824356683,0.762816225762365,0.6829929971912903,0.7238935705747779,0.7858417111825814
0.3862400656382014,0.6337000030666216,0.708191244505876,0.6716600621981872,0.7288823334789708,0.7149049284073966,0.7539857159241186,0.7296918987860321,0.7006765360082108,0.7495966095448152,0.7689577251730001
0.4134407345668016,0.640773602302235,0.7385981446540034,0.6898314824363805,0.7380321625068285,0.7042572073450386,0.7899959113926915,0.7356972943128557,0.6773090515580136,0.7407382427486521,0.7787050248474578
0.4092843333020358,0.6562058346403248,0.7408271548534422,0.6914157424933104,0.7406299797642371,0.6898463862706351,0.7521879500506388,0.7320879740512868,0.6823628215837244,0.7511104923737683,0.7695354068704361
0.4144596293652096,0.6675583835989178,0.7126955524779445,0.7127996132286611,0.7470043118734978,0.7027084102840742,0.7717972996081025,0.7376973427774591,0.6853295747325359,0.7185107988914948,0.7815663950331337
0.368355360111725,0.676464978934443,0.716535673105363,0.7167908614770577,0.7492410241602301,0.7155972741476218,0.7494539927697643,0.7546624222791756,0.7130384495711797,0.7393299454900248,0.7762592303168212
0.3995007565735474,0.6901254256729892,0.7407173846352024,0.7009018712062762,0.7338160785987549,0.7098109661280737,0.7615033612980742,0.759568336083642,0.719549875317657,0.7541803489964547,0.8041842094968444
0.3902426352228323,0.7014288840901464,0.703277670282267,0.6764485263871256,0.7395259654700266,0.7137129398105748,0.7623118993216802,0.7239819981483822,0.676539156335357,0.7682013020276761,0.804540047724786
0.4005769711306917,0.6939991763116916,0.68437925330361,0.6223619583371075,0.7291883463302469,0.694487327751739,0.778117143333471,0.7560905904861577,0.7101344721201452,0.720738045557561,0.781807778352299
0.4016673516209699,0.7001203007082368,0.6824645932661476,0.6759344646938421,0.7454470584111055,0.7048259448170666,0.7541137081182657,0.7320471009239861,0.7187923671258811,0.738599069659483,0.7691447323400905
0.3883970089712121,0.7012659088625803,0.7297097691703331,0.7136725281438816,0.7308247196827026,0.6925414463163759,0.7579312844782509,0.7298089743270425,0.7208716906667177,0.7138413692757871,0.781534212657987
0.4120521298607385,0.6766703955909129,0.7217250033644301,0.6622865532026047,0.7319243987354529,0.660274582948853,0.7647629794348758,0.7437924411394303,0.7259219672434511,0.7417407405536729,0.7823643694687443
0.3948763538719472,0.6365581430479507,0.685855435801082,0.6390957229481895,0.6990626762170841,0.6631240732513672,0.7900205976673924,0.7259996406399244,0.7284117672465173,0.6836905857182356,0.7810173009386894
0.3976813172568108,0.6554112160319198,0.7101565222752481,0.6461000320999029,0.7293607680781902,0.6663633425610986,0.7966032426624352,0.740494303693145,0.7043859651897741,0.7177645681594069,0.7725042387798388
0.408445597083526,0.6715627649342444,0.7388532569332649,0.656926487064265,0.7124671624480838,0.6739441536761448,0.75466610500764,0.7448942010925292,0.7197034598583291,0.7386538078784192,0.7808987632418445
0.3810608438762034,0.6849167711847992,0.7281146396151631,0.6877270657254166,0.7205343319727353,0.6845592022113933,0.7836636951597526,0.7483159858596409,0.7572684156116447,0.745384300669951,0.7824829748755411
0.3944341849631485,0.6618420764962466,0.6852327877516611,0.648979481140618,0.7062485270507206,0.7059817622431408,0.7791401768962487,0.7209415389955267,0.6951471016884886,0.7577498605103052,0.7513669704768923
0.3644354555892905,0.6291691532459749,0.7352793082462301,0.6180721156059329,0.7240800500482902,0.725682143096813,0.7213255713542907,0.7464875904973571,0.7122544716248629,0.7517519599480168,0.7689061936358774
0.3801153105177303,0.6665053632562283,0.6980747009673203,0.6927296793266509,0.7141172918999024,0.697462208734003,0.7456981431010233,0.7575315038481545,0.6997462077266243,0.7250991153938313,0.7647503683489524
0.404569044446599,0.6741886077003814,0.725719395685249,0.6726920235651493,0.7185299699370074,0.7361216013869087,0.7523607678548767,0.7175471961874912,0.6616880137232762,0.6981966235276176,0.7738910109686488
0.4011423641904604,0.6776263100247892,0.7354916157372904,0.6342791078115487,0.7302124462089148,0.7137375789544774,0.7552910485773194,0.7333712962834177,0.6676178704924529,0.729060819635073,0.7964147046432251
0.3933162974251504,0.6453810647721028,0.6642325828888545,0.6610005102678753,0.739435074553913,0.6324255573188078,0.7655071418391091,0.7315484886404864,0.7048228502601166,0.7464767704936464,0.7891466293743886
0.4007472256310536,0.6677611695861958,0.7006201596282537,0.7071714793300752,0.745117393239586,0.7102460617314903,0.7446199218567089,0.7250306358618076,0.7163677611177985,0.7300611467295846,0.7959453906828055
0.3634364303546425,0.6468979090124408,0.6711720715271299,0.7295572266610693,0.7175972994366856,0.7450658756140651,0.7515971537247895,0.723494654725744,0.6479792744189361,0.7381458815353936,0.780666926646314
0.3922955781571295,0.6280346427960228,0.7393157599784568,0.658485168072166,0.7360609231073394,0.7538051002699164,0.7678036926186982,0.7199572979526602,0.6854784337635438,0.7434132145759305,0.779555321456083
0.4045250304919721,0.5933853979809779,0.7305076577812164,0.7052573808134819,0.7474579841855465,0.6878568942163568,0.7429793451125624,0.7267237770441164,0.7142748456643595,0.7176452606413378,0.7807689751811093
0.3843049765062084,0.59003167827151,0.7363667097977529,0.7134236838898467,0.7505695603866283,0.6936565485906969,0.72200892464673,0.7435026396546647,0.7301615603341535,0.7091785865979704,0.7530099973351462
0.386692502758246,0.6137420141115496,0.7065784658459565,0.6816029093156233,0.7535092887775535,0.7130109771586941,0.7429638290677426,0.7286852765555397,0.6977068117944683,0.6976147909195323,0.7676841290846372
0.3680401922898819,0.6319025960256585,0.7326360406563294,0.6748412992641026,0.7642077179968255,0.7231705635547133,0.7470708039515652,0.7382419299082288,0.7179656438881992,0.7143088531726123,0.8078799168455791
0.3678745398729366,0.6538156625796125,0.7345566619020303,0.7025961178525528,0.7049343469173429,0.7181247922505398,0.7679037597240275,0.747234336875549,0.6601757332603285,0.7444657183272083,0.8157677610549006
0.3835097914530376,0.6584063729183707,0.7368731780146505,0.7218193898327541,0.7067302963452483,0.6802374945818651,0.7718665008669092,0.7370345050941778,0.6996912008421141,0.7554100816705059,0.7851366128073151
0.3500778489763504,0.6682354721895094,0.6605726900747262,0.6949776697486644,0.7158073361941502,0.6949772071036759,0.7420892904636887,0.7513290942652306,0.7226233936014909,0.7463381758313673,0.7768582114517697
0.3762590620414111,0.6686060301009027,0.6785065006576165,0.6601471744846669,0.7274476253354754,0.7151201595026733,0.7473376684599888,0.7420271206316146,0.6531249670603645,0.7057448101653327,0.7633838983409603
0.3963967178222334,0.6874253123525871,0.7054458031352908,0.6827601479163639,0.7004224264789031,0.7006428421538915,0.7042488266443167,0.7529346647913997,0.6884351794058432,0.7226356486470018,0.792470741943489
0.386557411531442,0.668316325626261,0.6973472771455923,0.7133697251511838,0.7363584102375258,0.7060208587408541,0.7535750392104005,0.7478245544600296,0.66925847328723,0.740922648023979,0.7435590675406556
0.3915674990273196,0.6416744318581524,0.6983797829788063,0.724742729442274,0.7152923982061284,0.7315846023828715,0.7807509782938702,0.7588713926350414,0.672311574177137,0.6943084063284325,0.756730259096021
0.4152777617326607,0.6824714516458598,0.6780115103974294,0.728420703045245,0.7121637574205492,0.6989743044443071,0.7735734406532044,0.7608510626966406,0.7189200054639605,0.7377821716538402,0.7598257661593106
0.4211134260500462,0.6771840170823439,0.7201425139782893,0.7581977790139001,0.7519105213320303,0.7173070110373643,0.7519259773188306,0.7738556652020823,0.7485531287027978,0.6643193628796128,0.7656908499092318
0.4044433033365362,0.6777347880127829,0.7313144097747819,0.7235425783636484,0.7147691594407274,0.7292024239444694,0.7454214794534811,0.7719115425443339,0.6837275027078622,0.7045163798821399,0.7906607932571805
0.4218852477385424,0.6809328136508842,0.7369438620132323,0.6720039880080901,0.721984184210074,0.7300867319612722,0.7314223884671769,0.6996003322582689,0.7165470975677992,0.7207475415794566,0.8009124556895619
0.4223885922556523,0.6646931040217852,0.7444866742894627,0.6639818408225686,0.6939143694946244,0.7149931082647126,0.7625978784198224,0.7429102959957059,0.7062964549390495,0.7234648113543285,0.8038003491616504
0.394823642934009,0.675661145669471,0.695804500790876,0.6058258096151935,0.6986894668707244,0.7096817383064842,0.7276963491062834,0.7770963613039041,0.7419872179500671,0.7017217544915964,0.8094505126262626
0.3845423817211097,0.6816992606072713,0.7093667658256103,0.6341284924315198,0.7005397041792845,0.6990240946715127,0.7094786705012006,0.7443016840687752,0.7388241086312076,0.7303540459461608,0.7673935477980582
0.397251341594504,0.6512173765368182,0.7215964174276044,0.6673189320422408,0.7259815762675376,0.7216655130686964,0.7359122949907452,0.730020505443603,0.6906449642838074,0.7358687245668819,0.7838212435097643
0.4055051680879443,0.6924337884711262,0.7270109323298218,0.699134204484505,0.7269125857858598,0.7220002660694438,0.7592072377625395,0.7576075546360393,0.6544593941757108,0.7481448425477821,0.8093409207389048
0.3805124944035712,0.6495136990138553,0.6926239787049895,0.705219505164121,0.6967741101194289,0.7010753798997421,0.7564020888291472,0.7613986552471559,0.6841852980268748,0.7124613688982884,0.7657930122052218
0.405785287168467,0.6673325883498646,0.7227113100984902,0.6494957886563201,0.7077932750243825,0.7116968895824962,0.7690472671849086,0.7510068453662677,0.7120441047366117,0.7235430539365245,0.7786112961992115
0.40580072947663,0.6815923686711659,0.7401548228009036,0.6989184555311502,0.7161684002090487,0.669640509937846,0.7755633601579917,0.7576448383797867,0.7271951477983001,0.7268008472031653,0.7624250157184556
0.4038815958036921,0.6885875427282089,0.7231498034283621,0.6650412052217554,0.7390385373901902,0.7057557527974216,0.7891433109082405,0.7652309337772131,0.6745614254608409,0.7428947311969938,0.7962145230194666
0.4189760783941396,0.6890014197999292,0.732877601926416,0.6886384008590581,0.7233619476128863,0.7155265447838185,0.7527180668511889,0.7479398743085078,0.6947408592842088,0.7550023553091174,0.7514606317082837
0.3779969804783071,0.6978731361348136,0.7072509730431277,0.6355593485159442,0.7194950499343642,0.7074515466807032,0.6626229937462451,0.759669243862829,0.6946322226367293,0.7672775139101747,0.7798497820858759
0.3943134273500681,0.6793334858101222,0.7372206172338558,0.6655895054373702,0.6835732033573408,0.7113560123345853,0.7056214190732233,0.7285379135183804,0.7009133122721702,0.7428119253959015,0.7933412258842287
0.3723003168210366,0.6669051707118471,0.6534561796443877,0.6391982267772801,0.718128493181885,0.7036221398074964,0.7192010566522485,0.7443501894289339,0.7097088235251972,0.7090591511905031,0.8009983105616532
0.3993906259988429,0.6718211784749135,0.6869883804479906,0.7049886073284184,0.7532084440804576,0.6685640128460825,0.7731584527029893,0.7213249780601972,0.7387663521756157,0.7143493456455983,0.8126050804499154
0.3648894213345874,0.6746589231736533,0.7224607415997895,0.686887392173683,0.7465551791182715,0.6695246713190928,0.7666674027297343,0.7527131146462926,0.6652622846835071,0.747068145192078,0.7970058581060431
0.3667342524834234,0.6705045158254925,0.7623484470231064,0.6643745209238354,0.6459970629006746,0.6989101348304928,0.7842554854097794,0.7058828324448406,0.6889629441859698,0.7374003939171856,0.7901473630002355
0.3663479497401357,0.6919198318104356,0.7143922307158609,0.6878551784286988,0.6878957139080815,0.7074284691865766,0.7683665736511901,0.7451580251985002,0.717523419315448,0.6904336618289837,0.7876688609650636
0.371574341041916,0.6955781295534889,0.728042874492153,0.7023559810645841,0.7147854411162549,0.7273907573763916,0.7561199342188925,0.7384416905946094,0.7361328664271056,0.7122624640045341,0.7903220782505687
0.3936444916492401,0.6499180616858002,0.7474024227152007,0.6226764570500879,0.7314662415955253,0.6979845049168398,0.750374760673528,0.7597681072289075,0.7438512791903475,0.7323874060745792,0.8056975192413651
0.3956371999103014,0.6794837975677248,0.6987026278219878,0.6717820655913134,0.7014377079806389,0.70104757594068,0.7630871519664566,0.777806237166679,0.7044013755899056,0.7435998550545397,0.7044098126606824
0.3883108378278544,0.6522908097078671,0.6313138147774976,0.687905786946136,0.7189541308834304,0.7279404983180422,0.7946662347612992,0.7327447159950774,0.7124827936486164,0.767561659838956,0.717327196369752
0.3535708100542902,0.6644114163217343,0.6836762520689319,0.7065691787632448,0.7432636566046801,0.6881242911619677,0.7735313506157185,0.7032187139027581,0.7033717955479603,0.7447653140378327,0.7527618642851636
0.390066425821116,0.6718713968954378,0.6714541498052925,0.702429775368568,0.7349696737292731,0.6910520710865745,0.7701312072928238,0.7188374487158826,0.6996158497020978,0.7295922263822212,0.7700286330987
0.4159115336565642,0.6564096131240108,0.7255135674244337,0.6748360475575583,0.731634328363462,0.70588416513725,0.7846743284587283,0.7503170388631711,0.7198369631379444,0.7494189713377144,0.7903368066272469
0.4322992091631976,0.6670825020181048,0.7582791729020335,0.6330456076660803,0.7243025399699504,0.6883830103417887,0.761154723590039,0.7283806567976918,0.7402954280755446,0.7607279744054414,0.7954926723732316
0.4440589349270931,0.6877586703848605,0.7401409983863402,0.6869594902675704,0.733631317216461,0.6482119138652797,0.7661317885236767,0.7547945225051755,0.7306755502889652,0.7454905585302319,0.7944077580993625
0.4002385047981968,0.6534265731338663,0.7152631102989312,0.7004649084796744,0.7346359944423859,0.682644419360518,0.7937281567631129,0.763214375643714,0.727703101587616,0.7575373939263766,0.7539706982259697
0.4002653360876179,0.6719802005050434,0.7580527718345564,0.6210459565739148,0.733976653519612,0.7217503799258222,0.7412154774330796,0.7575218204495073,0.7336489133371171,0.7651259899723952,0.7743157945562777
0.3491959230856642,0.6691571695186382,0.7311273898154647,0.6848968883968494,0.749617326444638,0.7209180563888383,0.7640391448534751,0.6918029016269829,0.6825811970165888,0.7729168501000441,0.798929264094103
0.378547247995503,0.641075978110033,0.7517286746186174,0.688929089147118,0.7424644809732044,0.7319953669348438,0.7422379997632863,0.7055735533658906,0.7194561513318467,0.7462490249738402,0.8106863627582936
0.4140959820185493,0.6460953982450257,0.738054569453777,0.7227086746795719,0.7060536456817339,0.6884264370855112,0.7516193662849877,0.73917102404728,0.723191633731148,0.748535953623351,0.7641687545073469
0.417455225877444,0.650118460923528,0.7350332703430549,0.7172841939778697,0.7451923779974494,0.7224136649121102,0.7448001602082645,0.7570033320046544,0.7267963930306902,0.7611103424537126,0.7886548462269347
0.3908794260660008,0.6340459132490995,0.742758978240082,0.7103622440723157,0.709772902099084,0.6661642783726875,0.7619239370034341,0.7398159754737891,0.6883442744711926,0.7557667708837762,0.7865208464402749
0.3402848382002566,0.6594601872944792,0.7456492475863878,0.7276711403646603,0.7323716725711227,0.6865824009162218,0.7582026894259548,0.7293852708237604,0.6603162080349861,0.7489093126840888,0.7838143269104761
0.366102668440338,0.6327894121843048,0.7611041360710387,0.6785829591937282,0.719637365801623,0.6578206656578828,0.7703396511488079,0.7429580496717424,0.6889572247754696,0.707079602172174,0.7878559058856209
0.3667130852485817,0.6725079090597571,0.7395734979376152,0.6812307057820399,0.7444928610604178,0.6720861439175405,0.7853468101101216,0.7504000144665237,0.690172481506305,0.7221561132479164,0.7916165612888528
0.3902668382856248,0.6616644180060665,0.7206383885271543,0.7115338084164005,0.7096652278931435,0.7094228819798114,0.8002685221442885,0.7191001576009652,0.7062451643552091,0.7292165009259367,0.8059867567508294
0.393221376653015,0.6123949652075773,0.7335787529620588,0.7117956134759701,0.7146975213395896,0.7078236387196438,0.7421432921538146,0.7345395485660777,0.6974315496153649,0.7547171276701625,0.8020367067607501
0.3923968567676569,0.5929708494206383,0.7094691690421889,0.6875842105492355,0.7703625637581357,0.7102252905071388,0.7432918674359472,0.7412982250365256,0.7014234330836129,0.7252054580699305,0.78008490217439
0.3234981653429213,0.6338470704434788,0.7040993779859216,0.6893879412894953,0.7299124936937408,0.6757859151381551,0.7776160390825309,0.748834314003588,0.6992198928303991,0.7389534427825906,0.7806692805057505
0.3751439069669552,0.6651385676045776,0.7419265064877698,0.6969503793153907,0.7366451336805211,0.687395281698912,0.7933483401726187,0.7545832150886,0.7006962132351768,0.702977003299425,0.7842155358116367
0.4016000040380477,0.6384167837482932,0.720205092528284,0.6997740481994171,0.7360011401715051,0.7272372731985703,0.7939144843739454,0.764429439965158,0.6887598602366678,0.7291808649736738,0.798435656968969
0.3858201508606054,0.6023997610038867,0.6672614933769483,0.7212766826640971,0.7225456939609526,0.7236713821916945,0.7958629974152631,0.7555255242460486,0.6956738657779904,0.7374525671924594,0.8020710552979361
0.410834361758262,0.6648350847255149,0.7341483446474659,0.6990944704676996,0.6702477165760239,0.708131059028387,0.7108628978360874,0.6986715363819728,0.6794628153300859,0.749663637023981,0.7818935425047792
0.3850112515496234,0.6876377711409629,0.7098328787752491,0.7082393665695236,0.6981528048229471,0.6946314594796155,0.7332547759525871,0.7275938327402738,0.7178423708261925,0.761193259178629,0.7930363317531488
0.3788540628606271,0.6550281092846103,0.6794433240129625,0.7515442164309762,0.7155378111781625,0.7216474190014246,0.7761676273822019,0.7337016568739679,0.7239341901325573,0.7621142810970647,0.7647521467668543
0.3768823651546887,0.6867893512374628,0.7143746805776809,0.6785537520514768,0.7365300649327469,0.6981918086843231,0.6881818769150659,0.713529561577618,0.746372038539112,0.6906974505240521,0.728498565901801
0.3837692959713717,0.7053313644885214,0.7188898079444093,0.6875962441219228,0.7445563852116293,0.7344947827948877,0.7387985180765682,0.7518533811283504,0.7048869331498046,0.7030805015812959,0.7574527474286838
0.3900484392238331,0.6858976516388321,0.6927100106341565,0.7204525643614155,0.7106987242683384,0.6577395568751303,0.7658107775096579,0.7548801630409705,0.657461583287824,0.718777246619436,0.7666733522709233
0.3561654794437291,0.6624441714291673,0.6971397192926436,0.6907872971114754,0.7346379234301301,0.6778551873350509,0.768146923799305,0.748810169767176,0.6978666548240391,0.7449502838785647,0.7757313789898251
0.4016648307189261,0.6273563658393951,0.7112290395513803,0.6432591657209735,0.7358900594755816,0.6903940358626692,0.7762703494377334,0.7335810132153325,0.7144620500337624,0.7582028563395713,0.7902854964995997
0.3564040190746506,0.6535426087121721,0.7011770333952146,0.654827672083724,0.7474655177705769,0.6750589366682619,0.7899637955124226,0.7164192260836879,0.7292770423970212,0.7211348464114355,0.7940071315407904
0.366975728121436,0.635347978637542,0.7339760705001244,0.6845860172503717,0.7200144837089121,0.724275188458148,0.7042440411993695,0.7372524067347577,0.7015712245651088,0.7458727098158486,0.7345204715971472
0.3972328921849706,0.6689467647653923,0.7367796781899738,0.7022308826663048,0.6959978212494063,0.6967257604293933,0.7451469796532522,0.7386484995841007,0.6691745963563523,0.7493143968334796,0.7595134309509406
0.3994451400090038,0.6366613312816541,0.7055795833694136,0.6158220336939282,0.7323995186933768,0.6930174602263203,0.7570417941134145,0.7601126019931423,0.7002213294799207,0.7673166516536605,0.7657871777127228
0.3410597931869895,0.6137708063797973,0.7225868258159441,0.6217142480807363,0.7449331740047088,0.6951819703170876,0.7684132342100369,0.7485273692833883,0.7016991804500814,0.7532932678318159,0.7763672340601485
0.3704692760378576,0.6421336911279092,0.6596368538243466,0.67019912307907,0.6923893934812694,0.7152120178723358,0.7732529351993576,0.7776186440607391,0.6633341877452946,0.7278181690273083,0.7827779703130875
0.3972116587260442,0.6551136997987144,0.6801468295486717,0.6836990721920673,0.707855518868,0.7456721068587562,0.7436391455298502,0.7810272287907498,0.6707809395931317,0.7349922432865152,0.7861504964910873
0.3825323986341114,0.6439908211858789,0.7222604602100191,0.6931862053281992,0.7116722591248898,0.7264967697178167,0.7635675255886056,0.7632260643560689,0.7184340374415639,0.7448242213749612,0.7904505233092727
0.395289418133924,0.6715668378199878,0.7279747685360061,0.6733308026371054,0.7293103944062762,0.7283582095621854,0.7929855684496213,0.7293976221310154,0.676746877579917,0.7373968309865736,0.7910920463454014
0.4178323855738192,0.653481081101757,0.7193383093900787,0.6950135229054448,0.717370669575443,0.7229876934935,0.7755423968762977,0.7350045687964937,0.718620531878252,0.7510106785994357,0.7185566340292234
0.3747981306612878,0.6387666409717283,0.6659140196914007,0.6890872286880676,0.7125526673323097,0.7349720113784306,0.779615255024241,0.7233485200400206,0.7029100197307183,0.7541561533591048,0.7568980040879432
0.3806078613923142,0.6201772739812209,0.715206531284216,0.7108798250233317,0.7345841469206159,0.7160938883815978,0.7798324008893387,0.7338839035313469,0.675946262402631,0.7362190433639878,0.7631858142326633
0.4134546867256774,0.6380267828881865,0.7268400961756407,0.7021719815700024,0.7164800900102668,0.6942216934380694,0.7689086437209678,0.7403134899061117,0.6805686173261005,0.6865509662354664,0.7765618529507314
0.3485858024464228,0.6439614861592893,0.7359477011329469,0.7354437060105419,0.7296026346408337,0.7105598948219682,0.7882437420643641,0.727419227448482,0.6938052682128065,0.7177732743830911,0.7922781993093677
0.3971488163043696,0.6444154427049844,0.7573487791327459,0.72284195251523,0.7432072699900301,0.7023034447341953,0.7790838984802018,0.7364901116126552,0.6495981075729881,0.7491928475637819,0.8046991367471648
0.4005389228707833,0.6552611621579597,0.6501896656468551,0.7240246181168495,0.762166568487769,0.7185058298560015,0.7384584594734486,0.7241261871985382,0.6846651152132717,0.707047001839233,0.8238888387108101
0.4042053201453256,0.6690403011887902,0.6935264944991251,0.724771299047651,0.6946189094579402,0.7191724402815334,0.7674260561107745,0.7585832081617605,0.693225169980729,0.7367240040397665,0.8220120134829028
0.3695157450579968,0.6929907440422756,0.7003608325387617,0.6796764444087838,0.6849114607548455,0.7178879060519845,0.7730621587634221,0.7615493845058663,0.685679615800911,0.7491128174878438,0.7907225409088341
0.3840272385786313,0.6778791325089245,0.7109661150796116,0.6926702592289145,0.7037815991103755,0.7365572378768381,0.7782445929278017,0.7168285678786773,0.72418329747756,0.7467503307025195,0.7388182203771742
0.3993041613852811,0.6974307537908153,0.675192495389128,0.6971512435198004,0.7151823720170105,0.7291603825981436,0.7819890879115308,0.7386373545637763,0.6874176784061701,0.7471446456026196,0.7753404729079202
0.3945691714722376,0.6673157398418874,0.6981656642598629,0.6916468175669087,0.7245239469795837,0.6498297981636091,0.7940218939771808,0.7363450429980372,0.7374279150392802,0.7245621448153499,0.7945539140238126
0.4132896841293282,0.5704848627097237,0.706505417554049,0.6866025267822398,0.739414634907914,0.6795558824356076,0.7815101230046736,0.7436018393045812,0.7386011919606539,0.7344318192831663,0.788563712206496
0.4198805748293691,0.5931467434601008,0.7380930617158934,0.6915554019831007,0.7357253017933384,0.7213730710008122,0.7438288018154224,0.7669981514979615,0.6681917067452058,0.7249129134237032,0.7406242353902885
0.3962026527698037,0.6406814008795674,0.6762764677290976,0.7117828491505346,0.7407206521151359,0.7344073179717057,0.7631614416461998,0.7875807345403527,0.7196181404596115,0.7334361326984624,0.7818639714942488
0.4024076117433456,0.6713863647181086,0.7021809761696687,0.6857881913022436,0.6828491791300656,0.6664550055169413,0.7774628735488516,0.7440877322818357,0.730173590739573,0.676585036871648,0.7861453295459624
0.3593939543006786,0.6718817792194751,0.6951792870052322,0.6759764519977725,0.7119641226433895,0.7032871461967454,0.7847952224777283,0.6895536753916996,0.7301814381899892,0.7135863167625671,0.780749700027094
0.3812028466669511,0.6787403358266091,0.71660722506178,0.6799464084303011,0.7254954103126998,0.6968887424612631,0.7967148204164616,0.708693241027739,0.7161325461011868,0.744765674733676,0.7847443329329792
0.3564623712230639,0.6510849561966175,0.7325835436333008,0.7066032662814609,0.7417324094093602,0.712849982852968,0.7815697072556893,0.7407799369829425,0.7290563388826161,0.7397218933122883,0.7862941153477099
0.3598522170790363,0.6304278278972469,0.7304038295905122,0.7091127865170352,0.748620687544896,0.7365149775431696,0.7540388269298102,0.7583683310930626,0.712201634776115,0.7514298139991595,0.7868764409738052
0.3714797958631409,0.6550811191757345,0.6959801968990623,0.6709894064287923,0.7280450885946725,0.738332820413798,0.7519650627425906,0.7627464231444538,0.7223189493394475,0.755851891328122,0.8121677167581501
0.3873712710376158,0.6293872700279357,0.6879070457330356,0.7294743754423358,0.7487480326002416,0.6672754049420709,0.7506959867002565,0.7763548962082361,0.6856401655824996,0.7168460017429108,0.794053291538362
0.4038605874849436,0.6476244196551904,0.7155861832100581,0.7100810673162161,0.7567509807108643,0.6991094286229274,0.7539474709942531,0.7283993551327756,0.7111185343136386,0.7450525635201815,0.7865349949393752
0.428531025221795,0.6604508612534408,0.7072591076591336,0.739299071517687,0.7591165220374168,0.7154718433316475,0.7703989560023531,0.7485625984284677,0.6777725882513312,0.7355859226640742,0.7890388565082529
0.3722526239825258,0.6127261914470024,0.7333757610755048,0.7092502490845747,0.7083487907849824,0.7512559794423482,0.7894307978948545,0.7160547976478772,0.7186656662981741,0.7470345089434902,0.7852892244437862
0.3828348749313343,0.64316208129016,0.7428484749752033,0.7249845436983635,0.7103407032227658,0.7453792992768555,0.7459243949737301,0.7122636913222428,0.7266076018418729,0.7147381515483845,0.780926583085168
0.3829112729535606,0.6264721122296504,0.673030534844731,0.709661842370299,0.7451215745915414,0.7073590191988743,0.7590858269282021,0.7282556718320994,0.6726731051603829,0.729022877049792,0.7872296729793269
0.3744450684032018,0.6613392256137922,0.712423991271998,0.7158961001827409,0.7372473236080319,0.7350378318767965,0.7701126055531758,0.7321352928543607,0.6919525113883611,0.7460478513979194,0.7959089941493065
0.3831899792564037,0.6761174926855715,0.713880006316145,0.7132866797394116,0.6988759178794116,0.6842527654062577,0.7977296482961572,0.7423046431250622,0.7018890146608354,0.7215483779633425,0.7956428416544863
0.3956183170582119,0.6220228733165352,0.7313832852184512,0.6968645679333285,0.7377621123386225,0.6871829445442689,0.7279198764229983,0.7301573158223525,0.7353687782120011,0.7469225158825393,0.7648876828460315
0.3984990991704434,0.6465426662833218,0.7182835933738465,0.704063517501247,0.7398478691355922,0.7228042841215465,0.7508691097358036,0.7435067809748026,0.7362548486717253,0.7199341636343027,0.7135548341528285
0.4027125986720625,0.6831831582055146,0.6758103668086628,0.6536637343090718,0.7454954945839162,0.7416435125389722,0.7699113688871524,0.7366524771936717,0.7268063822586041,0.7297386262574026,0.7386614934671794
0.3828582354336617,0.62523317534906,0.6675192037052029,0.6838445218607629,0.6835465313337923,0.7209612556417557,0.7798875864435644,0.7657133180878597,0.6825149647018799,0.7290489133061011,0.7599509305920491
0.3969034489957752,0.6266659914109907,0.6744901033008386,0.698276656557625,0.7282442670311406,0.7428752086680448,0.7747142270793121,0.7503912561054333,0.6840571981104184,0.7396807252301669,0.783047674721538
0.3891521522028199,0.6394382536123189,0.7036341361806335,0.6318340245774002,0.751394465540941,0.6880367154986734,0.7303762764086351,0.7409676436042345,0.7200837426994291,0.7365741218699765,0.7973420669022421
0.3927285268321164,0.592018015230851,0.7399379827449968,0.6504574820879256,0.7381597964485496,0.693438315144672,0.7378772651854048,0.7457011212166544,0.6863610756875986,0.7395716836343778,0.767875576281792
0.3796580655767296,0.6110304301117098,0.734711712031288,0.7031713702149733,0.7587940308209875,0.6872556978032422,0.7758410698837097,0.7419988810313594,0.6916892530925958,0.7010492048650925,0.7901495019326665
0.3450651717774153,0.6148446902431471,0.6762726366709426,0.7107887244945073,0.7309560454153959,0.6938105533568023,0.7966882439527694,0.7671636707775045,0.7079758697966556,0.720231860872086,0.7618937631083149
0.3576731184565401,0.6240429361419887,0.6938719042637636,0.7120287205384077,0.7481464730958627,0.6883375854450225,0.8038075201367498,0.7230133898793768,0.7195220649090895,0.73962441917871,0.7595292520525301
0.3624092416198338,0.6508813453345484,0.7082931099902187,0.6682761023511051,0.7268360086510907,0.7035923950982202,0.8132561401654773,0.7312330542712738,0.7408944845410718,0.7585628406945113,0.7742951205595606
0.3723326856669658,0.6338421329792412,0.7083055007436068,0.707349333037428,0.7232929404873331,0.6789802949442856,0.7392377358732464,0.7350682550902048,0.7443790184733741,0.7091009006062705,0.787880741917915
0.3475699211019837,0.6354619983197421,0.7070139905317273,0.7156216358501435,0.7496356742797547,0.6396005135673557,0.7643431818546205,0.7525479064929319,0.6736806441391645,0.6994054664862492,0.7729410920216307
0.3808812859621431,0.6586202935858021,0.7164424632590958,0.7279419748360745,0.6712826038646609,0.6741784359950044,0.768588688150892,0.6971033129159471,0.6892920128996575,0.7212837981843987,0.7385266975534001
0.3920413622365336,0.6767293692487539,0.7271262943280221,0.686487995933185,0.7226631990752578,0.7091032467097718,0.7830940355186519,0.7366926457525889,0.7173787711465465,0.7291396614661119,0.7418544544536125
0.374016693394947,0.6915085257595175,0.7253417361576417,0.7165359110240648,0.7477040157201721,0.7073656480308568,0.7051667072765587,0.7421732939903525,0.7176766616510364,0.7353947603032469,0.7580317866230157
0.382037262316488,0.6240599477708649,0.6935696428033777,0.6832570508416195,0.7233532337805232,0.7123319895328648,0.7452989664740968,0.7379097372773555,0.7003334606208379,0.7280091120301688,0.7594262831875573
0.3990672552799003,0.6628569065581698,0.7440655859415908,0.696821050665388,0.7153421493823032,0.7150654418108171,0.7793049455129073,0.7415365596252832,0.7403807362411452,0.7345069758597065,0.7296563925131537
0.3403664401945073,0.6578439690676506,0.7084625074594114,0.6512012325374098,0.7247490427056489,0.7325635803393942,0.7867557110758197,0.744028373212678,0.741467037752804,0.7474440426575149,0.7593751199871508
0.3955359793494317,0.6818937021919123,0.7470653233710246,0.6909932199789517,0.6872022872021905,0.676888709787361,0.7961014609475006,0.714524058100958,0.6667936635897262,0.7591656047968238,0.7502465903716471
0.4180121346476526,0.6667515653075341,0.7139408911923188,0.6911237966416452,0.7075009509819844,0.6701438120146156,0.7808909828311741,0.7122841854102872,0.6905554004080825,0.755200025814681,0.7797371935819384
0.4271222432399219,0.6250502456384749,0.6955022998307456,0.7175823472306331,0.7187613182088393,0.6936153170844392,0.7951763035503481,0.7197303137108861,0.6922783583763177,0.7754695557642037,0.787956482340535
0.3656648503261973,0.6371407167667007,0.634010382129063,0.6943247612342978,0.7220329751052793,0.6863354322237494,0.7869575865133126,0.6934169979391088,0.6381654036300297,0.7659834205435213,0.7601391683639499
0.4055132513440029,0.6372965051448747,0.6824026356391176,0.6613090367343072,0.7459052988754749,0.7226893587325498,0.7981235239197939,0.7255675777821244,0.6774305094978887,0.7439270134930894,0.7942493617182711
0.3693377686459719,0.6569451673617654,0.7009474706657653,0.7017595737918743,0.6808393334268276,0.6540231570685829,0.7608497920393245,0.7395278347229499,0.6929891768249844,0.741879365341408,0.7990828990686171
0.3535026520980103,0.6726634404520035,0.7343146077039651,0.6998317364520259,0.7015552575180667,0.6595315043228283,0.7739163072700543,0.7326614824965957,0.7215146795056803,0.7438774308310794,0.8089919367682041
0.3880761802332557,0.6676787219293697,0.7225063517147158,0.7302883724490676,0.6872793787012221,0.6756600924500363,0.7744291173583977,0.7363522440767489,0.7324966637940846,0.7435979592908311,0.7296599795105772
0.401011176693815,0.6360179261760003,0.7184461117871678,0.6721459395348869,0.7427854483966114,0.671812572967849,0.7883347402773347,0.7399742589177052,0.7221532742831264,0.7503958545517269,0.776101034408446
0.4100472861541667,0.6784575100583983,0.696177916619676,0.7052401372301661,0.6556152622891162,0.6796365706205296,0.7574739351571268,0.7688976652066504,0.7237022733346594,0.7615245556962846,0.7931108289455864
0.3495885252404686,0.6371951918665006,0.666151812193856,0.7177544946960102,0.7308538013460903,0.7086923301495772,0.7642008805288771,0.7317332576619957,0.727722491172558,0.7571950931671643,0.7713617181762977
0.3833707161014225,0.6460538163857898,0.6815872380428164,0.6602229383131059,0.6954065262230108,0.6735493262869806,0.7658716101172663,0.7413415805411453,0.6893926819973719,0.7495804275624263,0.8106497465530067
0.3910873110229828,0.6645848334986182,0.7113785769058205,0.6197742428675734,0.7049692659611767,0.7160503074833263,0.6973004864356592,0.7568552377909774,0.7023938367156621,0.7516064544777724,0.8261339219515555
0.4128804888937967,0.5878855634877324,0.7246208600379076,0.6736790041995302,0.6859308827307476,0.7250539538979348,0.7401376720927079,0.7531072171612204,0.7145061348015199,0.7521995896201431,0.8168991547067476
0.3604334480996309,0.6500882772215746,0.6688668039407913,0.720880286589952,0.6681477575780675,0.6948355263873,0.7738782856748478,0.7500939417646513,0.674906400677333,0.730329067973663,0.7814580372459651
0.3752918098845921,0.6677217513283517,0.7162478863767401,0.7077172727576564,0.7170048225860765,0.7085294741648228,0.7775663752021947,0.7221149925325809,0.6927017694699302,0.7323702732804648,0.7685044711714092
0.3810059944209133,0.6836497184215666,0.7102445642150773,0.6133908950884707,0.7522774596226243,0.715935815515071,0.7785188723155133,0.755647097470854,0.7141897519692976,0.7460193960073893,0.7768002903784148
0.3808313244748348,0.6654493600867649,0.7464285091172477,0.6514540609219983,0.7591152080548926,0.6932253339109509,0.7830922859234085,0.7116885553345195,0.6764064300463748,0.7335656451033791,0.7888788447121875
0.3323625049082168,0.5955598443142103,0.6727332274366825,0.6876413250874007,0.6951741798549012,0.6829794829321061,0.7526430874416291,0.7471583624219436,0.7030676629388071,0.7446800147241459,0.7777479558411498
0.3613686201788822,0.6218327966059869,0.7405361057946594,0.6313169065030453,0.7238661460822339,0.7078242973926632,0.7320953868525651,0.7517080391532744,0.7449996911140998,0.6915015215544604,0.7968544371132129
0.3809457561666737,0.5970475854544566,0.7199158972682623,0.6742791334908664,0.7537884440554008,0.7216827768120616,0.7449119417680922,0.7603118486510032,0.7071684729162659,0.7276845311391367,0.8136687001621066
0.3728468583059285,0.6313163526925842,0.7373296583514997,0.6762294154353616,0.7233225431675577,0.7199882994008024,0.7625862357743233,0.7551495551151796,0.7249929939319726,0.7450413289837008,0.784092329590945
0.3758847436410505,0.6661517466665925,0.654602293637432,0.6800312888050257,0.695694009094795,0.6649381185874774,0.7203549595131623,0.7671474194160592,0.7105987720611928,0.7697392824815975,0.7841131170890225
0.3920218644353849,0.6774843501547498,0.6902291366218161,0.6533844643789437,0.718798361528783,0.7116787653476788,0.7234907438840773,0.7490146385915393,0.7110150274185558,0.7393689051976416,0.8017045760308827
0.3994539664595793,0.7082250221289139,0.7176447724887295,0.6884058989560754,0.7224044659255364,0.7164863112660826,0.735778459795482,0.7528447859575139,0.7247591492264558,0.7464204025760817,0.7754102220834337
0.3572584818070676,0.6995073006510372,0.6829399188188897,0.6322719739903708,0.7307212312230247,0.6544179189476175,0.7671997002080345,0.7576397443776929,0.6998877346506384,0.7330659973349462,0.7934120130076792
0.357766674520743,0.6562053582514248,0.7204980656369198,0.6915879345391821,0.7631355484959468,0.6315207193972907,0.7691857247181935,0.7659145688173052,0.715505720029332,0.734087983743507,0.7618970752635534
0.399690004048512,0.6628137084287175,0.718151598450095,0.7165182477389862,0.7210486338208089,0.6588317187162492,0.7955415031825985,0.7701698171039164,0.7202780133313114,0.7448414333942891,0.7832721331598209
0.3984101238242724,0.6794778505843502,0.7239400904866553,0.7153266292567866,0.6861120079756111,0.6658836084771538,0.7762897396583999,0.7234606518747542,0.6642351673510937,0.7326137480981715,0.7924877693035222
0.3917248801148373,0.6297251025692325,0.6748088135266138,0.7306470403448971,0.7060617884749436,0.6926770911171408,0.7915228722372456,0.7474742134944661,0.6903716506134794,0.7386793500864453,0.8220431371463144
0.4002233690353577,0.6362134824526269,0.7072640077350381,0.7126798338912284,0.728962861180515,0.6901462335105885,0.7967446802577036,0.7171002845881725,0.7056374919429167,0.7271583855915033,0.8238333666428601
0.396338754687578,0.666064593111066,0.722254538431327,0.6938483263750318,0.7385451824270661,0.7115558232852934,0.7961358962800427,0.733546077742197,0.702986876173091,0.6966867832369523,0.7733490401066602
0.344453677064987,0.6251856566809024,0.6433217542380014,0.6300850746240395,0.7395632573906392,0.6583975787130028,0.771663900492872,0.7537282067067139,0.7135754644380081,0.726956431089036,0.7814497528558735
0.3646064724340242,0.6192793372139294,0.6821032825864956,0.6559981674821985,0.6881320840624537,0.6919914100546507,0.786689778161793,0.7544179855311061,0.7412077717862141,0.7349279295535188,0.7851478418090463
0.3648289053195275,0.6396107816808695,0.6658727269651051,0.6690818479834144,0.6919119353966392,0.7008543094195756,0.7867604239895146,0.7202860003460092,0.7499064319265915,0.7295403440156105,0.7715623892775677
0.3823986353425584,0.660153015911292,0.6891926451095087,0.704305340971622,0.7054195165960584,0.7062545999209501,0.7840688380080908,0.7371431121163239,0.7454796062190923,0.7255991717654229,0.8016173041900015
0.3964741587778575,0.6182471999419794,0.6710467920614992,0.7058169639131537,0.7130783525175852,0.7105847247122952,0.761335975250245,0.7421096074228335,0.7059185571848855,0.7473732114567337,0.8192315592903965
0.4010546850679813,0.6272746049383611,0.6868835109597631,0.7019619569859125,0.7219496857835268,0.6964133047322418,0.7918427274072004,0.745679751946551,0.7371383906796032,0.7607829431986274,0.8104458381037327
0.3514130783308567,0.6374834180955107,0.7059565791918085,0.726490789137294,0.7395163906894473,0.640242960755247,0.7469897582958831,0.7348904823397852,0.7320400260304974,0.7438179015638572,0.7623371870696902
0.3699088119680641,0.60170160265242,0.7242631641308999,0.7350045611836766,0.7170892874924523,0.6488442248716568,0.7654940387508937,0.7367007972095151,0.7348930281467875,0.7579743517193417,0.8151329576007731
0.3951933654032493,0.6108224610757832,0.7136553734536147,0.7071598401915747,0.7463134014330228,0.6944947936819102,0.7757590247416593,0.7564010845224457,0.7248682986813202,0.7327143116509015,0.7688633602651651
0.3869434906764545,0.6385718157654784,0.7214790745996214,0.7017544064091743,0.708267140408663,0.7210720172571241,0.7905364181280585,0.7098177289617587,0.7337039439486088,0.7247987377912186,0.7817026514403778
0.3902830681789738,0.6450376185098015,0.6955015907054274,0.712288871553199,0.7157791301677997,0.7382186010124072,0.7796215863201145,0.7262506597787144,0.7527110921080169,0.7470383674432,0.7858207421904392
0.3856809872845581,0.6576678553995468,0.7348004663291297,0.7234876219991635,0.7209530418121193,0.7272503898345036,0.7818036977692626,0.7490178211992968,0.671024958554831,0.7000217949155789,0.7724485323698835
0.4061298118071268,0.6016218045607278,0.7606260623564233,0.7292924316110656,0.726812502796274,0.6582380826803947,0.7651057522321066,0.7416938413698089,0.6980781482018594,0.7248988660669188,0.7849260293959767
0.3800889615798521,0.6210283745725924,0.7227058206904952,0.708409770861843,0.716954479521546,0.6945313894908802,0.7756155406611496,0.7586403666085558,0.7199190057912364,0.7472990197371724,0.8001540822632528
0.3152567532644845,0.6356399945165339,0.6721132624075428,0.7002481467699863,0.7138790558483861,0.7045320514816222,0.768675246667996,0.7029644882779685,0.7443156572303431,0.7529287155505885,0.8052749050728778
0.3532918519881453,0.6437103261174282,0.7227717738178643,0.7066766372891862,0.6929012559980188,0.6578442242487762,0.7285524032918677,0.720975915626664,0.6837547154667389,0.6668191183058839,0.7831562153671427
0.3770326698786314,0.6213596259257392,0.739995396317696,0.6002422812109449,0.6981546402571133,0.6665963469967282,0.747385369681141,0.729260490651617,0.695009516927446,0.6767131632316332,0.756120129586206
0.3389539702601167,0.6618906899752592,0.7040822620891136,0.6508004588251015,0.7193057561461877,0.705428996331869,0.7467295103457102,0.7113856778416848,0.7304709315287272,0.7290639944490324,0.7903936541373379
0.384646627640174,0.6114262399753639,0.7261679976217327,0.6786714900254351,0.740109886237752,0.71964681075321,0.7590132634658684,0.7503688490974458,0.7306231561971991,0.7301282414964041,0.7858255618136409
0.3959355888162575,0.6369161094658484,0.6844981578086308,0.6909402520547338,0.7764880370471916,0.700278168641337,0.7750606584755528,0.7222299051726104,0.7410012607993332,0.7468012917768303,0.7892562276868764
0.392160984241355,0.6691115131831091,0.7147339165164006,0.6922775643436181,0.759882708939114,0.7003666235516498,0.7570873395534108,0.7418228364341937,0.7439215806631173,0.7456542022396957,0.760926900799807
0.3708379029514687,0.6039364568370743,0.6665411160041718,0.6853416570501537,0.7400184601924393,0.7131267167521909,0.7540180453514177,0.7371086256533597,0.7431872015635247,0.701332479235954,0.7744007485070961
0.3646328969647248,0.6257424204351998,0.671913894507596,0.7054698216007258,0.7238463953234053,0.6920389116179543,0.7667790603852179,0.7467019070088515,0.7344934494277935,0.7311977594005619,0.7926003993227904
0.3721108315839233,0.6287483538426075,0.7047241642939011,0.6734407257747541,0.7133277863344488,0.6996405392348883,0.7676522725291306,0.7251269042472163,0.6763492073818009,0.7322950705969565,0.7562725768367036
0.4006526527747055,0.6466880302972382,0.7183917615223613,0.7084521641567333,0.7467089145737207,0.7108208442419806,0.7797058941592083,0.7367361240029339,0.7114361011916854,0.7411194048671285,0.7932509763511106
0.3993027744624524,0.6568135342545505,0.7198375908151788,0.7207562551958379,0.6808539428159258,0.6747098795927005,0.7575389549387637,0.7535336977560322,0.7351473738661672,0.7669590597880671,0.7643104351963156
0.4068745886826886,0.6848031910312191,0.6936191191273375,0.7254871769826348,0.7100814763288681,0.7041204507633183,0.722450185197607,0.7522118498363424,0.7546818174537757,0.7856725028125071,0.7361828338108682
0.3663083171966574,0.5781128733018348,0.7145167701374684,0.6741585243685763,0.7266439684538111,0.6507710435711002,0.7655721754554412,0.754312566354548,0.7290847472115388,0.7601789661182597,0.7395275879857721
0.3744221075726898,0.6137335648503592,0.7195149169455536,0.7092377877685867,0.6615682415762274,0.6716858114787548,0.7822355343472245,0.7573518421070846,0.697303347757975,0.7797582626193116,0.7840691976923826
0.3792206443493766,0.6317398958483476,0.7229025108015201,0.7024164883672852,0.687781453364726,0.6413106515150451,0.7941574083393672,0.7577150684490785,0.7052525838994239,0.7503725481132948,0.8007204958938102
0.3827744086561551,0.6166015304638327,0.7315380995584707,0.6589446655726966,0.7110767986106393,0.6444241792392063,0.759899613866764,0.7649581375565558,0.7135662350661803,0.6953588540664258,0.750562302817026
0.3894807987189127,0.6362381259847036,0.7317774692220796,0.6889951968998668,0.7240740661432286,0.6812205607966576,0.7634016346183152,0.738497883665534,0.6328203409666278,0.7072103421753394,0.7743178018943828
0.3577804987539399,0.6465866143245781,0.7363323461188076,0.7190313267593114,0.7475778345715489,0.7092496428831391,0.7528860954310269,0.725447498573003,0.668893376320706,0.7216810294943261,0.7697789712754145
0.3816663826510647,0.685403542691612,0.7507275947921428,0.6723276066051805,0.7451327824711123,0.7215720038698019,0.7647475590911283,0.7174046511461659,0.706250201275876,0.726982042291068,0.7936941603690824
0.3807172359382278,0.6513442205531734,0.7452434265415884,0.6823191644703118,0.7525113221135729,0.6794034013654899,0.7814122125872449,0.724319906027316,0.7107551191663146,0.738177847152861,0.8019595651776881
0.392664286392231,0.6526945088511112,0.6827243734902361,0.6922362439794314,0.7145704989423449,0.6851375778000013,0.7443037143434161,0.71702203570112,0.7131524259120077,0.7580283304938789,0.7827401966666404
0.4035041868761356,0.6499843354940789,0.7340556050546831,0.6914770787730854,0.7163698679428782,0.6502967099047824,0.7431141093649865,0.7376106118939598,0.7099604228210457,0.7647703306427602,0.78589155089156
0.3970579909354418,0.5664494794740405,0.7317526277510631,0.6984747440341628,0.7192476561006604,0.6882645577568648,0.7565450860065976,0.7356145490327732,0.7422487361223276,0.7199368985909825,0.7877975134596631
0.3703838899371595,0.6263770102804074,0.7559303107144928,0.701757696696452,0.744714768380049,0.6483630212583337,0.7823141984548303,0.7059903456777467,0.7545567330928422,0.6790334068235432,0.8043716904261333
0.3799899968044921,0.6673024755656064,0.7429360601980929,0.7044077897670828,0.7044382834185043,0.6715689174460802,0.7836787239442323,0.7349964593056115,0.6580554624814394,0.705454985172904,0.7325723050330133
0.3858233153935571,0.6654441705271356,0.6915000202114424,0.7071692876462955,0.6787565417073002,0.6850186024756343,0.7597723950055117,0.7480258283557877,0.6772940586189509,0.7275795237602947,0.7601652383752544
0.4027252012593687,0.6068707868210245,0.6618501520129647,0.627390163318783,0.7135823926076483,0.6913670114241157,0.75101934280335,0.7429573539165764,0.7155407916851166,0.7305210269466855,0.772790530901541
0.3949941645701256,0.6191141821293853,0.6910251833069783,0.6353974498613324,0.7154083379820613,0.7202317331125061,0.7690651565792261,0.7434509037483981,0.6970236865963724,0.7329815381074325,0.7807552284789828
0.396629001476687,0.6296016589552318,0.7041923036032611,0.6629892733988607,0.7160967266494391,0.7221099616985271,0.7642020365791499,0.7610198554987024,0.7013002954909731,0.712391122538549,0.8016563404845705
0.3786593158365839,0.5855853080265946,0.6582140228045185,0.693202586148929,0.7266370624791654,0.6750892462593046,0.7746374682360931,0.7088609615534571,0.7168197689116829,0.731326956200725,0.8070149680675156
0.3767916355309267,0.6194141061789522,0.632197756699356,0.6585831705433016,0.7336075680064378,0.7185689508806411,0.7928960140730443,0.7624757308677399,0.7045132286175566,0.6911772289836768,0.7567333963039641
0.3925071133302417,0.5445447655239098,0.69639771143464,0.6865788651575557,0.712384366421517,0.6951515230905534,0.7628973541749402,0.7314376276777836,0.6866269407608936,0.7169033701737897,0.7466287290154677
0.4149479446612027,0.6284476182917125,0.7116179498002873,0.6774190058952368,0.7510270245428652,0.7150585888887094,0.7714546529915063,0.744399117395852,0.7136076444188213,0.719463019886452,0.7568791203937877
0.3857915314273022,0.659327863792107,0.7452079150884869,0.6981301467640934,0.7089431632889389,0.6680051740674813,0.7657417363056569,0.7298495892060525,0.7334173229334451,0.7243048577912021,0.770528588229104
0.366159664312934,0.6168682485525583,0.7540254683727539,0.7139068310178016,0.7246435436415849,0.6582889679869004,0.7750847035298887,0.7418188347463619,0.6866911500310736,0.6993492231776169,0.7713288843963463
0.3709630951941968,0.6298357072594298,0.7601521055891214,0.6716496198215756,0.742420763806179,0.6870216969790393,0.7323049273278074,0.7491055942796737,0.7264906048855249,0.7220740316526981,0.7395336754019326
0.3571571541274599,0.6440917844952896,0.7315315460621731,0.6730194583897477,0.7302763446970283,0.7100638289034066,0.7602846136762945,0.7513636993864823,0.7417613284965278,0.7463157521455288,0.7783397210166361
0.3639815306576768,0.669724004285924,0.7027232390924766,0.6767194588079246,0.750173374649364,0.7239218563857546,0.7716459821971831,0.746764454838298,0.7159801968748744,0.7531294790698427,0.7489175606061254
0.3458978772236437,0.6606968415296787,0.6962299783033142,0.6533271197875615,0.7270505686502685,0.7304157508466332,0.7747827354705942,0.7553880535687103,0.7536197061290785,0.7479325622749317,0.7641936012223514
0.3850629953097368,0.6698979013914337,0.7203588403244914,0.6682965626680395,0.7489502501173112,0.6565591501734731,0.7864077364867417,0.7719951050893097,0.6965980342222255,0.7519975366109763,0.7803673374470336
0.3521227872377572,0.6627866007591258,0.7488654676842522,0.6814285501790296,0.7211347818410613,0.7127058978525096,0.7846498422092508,0.7647900948215036,0.7321442131139517,0.6864034557166236,0.7909125618038297
0.3767143795958299,0.627922976879357,0.7399044055132373,0.6764706807087084,0.7586335610758124,0.6855455269052905,0.7393885448494262,0.7530437129447324,0.7205103370469301,0.6895990975133178,0.7784855026023006
0.3823827646075944,0.6313005195232362,0.6972364544379134,0.6982247900130891,0.712346452619188,0.7117427118010062,0.7606761263096512,0.7505510772032364,0.7155898706894304,0.7150596086265257,0.7513748997837972
0.3283214114922327,0.622907463498915,0.6988054405132997,0.68105131613095,0.6885971926498522,0.7309034340138045,0.7553381445312437,0.7471277078849511,0.7339841138171848,0.7403126136901803,0.7682168557283849
0.3602886367323163,0.6352647297988248,0.743749139802976,0.673099179288249,0.7080374926951474,0.7320268960155732,0.777065984851919,0.7223092098311715,0.7399491977786772,0.7010494567771257,0.7506433976052841
0.3780999609938212,0.624567716780737,0.6337463037750665,0.6631134200279157,0.7187485636024472,0.6566752405835169,0.792861691120608,0.733562682755829,0.7252652628366393,0.708970921663131,0.7353330942693358
0.3865509043071816,0.6334093792722348,0.6890899494888403,0.6849901565982399,0.7374993441452196,0.6804608303135015,0.8073428484383893,0.7409545151524387,0.7289889168028416,0.7178728395994247,0.7703215884544021
0.3960763914497932,0.6500649197770912,0.6610749602763907,0.6679004824854642,0.7372656316548604,0.6626288748604265,0.7646385920951962,0.7197480215249721,0.7406602963384845,0.7344131122958734,0.8065160640644347
0.3958375957749343,0.6469595571093922,0.6970802025916447,0.6669320103798678,0.7223892666315616,0.6750501347699969,0.7622840970644027,0.6810050741399246,0.7156861528621388,0.7275188531506203,0.7623263363866652
0.3617089922062934,0.6556268430560865,0.6537566754506519,0.6788420843108041,0.729703891936943,0.6838665284277666,0.7735507986562926,0.713626336692947,0.7285898671310538,0.7512624748932453,0.7895836226084086
0.4117768084546643,0.6594097027275942,0.6837757564871558,0.6997043651082804,0.6548409567397361,0.6904396432988621,0.7527661017231987,0.7219290842323618,0.7420978597677939,0.7554735907559269,0.7809934857311628
0.3973549298112141,0.6532248508045025,0.7160916668227081,0.6532159486393181,0.7036508578071171,0.6509285704023378,0.7712380055064838,0.7659361897428435,0.7062438756127454,0.7605525490816343,0.7902612119959402
0.3889133586014008,0.6288207581051164,0.7276400064081215,0.669752762695278,0.7110298711289198,0.7084150929619744,0.7673100089675411,0.771285227241223,0.6852582651030943,0.7113528410139626,0.7716333219778221
0.3750534872958485,0.6401358271720456,0.7329770350555067,0.6565296507114088,0.7157067686274006,0.7382301740204973,0.7399693551453665,0.7882501954053561,0.7041615163546802,0.735945731642476,0.7961865926406462
0.407989975976624,0.6498708677554856,0.759453104725916,0.6554478409204423,0.6830485118289176,0.6565688870783359,0.7563200900849649,0.7344951586331743,0.7359845568163683,0.6783892327657928,0.7958508818231244
0.3904541910131739,0.6915156107897873,0.7651983659966851,0.6677508576952367,0.6939767374340342,0.7036005910939993,0.7676673149919226,0.7563589319249266,0.6692244262448699,0.7269285758428415,0.8032194245466092
0.4016103699803321,0.6119366407148625,0.7477515437038681,0.6956622257799665,0.7244929231291088,0.7048515237739861,0.7854434035816025,0.7566842599515547,0.6704594776505571,0.7443380337616752,0.8032728667222049
0.3672563846241897,0.6485727388774252,0.6928786638726825,0.6786796797250396,0.7300683152728521,0.7272096972072519,0.7856786278859664,0.7513591433865368,0.6935750704079555,0.7189943548789034,0.7938167293102654
0.3496130436250467,0.5385661901412222,0.7032256435295527,0.6607386034427579,0.7143819574687124,0.7282210209055794,0.7345664696671517,0.7044741379449405,0.7035654453472429,0.7383415922265347,0.7910558416394025
0.3714885986932393,0.5908172879400089,0.6893958821932289,0.7108296155595396,0.7414701110898124,0.6826790083613962,0.7543368629656722,0.7193274096931492,0.7075380107751963,0.7486158054912103,0.7731386702473146
0.3915934227764294,0.6211839519786347,0.7147861006607161,0.6932213201022424,0.7152071940708312,0.6955762029189795,0.7803211634257461,0.7584434803282142,0.711503456206102,0.7487223835264267,0.7846897038737131
0.396187552685271,0.5794754767515579,0.7035409711522097,0.6698559351585078,0.7326873016913322,0.6615128438533544,0.7661789532079483,0.7487079141065954,0.7152438297953851,0.735759170141671,0.7537793101203886
0.3990237631181135,0.5881036976550639,0.7691765535164854,0.685800243199151,0.7154077859480688,0.6990765817233846,0.7768161354244881,0.7247905790550639,0.7375971973262769,0.7551872317576647,0.7860892331813321
0.4087788657560562,0.6526461224611256,0.6700297058394546,0.7111949483661935,0.7196191390742841,0.6917658703775751,0.7705177207162843,0.70238742931222,0.6779135182648597,0.7301660450154683,0.775243592626949
0.3722616381537949,0.673231151917529,0.6988421568363097,0.6894825712098465,0.7183398607337468,0.7066490812189572,0.7749645084101855,0.7313731531969794,0.6719327151229021,0.7323717463846948,0.7599055701053543
0.4251377388873981,0.6797652083612898,0.727305065365244,0.6699192427933018,0.7231563851676556,0.6992875076261339,0.7795168749495692,0.7319289948050213,0.7249711099098595,0.6910027216075216,0.7780389036353602
0.3553950335276163,0.6754423966018042,0.7434089143491596,0.6599808682127953,0.7391153661309038,0.7019461882797686,0.7700381370058175,0.7354736426505325,0.7024530000961473,0.7111539543940737,0.8067329376280452
0.3789664288365848,0.6324417471394744,0.7275185687736009,0.7021262908256107,0.7645925185084997,0.6835293053045874,0.7657912156645389,0.7490402882075686,0.7047355131919872,0.7228539881988264,0.8050691260896178
0.3084369116898661,0.5284918468825405,0.6049089349485782,0.6782216239205074,0.7241455801386774,0.704120032385948,0.7823180790944433,0.7281210818134846,0.7136619476422019,0.7472748928433351,0.8141589755423023
0.3405307952030224,0.5557672513543327,0.6850224257356754,0.7116207077258863,0.7109638911790107,0.6504396260199117,0.7562265500627641,0.7376713903106841,0.7262200000940506,0.7486325660406281,0.7979728316332174
0.3836472952979973,0.622873002431106,0.6806692037289628,0.7239419942921776,0.6884633261624526,0.6756576030971309,0.7717901640744906,0.7401068091592247,0.7136390307433441,0.7419734831905226,0.8023961978726207
0.3860953181436204,0.6232353894197613,0.7056876965970037,0.7108400420934524,0.726471390671742,0.6857492384098041,0.7691969274753364,0.7528128568712176,0.731429475319022,0.7555749551750448,0.7626690705153312
0.3428847545909104,0.6451987735109965,0.731049592685671,0.6404274036192733,0.7400873097796967,0.7141159070497871,0.7749187491690119,0.7583018223997005,0.7433461040794256,0.7647594905959842,0.7634033082690846
0.3724357401783961,0.6520488587212008,0.7572286047978392,0.6275371914154444,0.7231582639821597,0.7136083530971108,0.7301834871873712,0.7888027564099219,0.7252498666870023,0.7418341048042919,0.7827834101935196
0.3795411515730529,0.6319109583907186,0.6775053388340997,0.6462223857828899,0.7074276066018909,0.6540587588596058,0.7851071217003872,0.7797101686318691,0.6634375367813965,0.7618142097069895,0.7912861208284496
0.3863541961606563,0.6442504829977077,0.7122229085240566,0.6770841453333887,0.7513162351945799,0.6612956142743365,0.7797269948205136,0.7825688147860107,0.69188667784104,0.7376712265028019,0.7701668164832643
0.3187850701798159,0.6781165843270007,0.668076417902721,0.7149270852367016,0.7513886417656902,0.7195178166415324,0.7431436162137351,0.7230646293607577,0.679227587417215,0.7463043357797461,0.7996273346696603
0.3613607740780626,0.5915379418170934,0.7147546136679901,0.7176521850481513,0.7399332033970752,0.7345516668746861,0.76132553510654,0.7370630160392838,0.7060450133039404,0.7514942097298809,0.8297669345342018
0.3742076446328261,0.6315328858358527,0.7470936715334724,0.7198033946359748,0.7209424534128588,0.7013882092659559,0.78466669025829,0.7415857533969112,0.7053068971501262,0.6947148789980987,0.7846428253114373
0.3823046837388947,0.5732912632808045,0.6658180247474748,0.6230170626467834,0.718554433090158,0.6916800651897979,0.7460351319811028,0.7494311215599352,0.7173171805180613,0.7172135838569149,0.747421734787894
0.4085726239879177,0.6142583059893947,0.7078254679749418,0.6706543249179627,0.7326785295659928,0.7117381734832628,0.758942041311214,0.7026110480757479,0.7239012487655503,0.713783851720223,0.794180582678167
0.3902814190377128,0.559104189945557,0.6789898225512492,0.6588074740755625,0.7449076478662817,0.6848870979358989,0.7679155580721688,0.7155150847966043,0.7436571281641984,0.7287563230198126,0.8126358507203989
0.4114999845879995,0.6079284389150107,0.7178310849973781,0.6645647814353659,0.750922743358899,0.6883094969571684,0.779355988122691,0.7330466097824855,0.6679249835689974,0.7508085176468748,0.7950407308954882
0.3849202920074736,0.6241348750531528,0.7354037047592712,0.6831591191641128,0.7287936024779483,0.6793732891313397,0.7960776923177733,0.746849883553877,0.7041525189862992,0.7284912033620917,0.8196631413756279
0.3449218215341078,0.6325651641705663,0.7368218349023561,0.6877131718542616,0.7295391541157482,0.7005769695766161,0.7300228412920072,0.752344362961575,0.6705735999216005,0.756903095276837,0.7870366127641116
0.3552499744033131,0.5990179467978135,0.7240797076118315,0.6737068939679985,0.7040993190699438,0.6677881739894613,0.750346989427394,0.7356279211839742,0.6865885294227495,0.7585184147721855,0.7844319717505066
0.3699636311369496,0.6473591422038456,0.7255063469962405,0.6960458622079237,0.7081308728558489,0.6680568613229922,0.7310696780307996,0.7601251839430752,0.726066009960752,0.7604157026321046,0.7838171421689722
0.3873357113319282,0.6378076933105483,0.7400284937986898,0.71422404580804,0.7419160261492519,0.6723413369307905,0.739831414058024,0.7426652535538463,0.7014067221931172,0.7129138733016437,0.7704551961999689
0.3989924898927485,0.6442629282713037,0.7091294861099632,0.7265602931880484,0.7630272559626268,0.6559517684392088,0.72287681624339,0.7508292872124898,0.675758913025771,0.7155712921242535,0.7732859203941196
0.3829702737294398,0.6118438849711403,0.735352013743268,0.6137983186320186,0.7386894978928022,0.6764093455394447,0.7537819122523617,0.7536880683095684,0.6561434267742399,0.7176297250897298,0.7828047610630664
0.3527586997476578,0.6183688940844467,0.6776873944279125,0.6634196777124888,0.6939212394768216,0.6942821653560227,0.7621812630821545,0.7467909792199788,0.7090575776654657,0.7321055255014394,0.7888281469642489
0.377161342963119,0.6469375718762318,0.6990865378466425,0.6863469496569246,0.7059485370015887,0.7156534933232859,0.7753788252597629,0.7550833739702224,0.7056673258622077,0.7547006017557721,0.7986208088073901
0.3736509356632262,0.6633847634112551,0.6867440987743293,0.7050509773609347,0.7263954096582683,0.7210567210912855,0.7791846281786727,0.7507297617640556,0.7193560520002007,0.740606831561617,0.7469837373351209
0.3655012144996853,0.6772891711049753,0.7158769526089198,0.7027723713983389,0.7368849924824542,0.7071918254842564,0.7822809389167622,0.7519270263663768,0.7283375091324356,0.7459628398782345,0.7668473176460703
0.3642343128095326,0.6921891773535499,0.7078174716295875,0.6896026335848829,0.6922332213356592,0.7161574994459559,0.7690852805691384,0.7549762952764776,0.7294695151965622,0.7512387068000634,0.7830991552941022
0.3915237384013151,0.5783410944287143,0.7276597857784068,0.7045833233686203,0.6974143754294062,0.7195799079250834,0.7831006248221,0.6880740507421158,0.7078795765398628,0.6890818069005251,0.764632130481187
0.4078525963855358,0.6206981431635924,0.7411208241228895,0.6215162820946699,0.6878479943349689,0.7321127929883375,0.8001042853142268,0.7331711689569034,0.6994208525203329,0.708652883386916,0.7829684975770861
0.3830424462565322,0.661071092296918,0.7268084552677714,0.6415183498354415,0.7117352438253737,0.7021959623314601,0.7694855905422269,0.7416680851365131,0.703106644770706,0.7068675357753637,0.803702001647394
0.3552628777249388,0.6714732951596115,0.6953194237162307,0.6094616081925577,0.696916446046657,0.6327135901211519,0.7797476536665373,0.7600258537704115,0.720145856385844,0.7273375701430036,0.726950072402077
0.3757286200877748,0.6855883325147569,0.706191383293588,0.6321625291910931,0.7026849870680032,0.6641384580148528,0.7835884905471402,0.7226127643751888,0.722435759173968,0.7256198702153267,0.7138004600860731
0.3879640919356955,0.6220436973930147,0.7225491886469406,0.6692961792024408,0.703854083456678,0.6701038120041387,0.7654761974848716,0.7315862509289333,0.6819558417983204,0.7366241410166694,0.7615352179958563
0.4082534810619849,0.607633735486386,0.7064312246378169,0.6594121009244867,0.7118661270521405,0.6981928757671503,0.7912524964639673,0.7548934762023551,0.693983589707527,0.7387378403460326,0.7428356351035152
0.2997581009763757,0.5936918745936238,0.7277046683373075,0.6497134003231589,0.6218374205319491,0.6554100093948199,0.7376672843916663,0.743010747242705,0.6503195645771513,0.7436769583796596,0.7310427164533063
0.3055736910908259,0.6068413362472576,0.6653726540090686,0.6923096466917531,0.6509909872846438,0.6360013448750523,0.7443692570619721,0.7553013088475554,0.6788646100905809,0.7441324230973313,0.7158610776918999
0.2707002044055439,0.3196788932778704,0.3450499781238917,0.5312693654836939,0.5500772714609254,0.6288292164581486,0.7050049115482276,0.7644559988568711,0.7162949705227422,0.7503045813408784,0.6744072589780478
0.2452559665715549,0.3193516482848284,0.3473908134468449,0.5320134713385349,0.5220799836484932,0.6113961294849722,0.7334616753649839,0.7460549692712846,0.6632713279618249,0.7496967345557308,0.6888391447307288
0.2616863162022129,0.2752358117989201,0.3542274731480394,0.5350348364329822,0.5303433429218489,0.6024941182201465,0.7083252377415107,0.7499897653917857,0.6882344169353776,0.7127699575410991,0.7177619979085632
0.2372765710311316,0.2938609620288738,0.3772526137737372,0.591239002747997,0.5560189723845923,0.6096109245374683,0.7217410662779522,0.6932598971965368,0.6840563651863412,0.7230805107974709,0.7285365434830702
0.2456598114199348,0.2983208188388938,0.3763137632010069,0.6075633464010168,0.6192578027832685,0.6060356719903679,0.7526420986462314,0.7203579718654439,0.7018017370072014,0.7379436943282681,0.668779660266578
0.2550364483419391,0.3620298555196645,0.4486744550536502,0.6121152301723571,0.6398845201063343,0.6229524138873059,0.7392013869687243,0.7309751981619615,0.7295119989953356,0.7552592122819857,0.6930374356777669
0.2654604806289152,0.4224193791637779,0.5076903855036284,0.5077903185733925,0.5630839434260958,0.641306170033145,0.7513709702062035,0.7557819288815035,0.7180391552377057,0.7319805284677804,0.6831122144232379
0.1900363098815427,0.4141002784255312,0.3801230333638402,0.5238351720008478,0.5480874724395908,0.599005136354108,0.7495413531465549,0.6695261982362026,0.703307132011745,0.7349191624443083,0.6875856198314398
0.2029139849861264,0.3825060455696801,0.4075444494962837,0.5579169445611079,0.5995477250953682,0.5837599224058793,0.7473807582114418,0.7081835285895237,0.6817712166526267,0.7413263765428305,0.6976670521130626
0.190743657115734,0.3355601093840418,0.3455609627050929,0.5912735840476637,0.6343420643358517,0.6193469752155083,0.772535504838797,0.7334805495178115,0.705737021834605,0.7308724128000816,0.6882137872617834
0.1863171408447582,0.3510190464889376,0.3533365161741656,0.6130756005093727,0.6437569829044465,0.5765151062430718,0.7452692185071548,0.7385894184037878,0.7353109176171992,0.7384828456646078,0.687112342749478
0.2010342340930154,0.296270985607987,0.324864548169042,0.6184113371093245,0.6765419660968102,0.6203120649721943,0.7713458325089353,0.728693387683869,0.7347605410363779,0.700603516963751,0.6880341254496735
0.1916634824805927,0.3956439729571566,0.3268990430219317,0.6171253417091171,0.672821784197614,0.6383940507145803,0.742495354080715,0.7000705549523558,0.6906504627102276,0.7131031584385084,0.7031669810142724
0.1945449760299713,0.4395347746282832,0.3367528537920889,0.6263341581374583,0.6164600427850722,0.5975471363798935,0.7563691166739339,0.74190544408957,0.6918752523861642,0.728973351016466,0.6877859324624686
0.161738870516814,0.3700374745445792,0.2963988873425386,0.6733621702972765,0.6454059630548223,0.6723189237637222,0.7402089685704023,0.7641442050821763,0.6729097954977468,0.7079022262613683,0.6942026844093928
0.1845397808384953,0.4319883491441761,0.3237933851026149,0.6830987912239952,0.7156616462149356,0.6481531237483649,0.7292370571619152,0.6873774849612324,0.6821146353547043,0.6941407027390673,0.6761388783615258
0.2055913423214487,0.4970388348945768,0.383345561289176,0.5643275732434924,0.6596810928444824,0.607961191907454,0.7413456277390352,0.7005842771491668,0.6887399654826971,0.7090683033932432,0.6793685853835962
0.1992469945675946,0.4656916172319579,0.4155750871069876,0.6257685879080397,0.7067913780964423,0.6276015240449548,0.7681489503749048,0.742914448326996,0.6993779009673914,0.7116182314210608,0.7035595742564573
0.2032680417561727,0.4514840745318045,0.4016451986119982,0.6416768116251051,0.6044193680999638,0.669922612765574,0.6931930784051789,0.7233028252224979,0.666866489420562,0.7409044630554096,0.7164042880162844
0.2060309349114018,0.4207422561590406,0.3676778684931379,0.6378413042453789,0.6572716765526958,0.6229206162806371,0.7076326723762625,0.728310192710906,0.6721234770984988,0.7550956848041461,0.7159549807927158
0.2195670766804985,0.4566093525403507,0.3230290376577291,0.6669242894248755,0.6658395025352059,0.6369962656395018,0.746393150431189,0.7075702769980775,0.6912235082147862,0.7467365123354904,0.6414649569952275
0.2203852627994622,0.4628829937523449,0.2884985208720522,0.6916511167768251,0.6899867925785441,0.6493371475382688,0.776545374680382,0.7314127123338452,0.6302125290378239,0.6524726657200418,0.6691499613909931
0.2473438309747051,0.497198994530197,0.3132880138467473,0.7080139703252571,0.6724624213593723,0.6537871933669028,0.77875082569579,0.7342926910657186,0.6634693177243881,0.7078614214770549,0.7150893840657875
0.1880546538350747,0.4645517406938043,0.3284527162634408,0.7156290932625528,0.7233314406242447,0.6984175666773841,0.7717026147225876,0.739019558545263,0.6719823097179862,0.742638890390607,0.7083433537450748
0.2130932108248717,0.4856925677273968,0.3430352174924467,0.6814737635302478,0.6831777099992583,0.6277735279672266,0.7231977712147181,0.72810817026046,0.6951516129219664,0.7447423685549152,0.685072576700171
0.2255517794932681,0.4711661827673959,0.2572778878766582,0.7031993938144979,0.7129789760564521,0.6703136845958868,0.7407465849319987,0.7217780796660346,0.6922340357997441,0.7601524678810193,0.699438396431783
0.1807725038580216,0.4632056493416305,0.2845567686838507,0.7116596450789184,0.7331954747750844,0.6942818800829433,0.7402761741780018,0.7384338590291737,0.7012385966406689,0.7335386007426742,0.6996931379575673
0.1892821746212449,0.4227374568356365,0.2885708228019201,0.7251839088986165,0.7452460278599775,0.717497151766608,0.7543029652458644,0.7469761860429576,0.6812561776793811,0.6826539515765824,0.6759329684673769
0.2087402386926274,0.4533655775579608,0.3791385883279414,0.731827189880498,0.7598627691669386,0.7274511612545569,0.7068249916649813,0.7418611063664416,0.6282201179168143,0.7054672443453396,0.6634544260898979
0.1950717342413771,0.4971489377595336,0.3228957740830095,0.709781456172653,0.7383707855784737,0.7352913186942193,0.7330285742323903,0.774243512477486,0.6794137516219053,0.7451269555892459,0.697552986922186
0.2152958179469292,0.5164223627440683,0.2688806842604302,0.6158257542919255,0.7497758670285204,0.7717708564193791,0.7620361121347705,0.6888869865851514,0.6676922157755543,0.7320178543627741,0.6691971707762345
0.2444882982942151,0.5304225788949823,0.3243601206970934,0.6463165976421947,0.712362835065396,0.7297442613793435,0.7277186475578,0.7158178913812856,0.6541045579629372,0.7495020794119491,0.6624898495574589
0.2576374372726767,0.537345764790081,0.3717072113773755,0.6836615327231521,0.6881961095879774,0.7453222593202663,0.7551147850014766,0.7164515344731428,0.6893500637596065,0.737507118357494,0.6567730662065593
0.2437773436326193,0.4809695754865935,0.4324859771214673,0.7045269129639857,0.633238103765219,0.7182760507742201,0.7531558132364434,0.7356027516649548,0.7117773408017949,0.7439515000049742,0.6880841942373943
0.2111934952439072,0.380509301604286,0.3686113829146906,0.7105233323075906,0.6642731168066647,0.7281427692774949,0.7437570043927633,0.7180280883775312,0.6815972287872616,0.7551899226934297,0.7082018833874111
0.217072807210477,0.4017571054593717,0.378514584153795,0.6453230886074341,0.5885730124746712,0.6427717223944545,0.7106212002442035,0.7096003980293196,0.6899282331175753,0.7401924203788811,0.6775310267941488
0.2389973635451847,0.4113504979000746,0.4509050662140851,0.6713720817139198,0.6749213921324528,0.6562482659546817,0.7135059355184485,0.6974673253413529,0.7058227959547865,0.6997512098233758,0.69058485148046
