Mode_0,Mode_1,Mode_2,Mode_3,Mode_4,Mode_5,Mode_6,Mode_7,Mode_8,Mode_9,Mode_10
1.0,1.0,1.0,1.0,1.0,1.0,1.0,1.0,1.0,1.0,1.0
0.5790949744587953,0.7868350302874842,0.8114230846078455,0.7461578568767547,0.8015957989338904,0.814562204201311,0.9017127264251916,0.7492347926903783,0.708920095807037,0.7063859015158717,0.7344855548296652
0.549388224306106,0.774146373488936,0.8060342817284036,0.824665450910113,0.8332995492872237,0.7332158074184938,0.8892887854584767,0.747251309915763,0.7106496704784336,0.744454999717406,0.7361290791154331
0.5498766307125313,0.7892110816153253,0.7614956633055967,0.7954639041121256,0.7718952276087513,0.7717563076540929,0.9181713723637444,0.7514558682113701,0.747167301261466,0.7363025611019038,0.7607606198033081
0.5843359512693177,0.7344130947074167,0.815854907614971,0.7620286545943932,0.7738818648536795,0.7748517435922475,0.8902873169600148,0.7140010441444473,0.7137039322885386,0.7853639242693178,0.7861368307728618
0.5595013209745328,0.6971590469398156,0.7909524916675177,0.7954047429940485,0.8428130434700918,0.8158463969947778,0.9279100833982424,0.713673985281975,0.7388338870993699,0.7383907274212216,0.7647182812474993
0.5675655557360054,0.7662958308481935,0.7675261291469806,0.8056673712954051,0.8048012611696069,0.8005853879820078,0.8881159622630719,0.7121778744755107,0.7010093157976669,0.7535778662763887,0.7718698111725454
0.6198071386094264,0.8663403978487503,0.8219050122515685,0.7852257739259754,0.8244868676665431,0.7754912006957192,0.919737268773059,0.7149299891060631,0.6597340699210851,0.7705226888720768,0.7582255200307959
0.5539041516502963,0.8188845656263299,0.7863871441413725,0.7732300216640939,0.7824948363038438,0.835604293419859,0.8763774150496033,0.7628124873239874,0.6815687600921722,0.755827952358773,0.7476262387832372
0.5429566373786333,0.824980147359718,0.8552781265138676,0.7776230450314401,0.7920465676622951,0.7952295057956654,0.886413622178593,0.7412450208715078,0.7174233726559498,0.7166397605076696,0.7629708303955617
0.5708598537935077,0.7485180157607821,0.7632012728472009,0.7277691645345208,0.8256305944374641,0.8256650892557373,0.8913567872287718,0.7548798077321461,0.7071101508687978,0.6966557048516956,0.7631266583112438
0.5650799145355648,0.7517175788432271,0.8206958479891283,0.7939527006881507,0.7787466760329169,0.7694540506338337,0.9027920187812942,0.6634292063850604,0.73585853582132,0.7869465467737565,0.8201210140149952
0.5523686456081047,0.7638291309375598,0.8146562871270577,0.7787893588692001,0.7958816604827929,0.7884811387628397,0.9082356627115746,0.675331442749439,0.7226481615596235,0.7375332847584107,0.8102600450217812
0.5702182954230727,0.766234944233414,0.7719094849091025,0.7782738507910072,0.7855149255945019,0.7889177655295386,0.8994431313156365,0.6905758634943597,0.6925216824407112,0.7519180762095992,0.7853854432131984
0.6020707342914164,0.8078224457463468,0.8089221244333492,0.7838429332626855,0.7935221025925484,0.7568587766992511,0.9117563118798784,0.7006855011595825,0.6923670032873237,0.7095173425415743,0.7860365988940778
0.61267692036176,0.7764777251297074,0.7686497965397839,0.7878354422250193,0.7942940479415764,0.7672232566351878,0.9164069843460572,0.7263638619146441,0.6940513003964559,0.730140698277312,0.7613883242855218
0.5044208438554573,0.7042983986732285,0.7403230001290264,0.7836003718302079,0.7839899841370865,0.7771392100020853,0.9188615894420302,0.7291942413061926,0.7221155308311815,0.7317284203570882,0.7709967319729765
0.5242078739240423,0.7428303031962745,0.7646924741511871,0.7731941483294914,0.7887205580879987,0.7677310686338533,0.9101166488617972,0.7051292192270311,0.6499915440856687,0.7420882030714164,0.7479830365019715
0.5422884851987747,0.7212536437860609,0.7617303005838608,0.794964552680647,0.758327525161252,0.7953277772841142,0.9151995288277288,0.7294405763879579,0.6611635706422074,0.7608517063775329,0.7557207026638084
0.5653425850433745,0.7659996973296908,0.7848314042784124,0.7445341470851016,0.7743655808534418,0.7761001426300453,0.904332500047986,0.7417734032334994,0.6898138274974009,0.7620147137907597,0.7661646522724717
0.5465657180846564,0.7704122974219505,0.7957515262164223,0.7539290779393597,0.7705871901998216,0.7863296833006039,0.9006833517438284,0.7239535436569261,0.6996588689574965,0.7764288173912813,0.7657708412210881
0.5187291789708569,0.7341986544848071,0.7988179490150777,0.7920908892016134,0.7692332581508261,0.7751025767371623,0.9150280886530529,0.6618593204268604,0.7016044834428252,0.7821084180145397,0.770573075675387
0.5186600975739106,0.7477335512742944,0.7958663709437144,0.7968516136945941,0.7777176331595728,0.7445282270292602,0.8983425786697257,0.6816823071647782,0.7056112120365818,0.7450584577512005,0.7770474334769617
0.541922761019437,0.7635430544692423,0.8056730805796763,0.788278766972919,0.7885920489037571,0.7656088292991815,0.9086245905901325,0.7210757733138744,0.7066452811254756,0.7681379238548023,0.7864082285079572
0.5576975802886383,0.8065260701868979,0.8150398907488199,0.7612626555937159,0.7490490783084499,0.734409566560465,0.9022402692153114,0.7016372404313111,0.7297355439454019,0.7300513569194945,0.7707798931162622
0.5136393456016448,0.7758428539406669,0.7876568267539195,0.7684476312002673,0.7890673357800781,0.7624155508118626,0.9050972774353268,0.7111483407519594,0.7212874700799274,0.7231520744163645,0.7723052590430044
0.5591306716648312,0.7615108689383382,0.7967638129490705,0.7671068979432338,0.7838421254349847,0.7724727586616571,0.9050665543265144,0.7313168624288262,0.7281188215015598,0.7256454502561372,0.7904244293572614
0.5163180566180939,0.7171587361442581,0.820758137814317,0.7546522798029522,0.7772963090446116,0.7798081090946525,0.9094123395302622,0.7503545717058056,0.7281327383943307,0.7362997201415864,0.7902547240122073
0.5191565483575963,0.7409309105577414,0.7876030651352851,0.7463098275325265,0.758906156624582,0.7846746691544617,0.8977306388620945,0.707409286792493,0.711416239596535,0.7315816234172172,0.7914070473532338
0.5411286114039484,0.7136615142290038,0.7964052345050403,0.7688137489337044,0.7416795680599435,0.763290383643336,0.9097971977197632,0.6896313476282436,0.7273164664406853,0.7476659001138607,0.7915826776667202
0.5412003861553109,0.7653926039862183,0.8007084694103741,0.7939553456966217,0.7479118299364516,0.7977153460367624,0.9169199010199478,0.6988292776978213,0.7269769998685084,0.7203340449988787,0.7747558883050093
0.5483904501727426,0.7380119391862725,0.7797191821461048,0.8023350231260946,0.7588083580437502,0.7591540334655241,0.8959660103696858,0.7222023619827745,0.7184875636218362,0.7347414197408734,0.7837638366650745
0.5037615376981889,0.7180086986124156,0.7975458427697978,0.7568202557122612,0.7820668736632894,0.7685183370538585,0.9090641614120764,0.7128276723240605,0.7056403512221812,0.6941076395669737,0.7822798505360756
0.5116650911151419,0.7466034184562034,0.8024903194896298,0.7723964959213308,0.7685650216485266,0.7329398292154113,0.908026613774415,0.6800075932937846,0.7105036141968566,0.7225243650208564,0.7522319329190034
0.5315343701410198,0.7712508074420363,0.7890689736100432,0.7725658899046918,0.7872164266362558,0.7717600679711595,0.9162545558294484,0.7107710418604749,0.6955554154801962,0.7363210930179562,0.7542896795628606
0.5604828985472645,0.7607244742050984,0.7937025260491621,0.7176947458316114,0.7366735234371194,0.7623496226520613,0.9021899722650264,0.7149416096277716,0.7111283940064528,0.739368200413616,0.7596716679087014
0.4793193909087148,0.7326418244517835,0.7657257257755437,0.7372328028552377,0.7497978274519655,0.7665534170141595,0.8655361170327566,0.6979601883612779,0.7310779849349925,0.7413851075675932,0.7751194185825119
0.5015655569508939,0.7539056320001736,0.7857016449737395,0.7478415739005786,0.7553633457099376,0.7774651397204055,0.8790680931246766,0.6994502869252781,0.7148348721353762,0.7149766453773323,0.7855356699832725
0.4866942560053252,0.7412572621883098,0.7881534535227797,0.7172840706603156,0.7678963327769925,0.7504820632903754,0.8568895469291934,0.7018412938505983,0.7251217148623672,0.7249898459592831,0.7328561791429632
0.4696488815089146,0.7400035137659969,0.7810860766706746,0.7393864079230607,0.7597668052049567,0.7359095392743248,0.880342086366801,0.7033006023291548,0.7348075479128557,0.7539604872759864,0.7671692884034651
0.4946956813099812,0.7602818922758618,0.780115262967418,0.6709780827567998,0.7820513257184177,0.7532122001672676,0.8743714393900641,0.7310508580624068,0.7140816170026785,0.7134909828810839,0.7418485154302257
0.4493222810489885,0.729332726069338,0.7496438918936201,0.6956506037591029,0.7599326671613384,0.7728139865378865,0.7322249717860507,0.7273526804365766,0.7332209044262384,0.7042792436265253,0.7431388119916347
0.4706394905804518,0.668965689247292,0.7545184768004217,0.6369690689197695,0.7804536440941323,0.7030620754925545,0.793368351997695,0.719797333638324,0.7302421135039293,0.7202250992666532,0.7597156887378431
0.4902739741850982,0.6737398948071533,0.7552596148171336,0.6847196932912083,0.7307477408425637,0.7117275953584155,0.7578910858685721,0.7451187583572075,0.718320269116731,0.7462882264191221,0.778089412720619
0.5163078913589819,0.7317701362057042,0.7830057944197797,0.6849445743792244,0.7223283066777735,0.7195370224934927,0.8084207994855849,0.7459283960447982,0.7125690155657137,0.7178695301291518,0.7655210701241866
0.4308883355242598,0.7386940966828344,0.7943658049209126,0.7000087557268402,0.7421941644494371,0.6949777175436169,0.7651977904020251,0.7567053270690212,0.737841200096309,0.7257495599498256,0.7611333397955611
0.4729256297317107,0.7302780309425321,0.8149409952268181,0.7478218230876135,0.7494559009176669,0.7255941106641619,0.7913719303187177,0.7628990605316792,0.7155601441437056,0.7100939931132747,0.7705185998877879
0.3871048432358353,0.741894841204478,0.7923747756902165,0.7630103395407314,0.7320781146377104,0.7352752568971973,0.7980298715983328,0.6902191364806937,0.70564099476901,0.7211376179804816,0.7589537474286157
0.4602134191054945,0.7531254142287311,0.7966588741199895,0.7658330322743107,0.7395603500134731,0.729358593574712,0.823675468786974,0.7171480909193659,0.6690981644421483,0.7482091434213515,0.7557914718198505
0.4917928336903348,0.7157756905075893,0.7521543373078717,0.7292920336671636,0.7727902641930391,0.7854626983627244,0.8475117443207842,0.7177385783657375,0.7005414479450194,0.7510740182384855,0.7751411550612093
0.5262882042297229,0.7445992817676774,0.7471733786731509,0.750455135765065,0.78306011101769,0.7297911700645651,0.8593654423994765,0.7383344751643939,0.7137941591669832,0.737679549685402,0.7692206701672567
0.5030667006474313,0.7606421500701628,0.7772667367266454,0.7233110832109572,0.7529652252260688,0.7545746513582727,0.8175515728923064,0.7241659484739318,0.7279038807918911,0.7461502741211511,0.7700101594640058
0.4907008958131772,0.7667010150153626,0.7789701940146687,0.7005364745318711,0.7850986168435035,0.7415642658069127,0.8283351029411019,0.7035987807457177,0.7290181134915008,0.7264695634275848,0.7765878261394867
0.4797144837163846,0.7696802196091778,0.798031818009653,0.7284745803372401,0.7899558328058343,0.7399005734228458,0.8141140492315085,0.7154499442106721,0.6718508090498262,0.7173337599485914,0.7698023301002939
0.4863667352712978,0.7571203444478378,0.7730138721211053,0.7150889045045993,0.7376472025684657,0.7244780613015347,0.7890476476264989,0.710781071186663,0.7250360634787933,0.7447826888433458,0.7570338982861538
0.4822186518688356,0.6637457761452153,0.7415619089424202,0.6849528207175359,0.7432193666703675,0.7287793330255545,0.7833608120396065,0.7081172445660305,0.7323158255365418,0.7405526272830761,0.7763705032188053
0.4897921716798618,0.6440244341157598,0.7571487767198748,0.7245440277965619,0.7548164109378747,0.7587299907696589,0.8103027470256141,0.7311610681309406,0.7315256800752958,0.7262066847187006,0.7746394892134573
0.511248076301742,0.7243290028077083,0.7538691905546056,0.6719771012170634,0.7197347265623284,0.7187985743903267,0.7671209311436311,0.7378039796095521,0.6913011197797477,0.7312606217318562,0.7898945642818572
0.5153942019809146,0.7345692899200127,0.7812580195890966,0.6980408616735845,0.7584110275556922,0.7294125767870963,0.8253036399209341,0.714182939307823,0.6961242315492402,0.7602773744735176,0.7705878989392243
0.5380802324503553,0.6988639593633046,0.7842137696498681,0.7325915335230366,0.780319056478354,0.7535007056795088,0.8327048346189001,0.6856395443878106,0.7013757745457576,0.7583771730740714,0.7802367196357555
0.5568516290400645,0.7227822141661595,0.7915993877012013,0.7557608917179848,0.768437746100682,0.7700401773550188,0.8659970938502076,0.7153377543044255,0.6974455111001335,0.771482191964241,0.7885647459685478
0.518040717016897,0.7552029535402662,0.7859105350987169,0.7662612362972069,0.7701292449355368,0.8057054899899998,0.8712078825742968,0.7400088483089139,0.7073476844147901,0.7735491744222828,0.7827147464103658
0.5166827035188316,0.7517724919128288,0.7893913860775894,0.7532143827046772,0.7842158189603712,0.7802228344650611,0.8840010849467195,0.7175679132534957,0.6638396328497682,0.7186706084381936,0.785095229270431
0.5557756507408902,0.8039525246738822,0.7803491793097508,0.6906675078277021,0.7662246878244422,0.767899841136677,0.8787564742435213,0.722262934390826,0.6985970633091214,0.7310797932788513,0.7898612202814557
0.45421911477407,0.8169877783991362,0.8023578570994105,0.7377168121929181,0.8077812705602141,0.738238663359665,0.8739972323474073,0.7532452667934597,0.707326515249457,0.7069280892427466,0.7842398720963053
0.5327544396401949,0.7177998476965313,0.7574450067444322,0.7508929967598204,0.7570702047580669,0.7505855653578174,0.8773913223687781,0.7539907755822687,0.6614440647803279,0.7160287824223099,0.7939786305035118
0.5501660739453609,0.743678661842339,0.7656587650694964,0.7532399355647137,0.7647436951136758,0.7727205425174117,0.8911869090347562,0.7469385872873748,0.6688997253862337,0.742623708709353,0.7671743467460893
0.5009329438049827,0.7347365531992801,0.7666758190619896,0.7356111419504574,0.7697565564396183,0.7575377648898942,0.895013007249112,0.7252942985527406,0.6843456746395157,0.7435367809304437,0.7699614456606594
0.5139764659326456,0.7438509294727891,0.7897390023538426,0.7452736757588054,0.7574269255784541,0.7484689390366477,0.8721006772132889,0.7202380665288207,0.7082974471221433,0.7463667097035356,0.7807074781798582
0.5219819354966434,0.7652050145823638,0.7743177394756291,0.7496813988228685,0.7708623320577433,0.7452839102533396,0.8828582350101208,0.7392836536254802,0.7070573209068263,0.7577970578751851,0.7868403577026224
0.5378789419010852,0.7087834583509373,0.7804733162457445,0.7284604725397785,0.7858007543462598,0.7248957745279926,0.8768490045512232,0.7026928916463258,0.7210364052838463,0.6826744217742148,0.7730761780820309
0.5415174137211669,0.733233807442306,0.7635496991317074,0.7251992044004812,0.7922524511387214,0.7334058549781441,0.8779566131141057,0.688390998293815,0.6934503301886485,0.7377936054424241,0.7881293253952701
0.4155055636182661,0.7008027488335117,0.756287788760281,0.7239769722985006,0.78828598355543,0.7541074611488909,0.804284121188441,0.6951780532445412,0.7016609292260914,0.7567206531793225,0.7781226738731224
0.4771242739024747,0.7472761343726316,0.7659170957558346,0.7375515241005355,0.7891632799334936,0.7572613473136203,0.8477641153025912,0.718319580033633,0.7177478798012547,0.7307663809394528,0.7615332531400999
0.5083690368962516,0.7609369522581506,0.7937355082357678,0.7502147748512286,0.7887258388249782,0.7267441587250002,0.8657212442502109,0.7384944923681095,0.6535480897019859,0.7392159200649492,0.7409082067794432
0.4927839588690577,0.7209287928566822,0.7741362021602043,0.7551451230757139,0.7998562718302147,0.7460042387269836,0.8796667430673536,0.7210132179609782,0.6703480102199502,0.740251113168142,0.7611698624468357
0.4373977330024786,0.7601402177156691,0.8026762093915801,0.7763446636006076,0.7885995584961887,0.7653331537579908,0.8611059579098874,0.6764498286703168,0.6982976616067788,0.7305958999254477,0.7728707363762216
0.5107600250679492,0.7747514102384351,0.7736833732104502,0.7721084051097102,0.7663438381341434,0.7008690620691291,0.8547471762211309,0.6927720855013737,0.7208070358339286,0.7474257844751586,0.7874318109476994
0.516807034416587,0.7193616151998126,0.7428922587920087,0.6693841465089035,0.787090849155066,0.7347274558612342,0.828239848271734,0.7146388325032337,0.7119606472401409,0.7575740368892471,0.7693947612182725
0.5202228568685334,0.7632194753336867,0.7690669971476669,0.7007306626703351,0.771361638715912,0.7125903063135764,0.8498054191252806,0.7246175874169887,0.7312278268655109,0.6822590335777715,0.7641644697161893
0.5325947518912622,0.7576661624614847,0.7858639948367157,0.7369372635874261,0.7700174118458366,0.756721520412625,0.8665196963153462,0.6917003640362465,0.7184289219420943,0.7180361761354013,0.7731690824211974
0.5173324091740638,0.7503225974927048,0.7857276082172588,0.758897903300433,0.794136039910538,0.7404937213846317,0.8665598424647689,0.6429138950506026,0.735477801143881,0.7490994733926235,0.7815019699186988
0.519790991910755,0.7346553775467858,0.78918714601974,0.7406069462570379,0.7728273317380351,0.709161886547805,0.8820769953704732,0.6796648112324748,0.6952816595469548,0.763173254167517,0.7796353330602608
0.5058097578168473,0.7464066829937976,0.7420164972620967,0.7594061438993254,0.7513421842196857,0.6828586879659747,0.877037757092955,0.6920127704431793,0.7110165835581744,0.7416544612660263,0.7854028877919934
0.5240874615563358,0.6623453890164148,0.7348621051445733,0.7597838667819425,0.7612270158114902,0.7241885997315513,0.8639714947995133,0.7138159441835765,0.6999478059578386,0.7530472666552074,0.789847765499994
0.4955386738179856,0.7044818694350394,0.7232878886299291,0.7632298182346386,0.7155188065808479,0.7302880438120218,0.8789052715010416,0.7218201989273105,0.722337890233868,0.6875782292266986,0.7863049541838127
0.5130702284517844,0.6926258048334749,0.7750049055017565,0.7626202781695072,0.7358640640878937,0.6979505038351144,0.8807904760980483,0.7129851219508689,0.6518798786902543,0.7209194162605743,0.7880248942352442
0.5307128521207172,0.6947476450757248,0.780208689876242,0.765769888856056,0.7506642032939214,0.6985375670601037,0.8814649122156712,0.733392181148368,0.6914302685094835,0.7466305784851319,0.7930879884060051
0.5356383452531579,0.6832817873113228,0.7383051682373764,0.7861280573188549,0.7594733765228285,0.7096457888720367,0.882942783245441,0.7340359100170146,0.6969330952645131,0.7698642938404214,0.7722027967374618
0.5142006281143366,0.6965923541082959,0.7406219605369309,0.732091394545961,0.7679883809042247,0.7119920930776349,0.8660555553672261,0.6695182448913221,0.7073490122743169,0.7201471591512781,0.7725899119744433
0.502276051418414,0.7210763121264914,0.7618904100861572,0.7236626784207622,0.749034007123371,0.7353512359314403,0.8678140831107743,0.6934388910432407,0.6955470978664106,0.7306063691612843,0.7771345117136135
0.4992945775888753,0.7142931499976582,0.6830035631299985,0.7333180151402189,0.7467716309499025,0.7143826485089014,0.8687937970219903,0.7197300025306772,0.7227970570883633,0.7271533619486874,0.7890082994762038
0.5002783322428791,0.6740416247308272,0.7251916237704132,0.7574133346934318,0.7183379330307684,0.7143011252268334,0.8643700499225384,0.7200405114819117,0.684493322288016,0.7093067145502757,0.7830134763614355
0.5136999581607748,0.7090232696631953,0.7449891096260822,0.7549141367743598,0.7451791233410461,0.7254792149459118,0.8861948926767393,0.702979039244019,0.6865852869039384,0.7321537096635464,0.7665271668462939
0.5230174065735884,0.6453900467950442,0.720892363204799,0.7540448749882299,0.7582786995086879,0.7329884425816506,0.8555588692648926,0.7239242667282446,0.6653314675739128,0.7157640479319154,0.7844324128798277
0.524166830632442,0.6803432583867095,0.7317508717130004,0.7623304824784602,0.7592082913010896,0.7465390685722211,0.8705018196033216,0.6759346736723445,0.6790221011727862,0.7363688718238981,0.7906258088005362
0.4939758270453943,0.6854843378368252,0.7331911440665626,0.7661282980604565,0.747635488998262,0.7086663675261227,0.8707518378791137,0.6920623793105107,0.663303463942891,0.7374003329236649,0.7638726511370628
0.5057288407441468,0.6983752504872696,0.7189043810544052,0.7873132926516262,0.7632151735043429,0.7217950523057908,0.8538853299252349,0.6944130790681425,0.6836643094099831,0.7221067238873773,0.7879670634355262
0.4816733181230014,0.7260812009631445,0.7464793777579695,0.700824655721412,0.7816824519539485,0.6938634737309048,0.86540442884897,0.684437707131862,0.7168940695617645,0.7397639266809004,0.790779825011654
0.5263596075169632,0.6201270738383439,0.7525682761706547,0.717161527746982,0.7645077863005306,0.7388197265548957,0.8711968391862066,0.6938242837845896,0.7332172678404477,0.7476774698898467,0.759872945090516
0.4431899516890881,0.6764466769222033,0.7619986470933966,0.7662931213127786,0.749038621997815,0.7433902732863222,0.8766508530960531,0.6947171281348754,0.6625901908407004,0.7610986206408327,0.7668949534540161
0.4407714566396851,0.7258561460427748,0.7386051874522988,0.7745319362683926,0.7406072103844319,0.7466498786219522,0.8524641417363523,0.7315213348340182,0.6894073701746419,0.7722226695481245,0.7784840567281015
0.4225080217984455,0.6879156926697468,0.7538463723802837,0.7440613909430147,0.7717777553878178,0.7825053685346128,0.8168979707681774,0.7301047915444874,0.6770593725399054,0.7677074039231877,0.7196586291907239
0.4215687479795427,0.5756699842191266,0.7441770928082106,0.7100405133385298,0.736855945634796,0.7811427697248938,0.7379542121679095,0.7312926443071759,0.7010396221835166,0.7670950161645478,0.7480843583135239
0.4572997206235926,0.6227864648593251,0.760982002752017,0.7469312790640107,0.748703547693252,0.7596412161495599,0.8002788043432438,0.697716756976848,0.7141068815394809,0.7498922934542969,0.7591814236035372
0.4999053547662584,0.6535923508811092,0.7112408531041812,0.7622909911134641,0.7510862843627761,0.6798795345355569,0.8398683983253549,0.6422398123936434,0.7148842562787827,0.7516185159546971,0.7597404087974229
0.4902284428143228,0.657362945244899,0.7365504472893032,0.7645646080081072,0.7356895753352395,0.6935818755426862,0.8709803342555795,0.666679985705428,0.6833014751877254,0.754482456344877,0.7673981818437786
0.4998207354400155,0.6274973635271022,0.7618210959681808,0.774094130101717,0.7520944043415362,0.719986261572769,0.8655176288901216,0.6814795300850988,0.6920078572771986,0.7394848722280881,0.7710801021645548
0.5098352260260637,0.6667654954234243,0.7678633910667374,0.7429512059325104,0.7164226751253157,0.7163601362601928,0.8681787779107784,0.6884007881412602,0.6953768007319863,0.7512702840606107,0.7801623598863259
0.5129622908525329,0.6950723556584939,0.7748889640607663,0.7553134524558534,0.7338801333112156,0.7420182548431165,0.8711515267395809,0.7169264075476824,0.7077308574403267,0.76181664785827,0.7695323607710255
0.4618881987244303,0.6196241599224539,0.7855738298956598,0.7683663221538249,0.7430820210167473,0.7582079457112838,0.8540582515482722,0.694752457849382,0.706399927918728,0.7715177087222034,0.7701066404871335
0.4600885886793107,0.6572659360308784,0.7292315095690958,0.770751562059439,0.7519833843246966,0.7601552094816691,0.8167112602300907,0.7063102420153216,0.713352239200184,0.7512740266707558,0.78355833123007
0.4268455117751636,0.6309268418916897,0.6963465607993212,0.7294024695926656,0.7179751711024481,0.7211189692659603,0.7680276985805136,0.7186675125839282,0.7140998170434909,0.76076092370097,0.7916566716641004
0.4350268371391951,0.6595707431221984,0.7069690515155986,0.7391301778985717,0.7361250999030778,0.7541366204298374,0.7933645226638462,0.7481878524566901,0.6557168728332434,0.7457572599066523,0.7348937926756656
0.4589301461589317,0.6706804329743468,0.7364574013416452,0.7062165588248763,0.7480671731578102,0.7574340540043356,0.8079276626297986,0.6879579531228065,0.6927671683624887,0.7410872498554086,0.7526780727042932
0.3148007719067777,0.686296966622741,0.6898914694318493,0.6395845293726983,0.7086546073763379,0.7412812074581945,0.7705432004088171,0.7041250476709057,0.7095005959150651,0.7505372984762496,0.7640933733761903
0.3732212066022984,0.7112122021264927,0.7146736229351418,0.7196568912341138,0.7416028090946984,0.714809559361492,0.717699518651113,0.7092159796387074,0.726631785674445,0.7569515804018594,0.7452904234011768
0.380108576010842,0.6994848781352089,0.6640639598071855,0.6907351588919518,0.743228107569529,0.7201029864164554,0.6716145595919631,0.7325705739688051,0.7191478936776072,0.7653286276504697,0.7612902007606885
0.3524729688267652,0.7080501258253261,0.6687723118601068,0.7155269249817888,0.7194872399222529,0.7317686129872014,0.6859594556866103,0.7405003054556218,0.7358524761445411,0.7582343413958887,0.7714431175095877
0.3901901282366136,0.6242552514937388,0.7052181469274359,0.7370868418394986,0.6813207008300554,0.7242130615768536,0.6785349827278105,0.7049432624532672,0.6504159199471021,0.7699675466531413,0.764218493793869
0.4243275299815041,0.6111435536619471,0.7269971001429898,0.737909942661968,0.5786881635019111,0.7314767959803725,0.5296009205909831,0.6905614894290636,0.6895360825077381,0.7119362932576906,0.7148728195342684
0.4347637575024166,0.618850593764177,0.7648712833133212,0.7466354129704007,0.5797554988899891,0.7184655546292671,0.5620743660400549,0.6917314092224756,0.6961712857282384,0.7170716413014709,0.727945893141297
0.4431592235656018,0.6654765110714225,0.7541743687894334,0.7305580102909481,0.5581497520969909,0.7137882183321128,0.5757319212149044,0.7091715098585689,0.7111543986221971,0.7336184312480492,0.7315875537592816
0.4056760456630413,0.6915827378931702,0.745360261657161,0.745833396003124,0.6101346457016881,0.6461501261749872,0.5412525149929577,0.7104069245726827,0.7201555994136347,0.7060204126825748,0.7266013100678645
0.4425344334038921,0.702424964913765,0.7761972581924899,0.7558535384639535,0.5781947850091289,0.6958967297871745,0.5407147520655741,0.7038173963422676,0.7331216263841902,0.7566258101347684,0.7318889128144406
0.359364277461209,0.6820984284905013,0.729844061490247,0.7649568144052348,0.6040461162378008,0.6910393329824356,0.5583174054690087,0.70819852205553,0.7154981674439149,0.7620027900637135,0.7407312264148804
0.3973440024240517,0.6853346287706256,0.7260092200976178,0.7460086197925498,0.6077417559598128,0.7099934950974661,0.574684264142195,0.7121332375160467,0.7264642237646731,0.764809491571109,0.7228264268341382
0.4306116030477688,0.7227508469709429,0.7456562766713303,0.7467074466997144,0.6180675714116812,0.6830754613007333,0.44519190045174,0.6785006826874669,0.6640967552914896,0.671977141119281,0.6114519616436019
0.3931433805695036,0.6441677436942757,0.7529710211727494,0.7127485110942987,0.5629793153306439,0.5243015068345079,0.4122928058869319,0.6793573146960044,0.6750087696491771,0.6876534396094476,0.6178521338039313
0.4163536163174638,0.6517423974376501,0.7825956732653891,0.717306614126761,0.5662609469074206,0.6076719887090294,0.440567707609174,0.6598174271874926,0.6425566542430333,0.7122014404910813,0.615359649402646
0.444280647689212,0.69621019825946,0.7343078140237838,0.735415360322926,0.5793522130109094,0.6288153136597525,0.4044699894869046,0.6639252484107399,0.6124140253021062,0.6592067522262337,0.6250447081013581
0.4079344668490733,0.5580647283839326,0.7687999748030678,0.7330097780922974,0.630442062174468,0.6540440650074895,0.42256561790265,0.6609594348286573,0.6058958189641942,0.6312986644748679,0.549269746494575
0.4262872426281185,0.6711325787466326,0.7101238220591604,0.7402017243681727,0.6360551648104333,0.6173128929710999,0.4399638542714819,0.5849414741518072,0.6232871131590139,0.64203963096529,0.5606578309289225
0.4111143598726614,0.6757718870944807,0.7246164620060739,0.7309773716539748,0.6381840294339385,0.6021297754893199,0.4663599181079616,0.6325707893379331,0.6290253034741713,0.6504987902455127,0.5641292224523229
0.3681724931384594,0.6582166386198477,0.6986521292785044,0.726372137497404,0.6875142713978396,0.6243288209117264,0.3947065256727368,0.6420182555271977,0.6131439513797092,0.6153620946592324,0.585398287148114
0.3965325994975327,0.6995545145665114,0.7333916745327547,0.7527150469690445,0.6583256152876041,0.6064615461821122,0.4234652833636968,0.6544501278705783,0.5973724088923235,0.6357017490792141,0.5799161394037973
0.3905375419680758,0.6129365436394048,0.7165646996623636,0.7246741145865649,0.7043191850248071,0.6512296756775671,0.4563040929041581,0.6564602584797657,0.6219124299453969,0.6286807104699212,0.6076616908930602
0.3970937299101623,0.6213685796392541,0.76256467115196,0.6828926455851977,0.6877669523302024,0.5527907063979489,0.4647534851667431,0.650956925802761,0.6209987891278177,0.6351293319872546,0.5988161267018828
0.3562556514763816,0.6457866889612729,0.7646630216649051,0.6945369253006529,0.676892176623916,0.5926886038778241,0.4678140485569387,0.6524770222826197,0.6258064113951963,0.6612822018113519,0.6107299060861409
0.3840295660573106,0.6522715333085736,0.7558533341119995,0.7083401588886941,0.6561390602763323,0.6462590775918058,0.4819894124607581,0.6665734806798075,0.6537323852191887,0.6769377625046329,0.6020895276649909
0.3692827564774385,0.6433225353334484,0.757533053921505,0.7471259947331481,0.6810516651187906,0.6409317552728043,0.4883875587486686,0.6369164216764844,0.6149577924374464,0.6619539676808839,0.6330375601858604
0.3607197497533688,0.6294916213165336,0.774898625140001,0.7200728013095947,0.6478538096873535,0.5460074548923195,0.4746801471684607,0.6573971705947517,0.6319639284915968,0.6575002317300218,0.6077028895469655
0.3934377590126731,0.7011878013267079,0.7373570037855409,0.7112028692875361,0.6887246898686219,0.5700884880955843,0.4968887911744275,0.6211761508397445,0.6455271534221743,0.6570391334561002,0.605732125784142
0.422228269424199,0.7376845348640426,0.7794146754087118,0.7276540395270465,0.6424796847786927,0.5941618759954879,0.4402614898608444,0.648827388031694,0.6484831143913212,0.625209838895773,0.6107222099621309
0.4363942886178784,0.7476096525657644,0.7899067044419095,0.7318919497773366,0.6318836169540926,0.586684460856219,0.4472661801306652,0.5738844241842003,0.644299740094343,0.6419800108450662,0.6112317367689292
0.3903742352595042,0.5908548654514512,0.7336946223723672,0.7349932261932104,0.6649425784991829,0.5763633111876719,0.4673975262467739,0.6315850460800074,0.6179867022974945,0.6505306575183486,0.6005923946229514
0.3372578326451499,0.6472192535398458,0.7333624829884577,0.7456825525062944,0.684023237170186,0.5954764427214114,0.4294202403953015,0.6333941427593179,0.6194872477683557,0.6660721712478437,0.6190636795954576
0.3585891885103792,0.6739261287807299,0.7393358411335302,0.7372286285734044,0.6915582459551384,0.6132782105150592,0.4068652329275563,0.6472529453360304,0.6361783430561456,0.6248425571322008,0.6216138450296141
0.381796820775502,0.6537446801817404,0.7317465112239844,0.7241370826898115,0.6703535528649904,0.6172486930672487,0.4354989792444866,0.6507724583288297,0.6418902088035792,0.6552202448355828,0.6342802178848193
0.3936098449122939,0.6607125748986967,0.7499625285293794,0.7395543205523696,0.643226660637042,0.566339209873353,0.4599020099306748,0.6580246829741385,0.6409201655514566,0.6718514388351717,0.6265071066623983
0.3781688950184681,0.6059989825171903,0.705074096227167,0.7142193439042294,0.6690636133198828,0.5641886042768084,0.4616678168352498,0.6974841011779479,0.6971819228393585,0.6815236156955615,0.6404748767619659
0.3755271228369989,0.6639934144718518,0.7300182111088818,0.6864130768881819,0.6111822183866231,0.570668956190256,0.5074615733628061,0.7060750423402689,0.6631106847309209,0.7090084742763691,0.6659219019229206
0.3787877978199173,0.6087158090256648,0.7558899765962075,0.7246618866180097,0.6510729642569673,0.5695296704914153,0.4859022603889578,0.6345526851767859,0.6931804610467107,0.7107615292708755,0.6183717818047657
0.4080490032024572,0.6676323968454667,0.7418885740711757,0.6815350645498863,0.6839592513526815,0.5920600254552579,0.4434021316055747,0.6370867943411092,0.6341402973802962,0.6985339474960441,0.602255317833281
0.3893019245430077,0.6747112508828463,0.7281807586977055,0.7076203806995465,0.6563656316130592,0.578352114603101,0.4581944966057459,0.6584518647097461,0.6702010494896065,0.7009237958753016,0.6011187127292847
0.418007884951133,0.6860200791290496,0.7431212924301833,0.7118588410628223,0.6643910400041075,0.5593424112786207,0.4877158666697777,0.687496320979858,0.6698885035074879,0.7053346516138252,0.6116093445308668
0.3964261957212603,0.6899996358279029,0.769809448751438,0.7315550018415378,0.6673318299415594,0.5575821329976353,0.5057757560231675,0.6483405010375056,0.6954396399843958,0.6122179796034155,0.6280384995376047
0.3996878095466392,0.7000644561854606,0.691719746893043,0.6861978918362348,0.665162896089943,0.5827697991863374,0.4706143756613354,0.6643740556606206,0.7130742883033925,0.6451407301465897,0.6452776522512544
0.331777024751579,0.7231474668740487,0.7222004691979752,0.7253174313438167,0.6821258071079976,0.5513441060220753,0.4392448835512224,0.6540732947908537,0.6619668961663275,0.6582103138215898,0.6244917295950559
0.3710771584297557,0.6786132716604729,0.7499444171685041,0.7508720635224465,0.6641603353527392,0.5582811568635208,0.4575822226482058,0.6770724584364809,0.6718990673155507,0.6941250571000921,0.6224294197861351
0.3822346920696776,0.7115860454490051,0.7614123218760581,0.7363991591252061,0.666020692919661,0.5780637346761459,0.4815857840330443,0.677964842879215,0.6598114163975262,0.6668655731893837,0.6343600934242254
0.3707935049362638,0.6660131231049828,0.7333722133035232,0.6613996711379077,0.6868694221157379,0.5855137210978628,0.4982139975508953,0.6251284389294357,0.6653330250456888,0.6731562934562432,0.6442673621866373
0.3845403796811675,0.6076191318679892,0.7640926009711473,0.6887692913874682,0.6715920816257428,0.5661196264203406,0.4917385262456819,0.6299819124637616,0.6719812141456648,0.6784235403710839,0.6510753360350741
0.3758836982139406,0.655747616600763,0.6711055670577821,0.7241088005459437,0.6837316131584914,0.5741831810522394,0.509687940859906,0.6577963991403837,0.6600496806113336,0.6865148820806539,0.6843701888710048
0.3961578386652222,0.6303077544522715,0.705648790300789,0.728528438822544,0.7071014977920798,0.5349070477408728,0.5169836038050487,0.679935623270356,0.684357387048876,0.6367783024691337,0.6419366907010849
0.391395983382121,0.6371497888179801,0.6943484057815925,0.734649526749774,0.6880407726694098,0.545295711274628,0.5446323013919914,0.6879999595973469,0.6770435348356264,0.6753084552418133,0.6640155373461705
0.3949484650961954,0.6756398305099763,0.6974570369460673,0.70660820267465,0.7105373690808532,0.5639742168108847,0.5214711679607595,0.6609790067066628,0.610289278436679,0.6360738327331562,0.6089555984834468
0.3576759831580437,0.659844658072287,0.7099491635341275,0.7271844955736644,0.7146857501789565,0.5196092229792469,0.5708966832119517,0.6776088630768757,0.6201904053784649,0.6579038437281202,0.6120010629214968
0.371786880172362,0.6677550937841797,0.7321584357597841,0.74665201524205,0.719393959148261,0.5328912850606145,0.5526129363592002,0.6858659773038052,0.6301300945092423,0.6750667779434295,0.6356974674773377
0.3726205494445415,0.6710137694745578,0.7602831897333573,0.7390700360021919,0.7202961772623564,0.5626911633181103,0.5944066656803461,0.6990051702380551,0.6280722591118051,0.6227358731052653,0.647529555168918
0.4001712379797689,0.7241292398316929,0.7089827977022857,0.757103616870831,0.7044756561774113,0.5723090458849319,0.5809180561671358,0.7084098490458506,0.6375855679813593,0.6679034293679208,0.6410298667562507
0.3884560981269633,0.7170102016818323,0.7539562945131661,0.6848752312067365,0.7406195729802261,0.5806672556006546,0.5189049839448036,0.6694894953511242,0.6209003352454386,0.6869869811321685,0.6455192142594652
0.4032544752747963,0.7170861492769303,0.7205434542770679,0.7038018357387434,0.7226013622490262,0.5876297930583769,0.5533957279492998,0.6647632173689054,0.6223897353902148,0.6907718936509571,0.6238018261955831
0.3771371963202837,0.5966911598606227,0.740552299493388,0.7247091958462168,0.7146351389747119,0.5204148815293439,0.5644975327325348,0.6721073902966583,0.6564572012890006,0.699549423951368,0.6404639453341385
0.3820553929355273,0.640924215701018,0.7435501177434705,0.7778829556539065,0.7159846915714614,0.5214431786278781,0.5729494415422942,0.6332167343502697,0.6704396634898102,0.6534760482414385,0.6249470813537018
0.347431697537014,0.7326573271778145,0.6998987251327327,0.7654776254411915,0.6582841069865834,0.5229633612394577,0.5611127762806193,0.6735771835085329,0.6516770670780567,0.636549795632835,0.6387493459306732
0.337030478751592,0.5955764853963197,0.7119852936189855,0.7210070778098822,0.672128077639749,0.5174082611417824,0.5746869963760567,0.6783305122762362,0.6567444701090369,0.666360851366111,0.6527081552179408
0.35500111568497,0.6115671005562119,0.7449955349494795,0.7535644588894395,0.6875718353866013,0.5527326862468739,0.5761677217199824,0.6758151979171722,0.6117013284063758,0.6240231508260934,0.6430535696990084
0.3912916161635774,0.499593339217881,0.6998062248716119,0.6997638611939543,0.6946889789489548,0.5536566825306768,0.5884019317011258,0.703681066993068,0.6158148097254126,0.6594903288309351,0.6320689131742979
0.3933094950117139,0.5802143914418252,0.711452588375456,0.73382945331356,0.6896361498534026,0.5053092775134225,0.5312977861032976,0.7119809498877864,0.6475109168574678,0.6602645498517281,0.6389412477333591
0.4035579623922734,0.6205029509903562,0.7157154353073455,0.7506898600689678,0.6950872337441267,0.5058886197026861,0.5202264038115785,0.6535113173116384,0.6586275926065124,0.6573089276110468,0.6201569561981926
0.3890166206064213,0.6175600161164438,0.7392892129535107,0.729159036828041,0.6459266200214989,0.5464437990201387,0.5732774119864656,0.6733139624120272,0.6309967203280523,0.6627425435367487,0.6086502299997537
0.4100189716934542,0.6813033322432827,0.7531091941547721,0.7100376570523198,0.6736739760881945,0.4988764528982164,0.5512107231487059,0.6638021847719037,0.6591031533208831,0.6809898082798298,0.6324041853711548
0.3687927693277325,0.5970176753783581,0.7052527201112692,0.7424166322392411,0.6863054594391634,0.5386422578688522,0.5740723099037013,0.6714288471282888,0.6620912770462001,0.6643299463651653,0.5727186053134307
0.3801728100947771,0.7013350417390749,0.7268432385593919,0.7119143015331055,0.7181416274165515,0.5558441045959532,0.5805309368835645,0.7012264194315125,0.6579297162046069,0.6700685016254986,0.5858814618588206
0.3953958465202958,0.6548147200694268,0.730901346959927,0.7236622142639128,0.7240791267320851,0.5304583208331851,0.5927509308073944,0.7086015924245948,0.6354269093701942,0.6772241262109617,0.6312521522158823
0.3935371057571004,0.6876321781755905,0.7233419832247441,0.7468361326900381,0.7157368807753903,0.5307096021212542,0.605054823344634,0.7055972626842812,0.6688293655950568,0.6978728478317638,0.647399071700127
0.3987887814201639,0.6556263136412337,0.7090265615258146,0.7620302472920715,0.7018309081827268,0.5581805389448538,0.6225575820180639,0.7158292616224751,0.66487909582543,0.7013662884468408,0.650219828671484
0.362043586568593,0.6564937807019064,0.7483658646669793,0.7645289517907625,0.7239437494615624,0.5886106429384248,0.6144173586943468,0.676682296735722,0.676307531147283,0.6576569219212431,0.6625494936605876
0.3228906601795011,0.677929365599485,0.7609026294408918,0.7426215347797185,0.7169165015809903,0.5341230085705584,0.57755951176793,0.6579105012512771,0.6638951095416055,0.6577331367795277,0.6843110384923572
0.3797838484158943,0.7007130591885102,0.7814535999999055,0.7295953577557459,0.6592749482484455,0.5639185720576831,0.5583279976809788,0.670530456331914,0.6884242922866785,0.6783298627291774,0.6625950029380216
0.3808468398849741,0.7112599464353544,0.7599888216103657,0.7098134841971093,0.6901785891597128,0.5812460730788525,0.5459400867623323,0.6767279818365217,0.6786123852320061,0.6607735684944326,0.6000708616953869
0.3765968204231392,0.6175309460944601,0.7624443372450826,0.745571192935632,0.655809258480727,0.5042191423332897,0.5270751815386298,0.6788006121680583,0.6793093028397954,0.6722549417037855,0.6274271366894333
0.3889444820546929,0.6956154470089089,0.7086896398021179,0.760026783552983,0.6931891020261916,0.5438852403082105,0.5319832325928338,0.6991610122602603,0.6655091180928521,0.6451970393881592,0.6392076341516139
0.3513408046248564,0.6165966797575804,0.7666167074002511,0.7600301845519822,0.6653053961639018,0.5143651608931262,0.6019578741674101,0.6933436570550762,0.6535162555810329,0.6273481742693311,0.5995098906080517
0.3734185862308889,0.6285129743305768,0.740499460534368,0.7711484839973731,0.6551114537724065,0.5151716144170497,0.5048337513428011,0.6877479735629551,0.6754473305367377,0.6323926412637978,0.6093141308610772
0.3773010491016028,0.590122532414693,0.7606527679383739,0.7161108660530069,0.6882281183458906,0.5516716882309551,0.5549824317590962,0.6635175458822277,0.664145862214802,0.6242088544065781,0.6327747468939378
0.3709444439340869,0.6203719795036065,0.77279308841278,0.756079644534035,0.6921804205769119,0.5633070309946433,0.5651521129111168,0.6756484470990491,0.5944224102801962,0.6252732929098684,0.6585747455542207
0.3716731552521054,0.6507332618520603,0.7484015873334458,0.7579214446752345,0.7095726723038359,0.52214334845728,0.5727950250113444,0.6983231702164405,0.6127019712189326,0.6651246257007436,0.6430275657800905
0.3948057005506964,0.639505884913032,0.7580230730813092,0.7158279617078466,0.6357561598800435,0.5371813929556795,0.5472921558469427,0.6897441946241767,0.6298192886575366,0.653572302304832,0.622599219710143
0.3789900570051666,0.6473307092561161,0.7575234531727968,0.7548498024692782,0.6747081294026966,0.510941570615539,0.5994917771087659,0.7011851054033218,0.6233126015961407,0.6264868671637592,0.6191291352479356
0.4045885533644492,0.7151169208604944,0.7547113387157398,0.7660216723559263,0.6424359182696685,0.5197335727318588,0.5412711537448218,0.6383147858102812,0.6380892927465425,0.646838054285727,0.6264893478233072
0.364602903531712,0.7281392104454069,0.7435725657039761,0.7636008786063659,0.6644747288613633,0.5352207659610113,0.5354789679775772,0.6768728441505341,0.6371479131050353,0.6551655417049289,0.6229388153383444
0.3758399724038386,0.6707740079708335,0.6873092670784967,0.7071646032642545,0.6710214311779723,0.566220384153917,0.5577560806895733,0.691695644627663,0.6347441694296624,0.6428566712500771,0.6343951789117894
0.3973070992974952,0.6105409784320289,0.7139666430761846,0.7164408124696426,0.7237577860023758,0.5237649464979839,0.5102158678601273,0.6792773902752176,0.6292202877095454,0.6569941009332142,0.6549203537187535
0.4192393692272871,0.6087533908052506,0.7410812716793413,0.7469586078864329,0.7329746469246745,0.5594729048384572,0.5508638637666454,0.7035888489049043,0.6462146182111542,0.6742049221871047,0.6702771596614705
0.3906749250322783,0.6839260778754055,0.7331409083827342,0.7630042258665513,0.711191494555028,0.5604837646488263,0.5534879149844985,0.7146399755745008,0.6575428957805346,0.6837192760077758,0.636826078079242
0.4255531309060695,0.7000035530434887,0.7449385185323417,0.753747018551468,0.675361982209508,0.5931970495793735,0.599902617639789,0.7225532468843875,0.6057085306596828,0.702661719738134,0.661383854228823
0.3984937849168554,0.643639608119854,0.7501933855137866,0.7665616358440124,0.6926140076334735,0.5502414067058247,0.6251878537333014,0.6987076577472975,0.6276771406294224,0.7165221253983198,0.631317703423312
0.4145829549822517,0.6202701057888901,0.7477256700070648,0.7141277525818519,0.6964997438780517,0.5526712088855197,0.5892810117187026,0.7073152930982178,0.6683557038711639,0.7057598940959207,0.6232505876632386
0.3869786785515759,0.5395810019128907,0.7555712826112682,0.7296130548086169,0.6973688764201031,0.5841391847278407,0.593305833027982,0.7210703769354412,0.6434325893078814,0.7099269706962648,0.6482147313844571
0.3909653262863297,0.5960653571899506,0.7096847579415934,0.7631238701488412,0.6986052921628363,0.5373841680868418,0.5883319293485453,0.7119726761692683,0.6505151413001788,0.6894698791720526,0.6444746259405459
0.3770048681809269,0.6448540098318041,0.7383182385652711,0.7196537335055889,0.7295062583309008,0.5356234144863529,0.5783120128883158,0.709833220740421,0.6613359861795514,0.6906617474490961,0.6400648414754776
0.3814532637302734,0.6394075643362372,0.7481322487458226,0.7252490173228926,0.7264302509563093,0.5385777679300892,0.5910493509572019,0.6951687248155902,0.6638287410040912,0.703846978656492,0.6537107643762066
0.4152864681006712,0.6012892457615123,0.7378398787123776,0.7538954477762567,0.6647006104483677,0.569453853413917,0.5911646611009975,0.7037054460574743,0.6811377109586496,0.6520927460338939,0.6776868133713092
0.3692979067004002,0.6011707822175971,0.7425563640656362,0.7451729813276478,0.6769111294222458,0.5454100503247195,0.5294255960265956,0.6924289028034951,0.6227208350382677,0.6774896974246332,0.5796089976367067
0.3918559866580083,0.6507106831597924,0.7000067520937948,0.7678720315958667,0.6853421183999824,0.5808679762602516,0.5175635682517398,0.704678954614721,0.638564308089961,0.6971876092107145,0.6138030681704005
0.3986575574765691,0.6590836842621353,0.7033552748156255,0.7434385510462354,0.7059649497732772,0.6140412297356304,0.582314242185878,0.6918203958637575,0.6263218992882529,0.6740590282539327,0.6360929936822787
0.4132399000394044,0.5570454723829068,0.7328896236786113,0.7497418225965298,0.723537689347177,0.604301811829866,0.6085367581120987,0.7032777072584884,0.6059586741746154,0.6745734348568562,0.6592489420144934
0.4240291733271976,0.6100641797062201,0.7042322499492277,0.760473827449572,0.7201523775534024,0.6094598535595686,0.6103406620192275,0.7092043117345781,0.6378963199757258,0.6909138185175254,0.6746578322773126
0.4280368664181993,0.6804174533157552,0.709738694450529,0.7368986783196388,0.7093976204249243,0.5931617429766028,0.5725269063926798,0.6936522325358833,0.6611937649924124,0.666675419388835,0.6866795995039149
0.4102093017668046,0.6877715824011605,0.7176846025733041,0.7310120065993388,0.7175820527708247,0.6050016369282963,0.5520577654864394,0.7060511395168734,0.6317231200296013,0.6615373238011539,0.6236733670362864
0.3960043271617404,0.6046066049179497,0.7377834674245132,0.7414275558543695,0.6874844174468863,0.5879298055833361,0.5796356864809452,0.7170406610518141,0.6546012152761236,0.6809268910537167,0.6568217091947692
0.3997594332464926,0.6523224063328006,0.7429845034339465,0.6835054196320328,0.641255171160029,0.4787261181702804,0.5390355247765026,0.7045475760717275,0.6563196025411027,0.6827330823232121,0.6586981156466392
0.4121212344961483,0.6687767144442573,0.7451948302905177,0.6855122150369286,0.6716009674119707,0.5258920611983963,0.5538466277860621,0.7300569447269559,0.6223111609977782,0.672063931849469,0.6672305488227177
0.4068308148231107,0.6608235467803512,0.7460469990191605,0.7201671390728983,0.6660764792740725,0.5297154750404666,0.5675825816907898,0.6698571964416689,0.6597758124202908,0.6679206214469975,0.6775212876939833
0.4151317348019886,0.6101269015298496,0.7549510128397927,0.6455824128338048,0.6580873558136103,0.5386921965443967,0.6147427597469429,0.674872839302952,0.6638240341011192,0.68135944442883,0.6941349063693587
0.3172704775200199,0.6123972737447319,0.7678065059587516,0.6603549496007337,0.6742908094009166,0.5441509920072635,0.5571130584176931,0.6942731648731397,0.6811559743744792,0.6979220070256142,0.7076384193769113
0.3634072386695917,0.6449552086836569,0.7179364101561646,0.6938161103003733,0.6856892085228148,0.5709373449315991,0.5456184903070743,0.7034632132259959,0.7148135342469546,0.7093331635557902,0.7129806674720209
0.3701001373935958,0.6166212233795328,0.7385244086058121,0.737770600721777,0.695663825482603,0.5669055485995436,0.59827940239855,0.7147776778744437,0.6385808877902863,0.6583530883065027,0.7195220118867844
0.4035995525926171,0.6311489698916743,0.7572237970992215,0.7441958362349579,0.6821970765735099,0.5496325975179592,0.578545548483484,0.7204542922353465,0.6580839497979547,0.6624654323492059,0.6958744613587954
0.4146078819724283,0.5790842058581082,0.7230924854395331,0.753147979439819,0.6938116805043082,0.58772870337587,0.4672156647498677,0.7229459924456644,0.6280665990175095,0.6794753966039071,0.6976794973857432
0.4021308460428294,0.6018707335102733,0.7359516414997179,0.7549484383991386,0.710848927434454,0.592298552935784,0.5626852374013744,0.7475549715348713,0.6417970156418491,0.640819233290306,0.713004864964312
0.4132124681407594,0.6341540093454423,0.7043900796103048,0.7567083616572752,0.6735627726413227,0.5804264062658157,0.5914876515006272,0.7020419945155351,0.667663904730347,0.6583928044413002,0.7152111199587963
0.4310776494528066,0.6590561329421928,0.7412838413705305,0.7303301235874543,0.7060654516875624,0.6012395967611334,0.5135138818883158,0.6961394685518559,0.631694712739459,0.6701080427861792,0.7126021913582685
0.4132966420085081,0.6261273968211514,0.7527083914136068,0.7458203800253791,0.7083395713063516,0.6040373724174561,0.5296816178931152,0.6747560884677622,0.6135772529447523,0.6976928537987805,0.6408563781466609
0.4454546435770002,0.6745891068780692,0.7450032727721898,0.7633375838787662,0.7151595172059596,0.6157297137347921,0.6011212585162775,0.6826022755528862,0.6514711040737946,0.6681458216340364,0.6432937524561871
0.4495401946043789,0.6856317455006231,0.7518646678933285,0.7319714202479105,0.7272812056270145,0.5702408320835621,0.6256759787408707,0.6974361428730781,0.6349447247706539,0.6942241573267518,0.669664227836268
0.4004650458338882,0.6869745520262909,0.7688502999529618,0.7348220846322808,0.7368759845126511,0.5900028021506434,0.5628728593488547,0.7032822749350989,0.6444402444223125,0.6778342546671442,0.6850388976744801
0.4231548721849648,0.620961652287958,0.7430026066128105,0.7645722749232021,0.6956069355265178,0.6082238784287475,0.5273880396441554,0.714294595671209,0.6034247878666815,0.6581786189889931,0.7034820898211418
0.442888144490946,0.684433255630785,0.7448083116470303,0.7451835003566545,0.7038713487810913,0.6190623521792683,0.535508929760536,0.7272295735505453,0.6078570640158771,0.66798128000588,0.6425969935394967
0.3688238546747558,0.5948287168454441,0.6979690150163766,0.7170860246806997,0.6399640990804156,0.6299414741393563,0.5530023847369785,0.7072105372364254,0.6567447083103225,0.6931670959079279,0.7198495299096522
0.3832447569734858,0.6450483944116976,0.7155905794792274,0.7211608429269569,0.616053225698436,0.6235656061610346,0.5442781182387041,0.731806708599606,0.6897395536611547,0.7168265433155709,0.7245167089214137
0.3997481695273683,0.6525843481294746,0.7361639215208454,0.7275423852601366,0.6179755299380079,0.5397957657369271,0.5398477710667587,0.6753439739122288,0.6900046793835161,0.7202235459882157,0.7094971428962542
0.4331016138453132,0.6355960576699752,0.7711760201634867,0.7366993041110255,0.6280648778557928,0.5085775852444235,0.5189954614339718,0.6984308910071078,0.7061992682583832,0.7465172100365751,0.7234320068630595
0.4089659734361429,0.6377531907020847,0.7450393112158171,0.7580693227892767,0.646864032146609,0.5132629293041273,0.5228528488590148,0.6779989175695005,0.7220362016829689,0.7093132087354208,0.682055226586006
0.4356301427471272,0.6665676977780026,0.7179540752061304,0.7437805587596836,0.6660794086642599,0.5127232964341597,0.5146657761655301,0.6425312925296319,0.7287130374839076,0.7375064624827165,0.6769262933119679
0.3295890427543619,0.6868629723805797,0.7193064632883317,0.7648147788707496,0.5904933185932061,0.5258328780495602,0.5479704151853733,0.6476727204651503,0.7123886726310323,0.7329984855092831,0.7090950022415858
0.3986492219541538,0.6544343190094309,0.7386425046514886,0.7754561541423828,0.6250389940169584,0.565180983852156,0.5645736691253631,0.6582202279329371,0.7065138056618163,0.6437843467197639,0.6823548595691037
0.397873971263083,0.7005775156698029,0.7544500220324941,0.7311635568339341,0.6668091047117622,0.5496996237933638,0.4904458291323658,0.6843371777352592,0.6678088795986364,0.6895316995007366,0.6527519323381487
0.4326191003535455,0.6046231006493183,0.7564933857349381,0.7383764116170497,0.6603258635508557,0.5571330606561908,0.4673143435513476,0.6754130669923571,0.6254583899699969,0.7010505411240828,0.6061360955401327
0.4242912441265947,0.6030083366879795,0.7592501105494958,0.7655504475348446,0.6772265881487235,0.543665281049753,0.4975448854572373,0.6838094365308167,0.6346023215022902,0.6754495709431363,0.6435522617612686
0.4125454523144464,0.6082782102238775,0.7202806662250724,0.6896308914864299,0.6702499776426188,0.57124410232789,0.5400580014769727,0.6873002949517195,0.6426970787447404,0.6844764825579972,0.6846767408828236
0.4113976056525869,0.5825451671464611,0.7431281238652112,0.7300977320564421,0.6739070084961943,0.5560710132243175,0.4828966219425623,0.6938048008095308,0.6449048210019465,0.6971072535648994,0.6707623480220724
0.4174074479316114,0.6322861093721369,0.7308057896849499,0.7109079545782506,0.6778669606969756,0.5899022477647442,0.5053871388796622,0.6161219641385686,0.6173923273094183,0.6765484215107964,0.6921941779179426
0.4030996289322021,0.6057519208952675,0.7383171103394046,0.7018740345736152,0.62280446019797,0.5754820101354916,0.4359477731724236,0.6519379595483523,0.633672601729683,0.6814497061691291,0.7046038255206902
0.400234290352515,0.6490457179862058,0.7282808174354428,0.7133966321300514,0.6373025536295964,0.5638951193696109,0.4862806360909198,0.6572491914972389,0.6452034972716517,0.7053449072961517,0.6430378602975277
0.4288293369084312,0.6607125876461899,0.7501291338113552,0.7507303639959741,0.6559095338294538,0.584638121719626,0.4570643824045558,0.6737097760767954,0.6338726557917643,0.695624999578181,0.6587106389925883
0.3788130914175168,0.596053621188337,0.7355771057936479,0.7555564431159907,0.6458816785599961,0.5694576545550809,0.5097698709178436,0.6306384818022508,0.6559605701033899,0.66898626682988,0.6786530569520663
0.4081251729477944,0.603887122343703,0.7135201106104158,0.7320094401228695,0.6494183834747371,0.4615456094674743,0.3842684901368957,0.6678454839400685,0.6659956006157668,0.6814732886617303,0.6893061837791906
0.3557643347133076,0.614942311771531,0.6945781598731514,0.741096261350148,0.639236899377269,0.4715611465755576,0.414958028728664,0.6514670151312035,0.6470036364328596,0.6992588299568041,0.673217078885243
0.3185642456714342,0.6099054081046358,0.7102667640703401,0.7225337990162477,0.5981342717902641,0.5083138917562525,0.4274012960193442,0.6593561314910694,0.6541288284707354,0.69800214963142,0.6610439712664382
0.3192367097692105,0.5725661734932409,0.7362645653703525,0.7113979369656385,0.6009135952479253,0.5137878899943273,0.4212383284342449,0.671408719752978,0.6763406456097518,0.7342439130946276,0.6744940722823795
0.3525653808750373,0.6318569720276463,0.7625003925467521,0.7376255787793518,0.6304766838483009,0.5247070944376482,0.4660382841494637,0.6284494219292335,0.6665973252367031,0.7367639849283925,0.6732027289185185
0.3461279766813718,0.6692411577736792,0.6240641260301663,0.7510491122694132,0.6216106968394035,0.5517946793831786,0.4748236772265433,0.6654368279240859,0.6730167796061175,0.6519410172601573,0.6870273777241991
0.3321374118095451,0.6526049793095988,0.6497185896430309,0.7537481114254662,0.5982787723494977,0.4906969758080405,0.5056585275305485,0.6871707338489698,0.6477332879471575,0.6602351804827649,0.6408107949747778
0.3690456544196962,0.6323307534396303,0.6682167002839652,0.7542626639074088,0.5785916299348212,0.4838191778425961,0.482151402702706,0.6907626792016323,0.6657187327385865,0.6636868175612399,0.6810654034596433
0.3592523992094911,0.5334085752592881,0.6863548365889294,0.7398509816437397,0.6007490174154203,0.5227274707834004,0.4954165748059956,0.6261536584195192,0.6396139307253028,0.6799946556016809,0.67536019202415
0.3784421901514467,0.6142681083421788,0.7163052283170579,0.6908737224619301,0.6307082019839989,0.5211581325041,0.4816848704292973,0.6441902142030401,0.6560327148486321,0.6864641966529648,0.6690453547388803
0.3354125591761415,0.62283517506703,0.7023262918298048,0.710101340041235,0.626736430409837,0.5271148380088388,0.488217255886459,0.6431292338210011,0.6837895194885424,0.6992923296915489,0.6719645032777308
0.3578776715346602,0.5956879345681945,0.653217902940111,0.7302370484077092,0.652344667042433,0.5425063769903348,0.5364192704855298,0.6631835177078202,0.6805690188195357,0.7010368376606383,0.6482632867736718
0.3587555547722143,0.6378306723599174,0.6716666060409302,0.7206991200854624,0.6212969960940722,0.5237840202521014,0.4691008601357185,0.6138844262035013,0.6119504042532461,0.6731625292318572,0.6532349699165256
0.3721114393687996,0.5094084344064832,0.7220058542720327,0.7282937803954408,0.6489799654149322,0.5462782810109239,0.439722744218701,0.61822776660968,0.6456869662413429,0.6617439883420737,0.6362247513969274
0.3837472693140833,0.5923484728239442,0.7450147817592343,0.7370484265543262,0.6077636011195099,0.5113585083155076,0.3979085782856801,0.6313456438391931,0.6551430408202674,0.6557283444459029,0.6406908052983098
0.3901297409771169,0.60334098214694,0.7417579419302266,0.690011997783658,0.6414723291619358,0.5286637300654129,0.4527897483738753,0.6427469753948154,0.6340212264702854,0.6569562944821129,0.6525349225407887
0.3969927346704285,0.5624489302894742,0.7502418825681594,0.7221849300726515,0.6438504015616422,0.4940229031196106,0.4674336124323045,0.6391651916788362,0.643980527757595,0.665108272738552,0.6638529545730376
0.3809798002593858,0.5108781939818335,0.752363215076916,0.6862716420372715,0.6556959860172034,0.530275229787045,0.4422176453174561,0.6340815731560623,0.655301828922525,0.6251599064180033,0.6410438144115563
0.3661471580982578,0.5719686486594393,0.7265938603505901,0.6898177793241984,0.663578442057613,0.564899593042705,0.494978586695172,0.6530292243121615,0.5843886426507767,0.6099353730603432,0.6250864135860696
0.3681366615229604,0.6373984430351227,0.7180035108457873,0.7143018799848343,0.6060556516968033,0.5348706623015009,0.4449336628591949,0.6603249433400629,0.6236028410376981,0.6342660607552062,0.6281632457386108
0.3996722347660161,0.6705783484031649,0.7232356645092837,0.7396705284570662,0.6098716945418468,0.5394061869431419,0.4690156374127207,0.6425123710608469,0.6417103364020801,0.6676082627411162,0.6347506515648085
0.392092664313216,0.4963057088962236,0.728627686045858,0.6984907827632176,0.6429734033894859,0.5495942223793522,0.4856753598758345,0.6102769680897763,0.6132799960291768,0.665187180999822,0.6196685650365725
0.397249646970779,0.5765227244438479,0.7267458182416858,0.7417016055568785,0.6090883134186292,0.516808387964964,0.4920776698409517,0.6308562537491766,0.6455879464074656,0.6612701549966676,0.6325136949682982
0.3331663308849286,0.5987055033687392,0.6755365875499282,0.7500871726965943,0.6201681713011566,0.5638345850736337,0.4690621603167776,0.6312713496862148,0.6307107064768485,0.6213875048023568,0.6543839578670376
0.3493301692047809,0.5578233314925333,0.7003726727836049,0.7036659895761487,0.5905917307888437,0.533740199584396,0.4574883651803141,0.654361974110314,0.656723395755285,0.6481098920448294,0.6806287471027455
0.3634377941350219,0.5783122680898489,0.6900234217526177,0.6469649990451053,0.5779980563449532,0.5388121714676933,0.4938176752719754,0.6648441981501741,0.6810731522677698,0.6311282059296991,0.6245745125949524
0.3325897512197853,0.5750389221540978,0.6788067525051401,0.677856946205037,0.638676780610824,0.5446698357360601,0.3952814790665389,0.6447215030883121,0.6597347014824902,0.6575295781272706,0.6461223857409727
0.348429598294458,0.5952902930625638,0.6978795819702525,0.7154605258128321,0.5798356111193619,0.5663849569387254,0.419566084285925,0.6416042461145565,0.6787744746332811,0.6706418670637783,0.652961456655832
0.3674600603221117,0.6245891989452819,0.6826532387590439,0.7183868757405819,0.5668291933691447,0.5072785288731507,0.3847275237066044,0.6552992988123298,0.6410962228929399,0.6591008908261435,0.6266736335664671
0.3758660445253471,0.6382804561976638,0.6836812352309365,0.7204654120272238,0.5814901182877567,0.5396397673097753,0.407778981290581,0.6682930966987308,0.6607463035724177,0.668964456508107,0.652884907389121
0.3983817005697226,0.6345725733592148,0.7034903356049693,0.7063008975671655,0.609524307271845,0.5534642886450144,0.4559507800039487,0.643628525023029,0.64570134113407,0.6576174808047713,0.6306801676478575
0.3854779996827023,0.655057468619608,0.6964670821664066,0.6877355260221977,0.58877959733912,0.5097435842127425,0.5029084954409855,0.6506118183585492,0.6595066227771691,0.6527989226574392,0.6103407363423148
0.3572998771544095,0.640802426734174,0.6943397726522372,0.7272797456674718,0.6130038168142359,0.5292541503295909,0.5045612740645942,0.6420474904211442,0.6779562530198958,0.669531984275437,0.636023641722293
0.3830874169337186,0.5496436156851637,0.6891628161397656,0.7254391461650105,0.6275674049080474,0.5464005446507382,0.4436475730576486,0.6503161592398571,0.645888556790574,0.6573376894618929,0.6364622215421707
0.3606376879180037,0.5970536837118041,0.6569116222591346,0.7289790912946406,0.6330493121215253,0.5765934842282909,0.4628356538094529,0.6293058901082813,0.6229357043030993,0.6276219388149314,0.641797224319415
0.3857044783352022,0.6701542331788507,0.6752538723008338,0.7002226556059126,0.5855126487958955,0.5357592606661679,0.5038928316418543,0.6308009230926284,0.6362682426271243,0.6497111845079891,0.6480970456975966
0.409743957198116,0.6864312745800316,0.6849399065295593,0.7381330171968352,0.6189977199935959,0.5642258595789666,0.5187064394993681,0.597555543525558,0.6756918082699371,0.6835059979306565,0.6308702888099641
0.3740509269129155,0.686545664486208,0.6632489453031225,0.6847436402310908,0.5871704746018738,0.4832790786917486,0.5286187759983075,0.6513283991094498,0.702310826978564,0.680781673178791,0.6723083635356925
0.3478142750426317,0.6076361600006136,0.6629239928014236,0.7057113501438721,0.6082188010625299,0.5160492971730932,0.4608622301961658,0.6157515577612711,0.6509672530990773,0.6874750337051112,0.678373018788797
0.3429591720866646,0.6353091735641686,0.6513067698982755,0.7059860824113129,0.6247989509507135,0.5153288799779925,0.4828126470241615,0.6190700475643433,0.6523954787675301,0.6256763634206598,0.6789548172982381
0.3667667280297554,0.5210493868964208,0.6619319216262602,0.6734610028240061,0.6322221211663901,0.5545108297994057,0.5039029909543985,0.6513729119323429,0.6593691491989984,0.6443785683285499,0.6838621299368437
0.4126056283502333,0.5550077850462893,0.6778127204826192,0.6856978584520159,0.5941826825346854,0.589497685744431,0.4824167560310815,0.6948119930063611,0.6779792022720973,0.6721064652158718,0.6510942312038871
0.3867664743242485,0.5506157395662107,0.709176568082569,0.7010698114121461,0.6116225128025415,0.5930060240097377,0.4251979600827774,0.6874505924759251,0.6726187763757162,0.6638500523152272,0.6766217690740199
0.3762901912593509,0.5693009537828584,0.7157942701631436,0.708400633914003,0.6086412925951392,0.5658848910190333,0.4921439970545355,0.6974639858681637,0.6951439701563262,0.691327593488342,0.6985962247303675
0.3892216152374318,0.5510247265894123,0.67527696874083,0.7390947112060898,0.6277031336500629,0.5725811691084679,0.5036166660988165,0.6637318523343011,0.6576693545363219,0.6964933495962032,0.662717566371475
0.4087928144551135,0.4631052565114004,0.6973919965312598,0.6951822856258375,0.5573385549506421,0.5346049864001268,0.51148826536408,0.6777178359919505,0.5924465712574704,0.6763170220452689,0.6433532153115002
0.418988612250297,0.4860781825678877,0.6954101214858287,0.698875747439436,0.5888901797339823,0.5782066445907079,0.4567779353013438,0.6236965353595402,0.6347280217566726,0.6906047124317458,0.6722760317478524
0.3732073229378334,0.4335137002103565,0.6902160373708258,0.6524090897436857,0.6156627888317874,0.5997792616452334,0.4898872529992222,0.6280303284298323,0.6425241499691792,0.7208779290252889,0.6842929035180453
0.3740267022260822,0.4348504878821438,0.6751115056359958,0.6607984887778073,0.654347102264777,0.6031366961383835,0.4597900856389004,0.6306605723121226,0.6595608428165816,0.7313600286580899,0.6966345061361947
0.3654529628100063,0.5021350173257496,0.6861475748353201,0.7020635228250747,0.6949940591562341,0.5982808872809408,0.469619835381159,0.6536749564643398,0.6322715563471958,0.6871470383976727,0.665297852053161
0.356928336273038,0.5209886231974886,0.6895047386983892,0.6675156814723708,0.7215820073429697,0.6080112472506722,0.4902898113932287,0.6237704648512618,0.6627953366838963,0.6794672001480254,0.6560259943352337
0.3696185211783634,0.3991392633509109,0.7326106558399368,0.697045889572111,0.7546071277672388,0.6313718938005022,0.4883662750135756,0.6585109675103236,0.6740659324553377,0.6596003390860002,0.6800221712557931
0.3868107107395278,0.3658494247873216,0.7175889063893578,0.7054916770346993,0.6484364738525978,0.5811649874468715,0.5018924013707208,0.6751535005885032,0.6706809239282551,0.6928250382352357,0.6866371418830735
0.3376451412154491,0.3490980045140586,0.7437160220963224,0.7115784013504227,0.678917289572417,0.6030280618131194,0.5087797843821666,0.6834449117568048,0.6727495700308166,0.7028738764834679,0.6821048184887827
0.3502994602265853,0.3599621104023414,0.7729321686921706,0.6839522162751741,0.6774059993585406,0.5895975503988604,0.4603579396777035,0.6408772119342457,0.6890712367433075,0.7177068147809914,0.6692332091568114
0.3609639386901698,0.2940779806765669,0.7218620882677372,0.6694131091414209,0.6773404044820546,0.5959263772704855,0.4318583135966928,0.6587902731314161,0.6192391448206117,0.6805532916863049,0.6713709840808251
0.3641458207863769,0.3085237197269802,0.6938894553168756,0.6932582856303757,0.6748458113599027,0.6257400187978489,0.4496599097297594,0.6625536520456804,0.6553798285917503,0.7089949005718437,0.6809101489463033
0.3588626237357741,0.3225530040258012,0.6702247599713529,0.6773309106167527,0.6744010005259848,0.6289060526616029,0.4927897312140763,0.6639811981079162,0.6673502060253146,0.7149025257695313,0.6974754488186459
0.3591380679531016,0.3401625191445517,0.657746811732562,0.6855848823010091,0.7150697986089383,0.6439502041285668,0.5057516411885086,0.6352592017805366,0.6878837813279517,0.6708928630089748,0.7146478133795136
0.3284469980754581,0.2544974763513564,0.6591475471953723,0.5990311529645533,0.7180005131747951,0.6099805450584154,0.4851909620731099,0.6752244783564962,0.6798244558626353,0.7191276859720541,0.7001963190303842
0.3306496562292554,0.259725454252394,0.6391827071369117,0.6220772578373354,0.7252729204779278,0.6521930832921865,0.4973754910053061,0.647798948161579,0.6444616773320069,0.7154632224535343,0.6815464111523329
0.3064022491903287,0.2759928665892918,0.6570988532833599,0.5661233880435661,0.7283403626033319,0.6709329628437777,0.5179699694606072,0.6816482945234464,0.6762946594565807,0.6925485140144247,0.6791434545222476
0.3359935755545194,0.2579803360544581,0.6130809827980925,0.5405537604646811,0.5475855755226366,0.696516947870969,0.4964737180771087,0.672883013585411,0.6489247343879412,0.7009960035332998,0.6442820998211455
0.3344093665585704,0.2553390616974005,0.6333546386186819,0.5397817980160458,0.5699333663864621,0.6672500326129823,0.47706551612012,0.6720972661090129,0.627254293920019,0.7051807114989419,0.6511655071521081
0.3397093434900027,0.2553873951851677,0.642816640933943,0.5533925089201268,0.6091071863200604,0.6714717535440078,0.4518220167213961,0.6969029412643911,0.6445310799960315,0.7212464732042105,0.6589296261988221
0.357003778494211,0.2482246825151586,0.6398121981001478,0.5710420925858164,0.5973759824664535,0.6750444286327462,0.4720659363178749,0.6938248493918476,0.688351446656105,0.7223133405744397,0.6820567677666758
0.3283110648802119,0.2522511810778832,0.5368143478169193,0.5007303671490309,0.5452878771644569,0.4843416353873168,0.5286084160968783,0.6820169472092252,0.7152113995498636,0.7117979692058501,0.6884121622971614
0.3024612228445543,0.2550019691221494,0.4663433969813118,0.537337840893674,0.4966451374092682,0.3962090319265147,0.5332720604349888,0.6718646106248413,0.7022689431695164,0.6887637439936983,0.6964127735496014
0.2827894559027278,0.2038067177145581,0.4452690456425004,0.513361456457035,0.4935232312350967,0.4055476517148802,0.480469196082477,0.6869937451575557,0.6806363132318614,0.6755200632563743,0.7121460678654032
0.2643824830887835,0.1998797066804221,0.4385792541415181,0.4190135907797824,0.5184872967153712,0.4546430499834801,0.5018629405635378,0.6881008541391084,0.6821584769444855,0.698051765398491,0.7202429887218031
0.2633127892991769,0.1963227306793883,0.4524433618715032,0.3806247403392769,0.4391268772540018,0.528526993313846,0.4667425601417656,0.6896229461669283,0.7136904765673943,0.7292670545865692,0.7354899976491467
0.2728386354440657,0.2014561105641574,0.4640348331910963,0.3815176749038839,0.4347859962151127,0.55052853947067,0.4846347200124886,0.645224923747986,0.6989871560664291,0.7330138140763368,0.7199269157738216
0.2737019514324238,0.2077522205334227,0.4717942260572343,0.3758083650109197,0.3820782200754066,0.6091471606120382,0.5135214423848664,0.6694191665166322,0.6719955488605982,0.6843621448791999,0.7218709677041666
0.269546179061136,0.1969863886657305,0.4535758818656652,0.3729309704894007,0.4286615729665434,0.6261659533811494,0.5091359737649784,0.6483318264257558,0.679033644133479,0.6534848133231461,0.7436847029288498
0.289113925905701,0.1840483104946451,0.4733339642898212,0.3767728187856136,0.4808063672692085,0.6094004833884789,0.4603887665201543,0.6543931621889163,0.6604461693744837,0.6999326110118236,0.7347924577773082
0.2955424412068649,0.2109999005010579,0.4840479787707279,0.3635151990375924,0.4998973202290546,0.6597188970396641,0.46738008377176,0.648915417912327,0.6634348898688162,0.6798010959793798,0.7580692509837779
0.2898303402240251,0.1945263240857218,0.4473158388317862,0.3707213396172792,0.526735013889332,0.6100434506458845,0.5056545791070959,0.6860663385872661,0.6385446505037443,0.6702655449113695,0.7321198619891417
0.3042008557145583,0.1714401784791671,0.4741833254928478,0.3735057218551546,0.5355874651470458,0.626323429277681,0.4510604930461427,0.5887841623322865,0.658587805114129,0.6621607666788746,0.738124492623044
0.3030714867232829,0.2055072204430812,0.488251536281713,0.3637172154833197,0.5023557321463807,0.6714005565451862,0.4805608304416063,0.6130237215539871,0.6320967145568561,0.6562463260664338,0.7469468083674689
0.3109499463149709,0.2062847280650248,0.5157798148325772,0.3724359459074033,0.5154460784618983,0.6859496153234834,0.4998057572572991,0.6537697506303062,0.6434223551823532,0.6565657952758748,0.7438817914167152
0.3118204647280445,0.2101207934433062,0.5255665354039043,0.365934138097294,0.5397287334355425,0.5833392346871918,0.4543456109897091,0.6418123755259019,0.5861481349184671,0.6772376975227841,0.7521426888165146
0.2735694657684844,0.1780701987958592,0.5297795366842859,0.3759921332014342,0.5684716894730564,0.5432434552276492,0.448734691676636,0.6712154304947026,0.6014150125223592,0.6567612640806243,0.7547702559456697
0.29087594319797,0.1966393888856239,0.5154584247143338,0.3647303861197998,0.5559972733793046,0.5762059010630103,0.4580825994216716,0.6940229812952702,0.6168773552133464,0.6651774656440557,0.7513255580472801
0.3010285598745132,0.2141514625468923,0.5258907757899487,0.3675289147260621,0.5577891559839969,0.5521866197276075,0.4615318532713701,0.7185060174833212,0.6438813664456126,0.6129547055851883,0.7011304056270385
0.2985008621239055,0.2166412564351245,0.5470328441358203,0.386874917343563,0.5340782721152211,0.5693133125422356,0.4630906337101859,0.6516928690037764,0.6497373135889151,0.611242650254654,0.6930933456381889
0.3053037155458082,0.2056079728323044,0.5455026469145441,0.3781389132380851,0.5540362142381223,0.6020182154834354,0.5290559916725186,0.6801879342245992,0.6598394774565899,0.6281742935114465,0.7045467655216098
0.3285050924165229,0.2219684726455468,0.5032403952136014,0.3924024023287881,0.5739497077203173,0.626194371806466,0.506408489618085,0.6829033802587198,0.6893278683298218,0.632825610672803,0.7095997329739889
0.339240554289564,0.2243688229297816,0.5220847386792402,0.4156039718599743,0.5217377359859072,0.6414402810932591,0.5076474752501222,0.6584289135164021,0.6510873461090805,0.6496211134633569,0.7117024256825866
0.3430968273903464,0.2384710109308208,0.5139745768333323,0.4198487341342884,0.5387709294804737,0.6497028156108784,0.5317071144633714,0.6303398642600978,0.6573876433541104,0.6545122172859139,0.6766942691950341
0.3179034360802674,0.2502602443742489,0.4962128351442815,0.4473678961292095,0.4505984567498862,0.617152874709795,0.5172292643868475,0.5233131773810983,0.637742310470508,0.5636896320034227,0.6998851439675395
0.3358456227566387,0.2466752563749058,0.528582876661443,0.4463685936729151,0.4826142380410409,0.5187975671574055,0.4938925430915449,0.5638180724163622,0.6048257052964185,0.5995370114017134,0.708507632742095
0.3470508481657161,0.2884849577914001,0.5618448997733916,0.48624097888778,0.5580838040058437,0.5930761557434537,0.4440827684475369,0.6377566141504163,0.6286030437384733,0.6283186417480122,0.7383284804109336
0.3206742898065113,0.2327017118647657,0.5886923490334395,0.5556008361234477,0.4469327928292243,0.5572825745269293,0.4471436000332147,0.6881322665272178,0.6297249121760176,0.6503768173287934,0.7649662663993186
0.2968773280776579,0.2448657361371524,0.6434150557953418,0.6296249325384287,0.5131064646396623,0.5907187463149121,0.4624026466317043,0.6050336672297746,0.6381859169721805,0.6119718525124882,0.7241888625250713
0.2763122708359599,0.2161235861214546,0.4925513445017664,0.6446578127769531,0.5902526917937722,0.6236577958974017,0.5297738180767068,0.635825176101644,0.622526567294542,0.6042192885014738,0.708700373119927
0.2241661896458293,0.2560888459942679,0.5501179526191093,0.6678172759805973,0.6380641476775508,0.6749498298520834,0.5088815354006576,0.6554987524379152,0.6431558425714383,0.6574952498290321,0.6710992243106954
0.2392956453375173,0.2780497979556238,0.5702130872355771,0.69291589716251,0.6757584595098582,0.7141790293473741,0.5341297541406639,0.6494939052393233,0.6409444084295921,0.6802334831265572,0.6817997763700986
0.2337666328565413,0.2648344516661983,0.6033967207183585,0.6931350830623446,0.700498981494529,0.7134446499429532,0.5229674207977667,0.6598744416096718,0.5916562937982038,0.6958782464997197,0.7099599424639089
0.2168152966141765,0.3002380472746514,0.5953930275810794,0.7083328180905275,0.7102205523581173,0.7239434464551966,0.5210031887883345,0.6034693818152719,0.619476722282742,0.7101698971952608,0.6740004571451557
0.2309491553254412,0.300461251566439,0.5948110874950987,0.6559867910653666,0.6842655412792756,0.7163693261766547,0.5512926512973344,0.6222896171750323,0.6500365061053408,0.6894696629771981,0.6837905886162711
0.2311601550237731,0.2984380503606833,0.5880125922773245,0.6487218351520702,0.7087637773116638,0.6938343085496766,0.4555476897079894,0.6684825387539959,0.6579913070495944,0.600856448212175,0.7146857898700525
0.2551049192941761,0.2814570365003732,0.5834513501463354,0.6826132771357809,0.700886366255082,0.7246878208677097,0.5205560062228094,0.6324130040437805,0.6796111909758614,0.6350855813447827,0.7157916907013836
0.2394151083993745,0.2831003186170109,0.5700585686800279,0.6625359757286774,0.7332931871891946,0.7385691088690409,0.5391080320498388,0.6484181520599179,0.6872635513566826,0.6619412390056301,0.7085628252795808
0.2150632709801596,0.2974530489744109,0.5584368545068087,0.6999028243450579,0.7071644101885309,0.7128665672559176,0.4532941043821656,0.6578025966392373,0.6739740777561427,0.6367830276040557,0.6850855742232307
0.2340762922094419,0.2917725468359101,0.545824162079352,0.7019826674316377,0.6773193273172929,0.6908362824814801,0.4600450514627195,0.6719283685040219,0.6599248333174295,0.6731587147408611,0.6941388871857154
0.2424126297105329,0.2592590619196189,0.5633845037883632,0.7013175196162953,0.6898234534361207,0.7044941236637732,0.4850947570524439,0.6496054105064476,0.6614033611191927,0.6852143876853647,0.7183244501521378
0.2283231453106039,0.2728688101276769,0.5112519861084585,0.706885154747283,0.676263537810871,0.7167597764830064,0.4936009301138983,0.6727722365959583,0.7019665802018737,0.6627571343435662,0.7301515243017018
0.2404768562339166,0.2930656303361018,0.5415885748060728,0.7151285801960959,0.6909661475826442,0.7299997895238157,0.5350279691913165,0.692641997855055,0.7246726225159055,0.6569396519145172,0.7342800588822931
0.2592845779931702,0.3041910801742402,0.5687171267538187,0.7292955225774498,0.719150165054556,0.7722487255896388,0.4945029211504606,0.7095809732523586,0.6769267806345253,0.6419488626142952,0.727059235919825
0.2535802402063171,0.3197013404513648,0.546886512255116,0.7530247390429026,0.7130088868446898,0.738147916799977,0.4659889856613308,0.6751072398479213,0.692043699658033,0.6482082973324919,0.7315760055532148
0.2471304527467907,0.328758221976709,0.5583103209127542,0.6820389504174115,0.6456281497401261,0.7112720444184044,0.4923630920199827,0.678823072946968,0.6595867753811505,0.6494802367938448,0.6755805876462632
0.2522291242990498,0.305687682777202,0.5808061534681982,0.6643086350160373,0.6891357491903625,0.7217786236685781,0.4973015068117482,0.6641960976474965,0.6849495977695798,0.6421990670710743,0.693298810523965
0.2488250082074501,0.3212990343119788,0.5889852854972377,0.6419997448099838,0.7107486578579243,0.699078888168427,0.5128633477532843,0.6475886157068329,0.6900355959175214,0.653590429154675,0.7340005434276794
0.220380999754696,0.3249254052550713,0.5983613602798452,0.653082590502178,0.6061218709078359,0.7270280919327525,0.5405167416653167,0.6518125346306324,0.6704893752106595,0.6591819598387283,0.739129136286103
0.2069743179288913,0.3025123812484264,0.5592539324820067,0.6561091736416955,0.6491845115505351,0.7229058155938132,0.4991833025590128,0.6713242343663899,0.6848368279025072,0.6565689093647011,0.7468425275962203
0.2385082040067406,0.3072390677799547,0.5887478200142857,0.6718162806118246,0.6148152558489508,0.6917254743540843,0.4640661457314183,0.6089107636259321,0.6901608894208957,0.6608080650422561,0.7455061366865628
0.2267067841725435,0.2903575911315744,0.58555808630765,0.6563598057417476,0.6408705222811201,0.6726938955242544,0.4833127025256745,0.6387299817580482,0.6876393662937044,0.6643015437116945,0.723147300396938
0.233635593687067,0.2948839273020366,0.5574616786200778,0.6798562015598668,0.6268426339855631,0.677137654737895,0.5346154800838298,0.6907778760955153,0.6834376237677876,0.6791823220192683,0.7366774685973673
0.2495636645357647,0.2713969935017352,0.5730132133012402,0.6938002481539269,0.6215087055588662,0.6291466118313728,0.4486827771224801,0.6555671326426499,0.6950221238162031,0.7018240261190257,0.734655976148732
0.2392562798362862,0.2942960211796369,0.6046255704302184,0.6789558257727991,0.635595005363349,0.658180750688907,0.4803021681041433,0.6884476951134577,0.6597861611462192,0.7032152596523435,0.739614622444149
0.2528933438213028,0.2932373280515478,0.541243611355195,0.6729398475104008,0.6545119631751926,0.6969333147959573,0.4842460114856364,0.6766718452084469,0.6600801338263088,0.7016596980845938,0.6867402354402825
0.2393153581346017,0.2902450791831269,0.5515672414480233,0.6982364131780108,0.6452313608918723,0.6980332566427121,0.5242426673525584,0.6462201445937568,0.6748864889665274,0.6928282625099418,0.6973503063191753
0.2780060446954838,0.3817904863957787,0.5652654785525637,0.710727328268824,0.6452478746854351,0.7272419291102303,0.5049390125670336,0.6353673460991078,0.5732066591768568,0.6473326033627351,0.7148122122610996
0.2043964824675638,0.3468075916034348,0.4677371946489318,0.683698404988551,0.5763777239807836,0.6846275812327435,0.521476695989465,0.6489068760182974,0.6356358723371568,0.6358210841060609,0.7334800058509042
0.2205312463321324,0.3424986886285148,0.4176100230809976,0.646406870401072,0.5408939861246034,0.6977086878912033,0.5400510712893895,0.6717467360321389,0.6441955706582108,0.6575051965655122,0.7390103281528644
0.2029751526131146,0.328235033594236,0.4269248848495196,0.6439187451599085,0.5137145369799595,0.6718001941669692,0.5405142669110858,0.591525658373745,0.6721950633104818,0.6133143785713945,0.7197347137937963
0.205807269609249,0.3321334949454446,0.4396071366459725,0.6574883475505211,0.5355954470312643,0.6782420565105652,0.6127750101847019,0.6061940146270743,0.6748344695244738,0.6089971292752845,0.7136711228517941
0.2071775339894113,0.3388601397349671,0.4447947708360881,0.6527973601101135,0.5650127175348187,0.6254297592151844,0.6155294645474993,0.6080693240339601,0.6906106632861669,0.6334089303276348,0.7061565956149143
0.227299972144128,0.3336218529583435,0.4479428538455098,0.6578030626189,0.5713795134208045,0.6476271786818204,0.4927530461599743,0.6207271470787137,0.6896255837469051,0.6402517292664416,0.69768410070585
0.2117068443679796,0.3457542060923633,0.442131723714621,0.6648479503015983,0.5635987513460091,0.6640153998118216,0.5416669436910746,0.6406953777510092,0.6709570606831746,0.6754042841053405,0.7297107303190385
0.1830592824725665,0.3676094589080798,0.4253809809107909,0.6810687526984573,0.5951892023079373,0.6869375378274724,0.5276034156742427,0.6735643895852528,0.6781017007462344,0.701346219322288,0.7448273874739939
0.1868197785156904,0.3770542286974819,0.4375013532585139,0.6403367169349414,0.5862962441095323,0.7009447211976982,0.5577518220326781,0.682637557086805,0.6680181280984574,0.7166977078615816,0.7451921749823697
0.1915591506430434,0.3777090225831436,0.450182153490752,0.6964029553642275,0.6011099590021477,0.7284018371032823,0.5349304490027303,0.6897327688610888,0.6953338578548945,0.6798932008917058,0.7175995131334028
0.1730066180894648,0.3912017503161854,0.4343100185468916,0.6915826600683851,0.5702231915860381,0.7497641477581124,0.4857981732550533,0.6508897296057791,0.6843597597550459,0.6845691341867195,0.7303333004946534
0.1857039792297876,0.3923658835840558,0.4247800731587378,0.6773041823650848,0.5832668568004515,0.727230581863377,0.5113207717788995,0.6440553828796174,0.6984773817607262,0.6790206447343716,0.7353500359524292
0.1957028907756923,0.3402653776204226,0.4219919512806704,0.6502736533034753,0.5618449042942009,0.6873342091932269,0.4727935153884954,0.6115225239105866,0.6573967373861852,0.6561777838783817,0.7064161036829144
0.2032701012221205,0.3419890647997651,0.4081906736120027,0.6607821660828497,0.5843554997733025,0.7094351134108545,0.5152411871905445,0.4989289417743565,0.6740157815424014,0.6810980095692685,0.6976328884445423
0.209892054929668,0.3690588858190252,0.4171504010098567,0.6803298415688868,0.5898983338838297,0.7167531703602104,0.528745754218146,0.5383138193970788,0.6649627891173981,0.6638625192458034,0.7151919316417648
0.2104535874862126,0.3748263245406903,0.431593112934063,0.6913514381775387,0.608564390391553,0.715528670074278,0.5288623126777567,0.6294724627041132,0.6460301878051352,0.6642053658002529,0.7297401028241881
0.1929957299220424,0.3685986004503777,0.431826239394062,0.691502470418415,0.6133704944066124,0.6949088793927114,0.534936545237759,0.6113270417525312,0.6707900675384726,0.6454060604040545,0.745514641835666
0.1747898898022981,0.3864518470638277,0.4067783413520779,0.695306682370572,0.6169384685459849,0.7088891257891738,0.5435102440232608,0.6374271378628555,0.685443604517009,0.6653628710418782,0.7108937542497555
0.1651197411084943,0.3877498632290197,0.4165457144995339,0.7127156612905667,0.6111376481986833,0.7248262201985667,0.5171918201292067,0.6657204475567466,0.675028744038094,0.6661445783634755,0.7203401734859204
0.1599515445509349,0.388256429336553,0.4166535436192653,0.6983791541999717,0.6454765306107358,0.7330442672383457,0.5427042057557183,0.6713913537745777,0.6890705010987932,0.6661619802063042,0.7049179258443427
0.1410561119550797,0.3773718075088427,0.4174848046181798,0.715681254003799,0.6663768912928196,0.729924955752712,0.5659540692093186,0.6927840410166213,0.6944611495130586,0.6847196659145267,0.6968821829568601
0.1385166378035599,0.4029040427457417,0.4232391240301583,0.6550650344966482,0.6609159221365577,0.7021127124554765,0.6141860653360172,0.6646195264725033,0.6904392510096421,0.6517469349733513,0.7047810388805945
0.1523637919264564,0.4125980079412344,0.4278375509708161,0.6770035657338149,0.6096032810106389,0.7217807236903537,0.4955965623614166,0.6347351555734732,0.7071804283143734,0.6587564433247606,0.7153390803117504
0.1483263315165187,0.3871587096251784,0.4166798156315218,0.6290519178742011,0.6142037944411761,0.734931125165421,0.5115070241981301,0.5841059497654929,0.6661960114569361,0.681115928922177,0.7023287197214094
0.1681833623585399,0.3693029618362949,0.4199220316876705,0.6684723450669127,0.6666778120265184,0.7412108396792987,0.5245881856890174,0.5984723928904299,0.6841483310881715,0.6835071005126022,0.7091626493321554
0.1428150268494471,0.3632408213850225,0.4237060754600154,0.7064083429452981,0.6686568736347893,0.7207687270840129,0.542855798363743,0.6307632836797121,0.698645387053688,0.6784520018616637,0.6869098130267937
0.1520776853046846,0.3722436648160739,0.4146882272612188,0.684888595425245,0.6559160905327602,0.7371495088631681,0.5417039045489807,0.6057099346261271,0.7081920501642343,0.6953925986771489,0.7068100373445461
0.1696918246365699,0.392486613078372,0.369772215778136,0.6734884851523126,0.6747445780654404,0.7410669918251098,0.5296285585906485,0.6200638566072563,0.7235700961925329,0.7015774795335343,0.741702315143504
0.1644840920675576,0.366668148938195,0.3903250019176991,0.7015036791605501,0.6924614592801303,0.7556078098984487,0.5034820367856704,0.65995941843551,0.7254999822737586,0.7055044634929828,0.7214722265874454
0.1677690885092246,0.3732328486677921,0.3962096108871397,0.6983705140267954,0.7029918814531154,0.7422614923320109,0.5045292593467553,0.6382234361502549,0.7032259688201952,0.7166998655532786,0.7101625640937351
0.1702435497128244,0.3938309528611258,0.4030056337514662,0.6739425256776497,0.6953841317244268,0.7531570841363258,0.5963312054241721,0.6395870605597239,0.7375033482457864,0.7253237516133546,0.7372156116780908
0.1703459907432339,0.363806733847524,0.3857323380436095,0.6775829442367964,0.6831931068100403,0.7495319553823887,0.5733948393780649,0.6221385421516746,0.736871970140551,0.6910195284720126,0.6975725720295755
0.182537851334032,0.3211240300083733,0.4119433629561416,0.6911576448931851,0.6987487412890203,0.7537805533021638,0.5074494273403547,0.5979261912163624,0.7295933808782142,0.7112996884400021,0.6728935460979102
0.1828198868229991,0.3669098746382507,0.4186152361251523,0.7183281189561607,0.7215928943885297,0.7290356237104763,0.5396943106185587,0.647271200916214,0.6640282313367423,0.6482281905009282,0.6978334640421295
0.1986528979332156,0.3340090244673641,0.4264238035565279,0.6804448813118236,0.729644936924746,0.7650209803813164,0.4774541461885836,0.6620460584271006,0.6846071060757472,0.6811515729209294,0.7194150232045338
0.2043667088940907,0.3131864255377701,0.4181059336608514,0.639272063186602,0.6768079833457793,0.7450447156665022,0.4783664229948983,0.6726690329760519,0.6935064388485412,0.6568732630771202,0.7124628148977695
0.2124890341274883,0.3691249421256452,0.4372258079074138,0.6523394493638894,0.7030393399747211,0.6977860329971939,0.5271615077112982,0.676367303735132,0.7380455057933958,0.6952746842659385,0.6764287552779374
0.2245923495613461,0.4217206743016509,0.4510836452477429,0.7009238059693601,0.714353009436367,0.7217305700459,0.4846485593600242,0.6660041391063432,0.7581279421050449,0.7045704451069374,0.6944168113149466
0.2342167051489621,0.4542935213571673,0.455726107824761,0.6605089550560822,0.7179046463060028,0.7420166746625945,0.542797104813304,0.6773801766388148,0.7700683957997659,0.6947540420946278,0.697468818400937
0.2447897726684309,0.463002632484358,0.4499869392007582,0.6815307232763315,0.6794544026319773,0.7525333421571214,0.5217983000467703,0.7009841224704076,0.7393224963718001,0.6640704671714952,0.7097466650424715
0.2504557290544921,0.4853827426251706,0.4853682066461049,0.7010095362842828,0.7376548780844264,0.7300714553065072,0.4945759280324546,0.6861848148016777,0.7311925989737489,0.6918188593227071,0.725527450918124
0.2531169511899395,0.4621001609370861,0.4347580608133223,0.7092846563787802,0.7476444655429393,0.7670535538332091,0.5162162671892917,0.6951848750986909,0.7559122118517694,0.6972139240314078,0.7296568866060102
0.2095282710148167,0.4835474686536744,0.4397792493945998,0.670310096891899,0.7533569597597203,0.7287240450798497,0.4783766255871449,0.6854169390522137,0.7628987783611294,0.7000386606773232,0.7011739992911944
0.2400791907957987,0.4917737503447327,0.4477844293004552,0.6787584158056597,0.745742312181866,0.6716258447916811,0.526144683575241,0.6846889237423837,0.7485767379787023,0.7206045321490043,0.6858315023756427
0.2206798867025204,0.503610041912736,0.4284086927314169,0.7038080139811191,0.7194458175669243,0.7003402754402995,0.587239111598364,0.7318538632876717,0.7288815966851402,0.7325921023282842,0.7208560873669267
0.2308901636505451,0.5057233670888144,0.4668530095131582,0.7110818997833734,0.6989721047920168,0.7154660038748992,0.4982260775396309,0.6972824630429844,0.7421889982766519,0.7371040884335789,0.7325529617440711
0.1977243473685377,0.5038922165916987,0.4642949516705432,0.7188668688998896,0.6942320890369177,0.7261194450900645,0.5126020331479089,0.716690343779774,0.7443234006019737,0.6711625900401517,0.7151002202686654
0.1859512485499055,0.5084480860333919,0.4454581154161292,0.7335928724367364,0.6707235149542332,0.6925583625321775,0.5538049542231154,0.7015105879029825,0.7471701467473387,0.6535480488108907,0.6818497561495447
0.1894648963665249,0.4957991516181371,0.4663375274004993,0.7014077275121061,0.6846120376738498,0.7450673028401759,0.5174480862115253,0.7185984516470814,0.7345460460336029,0.6923609399552,0.7025406919662833
0.210837062393878,0.517863813677446,0.483955349592813,0.7274193122419241,0.688941278923165,0.7636366736442681,0.5454006611843694,0.7254778784767948,0.7465575881049462,0.7002468756030691,0.7408415343907961
0.2111438478098715,0.5015452988670765,0.4332483901270231,0.7346194458085797,0.6740532701359155,0.6707442042798447,0.5808884864778575,0.6867739669864146,0.7193619491571286,0.6456081903726454,0.7359721520299808
0.1753435822318609,0.5187322933231522,0.4257921245040456,0.7447051275034381,0.6897648764968025,0.680845794209634,0.5436675921335355,0.7024288543595876,0.7444139140875728,0.7044369955135104,0.7366895808302037
0.2031258509416201,0.5229776073447365,0.4348162578396722,0.6812619502908274,0.7278642061997114,0.7098729399827097,0.5790841629862817,0.6923826673890291,0.7589968360776276,0.6827613490596682,0.6856882621104283
0.2128422072812991,0.5229361148514846,0.4464591404796776,0.6732631205999404,0.7394053476260428,0.7445409362898376,0.5669715111419944,0.6862471570740584,0.7422769095183422,0.6853417609581096,0.6840521038629693
0.209930939587441,0.5228855896188588,0.452250427765817,0.6885375465517581,0.7363791149892714,0.7478313951137415,0.563900194957191,0.683056504916892,0.7215524509992414,0.694038387766743,0.7036555919895772
0.2080596710328925,0.4671322218492174,0.4486770871507881,0.7135040740406252,0.7502657779608799,0.7557194503892395,0.5729282610249853,0.7086473785868155,0.7556582999519594,0.700146543523728,0.7114039094947602
0.2283736223547139,0.4522840163298367,0.4617457900407877,0.6926779000528376,0.7510136544686914,0.749932875055116,0.5666922737032686,0.6811685283220842,0.7299177940857536,0.6956496834954813,0.6896319677233353
0.2276120330694387,0.422877119573337,0.4573441113565069,0.701583505585373,0.687634458059331,0.7574241744189059,0.4993900616381568,0.7144886550834156,0.7339674339195386,0.7221661116813778,0.6996605838289708
0.2237141368556037,0.3405567922434237,0.4672095837344194,0.6458132229085983,0.6741761408678253,0.7316184284745099,0.5213906259640997,0.7118871391479589,0.7122800513890578,0.7230839545892913,0.7084938563640288
0.2127331771213266,0.3272465738365704,0.4375797056708066,0.6771622256143534,0.6968434891678313,0.7470425769696454,0.4179505209890385,0.6814537089700975,0.7288725287291022,0.7092213232398531,0.724037201650439
0.2237293914402813,0.300741801118545,0.4776200396444941,0.6803503753669462,0.6662574654143297,0.702541064088842,0.4667824446547146,0.7035860439414079,0.7548559062514343,0.687461163043182,0.6996073393298451
0.1794106235357292,0.3482724839231278,0.4464616761235756,0.6633151663504568,0.6838265184803055,0.7038811622013175,0.5092596463744119,0.6924544536496895,0.7301192173852927,0.6902615060240741,0.7190636155164245
0.2177744880721371,0.3309823490005911,0.4702300039038035,0.6946952551250573,0.7007655282529925,0.7426695316739476,0.5395399718918248,0.6945657752704876,0.7370128198914625,0.707995448891561,0.7264772375310999
0.2088733074812833,0.3505819616644762,0.4713509491008247,0.731605472934236,0.7228499931448228,0.7514397733818406,0.575249698997212,0.6949571128346691,0.7413613479619664,0.7050553952110747,0.7306246563578986
0.2157581093216947,0.3576843680277097,0.4725261336385874,0.7492978542861782,0.6946172755277092,0.7575538424681083,0.5647788313558679,0.7136884285484357,0.728007138021639,0.7056727160905957,0.7298238942097381
0.2146505135150378,0.3605865750109897,0.4864782380604958,0.6973262163395901,0.7036364405408455,0.7371310249453626,0.4593209234621038,0.6167997483045591,0.716755043512359,0.6467742112200637,0.6945171286308133
0.2261278759721703,0.3556944752095315,0.4797014519582045,0.7413994146725247,0.691442919443921,0.7095620575127991,0.4782526583936726,0.6899946603973889,0.6970001589713312,0.6475953027920995,0.7234583109000492
0.2189117242638263,0.3372703133432614,0.5403291841484331,0.7413809077392499,0.6086597035033465,0.7292779571193527,0.5059954994394816,0.7031609987428119,0.7010856111584798,0.6783927404019706,0.7535805491379505
0.1963969603858664,0.305621604668441,0.5716159219888493,0.6998631863862623,0.6024838836434007,0.7124731292351006,0.5374362303135778,0.716678651692214,0.7175884290110479,0.6796383540774195,0.7553623960140239
0.2082619367916602,0.3207320259525314,0.5824666232480336,0.7315694284642074,0.6597565098940983,0.737479041811287,0.504844591278687,0.716954693853709,0.7339908048416584,0.708925503007189,0.7488326393065806
0.2324244024700172,0.3447062417611988,0.5828793933023517,0.6774025352519468,0.6893013638626202,0.7293143297902674,0.5231976626563135,0.6906457976617463,0.6967177449118294,0.728618708115502,0.7643340330382207
0.213602844239006,0.3247929537615086,0.4577776141854396,0.6924423975527225,0.7152323279440697,0.7205042381321826,0.5256186368844069,0.6826807626951852,0.7191298441989354,0.7109811840739576,0.7519617164912826
0.2369000485471524,0.3573564595673844,0.5095262191155489,0.7252245250638577,0.7532061973979125,0.7549107543940758,0.5268550933434065,0.7128089720017947,0.7319277428193132,0.7148318729947314,0.7211340868023937
0.1181183827683055,0.2288291880619817,0.5353848753777029,0.6844007456378024,0.6245747246007284,0.7644517641820093,0.516902506060961,0.6749987018948836,0.6474459583389416,0.7176018221235867,0.6560388797158325
0.1884396570760854,0.2838142712017351,0.6071245198947108,0.6927959271348854,0.6666160031209455,0.7223166218140821,0.5264920524969361,0.6933066663726892,0.6889743913539792,0.6473919076696861,0.6786199736334121
0.2125824479127961,0.2860258810287052,0.4644539354356439,0.6995334000325542,0.6737330213212946,0.743603396170204,0.5277219900361146,0.6988002618693125,0.716451473504895,0.6880596701563765,0.7046157641163415
0.2150731989114529,0.2949630175864762,0.4990269024961073,0.7136161859286174,0.7104853904075876,0.7383397017462676,0.5289911473136653,0.6997299448252176,0.7113979538202235,0.7047508853527468,0.6549729000413393
0.163639775899009,0.2816776217777684,0.5402067341722323,0.7170494712195369,0.7330594105795867,0.7560418849365973,0.5220589041979377,0.7208458595513532,0.69584506974241,0.6537255904517032,0.5640371808181214
0.1834102442589562,0.2639412896555132,0.3756189140198385,0.7312902470248099,0.7216399328672287,0.7504184401203122,0.4388171814005352,0.7331728790732288,0.7036394367558723,0.6288678194761953,0.6269310504361694
0.2047718524772395,0.2891905004810894,0.4131861274205687,0.7386922198947117,0.7307454920990697,0.641679514744868,0.4770960974531195,0.7121911556410676,0.7317987826866545,0.6619047894583034,0.6323363341731066
0.1563842861500513,0.2692532226203983,0.4650672317316193,0.7142085337556238,0.7502665912944029,0.6651560955565028,0.5127928503349927,0.6155409976696321,0.7281660998051711,0.6874481715656762,0.6899439070877993
0.1592495792168973,0.2539553322680955,0.3478984111314699,0.7156383188653168,0.7690553960076643,0.7208120491571176,0.5531227136846554,0.6902905125195107,0.6856725737523538,0.6513352158916936,0.7261234952917568
0.1872633667472494,0.2615434772450095,0.3574407832686822,0.7419346829191253,0.7581548298683046,0.7263642577599143,0.4984347545255772,0.6751094218033642,0.697222277775729,0.5636071832827938,0.6574221999516409
0.1647823981127545,0.2941471669848662,0.4136019787527499,0.702999141912918,0.6876446935522746,0.7350976939704125,0.501763794351638,0.7226579039841917,0.6945135278668838,0.6410747420745029,0.694514927845306
0.1777647980490219,0.2555793199606297,0.3578858611847172,0.6628741684953257,0.6729232891791918,0.7110492257232681,0.4971808848859664,0.7273608093562975,0.7233141511525207,0.6759664584764101,0.7253883208824834
0.1922555272413196,0.3143696499222211,0.4530640814467704,0.7171852872248652,0.7032408889113129,0.7102651667034933,0.5371920621957114,0.7278946687033346,0.7186604069239088,0.7010142407403768,0.7519601131260814
0.197317161659115,0.3463466758166436,0.5090757697371706,0.7266938966572355,0.7058193865494033,0.7331633914689186,0.4880249634152814,0.7017748027970085,0.6931623022827621,0.7202313484064011,0.7062705550218714
0.2012438807133899,0.3583121205997887,0.5725481050743775,0.7209788689641613,0.6627836589120355,0.6814790036046504,0.5244736633555251,0.675007412436893,0.7231676816799778,0.7270871316425287,0.7219713475724842
0.1820561841729723,0.3861327164752888,0.5714977863688782,0.7275217825646048,0.6898373265818726,0.6709346211999822,0.5914500689507665,0.6851735029489858,0.7147221238410195,0.6843390450767269,0.7267302518856424
0.1753580451582111,0.4123004338691211,0.5502179082272828,0.6940590307082849,0.7317377391110487,0.6890356086151379,0.4873118225911968,0.6939637871838231,0.7196025085664385,0.7140308667870305,0.7363495038309502
0.1861542138289435,0.4128953195289293,0.5653159844594313,0.7177900994811214,0.6643756523154214,0.7056827456367968,0.4702896989889299,0.7059826059911389,0.7080825039852829,0.7151199745871661,0.7380865247501748
0.1982296995673774,0.4187797915809493,0.5632844183679415,0.7346686607786381,0.6860607997315805,0.7275803874237351,0.4996274135045915,0.6785927310508115,0.7323075150983053,0.707967465251569,0.7421995147483105
0.1761363879193341,0.3126507008990278,0.4733210292548214,0.6505684661901943,0.7134544212861078,0.6047494222087253,0.5102616029470008,0.6904321971320215,0.6965155145677928,0.5896609823124834,0.7353625949084889
0.196140734433154,0.3620409927298602,0.5144078962790161,0.678788690859778,0.7054392315667237,0.6650046745937772,0.5240969704320382,0.6801885441811217,0.7323415740638854,0.6440241543873138,0.6763228022811686
0.1626741925681178,0.3408544677096669,0.3700504229979201,0.6544034742131191,0.7251804615770542,0.6163751465133405,0.5653327867480803,0.7097020237099547,0.7236540562664548,0.653545592453064,0.7036111316710619
0.1744709839970512,0.35468186241357,0.4141822997609281,0.6281054855318016,0.729039120015708,0.639115345226724,0.4976776277261196,0.7356245063240605,0.7015315959577666,0.6869939263429388,0.7243328406339034
0.1679539601979787,0.3888504876101217,0.4478454629735166,0.6566267825022924,0.7437647416809332,0.6457633636710562,0.5115878820016646,0.718021861887512,0.7155505145978274,0.6909832502065032,0.7350811479422406
0.1693152252362036,0.3891584105417471,0.4409379209676995,0.6067089483677256,0.7441261193326884,0.6706519955232764,0.5101444835307933,0.6668271899407301,0.6775113408043365,0.7073407293133079,0.7392463627723211
0.1996683723340537,0.3964517183579359,0.4222127964014074,0.6687849088530353,0.7579384657085133,0.7053361662037323,0.5386265665148933,0.6606887379711699,0.6079900313836369,0.6565917973668324,0.6522584791459248
0.1558506037359819,0.3081097482048504,0.3925674665711098,0.676713365153021,0.7057613383401778,0.6956961313310577,0.5263309367552927,0.6540189012972469,0.6183394008461116,0.5623384138674724,0.6572325567249371
0.1947159371322623,0.3536389992898723,0.4320789560673789,0.6923668928532813,0.6593337565933726,0.6972676137942726,0.5358604789753809,0.6722554086620285,0.659616916269723,0.5760187654254051,0.6624008813522008
0.1797206384763433,0.3725060221367121,0.400548110534704,0.6739705436807182,0.6771591912420873,0.6641493336296738,0.5344119223992506,0.7089585500546969,0.6891504191918935,0.6305831547503187,0.7165237843134791
0.1936635502837025,0.3512460667392036,0.4082323511892587,0.6289371584417829,0.6616458107722383,0.684599572180758,0.5542436017126988,0.6773228459627945,0.643072036744101,0.6635060080046886,0.68964517144311
0.1850416365653206,0.3847009193642694,0.3868621586060473,0.5784009745684945,0.6762202639876824,0.706173243433664,0.4645049971838464,0.6349307374937456,0.6763348472552431,0.5819158458558594,0.6917386378196884
0.1898083398521117,0.3948068428994855,0.418045179338642,0.6059484834428346,0.7137505604990217,0.7141959511176232,0.5176612792146629,0.6519893126666199,0.6896926320776784,0.6424624316085762,0.6709310528326398
0.1882404835749852,0.4039798463862694,0.4314320507622022,0.6576168377972902,0.7138232991877043,0.725617819081531,0.521216078455301,0.575921437401597,0.7115224168907575,0.6641291025305497,0.6761633248412233
0.1721632461606746,0.3862331899005768,0.4355509653126794,0.7261590631592646,0.6583906487234337,0.7186503682727186,0.4619845242662656,0.5788352618612858,0.7190679625807216,0.6822363948261216,0.678664993758882
0.1884257601682193,0.3932330760905352,0.4461599148985195,0.6672993315353377,0.6633709473113342,0.7340007559815067,0.4894802962287889,0.5468531741160463,0.6446534803688568,0.6863976719160743,0.6744878182428774
0.1844842573758053,0.3940956217337313,0.3951046570928459,0.6834090095979937,0.6799375087086055,0.7379542487007565,0.5182482739965235,0.6024091502635253,0.6880517373708392,0.6878740529168886,0.6861849243104081
0.174715476830625,0.3152529942625339,0.3675416771655233,0.6358291829777246,0.6980043838941318,0.739932110183433,0.5187729945820232,0.5572170232107568,0.6507365050873635,0.658787850240868,0.5732408770105474
0.190893592412374,0.3660826462907376,0.4150893169955855,0.6683673056005798,0.7168475582549831,0.7190168723718195,0.4753553189863638,0.5778224753684625,0.6709455972717231,0.6772035819974431,0.6683287245427338
0.1939361647038124,0.385279882458921,0.4237457252507138,0.6614220529599918,0.6946375152469495,0.7440834544731003,0.493221286211836,0.5800832520719021,0.6948700916088437,0.6815949462857396,0.6709978253718184
0.1933300108420536,0.3870145238996327,0.4354599314088859,0.6840292695606599,0.7005332761050563,0.6152172940142836,0.5015738965597738,0.6023647882039218,0.6761393098129612,0.678590678389526,0.6967264105962836
0.1797544765191801,0.3037833661683184,0.3818137038006513,0.6706781588636849,0.6317190934728782,0.6597648935730168,0.5261940383550198,0.475798019023178,0.667530403290338,0.6177029614745012,0.6575089800526601
0.1867053323755209,0.3652417901652924,0.4235430862143853,0.722380885424225,0.6768825401708467,0.6290363474275422,0.4638800585312934,0.5681929763025155,0.6986656884113572,0.6760672402383701,0.701680744628286
0.2258737342342204,0.3834803737229766,0.4773493406571887,0.7031020055175262,0.6962227137036576,0.675694822437066,0.4619126517472929,0.5686217353631242,0.5751607771814528,0.6785026348208204,0.5896536382920512
0.1956346250178949,0.3838170668039683,0.3899756025003256,0.6668080033672159,0.6968731063440201,0.6982589561936079,0.526813844850229,0.5888756838636281,0.6129851248647484,0.6605193370049502,0.6012267328785259
0.1857105223273884,0.342242830239101,0.3868402183146584,0.5990023155334714,0.7014451442067192,0.703692921380535,0.4799105788344269,0.5440157816111372,0.6777231849163188,0.6930446383714576,0.6127015459947542
0.1883593975983796,0.3603545537826759,0.4067695257554112,0.612760797280645,0.6753648452043075,0.7119289825902864,0.5184001579753429,0.6271830885482714,0.7079928430263365,0.7018504406514233,0.6508783193513166
0.2267054893653023,0.3919043912226914,0.4343791485134585,0.6805838510702555,0.6967500468116012,0.6948295523342488,0.5424361538326421,0.6744008811126412,0.6237422143244916,0.6532593454426068,0.7024741139585635
0.1935618439637345,0.4137531768889618,0.3594013465466265,0.5891800236566962,0.6108371440349573,0.7171754881368652,0.5262984424914783,0.6481601571634186,0.6832630139524674,0.6803149343520206,0.7161492741526949
0.1562387614585136,0.294349906253752,0.3645188760647346,0.6148938338044296,0.6368313249688753,0.7328588267075986,0.53308612753113,0.6679665880228751,0.725119968946482,0.6890849194194746,0.6429739747059737
0.1516426355589624,0.3078444254997043,0.3570544826988138,0.6304188046688503,0.644727170594366,0.7575656993832751,0.5041847939820496,0.6686893945413217,0.7346505213736644,0.653754261356741,0.6689651949178772
0.1865537602817839,0.3548790949998345,0.354480170533806,0.6570440645230284,0.6641938247601348,0.7654252493598765,0.5435859260745151,0.6290691607562651,0.7128411930212508,0.6585828017837503,0.6899011087758449
0.1946572364569133,0.376462967050849,0.3715154071457429,0.7074446068327587,0.6743391627393447,0.7235453722590965,0.4729576665564721,0.6528286508758756,0.7174188924710841,0.6543843821337056,0.7161277901284466
0.2068555545294499,0.4290167033980084,0.4339014867334435,0.6401448825991093,0.7287100911419462,0.7003996939737407,0.4936492671534596,0.6229812076777251,0.705187147527438,0.6576208986505816,0.7278260121502338
0.1980654955138702,0.4188764849746516,0.4269743481260454,0.4687281969944915,0.6339404785447221,0.7192743408140656,0.4846179787285579,0.637762790625789,0.7175547907038955,0.6662071740602085,0.71575445883866
0.1719682871808487,0.3391159167938163,0.3782758095341476,0.5408394137633061,0.636282947604264,0.5559819908101369,0.492904227140219,0.4755455363514695,0.6574875671821008,0.62830043578543,0.6109689754530523
0.2170046558863642,0.4172403511956851,0.3965119781119037,0.6351350543914311,0.6714904934339774,0.6150982736317168,0.544825755286833,0.5890618490458798,0.6744603478239142,0.6636208092094835,0.6724805099211919
0.2025018331276912,0.3771783024966238,0.3286151336526987,0.5131694490485702,0.6930312969368595,0.6819492121025541,0.544495135045567,0.6257243585951874,0.6979566309191001,0.6496634434736271,0.6718277410493406
0.1538167961792748,0.3448039677552442,0.3711753752467867,0.302785002672838,0.6317153978404456,0.6877537585171681,0.5024421225206245,0.6465393647354776,0.7034390908907738,0.5591365235557074,0.6831858767770607
0.1989874278481593,0.4190210790847434,0.3718825973073326,0.3878827130373948,0.6662057621919861,0.6891613506501498,0.423119553185485,0.6171985748735137,0.6596720429709761,0.6086616169791546,0.6870156240030788
0.1522327722563934,0.3068904227184419,0.3449231751234299,0.4364572333695242,0.6318503762964198,0.5138391863713654,0.4325897077700972,0.6315595080244549,0.6619076019183098,0.6191446015574411,0.6844731386759684
0.2043517800487875,0.3550217460288419,0.3611401413347177,0.5448833247001357,0.6371424519461584,0.5560836164097106,0.4993581222257611,0.6070088057332622,0.6738871098213836,0.6331048930187987,0.6876031858123675
0.2154308130082157,0.4132981171588805,0.3912718373077534,0.6014824170270581,0.6156804500026023,0.6248545402196328,0.5161159382799171,0.6134651791745636,0.6816160281678224,0.6557257886091417,0.718996007045055
0.2526938750803365,0.4155348402361877,0.4397245286853632,0.5431912762016841,0.670504991655976,0.6683146422329134,0.5208465720882899,0.6612881584305583,0.6904198143634077,0.686361394221044,0.7329209757570373
0.2897646014581881,0.4365605586186513,0.4412870536273394,0.5056304489369196,0.6909273434540266,0.6403225037775442,0.5184581523115294,0.6176087185169159,0.695111734316961,0.6674688410909052,0.7256934948992112
0.3048581593548874,0.4306070069567265,0.4693586101022441,0.5145284552893448,0.6945252699512352,0.6899124301684083,0.5043103468823675,0.6507012381033337,0.6618024657008872,0.6544400873519363,0.7465960922627675
0.310552217118748,0.4374105124005114,0.4788802066622745,0.5106952103582432,0.7196788822383122,0.7056373133843317,0.5134016686656901,0.6638484740005721,0.6651254882462675,0.6659503670756814,0.6998402665555269
0.1997643014922612,0.4320172792544288,0.4500225758644843,0.521418863476031,0.6821888791893768,0.6901350391289456,0.5480567198530202,0.6813381426456744,0.6880204355436232,0.6679653979095973,0.7226720127552309
0.2535014138902783,0.4207245762701868,0.4550502727941589,0.5105356284072485,0.6885413099218414,0.6871781190453917,0.5430396435476068,0.6373908245674571,0.6598784442499855,0.6635375337711876,0.7388768597631641
0.2800814231431604,0.4266202473283172,0.4835642901539165,0.6197063190969564,0.6361156229585616,0.7184296802686083,0.5063528032848518,0.6425873274902293,0.6917154735448487,0.6809202178450897,0.7371066568040701
0.3106581114337116,0.4339813740315869,0.5398413272165419,0.5663254509882323,0.6512923690150758,0.7275680971128338,0.4801431451596827,0.6497082379305982,0.7034234236426405,0.7020099452885318,0.751468935929712
0.2108119737253203,0.3456158790356147,0.4466509175533133,0.6205724759950265,0.4924293732560491,0.6639237031416491,0.4833492129732412,0.6729373175943649,0.7167923836825234,0.7267186397031795,0.7230193942219755
0.2025742272905828,0.3136425783125423,0.4266396231907784,0.6669775837081358,0.441394523280596,0.6679865961332756,0.4659722301440962,0.6851214471177342,0.7353281438190966,0.710101631304337,0.7539845741485351
0.2038809336973173,0.3627528276469259,0.4231065709186745,0.6720813748973312,0.5514071659372504,0.6643594960381565,0.5015033542616225,0.7140148923491338,0.6978645776105212,0.6489017792381294,0.7270420697227546
0.1835191716995759,0.3926754657783883,0.4564407090989929,0.7025140615921115,0.6185986055251265,0.6872670292163412,0.4960873791542068,0.7083014987567936,0.7265227211047358,0.6866564160430508,0.7153795639270079
0.1755581487714324,0.4235971844253369,0.4493347014712598,0.6878850447458259,0.6513211304059416,0.6244633455570621,0.5053074405791866,0.6258588705573481,0.7272471524675337,0.6876100387207329,0.7227888821605785
0.1680585101311144,0.4167445753113445,0.3973546366462858,0.6655356917103274,0.7211885847549186,0.6985746571767641,0.51887549008472,0.6801710987732452,0.7091519745141485,0.6973614985616139,0.7429139221007903
0.1917181720952513,0.3489765955586257,0.4377010704386743,0.7320837271806006,0.7286280397753075,0.7213057800892573,0.4967769175780188,0.6942475963352204,0.7265723832799462,0.7300621121020187,0.7485690622373815
0.2710015597830914,0.4633290711997607,0.536150628676043,0.6232493809047387,0.6195406113747516,0.7358637355499784,0.5211751960614943,0.7006729257363433,0.718865528683012,0.6888372613349933,0.7375991811426634
