Mode_0,Mode_1,Mode_2,Mode_3,Mode_4,Mode_5,Mode_6,Mode_7,Mode_8,Mode_9,Mode_10
1.0,1.0,1.0,1.0,1.0,1.0,1.0,1.0,1.0,1.0,1.0
0.3644182558117642,0.6592723843857314,0.6001138925315898,0.7056078888895205,0.3957058611316907,0.5057797804923434,0.6438225264380674,0.2230235217928589,0.1418021897136819,0.3039209221817721,0.1731614172502408
0.2940763196615644,0.6399274734496277,0.5692346951251751,0.6577085455977076,0.4147945592172536,0.483601144300847,0.6581676824076065,0.2408191823080841,0.1456438311902865,0.3514270525622867,0.1884781551240211
0.3142750651275383,0.6290414764810947,0.6057471215278625,0.6461423300740324,0.4218164835012889,0.4732243974621903,0.6464141668489283,0.2398998007520187,0.2677781474644911,0.3591051817208903,0.1654135677061565
0.2648907805863624,0.6477824216833326,0.5622259839630055,0.6522847409022656,0.4436313112756275,0.4779191148715374,0.6175271849964961,0.2544039927641123,0.1776209929178463,0.2867117042336386,0.1824060854212953
0.3170119969886982,0.6823514211752945,0.6089947613895159,0.6457181346090289,0.379326499624145,0.4484538406522444,0.6587900659239695,0.2615715571194489,0.2445457284096984,0.322011965296717,0.2291387814537077
0.3124425381051985,0.6381402342013652,0.584655630826647,0.6336946274936053,0.3583847902009102,0.5038764836962232,0.6544962366472089,0.2631474734502332,0.1877634453596444,0.3265310787722236,0.1248072258657599
0.3810512691290424,0.7073713294361585,0.6285484202576546,0.6209775533141526,0.3989837758463861,0.4454533098278161,0.6918910758159762,0.1837090446609673,0.1937748511079872,0.3299511808367322,0.1642628451270922
0.2674938150534579,0.6829386900346454,0.5820015360936628,0.6490435694648301,0.4213529642231805,0.5148451762341921,0.6466415871696294,0.2171953006908123,0.1109044968043145,0.2761867923029528,0.1961710054195864
0.2833920929397425,0.6529399920743285,0.607198015152781,0.6319893427298995,0.4272905446482604,0.4644632674440413,0.6161313320747326,0.2578861482722893,0.1892156765288858,0.3018706650136861,0.2229617351358522
0.2606239957974834,0.6571548144147411,0.583254159220779,0.6542474453094371,0.3901363058517099,0.4822915367661468,0.5943529858166503,0.2474536113094387,0.1594405081505943,0.329060677891128,0.2312438699684287
0.2995204596697277,0.7280468994493984,0.5585495536353169,0.6501113311085204,0.4005342301787466,0.4739250628766451,0.6588238171845444,0.1458225086015133,0.1799298087825066,0.3866148419127021,0.1418900386737678
0.2863228351000913,0.6217904720790197,0.58608698463293,0.5943591542805735,0.4106980540101734,0.4677083298287843,0.6669448805567065,0.1789211640616783,0.1708191847854154,0.311190838177541,0.1800888565512668
0.3118113397727338,0.6552689330940724,0.603027277699428,0.6249325350672194,0.3577165102865838,0.4719714225146668,0.6153461635213358,0.1962748753720857,0.1914279576968174,0.2796842607668559,0.1760378714606135
0.3426539009819713,0.6238038128008019,0.5957040043918145,0.6507566751264042,0.3608869900256578,0.4643768425539189,0.6383052303533412,0.209210426218228,0.2202513735535819,0.2808201214886466,0.206548229162965
0.3244981895702043,0.6165604472020713,0.5966584303812523,0.6496490858605445,0.3671863456080599,0.4644294524306726,0.6488252833004358,0.2359535109828152,0.2066460229702208,0.3167998432830885,0.1924334972269861
0.2979172027635318,0.6375533652258218,0.5916532988474843,0.6480801691509471,0.3098566294564235,0.4657421335780146,0.6247781501107764,0.1819570460619748,0.2281838100107571,0.3247763377401504,0.1685004775648269
0.2441333435688094,0.6205736660809836,0.6044901365927047,0.6373472271615415,0.3576647709335114,0.425729046809615,0.6235314366748625,0.2055622592064781,0.24870993729033,0.3417081769853909,0.1789341127748631
0.27340533929957,0.6481923924487689,0.5899113385909801,0.6228886842756441,0.3549485753664929,0.4647945766925014,0.6303823643987692,0.2471234571884661,0.2497585342483617,0.3658332973341727,0.1973317029683385
0.2760447533036342,0.6512559190825454,0.5926023876328236,0.611729886225289,0.3781071513955548,0.4691642143672709,0.6285616777568677,0.2513638537871861,0.2163636428424837,0.2970428042383355,0.183567431734124
0.2642025962079016,0.6520703343240888,0.5559435849659098,0.5619707074556024,0.3885438084258228,0.4607838068475146,0.640612287089126,0.2402118351974638,0.1556445093803294,0.3254987416678928,0.1739953459903933
0.2743964495183395,0.6364152191962553,0.5698663659903866,0.4604321648358331,0.3922336590111504,0.4643849675504276,0.6565531085653644,0.1856605203549355,0.0792545641649419,0.3388097880661239,0.2231667424401228
0.2313985553323321,0.6425698288826995,0.537016667445126,0.4976511176111827,0.3345775662028419,0.3865275017634136,0.6656759874837248,0.2040434777120112,0.1280160611428374,0.280294880154184,0.2209011426189116
0.261065431188295,0.6176362108428339,0.5259189202015473,0.523982831238693,0.3697967711187291,0.4208572657591657,0.659289687358131,0.2211914657514063,0.1523664962727188,0.3132520366664268,0.1983307868059317
0.2715718818744194,0.6475485851029027,0.5424909755141049,0.4861747436617161,0.4042800928035446,0.4444973738858159,0.6487446090721486,0.2375945306260184,0.1681057942477119,0.3219259627739693,0.1697553777137824
0.2182689662936741,0.6527913898856665,0.5434408464968916,0.5101843966399495,0.4199953389463402,0.4505279241544926,0.658985698184001,0.2617281550392844,0.1776156632405182,0.2674516865813805,0.1376990023880764
0.240426723953634,0.6196091760442105,0.5770503287844343,0.5257322642596636,0.3802187254914965,0.4512774894925453,0.6363865838161337,0.278603529680986,0.1903396011809516,0.3255699607651565,0.1631804626492643
0.237395366265772,0.583431198356115,0.5927015141218914,0.5490873761038999,0.3927296652253219,0.4470108095458753,0.6548287926860552,0.2568234952807605,0.1526428119250923,0.3315133066054745,0.1824193510845027
0.2076772239948728,0.5960559718895747,0.5227294539044964,0.4086642227156086,0.3960691984125394,0.4323279414238805,0.6591705265522112,0.2021434855696969,0.1622449522406344,0.3383313294757996,0.1826257839993582
0.2249608772099439,0.6045583925686047,0.5318121162340669,0.497113292748548,0.3843697155094554,0.4365351971315964,0.6640541659555654,0.2294190094058984,0.1248474499794974,0.3526734280913414,0.1689420392515317
0.2394699755800631,0.6405002996914093,0.5390783209127454,0.5497314569509351,0.3978170080927899,0.4477758128377835,0.6862561959478068,0.1779904018110422,0.1788682492296866,0.331547874885952,0.1666219456131522
0.2228497880169234,0.5900603883627038,0.554280689377564,0.4664538238480315,0.3954806881505911,0.3877894095923705,0.6764135782186464,0.2333802279601431,0.201893575516576,0.2986697311009583,0.1759044565886323
0.2277881781137861,0.5956026309003517,0.5602732536868784,0.4739069893223174,0.3993117465958261,0.3828639725098215,0.6492497101374053,0.1730606619831235,0.2040851571531273,0.2941121298071404,0.1777014333365272
0.1931388872135794,0.6082280644494993,0.5653484577471488,0.4729405976190799,0.4195837726180891,0.3618731288285382,0.653012457163173,0.1910618817973685,0.2052382774614723,0.3077168919963496,0.1740004284367102
0.2029572219133156,0.6489025351815016,0.5304602283764466,0.5496811983301841,0.4165018313436424,0.3568973423345538,0.658345552196941,0.2378470585511475,0.1992054841562759,0.2845781571348409,0.1269014633668868
0.2276094106726592,0.6062178060578729,0.5461845264290394,0.5544952236267756,0.3510800847502434,0.3822519930908198,0.6481526595709439,0.2383957224781422,0.2183978922236266,0.3280530673763857,0.1652224610043131
0.2174601482182105,0.6204597168414816,0.549763752318911,0.5673515395244646,0.3957650885466791,0.3967129929672768,0.6040386424574532,0.184458269737535,0.224266585592143,0.2981129097134579,0.19447589206562
0.23265426670153,0.6246845059913504,0.5083673846679944,0.5613692616693003,0.3780613229057388,0.3550590602896882,0.6095267559340725,0.2039259306888361,0.1903940327399603,0.3303158625750595,0.1827889179923897
0.1825528863501637,0.6206747231153295,0.5225839626619311,0.5603922919538181,0.3861392792537579,0.3658352531207708,0.6294987717732188,0.2102272467110699,0.1975935215478556,0.3309627540027964,0.1285120593645701
0.1516869932288601,0.613682013237954,0.5384676526057326,0.5933213545797569,0.3807525243777527,0.374757717194651,0.6341756425321612,0.2059969435942568,0.203761194572844,0.3441576590991617,0.1248110988173242
0.1914775337201423,0.6304240230819528,0.5352188972025871,0.5350349904038575,0.4027599946468959,0.3809857978875387,0.6083519705337708,0.2212282477090956,0.1612167582203666,0.3372491712016869,0.1195595130756315
0.1702549203013655,0.6052031766870261,0.5359756360184982,0.5778469195892213,0.3862792616049738,0.383054375792897,0.5419017744916078,0.2027468643171156,0.1798310627761479,0.3122289563565704,0.0966161677476204
0.2031411824155762,0.6137718420102591,0.5545468460819929,0.6387156017216964,0.3439631640490816,0.3191621127603939,0.5646218625627363,0.2171187672274229,0.1587683885416982,0.3357797141828181,0.132475634767546
0.134987429811812,0.5960183272943119,0.536886329039765,0.673183172187994,0.3816076007693325,0.3372685479102882,0.5414091742219895,0.2578821273110796,0.1723148063661752,0.3392686000529493,0.1448152015194784
0.191650206261097,0.6077781547994627,0.5507384214666718,0.6837313365654172,0.3526864031316704,0.3125474381816395,0.5514487903053658,0.2808902586135461,0.150085178522723,0.3021716348199346,0.1718342038734773
0.1546040419351242,0.5973870208153055,0.5394105949100988,0.6905050802480075,0.379350363498673,0.3035438935900053,0.5204842299168714,0.2912697247888467,0.2220295889949791,0.3246470779735884,0.1337374600114645
0.2234901761740808,0.6193078772777014,0.5480181048385175,0.5740844142683185,0.3541409717150657,0.3544954137162384,0.5467351461032637,0.3106681475271605,0.1828831586671481,0.316725255805579,0.1738046034455192
0.1703855645465716,0.6167594288906437,0.5531405511323175,0.5747704610391565,0.3718639415186451,0.39798575278233,0.5554082130703303,0.2488712287581297,0.201123493457518,0.3171797827536561,0.1888607212726964
0.2120892211797046,0.6353277234192477,0.5537900463614853,0.6031665423848183,0.3435483931623488,0.4182198559770378,0.5730446961528166,0.2453740457199022,0.2121330900689617,0.3320555864970377,0.1578801354969339
0.1647511427370126,0.558408429192521,0.4891613038379987,0.5503384278907135,0.3488353178418592,0.419175460145471,0.6003336829159762,0.2565283516367987,0.118163404581756,0.3326106521440952,0.1571149432453033
0.2202466745066912,0.5989641413154263,0.525032240760039,0.6002619454819178,0.3504812678709018,0.3899110180654793,0.6290032714560473,0.2718014528851006,0.1836258095763249,0.287098463323577,0.1788997853420023
0.2312448990187723,0.627261912965499,0.5501641855301076,0.5620793224355687,0.3848226047389697,0.4089425544676947,0.6095060032193838,0.2610159770346247,0.2044530424577077,0.2951172476752419,0.1875029167841796
0.2314116014250274,0.6362872300722926,0.5103795891865945,0.5388518375963849,0.3717137190988191,0.3733285808514805,0.5897429668820263,0.205596707512821,0.2294164937125985,0.3201730968623222,0.1835597714528374
0.2148502851951224,0.6601626671287235,0.510687567784676,0.5230756751057609,0.3692831962747736,0.389441991668576,0.5630547664686361,0.2351988982338699,0.2049173336168942,0.3141493938055412,0.1278450755222293
0.2165580291242072,0.6396621917802291,0.5298270725929312,0.6086025476691896,0.3790832014162074,0.2969183306548701,0.5388362818324938,0.2106917108052859,0.230027474568827,0.3182993466617806,0.1532838746005724
0.1993946364110243,0.6209489782220499,0.5242962757630214,0.6600716743937299,0.408761546537425,0.3019523316148272,0.5242914132679829,0.198051906577558,0.1820814841530542,0.2836731476537538,0.159344088505949
0.224879304713626,0.6442494348586217,0.5259392779026367,0.5425001525570154,0.364925839811072,0.3484450650761848,0.5555022515619636,0.2284738024311615,0.1914784191626193,0.2889086133962896,0.1707382120258046
0.2303799888537483,0.650882681922303,0.5341872948156218,0.62257514237876,0.3653141092319591,0.313901201687211,0.4934632546382297,0.2479862003396137,0.1173276350321845,0.3275059073745431,0.1336925282233983
0.2283363927285202,0.630837852585454,0.5285729445247453,0.5572908014315008,0.3674688281240872,0.3520908236465113,0.5685023250089526,0.2440125673640873,0.1344168398883587,0.3198825682719567,0.1685519821341238
0.2346768639557969,0.5960801846439268,0.5317066405002244,0.5253159366177433,0.3957111553451461,0.3759272032247154,0.6038425793603776,0.2218742826740625,0.1390194739958479,0.3383427890345256,0.1725040354413197
0.2366303089608911,0.6266837754747592,0.4593106843905193,0.5255952935626865,0.3231330949472678,0.3809941519583332,0.6172839014034878,0.2209766125491573,0.1632656639331713,0.3483274613742531,0.1744271546587091
0.2358355762315684,0.6327153416619138,0.4863971249605541,0.5628681406452527,0.3473189144727343,0.4159908240029575,0.6039001745793268,0.2500870051067552,0.1535500714421053,0.3051179304002117,0.1301734511854325
0.2390712738275437,0.6427277599511958,0.4481864497431072,0.4238126402781301,0.3756383603893023,0.3978851577064045,0.6134201130779073,0.2651656544409789,0.1467181546075575,0.3460273188709917,0.1568516698743502
0.2659799848104085,0.6539277286008117,0.4869853345309735,0.4793622486200387,0.3779540235254182,0.3875166512071993,0.6290546894606823,0.2693952772342825,0.1841678935581043,0.3156241836225959,0.1807221220068474
0.1900592721920347,0.6036045364221114,0.4866667152548994,0.5133594031773011,0.3862005355609378,0.3766878166261675,0.6212801330292007,0.2715290537386069,0.1778560968192876,0.3290846855680102,0.1829740612043846
0.2264710182658769,0.6326424568431728,0.4799347416988063,0.5609557817227073,0.3827698857658885,0.3878365336594285,0.62987868406331,0.2524441923550356,0.142780174143314,0.3374414903205102,0.1906487097482682
0.2625825983120379,0.6475931733583866,0.5178762365430253,0.5328883621985716,0.3678203937936957,0.3981792351408743,0.6453996201496666,0.2828634128438591,0.160403596173051,0.3415714524240666,0.2078645874018581
0.2361473368662441,0.6454449784360229,0.4412491187858211,0.4953183624637962,0.3828630711119044,0.3904502896471958,0.6610406704618401,0.2546303650746278,0.171670941780099,0.3343540428753125,0.1698375670396129
0.2271013328495373,0.6458603481542027,0.4983043752366406,0.544148904475728,0.3928684993130457,0.3703609115937962,0.6363465452688801,0.2602006787846249,0.1760245105951404,0.3073986989562676,0.1856519569569075
0.2299144829739351,0.6251902209461969,0.4904132155322745,0.4196687100373597,0.4058362866901376,0.374321687783901,0.6446901828624471,0.2774698094856608,0.1670434439807246,0.2841133157414026,0.1857947081315048
0.2208247426138566,0.6151132119167165,0.4950962906474801,0.4298108058937845,0.4109654089156148,0.3611518274449238,0.637859003269226,0.2187983560306603,0.1821224785549098,0.3045287148877788,0.1419300801163878
0.2039674286958858,0.5970931725533397,0.455698898273225,0.4761973444360603,0.3960620968402237,0.3778994769630856,0.6531613705293583,0.2271026220152613,0.1724144967274199,0.307553322616639,0.187631710607468
0.2128196910494223,0.6051147032931128,0.4848276572624583,0.5041064277439721,0.4025085114473942,0.3718580837995068,0.5953249682020271,0.2654886826333055,0.1855888345959211,0.3161486743335728,0.1303130321363516
0.1797351750563291,0.6226584828391064,0.4892302199826524,0.499301716664863,0.4242046195643574,0.3951833873690966,0.5982516946309131,0.2441914970532541,0.1674013391210347,0.285237462849419,0.1522255725346941
0.2045646386130157,0.6229045019068873,0.5111030117007688,0.5137411557494513,0.3680671275677891,0.3786067642091716,0.6165218803325134,0.2606968488987151,0.1675585789324676,0.2875087953214409,0.1621200771357254
0.1955310797542588,0.6217403652857791,0.4931070051523562,0.502968602530694,0.3948004892675557,0.3788287229374979,0.6426820065870291,0.2757339139203041,0.1538357809569451,0.3188939450861796,0.1755320838100662
0.2233621732855718,0.5767327248931619,0.5145196659493275,0.5191922100120299,0.4167864628271458,0.417185021122447,0.6397298479029516,0.2117692978354754,0.1814714004734315,0.2882685966868513,0.1782709203103452
0.2462043259133221,0.6075808562868483,0.5194637590423277,0.4942507172354112,0.4205936412909007,0.3639522786761376,0.580981431551171,0.1999328263309056,0.1696395882160961,0.2920920684874803,0.1846367321288453
0.2428779325120415,0.6236031394417068,0.5225868176116004,0.4836516174678339,0.4335721502729602,0.3554130064338103,0.5924790499950415,0.2353618043421106,0.1980534703341472,0.3110504125109002,0.2070773184724316
0.2118188974385131,0.5819400961681671,0.505316028101137,0.4198036630407472,0.4403560946056724,0.39300603482231,0.6210068042028097,0.2468777798660703,0.1802915635566835,0.3094502792112073,0.1556167507209467
0.2340213990261717,0.6029257345634926,0.5120509326407355,0.4812119010864982,0.4449154035644052,0.3794995647960445,0.6375666135012263,0.1786216393815186,0.190887289200595,0.326208837731849,0.1124204664391449
0.1887679400855618,0.6074553878555202,0.520648673792227,0.4630963339302837,0.445123075853405,0.3919664750225944,0.6325473097104698,0.1870839106286586,0.2037294064530126,0.3333740742492073,0.1394455352384691
0.1924952718572339,0.6191125133228832,0.5216519292229431,0.4873620646079236,0.4249393056515638,0.3915398474695531,0.6380760452078271,0.217199162920439,0.2166738932087111,0.3481561190509382,0.152903240168947
0.2193378011610937,0.6110901656828207,0.5225310176917872,0.5456238250347778,0.4433989883682445,0.3625090492390893,0.6168474685052794,0.2161110610958803,0.2097481067995636,0.3299500629349848,0.1410444751581784
0.2320244557764423,0.5730853085630264,0.5215344015820811,0.6133975716668508,0.4404023656574122,0.3723732052225458,0.6349336504670154,0.23998975703635,0.2038001504789124,0.345387132917084,0.1619340381070318
0.2407842725902067,0.6180823629055086,0.5149625514133535,0.5726181752473771,0.442766736485069,0.4105512937520478,0.6365032778782249,0.2644579053600025,0.18148063919701,0.2872042524596851,0.191664004737552
0.270658943301817,0.6257301469845139,0.5300290515100827,0.5891964246262749,0.4539076049641501,0.4184819067124811,0.6432926699918582,0.2854118290640764,0.1907763366896126,0.2875589123377168,0.1782869271283469
0.2635866151127791,0.6292149969978559,0.5481458188568042,0.571694440651571,0.4558011924373483,0.3674875337794701,0.6531506160640512,0.267493772973372,0.1933230423823363,0.3006618638730053,0.1957352147577687
0.2005110646051625,0.6186788332246103,0.5126215424856807,0.5867157292943066,0.3958098338433823,0.3816447770678405,0.6425783695525203,0.2578934186366443,0.1844580039627089,0.320242028902805,0.1977041962204629
0.2123658307956134,0.6025119159746682,0.5238318615846556,0.5291552705195298,0.4041451104395893,0.3937134838720229,0.6468408211841841,0.2650194315576022,0.1981352209795508,0.2737445948356633,0.1986269369402902
0.2208051643117992,0.6058670562979551,0.5270992884100978,0.5638418495776758,0.4386063388747924,0.4097439694224885,0.6087295874370214,0.2437047495108431,0.2129982755146206,0.3090180015502209,0.1940520855547235
0.2301769239050942,0.6288821973793863,0.4703152966135415,0.5769549866436251,0.4414808824885705,0.4029563597155599,0.6312518104232622,0.2706016022675033,0.2038031406738767,0.2836731497485888,0.1992710697489775
0.2397028994068907,0.6084635387869298,0.5006026152204036,0.5933538358830124,0.416328975062501,0.3971078818290173,0.6473059016766518,0.2742328717437753,0.2017726573163984,0.3055855216159831,0.135173147484832
0.2636308970897629,0.6503240134862596,0.5282249328527897,0.6120496310925362,0.4258305820595824,0.3966779833226705,0.657135205351293,0.2427976590576517,0.2032745746786346,0.3274693660923348,0.1598706626630415
0.2323855233359629,0.6111104156047452,0.5214205691156291,0.6175217177356844,0.4368777313192274,0.4149514636242412,0.6393702345744414,0.2628108429470728,0.2071042033516659,0.2797732552481759,0.197150708690795
0.2620533855658472,0.6231687147669134,0.5453996625321023,0.5984218896340295,0.4453549075789907,0.4083051052175994,0.6440635834527497,0.2360422324119963,0.145771483214404,0.2977524941559164,0.197169850534513
0.2407891543014224,0.6117277408900745,0.5116754567634053,0.5508001241118732,0.4204438891005353,0.393346937174802,0.6284154162660006,0.2257419802758072,0.1367164949279334,0.3039593224165116,0.2030650130859987
0.2516701871209491,0.6308751492490005,0.5082169312989748,0.5651338307478206,0.4375798549776329,0.4028323040577122,0.5986454208686253,0.2367763428636449,0.1782112838612156,0.3285967469002671,0.2223000492145744
0.257761392039058,0.5921117323229808,0.5224360638310315,0.5761697460218211,0.4486211708009149,0.3860802124190975,0.6255525830126009,0.2522634077716051,0.1945069807638031,0.3419161807699307,0.1798180218369952
0.2379507039628011,0.5620322877993572,0.5458043301290789,0.5891487429538842,0.4126535467197252,0.4117761939087227,0.6402861402847493,0.2024591275862008,0.2303358023054761,0.3382342300797312,0.1769237490528495
0.21893309422172,0.5204165880012863,0.5217255134448588,0.6117221890193216,0.4298915099448206,0.4058697621592358,0.6547074584497038,0.1711969396799936,0.1643224768609905,0.3153279806982429,0.1900955584269178
0.2115594400383184,0.5591777134612528,0.5351230079460074,0.6535569657957342,0.4085578419620195,0.4271556562705757,0.6369387614253482,0.1892044221795863,0.1936492890743563,0.3159114022124681,0.2095022117770522
0.2210052092340257,0.6126942326168647,0.5285974017579101,0.607648998938818,0.4191045442395109,0.4615839103573626,0.6153645245441948,0.2345854361475835,0.1827511612432309,0.3166209889149539,0.1985973453999009
0.2174288696215012,0.5646494887536379,0.5510259870154034,0.6136954061944571,0.4019347034165141,0.4639924431261119,0.5712966946217111,0.2505135233696958,0.204159717613693,0.3191015895702157,0.2023069750375215
0.2363312663496245,0.5526255730233072,0.5179345146275071,0.6647059300661353,0.3605562958749153,0.3911463296381709,0.5864385330656234,0.2686112641917228,0.2044786362034957,0.3268658947951519,0.1957919443075484
0.2445267408387415,0.569742218380354,0.5168415584614958,0.6231728346245554,0.3934997107307718,0.3840643457679643,0.6082097556376342,0.2325475732280768,0.1959285622324476,0.3366988261655825,0.2139225831356397
0.2310473298083199,0.5124211227819787,0.5303470326490924,0.6398824604570179,0.4145241885735216,0.3840390334370873,0.6493225988942131,0.2311326371861212,0.2042221026602226,0.3076986981042504,0.1594159000191043
0.2386724006951022,0.5599521419426889,0.5269018682790116,0.6434213178697183,0.4239401359808531,0.4379895119566972,0.6545707357458532,0.2406876209930424,0.2275701466996161,0.3104342069134099,0.2055967676983554
0.2600975302287739,0.5731476953966749,0.5167261822634727,0.6080097054929255,0.3935523200394779,0.418052513711383,0.6294278879129561,0.2465922758442724,0.2195028587186045,0.3310885286407026,0.178297464526717
0.2236739556951874,0.6059936810078672,0.5248947734116238,0.601234066510493,0.4148023973157624,0.3882897803055248,0.6196174196938821,0.2606892419055775,0.2380838168760184,0.3341829661807914,0.2039667011784389
0.1874909090735914,0.5590896709637289,0.5329371449763792,0.5945652443037521,0.4330105504901634,0.4355009641166604,0.6262922314608496,0.2538699210365635,0.215838780187973,0.3560634390247512,0.1900895931177759
0.2098670908020974,0.5614608540548953,0.4826708917726867,0.6307127865676581,0.4343430051234315,0.371954829460887,0.6005788967604011,0.2647189117666598,0.2226447485756025,0.3655540971713805,0.1911211582742437
0.1720147767250225,0.5790015608292454,0.4982479704956282,0.6346289258535278,0.4203010444317969,0.3965134025550922,0.5773053946805365,0.2394366678036706,0.200019892178212,0.3397391073378608,0.2168131135297987
0.1787391872360696,0.5856401363235155,0.4999930666471972,0.5230893214699158,0.439375544057544,0.4208876116797498,0.5899441007965778,0.2564895407934697,0.194127092374928,0.3454707505305778,0.1964113204020337
0.1976983589081947,0.6019813783033299,0.5286225500416312,0.5579787587488673,0.4345728839239964,0.4334295674049412,0.5801004109358838,0.260656629230466,0.2207501064926462,0.3232238278207726,0.161732323658976
0.1088299619923328,0.5722046493279113,0.5074531693681535,0.6076663423887795,0.3769517221847685,0.4338742982762802,0.5518998425194602,0.2672633930295369,0.1781748394423515,0.3122298439910451,0.1351506624316565
0.1353371569676135,0.5861503417856848,0.4923937001729137,0.6118615181749754,0.410717994934323,0.3656149391759217,0.555768153172458,0.2816127624558304,0.2201217790068099,0.3029676256315845,0.1534143902112829
0.1531833281726391,0.5782476033829556,0.462305611207352,0.5637559540715559,0.3954782833470693,0.401936520230376,0.4890007663103471,0.293108436779109,0.1760675648266857,0.3259857878544728,0.1576144836832683
0.1376972723107012,0.5743493503846392,0.4767716066458804,0.5702870720848067,0.3861951271884644,0.4094126793896304,0.5074684870732459,0.2271448222877967,0.2304050427720705,0.34822645024205,0.1332379849877641
0.1648741888371696,0.602269700417159,0.4925553853744562,0.58261221727017,0.3678505046790002,0.3885268752365424,0.4725501979251795,0.2176105543650884,0.1878693374255954,0.3282878821654548,0.1523342721031546
0.1597232855079518,0.6042957643175968,0.4764394497595544,0.5778571237293014,0.3704332285432788,0.4045110358721012,0.4431947636383236,0.1764422913166185,0.2043701505878589,0.3284730417879159,0.1630528330946613
0.1598943261628062,0.5538380880067305,0.4949095927237784,0.5891427213132903,0.3483946923296806,0.4138765279266351,0.470517030454521,0.1884585106575274,0.2207792465762134,0.361189405984854,0.1991663549162511
0.1063931539716835,0.5930668409484592,0.4864580772068875,0.5944804043116556,0.3410743064085099,0.4376951514322045,0.4711749438322196,0.2036021874354488,0.1955772963698366,0.365607606371128,0.1850177314515019
0.1271255427922635,0.6100446302909445,0.4742700764252907,0.6156148739387644,0.3407428552779062,0.393677702820168,0.4270057332454737,0.213624358226446,0.207084483061432,0.3389007751641534,0.1958633255207113
0.1452354099724261,0.6147624263415281,0.4955443849247326,0.6000784633527374,0.3301532778647343,0.4123006186507213,0.4422195611090541,0.2290509026311437,0.2394816468228675,0.3532571779803081,0.2128406773389707
0.1461186449450372,0.5869449610853492,0.4978626935545269,0.5707342764871903,0.3477795850096286,0.3937388058378004,0.4559153932097219,0.2331544015964114,0.2574717633526591,0.362694518232293,0.160553443057888
0.1539836645037509,0.6108511334868217,0.4693253511645877,0.6006937989206075,0.3520538106165052,0.4402613106825097,0.4701586937599647,0.2234537041113145,0.2653701948517178,0.3868287587143539,0.1897542606025822
0.1662881822041876,0.5570714103949868,0.4781187977040487,0.5501458284486759,0.3394863490020187,0.3878179279955027,0.3300458562146318,0.2411505818753886,0.2786736912134659,0.3147608458409724,0.1895930873067673
0.1849496160309695,0.5420041944016868,0.5163119519678964,0.544730478941822,0.3043002495752803,0.331215859684202,0.3383579498848245,0.2535814240806441,0.2797088862892459,0.3111401611316922,0.2066009621426268
0.1919934765829711,0.5840057223897211,0.5208202797195891,0.5656962139972628,0.2924382049414501,0.3840832860930921,0.3768976009987376,0.2447594779277294,0.265041358529835,0.332899916941744,0.1472006330120702
0.1784063800062905,0.5985910340534257,0.4828721272937273,0.5184666346868492,0.3076005893185729,0.3828642573090661,0.3739928575399596,0.2759294923120875,0.2639972412230083,0.3300378083740392,0.1723350863295545
0.1703910370412465,0.5641991955077018,0.5082600923500994,0.4907620732211509,0.3334399949994904,0.3813663134720704,0.349426901418547,0.2449939019020014,0.2789765581579499,0.324862187222824,0.1661667744686726
0.1828940895034643,0.5820246192419274,0.4985997235569551,0.5245383674447537,0.3389572040796523,0.379133955818062,0.3544518441666409,0.2641092693024403,0.2921430797201959,0.3443562407867204,0.1613497015430734
0.1938455125912485,0.5936795354527209,0.5005604746623816,0.5389972150794562,0.3644018074028141,0.3451801321743505,0.3654136034572905,0.2689460497887795,0.2956829808213295,0.351711539566281,0.1715162523651759
0.1939269397296736,0.5733448778231084,0.5067750182923352,0.5626328598623254,0.3478001698737317,0.3474857747802041,0.3546618594472321,0.2631414503125341,0.3000244175302035,0.3176883494862647,0.1717951313192246
0.192953340428354,0.5977795527895297,0.51485202630724,0.5715469727203002,0.322111417816321,0.3477192708518743,0.3755833992278947,0.2852905491610313,0.2760046559764235,0.3317713076458962,0.1641520072654044
0.1520229970518895,0.5711665456174754,0.5149289359217888,0.5899432143405567,0.3430353021247047,0.3717191306639987,0.3615062111884429,0.2844668085467838,0.295881209168334,0.3295310250103633,0.1656637122965827
0.191830513062607,0.5925048599019727,0.5276609978615869,0.5624907428646385,0.3366557474952633,0.3231247690137245,0.3694595018249407,0.2645969525486947,0.3058915384414874,0.3318682111610551,0.1682891680222819
0.2072320369369716,0.5632240480164424,0.5192316471227965,0.5643149202404857,0.3451469938958665,0.3453099327588086,0.3528592542209133,0.2742337741480776,0.3049309856025768,0.3114284121739399,0.1960906613328306
0.1604825363908293,0.588684404030651,0.4688861023304379,0.5703112819574272,0.3470893917220685,0.3757974123271361,0.3967446572600388,0.3053799647101369,0.3290008422471649,0.3280434101587907,0.1817605129050673
0.1436535376616227,0.5849022641136533,0.4847512824149054,0.5612195770655146,0.3690054597711147,0.3990729878766791,0.4122398568870062,0.3211074882502204,0.301484524947952,0.3144708943944463,0.1665305867811961
0.1555047648958092,0.5901430837251702,0.4955096259782471,0.5242699816820011,0.3147508332150839,0.3720687533712608,0.3649438422823066,0.298655553566966,0.3177269431853422,0.3304780804163529,0.1780391865600201
0.1810187211306938,0.6155711548636058,0.498643717343346,0.5574614197871091,0.3530957252828099,0.3960888222174835,0.420689555310451,0.242512402974458,0.2813510871179247,0.328134250776378,0.1798025929821036
0.1663505025254843,0.6064422961682633,0.4840455540425569,0.5770435919861369,0.3061541159414351,0.4054458233985074,0.3802474294634554,0.2564749561940788,0.3156933424163068,0.3319875851114181,0.1917222302451789
0.1838926092605701,0.6022542188837957,0.4997668829916534,0.5900422742573154,0.2969142936169939,0.3824934889456998,0.300345942106747,0.2803956237101006,0.3331370709347222,0.3403672009661354,0.1813768161981975
0.1851529878091172,0.6027634875035128,0.5088794844948483,0.6167519574330264,0.3226942473672123,0.3225411152991303,0.3060225453966558,0.3076340345404794,0.3361976951179146,0.341850346293622,0.1747684993751495
0.169349714875248,0.5453780969216321,0.4869472849444771,0.6079470900752407,0.3497390273097586,0.3505692963966488,0.3112031299743757,0.2897385255025783,0.3387288270196048,0.3497416213294724,0.1761756350643283
0.1688896251707989,0.5604224254172021,0.4906770767190853,0.5978140683138466,0.3530598605603199,0.3844805196031435,0.3496351051093128,0.2465658331132369,0.294922548990097,0.3512367846507849,0.1909759641627936
0.1748711924777005,0.5813899853987581,0.4856954750448249,0.5539095897996791,0.3554598652783254,0.3998363020158373,0.4027348466795003,0.2588800573153282,0.2629531596740309,0.3224068999729647,0.2016077333931641
0.1861206693810703,0.5866900789094898,0.4913009989573656,0.5575270470894178,0.3159053891480386,0.3409562344810681,0.3839570483448245,0.265533378275438,0.2770762844929427,0.3361159980261206,0.1941086924363725
0.1773417739013924,0.5712035646869431,0.5045166961538079,0.5624982040628852,0.3472636258628822,0.3491278215279499,0.3945446355300295,0.2826547299923814,0.292372384292007,0.3310222866908902,0.2042333055334353
0.1139138387677404,0.5862257561709536,0.4891145200896422,0.5863481669774417,0.2634349077910586,0.3550139189821644,0.4112087817415294,0.2717837711541906,0.2955813118049886,0.3306066954539776,0.2070902551442983
0.116510640138005,0.5209547831185488,0.473726397205894,0.5683629959225992,0.3326299872506469,0.3547491920029786,0.419663219947005,0.2417902365508767,0.2964051572155505,0.3328304180018522,0.2097065832889265
0.1407092679717261,0.5488186509518274,0.4749585673359987,0.5134932493737698,0.341499043267026,0.3385952788200984,0.368395633858986,0.2680367407716199,0.3009403637931223,0.3245705024046708,0.1922429912148643
0.1473697051929284,0.5675947212338424,0.492415548534413,0.5312604555763798,0.3325346874000664,0.3588384781378447,0.3744818559785681,0.2016447874665771,0.3119440157089371,0.3165224161784585,0.1679114380459477
0.1804790975374995,0.5681030329154468,0.5105858401491242,0.5528016218802689,0.3433072654071278,0.357864073182055,0.3782015609365577,0.2602535154858231,0.3254232072072973,0.3225407751791683,0.1706577397517381
0.1079123291878847,0.5775387979613988,0.4985386360749188,0.5923729517889338,0.3587743581136735,0.3851874466979947,0.4224489442997838,0.2440542125595169,0.2900754201425293,0.313473181379145,0.1921139614839689
0.1323496493364907,0.5718028510563737,0.491090045066369,0.5980626087511036,0.3469476092160068,0.3875460348617302,0.4338170303901182,0.2507436145821264,0.2934712073373996,0.3387818536990455,0.1691593176936817
0.1326368057048479,0.5540245884270419,0.4978335818943979,0.5722982861924855,0.3197200071664653,0.3568743223221038,0.3398765282569591,0.2577879283920823,0.2942097793919801,0.3458726660844866,0.1859941386878232
0.1459045705219233,0.568954443090992,0.5174148488210608,0.5832841355086973,0.3451772985659974,0.3619867657752577,0.3734376124300925,0.2874206496069817,0.3004972387321064,0.3566777641360875,0.1885941101375089
0.1497579369332937,0.5814174389738529,0.5080854463713856,0.616662106210452,0.3380401703160857,0.3677012729192856,0.3862031613774109,0.2501312910410633,0.3131247430727268,0.2987586946587278,0.2070199684184486
0.148452640908727,0.5414289247838365,0.5110824897969605,0.5299258014682601,0.3061673518425992,0.3768465913497195,0.4024222287180072,0.1929481876814103,0.3039803364102569,0.3121462173276538,0.1993346004866975
0.1167764731191209,0.5574904086792936,0.4947540425332665,0.5451476037408581,0.335625498665271,0.374109670548725,0.4013488021196509,0.2342292654116594,0.3060703104963191,0.3246885187508053,0.2016958431504905
0.1265027958804866,0.562949300133104,0.4567450516627253,0.5443775397299966,0.3623110737229388,0.3913998402051414,0.4154617039964166,0.2353635263203827,0.2810783977777471,0.3299011670795546,0.2311278017409923
0.1679422882301335,0.5673622450171212,0.471973878828934,0.5570365418251343,0.3753001665610668,0.3941150485440874,0.4165285307725082,0.2651162654771284,0.2822203129887647,0.3409815609703329,0.2185389209378774
0.1331588999850647,0.544690044884055,0.4481551144035318,0.550909517299585,0.3061249309522859,0.4075696057087471,0.4375116392399275,0.2548687369934183,0.2647528830720818,0.3631462399193262,0.2468722828037025
0.1702162224005418,0.5518537886320625,0.4786320083521675,0.56076659941148,0.3507200183833555,0.4224367575866676,0.393410138549311,0.2564659118620183,0.2652026737353735,0.392053963082557,0.2516094852148881
0.1734798352227765,0.5412763119291617,0.4788350851358313,0.5156720386793795,0.3735071371515867,0.4000698698077186,0.4293845758291609,0.2680011093276496,0.2759972780572518,0.350213160271104,0.210669607160932
0.1742487499618373,0.5449646131754853,0.4553445414342676,0.5495693814285968,0.3705466039163481,0.400376755138654,0.4304577873518937,0.2571473908676865,0.2803830488532048,0.3667079350462618,0.2412221292410872
0.151344608706543,0.552079823875161,0.4750939248111217,0.5387745639351776,0.335492414696226,0.4240901926080298,0.4490098770143694,0.2608914272247964,0.2615843759564834,0.378676983629042,0.2354814208004095
0.1766353136562596,0.5248412775746675,0.4429495408616525,0.5308931762775325,0.3523362270401743,0.4054311891967971,0.4618136918755835,0.2700677557453698,0.2681273273014907,0.369855975204867,0.2542207562894354
0.1452889702240945,0.54797594146567,0.4741765742728404,0.5214469205521585,0.360579824583479,0.3964876002427158,0.4013750143818958,0.2951841243676801,0.2395210432593116,0.3922897844402098,0.2624825854800118
0.1542536875817511,0.521969175987108,0.4486099933345661,0.5485071572751503,0.3412031995961338,0.3745615441557898,0.4079531888998061,0.3136158154191401,0.2699466497042735,0.3970960782070417,0.2644092166538985
0.1828938501834331,0.5313998764106087,0.449036420574158,0.5532262650529916,0.351372752015523,0.3764656520939576,0.4384970791863638,0.276703881936146,0.2755586277672128,0.4115353348094619,0.2575361973551255
0.1824509652620094,0.5624449715101394,0.4654570097334674,0.5435717457314148,0.3490475909229517,0.392379920606957,0.4530867061848008,0.2378627371910376,0.2720741293433426,0.397487094208632,0.2586604914991015
0.1770165147290261,0.5596671495232088,0.4786589670995553,0.5358307998197832,0.3405772752231129,0.3995445801984901,0.4585624207866347,0.2950679716237163,0.2766320179595822,0.3714010796769221,0.2587639984900505
0.1841070148183023,0.5114961360538846,0.4812834013906081,0.5468828480251389,0.3460156460566912,0.3938254969076775,0.4372518109357592,0.2975152437116015,0.2686328233823978,0.3727910830034096,0.2687700696459399
0.1904207887376105,0.5365658870634735,0.4876808431607671,0.519868281647861,0.3656850472342039,0.4242812048160214,0.4505235825967941,0.2645803176534162,0.2452118728833738,0.3927344379849271,0.2808790492872188
0.1807025636099232,0.4718762772391898,0.4974150903468797,0.5529650021887511,0.3781540102578551,0.4251289502127356,0.4576358780863681,0.2369382210236637,0.2511237495116442,0.3672530472819768,0.2697333117776566
0.1787032715610657,0.5001425271752785,0.4748290403014993,0.5649954654961056,0.3783089363947967,0.3853343706820701,0.4200702895140264,0.2454061099424449,0.2581074191702859,0.3779435325898138,0.2056660234121845
0.1833028998809414,0.5227441212434741,0.4549956542734215,0.5486658444585332,0.3599490167138751,0.3890048550275042,0.398981140929443,0.2622939294599095,0.2850093610238267,0.3641474038707352,0.2094738744043738
0.1941595774163317,0.5357411179748588,0.4713975164650192,0.558181753196922,0.3396755344291648,0.40766166667685,0.4402376828341075,0.2632264599708815,0.3004587276288608,0.3570396193409056,0.2390590125452994
0.1712998618668865,0.5395402691874673,0.4789315318788437,0.5438085952136205,0.3499384926673933,0.3868323639666492,0.4190367298585877,0.2960643801155456,0.264126458785539,0.3582124075064128,0.2455607391763664
0.1813587465302167,0.554742152845904,0.4316943250920647,0.5360325510237456,0.3483228762676724,0.4014349388333513,0.4348726304461468,0.2381579540372458,0.2694463313223539,0.3695129765984494,0.2587989310852395
0.1445293655750038,0.5178884561132086,0.4526108562972698,0.5470559745835794,0.347516095978195,0.402474287824733,0.4169059034160899,0.2603077638669799,0.2655112994606998,0.3764306912151607,0.2558790848963981
0.1384724155855819,0.5354243125068776,0.4621867285603437,0.5243856631040537,0.3549556942006879,0.4010591358207682,0.4054610460412465,0.2656464475580793,0.2846235800054978,0.3627556873498248,0.2608124504737004
0.1537198509972545,0.5393363614649329,0.473441939672343,0.5401745644701237,0.3593651216148829,0.3883068738092491,0.4195062179609335,0.2473091648512592,0.2851549578448464,0.3909884805932965,0.2716263518151958
0.154428864564004,0.5081553321313146,0.4816402316597088,0.5387763619164793,0.3126443439822878,0.3984964473688832,0.435969074868105,0.2682513915229725,0.2456107682539855,0.3729657188099747,0.2753487637587092
0.1279937414369365,0.5458032562062873,0.4604804544384776,0.541091894410724,0.3517239588994515,0.4294776015230719,0.448718449351495,0.251191103072426,0.2636319680935982,0.3776860888312771,0.2712307876994044
0.1138710048638049,0.565373386734046,0.4841146370175965,0.5229724734682825,0.3563998085641421,0.4015253570614738,0.4515373098558685,0.2769407648502101,0.2719838419317232,0.3781338179226955,0.2586872119276653
0.1518518092431589,0.5553470722908588,0.4885894405216467,0.4880615038134304,0.356741100855065,0.4170955660988331,0.4519771107666943,0.2795895354090199,0.2501350261454329,0.3917494700252898,0.267009991725025
0.1336205910921379,0.5340122767854752,0.4483049377393924,0.5037078995022424,0.4001841797133077,0.43037586294343,0.3849810513834727,0.2530331211426613,0.263329304617959,0.3761812328812164,0.2143669961850668
0.1671057126077598,0.5202000225782374,0.4650730523277415,0.5156203607702967,0.3911970701049586,0.3812268324419889,0.4000194349517548,0.2568436038371208,0.2674432381501559,0.3786445427621868,0.2352028959390046
0.1191591722269857,0.5389537240576046,0.4598489693648525,0.5160293123634614,0.3886730849015252,0.404173809547763,0.4160025254150661,0.2152827993836155,0.265570164744761,0.344027677874945,0.2528935757253857
0.1472194629299016,0.5160008370525803,0.4731894496011749,0.4638844144451573,0.3364405563307623,0.4138573900998521,0.4816558261116653,0.2298270620043563,0.2870764872062998,0.3699756203098659,0.2542116073082453
0.1337518083812301,0.5337985650465096,0.4818728966607021,0.4764289701116022,0.3504874978703357,0.4107486601165682,0.4302838511152808,0.2557146466805226,0.2632937670552961,0.3645503762834532,0.2541058602873501
0.1274505926860097,0.4989841877339153,0.4504953523264072,0.5050728898783741,0.3560283247207518,0.4162355870810905,0.4507540149984362,0.2775396394831544,0.3050764012136768,0.3803951840235525,0.2547488648247291
0.1266421380538434,0.5054842403513496,0.4574023395783259,0.514875500858994,0.3790752343120533,0.4094327795025041,0.4352274382389259,0.2582281651676799,0.3009184478649236,0.3898355641878323,0.2392778224995248
0.139061593226048,0.5487250203383837,0.4757248006992765,0.5377746605565908,0.3953765602364866,0.3787791522348747,0.4482313804495925,0.3046208855147672,0.2380022766439157,0.3897685965637933,0.2488626568782251
0.1617756072036995,0.5576786681789888,0.4781771819826248,0.5175711733163013,0.3649032208045213,0.4001796799779601,0.4173686534113318,0.262683768105285,0.2770232059625432,0.3701249148345089,0.2480498530959231
0.1931286380354234,0.5609061146319113,0.476983532682654,0.536423685895902,0.3545955111958451,0.3974903217315759,0.4392740491047195,0.2635749042688774,0.2610813011210601,0.3727519164820401,0.1923090577930555
0.2041492524468186,0.566791605414314,0.4681222821510009,0.5442709442975704,0.3330216104611996,0.3734421121844029,0.4411732099734325,0.2833744167203612,0.2609252079369418,0.3802274243341851,0.2265857569258524
0.1315422664304303,0.5558413549076865,0.4816950865172514,0.5199460295837321,0.3654698435366003,0.3783382574448525,0.4067522770044219,0.2878337853601789,0.2724504985596834,0.3810373117104748,0.2305376037438265
0.1593748593274011,0.5564975796997155,0.450639374562806,0.542550850861993,0.3737386780524205,0.3962138662218217,0.4152305927845747,0.271210863139669,0.2810479064407405,0.3557228129500255,0.2463680227950417
0.1956108380186154,0.5413326268078916,0.442740026568772,0.5444177726152434,0.3878197686954207,0.4070264868554146,0.4086227406593167,0.279776367727824,0.3125882137536286,0.3688652768834455,0.265052185350748
0.224404368080976,0.5379441655260717,0.4788644517996137,0.5484914615337795,0.3736249043706399,0.4219199398098254,0.4336631478771223,0.2893086048519782,0.2912880456030188,0.3875566689543374,0.2418508845207914
0.1273044280556143,0.5510509139418662,0.4621953991721351,0.5119197030887023,0.3640321562066707,0.431723096274178,0.4261653392477647,0.2310236794839746,0.2776693633204073,0.3377434885369031,0.2540812060473265
0.1914746067801752,0.5494765028804959,0.4840653916893934,0.5121773976014817,0.3460992568245382,0.4401409042079884,0.4468950680834538,0.2663145948789087,0.264310247762073,0.3747168568803196,0.2786278274755382
0.1181471201294843,0.5332842549741535,0.4277392176248695,0.4918101645430338,0.3506679871793559,0.4245197405669716,0.4711837976837865,0.2785378161503257,0.2725321038737852,0.370053798841407,0.2274880096371883
0.1446504675556741,0.5532928127565235,0.456000657842233,0.5082503820826365,0.3812090204164529,0.4051633876802932,0.4522397940496427,0.2886286225218561,0.2940330589880952,0.3950701027132582,0.2339624930730645
0.1449842862791065,0.5498238314310778,0.4550867107376126,0.5282658610600331,0.3199982530398224,0.4018842245371314,0.4261319330685896,0.2530964837657218,0.275161418303943,0.4034542025751129,0.2487577454680841
0.1570120922579362,0.5635401790031664,0.4604582761613751,0.5125016312568408,0.3522621319805533,0.3679393480517474,0.4354500746025391,0.2624448396838814,0.2651568335755017,0.39048278315635,0.2199809108403219
0.1466018279902057,0.5375880928372075,0.4696492702369079,0.5267674200681083,0.3796054882049778,0.3840281033187736,0.4374422065759966,0.2541207487984065,0.2572085805699665,0.3894927893275438,0.2231782090227821
0.1790919398719428,0.5601185819327112,0.4754981681492638,0.5459145087653006,0.3781176970016568,0.3775297314331127,0.4443389851161341,0.2761028848221808,0.2682205231028108,0.3837221605648668,0.2386077833319391
0.1716590681271876,0.5391512901640683,0.4353303462651492,0.5569036094130804,0.3212768733747893,0.388429987926026,0.446662595576036,0.2411599656675321,0.2988986274807211,0.3752607097352383,0.2570130193398577
0.1291562724724715,0.5576291523258432,0.4554721859281967,0.5252402369640091,0.3053012922642314,0.3700964221328836,0.3956101697999896,0.2368783493456059,0.30707914599995,0.4044138262853713,0.2450789930705783
0.144414193469797,0.5823107899258069,0.4458814524408788,0.4755880385612042,0.3267234836494073,0.4005796582046174,0.4048279075328118,0.2704545120334623,0.2841082627078457,0.363377773599114,0.2687955289855684
0.1745267833223417,0.5027092688956698,0.4197553092590896,0.487815984798821,0.3587569803462192,0.4116577966514106,0.4484825761770407,0.2965888119451133,0.298316040502771,0.370212776731437,0.2553854793899168
0.1577311867055994,0.5308740697292864,0.45590679999937,0.4442907470270498,0.3760547894176449,0.4176984058081149,0.4490360751223953,0.256528475160606,0.2672729716467665,0.3794095370124725,0.2312485279153902
0.1663756049376673,0.5347027663205906,0.4567706914741211,0.4774852027395744,0.3769240851280854,0.4309230762264543,0.4603015233667291,0.2734619692088151,0.2768415614423322,0.3825249993361994,0.2389319282565796
0.1645498335136372,0.5711380955399064,0.4357281317249629,0.5290634206029583,0.3739882059117075,0.3991352085970951,0.385116357149914,0.272929959204507,0.2774911399700439,0.3480651014978146,0.2490524480123795
0.1256594402744904,0.5265243137149305,0.4509343132876449,0.5055379357548986,0.3791305522732218,0.3845260753471315,0.4168240481766921,0.2834671126712665,0.2411543300238507,0.3743569577496339,0.2212522053244159
0.1686367692413417,0.5314967487038663,0.4661774683859018,0.5235436107400864,0.3398822375091831,0.4126523205703031,0.4235752398917863,0.2836963706801782,0.2680730239004324,0.3858215287659392,0.2341493326819416
0.2008460561452574,0.5456061949131303,0.4762799057887137,0.5600083172448902,0.3345968454652462,0.3420556436602767,0.4340646158247903,0.2869552509678809,0.285421970973118,0.3993010192011005,0.2407708293929677
0.2066186634354305,0.5459077714257206,0.4585004555862673,0.4737363667808897,0.37751337501082,0.3570891500402839,0.3696441854260561,0.31682502348936,0.2983101458633541,0.3797701353597592,0.2444911669111465
0.1967182144878586,0.5627818888405428,0.4692201939044844,0.5164584733271343,0.3569981976291941,0.3741097062929445,0.4085200323131503,0.2470749870376547,0.2831210205986241,0.3834081647051333,0.2459619855291772
0.1640880262059256,0.5051401985328177,0.4418445447741514,0.5200452063515763,0.3639342773567148,0.4046091056473239,0.4375581213924395,0.2445255098101059,0.2371749651583527,0.400314467153902,0.2514562244130657
0.1315756943495583,0.5179130946255119,0.4681556479016557,0.522771191677367,0.3678841050503582,0.3977050691202122,0.3925923230415418,0.2689705481055179,0.286355638845351,0.3862281295774914,0.2516902012831543
0.1442238385468405,0.5675476448949432,0.4275745147257544,0.5232630791712953,0.3358698263577153,0.432339694843088,0.3947833965394546,0.2549923972137787,0.302021696296531,0.3210968961585582,0.2411334071308409
0.1656493082182991,0.5389668362921503,0.4707811361807553,0.5382058778247363,0.3622253441660847,0.4185051152615284,0.4034211043691246,0.275594392675011,0.2708991265584237,0.3586337142276111,0.2533102629929239
0.1728128511449085,0.5482660125030452,0.470948623441746,0.5176663013842403,0.3744029171987486,0.4257666971648864,0.4062309059938471,0.2930780570697106,0.2806010343509714,0.3592710295731874,0.2636410148484369
0.1056555337384631,0.5389214662359113,0.4752132654262655,0.5352201611505233,0.3615401219081007,0.3749500123316985,0.3415910754555263,0.321670344580047,0.3030604076343252,0.3638711323451593,0.2352054614399463
0.1343212459206396,0.5313987247222133,0.4773020296829532,0.4923985937657422,0.3632716990059333,0.3865515981301766,0.416912510832887,0.1985685100150082,0.238720728758634,0.3532186669827046,0.2540092961657543
0.1474375179829981,0.5565360167441005,0.4705888633125232,0.5226152792655363,0.3329244376125692,0.3979906672923574,0.4212478524210588,0.2219160798016298,0.2662878903477187,0.3654747047834744,0.2600584460430313
0.171560896562072,0.5662354986416817,0.4656833914727968,0.5318890712395403,0.3598906143201691,0.3971366501535878,0.3863029671293168,0.2392365027431455,0.2906973539479711,0.3782871287462735,0.2707596085123074
0.1359656264062956,0.5721221278250692,0.4586539359491839,0.3972466539400385,0.3625876265267138,0.404806611065918,0.3970380426969626,0.2516575833168654,0.2832029925715052,0.3791569057408357,0.243146150378714
0.1599253802292831,0.5776636903343155,0.4394433218712278,0.4466307220404036,0.3824617512902004,0.4189465572127908,0.453440032281737,0.2465983331904564,0.2916138415221082,0.3822984603980167,0.205474687397126
0.1861775320042896,0.5266587140235112,0.4443789657715598,0.4673194506141385,0.3879004099889823,0.4202987810960313,0.4667942881100764,0.2544526173032591,0.2668030499805996,0.3486611161743633,0.2329586722567465
0.1856560485380651,0.5504250051146362,0.4711513745002672,0.4450579046325474,0.3870710207589534,0.3726476754400397,0.3840132496435989,0.260913950895922,0.238349452746926,0.3748399869009833,0.2303590524901112
0.1951546911361397,0.5620627752058693,0.4456442787850924,0.4677436683546973,0.401082457205399,0.3783091366997784,0.3206361832303547,0.2536393132139005,0.2571812102262647,0.3504704440524291,0.2519781993674189
0.1589027154750896,0.5752306696550806,0.4621805308730979,0.4308795214655159,0.3881255748167539,0.3880476588752609,0.3312174531857567,0.2467062847905045,0.2610167156063636,0.3559679985309907,0.2451323370817478
0.1607124060146251,0.5383533716017539,0.486660003529396,0.4447077291119444,0.3406826807263245,0.4030733405536554,0.3601029304032912,0.2041188273718489,0.2718097598594944,0.3522672716148736,0.2699847995493232
0.1492347532258797,0.5808378835975352,0.4824261830222846,0.4594916207177187,0.3461155094285484,0.4049163257225762,0.3689397507836209,0.1813326847042694,0.2801193898470042,0.3328543511211388,0.2433953321799651
0.1526612982152735,0.5401629728962226,0.498818306860052,0.4993099483007562,0.3053439835149133,0.354645850967429,0.3818178336793734,0.213127421547274,0.2827298431475085,0.3440946083664232,0.1780629902716079
0.181198575348752,0.5420724890539945,0.5056912612588922,0.4862042846646386,0.3237325479876645,0.2990531218904493,0.3686585778028096,0.236803905771742,0.2901362809755983,0.3573238879417851,0.2027350859134475
0.1375912957047909,0.5579169422488071,0.5187725737009348,0.5064178214591851,0.3449365102241336,0.3289122736064666,0.3379292896684687,0.2131076386735348,0.2535981438806938,0.3530219844406527,0.223044707848025
0.155556250761693,0.5571761241707432,0.5056037273975091,0.4694962588075085,0.3658146555015279,0.3530220659180137,0.3689643278035049,0.2169448819195853,0.2610022994937261,0.3715882207817815,0.2027875984003481
0.0869690862230145,0.5283217661818306,0.4755163015384064,0.4820172034001878,0.2950239802327009,0.3392433459553727,0.3852537723716153,0.2390026025025164,0.2703111099086693,0.3829375650186399,0.2209107760887432
0.1284748688475065,0.5395403336049864,0.4991282171287847,0.5096903293406898,0.3448393633319097,0.3703937366117972,0.3743124793049701,0.2565580749950089,0.2782014024496146,0.3716758619302027,0.2400600969380785
0.1503796697004493,0.5270083035380403,0.5009516967453138,0.5110736715212897,0.3535419293956336,0.3657826482255898,0.2442302728017424,0.2851648321478145,0.2396625758372365,0.3812399089779243,0.2324527896787131
0.1559395911696736,0.5121889348911637,0.4930341066949533,0.5198789719927371,0.342872724812779,0.3651952525974973,0.2718941509263237,0.2463263998880435,0.262114383333623,0.3675701518334228,0.2230304350129258
0.1401294456920623,0.5448624280426875,0.4915363872364076,0.4932749384312232,0.357179069681845,0.3289848392125233,0.3105238976665624,0.1951396453935133,0.26660553619003,0.389274411814156,0.2181103779924101
0.0891547587558419,0.5646293433850481,0.4932954995644112,0.4735564436868634,0.3696610373654133,0.3784691813398129,0.3349524642093699,0.2335310154783351,0.2620453544251954,0.3706948750842925,0.2639333673242882
0.1185079784702998,0.5417231567212222,0.467865149763038,0.4450826514601758,0.3791892058442652,0.3506060572977978,0.3314797105058631,0.2716377638671403,0.2575444310054938,0.3303838837298822,0.2623668359958804
0.1273334673200662,0.5717976272710197,0.4664974772601784,0.4460897420797376,0.3844454635438497,0.3621465900302593,0.3593777721376803,0.2974335596551114,0.2474843928576066,0.3504407935162433,0.2619671212138107
0.1052698119050916,0.5635128144063151,0.4540905951778535,0.4606761752078269,0.3685312760441347,0.3965828845884672,0.2740581903497011,0.3081737921017088,0.2542452687127035,0.3682861060393684,0.2628521841935515
0.1063277737851288,0.5869875673451025,0.4851993017448969,0.4556956183746328,0.373302882641788,0.373403387377815,0.3222173175865356,0.3259138117239358,0.2657145955310993,0.371347345365171,0.2289926055139422
0.1279169535270233,0.5843254239702046,0.462933685935139,0.4973279860461738,0.3856714930737036,0.3701145186399572,0.2369638684772526,0.2626933645731268,0.2442673002322896,0.3740192928663816,0.2469010263701086
0.1529887053954727,0.5642172764097534,0.4742594346792438,0.4990433281950646,0.3743939554312575,0.3805194480913867,0.296946060967679,0.2368999545875864,0.2562121663926837,0.3746873690028848,0.2707365825778476
0.1462726225596044,0.5899954892028412,0.4808090910019424,0.5360472719101912,0.3292983884413884,0.3638727693535459,0.2479606143125146,0.2656439614096394,0.2877231797638858,0.3757909391784978,0.217895358529308
0.1300663357453293,0.5921069559743888,0.4838296522651332,0.555653740160799,0.341374483915315,0.3575464578860886,0.2768688497036659,0.2844412253422627,0.2596371559058183,0.3539855190580285,0.2231315314327636
0.1466235122157581,0.6075704519638793,0.4886310491871791,0.5395631146400556,0.355447830354372,0.3596432389312902,0.2550542904963419,0.2907847546521204,0.2726464263322057,0.3258646865033651,0.2320549315807739
0.1571839262808128,0.5599525593415445,0.478756660011308,0.5132371607250842,0.328941829674971,0.3370350438140563,0.2827170977705653,0.224374255820338,0.2981442524898171,0.3752657415993862,0.2168517318163662
0.12435194642917,0.5949348047229372,0.5007156485035239,0.5587491685138262,0.3700907121250522,0.3376469352111482,0.2972064958567846,0.2488536267918357,0.30000339375464,0.3539421690803661,0.2191450840152375
0.1171709016226244,0.5691456511139572,0.4555653149785247,0.5454706867034301,0.3552103639008443,0.3550379410517975,0.327826992395387,0.2709982723061646,0.2542831705283066,0.3485972145075831,0.2316776762583787
0.1355894319678438,0.5807918515145976,0.4657123274025452,0.5685764321178929,0.3441118089460453,0.3334208020206385,0.3475760884151911,0.3045255785033939,0.2828427916995067,0.3631261315005109,0.2113665825770176
0.1646485719949626,0.5116104249149576,0.4738380632004241,0.525094168479357,0.2983968978962465,0.3283975718951635,0.255120908483907,0.2379904673524713,0.2726133402703419,0.3816504236638619,0.2136427003858724
0.1047326606507458,0.5582490362784097,0.4556127581568531,0.5054900037721455,0.3145546007366323,0.3654465895452105,0.2695178372269105,0.2583319892832124,0.2886519187180618,0.3988562535554502,0.2107768480838666
0.1320925839286393,0.5634680807993163,0.4666905804904715,0.5303891839016672,0.3556394261201978,0.3381643278276196,0.3027778746439458,0.2018492788567441,0.2908478999950185,0.3945160632497232,0.1926691198406572
0.1050079032842515,0.5780349489551405,0.4616586646298856,0.5388764216220342,0.3470784386818019,0.358589739969593,0.3013865499414978,0.2377157602053845,0.2928444679657951,0.3910490631868819,0.2119254741092233
0.1211961567075023,0.5787329430476349,0.4621671169416119,0.5519727788978226,0.3600605223030511,0.3730092431890105,0.3538921450075296,0.2729543723410893,0.3060585100696826,0.3740531101063445,0.2135844897647294
0.1266159019790932,0.5240684282500918,0.4712244356955587,0.545921810898961,0.3429649799992404,0.3651683418148509,0.3528973658670815,0.3021742938608664,0.3061157142694038,0.3817785449204577,0.2392312364995504
0.1332647284165142,0.5542919953481169,0.4695221190146719,0.5498404989565931,0.3530279543433058,0.3645462588887472,0.2820963779528074,0.2920164343144367,0.3066842284174355,0.379797236081508,0.2414132909925506
0.1527663003871557,0.5571195200384292,0.486378753116683,0.5391213964564611,0.3365142785620152,0.3513592773552502,0.2280629364286626,0.2932992377751865,0.2911630989587301,0.3809771426696694,0.2460733612694855
0.1353954152255816,0.5235568527630067,0.4807222216873991,0.4910336289747928,0.364299012125361,0.345124345161694,0.2968205394872563,0.2984921868324879,0.2825200719843704,0.3635660186425474,0.2121997549088468
0.1597761986051152,0.5303001472417552,0.4931926096775548,0.5073090668170683,0.3500144152025254,0.3215580775240159,0.2440248916184161,0.2857813739906445,0.2982843267132474,0.3752506340394825,0.2276916231527994
0.1659684517209728,0.529744804366075,0.4671084589564529,0.5319187482096969,0.3457252958052647,0.351876660411353,0.2597120961877164,0.2535799453376184,0.3005984643416545,0.3829305773956136,0.2302650168962942
0.1440336029526065,0.5412244588279457,0.4697157098594099,0.5506265433045593,0.3692855556186094,0.358671669439339,0.2654211273145376,0.28805433774732,0.3020455332250606,0.3547554288468427,0.2363634788064117
0.1054186180672435,0.5770593715216936,0.4570485037798057,0.5150749982478737,0.345163732543345,0.3699690270196287,0.2511803352659291,0.2480883651593022,0.3110623557686553,0.3776134247387072,0.245152363164562
0.1170566290421654,0.5481250495094117,0.4793944561150386,0.5362116433121188,0.3361565537298974,0.3744973427537639,0.2972781585196505,0.2637148811361955,0.296179057894518,0.3355143656203974,0.2503747931200847
0.1423055015635282,0.5393489622313896,0.490844331333267,0.5535980807143717,0.3535589908729948,0.3315756819458332,0.3067732896375116,0.2858951076292617,0.2578420999493065,0.3631665497545163,0.2337623114510766
0.1285732563120996,0.5627362271169496,0.4867562741807716,0.4764989269163142,0.3120290931188367,0.348661864380933,0.3234004867952218,0.2990515402589176,0.3027081266967764,0.3592138019180509,0.219136853838697
0.1337752239109219,0.5454941891791234,0.4332982922345057,0.5101581504324755,0.3600342900150868,0.3750425140431053,0.2921713415633818,0.269326696056184,0.2659369082136656,0.3664510769288246,0.237738589795117
0.1460955240606198,0.5324627276683089,0.4604444135067932,0.4903186741933719,0.3356611685990679,0.3367067156776455,0.3084643128574145,0.2674638077913205,0.276607879018447,0.3356759649603463,0.2495467065018917
0.1410300301406809,0.5504430963801805,0.4686194473414619,0.4934234110912137,0.3359478323069311,0.3634804787500689,0.2782976908268238,0.2723153417879341,0.2843487925100907,0.3691061841803245,0.202355177913717
0.1113711045198793,0.5467628177850735,0.4151994679711145,0.5340314902671124,0.3670820559937719,0.3688511164641084,0.2616290854551421,0.2433544468903609,0.2968066076559811,0.3830736907462959,0.2232294627687618
0.1522084036327667,0.5239788689706273,0.4535164639275069,0.5436070705943677,0.37422461390418,0.3858301698083343,0.2860991066982552,0.2676325032913626,0.2928517794556098,0.3728577106716719,0.2051696689076605
0.1555064335213373,0.5332343988943158,0.4628783700152901,0.5276110679166724,0.3576586341762208,0.3490138759422547,0.146281057131899,0.2827688624936489,0.2980867253076011,0.3785640443227255,0.2087841296600807
0.1423454920618159,0.5272242547011274,0.4675807621887775,0.5078419429157788,0.341525175871927,0.3630933494848622,0.1969033402660944,0.247216356313417,0.2814172262743769,0.3866819371269187,0.2170961000122487
0.1600260652954845,0.5159685797008126,0.4579725014001918,0.4614205236673416,0.3301105457280665,0.3358232367623473,0.2719695692285355,0.2744980763250098,0.3149642444186594,0.4042999494276938,0.2257150966861962
0.1627528563004495,0.533405771239529,0.4687024109022489,0.4777478411938398,0.3148068344577944,0.3515523423114605,0.3238633475122835,0.2227201034985643,0.3149257577619011,0.3491263559681923,0.2272282096245366
0.1460570301634976,0.5391954403990951,0.4502028827676331,0.4949203896001837,0.3510625150806358,0.3690430731555525,0.3091675197949932,0.2373326094686995,0.3131487204832966,0.3639994105791853,0.2289649542140763
0.116607029781538,0.5551792365478079,0.4383209132102484,0.5028180817205516,0.3776153458856452,0.3742656742745583,0.3174361799668787,0.2680992000827896,0.3115027753694687,0.3444762422255966,0.1845940752290332
0.1019472498849269,0.5161937577336726,0.4391821789331745,0.5045642807845678,0.373019418499926,0.3663582470659423,0.2921277336035246,0.2534150546256804,0.2784933525300779,0.3656147216492309,0.2073444557478385
0.1337523154018531,0.543271564684505,0.4574434363592429,0.5109335895704616,0.3463570983332466,0.3418940633080095,0.3116153636987264,0.2384154691089128,0.2630618646535081,0.3523135641800519,0.2017315179806376
0.1530728495511238,0.5555290189309812,0.4689889548134206,0.5134114526715522,0.3512605465190902,0.355202095858823,0.3089799149412248,0.254325931313162,0.27395364995778,0.3700919052188952,0.2181071027328384
0.1535932854511932,0.560498507419656,0.4563331762916213,0.5308881893290092,0.3375970283891428,0.3335718249298532,0.3500767156983024,0.2475675230990916,0.2786628294486089,0.3722893122775675,0.2648706567099299
0.0990904447682631,0.5758178785880779,0.470815723248048,0.4863091729897851,0.3424624315102899,0.3557566313350349,0.2924798761403681,0.2332497392799958,0.2876513490464903,0.3637458202989593,0.1740116974991994
0.1143762341036464,0.550869627225805,0.4386321053137185,0.4858592351501797,0.3419982233551226,0.3571021071099408,0.2971957518826463,0.2555665613717655,0.2899805124898179,0.3745474967397144,0.2056901954854591
0.130346681589208,0.5142010390243995,0.4488640342534165,0.5090373498761359,0.3333812611153777,0.3672717167390096,0.3167087971003345,0.2355483517664914,0.2721613461626673,0.3543099407772425,0.2158363690143769
0.1498139320770367,0.5382145405612251,0.456194067776648,0.4931490717429977,0.3334809494707672,0.3849028502893086,0.3171452540878987,0.2366819811205224,0.2495724218486172,0.3662296636605966,0.2017524683732467
0.1580980256636397,0.5577751428619022,0.4640243047523572,0.5184813064513017,0.3563222579393711,0.3831240741318647,0.3257118059353358,0.2371016488298584,0.2450087259559479,0.3742625027819535,0.2215730263906959
0.1236307684976863,0.5392788167655816,0.4645484257067775,0.4577933244293593,0.3670310084829555,0.3957866221761,0.3299817439680031,0.2556855788905906,0.2819102126640669,0.3767278904156695,0.2130137999042023
0.1332973037465551,0.5547718076133031,0.4278613055564302,0.5153107563342207,0.3101850833286556,0.381931694211284,0.3133959217823526,0.2552904462860164,0.2936871068027981,0.3624501776290915,0.2169514500216609
0.1390543119326961,0.4690477142819549,0.4432429844031402,0.5300927684627166,0.3009924475518001,0.3420030020783772,0.259729713949216,0.2782781311230992,0.2788458422314614,0.3813139419721154,0.2369758268188911
0.1276661017802692,0.4974148953515821,0.4196359551373775,0.4098992943642899,0.3216219440408917,0.3758526844518695,0.303133567667433,0.2774706336935557,0.2905348265161332,0.3524048486645278,0.2379542267063285
0.0991808015581322,0.4971658383074624,0.4228953848570367,0.4505249440673713,0.3192095075156924,0.3687929025898527,0.3388676713428662,0.2169688608728356,0.2774728018315648,0.3631347478150175,0.2382319778761532
0.1194261471941289,0.4861323072206923,0.4297286095117294,0.4396883188172282,0.329423076671603,0.3384756532293185,0.2585599137172179,0.2597920983140803,0.2862461174732851,0.3880890566180835,0.2386559443477912
0.0925725181287871,0.4927253059872089,0.4233832085921467,0.4860412201182204,0.3538501812735493,0.3438445596719577,0.3027677438201465,0.2895206928342746,0.2482179408502007,0.3884640077217757,0.2662687373798215
0.1010427617203863,0.5156014723057871,0.429877643183274,0.4986300730128413,0.3438408742969173,0.3560632500939987,0.317281864378293,0.2240899828009303,0.2727429266144079,0.3555290141071208,0.2181519143364705
0.1153091249573453,0.5066204753145364,0.4462924547577748,0.4514451326495028,0.385963458251465,0.3732269683280296,0.3248770676995153,0.2435421332082145,0.2832285210049665,0.3623544563388883,0.2247833787172735
0.1344932485680696,0.4898873717349196,0.4357496929002511,0.4694593140033267,0.3069435293651963,0.3840996941874142,0.31066365808581,0.2397821847587163,0.2715379376379711,0.3642066518986638,0.2173298318618629
0.1148154981753093,0.4571609202090291,0.4526133686346205,0.4868658789104566,0.336640940546017,0.3862180721199473,0.3353158478802395,0.2657189233184217,0.2584592642309392,0.3548950725934386,0.2239192543176272
0.1368813710983422,0.4838573333193671,0.4797076461144403,0.5164851479027515,0.3482309850994268,0.3511208092606078,0.311660967878112,0.1841730096785268,0.2755665624810605,0.367381225730257,0.2323371561571569
0.1488675626739729,0.4334000635532867,0.4715532527160752,0.5275243938731587,0.3568762575649237,0.3853248531603185,0.2644732715411079,0.2324944386656261,0.2824333143653766,0.3816951871205162,0.2285412108507873
0.1402074212328516,0.4200369763433925,0.478661620551763,0.5051872960246027,0.3194430942711194,0.4124553845317861,0.262970402117498,0.2727607215342008,0.2759608692911308,0.3615581246541685,0.2104237946985288
0.1377830503037107,0.4260221545742442,0.4674888100166631,0.4275861594533674,0.3193321426081781,0.4190842572127308,0.2790729721910113,0.2963040364511581,0.2956983665441299,0.394319464048921,0.2402719120562059
0.1469164779395345,0.4408368382999171,0.4752574863830737,0.4556003697591653,0.3279366260596623,0.4251145839561688,0.3087816320837104,0.3065246413934488,0.3080288099991207,0.3541650641598383,0.245596208359981
0.1433299422880628,0.3944318022473919,0.4759094664847472,0.4092350318684276,0.3317105900203703,0.369500621416384,0.2828246808973739,0.2710890606403179,0.2701422050136363,0.3649188347350323,0.239229799717034
0.1564922297342832,0.4179788360748572,0.4888119149797313,0.463307817099018,0.3786990801494637,0.3814549520707743,0.2933310061890419,0.2679490367093272,0.2804287686555237,0.3569461998530799,0.201672759805383
0.1664381037089442,0.4238080388185621,0.4881847934082202,0.4190764895439203,0.3804046578345258,0.3856175001529514,0.2362394503500886,0.2907886684320815,0.2593717251222193,0.369910500847437,0.206599452268529
0.1803471052019437,0.4528492552439312,0.4579139346392996,0.4089289848238608,0.3292327163994551,0.3420673404578971,0.2349017701446917,0.2920489527389853,0.2686395152063349,0.3716222365216144,0.2020553598670913
0.1751742104985434,0.4374951325643458,0.4439325552991706,0.4336285268797214,0.3055840139720707,0.3628868104420636,0.2555439949657823,0.3141170803429687,0.2710647927314677,0.3722851936292484,0.2087611335566181
0.1697559065271986,0.4406872652627792,0.4552854402721478,0.432910902613064,0.3151518028526039,0.3607912706359422,0.2864341136649481,0.2542327743629952,0.2720122646923836,0.3748404687593339,0.2283471620175426
0.1723152339869362,0.4424344672048861,0.4729205284060004,0.5084758668353695,0.3080943044291279,0.3875639266196075,0.3029957369256187,0.2675784116202996,0.2865169815710315,0.3606841981916909,0.2030274993175689
0.1409000180506265,0.4020027416758989,0.4136049876351315,0.4185895615128326,0.3005303044097572,0.3296457743890437,0.3331436463954635,0.1946322070008029,0.2931194581658167,0.3930921303685718,0.204156800216578
0.1118136431872147,0.4034495375715469,0.3581223226473669,0.4465383335021814,0.2743022938237912,0.2897568522532724,0.347560687944399,0.2255506815009648,0.3003339540098825,0.3345525081382429,0.1922449115205334
0.0962992496521334,0.3890113288204065,0.3299186617047052,0.4731130964690034,0.2555247052901412,0.2841645297382567,0.3259853339629139,0.251839836427703,0.2326811013174041,0.356419277592084,0.1799372941360622
0.1073670730549301,0.3989494637798304,0.3347420186357464,0.2936178058992467,0.2674089057420494,0.2784403984819018,0.3494023176883788,0.2329293564483103,0.2717435611366932,0.3646094668363379,0.1567445416563016
0.1018568286664578,0.3869783350915632,0.3454225736919348,0.2545585739774107,0.2042395984342543,0.3178050738553224,0.3779548257825177,0.247393148795333,0.2963917896465553,0.3672250980595259,0.1640203427901772
0.0999052497879915,0.403235228341289,0.348791699874928,0.2752347920801884,0.2250854597897725,0.3457347578559111,0.3360390066863157,0.2896477251531524,0.3320034695394011,0.3421663778914671,0.1775752753358767
0.1111615082644209,0.4121050783747914,0.36428312245262,0.2811949448214689,0.1925447351478153,0.3636612731402803,0.3731489366488103,0.255388445999683,0.3104538515062753,0.3155703237670726,0.1832029150118475
0.1081747741027726,0.3905274755263815,0.3444531474114382,0.2633513291018569,0.2275573338275494,0.3677911716258772,0.3408332059420481,0.3051721476951329,0.3238022076213821,0.3377715706516723,0.1954127150137365
0.1134832795692307,0.3784096756228203,0.3633677145578363,0.2761869707592858,0.2290462613878358,0.3394060127580773,0.2309642135922182,0.3272004433287099,0.3083755176688655,0.3488671078244213,0.1823035519269192
0.1216716432449737,0.4012164521480998,0.3747939246772143,0.2709625166199107,0.2345404094234227,0.382333796171224,0.2435803860626443,0.2963865093015439,0.3264288587757298,0.3507395973578205,0.21275191825493
0.1220054342054999,0.4078485647864481,0.3272652448907659,0.2724940425631101,0.2857017045340201,0.3355991755479564,0.2857424967597579,0.2953389731032164,0.3270846654467068,0.3551712566990008,0.222963605628615
0.1242858785772288,0.3935776152682744,0.3572836738387813,0.2625005367649056,0.3098710353438118,0.3183188073544797,0.3066065255229137,0.295319830939017,0.3452051696528207,0.362738918447854,0.238324603139579
0.1187056440241862,0.4130732667808939,0.377184731165548,0.2482636062312162,0.2978604213062485,0.3411215870204154,0.3370157954263334,0.1977338572068861,0.343168086048633,0.3178229745521514,0.1807930170985522
0.1145662594533706,0.3981196550101715,0.3820859103861932,0.2265961560512651,0.3088764143988549,0.3469808488889587,0.3444556838664538,0.2321437748577375,0.3282454823567153,0.3558483344989837,0.161446715133833
0.1170258422162574,0.3964722896576011,0.3989410236195994,0.2182620629205271,0.3110765388141698,0.3300953337215103,0.2918317447435762,0.2468847984041805,0.3032826261388133,0.3733896071374142,0.1785365121489267
0.1279201535405816,0.412789839162713,0.3804740911231519,0.2188280531486134,0.3346293962324783,0.3410934650842461,0.3192372345885308,0.2773371294128831,0.3167255613906279,0.3804657924902725,0.2047718344267919
0.1331544871116483,0.4128053677201225,0.3896304515986881,0.2259693403089931,0.2815572095245093,0.369320760158848,0.3310152757379377,0.2708378323146801,0.3166987909391969,0.3691686215837433,0.1864177252712649
0.1448332618122977,0.4242689052719614,0.3891180380052594,0.2073610111569837,0.3098813866947693,0.3406520855514073,0.3732740286956485,0.2721310689580815,0.3505943098906713,0.3311981227875438,0.1981522750047974
0.1360079795128532,0.4178477857237609,0.4195090921182018,0.2093795648566396,0.3357686436127552,0.3225158258979712,0.3767948389432659,0.3046021954314686,0.3635128978785665,0.3329640786167545,0.1815084406443854
0.1319492133397659,0.4260205855476189,0.4299914426030834,0.2178265618185293,0.3234224302549764,0.338689121202184,0.4252876037411079,0.3260758089711172,0.3259599136196862,0.3505118747372694,0.1956639383707995
0.1378151252616792,0.4135619192156393,0.3732032183027791,0.2203818374635578,0.3338278367992253,0.3131536718288287,0.4430050201277898,0.2614683839128426,0.3154955253478032,0.3499685205538498,0.2116426385046573
0.1394038179663101,0.4020108517547513,0.3894899343135824,0.2225062839942959,0.3241235231803042,0.2952014762135914,0.4005964005595928,0.2516075809379924,0.3179050909118384,0.343821741077453,0.2250114533378343
0.1431746856507548,0.4189932638934996,0.4027444861151266,0.2079088187900084,0.3513000904186977,0.3300780736703286,0.421766119106157,0.2746699837970385,0.3400888900697068,0.3283045706278832,0.2126846741175025
0.1238885772956411,0.4273417666929504,0.3855362898851227,0.2691592501043429,0.2305361788821368,0.3652814319350577,0.362504047938899,0.2314660642468214,0.3373217109089773,0.3439464574939843,0.2185894971110204
0.1520264241645451,0.4396740727382041,0.4128765541606915,0.2958483057655567,0.237740156749263,0.3045680135536422,0.3792918227272853,0.2651238593591162,0.3015204512035975,0.3133583912314583,0.2197363285924585
0.1338612721763192,0.4406157220486165,0.4124117470829194,0.3545313039582491,0.2762375670682224,0.3503912535658062,0.3174866062147682,0.3043206793607999,0.3163370882452834,0.3369102902850289,0.231656541546091
0.1571483704736955,0.4450594522245696,0.4138936955224068,0.4015232089836999,0.2285865732198768,0.3284866062984216,0.3446471427923707,0.3303279082032267,0.3229493840633216,0.3528807318971254,0.2253518171912414
0.1754242523029436,0.4281921503140589,0.4038939597689761,0.4571076058193196,0.2478911186220736,0.3412798102381921,0.4013828417404664,0.312761431176387,0.3293101681351951,0.3620539305731229,0.2287113634181187
0.157693165119299,0.4292813046782768,0.4038555540734678,0.4657517455088426,0.2846270890733259,0.3290758666029197,0.4324412128650541,0.2870446042320924,0.2914202062995847,0.3426877004965362,0.1773106940846716
0.083958943144362,0.4009027064982096,0.4233124581327646,0.497244730353567,0.2879708116897256,0.3715195654241374,0.3220521348473327,0.2873549858210482,0.3159952679245133,0.3068125897847659,0.1834117426022141
0.0685075240250147,0.4103651805182288,0.4382319600018212,0.5300113574297254,0.2978459253103219,0.4036644597913508,0.3424956100061593,0.2525868972190089,0.3114256315398265,0.3540675473796243,0.1511441680019976
0.0712042188245066,0.4191843538367626,0.4465908305134506,0.5436191647017147,0.3144481068209794,0.4229934128167392,0.3558655105819802,0.2955250702831461,0.3300074548508117,0.3484815495137509,0.1554842482321365
0.020883026284965,0.4370146494072876,0.4438806215277937,0.60049484024765,0.332133296588026,0.4173188229470996,0.4244632082158963,0.311241686622646,0.2679744609957387,0.3245097150847356,0.1378945896235952
0.0309861994314518,0.435633988827153,0.4429963293923756,0.5719503734683202,0.3485574784665117,0.4076298983410015,0.4698888808099824,0.3186783765341205,0.2779822632002295,0.3221378437887113,0.1871157832968488
0.043583540316635,0.4320125612753767,0.4352633300487465,0.5842871305302242,0.3594114361556794,0.3767012696702719,0.4117871631197049,0.2223076996523158,0.2931359672779872,0.3175383491474002,0.1994363790653592
0.051180716946187,0.4356817895862045,0.4261780468140336,0.5893279918393718,0.3188929671361576,0.3879345683432065,0.4581394341219357,0.2839359227944406,0.2811507129634297,0.3194225540360326,0.1998161889532688
0.0369573872064755,0.4373576899586793,0.4365683852927842,0.5941388729452957,0.3252989260768685,0.3966813301309909,0.4460996446526675,0.2218901422259661,0.2908860821993544,0.3356586726192649,0.1696897638393958
0.0431670934141173,0.437591991918388,0.4287040101413678,0.5984254389501434,0.3479330044023323,0.4120998659338181,0.4191035843546882,0.2918203874430733,0.2179511473887414,0.3185292263258316,0.1746873334948092
0.0502436488579362,0.4252336420411652,0.4155770703812025,0.605815843668535,0.2728753905061183,0.4145569438618062,0.4372006632262728,0.267241342361623,0.2505320411552444,0.3379618483397558,0.1786413505368613
0.0429857111807405,0.4130735257080261,0.4190312503754674,0.6160800621053855,0.2873023954095208,0.417460045479107,0.4626783849008172,0.2853979867935446,0.2588715165199176,0.3209812940241898,0.1640424798110872
0.0414300852018553,0.4142348044449191,0.4023719287543694,0.6241891613567692,0.2950684000108445,0.4243761381515278,0.4828447597265163,0.2473473681424038,0.2706713044514938,0.3217278893281859,0.1452584695616517
0.0317503533012393,0.4179160446735271,0.4151776560059458,0.6506544491582347,0.3095093705720197,0.4209513197345862,0.4535145658485531,0.2690729421538894,0.3007572188036844,0.316020023748018,0.1819461844623523
0.0352368908428656,0.4270630087536681,0.4213553989621021,0.6256023892143048,0.3366095789851262,0.447876788988991,0.4378376765859191,0.2731459173642586,0.3087722673774121,0.3169155197052229,0.1716377726789857
0.0375917817440872,0.4242648169722961,0.4147986670035118,0.5997235343668016,0.3184854391486854,0.3887297033856067,0.4412222642758309,0.2457579092333734,0.287311799388374,0.2961978370099122,0.1761791089108095
0.021184020580739,0.427983266159848,0.4156810608640005,0.6114737234618968,0.3345505635515023,0.3951167566329632,0.4323991573818642,0.2796591420982205,0.2667418949675661,0.2596251682761998,0.1474698013744411
0.0155517922693191,0.4152071313431238,0.4110136519165399,0.6139452223155757,0.3337637611612447,0.3934359250927578,0.4423472383876272,0.2763961613514546,0.2517316932176939,0.3040870981979581,0.1634121709180354
0.0321947631589669,0.4235141506663153,0.4140398835967387,0.5812791022198968,0.3489568366383504,0.3501178170172688,0.4323570112746177,0.098058039157636,0.2780433082960794,0.3282634530018399,0.1502618274872203
0.0369674908918374,0.4269713885616234,0.4178990182479543,0.5858814067764413,0.3246670950670202,0.3925284454769759,0.4110757931842825,0.1727277172207046,0.3096494746510113,0.3358620729273341,0.1730644651641358
0.0391704728020574,0.4296984905300338,0.3677488372928527,0.5597026500493704,0.3467155757348071,0.3825234465315458,0.3649541973870883,0.2121493046729179,0.3088639105022119,0.2946972824496288,0.1972794618071799
0.0542079931800116,0.3787838635214865,0.379161685474297,0.5717907472155603,0.3333858499023585,0.389846688716663,0.3891495250855412,0.2144936756619807,0.3296500949461017,0.288400003300227,0.1298293711550627
0.0389113863783684,0.40072480993344,0.3938101848562088,0.5528859635761837,0.30332467202107,0.4104980978211372,0.4248469362861494,0.2164525444217688,0.2821967380210656,0.308963016859782,0.129446950511237
0.0174546358602616,0.3899307319781809,0.3805979760211732,0.5686924164244653,0.2632710574925944,0.3779304864155586,0.4451393401447753,0.1995573975266701,0.2780394005151912,0.3195009900207569,0.1350047863212908
0.0301953325145029,0.3870121460861569,0.3862054687227844,0.5443462036848319,0.2647309539854983,0.3577775931464069,0.3727099990868547,0.203320520823951,0.2935455999545721,0.278846758571122,0.1410598949779771
0.0312078793494878,0.3949098683749861,0.4078122555278323,0.5175256954859864,0.2941576661817537,0.3669285705437027,0.3890839818309334,0.2247640083937314,0.3029658646952282,0.2842759746962053,0.1528557226111615
0.0337165883803361,0.3469081532473682,0.4067491831403538,0.5383900279380816,0.3242898707260023,0.4104573231836768,0.420871770096966,0.2681601504405977,0.2911905024571189,0.2981102584100865,0.1543312101735869
0.0321501500045496,0.3493961879854592,0.4152332191651062,0.5641953527550495,0.3344544584474144,0.370201735123581,0.4525121820042121,0.2855920658537195,0.2987120670056734,0.3047121299061032,0.1347241657400902
0.0808361015011186,0.387783832819686,0.439473592750431,0.5736952770522408,0.3539440373204174,0.3925315026288599,0.4356803776651858,0.2624828452484902,0.2499596252884213,0.2358577010836913,0.1381847100155979
0.0720685429830746,0.2788014696207612,0.4081587667615393,0.4797730321464209,0.3232827887545652,0.3401098066373443,0.4544559201802025,0.256011701773367,0.2266920588387778,0.2662481920207438,0.1880956658628404
0.0755601195050607,0.2958607971015832,0.3756530828261902,0.5104550292610228,0.2834494699340233,0.3498745349661584,0.375276260173162,0.2535771711506612,0.2432015292353975,0.2779039578155158,0.2028892729082213
0.0711663232816987,0.3068459462004241,0.3816079405197338,0.5163762041013886,0.2484578702577394,0.3662229982800178,0.4231982892475659,0.2252022153011219,0.2568065642569944,0.300805767479645,0.1853065228102208
0.0822294968975461,0.2762649853771486,0.38880822271511,0.5095609132978381,0.2698682339631574,0.3773384371378859,0.4607667636833003,0.2340562900084551,0.257450369373534,0.2711945779376868,0.1730674667158691
0.0660713939562283,0.2909144622397567,0.3632175528742128,0.4861042947791574,0.3029090453582215,0.3179602824944323,0.4439367997281244,0.2378842047597755,0.2170932484355261,0.3055130509240454,0.1361717343568615
0.08067399295683,0.3041352645101527,0.3889656103631188,0.5105849108489836,0.263638910758786,0.347690792826012,0.3570379790777871,0.1744895506085801,0.2336249291603428,0.3086842975220348,0.148364165034728
0.0736290561707168,0.3181223247227153,0.3865260608346071,0.5014457206067293,0.2820932214952533,0.3775145969513361,0.4100487976930119,0.2358163798811871,0.2493895878153212,0.2933864016777726,0.1608434326017795
0.0728963663624727,0.3384784171718075,0.3911465372212047,0.5246452794816531,0.3220420937629965,0.3637437615323289,0.4054773474327179,0.241795364962955,0.2801857599401637,0.3288330635031025,0.1821669255186652
0.0837377584567942,0.3361159279055626,0.3994372549516392,0.5272672716281077,0.3270612143120415,0.3775279359689931,0.4230372865868287,0.1977850386281256,0.2884701009075604,0.3455595446763448,0.1884086255491639
0.0787954340153247,0.3388315157337217,0.3922361327846943,0.5488231869967599,0.3299038768078802,0.3825475121278719,0.4158537418708967,0.232216525611023,0.2893576599315113,0.3551403438679755,0.1519139703268706
0.0684162409387618,0.3522083553499898,0.3940709393287825,0.5321581753754115,0.2762552775503806,0.393068669922859,0.3378729376481786,0.2453863362525967,0.2422173609478823,0.3072487276771168,0.1742851453880977
0.0659624269494789,0.3550317478611143,0.361403371328222,0.536067061704395,0.2977543945730574,0.402291526967162,0.3746096938720974,0.2325516205241264,0.2596257172663514,0.3233599197047764,0.1684033151281108
0.0674988023789518,0.3432038705547053,0.3710490993840201,0.5449897641893382,0.3027401332274034,0.3508312747212798,0.3673669859594582,0.1133727205568577,0.2164169573646236,0.2986109783489418,0.1833340456868393
0.0686867447113308,0.3524785753444975,0.3711104792470169,0.5256604603571994,0.3111111094188742,0.3658052825815385,0.3699905233190662,0.1519652397203964,0.2681060317260298,0.3179476658183855,0.1956151777326512
0.06940248385699,0.3402952379101822,0.3842743174087636,0.5404129305420854,0.3153265239114025,0.3455496041142007,0.386856581884754,0.1781950189575096,0.2793476611441366,0.3092463752438878,0.1886914654799364
0.0408224787195468,0.3527011261627886,0.3858867573213833,0.5658295774407431,0.339053858100912,0.3611660183208272,0.3557110742113949,0.2211400339308251,0.2327014580780088,0.2684160919618948,0.1876266741922199
0.0587545587776264,0.3653311996884969,0.3917403100100138,0.5350490577576077,0.3432576818231247,0.359512096918496,0.3812641800260352,0.2377287373373835,0.2437590498433607,0.2814444989101059,0.2158618991280539
0.0665238864134274,0.3689832160940629,0.3776540958998829,0.5252316220554629,0.3233552328619873,0.3333339414308732,0.412937105392566,0.2398001218016713,0.2842032557575851,0.2959144035780928,0.1311937408236249
0.0571086820704632,0.3608856008860198,0.3504106939152583,0.5502641277900859,0.2889770876034424,0.3449048150973327,0.4150541125098523,0.2544350990749583,0.2890188329164485,0.3114093872025236,0.1691645035475097
0.0492488692771056,0.3407947055650743,0.3531866549666073,0.5557771982169486,0.3174807231044267,0.3755177589811622,0.4120387299754905,0.1972497650043186,0.2797219961697359,0.3234142248065944,0.1402182626689444
0.0488215774391244,0.3449202175174032,0.3527499969347608,0.5207873604920351,0.3507980702769909,0.3689114027382291,0.3766097050143547,0.1770287876014883,0.2753428078316836,0.2840328694563984,0.1757952994890025
0.0559009613782279,0.3525348238934085,0.3643111768233869,0.5335231428398983,0.3620942781788366,0.3805732838079334,0.4132429848138803,0.1956416920217005,0.2811232017454829,0.3009103328029767,0.1366039430341774
0.0496455650034461,0.3518550349560685,0.3510316799883027,0.4801322116338894,0.3062386164085561,0.3965327347522953,0.3467612115390152,0.2048227215814203,0.2669138211780471,0.326269555242761,0.1702137878075738
0.0523053256842039,0.3576231560646983,0.3589827546904811,0.4835675556577647,0.3274485179374317,0.3760420925275963,0.3522216625613228,0.1868311615003471,0.2940681552332127,0.3383085561512071,0.140933659646161
0.0562504205095835,0.3459904151254723,0.3665087017218014,0.4799193210648671,0.3587421820123637,0.367463503696135,0.3362953450176094,0.2240421437424918,0.3027780368131738,0.2980316381935439,0.1502427784651147
0.0448265340951544,0.3554026997591619,0.3706290910388357,0.5109417980561279,0.3970785683810375,0.3792504722001327,0.3546805908104352,0.2271887103578993,0.2437413633506686,0.305409556281416,0.1490368308617803
0.0475355656196665,0.357578852802956,0.3746917700753657,0.5200491104798999,0.3646674189082721,0.3768880448881196,0.3810805192238437,0.2398290175567447,0.2701861841345064,0.3194720348428795,0.1793694933079849
0.0605767755512629,0.3440494404594014,0.3292591766056362,0.5204707305336057,0.3517935344353225,0.3836651128765815,0.364980402861512,0.2637056662941108,0.2827320209156339,0.3346426646747307,0.1122343712034588
0.0678003019855409,0.3643235749567204,0.3492228673400401,0.5049108915253959,0.3792709869037827,0.404955293285294,0.3482877091969985,0.205913767091436,0.2637254528639149,0.3116764254753962,0.1521404773779645
0.0604164646411427,0.3596600048706375,0.3512994595346602,0.5257053695740674,0.3867144605211209,0.3946992416536916,0.3754398053137918,0.1648622295498458,0.2615598680108365,0.3169771520615735,0.1576384298681579
0.0661621598250448,0.3772914853135166,0.3484753111958879,0.4165186378136071,0.3825186456609148,0.3941345475911759,0.4477561705884061,0.2053840075687783,0.2686032611316503,0.3381268791372632,0.2013496182561227
0.0714792567014882,0.347611352359616,0.3062215261503703,0.498683873342213,0.3567816969318665,0.3962349962413274,0.4664577352055586,0.2096601249397726,0.2719810188516298,0.3529649985049687,0.1412113316860928
0.0729715169453811,0.3008824560974651,0.3148439634187466,0.5277663531849928,0.3682735801115651,0.3932447808075733,0.4497835849225159,0.2403024656696948,0.2461338559051278,0.3145944332439277,0.1227333847935175
0.067151932023669,0.3288790075332769,0.3292077562238122,0.531012674698773,0.3584906451332939,0.4128554610051875,0.4688876370495432,0.23862793621035,0.207608052901052,0.3109920145989254,0.160086362599064
0.07965155407663,0.3257967792033664,0.306175938422157,0.5050328893588053,0.3844127281063025,0.4196982522217207,0.4236889530225661,0.2552764316488226,0.2604097710081368,0.3328419199835403,0.1645335341236135
0.0883315352466701,0.318755126234662,0.3112759088068457,0.4831944928632376,0.35372264690202,0.4192334407403645,0.4203413864118816,0.2456364038150771,0.2185066631296679,0.3155580581569448,0.15940801556652
0.109775549908565,0.3474260038963409,0.3256187803159548,0.4809527162908039,0.3640540584772011,0.4129348025464837,0.4344088504467525,0.1572166013256343,0.2415154615709918,0.336125299279254,0.180089908079664
0.1128858454186127,0.3246452614652638,0.3413664002991071,0.5041247440449728,0.3806916549794747,0.4246919629048155,0.4223735657787615,0.177398248636092,0.2447212181746713,0.3200737755627604,0.1664273738481543
0.117421098473124,0.3326364057491077,0.308789412664471,0.5186704435704892,0.3783890851490292,0.4286785629374571,0.4396762820420932,0.1762216154998293,0.259929412937752,0.3164888864398631,0.1858350099633855
0.1013000687924351,0.3302569598998818,0.3034277870049522,0.49413280415119,0.3570914579251552,0.4370933047220247,0.4153247117273553,0.2084363245007698,0.197242452315872,0.2607485344675427,0.1667302737062226
0.1089102406065139,0.330946871993434,0.3308651333410476,0.4334753617557182,0.4094617081547528,0.3670701827394694,0.4147505761383679,0.1360562136708484,0.2045378712951673,0.2802537872010966,0.1652150807026905
0.0983323451766591,0.320756118686635,0.3425387696657399,0.4588691076438765,0.3911768624827125,0.4076490455713165,0.3898308104256506,0.1620924297513869,0.2515179793518587,0.2874717395538922,0.1937552931647249
0.0806529368753141,0.3003227113725647,0.3499325289207894,0.4756904412939097,0.3660193857488675,0.4233118644145661,0.4025694200093823,0.1923695602064558,0.194124621193312,0.299865884875736,0.1422048973467805
0.0858691226964298,0.2991132343386539,0.3335986108779285,0.4367010617520482,0.3234496923276719,0.3813741684732145,0.4070764345826941,0.207879053820971,0.2386301382033489,0.3150202268061113,0.1499965397428201
0.0899904074751268,0.3103187967267518,0.3324042835576515,0.4718431589281019,0.3258313266764329,0.396214625789811,0.4371938924130475,0.2486017219084189,0.1900726345283839,0.3138814720801631,0.1589831986429547
0.0813509748406371,0.3189787810213611,0.3348282706559963,0.4425811069839346,0.3489680380545872,0.3830924915320074,0.4377186761928719,0.2210303538565968,0.2078829842488098,0.335280489176686,0.1601329892883122
0.0886537512306907,0.3210429949445289,0.3336248801131726,0.4831444186774841,0.3628667965826989,0.389409614231809,0.4643565284267789,0.2404766449465493,0.1680197023761645,0.2769031653760827,0.1914929676856845
0.058150535798697,0.324243824228124,0.3311767683617326,0.5189846207538754,0.3410547753620044,0.3331904596035165,0.4605454280133392,0.2530812828380026,0.2000547922759461,0.2699895681359968,0.1855505487764354
0.0661529707504461,0.3056018805082296,0.3298285891438824,0.4352722887811742,0.3633391538036556,0.3954579384880178,0.4526847256933682,0.2585075139068464,0.206146858639534,0.3062565984007059,0.1652693140540639
0.0690534559588714,0.3146568556539584,0.3424527058869258,0.4406709734780868,0.3446567280448941,0.4001156672991172,0.4451039188026813,0.2587667499130809,0.2110430442212937,0.3090969993526807,0.1403310633344799
0.0830413293026067,0.3037511907448958,0.3161954772162587,0.4784871874871361,0.3029549087357099,0.3784752457982238,0.4560049380563468,0.2998107207596316,0.1989262540186616,0.3123957603067226,0.1674623042828344
0.0553858021295064,0.3014175848290099,0.3084067565280183,0.4865577688665977,0.3228673833198908,0.3667582546981497,0.4521556939702194,0.3053312553113516,0.2018685589041267,0.3434037968130987,0.2022171411040628
0.0552041192374216,0.3101067453523211,0.3134319224206889,0.4910619147218185,0.342273551228352,0.3953430037369276,0.4795803339336821,0.2413580067112721,0.2157667707352576,0.3244514943896181,0.1173318905124441
0.0656645240846607,0.3123379580742758,0.3262437892862463,0.4824349688347317,0.3495025131586809,0.3929946712329643,0.4859541072036272,0.2540793147086767,0.1368355539793629,0.3336576626553371,0.1233904830697429
0.0737871167220106,0.3210665619925305,0.3388110285299092,0.4405592944572912,0.3564369431278861,0.4057957154589612,0.4529935329842267,0.2107801531086542,0.1886765740913038,0.3117534985324781,0.1546395248439161
0.0707766261694794,0.291410987740213,0.3482465031744625,0.3887782067401165,0.3253630596810597,0.3692351236341659,0.477683440244684,0.2266692789283554,0.2085435162718607,0.3289640505291751,0.1739860195594568
0.0779350954480319,0.3016951377440544,0.3512796961878154,0.4209974467490492,0.3416003425309887,0.3514652575700426,0.4454529487920951,0.1790599596738661,0.2486403581986824,0.2595120957946834,0.1750559052194767
0.0670145370870839,0.2824021049267126,0.3613586963684326,0.4388769014370726,0.3652386742215289,0.3783528541365122,0.444084499098212,0.2426925583149541,0.1914359225479198,0.2940073580990976,0.1573976108264265
0.0576202279917955,0.2631881869976262,0.3457303316528954,0.4361635579302233,0.3329410509294466,0.3830540275220309,0.419499060508859,0.2448687585647823,0.211577396285733,0.310303572670588,0.1424230952101186
0.0587362203769953,0.2539643540245304,0.3493754214728555,0.4593535341629168,0.3189114587119449,0.4133261004032089,0.4266184956465934,0.2657621288166056,0.2169566483228195,0.2761351531264003,0.1090380738717623
0.0689712456625769,0.244709382520754,0.3601117071050365,0.4832821194174519,0.3316964205714515,0.3465303603973251,0.430158311610641,0.224518739209487,0.2189721893884675,0.302157081781744,0.1443676910667289
0.0843026907798695,0.2595286796123993,0.3785309742229221,0.4742014960701232,0.2899833861039727,0.366441952637516,0.4516673595409468,0.2406817795630439,0.2269644484429686,0.3159563367940469,0.1750856378026642
0.0967741413822532,0.226738680768372,0.3834771637505522,0.4885235551065262,0.3287444076408319,0.381058253064535,0.4587398984390209,0.1862445725653535,0.2548975349583284,0.3299068850221892,0.1815995209390202
0.0988503194174217,0.2256977404489319,0.3685078880900213,0.5021898230736599,0.3509976031559507,0.4092461000929379,0.4589409099086363,0.2293402784216219,0.2310608220727991,0.3375899451590792,0.1595584488299243
0.0792274305490477,0.2322909617299034,0.3627522382462455,0.4735098708130906,0.3567442464141224,0.4127505169161404,0.4679491625267335,0.2688613543149559,0.1782978747966825,0.2889035262914808,0.1666820073733274
0.0883562369973772,0.2400901473461254,0.3662289168457596,0.4957519222553646,0.2944716801346552,0.379587204462765,0.3825012025052213,0.2207910166336527,0.2184052447579208,0.306463906535191,0.1381426018522653
0.1040288930322176,0.2299887925477992,0.3690779909604455,0.4784132554875019,0.3202590520368605,0.3672952362439793,0.3936655987839249,0.2354098994694236,0.2043166913761783,0.3179003233304903,0.1818992181297141
0.0937457412205875,0.2271006806881344,0.3818536654902622,0.5046182558314259,0.3153146230534358,0.3763167961405373,0.4261395977757854,0.2495186260639875,0.2017046920599925,0.2946947406260587,0.2002287187578955
0.0883977114200021,0.2311383756806325,0.3893173324991282,0.5193780011765019,0.2958483098256859,0.3850690269813818,0.4456796144309093,0.1691533415643001,0.2202605281474364,0.2954333151248735,0.1872299017302302
0.103011261559219,0.2281251223080858,0.3989329434123785,0.4876276650987531,0.3116537755387478,0.3660450677192155,0.378900945865648,0.1902256052280803,0.2464046139298202,0.2986574377785801,0.1432668541716061
0.1074067166436349,0.2119244037590283,0.4028197307612793,0.4266771418051773,0.2941921135382195,0.4019456677289972,0.38980342247044,0.2232497971656944,0.206816634596644,0.3054671862815913,0.1849939604734026
0.0779121570159539,0.1924098639140681,0.3880643589662155,0.4786443994315946,0.3050559064292321,0.3912732190306462,0.4131027574274316,0.2407958847839648,0.2122852015897467,0.3104076496911627,0.1725387713988672
0.0838538600013218,0.2134543851233306,0.3805254320960979,0.5329139289669129,0.328752859558408,0.398895652659818,0.4230429739837371,0.2510176003374746,0.2303624146952321,0.3341000526964764,0.0954627629825475
0.0486484900187168,0.223145646281827,0.4043628673342442,0.5523787948692518,0.3360934278492524,0.4093589694577285,0.403327249997986,0.2314934686494792,0.1992374328419663,0.3466918349304336,0.1432822953837499
0.0737947367711677,0.2306053420577846,0.4158518983070423,0.5332816544444676,0.3367146472003354,0.4256771073550253,0.4194567729526444,0.2362175640995668,0.2161977966150329,0.3215935890003965,0.1571071110617307
0.0801363902798971,0.2168945221590734,0.3296449204586005,0.5441098197388392,0.3617226233928042,0.4442260636766243,0.4337146718552277,0.2409962661471237,0.2010693552704698,0.3025192093075805,0.1503535374467772
0.0656205372699129,0.2098634043710706,0.3604089378284809,0.4328669193111946,0.3476399939732242,0.4179067057866586,0.4618771181485712,0.2536711011213683,0.1878364213886945,0.2801568742497576,0.0985659235001435
0.0515856793032005,0.1947249650820434,0.3665783222161782,0.4610100525890835,0.3777652691265207,0.4294460524335083,0.4243295097275191,0.2925496718077505,0.2002069784615477,0.2666701981350492,0.1112510767507216
0.0639443184638501,0.2077826100074315,0.3409080936785626,0.5271611521993906,0.3858318282193831,0.432466878615059,0.4338539345579081,0.3195263517820182,0.1748109516494664,0.2718720676389023,0.1405682445730294
0.0874467303163937,0.2134189699841409,0.3736975563028739,0.5489455893079929,0.3684858847135963,0.4032588449749507,0.4480659681158984,0.2413930067840713,0.1898454941380235,0.2960395370030019,0.144315345331962
0.0313150557502621,0.2179709059417731,0.3862597670453793,0.5064200183255121,0.3866055971830263,0.3883308683806913,0.4411967549827233,0.2311476704072723,0.209797713536872,0.3017388041353966,0.1444991668186847
0.0366200563063253,0.2114456496316246,0.3534693193141793,0.5010344973671581,0.3913451645487132,0.4028540692771337,0.4523905215704889,0.234121606032745,0.1943485084245498,0.3177881897732872,0.1663461507690529
0.0651727431418736,0.2332310909816758,0.3606736173464873,0.4969490990417385,0.3910823330744004,0.428556510409741,0.4655130737691708,0.2474700930717048,0.157954940800459,0.3281584571169422,0.137031750012832
0.0401727199358412,0.2048519715005449,0.3797670964112478,0.5023075053979552,0.343747450242344,0.4481983641975646,0.4676233960190626,0.2568197599637241,0.1684021641430829,0.3287975912334474,0.1864711716177261
0.0475909407313527,0.2212359860447075,0.373936975029408,0.4701940289274934,0.3599909430955871,0.4148989197583111,0.4536458433616034,0.2699888074442995,0.2218211964325997,0.3045488969951898,0.1453458495905421
0.0463976035436357,0.2271299344950289,0.3921820510341006,0.4805180632846572,0.3550255255789196,0.4166160265106096,0.4817953937645001,0.2618702504312254,0.2059502955297147,0.3271782180483423,0.1148603986415796
0.0521409867325133,0.2300116079243901,0.3789345491351324,0.4794685353962798,0.3671269869620912,0.4462877150004709,0.4497303531315281,0.2396529849804281,0.2070268741923582,0.2948161408638068,0.1256934137534082
0.0299128161282409,0.2077093629861775,0.3907292567230652,0.4809076295774108,0.3692898276842854,0.4557823381351598,0.4490060819042973,0.2526494111909868,0.2186546677917346,0.3045919318362103,0.0975248525847531
0.0377256489825158,0.2126500285306487,0.3981622357747338,0.42547282739516,0.3539553863803741,0.4599244276520601,0.4857613300024931,0.2247494737781966,0.208046675281861,0.3082446527093392,0.1289628388666671
0.0329349140960477,0.2186009627287914,0.4334408264472252,0.4260826974182122,0.3885825091637136,0.456862468953348,0.4351600243896641,0.277341778538424,0.1969648916238539,0.2865592113483268,0.159491691513598
0.0487024266364986,0.2163619400108474,0.4025567975971565,0.4704089214516302,0.3636915713549597,0.4600325396639293,0.4146836830446664,0.2758272736679553,0.1590306753170919,0.2914103935930648,0.1125417726359861
0.0173761412464837,0.2114248709996855,0.406295826806317,0.4513680372186914,0.3825607608452785,0.4666545953432619,0.4266831029798256,0.2229955118828607,0.1890728166945829,0.3044191016468275,0.1306103475126939
0.0408921258433442,0.2242550916696455,0.3765819388537438,0.3928654098046201,0.3424805190873418,0.4472302865092238,0.4226308665045006,0.2287108831824205,0.0925196847558785,0.2441323080677645,0.1431920854677443
0.0432135086069726,0.2267836350896885,0.3790575856121017,0.4229748094291202,0.3539951038062673,0.4543891300631951,0.4469717320451556,0.247801547992922,0.1555872963759035,0.2758307048533886,0.1190893233638251
0.0548151577101001,0.2366456906651227,0.3669870874126969,0.4336446632477522,0.3803578745330644,0.402292807771279,0.4375440025353682,0.2372699033177727,0.1841328581649235,0.228374079955688,0.1284430381752037
0.0646009439390056,0.2151953343970069,0.3708206673485045,0.4323792190083079,0.3674044248191038,0.4138561516176812,0.4259486552919876,0.2863491868957221,0.138962235125038,0.2612643830273184,0.1394777811249581
0.0470207654392169,0.2207825697942117,0.3543420367852544,0.4209913800101621,0.3756930000129991,0.4272106163023301,0.4452329442487983,0.2916834563362382,0.1406757822280847,0.2879775514852056,0.1478894974459435
0.0345356622969527,0.2159945701276612,0.3672214337055075,0.4064862503055901,0.3707097948478388,0.4381138691987055,0.3743111508056402,0.2143550818227385,0.1802812665160118,0.3131333984845857,0.1396859033281912
0.0548776941892489,0.2549855613010817,0.4001052453426139,0.4295419695316181,0.3910054686014749,0.4396162109994565,0.4193372872610486,0.2546472270987074,0.1903532061365386,0.3188462631695637,0.1698428824994919
0.059907565493759,0.2444207638717728,0.3894750377296896,0.4509848126291279,0.3939341183416344,0.4538461123495239,0.4423410324434455,0.258814381769158,0.2016285859932166,0.3072063009179686,0.1492785239586611
0.0799201909198769,0.2444973641340191,0.3981977606244254,0.4666879535559881,0.3657961190782797,0.4357094375797382,0.4032314136368132,0.2356478061766679,0.196547384756309,0.3080434255393011,0.1709200799046468
0.0545482237824955,0.248762860974329,0.358691455505106,0.4044813841388608,0.3770765552605523,0.4543265635364255,0.4173600516065006,0.2564735885349408,0.1249416424288088,0.3251016618636607,0.1252294641700424
0.068776490469746,0.2509003250520193,0.3563363757449473,0.4322223917468068,0.2700079912357389,0.4385822035191021,0.4249588792293362,0.1887661442515938,0.1750622934764387,0.3389557216687195,0.1727167574597253
0.0481964093354053,0.2100125937156979,0.3886351186248679,0.3999795634707983,0.3016442748080382,0.4502928332552024,0.3664135366389228,0.1509245650671427,0.1466249282554809,0.3314467057750823,0.1868748814879062
0.0380051378128301,0.2475129792395643,0.3605644072797243,0.2819801477708146,0.3460192360117764,0.3993220973952059,0.3784366665194532,0.1504952942000123,0.1740113219570221,0.2922613804497507,0.1943921450890618
0.0573178732085811,0.2924296138932874,0.3657672179270997,0.3535995114310541,0.3303131650489655,0.4135296459767148,0.4148852357085248,0.196508497549589,0.1466380613845899,0.3040327942743744,0.1996265775344746
0.0584717055300535,0.2887603246799037,0.3739029025278386,0.4776488236020442,0.3600703555480034,0.40895683638974,0.3921142725108774,0.254721508655485,0.1553160220979834,0.3020177614294563,0.1998745872146919
0.030956105238813,0.2795490429101196,0.3358057441134999,0.3412759490838413,0.3312491416883714,0.3684798923860506,0.4402888790960807,0.2177508784344501,0.1681511961214141,0.3130715769937586,0.1747562929748715
0.048953796733505,0.2643083629978811,0.3466773212469429,0.3287598123730407,0.3422877009242704,0.3850343501549944,0.3817245595328752,0.1882675131654454,0.1184769139707039,0.3281869833911888,0.1542877901673925
0.0517015235079778,0.2225392745511802,0.3600265979596709,0.3581485362231039,0.3408372143833923,0.413693570816327,0.4036874835152433,0.2357391732106,0.1175663244536352,0.2544324339734162,0.1845968373933719
0.0770389879429715,0.2423390251763699,0.2764616347123061,0.3447975894126743,0.3706289110879133,0.4299102680813624,0.4273271616233467,0.2565484412360674,0.1483622924809464,0.2810584055484684,0.222129025697314
0.0506388888275804,0.2570904971508414,0.3378669922530007,0.3620061235255366,0.335399027590991,0.4436771611820135,0.4586080985759496,0.2707703543712083,0.1711529291780117,0.2846583860408701,0.228660555183198
0.0644163944432966,0.2561427649976504,0.3518884812064705,0.3923787748782933,0.3710035410165436,0.4103830280827208,0.4450640335113672,0.2595416983190994,0.1115579823659084,0.3112533624914974,0.1703650663957102
0.0599866316776497,0.1999710693479524,0.3790865141404331,0.3662546235041984,0.3724017224631333,0.4113628253768125,0.4535741996417782,0.2017597266202987,0.1610297915431009,0.2962268232771043,0.1877920614961008
0.0260419785768626,0.2421862471603316,0.3536551787924283,0.4476131937453609,0.3720755562678643,0.4110609298836437,0.3838702066892461,0.2422021913493516,0.1619856789308557,0.3314589848377764,0.0949042740626913
0.0643659330040987,0.2807239139309521,0.3850187982528482,0.3817707577866678,0.3888925707842715,0.438848146262228,0.4018449682484208,0.2570249153533528,0.1849754438067515,0.3193892102110887,0.125608231318104
0.0336121827090527,0.2739183266678332,0.3931467081226015,0.3629124247422891,0.3611953717437666,0.4404937358792484,0.4344249627021522,0.1889281615655847,0.1620108618427015,0.2928814567784479,0.1347735847587994
0.040027134347477,0.2746208559123868,0.4025073129849747,0.3307308868336584,0.3623536880075765,0.3433842157123005,0.4001197358351566,0.2446904949060535,0.1748813123149533,0.3177874680324668,0.139147703529865
0.0443956391906697,0.256842652181897,0.3763514492163914,0.3699584797499036,0.331728732392113,0.4024916676099055,0.4144303754457963,0.1996378444803792,0.1751468303124996,0.3376073140687887,0.1566191076213226
0.0780247182595006,0.307242933126666,0.3342980935529693,0.40249240399055,0.3366712255345229,0.4448089352825604,0.4098483694640715,0.2181497608855817,0.1503807726482416,0.2969814761186063,0.1608041691557834
0.0792828996414903,0.3321864865407306,0.36620645942795,0.4053558898786037,0.2498860118181517,0.3928644668378907,0.4398001442304585,0.2268388766864075,0.1208750257713838,0.2949474895182304,0.1642754596421772
0.0211782233256259,0.2203899398800673,0.3846772852583535,0.3471094649546045,0.2848879618954987,0.4044072903576666,0.4108296951119327,0.246580316149724,0.1508902639816272,0.3008596076317948,0.1480591973693849
0.0300960353233114,0.2243750429184101,0.3319660840521377,0.3171054158795761,0.2890841938845149,0.399257534987182,0.4133142286100525,0.2385438030535918,0.17308749845301,0.2786208443425986,0.1633503112050122
0.0639167217646247,0.2673011667216793,0.3605553326844127,0.3447456302176422,0.3441452159840294,0.4291105481840348,0.4234369921413998,0.2595060371592727,0.2023984051360166,0.2842776694217179,0.1240415568456615
0.0875871665394781,0.2703319871412561,0.3832582734679001,0.3900488346498976,0.3879671674028514,0.4345183669563559,0.4193117961405721,0.2921370336507345,0.2164740213848174,0.260225348158659,0.1627848854527042
0.0475156675006863,0.275856582357928,0.4016573475827141,0.4363419352940101,0.413192547005857,0.4069981621220808,0.4373580924004499,0.2657509102208993,0.1965921778668137,0.2945231804777625,0.120583051187912
0.0437510023067955,0.2901491651733315,0.4034263149941714,0.3053746529010701,0.3435844274435606,0.3981044616344708,0.3717475001139301,0.231367740108391,0.1361138259966985,0.2963659217021078,0.1438852338133275
0.0448812206441471,0.2238433679631708,0.3583968283728223,0.3188318122571498,0.2674078792800537,0.3856136952041052,0.4239021543534851,0.2184154273422999,0.1677036283403895,0.3130580297764993,0.1558462112077128
0.0709707936550376,0.3164994765433033,0.360181254567173,0.3892794888957656,0.3456538478714753,0.4200117770216991,0.4167837759826175,0.255713321221691,0.182083851312526,0.3190130155458434,0.1549353488603605
0.0651617378675573,0.3340121465824978,0.363558387930328,0.3685810366199086,0.3166856152273075,0.4234591369547742,0.3816599565610127,0.2774752109686851,0.1822140670786167,0.3190768781016061,0.1377991607313017
0.022386642266286,0.3390642667433852,0.3870492162532808,0.2773550303174875,0.3316125203057403,0.4251855939323331,0.3860638796854542,0.1537691709426526,0.1980962577638849,0.2511393467991875,0.150128657802256
0.0562612517523458,0.3594191533784679,0.3941290671150889,0.2706267866869703,0.3426330899862889,0.4301650209005916,0.3471701909216132,0.2116199125680546,0.2308231596837128,0.2661767133443702,0.1710170189967231
0.0693665375599026,0.2787102996145982,0.348802548435201,0.2992382627521409,0.3254540944103146,0.3420615450647488,0.3459005892808576,0.2593727115605916,0.1495529761157336,0.2898388354467274,0.0865863392418901
0.0930730459017612,0.320794704731503,0.3651341365541204,0.3617848024608979,0.353884254828178,0.4027574439317133,0.381632700155885,0.2626988520453918,0.1631717008868587,0.2653737168729035,0.1311156059599907
0.0659682418798849,0.3525043234613921,0.3770757366778692,0.3744601892308005,0.3632359377479698,0.4124471950920318,0.3619517602203227,0.2422606064279892,0.2034118935493623,0.2869620073195823,0.1520481154963956
0.0899224309234879,0.3581410176040823,0.4050839814304732,0.2864829515135219,0.3380345525900326,0.4060454223631997,0.3757125881854485,0.2873279012260479,0.1725341160363358,0.3266151981246164,0.1395057681750209
0.1060423141003411,0.3456239991484092,0.4109051391154281,0.2864870811781038,0.307349765726917,0.3808591983782193,0.3847743812876746,0.2007880548948567,0.1785942334488723,0.3367740632690061,0.1354029658729907
0.1268778386871174,0.3426789149436112,0.4284860068877023,0.3130512093043306,0.3493383085582398,0.4032346014020467,0.3409267702267071,0.1872603075218988,0.1516543028314961,0.2897862158590509,0.128721533368336
0.0916606434626394,0.3630552130390259,0.4239540690412787,0.327579554048398,0.3410726658705024,0.3526531033668444,0.3681561902887504,0.2293127494779705,0.1695158382131548,0.3212908934237701,0.1351913732473506
0.0591407233284973,0.3054047085052307,0.4334842217640539,0.3152783504660382,0.3078166037635102,0.3813036287989315,0.3823110820456737,0.232243571000586,0.181551722975029,0.3231394292934366,0.1511651420738853
0.0868551675751319,0.3249891192958853,0.4340468660675505,0.3226405133067066,0.3446537880104198,0.3863000073314103,0.3191902888966265,0.1854406812886027,0.2094546282168325,0.2887872109965708,0.1212358931193905
0.0986249334336971,0.363898003801493,0.430172398959449,0.409815259360988,0.3472711724021479,0.4161573801477871,0.3349152740926349,0.175528052371742,0.2413017223625196,0.2938562172006178,0.1686800321784707
0.0974424866949708,0.3824332772602602,0.4450335509051976,0.3309155847709029,0.3588796522366293,0.4055447526638998,0.3158148894595693,0.1625162767627298,0.2550245328060453,0.3203127472330865,0.1355071710564561
0.0383365406404758,0.2697586004838572,0.3851928289526953,0.398224395987349,0.2963441214892617,0.3929370273505927,0.3408012578297668,0.1919620912996202,0.2116423104469915,0.3164934587004958,0.112878209043495
0.0436057879839252,0.2878389197144007,0.387123469694286,0.459098147243062,0.2256968242003219,0.414637181797042,0.3815247121830895,0.1954850789006368,0.2192171778631821,0.3234441453349076,0.1742827893745968
0.0567418627159886,0.3155149131273264,0.3764882871090769,0.3892568024622344,0.2826549992794844,0.4171529611598974,0.4063371303506836,0.209351538911145,0.2208223958506047,0.3040934244403806,0.1419100475855753
0.0351269958166971,0.2559708841431372,0.3774729204088572,0.4163567313896673,0.3241475732510674,0.4488431199917526,0.4249460154980312,0.2775664897454427,0.2343357408970555,0.3300586128047822,0.1575482142332176
0.0162926266476969,0.2804244791109467,0.3860546251433349,0.4301463278663282,0.3388476840495121,0.4221829303036133,0.4336107691544429,0.2555586553363841,0.2363531050749892,0.3123843146699054,0.1861629073313717
0.0580492251072812,0.3488254342398211,0.3382430829461959,0.4311419365697285,0.3848294327960341,0.4579384523890182,0.4349889435867856,0.1630242127631082,0.1903050611659658,0.2918537982118501,0.1897341363921546
0.0459996123796103,0.2838435172873511,0.3292779394804195,0.4439569747653648,0.4085914395521704,0.4606882948557775,0.4500562687198892,0.2564722369964448,0.1805515428492604,0.3307321193601428,0.1673355617910397
0.0949353163013149,0.3622847237649886,0.4181665706183223,0.4309985978299208,0.2938368079076546,0.4196846557858961,0.3854789805221947,0.2447804327670092,0.2291278450262197,0.3359540544101553,0.1590802078340714
