Mode_0,Mode_1,Mode_2,Mode_3,Mode_4,Mode_5,Mode_6,Mode_7,Mode_8,Mode_9,Mode_10
1.0,1.0,1.0,1.0,1.0,1.0,1.0,1.0,1.0,1.0,1.0
0.2588073191347957,0.6984951350790741,0.599143380637015,0.5222916299374647,0.4740164810278468,0.6009541238372423,0.4764189003056436,0.3427348697790131,0.3777403072687647,0.3937673239819861,0.5974489791049893
0.2850067325722251,0.5794586710717762,0.5575293768532694,0.5038121996754701,0.4797142829247686,0.5719138689531534,0.4589415085975819,0.2948232319336307,0.3572257474166255,0.3477695530937776,0.6033278509220896
0.1990748659905965,0.6115237885639823,0.5328096315721972,0.5024363009721768,0.4858354078243627,0.5813701042100345,0.4663582025581076,0.3058084204876339,0.3432868556491182,0.3140306414934239,0.6167118348816624
0.1981473068195087,0.575154693821748,0.548517018843176,0.4687961312869455,0.4772268385861019,0.5656463070442661,0.5057531920642107,0.3750179092127318,0.4012378716861167,0.408586406795207,0.6105376592273589
0.1745697930576488,0.5400650897282102,0.5592746565630384,0.4983606180694199,0.4496930638705267,0.5369803154406654,0.4815513391933435,0.3378201090422133,0.3985280447767595,0.2860403256873883,0.5774464665662171
0.1064086966769431,0.5884841298589276,0.5522200022988148,0.4181739470901136,0.4767326631908413,0.5439791029480928,0.4890104771017856,0.3778375509075475,0.3902330642780258,0.3341243397340787,0.594691901206272
0.1483958174891679,0.532974261086165,0.541209313721616,0.4653604151159314,0.4731072309104575,0.5692615564237461,0.4874951089156926,0.3352195104255999,0.3823456592573488,0.2931104067705057,0.5749177077855225
0.1436672296607754,0.5916112682065122,0.5588823729858424,0.4912738448658941,0.3754511525588437,0.570236448966217,0.4843856687177089,0.3383800442307818,0.3512323298247585,0.397746948697482,0.5982033162993754
0.1741349024091626,0.5602546658899067,0.5442612699451482,0.4555572669479493,0.4712719837539991,0.5207745122988103,0.5353991110263246,0.3435206499957801,0.3384523067177605,0.2744930942535178,0.5614144309136724
0.1730060388862435,0.6000670561071658,0.5892235691377126,0.4118317181576195,0.4554184004798876,0.5951717212071322,0.4877343812576818,0.4230734115133397,0.4065580240035874,0.2982400732973485,0.5469340445420963
0.1747704015764616,0.5268098572276068,0.5742878356687422,0.42650429520241,0.4454408023688055,0.5731781838114939,0.5044253172237279,0.3037317943990468,0.3308930538521255,0.2941863328247232,0.5574368987436548
0.1710752902028345,0.5490495605401112,0.5766908181669553,0.443535750523274,0.4361599477463402,0.5834030061871576,0.5010816927341821,0.2717017129841376,0.3412284345287398,0.3234269264379539,0.5801996974458837
0.1622518354517686,0.5493733569392526,0.5493910633814808,0.4689489314375596,0.412799850219414,0.5888800270903103,0.4679369626053666,0.301604723360113,0.361587022261422,0.2519344586200385,0.5602790322431064
0.1687917953352938,0.5821715742849181,0.5631794730527626,0.4055489929644164,0.4394702666050054,0.5698857817872676,0.4917389498402704,0.305871737154868,0.3605292739329924,0.2510306909690267,0.571935191695534
0.1343672481741805,0.5374770629245871,0.525958777964155,0.4082585796597163,0.4597455870132755,0.5513324679930408,0.4765788940424587,0.3271976934893635,0.3134059630915604,0.2739463229903888,0.564707257518704
0.1547138826688842,0.5703496386878957,0.544192316677327,0.4102483500056139,0.4724860673995749,0.5386088513406363,0.5199411859597468,0.3324068457266639,0.3290386101945616,0.2806168819008032,0.5779010852486491
0.0700639371679049,0.5127476449089785,0.4766924545349474,0.4121073202386317,0.3901430925607821,0.5493684593946585,0.4796772531409038,0.3201629423769571,0.3358895140447103,0.3133060348035116,0.5457388116984416
0.1230241705813621,0.533718324625795,0.4973281012989871,0.4384264493621238,0.4024569891108337,0.4877123820892075,0.4774739975494351,0.260659167747773,0.2675356943022879,0.3094851175504243,0.564754337009924
0.1249112141729203,0.537996603736386,0.5426851574052934,0.4685303152518223,0.4354465180544533,0.496605981241615,0.4972458730224942,0.282802315112421,0.3143836624712328,0.2643791273154945,0.5826540454786697
0.1461538130829973,0.5463356757866411,0.537387123333054,0.4423537233691526,0.4558039721685779,0.5170572961847024,0.4477674676269736,0.2988558532156751,0.3206417760706781,0.2606731848576486,0.5620422198281383
0.1612942625040117,0.5599915208106914,0.5238010734146293,0.4402928879141558,0.4208252993979289,0.4556471406872242,0.4703456455245104,0.2963369417211899,0.3580576504906403,0.2868389122734756,0.5717883451517263
0.1559541265513254,0.5578967214055841,0.5406610265409527,0.4367387207051253,0.4375794351695162,0.464735524518221,0.4518002991145061,0.2725342820581994,0.3566355101120358,0.2202084265067165,0.5476617187036406
0.1359542223872289,0.566099771563968,0.5244127888541471,0.4392457920061788,0.4186880429013356,0.5138187753090883,0.4845853453940303,0.2907895844568745,0.35318921486205,0.2328834918676125,0.5410031524660689
0.061803413370336,0.5387051924778637,0.5010535435708342,0.4590383336011933,0.4391298562748023,0.5057395820045658,0.5059718477256463,0.3098479586209787,0.3325483028503499,0.2628462630509,0.5635308183060144
0.1093480039851316,0.5394610695065445,0.5124312405829748,0.4787009105269783,0.4204154795758872,0.5070370086207264,0.4508487350030821,0.2706976846509532,0.3425515408268117,0.2734349884884679,0.5596504365534141
0.1170622758431751,0.5184712181882974,0.5178966717594704,0.45941304328955,0.4275097307036701,0.5385452350410286,0.4449209734382197,0.3062306877411916,0.2937955990220119,0.2719311868295242,0.5394685084589601
0.1183552459530912,0.5175800279552294,0.5206428371529165,0.4524714432462638,0.4478549433879774,0.468683892574386,0.464566215657443,0.2870213495074096,0.3289032130417346,0.3073543686701056,0.5681885673883421
0.1566753516466398,0.5504086861825197,0.5428935375071822,0.4633875218528445,0.3817415001066782,0.4733008485744165,0.4788872871500851,0.2364604833582416,0.2826825492083868,0.2864004538906996,0.5822986289903971
0.1428693787745209,0.5199509041867488,0.5405304740774505,0.4387385297256801,0.3921416923092748,0.4848696395847964,0.4840119202669319,0.236196049653852,0.2889970924845267,0.3023398657546873,0.5879613984071745
0.1566298964358277,0.5228491973292204,0.5338773696158154,0.457169014464661,0.4034236930871403,0.4690265193884882,0.4986271957087503,0.2750768439859269,0.3343589273514639,0.2349134182891753,0.5486366684940204
0.1613720548108237,0.5684329603711726,0.5131479916329352,0.4533467463616215,0.4230452675886884,0.4826213910575911,0.464652339892108,0.2930706195701008,0.3222765022949794,0.2731948351792203,0.5574351232575988
0.1567159306238296,0.4944518233685353,0.5462323963659458,0.4397664098576663,0.4204281308095923,0.4857039480014236,0.4658915027043024,0.3030082700128221,0.3282324919933529,0.2913091315716041,0.5608390931354876
0.15142736856879,0.4800345552878047,0.5538622482887618,0.4220654595489215,0.4021140157817651,0.4896856866953459,0.5005706964372181,0.3238417504142234,0.3242448690047183,0.2723181910867759,0.5621670400325364
0.1046886179511063,0.5061767419734635,0.5321511370060142,0.4361279345358169,0.4077302935105109,0.4975084128111621,0.5165290198030645,0.3016799330499515,0.2595309099922884,0.2700637758480543,0.5667256164035606
0.1435617309894071,0.5337193084445548,0.5616205698462418,0.4241977724639708,0.4454888746516209,0.5113043772462598,0.5085725807463304,0.2783429503179126,0.3141279145011731,0.2352572508186471,0.5569149374806902
0.1550506779767566,0.4568807231830694,0.5578389693182724,0.4115918744547988,0.4613081068677277,0.5078916071423968,0.5036146328762332,0.2564873963271398,0.2836844425829616,0.2501720406523292,0.5680418220568717
0.1118130629906578,0.5133490547199355,0.5320664260484607,0.4029593842935205,0.3869988072661835,0.4625733691519456,0.5096761523981233,0.2346961502495842,0.3090567498956996,0.2888932614818841,0.5566289615504054
0.1207120005151253,0.5431499348043356,0.537288534176718,0.4204583807543174,0.4234325643212869,0.4761199925257795,0.5077618362942871,0.2730928206587353,0.3422088741077091,0.2904528053213918,0.5734927323161237
0.0437075244504177,0.4288536126035047,0.4668585925569665,0.4386843045588389,0.4292560427905873,0.480729879216336,0.500094693730944,0.22771474115935,0.3547459444250979,0.1928629963504327,0.4158330304329296
0.108193958436484,0.5024484664418786,0.5141141684805111,0.4584390434407221,0.3822272686981828,0.4401614883403263,0.4793190925304633,0.2415195620508855,0.3593321457771118,0.2452743547678502,0.5092924801685815
0.1470331765765473,0.4662203735726944,0.4972633573024698,0.4323584482899769,0.4007463228318612,0.4646027856381094,0.4836734531244371,0.2774117471991412,0.3125513477678892,0.2553963391010064,0.5224663558077381
0.156192111275898,0.4803715960722712,0.5390553216577029,0.4258843990883858,0.4329548115156643,0.4721818613126591,0.5037671948699629,0.2563099844834879,0.3304023679696366,0.2621798736978548,0.5493027625823201
0.1360713819380312,0.5285435471246318,0.5441089603094664,0.4389494737868599,0.4194416534078403,0.4899679055488075,0.4782836853219677,0.2724045853240041,0.3516380972500119,0.2698676521259327,0.564515388848383
0.1732853865195106,0.5544724429594283,0.5664327193183203,0.441179589827524,0.3864758143203815,0.4878996764232369,0.4972151815250463,0.3157046078426092,0.3129628298916512,0.2871044673980617,0.5321372954074127
0.0975446203334065,0.5336965632529188,0.5431549119618724,0.4524288376986629,0.4418094223029964,0.5058802372555042,0.4777433729553295,0.3196030911530862,0.3143190812706224,0.3095509826677138,0.5615614571979424
0.1249372738854222,0.509384077114816,0.559212807699821,0.4225089303014282,0.3916708888791337,0.4957131886594038,0.4875730536622001,0.2936976119844797,0.3224735793376937,0.3482097227314386,0.5546571111803021
0.106233573367592,0.4824057103059247,0.5841349054262832,0.4263415581289139,0.4195054975193252,0.4763441994959112,0.476205045001504,0.2800885980994698,0.3483029818203351,0.249428162415894,0.5334251835482561
0.1301587389510415,0.5105224715236083,0.5107904179785906,0.4400828594028975,0.4488891214943049,0.5009901980571152,0.4912661800192451,0.287546648799018,0.2907984892957097,0.3076755986451246,0.5642081577299296
0.1453354429172833,0.5250042035990635,0.5254238984529398,0.4492580841400836,0.4433848256270443,0.4744807102923795,0.5027361966510768,0.2640857200408409,0.3289488629012684,0.2990618540217752,0.5945381119332107
0.1735430954541838,0.536920211974447,0.5527056060806974,0.4097372277308205,0.3978258365634947,0.4934199933727413,0.5012798475479591,0.2706991936337555,0.3021582814552225,0.2903893046676906,0.5486418619377245
0.1548847163932298,0.4854207974453548,0.5665764575693467,0.4246702324081945,0.4171425599229951,0.4597662192530527,0.5033241265157804,0.228352225242118,0.3292390378635934,0.2501484823501146,0.5587848839467722
0.162326053392018,0.4748397383618732,0.5520224179250679,0.4296792051574376,0.4044247976766723,0.4562527464287986,0.4880676088657489,0.2636723739693873,0.3458058308902805,0.2659047708759401,0.5363214518812889
0.1449486656029542,0.5033529110989631,0.5591617831015832,0.4493449321312194,0.4292573131709456,0.4642864516202211,0.4945133005378751,0.2518243991890567,0.3114612828739093,0.2725764472004063,0.5432449624179843
0.1626207849576898,0.5320351970935909,0.5730460999142959,0.4197621232252832,0.4052030455119291,0.4732456990725595,0.4979126563630654,0.2490607848859711,0.3054517242373231,0.2498876782212006,0.5469956779650365
0.1291866937498268,0.539043915502345,0.5482941205098052,0.4124509008380893,0.4215357213589106,0.4885123600270994,0.521732639544625,0.265964106003725,0.3246495581710006,0.2898875289385411,0.5346709296706873
0.1487719567298371,0.5517701826236279,0.5463134562672864,0.3865811880339799,0.4111733754770688,0.4975147029024612,0.4985743776795124,0.2784446324638111,0.3391850676533122,0.3196781360269219,0.550849444498766
0.1171754774537931,0.4481712147887083,0.5495377502868107,0.3980304115608846,0.4368490803761006,0.4593555161168519,0.4945685136826529,0.1509684243639227,0.3257908364653331,0.2934699918597872,0.526803624277571
0.1673835066860735,0.4830425723086585,0.5577350277746229,0.4251692873141365,0.4249103271611562,0.4657484808330713,0.4863030166535413,0.2174225054948366,0.3532327122685896,0.3028683626681885,0.5100425014763169
0.1288231262280056,0.5136696421708367,0.5315636194587388,0.4268346288088044,0.4358188951744726,0.4836216977768812,0.4941733160189558,0.187558096991882,0.327640614492052,0.2242261904825005,0.5353660125143418
0.1603250697680152,0.514432490183388,0.5566980585621223,0.4251672626102273,0.4417132815157559,0.4948344511603919,0.5066227738997362,0.2528401075801929,0.3361144631744157,0.2620254655552437,0.5517910272784549
0.1372184327097326,0.5227094442142475,0.5579782285627364,0.444538330607376,0.3966374165661701,0.4342070098259085,0.5009363754568097,0.2522545623138309,0.345308851585701,0.2669330211641226,0.5247755512673848
0.1392984711903676,0.5286047934841935,0.5156994996920474,0.427186639505015,0.4280254853486638,0.4689470079570914,0.5097510029709864,0.2042189898810731,0.3142650592512232,0.2582746608882371,0.5444330699467501
0.1428940103927341,0.5359025501943184,0.5285225969433254,0.4415065534610614,0.4317816399295351,0.4797683855857956,0.4784566270433957,0.2632989128274522,0.3325462911148434,0.2746528636595127,0.5393375846549235
0.1326016245893035,0.5451203974746595,0.5381487013342258,0.4482795360422166,0.3894393582359657,0.43810524742175,0.4896746547182006,0.2678057383200885,0.3561882580869823,0.276167283405114,0.5601430970907967
0.1376885337922044,0.5315406040877942,0.498638461392416,0.4499997253417001,0.4109174228168515,0.4562799494960331,0.4850075571390526,0.2754118824532513,0.3323194899237226,0.245307157015701,0.5536532021172419
0.1076671675291271,0.5078817160744682,0.5078683716222601,0.4594708980678765,0.43637007306928,0.4603297108883183,0.4929239602908417,0.1806731400572511,0.2719133387493432,0.2783822056253247,0.5462798287137133
0.1478101669439683,0.4881520044026229,0.5389391374226435,0.4389027870072161,0.4211218453254775,0.4697059342803603,0.5066537424743391,0.2092841342306656,0.2858396002338438,0.2238570109535468,0.5403066951947727
0.0844015122997711,0.4889636844347218,0.5576210206313462,0.4360934149830405,0.4593250738833447,0.447759784593781,0.4432208217797502,0.2498600073502772,0.3059179299055843,0.2625554481036257,0.5429665622290754
0.122116250664445,0.5032247002397521,0.511993113895829,0.4088883022468099,0.4224609018738421,0.4526395316618208,0.4712571419521015,0.2584135798632692,0.3404436704470178,0.2889181008524621,0.5459654433659225
0.1095636659119324,0.5129973238217354,0.5363099596097081,0.4245649248155709,0.423980288062417,0.4258266193562481,0.4862859142484974,0.3026316641991257,0.3338752902779539,0.29789166210267,0.5062763695861016
0.12998207909955,0.479903773459806,0.5752153782341461,0.4066671934705396,0.395393685085839,0.4504998748812359,0.4515493909016178,0.2426155650153794,0.3362149853200928,0.266137234641393,0.5200492267341355
0.1352007572893313,0.4912623076898013,0.5365540638217602,0.4042403118572069,0.4011723742225941,0.3916877285152248,0.4816871793720322,0.2174147167568018,0.3298168789064886,0.2787117659506699,0.526131958603271
0.1428624942186053,0.4667070860228567,0.5379626588965969,0.3897470622473173,0.4281686330423417,0.4188881048876566,0.492835950414443,0.2364480883487011,0.3411839099759315,0.2617717034942117,0.5066336914492594
0.1060704884664169,0.4942343647151039,0.5402090157361488,0.3964100821029723,0.381509689314192,0.4156210049464421,0.4569497254144322,0.2895259618038629,0.3302450027142969,0.2805399937085731,0.5262137741298726
0.1299708385695823,0.4811185801726941,0.5244095749818406,0.4142120551756295,0.4105796752742019,0.458316329355028,0.455925972737201,0.2396861276548909,0.2481322846190787,0.2852302142393443,0.527603239549848
0.1066001394277267,0.4987338903861,0.5359022010947802,0.3850728379727518,0.4354647110323967,0.4098966343970826,0.4724498205259909,0.2285991290099742,0.2991011696167918,0.2555025911873916,0.5379147972548391
0.1116480877287934,0.5090523770478796,0.5192877975773449,0.4092132382097128,0.4506931381330893,0.4148951098611235,0.487108402980248,0.2583195757193889,0.3114288137592266,0.2796539542411309,0.5507435696988661
0.1185714123567926,0.5358324447837309,0.5272232515261511,0.394260746561514,0.4524660749945671,0.4375728179895315,0.3894038988549841,0.2706641844166617,0.2625740629166846,0.2853307958284133,0.5715694116459119
0.1295384812689032,0.5440302440136505,0.5345443033175519,0.4194839272085663,0.4267554638886108,0.4152207967619536,0.4310455964578783,0.2167326872086098,0.2841357362619959,0.2787602752513883,0.5576115415507643
0.1378550457416572,0.4579038977567555,0.5221358575638753,0.4246650629271148,0.4324456011133014,0.432448952685878,0.4543826703609934,0.2198964043137785,0.3158333721644708,0.3045006478654721,0.5219275764704004
0.0813727769133793,0.4692835308274444,0.5297453506255698,0.4180177868751619,0.4459379393158265,0.4550337024589262,0.4795847359779777,0.2818645893112544,0.3369556007879454,0.309515746027555,0.5494614093686849
0.1097413642527057,0.4932839256549022,0.5298273402850604,0.4076436274331698,0.4312028937664983,0.4718118737849688,0.4518090588704063,0.2932781330028258,0.3558016195208671,0.2815269850935381,0.5111093192415535
0.134230768748441,0.5071854910930929,0.5188925474077527,0.4015329848439478,0.4417511546639652,0.4850669835642297,0.4391746573205021,0.1758735146395055,0.3167113364182616,0.239283970822466,0.5171831915656894
0.1568769940293258,0.5003982622141663,0.5492548005246496,0.4066906105049058,0.3909698517515937,0.4504039405601538,0.4423125406394211,0.2134474932027359,0.3213259776678258,0.2652706109258476,0.5219806920720892
0.0816818940648073,0.4756377856687477,0.5188352370248811,0.4043454255009424,0.3957539382672178,0.4362307515729005,0.4777370219117843,0.2177758492083351,0.3008213824095496,0.2893038300767043,0.5472388354876332
0.0923080691045657,0.4727592015351202,0.543946949325794,0.4294433878466745,0.3975670783888385,0.4536502939300771,0.4685254347297138,0.2309324674572506,0.3361440759536094,0.3186231135281622,0.5548226247904045
0.1158008640639923,0.4879645144401434,0.5263705090381336,0.4002191245493942,0.3715047415023985,0.4658180570672707,0.4555622128535294,0.2548924680898243,0.3138391793464455,0.2720652671989655,0.5664813858037001
0.1021331508085154,0.5177339103151347,0.5348743923436688,0.3925396833874898,0.3989032576712362,0.4614111057989424,0.4659156397665821,0.2461007999445305,0.2994669846348942,0.2851750025374326,0.5113298996253729
0.0873132380725009,0.4704307158934773,0.5362047274457651,0.4138890963651732,0.3700375333748589,0.4047270844631045,0.4822847306874566,0.2344166304373749,0.324860526388438,0.2984497666323833,0.5488528947700493
0.1118149800703209,0.4621270352570749,0.5242042460111696,0.4184113874867047,0.4257603151122158,0.4117929548325235,0.4615951976478836,0.2148949591809271,0.3418308120118154,0.3022606534710192,0.4746861855568956
0.136562041409248,0.4627786183407472,0.5478998485416005,0.4170686465988799,0.4039416061227094,0.4321277277713821,0.4754195983019849,0.209244684024654,0.3015082943775668,0.2955188895241795,0.5297037647857079
0.1364442777727449,0.4848566195590625,0.5690827726897509,0.4321018660027332,0.425524663704603,0.4284412118013244,0.4387246388884593,0.2590024952510561,0.3225534528643847,0.2480728875919268,0.5642703932012199
0.159399068351412,0.5338178035920336,0.5541649236060727,0.4325205728828177,0.3454652408417881,0.432468260633241,0.4628835017610661,0.2790603799761108,0.2967904721835881,0.2939653288465456,0.552401114154774
0.1456486452354476,0.5320778916961284,0.5459286273709012,0.4243566552111791,0.3968906112544814,0.4427311955442182,0.4886504747965632,0.2840961712857797,0.2930060406749057,0.256836613251001,0.5457087058462986
0.1642007050928883,0.5400408690840548,0.5513240216717683,0.4299384130254241,0.4155683933830051,0.4313106763565941,0.445997563509441,0.2787762533219509,0.313518030969998,0.2809641668347266,0.5456235444726029
0.1702732039719239,0.5087249866979845,0.5501660769240942,0.409629198073012,0.3791575656231146,0.4671736718074875,0.4563804726121585,0.2893891529665581,0.3362349451869929,0.2961726986684053,0.4843843230243565
0.1752756760792996,0.4893204292180717,0.5626904792255545,0.382641682446956,0.41321363422087,0.4724251253186552,0.4705266477942201,0.2653191402051012,0.2986142885932646,0.2719507166553296,0.5077067209947999
0.1812948126245381,0.5146538758599876,0.5723037637126576,0.4224247145516171,0.3724317020206503,0.4234425650672379,0.4853034638330983,0.225685136697133,0.3148083348056169,0.2914602342565199,0.5196298319843129
0.1700648190877172,0.5160652625387858,0.5704478844696472,0.4513520555369275,0.3966935713413467,0.4189160392702475,0.4680167408717354,0.2299684803169696,0.3163688144532142,0.3072515585788958,0.5340183843171372
0.146356151170193,0.4992908479571448,0.5607014299922889,0.4267296108477484,0.4041488108133313,0.4421799196850996,0.4148978592046762,0.2609631288620202,0.3590805079814961,0.3240338744834502,0.5198792986013676
0.1052463550837132,0.4345734911911574,0.5515751038468932,0.4039565646768727,0.4177134505864254,0.4703031688220953,0.4340881862462081,0.2607563724716486,0.3503870436746843,0.3467178254849437,0.5340664243929851
0.1246251303207472,0.4680247325239003,0.5425266861431277,0.4034623330329813,0.4248944626909701,0.4806285912349015,0.4415642919558631,0.3079181545711597,0.3046843289613404,0.3324979554970356,0.5099647678153635
0.1577483543606399,0.4774251410809534,0.5515219217055376,0.4219732502580556,0.4432001627815901,0.438366930222941,0.4760112536079023,0.2902644065879708,0.3353999867249759,0.2586812701681066,0.5126280884752226
0.1213832614611769,0.4782399846488004,0.5200892050932903,0.378208955269301,0.4295946344144217,0.440621653942023,0.4990626707607311,0.2792938699079424,0.3550091399108113,0.2898610121232849,0.5010885179141625
0.1116654231295534,0.4907946180543336,0.5324914644927372,0.3885806509151026,0.4139660590247894,0.4243828120000573,0.4567230259692208,0.2058254219381158,0.3013622033131771,0.2701582882404803,0.4863417849408212
0.1628836213243614,0.5132124739424272,0.560115702417889,0.3898825201170719,0.4353098946022672,0.4706166883788086,0.4639507868616344,0.2372487853843567,0.3322674448567293,0.2555789976740191,0.5216146299839559
0.1410017730478706,0.5069207586357269,0.564533153491235,0.4135606085605067,0.4117883032665272,0.4221918188751876,0.4586467997152457,0.2717607036627691,0.3333105298829392,0.2840420453173019,0.518872175202495
0.1689433575310444,0.5253157896858143,0.5831649887074228,0.4379483547206177,0.4031824893997286,0.4318806006012421,0.459515219190706,0.2633031458902701,0.346075470917467,0.2720046390715161,0.4996513670469979
0.1700984460896273,0.5062833272027342,0.5506543177485291,0.4270724268257481,0.4053553540590012,0.4455665678524497,0.4604209438126099,0.2779621648160196,0.3384483904804091,0.2854117354503317,0.5198139783714062
0.1537514844910656,0.4942918101749284,0.5575621730740044,0.3904792267440303,0.4005901369703525,0.45156891918921,0.477683413496324,0.1842792038497768,0.3205614768478402,0.3179344310079941,0.5283818364649164
0.1564052642443038,0.4834871287857683,0.556637400643445,0.3318551071195569,0.4002600871805948,0.464974897986073,0.4196400387881828,0.2309162009837551,0.3368633468210277,0.259477278955592,0.4818264189455561
0.1138851498149004,0.5012405354685829,0.5160941696998806,0.3711856286840336,0.4265137591372573,0.472654901412502,0.4246101567266844,0.2809683182003305,0.2827087671848665,0.2551482276030412,0.4986957571610559
0.1499751626850104,0.5079801918404487,0.531480790967122,0.3863352230262399,0.3999988381851999,0.4823118351168255,0.4349759903571136,0.1923655927559921,0.3243865680187862,0.2775382203949791,0.519659987788058
0.104601621964027,0.4886690465340804,0.5492350226327859,0.3957442991632188,0.4111672273650426,0.4705164733340303,0.4571467925761713,0.2271933573942973,0.2791514055222892,0.2749188081702222,0.4996645510725191
0.0903754455264302,0.4853741800289071,0.5066395790682392,0.4166640208882784,0.4388864397831151,0.4596633040458213,0.4619439951826892,0.2387548437623082,0.3076995480173451,0.2976851689176555,0.5183623387043859
0.1106426820144921,0.518793332220599,0.5314666459825363,0.3797619023411248,0.4408343173711899,0.4531532109620736,0.4674455098341031,0.2694506918497531,0.3239572618720756,0.3157364952797951,0.530014188267111
0.1258168533792617,0.4590426086020782,0.5360396026247745,0.3819139681418351,0.4151514733561163,0.4593138172192592,0.4409627034670105,0.2774275711438994,0.3010025652971372,0.2931114559975197,0.5382289098206698
0.1009019571047933,0.4714782359243862,0.5407852887966256,0.3794075698288857,0.4116973105057716,0.4748081187531098,0.4776512798735219,0.2604843176916485,0.3109653137162061,0.2625466004822975,0.5161449235636203
0.1169894562214803,0.5118900026944636,0.5577197983255268,0.3888295324123602,0.4197338090289356,0.476928457286721,0.4395125807884372,0.2680328307430358,0.2870725558260779,0.2751626605270256,0.5363610763840895
0.1316313431680598,0.5184680041413249,0.542428903978517,0.3841386729104261,0.4201736944001139,0.4518579402333934,0.4569293420383031,0.2746693780491334,0.3245592950103448,0.2980677816764052,0.5436477892558388
0.1380530053730535,0.5282415402179521,0.5426447521913124,0.3997198649269645,0.4323315681026582,0.457524117613146,0.4579474904208511,0.25779138911022,0.3287467730551473,0.3047793767989699,0.5504698258513172
0.1264724288635411,0.5067364195269956,0.5479496908402011,0.4149058582177097,0.4191478474090182,0.417273331412421,0.4950870107101309,0.2520546360394805,0.2967671237216042,0.2744432896918343,0.5307079495839865
0.1230457283384852,0.4849066639405628,0.5415824078605486,0.4325502245693467,0.4367680095466529,0.4326350064409393,0.4782088020797269,0.2814531145685194,0.3246739953192927,0.2971827517147831,0.531078305246787
0.1378329160744122,0.4861134228703095,0.5643771764058205,0.4334049632203166,0.4038564930737514,0.4340168709025419,0.4521618821497559,0.2674570629456606,0.3550422216189205,0.3016447510098335,0.506516251512135
0.1192797100144342,0.5028405321810074,0.551735951629869,0.4435877368404665,0.4099482641064863,0.4136371330805409,0.4625781964549656,0.251333839840436,0.3542499651502775,0.2795726921441724,0.4915731014775241
0.0472724888696871,0.524324624205058,0.513668824803663,0.4398746120904243,0.3981111737010062,0.431650392487436,0.4435598229241417,0.2463029315772129,0.3228571040685453,0.2626842378762483,0.4895751191534955
0.0642326759010165,0.5244927545542509,0.5570447030327373,0.4392756266154559,0.3805626029145695,0.4229194380245107,0.4602728158530457,0.2530082838268317,0.3290423880028047,0.2555107017202602,0.5180669731211839
0.0777702088027172,0.4698820631330768,0.5374580243999164,0.409836477161197,0.4131763362198333,0.4500867953737062,0.4696181739902711,0.2645680164708011,0.3371643705498,0.2721221012063559,0.4869451410188913
0.0967319288990203,0.4646795009262642,0.4949195962390481,0.4184375447371791,0.4259991021132118,0.4569333141370473,0.4769006628398773,0.2602554108929344,0.3368355976694938,0.3012134573837127,0.4890652123132889
0.0915042862228127,0.4540765471835633,0.4985089943864924,0.4280268620187348,0.4210443355679757,0.4712070231402731,0.4870739320353509,0.2825262540521167,0.336795440703971,0.3171936035969672,0.5208257597429656
0.109478525682793,0.4540931733676207,0.5365215117765665,0.4314578519916655,0.4465518550832029,0.4722902095854858,0.4729043575081053,0.2861153405843005,0.3426016150383195,0.3175968468058514,0.5314976756606664
0.1286192373990444,0.4844116822656036,0.5335797729708934,0.4322520941363356,0.4481912781393107,0.4449259481072887,0.4856751980721397,0.2856639543215801,0.3427964395147799,0.2590412637568204,0.5381632719180036
0.1114918475879433,0.4929283648177252,0.5127340355009344,0.4384983568435326,0.4513732468756644,0.4386521257437493,0.4900060877155717,0.2027162440214045,0.3220133585051142,0.2591783717946931,0.4852949161123446
0.1543225054682062,0.5229548459301464,0.5416061957065231,0.4162464788184153,0.4434577354386243,0.4402879464474858,0.4652752371033816,0.2314633715344023,0.3221928992001113,0.2858843831268289,0.4944091919288229
0.158240388409409,0.4628134841176377,0.5362810942302808,0.4295168340753051,0.4345030288551369,0.4504599041871431,0.410943178729337,0.2326062272400297,0.3383682053757503,0.2912588180615501,0.51444553954494
0.1349725350057111,0.4905517966564406,0.5336126042624137,0.4313018949866499,0.3993228736007307,0.4664460324796126,0.4395304650682595,0.2349022430343014,0.3623991921664621,0.2865197451571584,0.5330420403761753
0.1337266600548709,0.4917468041932427,0.5483667848367445,0.4252514143602767,0.406078176000505,0.4469453358320146,0.4537321084004456,0.2623248433076382,0.3275755496392021,0.2066214385376705,0.5154184442604209
0.1388171759809351,0.4607627357253255,0.5653579387709178,0.413810468239793,0.4221344691391377,0.4464807154994048,0.416409482427498,0.2657136863056495,0.3441862779916664,0.2722402283601324,0.5290193161894219
0.1671058854052502,0.4761262611335527,0.5253595319624459,0.4050443047549434,0.4137674837788022,0.3959049460347602,0.4584073036549841,0.2595622140866712,0.3579637424909365,0.2860931493560472,0.5366677657237529
0.1118594115362735,0.488262173216845,0.5557121995861773,0.4136717050392262,0.3991013688761926,0.4566852138928995,0.4696181289624243,0.2458974831275942,0.3603386535217506,0.2572750078644262,0.5368614277847668
0.0973273933539202,0.4376715441521276,0.5459604011902021,0.4222017467570746,0.4024448727517801,0.4709922558820752,0.4705624800853739,0.2503094950727637,0.3132779404101216,0.2857839461286425,0.524361660185651
0.1355695018040677,0.4426159719504509,0.5569399524524808,0.3769937283491017,0.4125627882888749,0.4369083965694781,0.4856970119777016,0.260243681890228,0.3177877238365856,0.2918212182514003,0.5266444168013232
0.18098412419867,0.4698100495296481,0.5770048821471572,0.3991310530637856,0.38699318107487,0.4538968010503239,0.4878021666296162,0.2393273191109393,0.3282556430836155,0.3074043558588921,0.5276980122107848
0.1298701448473012,0.4844423476571342,0.5776423406212412,0.4070649195488734,0.3912352233187697,0.4451230154326363,0.4933299996640576,0.2041106692241636,0.3365574243479347,0.2752307976442001,0.5395311992398042
0.1497275590498443,0.4989457024315737,0.5827457770313583,0.4345543788993097,0.4152004085785189,0.4742845814777902,0.4598495677274524,0.2354574945520728,0.3370700956344034,0.3078943998276214,0.5192379376622853
0.1318822668067338,0.5127716388641749,0.5226253197465032,0.4139137751342829,0.4284803252838892,0.4009024603456129,0.4732182804231327,0.2259764307575942,0.3042409433287231,0.2850391873658113,0.5446132422726777
0.1377922253592294,0.4574989399835253,0.5448383254936384,0.4264766895935876,0.4008160366830074,0.462315451003241,0.4523209100745326,0.2715999530520471,0.3043982277856556,0.2806474473733666,0.4877229101512261
0.1106906558189443,0.4953110429943012,0.4848219591432647,0.44030252718059,0.4066012720333453,0.4379659969612524,0.4528715483173295,0.2969718783070602,0.2969784289215289,0.2570588780407146,0.5138464448126545
0.126197777634889,0.4230291336692366,0.5214191544499827,0.3910656712553156,0.4247476333095858,0.4701861746959909,0.4722688093773347,0.2775825683776523,0.3182289130913664,0.2863632113697644,0.5209035902230512
0.1308770911085098,0.479190004160599,0.5495733667036875,0.4117392642944206,0.4174229692859738,0.4799251467048576,0.4754255160097852,0.2874126121697729,0.3680997146458441,0.281421258952314,0.5103748508269916
0.1128115764000493,0.5020304539933965,0.5549241007735475,0.4132944141852593,0.438664045982499,0.4200987861981454,0.4824538112850768,0.2819857122460009,0.3277318469089527,0.2764748767765935,0.5259275759529856
0.1385910585192728,0.4903205155448701,0.5364820877251241,0.4340187165808243,0.4467387932919689,0.4510244450350831,0.4933776111354243,0.2212044802934906,0.3586689394262916,0.2650614987361183,0.5363310397077232
0.1516670891066661,0.4893931364468913,0.5165392261965311,0.4063946656271691,0.4173256573888593,0.4724476795640205,0.4676253493930415,0.2442589878858798,0.3398675150111455,0.2881026662916029,0.5078748939180268
0.1114058122487749,0.4465128550876013,0.516871694058163,0.3868338071966326,0.4214224043064493,0.4835584092248257,0.4538419845344511,0.2438395403849604,0.335842362739408,0.3136734409794791,0.5172612048556134
0.1324936406033133,0.4904992644039233,0.5167435482115483,0.3988023266236711,0.4128886574086736,0.43562886926632,0.4809863560797086,0.2824931605562054,0.3375917067044995,0.3058380985510581,0.53072136717665
0.1380468310961832,0.5009454462150866,0.5382287002409326,0.3919929332638367,0.3766410764707923,0.4778575279214597,0.4814073973213258,0.2962188292089937,0.2971751024399134,0.3083908956726836,0.5115044122813313
0.1560865062506879,0.4842347137618919,0.5480810781094481,0.4108919731747978,0.4080189920247043,0.4453809632355706,0.4827417929620149,0.1968110039155021,0.3133492978095502,0.299492689709437,0.5361050527787512
0.1493535037164095,0.4538628264521938,0.5381109133020044,0.413541193233178,0.3824921942688395,0.4461333448018028,0.4676451350416539,0.208129984181026,0.3259569555423866,0.2858019820342519,0.5447514022819091
0.1402079167856481,0.4902070704049986,0.5691974908021773,0.412723141339596,0.4060934915075066,0.4725692301017585,0.4852027980014861,0.212127224296375,0.3275541210924283,0.2810684146193107,0.5479997579614024
0.1216244819032742,0.485266459932862,0.5356042809437074,0.4217652112562545,0.4216710592833991,0.4629791317016414,0.4602941927305469,0.2473328308896832,0.3493406836766082,0.2718837034582123,0.5270276023234861
0.138323737612944,0.5227196128979255,0.5349244444366876,0.4124497647486098,0.4315062459848585,0.4774652410390419,0.484396753001319,0.2571823264614655,0.3500871669618741,0.2980042315293008,0.4776003940192007
0.084233983970633,0.5021409458823325,0.5506923990775263,0.3890931602260812,0.3832672054164872,0.441645974573839,0.4587751112036087,0.1846857150912713,0.2812297494887593,0.3108672265854279,0.4965123355673931
0.1110601291071126,0.5312307186383278,0.4907005596948098,0.3916321527576172,0.4411721162660865,0.4597091179695775,0.4524954893347844,0.25169845189942,0.3174553802652659,0.256335294348344,0.4867043419683556
0.0779665055497055,0.4996672374881299,0.5012282089764774,0.4088789170709747,0.4121813309461372,0.4388217668148668,0.4644416856235029,0.2551478491643826,0.3188055216347811,0.3081244503088329,0.5083360549589417
0.096878200035148,0.4767019736679439,0.5283380405898781,0.3903464540587746,0.4121595795463389,0.445276183744331,0.4857649724661776,0.2392683304213268,0.3559187817224074,0.3177101023877874,0.5204527997942145
0.1141819509276942,0.4798847376186668,0.5003135733455969,0.3834976997992296,0.3828756397113398,0.4706941005736899,0.4740896337067602,0.2444903379470887,0.3700242917804183,0.2585700823715001,0.5255430574602407
0.1417727640576388,0.5026251402501141,0.5110554700377552,0.3898661332553793,0.4216509306062524,0.4301325288394391,0.4644838934899666,0.2629942951112999,0.3368602478756839,0.2709227501285184,0.5224219556330828
0.1320190201993438,0.498120880689659,0.5250062760439773,0.4089063325971462,0.3968968566754858,0.4312009402158427,0.4727037213109222,0.2162293405228179,0.3372628106223523,0.2324269175195194,0.5316013473574435
0.0966742710739547,0.4995414267520404,0.5293666904329315,0.4008447727288345,0.3822449707622877,0.4505965776003674,0.4230389151774348,0.2563774373155867,0.3652177119463989,0.2534120260518072,0.455386972483248
0.1227479377112696,0.5072070594540989,0.5466763735226459,0.4198119263366646,0.4072196414510216,0.4203469463526737,0.4408447165448032,0.2444002684375506,0.301579678596613,0.2785071034364355,0.500418449250883
0.1174341120250219,0.4885641918788361,0.5387067761724131,0.4179774465356604,0.4105076263970411,0.4490504436034598,0.4515802544461682,0.2505688305691709,0.337954175020547,0.3049155698773099,0.5021341400219821
0.1140062463715556,0.5012673699347114,0.5498332309835192,0.4015770948375643,0.3978119380774778,0.4532348643155615,0.4679682593694242,0.2742500621337534,0.3332647896612158,0.2789257972683671,0.5419375473256057
0.1125521789674467,0.5017307713289945,0.5337161990658768,0.4076412773451917,0.414129070708355,0.4119729740937174,0.4871466261708754,0.2762362567513822,0.2906232205601295,0.2916142014758511,0.5151981478149424
0.1221682204354583,0.5022768292915101,0.5229289729133362,0.4147623205836976,0.3873580816954676,0.4321424020178555,0.4921658077819679,0.2376399534069207,0.3090114266175517,0.3099842361414766,0.5308939548792568
0.1004755190315979,0.5206885491457227,0.5343004593307885,0.4176507275825467,0.3653736584649649,0.4437398643520531,0.4794868890458683,0.2744821049324421,0.3255477787617891,0.3124940084835109,0.5088814155242956
0.1297002814468342,0.5140806312497338,0.5533556297545738,0.4274592985183548,0.3997120540010437,0.3886448643921647,0.4483534692404734,0.2780978888230914,0.3582753316872099,0.3268055577669376,0.5164168571685699
0.1289295068569188,0.5022146448193348,0.5583436255278558,0.4330934486775635,0.4252189177621048,0.4407553432392135,0.4625897207284253,0.2898956561771932,0.3643422872600019,0.3029323788031448,0.5130682094581683
0.1434046610674672,0.4604338416856727,0.514770201846823,0.4183842215676718,0.4119103681302787,0.459631961036118,0.4713461026216244,0.2817619463227827,0.3402905005459662,0.2916923989724938,0.5338837201288588
0.1296764656163248,0.416429893639651,0.5402775057892505,0.421789347450704,0.4361879079219071,0.4543743033104152,0.4786774695097168,0.250950879176476,0.3373652437508189,0.319806713124481,0.5134341872027016
0.1349821807855294,0.4569924911241278,0.5579321172624481,0.3783079335706221,0.4326174880901884,0.4299723108500705,0.4218914233478285,0.2412359481346593,0.3427873833437878,0.2896597539489399,0.5167231303431641
0.1026753271856069,0.4766810953564774,0.5399110800802214,0.4211347254037536,0.4151013568724517,0.4219961964061083,0.466592245742829,0.2476054549622491,0.3492558057604272,0.2504249651130446,0.5381862096037227
0.1294875460556517,0.4713032360714052,0.5339551457939563,0.4227996099595498,0.4245520802927083,0.4264427439174483,0.4399824797566811,0.2542068490528874,0.3246443152103495,0.2909710398637342,0.5335577091506792
0.149965818344865,0.4905451596522996,0.5527309796686606,0.4234045837491075,0.4391386239604332,0.444430270915924,0.4636765061644774,0.2417176994112833,0.3533891430061801,0.3098797015095619,0.5273788696752129
0.0835086913009134,0.4851024434800193,0.5351732293066535,0.4267928648614614,0.4455002486660155,0.4380124726526756,0.3981906202058633,0.2573090709675201,0.2852463223125057,0.3240903193405215,0.531096942114681
0.0976577727681627,0.4877654568785466,0.5253729068794311,0.435159338635924,0.3352988596548746,0.4347762675229955,0.4216420251462995,0.2582526730614727,0.3200254798137983,0.3242834916154059,0.531329744854631
0.1138117816981764,0.5022440642896067,0.5279558742282879,0.3683451419127055,0.3844813020596477,0.4457749446050438,0.4485249524877564,0.1937907571710193,0.3427058553015424,0.2783311931747883,0.5397822702666684
0.1454626800451295,0.5037991737138912,0.5320943448265688,0.3960605003161489,0.3966503890221401,0.4470972827112894,0.4504346850221498,0.2548806349815223,0.3414967707626085,0.2456506194643074,0.5309097644289562
0.1031721130078954,0.4897211691354468,0.4887110283632914,0.426396581355921,0.3943231906472048,0.4173863682858849,0.4695254509791596,0.2563694971412815,0.3372765537239748,0.2655674422069308,0.5350915058582164
0.1177976544637072,0.5122588502831764,0.5207842700205965,0.4365571118123792,0.4206505028876716,0.4395119790412247,0.4727656640687747,0.2356326980277172,0.3076791742601354,0.2913605956143804,0.4655422410159862
0.1473746247427184,0.5220705305756342,0.5400040720812443,0.4289952560190957,0.3456588204284902,0.4616787742096617,0.4977100670211505,0.24459555896585,0.3220191615857972,0.2212981015744529,0.5078194269431302
0.1243974893800095,0.5007249798606288,0.5596473364250476,0.4009194451639476,0.3615748622851082,0.4641886244940702,0.4665992929779163,0.2087304006808395,0.3444066787786765,0.2803749869201422,0.4961608635736567
0.1543597645944532,0.5288635590325007,0.5451206334062313,0.3985011551149431,0.3848473469939404,0.4702015058655579,0.4505101665325501,0.2339560175011174,0.3578719777486928,0.2539215035734697,0.5104189841915783
0.0951277096658739,0.5183258133561255,0.4949182472649606,0.3909294938514477,0.3900964509201622,0.4715794981828526,0.4049170616788031,0.2684805603472966,0.3071114315531609,0.2699397658220764,0.5120460647375247
0.0974310004249502,0.4565662832685909,0.5032116284751154,0.3962445650468863,0.321651393638878,0.4780572050021481,0.4286055052794671,0.2715491301385402,0.3173648741251733,0.2849450509720493,0.5193141368026999
0.1154885417400864,0.4806833239165343,0.5261328315986673,0.362907418937849,0.3713863257686605,0.4357327685231916,0.4452477510514327,0.2725922688351834,0.3511049627719956,0.2849849232409592,0.514529801167681
0.1222035382976401,0.5024545127749066,0.5416071311043149,0.3758504426633404,0.3733347645076145,0.4431831558149482,0.4372970008779879,0.2814421786079157,0.3442087812093418,0.3011109439180799,0.524874313548483
0.1324137475656222,0.4659970768680522,0.5406056309251767,0.3998198501617565,0.3896445230072758,0.4735648485924772,0.4587205847846445,0.2809690823098478,0.3578174791355439,0.2863468831886597,0.5443440225536389
0.1359732381530107,0.4765185843899618,0.546360476049373,0.3796058346285654,0.4051534587965665,0.4757768262213562,0.4389614098814777,0.2623272359346213,0.3318892268625497,0.2727347375788582,0.5504532557753635
0.1392205792365466,0.4966779311768755,0.5518573290607134,0.3797433765523551,0.3852476238927816,0.475885338383771,0.444277031563569,0.2207916035804086,0.3122938150600024,0.3015084708578016,0.5005011427685689
0.1490442512693948,0.5028988222269279,0.5557093304970753,0.3857514723051347,0.3951419135432577,0.4599924359196669,0.4509485184393021,0.2744893339767935,0.3328812942750867,0.2714317542981703,0.5061024025852692
0.1064754478851514,0.5037621475750633,0.529373769379007,0.3980277828426074,0.3914985245475115,0.4632743088783927,0.422324368090372,0.2204799627416557,0.36137065251934,0.2867132046257258,0.4980771446091975
0.1207783877876584,0.5010299992991548,0.5270596162549146,0.4039080971699967,0.383749929377809,0.4495478774916693,0.4467407333021723,0.257222814579494,0.3435049333697305,0.3177623081949122,0.5000728917240302
0.1284076040799466,0.517032580585182,0.5470863454111519,0.3837069487888211,0.407985001188674,0.4682612601851324,0.4513272853129393,0.2627084453181586,0.3202254524217014,0.3371863288039745,0.5039804302453601
0.139695082259443,0.4991748049605693,0.5172535862124719,0.3942559537683222,0.3618680507505134,0.4683016749325748,0.4775989089383241,0.2646197496241002,0.3459993065105623,0.2913332666561512,0.5324087379182185
0.094079088350309,0.465927003082426,0.5283289007188566,0.402050932972862,0.3733035024852954,0.4694570265643326,0.4392590112089075,0.1960700654559015,0.2676838039711804,0.3123384082630855,0.5050039501310642
0.0876397208916883,0.4674626259148194,0.5362935847990471,0.4083519749726573,0.3727538931960051,0.459519321632071,0.4349949461360069,0.2266186851746079,0.3252869264959923,0.2928545117150388,0.4520223694673638
0.0961269181911739,0.4607975127428289,0.5239183911688714,0.3744037005333131,0.383248388441792,0.4444239630030772,0.4644133932182764,0.2798711117494423,0.3264842809117424,0.2805615185022821,0.4771342031528625
0.1006935488363915,0.4667905453974826,0.5244147403442111,0.4097324261199697,0.4179606513670615,0.4526973714668784,0.4622008422874155,0.1876078219370579,0.3305582089776134,0.2623379957429532,0.4814189442534345
0.1249988009250602,0.4886937992352015,0.5494098038318991,0.4376302390878365,0.4029552756524561,0.476312902456168,0.443934682046308,0.2113611168720657,0.2996730990812017,0.3010856557364318,0.5095532315384264
0.1290887028646299,0.5024134400542988,0.5360944847748209,0.3989325130757207,0.4061040856623581,0.4368554946342252,0.46941727669105,0.1925950258312547,0.3403026728421609,0.3104708273321863,0.5078439907993535
0.1421077329236472,0.5105203674941767,0.5433139508700744,0.4167033126924465,0.4216135158134332,0.447164312329162,0.484461843001961,0.2410907313071791,0.3358853987764573,0.2837520196063049,0.5283593193637013
0.0748148296269987,0.5118732155437267,0.5340547879493938,0.4285650316892703,0.4099402911307196,0.4612265879602035,0.4649578231153467,0.2512407148677192,0.357817992232578,0.3071665878128683,0.5203589486630497
0.1056162030704472,0.5228513692819665,0.5420047289652853,0.3855311814826674,0.4187179979846111,0.4389587318536588,0.4632772232971917,0.2657025988090341,0.3664449831399454,0.3183746396649711,0.5212692844173554
0.1354077784413441,0.4907261755724637,0.5484208734654938,0.3914731308365103,0.4059656326753375,0.4154693630706833,0.4644873934830658,0.2628358928366622,0.3172203156919096,0.3220252032903672,0.4788220487339324
0.1463975802261076,0.500159629992425,0.5305427438807232,0.4006467206906753,0.4166951606516992,0.4331226816334924,0.5030455630151291,0.2612123309323175,0.3263234549549398,0.3360929715507657,0.4859088234674227
0.0801000907338567,0.5038409243942985,0.530614318496558,0.4032077423261018,0.4418180864296884,0.4390628103584363,0.4461324435868193,0.219941480894798,0.3490734537652831,0.3286492425832409,0.4347776947951693
0.1035751812728077,0.5069414326070625,0.5150949296399986,0.4070012361731279,0.425872184699253,0.4349194715744895,0.4656276024195424,0.2323619848254997,0.3416056266421765,0.3344703947386963,0.4644950212536521
0.1323101292344937,0.4334692942780819,0.5459155774952068,0.3999738671279663,0.4264477049969989,0.4353589412931999,0.4903487077127462,0.229811053387367,0.3491073711594174,0.2726281306207595,0.5024999105555058
0.0482954160756266,0.476429564616168,0.5428629211828623,0.4091270327353227,0.3794525718380336,0.421587009722719,0.4798111460744353,0.1924680450334079,0.3504249841059796,0.2996043569938901,0.4735417357340982
0.0967409124917463,0.4776212805692337,0.5132407432637054,0.4023927751319122,0.3928566139530374,0.3891868342600267,0.4817371781296375,0.2250702745462317,0.3172283874381811,0.3216615580792371,0.502310185959089
0.0980680776891468,0.4776272014760445,0.525207950018618,0.4072719569034889,0.3998250327378249,0.4269144744754289,0.4785072402558653,0.2606503280527785,0.3358444840018742,0.3581992025052926,0.4974257420684791
0.111820039708461,0.4754921128214806,0.5490774521828441,0.3623825222997303,0.3696851229642408,0.4453779733388764,0.4497644600119835,0.23078780471805,0.3362317021141663,0.3262293575149809,0.4677354364023688
0.0745410258056735,0.4606761611566144,0.5284176036794366,0.3704660992144246,0.4003283691511256,0.4319702314166485,0.4718945685082396,0.1854019413141948,0.3510077246011891,0.3639159407003426,0.4836742346028426
0.0948270766254814,0.4737768176783175,0.5787840537792637,0.3722515674140712,0.3611046553640353,0.4323792157454404,0.4499109758132363,0.2350848167535239,0.3813968979848356,0.310036052987973,0.5059184541534287
0.10184806562744,0.5042230374842049,0.552455997756903,0.3954296556062629,0.3884463037649484,0.4628438806331391,0.4874261256641478,0.2505723688388369,0.3246409912382673,0.2442891949340017,0.5312409968759213
0.1110722317330306,0.4668483319437957,0.553067121440179,0.4002272224789792,0.4324485180483864,0.4446581472230546,0.4683208086553115,0.2742982423458112,0.3161117837699266,0.2663500918150603,0.515385259341744
0.068253883152601,0.4789420979055165,0.5649363509465922,0.3955496471295838,0.3982844264872313,0.4542217156331322,0.4728616298152167,0.2654797696273265,0.2971476703480721,0.3027850149471086,0.5320995143694498
0.0809652752583152,0.4920769402923774,0.5398367967085396,0.4106598172070953,0.4085990415398791,0.405204691665933,0.4775068421999813,0.2515223866184807,0.3076564251388978,0.3126919985735332,0.5237123942361352
0.1056191247434092,0.4422238587398931,0.5558761921949151,0.4115807744087125,0.4098266317430818,0.415582399968696,0.4793487921788216,0.2239053331273849,0.3309110792569808,0.3220386499360302,0.5348265619465733
0.1306252050834057,0.4492957132938633,0.566706004615325,0.4048769540300079,0.429611067220651,0.4485528920726969,0.4903311866847227,0.2769309013387953,0.3346241453477583,0.3246224110695079,0.5019264962436202
0.1334949018635389,0.4724878148380952,0.5388200526397166,0.4112013791877417,0.3780465200028347,0.4686390929373544,0.4924875024423029,0.2456418091238789,0.2974831390934648,0.3313714678346135,0.456848329856639
0.1458172690903406,0.4906864575842823,0.5695423284573772,0.3919894451937101,0.3772523467568558,0.486647794944514,0.4959673548467471,0.2379929331778177,0.3020725335708517,0.2960719690998099,0.4845421679484672
0.1458275879699098,0.4548434049951532,0.5227747443564729,0.4081129542492491,0.3985460988029704,0.4507342000588195,0.5013838619427275,0.2268739557752708,0.3155140389281015,0.2388634339535389,0.491952530278159
0.1175746575093419,0.4562130347774153,0.5498259294759849,0.3702246454246431,0.3680178436989662,0.3950973664479656,0.4587491788085779,0.2640903427275659,0.3378320119107663,0.2418871220369054,0.4953742116282266
0.1283660680136427,0.5055053266811128,0.5440141853113072,0.3784030176237951,0.4024572838254723,0.4115705361439281,0.4672753786527729,0.2672608201918993,0.3207311159580724,0.2606552637977206,0.4770687002195787
0.1369038034142219,0.5080107117388271,0.5540599225389193,0.3798422237262732,0.4199160821969025,0.4252355585094411,0.4573405842534127,0.2544409923163044,0.3236170994145314,0.3185805170762156,0.498728413677671
0.1309369057477217,0.5090322386006445,0.4900674680672924,0.4086830632753191,0.4184123732856547,0.402979995071872,0.4721473429353161,0.2536824992120722,0.3377444145692517,0.3077009035113424,0.4919889101412056
0.0849024310607027,0.4782825757691576,0.5167007664134071,0.3777620055446604,0.3884145879384624,0.4174431993424404,0.4425113293750269,0.1935077184840032,0.3415732339496233,0.3257570831656102,0.5076174011219259
0.0973036426807698,0.4802378066777865,0.5007203786938131,0.4000434018470888,0.4185441939085299,0.4123274438295899,0.4619791044816137,0.2092811278123183,0.3847646086528535,0.3286133142600179,0.4635022929699439
0.1196234600492329,0.484474088730389,0.5385158711383093,0.4051878068814207,0.3993886496273298,0.4207276655939491,0.4852079283834749,0.2264326525600086,0.333833352984674,0.2935213657791344,0.4942966913561523
0.1362752063862241,0.4734774469646156,0.561960465318796,0.4118679559642222,0.3821768484895639,0.4368004047077565,0.4093387952164152,0.2483697810294212,0.3381296711699437,0.2526185970609824,0.4895644084532579
0.1166560128454016,0.4918880561613849,0.5071909515258839,0.3972766587351674,0.4099604377076713,0.480917158596076,0.4545691221719733,0.246372345951749,0.3411388246890122,0.2623331633254238,0.5101458424063268
0.1216358519687565,0.4966359972048051,0.5314691402274678,0.4320038061195457,0.415627908430722,0.4016370227554291,0.4619494549162315,0.217286577243123,0.2995714748277629,0.2559134045338895,0.5009791786282684
0.131337790731049,0.5069603600978925,0.5423769635942113,0.4236931857496822,0.4360393668840442,0.4344981072741534,0.4567906773473322,0.23356089180471,0.3417647016379238,0.2933662445107437,0.5078183932676658
0.1569524736336403,0.4981165306135647,0.528702333831473,0.3833816520151835,0.3863585954068252,0.4368253471577366,0.427562984333416,0.2585186027249379,0.3206508001553041,0.3204091813130512,0.5159673879491632
0.1263716035978251,0.4839433887806572,0.4812633196463206,0.381472244862014,0.3947794163702603,0.3994626216909691,0.4515274021706792,0.2384900846743919,0.3237001013192139,0.2802401211549744,0.50408276764952
0.0819916787184168,0.4230800361717455,0.5100400077710125,0.4080424991371875,0.4041527340617079,0.4343717529216591,0.4674798812379067,0.2456115158539311,0.3247915825467405,0.3080844198668206,0.4737415249863058
0.1450874136540978,0.4745958681490408,0.5333018192133216,0.4034185098135027,0.4092828851882338,0.4502322116721711,0.481653994658055,0.1719858588133521,0.2859730538531942,0.3181010657871201,0.4811291356938667
0.1283097408064609,0.4761008693921654,0.5409425229147531,0.3872994118087925,0.4266760536765826,0.4371886185356871,0.5056837507358334,0.2341244333499603,0.3083971028433806,0.3002188623653606,0.5058666897729931
0.1392551551794821,0.4892093557219324,0.5389968562720038,0.3190340614788865,0.4326941307782408,0.4478818075003279,0.4521267286166691,0.2576611907154883,0.3021535595862042,0.3028707210525523,0.506424521437352
0.1247056798043655,0.4855740755965518,0.5590915268535661,0.3794942835575473,0.41284276527113,0.4606639774960782,0.4667066623698165,0.2869877127863959,0.3057402208053407,0.3201802371371738,0.5263264006728955
0.1373788387346381,0.4405003857761084,0.5566008316886278,0.3939450364246226,0.416892139538065,0.4236791313295032,0.4763655983121568,0.2568578503538757,0.3335051185826875,0.2776303576990872,0.5374061827421394
0.1170886192440233,0.4590140071816254,0.5657418027830714,0.3720662330615719,0.3561021936245101,0.4265428147372495,0.4590362061835009,0.2429667425981928,0.327897667920837,0.3158049859439358,0.4642413160678441
0.1322163451412569,0.4757211369467422,0.5093437458535399,0.356337361219453,0.3822108083146472,0.4304486578162328,0.4680225824412959,0.2551360975997834,0.3307676594544854,0.2982414689187401,0.4916748181017633
0.122914665901713,0.4697331518580964,0.5128977587782617,0.3849561133468336,0.3851880175012184,0.4466429765965917,0.4642692479038517,0.2185327813142875,0.3740926635552566,0.3041543861474098,0.4986075570127156
0.0656674668156521,0.4744429640241718,0.4977293244594601,0.3923923641615537,0.4078234832030838,0.4385835738515264,0.4646121752109867,0.2416992304131114,0.3054790632293855,0.3132224115368999,0.4998867071034413
0.0960200619668433,0.4932396247552582,0.5005266748413433,0.4010704789413269,0.408704734753687,0.445645859637283,0.4437648500002767,0.2309545362918644,0.3279428443127281,0.2448592309552419,0.4924936587989295
0.1384783103168056,0.4754088458358027,0.5424815840297028,0.3610073661566297,0.4000983759474126,0.4570087513369605,0.4683336646042987,0.2326506165338798,0.2945963240838807,0.2576510990126618,0.4946734781229039
0.1019796962592066,0.4671690288220295,0.558460610177199,0.3939183221080126,0.4191044276529772,0.4747593089474469,0.5020805994816122,0.2348627661025664,0.3292624648748762,0.2952284203616945,0.5177988973632615
0.1238468945404506,0.4741953423998115,0.5668845386412724,0.3743970578709386,0.4451250013063165,0.4529746990265519,0.4919722704541328,0.2352530138950978,0.3385754524548647,0.3056168684938004,0.5473397350335789
0.131008321761964,0.4732294122360451,0.5057576233623433,0.3963884340677702,0.4380180658206237,0.4478090205223318,0.4693261602984685,0.2522044131540394,0.3501678748826604,0.2846322222769704,0.5384954107374873
0.1466665033010499,0.4873104935688924,0.5392935989152933,0.369762697968818,0.4030875772862389,0.4635269939915981,0.4663794067025429,0.2515112943388264,0.3535991340554414,0.2926818167704011,0.4440276839291411
0.1539721933773383,0.5129566471056406,0.5486194226886438,0.3900841833144512,0.3755480767672618,0.4717245825069412,0.4962487872720841,0.2441803484819866,0.3145596712180417,0.2998532006790212,0.5042254665543522
0.0697740746050799,0.4798787882896707,0.4972347897281172,0.3851617229472421,0.3997386457281582,0.4862887735368734,0.5009532666244845,0.2499164097774035,0.3520370389152258,0.3017458233442268,0.4927686978861906
0.1328846894620568,0.5176734421252234,0.5256512137718621,0.3992780502789072,0.4142445394326566,0.4905519350044909,0.4311314854261036,0.2333711224136616,0.2832810444394866,0.2739341692220289,0.504860601624471
0.1095649786574488,0.4475269269028976,0.4796833894249671,0.4207029005608852,0.4228296481896617,0.3726809118908946,0.447062140725451,0.2822933265635194,0.3266482887612658,0.2845548262936124,0.522377555543178
0.1126024696694986,0.4444952259739853,0.5147192560412881,0.3950261525668769,0.3976890756845413,0.402127460795416,0.4824151631555434,0.2318176684746425,0.3324986519197194,0.2754369121837831,0.480453389676566
0.1104070212971652,0.4506429125571196,0.5397083011018933,0.4087260120483942,0.4091405852916872,0.4131005019279627,0.4382352824924728,0.2408499866012006,0.3282342154152456,0.2945801570560324,0.480574593362957
0.1104268006354307,0.4613827869866833,0.5164019846721796,0.4175719862329327,0.4388608702181994,0.4303891069742002,0.4617630939133461,0.2462181319200829,0.3516104425334826,0.2852771502797045,0.4820117211787428
0.1225355150208067,0.4847875797120837,0.5275676005758646,0.3830845130871184,0.3970271912862518,0.4447518007204748,0.4677294622855248,0.2255338888848625,0.3631991149233879,0.267504636093308,0.500556808642684
0.1246205129905147,0.4949093401850233,0.5443539328417325,0.389944312797981,0.384486338405217,0.4168717291287905,0.4676280690962278,0.1907137664677149,0.3095536551285661,0.2723000484265253,0.4910196823982659
0.058372307235296,0.501206701995587,0.4965692381332743,0.3960537599313041,0.4253270738698975,0.4383934916126483,0.4834316955450073,0.208590170775801,0.3418873080126059,0.3202644311587799,0.504198479635574
0.084993111591292,0.4463151078728069,0.523392371828677,0.4008470033288314,0.4379127419996543,0.4579737645311427,0.4657541555492906,0.2335969052602913,0.3572978789199574,0.2814250666331166,0.5048459850065911
0.1291076837714599,0.4823512985479841,0.5344592871069651,0.4010801581562104,0.4560797657792957,0.4330829406195277,0.4756962117437142,0.2412513577982259,0.363871413964713,0.3081841699328894,0.5085918318753766
0.1015910858049151,0.4881708419995664,0.5466773701328329,0.4087146786744492,0.3652596843481658,0.4482338611326582,0.4519559669168921,0.2611049850601311,0.3524697731225037,0.2848429506874411,0.5288315173207647
0.1079705374761053,0.4895365860837723,0.5567638363329723,0.3688179414311672,0.3793875161227191,0.449078957431399,0.4340559830892376,0.2671240539593403,0.3575345526287523,0.2907301125950869,0.460025683316717
0.1286156038269369,0.482674013725577,0.5505297969374311,0.3934744919545393,0.3909737521461803,0.4429465235783391,0.4633496881827574,0.2004542346689579,0.3494399610337275,0.3237676378471337,0.4726661121457473
0.141739811995986,0.454735195374872,0.5471529748114344,0.4098064122020403,0.393600183356976,0.4253395896812374,0.477569094664024,0.2363270946389629,0.3505136661848096,0.2779533219393306,0.5116694717942744
0.0557153381248308,0.4759801695104185,0.5474667687761396,0.4049312323069289,0.4045128797521015,0.4646791281599007,0.4510756874057164,0.2389180842702125,0.334162708472971,0.2845021973293102,0.5233907217695393
0.0969168929963761,0.480702474437621,0.5665932482124032,0.4100489306796215,0.4005260972168483,0.4611601790253342,0.4814062563158107,0.2417863629683754,0.3492099998198282,0.2846144396780764,0.5141567971108854
0.1221737106962123,0.4710313274182323,0.5477063510925306,0.4197362637394303,0.4170153128379807,0.4118748337420465,0.4665725127980923,0.2292480926412025,0.3216709405946619,0.2892082676318499,0.4572360224598132
0.0917910923775896,0.4721569703202796,0.5482664301875529,0.3647737643890914,0.4051661580884892,0.4357782982762099,0.4670218140628855,0.2347994343170295,0.3026072599024955,0.3010143393709024,0.4936029553632945
0.0740395904692135,0.4858172384429818,0.5464285713636411,0.3523638055059007,0.3972942248814812,0.4615674898892148,0.4732403142934803,0.2548990037221231,0.3014026760381616,0.2915696028061087,0.5138956722812865
0.1031849141785755,0.4973330483866032,0.5581342639230996,0.3401270893600464,0.3730769362559832,0.4632266143349949,0.4471534316444387,0.2087314601030809,0.319775536913483,0.298085843318523,0.4745581494950209
0.1305979559286784,0.5092863424791808,0.5553558343038342,0.3792156509224301,0.4089823238440786,0.4680442247200462,0.4634564633457902,0.2339046636620463,0.3342719946679284,0.3249363194462261,0.4671548807269535
0.1345086251929408,0.4306966614147769,0.5204672891378027,0.3845048944600203,0.401725702833957,0.4493975327917721,0.4279784023968308,0.2089394647402433,0.3667117917939544,0.3223941671375254,0.4950684451741052
0.1074224084396028,0.4541148492815892,0.5445554567861338,0.4138393255287877,0.3998401534142545,0.4473394881548378,0.4352396275181206,0.1843639991561299,0.3062356125570643,0.2412479910885065,0.5057962620026188
0.1068353218591378,0.4685693555075915,0.5361289419889618,0.3944320394865048,0.4056087905407859,0.4318073016963725,0.47387933009315,0.2159487282773822,0.2812186812605143,0.2468776641733597,0.5064447969427786
0.110724173968548,0.487075274295579,0.5377728923046848,0.4080768908240823,0.4438134058894988,0.4382388175339353,0.4809505677816702,0.1802699931493877,0.3131436970852979,0.2944143719877503,0.4890010769215581
0.1095742497405034,0.4468729196675566,0.5545341699405303,0.409000044627162,0.4142686382032174,0.4347486901397285,0.4919635590525308,0.2209879494384961,0.3189003679198864,0.3139799142954943,0.4946804536656914
0.137108035254,0.5034458496629047,0.5582214470910742,0.4151734537811369,0.3978472049206705,0.4547140496460532,0.4694571844159492,0.2451999653067286,0.308811229316723,0.2996708264215572,0.5093849670764146
0.1080894795605609,0.5119611731145838,0.5422334255755934,0.3520339510748808,0.4081839930728222,0.4483625819030742,0.4421134054089115,0.2678745448002442,0.3238297182522899,0.2878383398258412,0.4488080108743945
0.0769157954899209,0.4680187187449654,0.542214495228763,0.363300929833088,0.4174242337474898,0.419836804993729,0.4612554985506495,0.2937545823092317,0.3262500616943245,0.2968299135504294,0.460463675803928
0.0867511702649768,0.4597639687817993,0.5446625975658295,0.360875123590976,0.3895067747224551,0.4610032043641312,0.4739397021553913,0.2547715014787772,0.3653230766330227,0.3360786869864346,0.4905185466730615
0.1027030362514621,0.4770382383478952,0.5289560193449457,0.4054290736364321,0.4068999152369792,0.3808204405892615,0.4809676150143358,0.243814104560142,0.3853833507539917,0.3035487637679238,0.5280570926202813
0.1196280305078083,0.4850245967883461,0.541275921381249,0.4098565332485379,0.4547993729477773,0.409997003721539,0.4846134399995405,0.2607574911625702,0.3364950325173517,0.2633569202873603,0.5170139001699537
0.1365937499677541,0.4888548045715282,0.5218718918259891,0.385085077290878,0.3926996459243168,0.4042449670522467,0.4336675876506968,0.2697803807540038,0.3472362404894841,0.2762283729503328,0.5082162414792067
0.1295194175357788,0.5046382286265207,0.5368614810102108,0.3862957598974194,0.4285127959613906,0.4182725561672099,0.4513272192835098,0.2463907443453597,0.3716980521826223,0.2966791023373772,0.4902638361265734
0.1257976695645055,0.4487496015516083,0.5472399113743254,0.4107245394025844,0.4489867061596223,0.4208192506212314,0.4664723663233818,0.2404756420734712,0.3344865267530245,0.2665369619035818,0.5223337193423209
0.1390685232433086,0.4713717295353368,0.5636089986338815,0.4040832505768865,0.3943103276323982,0.4063507105038215,0.4728792445069925,0.2262404957893062,0.3160517929080836,0.262073561454118,0.5328278750743243
0.1337773947834195,0.4951855663090864,0.5331609829372378,0.4135641867643678,0.4167443854055312,0.4137339426290775,0.4916609792949715,0.2025235940283182,0.3422385125427887,0.2852448816366641,0.4628717556045362
0.0450737561256179,0.497212362189761,0.5310511926683051,0.3931734373160426,0.4007479851028455,0.4365914346019347,0.4781595843864548,0.2072866737038464,0.3466880526422876,0.3164045248173776,0.5089317435761174
0.1031553094313708,0.4731703534649732,0.5483725713116483,0.3935188378649611,0.3361646440207231,0.4170706030333477,0.5046842859438555,0.2157299887304371,0.3087906094912664,0.3258702260166485,0.4755365293143911
0.0868934610670536,0.4797568052360601,0.5389896574862592,0.3765956980598144,0.3830427317612171,0.3991659055040643,0.4812724174836311,0.2456486271676817,0.3241428260506762,0.3085219489678262,0.4805336540887772
0.1251805652848005,0.4530767690782839,0.5458030311638389,0.413082417290628,0.4036751410923342,0.4462880802451242,0.4537844017978263,0.2370505974956143,0.3053722268108516,0.2972940756289096,0.5002201436465377
0.1273001554991141,0.4777346618526462,0.499670271357693,0.4165513556103901,0.3729991102926739,0.4077274282021695,0.4807637704675109,0.2321508382353849,0.321888055288304,0.2994731959406891,0.5129108067941033
0.1422731761827835,0.4838596060021365,0.5168454011014635,0.4201939648729394,0.3837270973550888,0.4366764777080706,0.3839826165532528,0.1972702838482408,0.3330425084335824,0.3222356402501738,0.4847799122941571
0.1088239411591726,0.4981026729880421,0.5392835922181403,0.419369302680958,0.3484711746560457,0.4006262250517661,0.4231525746700428,0.2354261047457577,0.3531645138945431,0.3066541869799076,0.496962919265104
0.1119856575505122,0.4766313630707992,0.5543493857101034,0.4167761870023135,0.3874175636985361,0.4137842150295955,0.4796397315258733,0.2792971373491719,0.3723031502141221,0.2667481479728147,0.5374655552937061
0.1228870021225942,0.5071627845470795,0.5556756648726684,0.4152475134769226,0.390430547471074,0.380485007631347,0.4816352457330277,0.2832409248082361,0.352611121100393,0.2791339541831073,0.5214788530487513
0.157446191711983,0.4784459038601916,0.5376459161831412,0.3666015315559647,0.3925361939090799,0.3943968208198044,0.4963926462467429,0.2868485483605072,0.2515854389021693,0.2719870418999476,0.5127235026793505
0.1677554152071481,0.5043281288450803,0.5454826412491218,0.378959060691551,0.3359443360685978,0.41348557271968,0.456564746532186,0.2568303942265895,0.2928115588514641,0.2997258093409319,0.5259618616174235
0.0898558847616974,0.4652049505066457,0.5505896815651057,0.4061829822322398,0.3949370965810858,0.4249182163249695,0.4240604585942324,0.1888810337424538,0.3032567961929299,0.2862917427048901,0.5133940957950024
0.1282212800747584,0.4722344493456475,0.5605094803788722,0.3853029421505045,0.3987133166769362,0.4266032523548975,0.4507008168814361,0.2121775295233533,0.3174662261381282,0.2879200504797287,0.513546456312534
0.0671049697254953,0.487583728310441,0.5701534253636102,0.3703967970657958,0.353403310880619,0.457173467222334,0.4590672428301652,0.2354236946268122,0.3462526196662039,0.3027308240872166,0.5155413351343159
0.0892469421954329,0.4692231153198824,0.555439779186494,0.3908951659614195,0.3828094270644707,0.4515267180678993,0.4684285144856318,0.2559978990607245,0.3526397004038334,0.3172103752739843,0.5219258927981245
0.1102269566247,0.4810133019911865,0.5710801384428033,0.4063389298622028,0.3492384843012582,0.4101463001209177,0.4593943225060977,0.239000541515087,0.3267979552551116,0.2979363061166951,0.529217416218398
0.1319575378585768,0.4965854766923393,0.5541523826087508,0.4321577196561676,0.3876304816190262,0.4186596614281397,0.469813971679537,0.2216088308530982,0.3299804018276798,0.251503481604225,0.5114727962135625
0.1003663519102544,0.474012318940812,0.5395017469069446,0.4035149052045678,0.4156742902048641,0.4187402665916259,0.4489107773421535,0.2515769338732705,0.332284825700109,0.2798135537200567,0.5076417429292368
0.0781464434036102,0.4591073091050871,0.5516175494147466,0.3549946903347511,0.4300412938997879,0.4011804676069759,0.4649782089872348,0.2580772128626575,0.3426464057917606,0.3056370887969474,0.5426675696016994
0.1003031393067015,0.4748638824342466,0.5327201476351932,0.3617312874444869,0.4099147500816686,0.4144217893304163,0.4453081804794825,0.2565698171297136,0.3572594484583853,0.3113655220079496,0.5199083384299606
0.1128165595966695,0.4866259902083251,0.5366951356174543,0.3672006961712364,0.4283376709315082,0.3794766477776843,0.4565622326764395,0.2775275057690572,0.3481749688182409,0.2966076557146581,0.5362612358122884
0.1301981777489744,0.4669947494988057,0.5343118417657661,0.401250547994244,0.4383520985494006,0.4176774507529567,0.4534613978006275,0.2198470799700504,0.2890134077853084,0.3105801792795516,0.5432082027154188
0.1109614741592316,0.4413239803881815,0.5348955407602554,0.4045706539069238,0.4075156103970146,0.4323242395897708,0.4576636623627523,0.2365969683104575,0.3253937940689986,0.338765773118805,0.5099569000772619
0.0890015972018947,0.4610571954164711,0.5137068570810007,0.3724271778478722,0.3979220447563614,0.4494301046743247,0.4619556675771781,0.2506662846716437,0.3647533419625132,0.3411033986053553,0.5143832198848209
0.1100127976700077,0.4949704030276819,0.5318596350003414,0.387900440484515,0.4142084281423518,0.4215425530172249,0.4123007569160128,0.2260657670706228,0.3320580859287997,0.3141917549637837,0.4864060699346413
0.1261464639866801,0.4908550588485177,0.549014409620384,0.3873312808050483,0.3955390267489723,0.4331698516826356,0.4163389893255661,0.2373417405953641,0.3450118671649765,0.3264246579784852,0.5137631096724317
0.1330840859552054,0.5016141835893557,0.5576245463588695,0.3887702041635462,0.40142408683114,0.3846307574003184,0.4512965152198067,0.238877511797314,0.3696570190671659,0.311457719884597,0.5363247179267541
0.0809873748111531,0.4911692585236342,0.533806760605785,0.413420466349225,0.4178260252330938,0.4140091597079019,0.4832468521709057,0.2622135158720378,0.3499757093152933,0.2290106112383283,0.5243107320045312
0.097983380154014,0.4999827401744375,0.4851238851878419,0.4229554420435359,0.3886887246180769,0.422660292495577,0.4801229805985969,0.1970507666991481,0.3082583578136518,0.2803741516390201,0.4830565923498642
0.1329065572474465,0.4857370289865273,0.5249330444606888,0.4193805187656045,0.4040942381183522,0.4334752428517238,0.4166925552390559,0.2244348808791237,0.3090829336771338,0.2819343589479873,0.4955545710018894
0.0602571112237019,0.4895568342084787,0.5083419762871509,0.4382633274846057,0.4184147509925191,0.4364909729421274,0.4509305157742839,0.2285009668525101,0.3340071922170521,0.2708160962216104,0.5158624439732388
0.1036688072561815,0.445581396306645,0.5497230958680405,0.4408189750648527,0.4362979462299148,0.4660891821306312,0.4702597240043474,0.2329103338433866,0.3418833164868835,0.2863022032118076,0.5295188733370193
0.1180426223183687,0.4793305156101517,0.5514035114849185,0.4014089835024606,0.3927124020818057,0.4136085549488295,0.4567367304981265,0.2070029508268806,0.3251501674104528,0.2601662646712341,0.4605737190457178
0.0956921910015779,0.4757109089889245,0.5066301007033402,0.4037457085470046,0.4055435411932659,0.3702878877292492,0.468706352303001,0.2523614296890329,0.3346273661259308,0.3077341133704293,0.4787173864555386
0.0982643183722584,0.4600491862727139,0.5306986951731747,0.3912739519177034,0.4077882137162081,0.4223012988312944,0.4464814837007625,0.2095415882386898,0.2941284494157058,0.2676195710430446,0.4847781913819015
0.1056997644154105,0.462841520548694,0.5201588367928589,0.3431996443163826,0.3447779660774827,0.4006119794638622,0.4345498569310305,0.2307043315865497,0.311517636100311,0.2704098227086318,0.4866051622843989
0.1194140406494989,0.4856886279967131,0.5231559703961252,0.3888063717905677,0.3893177878026792,0.4032193653330299,0.4655839869221045,0.2200405132458008,0.3329065330470404,0.2828949302204638,0.4968002733747377
0.1218624632273771,0.4534807288766856,0.5196363809116454,0.3611269201128941,0.3865226055594152,0.4341755520888108,0.4615310575343612,0.1992527884991486,0.3169400726242752,0.2933395951341186,0.5340389525929992
0.1082291056603217,0.4697785777236618,0.5128814794857544,0.386113969455207,0.3934379201187545,0.4394051957420852,0.4685818106515631,0.2411837334031909,0.3502639190204489,0.3058645585021584,0.5276520107658627
0.1104688655894406,0.4804783059129203,0.5412976480964601,0.3886509932143984,0.3959516225760304,0.3459173735977147,0.4690674544369642,0.287470062366374,0.3331229212918746,0.2860370762986215,0.4937179291966226
0.1348953245522473,0.4622090076505756,0.5320800845470564,0.4072145209560928,0.4000805268411229,0.3818412292379656,0.4640756733156255,0.1974523016728002,0.3870940481026188,0.2705630581656977,0.5099930203174607
0.1241163163136728,0.4664174859535187,0.5142283798010563,0.4117721910090482,0.4096743342612504,0.4305067190253518,0.4270460300938561,0.2496154974912733,0.3357442917370342,0.2963705150947118,0.5112378059396122
0.1359070160394229,0.4707533992728157,0.5223679339302683,0.4006556309174537,0.410866532448338,0.4031785774234161,0.4570425215307854,0.2722781614222491,0.3290163992082752,0.2940276762995933,0.4817060459656675
0.0849531897733727,0.4721621022762063,0.5083884227610279,0.4051482573896985,0.4201025326579234,0.4072616225663748,0.4777585657212161,0.267413240412347,0.3363942913133714,0.3030166326178476,0.4934486566815571
0.1056609682077642,0.499065347485721,0.5396245262939876,0.4012876963549103,0.3711533491336141,0.4242798621564351,0.4840117821502533,0.2267450984091144,0.3207461449412397,0.2799807445574277,0.4671966839643124
0.1400604672180391,0.4777433352739552,0.5463818543497262,0.3844269471387501,0.3703172843546215,0.4288942970916516,0.4516180949732636,0.2440096380491421,0.3559047474084719,0.2858765940562763,0.4979427624698468
0.1093658749060029,0.462990148246777,0.5235127468475937,0.3374568000604877,0.3749862842797483,0.4047286133529243,0.4495828220030451,0.2786374930751074,0.3329108019807072,0.2942751803003089,0.4633139204538485
0.1197108026231467,0.4794755627316828,0.5144377563384063,0.3520674397770099,0.388399404440921,0.4377540475890356,0.4792956091854604,0.2595456100961028,0.357866958061807,0.3049884867129397,0.4635122068478805
0.1156929065151394,0.4909709944579278,0.511405328464042,0.3711504759477996,0.3556202990792871,0.4198847316749769,0.4567538886316392,0.2512515958277145,0.3411697319985164,0.2868976912433349,0.4825244212986259
0.1278487227911394,0.5004902446512596,0.5384377155598279,0.3639751737184171,0.3651443749098492,0.4417147889146432,0.4501425255938158,0.2787589262316282,0.3499783769623276,0.2885946199450907,0.4990952558881696
0.1232385446544447,0.5067203655106609,0.5595818253920606,0.3801177527891973,0.3656540905721668,0.4594654370480823,0.4698924715885645,0.2998340404022417,0.3257054396714368,0.317189829907463,0.5360006313545089
0.0721027678381945,0.4962022996484376,0.4721144829551013,0.3921345857629467,0.3903948590914938,0.4500232561719314,0.4579919050268187,0.2260933842632964,0.3244532073695114,0.2843985113760127,0.4992887590545364
0.0998913268368078,0.4802837313163843,0.5153010392861355,0.3739988107694141,0.4178927436775814,0.4675714773056098,0.4693921079572075,0.2228191578547758,0.324467634395951,0.3215466356691864,0.5124123972358272
0.1108456351965017,0.501964007256599,0.4957668971657019,0.3866360410404968,0.4172571848692789,0.4699261191930859,0.4299049834499112,0.2297280559652434,0.3397076462260177,0.3455005530754017,0.5373469619801883
0.1192236035283158,0.4740597117048771,0.4851256573678003,0.4076713161677321,0.4150082302288642,0.4375712485273295,0.447723456705134,0.2755355878184946,0.3607923267764841,0.2825839231991569,0.5189869799480845
0.1269516410545749,0.4863955338395003,0.5177262998760718,0.4092395902912779,0.4136654787831766,0.4482698126452208,0.4562518619000106,0.2242235256025639,0.3687957096016931,0.285210820186488,0.5197053513845602
0.1297664330587045,0.4898155285807691,0.5210568675181565,0.4054241464713937,0.3721368633113626,0.4407663853458443,0.4709564994577858,0.2546002372605557,0.3532518779933762,0.3099006361015242,0.5229765200463214
0.1100591504205159,0.4671449403495513,0.5327970415090604,0.4074833649799396,0.406421074496011,0.4206967856500065,0.479016528041579,0.2500145051740187,0.3601977025108148,0.3038621979601215,0.5338386616757489
0.1343299583793037,0.4895926700720266,0.5276779895649099,0.4044517326133954,0.403705938213772,0.417890476963521,0.4822454084317414,0.2591327622993125,0.3643719192770088,0.3170087203210945,0.4852396139401399
0.1249215840053028,0.4918488498221553,0.5429870256753467,0.4049225449554342,0.3963686384821905,0.4353472322228152,0.4559950952026232,0.2607534576979419,0.3760309015439667,0.3278391194919839,0.4930488522091795
0.1369591744635487,0.5071035817581976,0.527355359249836,0.4101309724921163,0.38498301442324,0.4333627052708247,0.4619005866404866,0.2358639071641974,0.3746084575087131,0.3230495430395491,0.4961347173031894
0.0548799447713935,0.4988941525720205,0.5287578676606061,0.400188590953178,0.3676702398771332,0.4247450876482531,0.4458310422154722,0.2404338025989046,0.360189714474612,0.3264772830684426,0.4492703838596492
0.086569981534799,0.5071509605799672,0.4986074954228112,0.3953850182653535,0.378970974108507,0.4189213552860605,0.4544059593378684,0.2423121683958825,0.3155006444482878,0.2728089174485208,0.4957252635730719
0.1250587708973597,0.5026559356657376,0.5296409370741408,0.3621273683943183,0.3904078707258769,0.3890174656245439,0.4568561385488983,0.255180161318213,0.3340164747644167,0.2767999937562698,0.5061076854626089
0.1294346426740422,0.4846625706891375,0.5474059712009223,0.3786329979324321,0.3748122787312192,0.4182640342200624,0.4549211617735475,0.2644644210534507,0.2869283633879502,0.2783014057570452,0.4905632372310234
0.1359132520942814,0.5032465915923078,0.5183533766796973,0.4130515038003376,0.3887102417958408,0.4346607489367774,0.4103362963929441,0.2100736496242038,0.3195621915407561,0.2870933530178327,0.4894217231340703
0.1322190809370888,0.4943800015741357,0.5457696859179706,0.3485777718886477,0.3919301010377186,0.4398321099366992,0.4419817121083222,0.2354064076720388,0.3447131058813816,0.2955583642184364,0.5066955191759546
0.1374735786649637,0.4896995337745032,0.5482737847814223,0.3573895744428175,0.4002396417062674,0.418754709417492,0.4642381953385616,0.2540570786170859,0.3340857948363936,0.3032243673014345,0.508000036442217
0.1375769623375113,0.4657951150987136,0.5483484212134409,0.386911506688622,0.4023946988228726,0.4140351344984155,0.4303457905419084,0.2266542049903924,0.3714630365908694,0.302405478041534,0.4688496953250053
0.1331907835183269,0.4711357828876758,0.5588352904818974,0.3904842737973707,0.4241608224075521,0.4249917304497261,0.445483130412038,0.2049699506832791,0.3603640900921331,0.3242262577026491,0.4994324727310728
0.1217295454936477,0.4310519898057202,0.5409722512210654,0.3877400386937258,0.4336543642913004,0.4321038651371426,0.4450123207730885,0.2433109841474795,0.3281756465756684,0.2788996971990714,0.4738467392944062
0.0995547882622671,0.4684914489198168,0.5115600084386399,0.3949939409033716,0.405984583155192,0.3791186434255437,0.4508434466658219,0.252907421853544,0.3375008834500519,0.2575063965093032,0.4979863178958982
0.126130463964707,0.5044133134191485,0.5376267408589135,0.4132493369445242,0.4119001795005237,0.4040910080695793,0.4351113731619574,0.2427957789174646,0.2718851189018046,0.2868429666368839,0.4908071646079448
0.127496397755114,0.4974854970289565,0.5547591454925385,0.3923270198415154,0.4219192581182681,0.4212713098850201,0.4542471146416466,0.270052519915206,0.3164110159594032,0.2919793198415803,0.5210475328415225
0.1417665520011695,0.4995915117326962,0.5418454643471796,0.3780717498505059,0.4370966606630289,0.4142300317652655,0.456741049259699,0.2482455701656647,0.3519726046912219,0.2752123839296308,0.520666231484643
0.1090158592393056,0.50055586208409,0.5537731740046423,0.376930962731371,0.3812819804038747,0.4288412000375616,0.4569035908921267,0.2767964049122856,0.279524818036525,0.2995659583697105,0.4859472821983299
0.1331899491390356,0.5088438858860738,0.5650383055126323,0.370616891943186,0.3926817763499796,0.4192624694420823,0.4759328000717499,0.2772099469056338,0.3111684391554055,0.2858350287538743,0.4933495354380314
0.1438991701495218,0.4961769029657047,0.5172787758289572,0.3969635902277751,0.3957577313089394,0.4378478405165548,0.4888269782166622,0.188708369894275,0.3456429327874396,0.2741644399269263,0.4821310127864687
0.0726982020603385,0.4514656409237265,0.5340653121361886,0.3905349705623137,0.4212734140006262,0.4691489999262883,0.4910255376767486,0.2135727560117859,0.3452745047155032,0.2155862392838942,0.354359710129142
0.1356354437632934,0.4787017012028411,0.5524959841581476,0.4155730056876445,0.420214279030327,0.4466739951940827,0.466830017183951,0.1951210061273368,0.3134574670466873,0.2772285592811162,0.4455295628179731
0.1530943981915102,0.4945905378012613,0.5235844222517467,0.4164277344765869,0.3996821441465997,0.4203826460032405,0.4619565531052453,0.2329338135688039,0.3278150216368897,0.3024356691797699,0.4662091188416757
0.1432797406432681,0.4758728070437812,0.5468690197034924,0.4105722703370113,0.4204649794625289,0.4137916204528416,0.4380249074650151,0.2245398390797142,0.3498864641365105,0.2260812841540318,0.4023797616419227
0.1400893469554766,0.4844534349698313,0.5565661716275068,0.3735429326618568,0.4340362466177483,0.4063085441029805,0.4384467382087494,0.1381009531334337,0.3413448541140323,0.2620701403409479,0.4640630530145337
0.1185559142555077,0.4996412083882766,0.5612587184695343,0.3937198237348036,0.406262462876359,0.3977785883671846,0.4170206384134668,0.1721156560216982,0.3271274685970796,0.1807459633311418,0.3524337348665509
0.1352260958682688,0.4806483916692438,0.5573854889978758,0.3757432483591323,0.3749141806367588,0.4279941274001583,0.4609171148035269,0.2197124137921637,0.3537421739784762,0.2630834564304258,0.4540316061464408
0.0934915298133154,0.499155217124709,0.5703229824005568,0.3771884734798721,0.4254894624329121,0.4337716411981486,0.4725115052730598,0.2097786204807842,0.3482917044368294,0.297093993369585,0.4947761766802546
0.1072231855137316,0.4741565480658542,0.5493368163841209,0.3715662579422127,0.4306351928704157,0.3804861918721496,0.4448393986948504,0.2114461086130361,0.3736149400438233,0.3004222749014189,0.4706136274466092
0.1626503264091683,0.4844301847451392,0.5604489805625446,0.352340830347322,0.4110092100167054,0.4011304565389782,0.4685599352708325,0.2518046109209496,0.3332503626148256,0.2925278020898846,0.4911004045666596
0.1683707825620385,0.4675152913699258,0.5342490281516886,0.3752161083605125,0.3736287235608991,0.3718290031842107,0.4794135797505008,0.25500832717902,0.3465757970806459,0.29468321074404,0.4825346915747394
0.1397527575291623,0.4848017545140038,0.5567839956335411,0.3627536106549824,0.4157067048482856,0.4080549038166298,0.4611075042538259,0.2708990843006343,0.3344459391595618,0.3024480728263653,0.5149143068399717
0.1423903061589362,0.488066852485609,0.5053038636899347,0.3715787296992867,0.4136352217842094,0.4530016831360923,0.4727154910298866,0.2879926434141612,0.3002839174997113,0.3170982680204655,0.5046335592080401
0.1448286251074113,0.4932744771085545,0.5218394572425943,0.3748387172656647,0.3664358104523079,0.3946733684482946,0.469099083310618,0.2496102548053967,0.3204040670212252,0.304290621717816,0.5171158951337171
0.1539489873079882,0.4879816101774888,0.5476389874481776,0.3748254340908886,0.3944446965193501,0.4054743579845115,0.4272340067116549,0.2489360212529754,0.3182986213050119,0.2980271010362989,0.4957944162686096
0.1545301518370143,0.4916456181638268,0.5485431614458389,0.3545398286316338,0.4065389896617217,0.3408694397288605,0.4380801150023242,0.1545439548912979,0.3309890345612817,0.2087751288308042,0.4892174431630716
0.1034807162291045,0.500507610192632,0.5598216986364388,0.337520372172894,0.3771517484810409,0.3643764531022381,0.4530168696058063,0.2114912559153291,0.354508672531754,0.249895327820753,0.4919224275219392
0.1345700400328663,0.5178762694384178,0.5470721955274893,0.3578332875086721,0.4002026377658931,0.3754079044751,0.4830671604294591,0.2582351182550418,0.350002822147343,0.2892611736298252,0.5075248976674769
0.1157015509919825,0.5191888805498048,0.5147879469339813,0.3672296011314798,0.386557703193788,0.3949590343993019,0.4505707852364882,0.2006055632304718,0.2883296720048965,0.2953552127707181,0.4717471106382181
0.125767095606506,0.4759903981205368,0.5376451771163909,0.3883161422707186,0.4148983899696809,0.336389197089092,0.4526799674912807,0.2322826591013248,0.344121089461742,0.3062241101919565,0.5074415174650184
0.122134755226943,0.5041653116799987,0.5383126839858687,0.4022766958433819,0.3680704676045284,0.3485125732392864,0.4875099011845956,0.2027158712853708,0.3510472277757027,0.3336808878067824,0.5183290638946518
0.1042560593178381,0.4614930854449625,0.5448033304225578,0.3905276385031092,0.390425510431574,0.3771355861975335,0.4597545935792578,0.2418413901921536,0.3109085569891957,0.3268409947552037,0.5113312931329907
0.101099746727284,0.4823340269398425,0.5466871154023858,0.3403468640383081,0.4140636954186236,0.3930886544266885,0.4620667287420194,0.2444971734020345,0.2914671462354835,0.262312575344343,0.4948359024667114
0.1077146332131163,0.4827421098504038,0.512899942436063,0.3666128235305284,0.4167351234287152,0.4425089266964531,0.465133817832441,0.2001434672422353,0.3209379464417667,0.2665977129150481,0.4942998406450495
0.1299921132901598,0.4425322909672694,0.5147665698628053,0.3743514645548785,0.4184727329381084,0.3896932264498767,0.4513299743938656,0.2261694927257594,0.360847523549632,0.2982091400384855,0.4949783317521411
0.1090140017273323,0.4786858833627622,0.5087504216382709,0.3579202647370722,0.4245299301744827,0.44455347235102,0.4682743164808262,0.2152085718003937,0.2851645874503164,0.3266862441311766,0.4928462562203328
0.1522934824800703,0.4532015000372837,0.5184397175301885,0.3830041482510669,0.4123658095889155,0.3874006206516902,0.490950494662767,0.2667777269430102,0.3039226158260618,0.3134812698000402,0.5217125299271268
0.1523571260514757,0.4857435340619419,0.5317148899597203,0.3963881069195096,0.3926308231930184,0.4180511546549558,0.4240066608091357,0.2798023654623432,0.3147510049334236,0.2769742245902535,0.5148948017840402
0.0809967389048869,0.4379855255744279,0.5223387740805547,0.4006831446694257,0.3948807940669265,0.4294247536923165,0.4465369660037768,0.2607024603958097,0.3181691849166264,0.293013228936494,0.5366596922547682
0.0949092638985292,0.4717277928627993,0.5330675472458964,0.4074284615220594,0.3569056981294288,0.3399187734218145,0.4651898725598262,0.2635817559909048,0.3332064640496694,0.2933279470957586,0.5269398325027635
0.1299080744428085,0.4888655158526653,0.5511750346496029,0.3697935266557566,0.3877485035545719,0.3524823696737588,0.4506558532990933,0.2746296379221925,0.3219460023899145,0.3125784760253373,0.4997538433171565
0.1286626096403444,0.4969106512156215,0.4947337280722418,0.372168775122595,0.3746846478572451,0.3858114308691776,0.4620065189393426,0.2676237401305518,0.3229808857299227,0.3221738954079172,0.4735917237997544
0.121512192660942,0.4891611414575271,0.5392340738189945,0.3779619948029654,0.3782104289256515,0.3980993905545161,0.4634950097277774,0.2507072410648072,0.3285281263487831,0.2946974237293316,0.4772685724615287
0.146395610216741,0.5197695025075282,0.5255925355801261,0.3870989725572068,0.3806427783383288,0.3797165709125828,0.450796971429603,0.2802664891226983,0.3129021619504463,0.2842031607847904,0.4695675257089721
0.0998138542533228,0.4710589007972039,0.513777260884176,0.3891800704210766,0.3832584868892429,0.3857009057924795,0.4638195196696771,0.2247229861314765,0.2915206438914954,0.2802209844804491,0.4935178853194332
0.0882295240718186,0.4912585868382495,0.529287782230133,0.3929058944358851,0.3872465299559131,0.3828144790980279,0.4428921810447991,0.2287997443565676,0.3374966105699303,0.2875779508392734,0.5003891678400687
0.0998637384977476,0.4993720860817961,0.5159662184053466,0.3315414898847559,0.415298531028356,0.4043365958866153,0.4507987544537996,0.2675282153166114,0.3256421996856478,0.2762030554009133,0.5033138885913968
0.1015833572323566,0.4468679959515183,0.5298019276246958,0.3644025037687776,0.425271881863663,0.3604926965094345,0.4401347351327251,0.249014192742295,0.3207498283578779,0.3064508466422752,0.4783535101646349
0.0785170190896852,0.4073380416961377,0.5091359806880795,0.3852895488319027,0.409252572501648,0.3684084797068441,0.4689160698669574,0.2358080504981711,0.3360723362484593,0.3287370137454427,0.5396180099200539
0.113578263789253,0.4586203206825964,0.5270417034479782,0.3936575811054438,0.4218207149708564,0.3549854135477927,0.4553007542173331,0.2596470715182962,0.3445597967255108,0.2858179146245598,0.5065054665691187
0.1368512525199115,0.4984727766996126,0.522686535636084,0.4140833757628227,0.4017387499774248,0.3697938159671132,0.4609833772756719,0.2708692048162077,0.2779236507516828,0.3026117326518258,0.5079846795014054
0.1686780872527863,0.4983335131697252,0.5366705473220186,0.4160051985519972,0.4153290245849427,0.3717849543632914,0.4407433701026458,0.2938229404698125,0.3297420602426835,0.3145129022912182,0.5005099794092187
0.1071937634931601,0.4828712501921171,0.5422576431902326,0.3906340764530918,0.4494062405238068,0.4138355866352614,0.4654368852434803,0.2618505501315497,0.3406095864609388,0.3167695505304199,0.5021107960820792
0.1015769869853927,0.4890569197192796,0.5668157444374263,0.3628236967803356,0.3713840008896558,0.3985036863823076,0.4421401152959028,0.2167050167157089,0.3422687079000159,0.3203742669785867,0.4902263514016943
0.1226870863472556,0.4691601033304113,0.5638210344644651,0.392920007470755,0.3990402586266306,0.3556768456325646,0.4828661999939627,0.2197892589744341,0.2746775318882529,0.3361850868042204,0.5161765616082361
0.0937761721626285,0.4729415003906317,0.5292179738311054,0.3520888326866039,0.4387572402470726,0.3810040189132149,0.4465599762117209,0.2038464988042949,0.2950589277986188,0.2857859104913593,0.4646667521481996
0.0983934346238613,0.4755342249524749,0.5379193567524536,0.3800363686556084,0.4276332373274147,0.4085270663314739,0.4521232348068233,0.2045274278604012,0.305341610880428,0.2869049945086882,0.5246017638532545
0.143698937604441,0.4415526836962398,0.5607015836253487,0.4010240286407319,0.4435137685877006,0.427986222768051,0.4801675446867556,0.2361654447370162,0.3471671119044278,0.2956192842481963,0.5420181193441955
0.1119723533927127,0.4467033031011985,0.537950156440005,0.3913132562526475,0.3896420833629212,0.4333718099051105,0.4751901592554194,0.2545638039973762,0.3343347755066466,0.2648040665908817,0.5565558194779727
0.1108036659433919,0.4632737748943573,0.5154939998757829,0.3954996123313274,0.3883971823363645,0.3875947052689596,0.4788904466779174,0.1981371129978166,0.3382585719394656,0.2760939451896165,0.472193794165108
0.113317979521891,0.48258361400367,0.5179535561478312,0.4086745773023936,0.4085920293664173,0.3740294462941657,0.4555327262297118,0.2286541583623685,0.3453093925982032,0.3131067401867061,0.4941036969663774
0.1388784222288497,0.4877284070385715,0.5367558258835134,0.3993621966984328,0.414527169005517,0.3774746073580894,0.4517728395598297,0.2503144102243741,0.3437211653937381,0.3205076734120286,0.463076634134053
0.1410925647235356,0.50947874876605,0.5288488114972255,0.4007769227811238,0.3781853332385427,0.3809832652898293,0.4779410205172354,0.2755551021983759,0.3447486654147413,0.3324025216714505,0.5024590097819606
0.1146169879771231,0.5154832883746843,0.549031118602678,0.3814652899410987,0.3951488289568706,0.3915652953520193,0.4745118640169967,0.2095981785794273,0.310870590407078,0.2945691272763175,0.4860536624492999
0.112053648263711,0.4622797003394791,0.5554285451965353,0.3842617083357131,0.3911932904906569,0.4073076161023838,0.4807484122866801,0.258881943425396,0.3296515653725627,0.3292581227017027,0.5051569920041109
0.1127038217847063,0.4810002139932287,0.543025836323016,0.3460128604321114,0.3697578135785966,0.3741513194265848,0.4953623721485317,0.2634491700666828,0.3328824403438998,0.2951354614768237,0.5170320394978091
0.0985973066877653,0.4560442840044703,0.5330258141821065,0.3733301866386191,0.3989913707634793,0.3698813786598998,0.4484592709848795,0.2787533860480345,0.3418974712764273,0.3198764118904915,0.4334213029972564
0.1351776454017945,0.4866453701925262,0.5366921015262772,0.375804758470168,0.4017372339175361,0.3899935073012575,0.4518365890995398,0.2879530650444583,0.3102053537044196,0.2624237158497224,0.4649361695906067
0.1364309164301602,0.4552009637283133,0.5496090439794552,0.3927092269741409,0.3987366902309033,0.3946735201611451,0.417416672999281,0.2184680602290398,0.2874722335847942,0.2762700829127621,0.4436476419532421
0.1135356071903038,0.4646630711676436,0.5086898855981249,0.3830249433219364,0.4048196443446925,0.3536781216487842,0.4440449718539392,0.2361403813969237,0.3232981800131599,0.2858465076083861,0.4698976126981118
0.1306248463375383,0.446391941115469,0.5392331731629703,0.4058482516830071,0.4206093183061614,0.3766441072802691,0.4733571006851799,0.2770826050444268,0.3383879537625547,0.3128154474376972,0.4761692395489572
0.1286819863530379,0.478660116236817,0.5286504244335821,0.4064888248558808,0.3944371381928,0.39612240657413,0.4745594672673153,0.2467848262275354,0.3037894658476648,0.3188511227716232,0.458287220429495
0.1249677630460599,0.5221497678037097,0.4927038620671403,0.393321154331157,0.4038956578967199,0.4001474344063204,0.4175278050968717,0.2482636125290022,0.3263353904063865,0.3284412537708714,0.4792008681134082
0.0885253240272494,0.4919488608754438,0.5037148679478759,0.3772501594865239,0.3851393089731261,0.3932997338140473,0.4336462632772517,0.2582984034749411,0.3337459503711563,0.2582666189082102,0.5063851707218593
0.0669860545851501,0.4359557930590571,0.5340554958692743,0.3709063518540754,0.3579953650836981,0.4052449891758184,0.4527201237724267,0.2491001229143587,0.3457489102219279,0.2844593198769281,0.5170737547254295
0.1155320099901118,0.457915598336917,0.5477838574466014,0.3746463757980737,0.3601080899494893,0.3922797969269953,0.4631095287733384,0.2747829499769026,0.3349623632942138,0.3001382270034863,0.5228784752584964
0.1364406875842276,0.4608626755182576,0.5431519395444003,0.3683932744889299,0.384308364349905,0.4100744285608,0.4303576157688669,0.1993755245504132,0.3622077519340365,0.297642972251853,0.4828695559240535
0.1412134767342517,0.4803729095384444,0.5438489539637408,0.3837112114255284,0.4064991146628525,0.3382312839708049,0.4361573890562741,0.2298869270024212,0.3637451243448598,0.3040505535447169,0.4292568176773528
0.094858135201254,0.4948933777553244,0.5308556400761011,0.3593454413350727,0.3810250267435246,0.3614718929664904,0.4508994545738838,0.2118705301033196,0.3480719336720849,0.321760712382314,0.4588615276795739
0.0798553100107133,0.412242038404932,0.510900954681232,0.3471684052465036,0.3821869293935184,0.3822743337568612,0.4352844467819491,0.2057032134328016,0.349944248101576,0.2187449943151211,0.4105246132869953
0.0888692783367887,0.4586256239732415,0.5231967025654364,0.3769493746091236,0.3517368190347756,0.3906391465703657,0.4430901558787679,0.1900032288511026,0.3230356000259747,0.2597107219615338,0.4503171983957714
0.0983194261448948,0.4645884651979366,0.5245543058882642,0.3752704409109414,0.3638969182824481,0.3567411174706615,0.4477954759592143,0.2333171044568172,0.3044169215028443,0.2061204106206782,0.4170498206467226
0.1411739616799915,0.47084870453548,0.5413848578996243,0.3380876351022757,0.3567204098908036,0.3991533654271425,0.4091946489247305,0.2856676961798893,0.3047298337956589,0.1719313586672058,0.2917852479110662
0.1039750842286204,0.4652441688025287,0.5029591935376085,0.3591457263464821,0.3809187575140386,0.436389188568455,0.4393167914125804,0.2583904312964958,0.3088291325293985,0.2299772535788434,0.2642397614822508
0.1370073066689033,0.3189560153244484,0.4484741937721012,0.3601688121765722,0.3275718661806287,0.371129044176783,0.4301798181752783,0.2723549950209732,0.313871414811033,0.2529906243273249,0.2008301633889906
0.1541862815740273,0.3088275755218669,0.4403720065418557,0.3491668704357504,0.2916560973976611,0.3818932914443452,0.4279824511001272,0.2449377794577245,0.2615304229488469,0.243353289265472,0.253468070750143
0.1691423314100711,0.3071086069958796,0.4474472924729487,0.3590104626204777,0.2762090159303851,0.3771027712023034,0.3980480744650905,0.271995503889074,0.3126784955282476,0.2623180299690653,0.2764467398845892
0.1768024197775827,0.3072661718232176,0.4152761610602438,0.3598690004005968,0.2963827562665603,0.4019772152277863,0.4034110824734927,0.2955219921931395,0.2577814528360952,0.2246821372052181,0.2837142475813771
0.1609844054551265,0.2846612295896029,0.4151416511512791,0.3522834378902683,0.3307695667007966,0.4121232659093926,0.4294457657975628,0.2799388843354656,0.2771606838498384,0.2241823309905208,0.2607370983644644
0.1649043260893588,0.2882474632765015,0.4246090208228972,0.3413045921383019,0.3584357544736193,0.3992407367371023,0.444845587119974,0.2844154440849396,0.3269399319915683,0.2446710075635459,0.2415398377881234
0.1346343483219217,0.3258950770424355,0.4571993175139266,0.3436427060105198,0.3223529995330639,0.3987534377376627,0.4491663414319281,0.2869425841044015,0.3057600804296665,0.2630395410955198,0.2726208046722006
0.1635163524114181,0.3674696926673809,0.4738859386636,0.3427929884682379,0.2967593849429379,0.4124815613598099,0.3770059477436895,0.2370935994366927,0.2749637632423848,0.2459806766362557,0.2956515052337902
0.191802572167969,0.2617521457326431,0.4090226340281098,0.3481077705838072,0.3356981524312906,0.4170861606247609,0.4043400781460301,0.2408395307409535,0.297372052803498,0.2442500963184385,0.2380597730556105
0.2019096982193141,0.2633561803855548,0.4066816349569786,0.3616136517615311,0.3471177443516426,0.448393468540203,0.4411076732702571,0.2437777206761333,0.3035920172922014,0.2505000976253095,0.2766329498549347
0.2085405609245047,0.2515287722056449,0.4067607616031737,0.3564721553559963,0.3481904365171508,0.4292272549505197,0.4552797964539911,0.2657456076307207,0.2857899330279081,0.2519698240709224,0.3129117592309172
0.2022205442740554,0.2458354913041896,0.4053500136404923,0.3627650460039657,0.3659217305275617,0.4278180827385274,0.4285536955661335,0.2579794068874763,0.2937615353345471,0.254610942464375,0.2799999603819291
0.2070384829918126,0.2745486871625976,0.3920239686996826,0.3714025232251516,0.3663708896287924,0.3992308044055564,0.3443067256104019,0.2204215609343699,0.3074315876453928,0.2477935959728159,0.2837198527217283
0.2251946952234581,0.2842350030681592,0.3894043407359004,0.3483755031377409,0.3698896451114872,0.4055976269680148,0.3782261348741493,0.2292275519377314,0.3078236710491467,0.2943977492254208,0.2318881738112504
0.2367633971683755,0.2195794554801718,0.3965381011216405,0.3223051808021569,0.3026852953047814,0.4309533984323427,0.398886922113204,0.2528905330383378,0.3023835901685106,0.2621341203126051,0.2486405019120652
0.2464471755759699,0.2630060285152483,0.3932071075174593,0.3458197176223269,0.3481364537528344,0.465846613853962,0.414799189863939,0.2230059378278107,0.2934934670078345,0.2540044050549037,0.219178378057043
0.2127581654731903,0.2959692822424198,0.3693751373145115,0.3588776391248785,0.2919932828190315,0.3890779626882304,0.4127097339463545,0.2115113346524429,0.3018544394331803,0.2437889724676207,0.2526814132976724
0.1539795604457353,0.2803617943617589,0.3050161794335133,0.3640020629438201,0.3586116057175095,0.4123561487980293,0.4542989747683929,0.2374189703233734,0.2816076207099337,0.2808012261865378,0.2605460925910594
0.1288625924764538,0.2821855377711207,0.243513190980296,0.2988996864786776,0.2963982954867411,0.4347247335229703,0.3568338270535173,0.278557795259521,0.265721798834698,0.2956210143946274,0.2679622530578624
0.1214862070277616,0.2832154332007565,0.2739149296892881,0.2968351922581735,0.3331905595137895,0.4321716029652358,0.3864611468783649,0.2798582137055559,0.2392720438885477,0.2815956688625258,0.3082621965186169
0.1449011599043364,0.2600436202745264,0.2887796461841675,0.3205214279715226,0.3442008895402155,0.4544739323937377,0.4487655648114373,0.1770226185568166,0.2467283610108404,0.276668563530945,0.2455472288460028
0.1519612933311867,0.2705610941816103,0.2984872968222919,0.3651534914239073,0.3834530627093754,0.5091366121885013,0.4576288827645286,0.2145867313845831,0.2473539996122615,0.2304383765133494,0.2584209160127345
0.1574937220876942,0.285346903433073,0.3227840751739972,0.3867172068192284,0.3613727765270522,0.4736951499634442,0.4639860114422424,0.2594927939218805,0.2757396539472844,0.2902917150529931,0.3064838444597704
0.1600247841390765,0.2940111261585088,0.3275015041655278,0.4075430748918655,0.418044575449264,0.4869770126910645,0.4354344641034292,0.3090457180853618,0.2701089577741155,0.2878379688411555,0.3092176669321883
0.2042287529855489,0.3104639966017942,0.3427377361180858,0.4222756146813577,0.4278611232197989,0.4926210293075944,0.4379233687912354,0.2923811608134754,0.2718797266040318,0.2986384007396587,0.2791317638103501
0.2132828245253311,0.3142956517023305,0.3326131370910734,0.4354873529283212,0.4577336552170442,0.501696414573899,0.4012631723409903,0.2118652136271945,0.2694510877172223,0.2934370959154215,0.2964325323954888
0.2169424584324221,0.2998735853462873,0.2980780716453251,0.4428098481580766,0.4043230071301754,0.5364861870109621,0.41144665398994,0.2364407021518085,0.3006682556386295,0.2591620084542723,0.2964867662988099
0.2202650521941136,0.2982837387817624,0.3101116348318463,0.4416252198880302,0.3696713630340421,0.5515188500757386,0.4473850525106548,0.2800132261335012,0.2527139582453005,0.2755523325287092,0.2656025757702203
0.2246835463145637,0.3103334607081616,0.3272365250166217,0.4418440808209319,0.3849214083096776,0.5297778023202758,0.3563091656126607,0.2980558794731107,0.1875221250587952,0.2331812366888716,0.2443773167411045
0.1780733277187993,0.3094789228315565,0.3229959888704047,0.3967708267084071,0.3163755904593515,0.5353743269745785,0.3926056716749644,0.3310478659610378,0.2515420537403388,0.2332618640041887,0.2536250164610324
0.1999729579913125,0.314936614052013,0.3180650789224125,0.4056111801395479,0.353084661119814,0.5398667164973066,0.4344215018991698,0.2994868812288708,0.2846218169380256,0.2362670083095392,0.1855569005755537
0.1992992722580942,0.3055156767318768,0.2988323454221269,0.427476722023237,0.3598433727292313,0.5423333528221306,0.4584543753560626,0.3017424855671377,0.2923145670952706,0.2415597433512521,0.2072159206533776
0.1984699589039346,0.3090238876707423,0.2903636457975045,0.4269358488914906,0.3436783524300019,0.5278268864994218,0.4017012194664041,0.326127846367951,0.331930222124296,0.2389099182809092,0.2159209698504385
0.2061780814644057,0.274107624495658,0.3649344503948252,0.4471052331755499,0.3459957775518885,0.5258894396722558,0.4281430420904497,0.38390165462504,0.3439380987964838,0.2792805532085687,0.209637796307891
0.1513960439735166,0.2417092376363621,0.3483128823294621,0.4468993954850113,0.319605422189181,0.4966909877005841,0.4076435250961437,0.3938482861569101,0.3467964851385789,0.2839129838781892,0.2399295584327487
0.1793935050813582,0.2272845438894978,0.3241330696135521,0.3997429166556931,0.2658553769686337,0.4848541334138315,0.4155416088079003,0.3682815942222729,0.3015358611111682,0.2885787406592802,0.2423578531066647
0.204550932735662,0.2487686459959898,0.3492218089919869,0.4050947954266646,0.3058421232404437,0.4654363695261224,0.4168216895576029,0.3528386667719258,0.3242559352095878,0.2962670878239133,0.2628265858408916
